skin_type,age_group,avg_sleep,avg_stress,avg_water,avg_uv,sunscreen_rate,concern_acne,concern_dry_skin,concern_wrinkles,concern_dark_spots,health_score
Oily,25-34,5.294295229854372,Medium,2355.4847033053666,High,28.79888263222254,0,0,0,0,88.2
Sensitive,25-34,7.378987653468172,Low,2047.2030034758513,Low,68.77909383427907,0,0,0,0,97.7
Combination,18-24,8.959420713592305,Medium,2830.3735090793484,Moderate,52.45529706727472,0,0,0,0,98.8
Dry,35-44,5.159626485557139,Low,2629.3092145312507,Moderate,60.010269084398104,0,1,1,0,77.6
Normal,25-34,9.068461592550385,Medium,2773.9280343960054,Moderate,33.933547688566605,0,0,0,0,97.1
Normal,45-54,6.807173448422305,Medium,2347.7502402236155,Moderate,100.0,0,1,1,0,82.3
Normal,18-24,5.537467922592229,Medium,2061.3979256255407,Moderate,59.95827470882409,0,0,0,0,91.2
Combination,35-44,8.136632170312275,Medium,1800.4175644926004,High,47.139816366213594,0,0,0,0,94.6
Dry,35-44,6.330318282617428,Low,1365.5380787670642,Moderate,68.27342287849535,0,1,0,0,86.2
Combination,35-44,6.877394985952758,High,2251.022807733172,High,100.0,1,0,0,0,85.3
Normal,45-54,6.3935826336818815,Medium,2292.678667397802,High,62.23781894412529,0,0,0,1,86.6
Sensitive,35-44,5.77489310220265,Medium,1825.109334046338,Low,100.0,0,0,1,0,87.2
Combination,45-54,8.085995548602856,Low,2306.840514058317,Moderate,31.306151602653177,0,0,1,0,87.9
Oily,25-34,6.070547895658719,Low,1833.9110842004281,Low,28.721270808492932,1,0,0,0,80.7
Normal,25-34,4.345022311731132,Medium,2433.7138456734806,Moderate,0.0,0,0,0,0,83.6
Normal,18-24,7.826590186323899,Medium,1558.9463534286406,Moderate,99.39409143067033,0,0,0,0,98.7
Oily,18-24,5.191626473464368,Low,1472.444232495649,High,7.453588407163636,1,0,0,0,76.1
Dry,18-24,5.270109740987111,Medium,1879.7106363906762,Low,54.355086887819965,0,1,0,0,81.7
Oily,18-24,8.788909307465975,Medium,2414.3926977511433,Moderate,93.44095745612779,1,0,0,1,84.8
Oily,25-34,4.705490151184682,Medium,1420.6072676704882,Low,74.27907829150107,1,1,0,0,71.7
Dry,18-24,3.5253327146087643,Medium,2524.843509504598,Extreme,59.40731661641422,0,0,0,0,88.0
Normal,18-24,7.934292227442244,High,1178.7059328073938,Moderate,82.07809059139198,1,0,0,0,83.4
Oily,45-54,6.544204855778305,Low,1876.6270622028546,High,43.29030577738392,0,0,1,1,78.2
Oily,18-24,6.673517318292825,Medium,1293.4619364486796,Moderate,62.942150312608675,1,0,0,0,82.2
Oily,35-44,6.5282494099747,Low,695.0503179083839,Moderate,57.18380075952093,0,0,1,0,84.2
Combination,18-24,7.34750490852809,Medium,2183.225902387627,Extreme,46.66885196811776,1,0,0,1,76.7
Normal,45-54,5.870921137145398,Medium,1911.0944456844427,Moderate,64.76470969065554,0,1,1,1,69.0
Dry,45-54,9.214172311848646,Low,1301.4505335847557,Moderate,89.3830121632852,0,1,1,0,86.0
Dry,35-44,4.785654279535903,Medium,1741.6930710076101,Moderate,99.16349289743955,0,0,1,0,85.0
Normal,35-44,7.667312375015685,High,2220.9126134646567,High,53.324628245752834,0,0,0,0,92.1
Dry,18-24,7.963181505814876,Low,1815.9251665054153,Low,22.78269129656838,0,1,0,0,85.8
Normal,55+,5.860522358749933,Medium,1900.6594422158007,Moderate,29.51050166063573,0,0,1,0,80.5
Normal,45-54,5.464398332083272,High,1800.771714838475,High,100.0,0,1,0,0,83.5
Sensitive,45-54,8.525761321255235,Medium,1708.8489342850203,Low,100.0,0,0,1,0,92.5
Sensitive,35-44,5.513708868974928,Medium,1702.3313626284612,Moderate,47.717975146049874,0,0,0,0,89.2
Combination,25-34,5.590004088874149,High,1687.6513168521321,Moderate,91.5252281458412,1,0,0,0,80.7
Oily,45-54,8.330963443689619,Low,1623.428561963463,Low,42.208520185445046,1,1,0,1,71.1
Normal,25-34,6.5521118503085365,Low,1491.3527011545987,Moderate,66.61513152144019,0,1,0,0,86.7
Dry,25-34,3.804284498556343,Medium,1810.1438411410854,High,32.189804998025316,1,0,0,0,74.4
Oily,18-24,9.620588716830271,Medium,1680.0360738359914,Moderate,100.0,0,0,0,0,100.0
Normal,45-54,6.204983861830051,Low,1464.1506847421533,Low,45.74647694828771,0,0,1,0,83.9
Oily,18-24,6.395864065140374,Medium,2383.0073276784765,Moderate,23.754751058626443,1,0,0,0,79.9
Normal,18-24,7.383676378489548,Medium,2616.317985958358,Extreme,38.586888285388405,0,0,0,0,93.9
Sensitive,25-34,7.437615195506109,High,1999.9486126983002,Low,100.0,0,0,0,0,95.9
Oily,35-44,9.941656436937201,Medium,2033.2364939654194,Low,66.51385999130594,0,0,1,0,92.6
Dry,35-44,4.509897775891456,High,1653.7180170652011,Extreme,34.29462899027756,0,0,1,0,74.8
Oily,18-24,8.238928313388918,High,2533.5156783954985,High,30.290483317829874,1,0,0,1,74.6
Dry,18-24,8.114514541075115,Medium,2869.09055753817,High,6.308013299277363,0,0,0,1,85.6
Dry,35-44,6.794252633688825,Medium,1918.1030854871692,Low,73.5033089557432,0,0,0,0,94.8
Normal,55+,8.180910542224334,Medium,1739.276735803739,Low,18.73642796870479,0,1,1,0,75.7
Sensitive,45-54,8.40141102645482,Low,2170.7376329774224,Low,100.0,0,1,0,0,95.1
Combination,25-34,4.427055822519494,Medium,2064.4655220191944,Moderate,69.7521391154594,1,0,0,0,80.0
Sensitive,45-54,9.624649758821246,Medium,1749.9222622713553,Moderate,72.4995247458826,0,0,1,0,92.0
Combination,25-34,4.161856620292787,Medium,2235.5979165161752,Low,80.90302993201081,1,0,0,1,73.9
Dry,25-34,4.79702557814184,Medium,2469.078803694949,Low,73.13973492559201,1,0,0,0,81.8
Sensitive,25-34,6.1073184895638555,Medium,1607.0907993376102,High,68.92276307649904,0,0,0,0,92.3
Normal,25-34,9.387410769780585,Medium,3271.0169898578024,High,30.796270892695496,0,0,0,0,98.4
Normal,35-44,6.53761505536992,Medium,1233.528921451086,Moderate,70.33835007908515,0,0,0,0,92.6
Normal,25-34,6.452099164923784,Low,1574.1546368295494,Low,60.19245454136384,1,0,0,0,84.1
Oily,25-34,8.648117905856845,Medium,2116.9840151511817,High,62.286373249022475,0,0,0,0,97.8
Oily,25-34,6.049522786151791,High,3123.4365591882743,Moderate,51.97581027895666,1,0,0,0,80.5
Oily,18-24,5.232344930603986,High,1718.7046541596876,Moderate,58.178854623720895,1,0,0,1,69.7
Combination,25-34,5.874147747142528,Low,1467.1268437022065,Extreme,57.553745385089755,0,0,0,0,92.4
Oily,18-24,9.056187750708666,Medium,2274.620739214373,Low,84.05227911019489,0,0,0,0,100.0
Oily,18-24,7.106297495582704,High,1875.7027961409644,Moderate,18.14749241554733,1,0,0,0,76.8
Dry,35-44,9.89598738858439,Low,2332.627847477216,High,34.960288244000054,0,1,0,1,85.0
Normal,35-44,8.106902389393232,Low,1964.60972504979,Low,61.87825000625907,0,0,0,0,98.3
Combination,35-44,6.032786595409775,Low,1571.416728935022,Moderate,41.000291077567105,1,0,0,1,74.3
Normal,25-34,6.576614456697618,Medium,3174.437985207115,Extreme,55.27181659943752,1,0,0,0,85.0
Sensitive,45-54,5.72017282278718,Medium,522.8047004596403,Low,47.17112868555466,0,1,1,1,64.2
Combination,45-54,5.997350454026845,Low,2910.119375174886,Moderate,36.11549408643398,0,0,1,1,78.4
Normal,45-54,10.0,Medium,2466.6309521169637,High,100.0,0,0,0,0,100.0
Normal,35-44,8.527936765050717,Low,1627.2053542363926,Moderate,54.2666845517012,0,0,1,0,89.7
Combination,25-34,7.7916469835100095,Medium,2936.2100524168827,Moderate,20.718958400196147,0,0,0,0,93.5
Combination,55+,6.065229527037904,Medium,1314.2904003778697,Low,47.1294319304982,0,0,0,0,89.5
Combination,25-34,8.854376099421618,Medium,2504.0554810037625,Low,75.91052410148387,0,0,0,0,100.0
Combination,18-24,8.649123402689405,Low,958.677443476445,High,80.13826255146287,0,0,0,0,99.2
Normal,25-34,9.322431934036656,Medium,1427.0609035148123,High,13.47320978055928,0,0,0,0,92.8
Oily,18-24,9.749671222597673,Medium,1425.8190871760614,Moderate,30.82391767446465,0,0,0,0,95.4
Normal,55+,4.7813660678537175,Medium,1624.6716697856004,Moderate,55.567670861309544,0,0,1,0,80.4
Combination,25-34,4.835240766095139,Medium,2005.790557689329,Moderate,49.15064527780478,1,0,0,1,71.6
Dry,25-34,4.994318276804545,Medium,1587.0118179459212,Moderate,9.999844056310742,0,1,0,0,76.2
Oily,35-44,5.584089035001345,Low,981.7945241511056,Moderate,24.050249926302016,0,0,1,0,79.5
Normal,25-34,6.9851785463905856,Low,2231.7253843503395,Low,23.30991948978074,0,0,0,0,92.8
Oily,18-24,6.149794821856274,Low,2024.4754614637395,High,5.727806344148476,1,0,1,0,70.9
Oily,35-44,10.0,Medium,2204.46367044909,Moderate,48.538222140476044,0,0,0,0,99.3
Combination,35-44,9.857019823122457,Medium,2085.9589546329885,High,89.86241756122283,0,0,0,0,100.0
Dry,25-34,6.49030760888144,Medium,2477.117640992583,Moderate,33.35391913864034,1,1,0,0,73.3
Combination,35-44,9.932989324224685,Medium,1962.2588234194484,High,87.05639026049442,0,0,0,0,100.0
Oily,18-24,9.232201940860303,High,2506.2603174051546,High,50.74241460186785,1,0,0,0,85.6
Normal,18-24,6.323940161234112,Medium,1612.1516759493861,Moderate,45.41544732887765,1,0,0,0,80.4
Combination,18-24,3.9861769839616574,Medium,1640.6648103305736,Moderate,8.3565115658592,0,0,0,0,82.1
Combination,25-34,6.173047422558906,High,2688.0196976990965,Moderate,79.24542543917593,1,0,0,0,82.6
Dry,45-54,6.03306680338229,Low,2677.8343291136443,Moderate,62.91068402061232,0,1,1,0,79.7
Combination,45-54,7.309758437718745,Medium,2286.8710713904165,Moderate,20.002683358125346,1,0,1,1,66.2
Oily,25-34,6.633842430312123,Low,1555.4460435700962,Moderate,59.546365770702884,0,0,0,0,94.3
Dry,25-34,6.594526488348843,High,1515.1837823521219,Moderate,35.304115280370866,1,1,0,0,68.7
Oily,35-44,7.785527112068747,Medium,2664.0319811806353,Moderate,61.53303832663637,1,0,1,0,79.1
Normal,18-24,5.181217079374482,Low,2636.3324637890796,Low,56.00335384174242,0,0,0,0,93.2
Normal,18-24,7.617040416354562,Medium,1968.2103211649376,Extreme,80.39339210105116,0,0,0,0,97.2
Normal,55+,6.340575770474491,Low,3170.9424634849265,Moderate,21.81803338120776,0,0,0,0,93.2
Dry,35-44,7.29997329979553,High,2229.4500359730696,Moderate,74.297053751373,0,1,1,0,77.5
Oily,55+,8.436114767848284,Medium,1446.40031298444,Low,83.20743602787711,1,1,1,0,72.1
Dry,25-34,4.663400340168455,Medium,1862.1844501660541,Moderate,100.0,0,1,0,0,85.1
Sensitive,35-44,6.578059520995646,Medium,2002.7352890026868,Low,100.0,0,0,1,0,89.2
Oily,18-24,6.822198648956704,High,2043.1993183745567,Moderate,59.035161529298406,1,0,0,0,80.6
Oily,25-34,5.728596542644039,High,2625.001608925854,Low,56.875545469930024,1,0,0,0,79.4
Combination,25-34,7.849744244199435,Medium,1521.8555436678205,Moderate,88.80254173774472,0,0,0,0,97.6
Oily,25-34,5.419417461799293,High,1334.2438504438915,Moderate,42.83907518936677,1,0,0,0,74.8
Normal,18-24,6.166899400836492,Low,2301.1618415025478,Moderate,69.89756365378256,0,0,0,0,95.9
Oily,25-34,5.435121300571903,High,1746.507745537073,Low,100.0,1,0,0,0,81.4
Normal,18-24,8.638083117158203,Medium,3211.7530617334123,Low,47.26563815856753,0,0,0,0,98.4
Sensitive,35-44,6.261333831381675,High,2471.610190737816,Low,24.65119457566403,0,0,0,0,86.9
Combination,25-34,7.190068086325335,Medium,1737.30177382988,Moderate,28.47966535487526,1,0,0,0,80.7
Dry,18-24,9.963557651845111,Low,2606.426869392103,Low,57.336135231078146,0,1,0,0,94.9
Combination,18-24,6.887772369474122,Medium,2365.205397541503,Low,29.07623904957808,0,0,0,0,91.4
Combination,18-24,8.668091020049737,Low,2316.848573731639,Moderate,41.319650580507286,1,0,0,0,88.1
Normal,35-44,9.507031126139692,Medium,1938.8780342057537,High,52.62385386523822,0,0,0,0,98.2
Combination,18-24,8.540787340060621,Medium,2210.225425819233,Moderate,64.02373258133674,0,0,0,0,97.9
Dry,35-44,6.9747980260333895,Low,948.5210497036678,Extreme,36.35085373710493,0,1,1,0,75.5
Combination,18-24,7.963161638497921,High,2658.5447021110253,Moderate,35.405882616170835,1,0,0,0,81.8
Combination,18-24,5.068932110296982,High,500.0,Moderate,85.17617974252235,1,0,0,1,69.7
Oily,45-54,5.829935262775072,High,1778.9384529870424,Moderate,47.9509477198148,0,0,0,0,87.0
Normal,35-44,6.092987227552122,Medium,1202.1447234029831,Moderate,78.14463823285872,0,1,1,0,76.4
Oily,18-24,10.0,Medium,1749.5744293842383,Moderate,50.34845251363789,1,0,0,0,88.5
Oily,45-54,5.7811232286170995,Medium,1962.9413637939474,Extreme,59.4220562737884,0,1,1,1,68.4
Combination,25-34,5.258784873107255,Low,1401.6032330418943,Moderate,68.45353916092532,0,0,0,0,92.2
Combination,45-54,5.434118529626525,High,612.7613786803797,Moderate,13.43844337603948,1,1,0,1,55.4
Normal,35-44,7.839717642896141,High,2103.532862070529,High,71.08361019711214,0,0,0,0,94.0
Dry,35-44,7.2139320890033245,Medium,3043.2198910139477,High,73.81905840227068,0,1,0,0,89.9
Oily,55+,8.630138465539847,High,1824.3599165749965,Moderate,71.21109008877423,0,1,1,0,79.0
Oily,18-24,8.006889499116031,Medium,2479.6654781129,Low,40.61323152227433,1,0,0,0,85.0
Normal,35-44,4.929415229913899,Medium,2752.192418778443,Extreme,60.0131407708931,0,0,0,0,91.4
Oily,25-34,5.289083344984444,High,1049.981037727101,Moderate,0.0,0,0,0,0,79.7
Sensitive,18-24,9.047993122413732,Medium,1771.3624242608396,Moderate,48.25396757591328,0,0,0,0,96.5
Oily,18-24,6.695052633134792,Medium,1361.8071941555993,Extreme,54.389632511975826,1,0,0,0,81.6
Dry,18-24,8.781387727027019,Medium,1596.861481010918,High,86.76653683635362,0,1,0,0,91.4
Combination,35-44,6.775478578127024,Medium,2851.0058505733145,Moderate,100.0,0,0,0,0,99.3
Oily,25-34,5.048515357567218,Medium,2111.839743212096,Moderate,41.43880252751258,0,0,0,0,88.5
Sensitive,25-34,6.045108833499941,Medium,2394.411800522587,High,86.85078982158191,0,0,0,0,95.6
Sensitive,18-24,5.547925306675456,Medium,1978.0504470181072,Moderate,61.319832546579555,1,0,0,0,81.2
Oily,25-34,5.651670856396365,Medium,1394.7236771322282,Low,9.60103477833465,1,0,0,0,75.1
Oily,45-54,7.301388559847869,Medium,2339.0578486093527,Extreme,75.12638199432305,1,1,1,0,70.8
Oily,25-34,7.26740763555353,High,2626.2876857214105,Moderate,95.78213115918618,1,0,0,1,79.4
Oily,35-44,4.614713015118553,Low,2158.6871080843284,High,50.464074494823066,1,0,0,1,73.6
Normal,35-44,6.973947988736353,Low,2244.5621808799674,High,37.31857741145802,0,0,1,0,86.2
Dry,35-44,6.120076396660371,Low,1382.5993068166079,High,61.68422129044658,0,1,0,0,85.2
Dry,25-34,5.5273777865617815,High,2353.431816574613,Extreme,46.9302109172265,0,1,1,0,71.5
Normal,45-54,7.199026928699615,Medium,2673.006911463174,Moderate,100.0,0,0,1,0,91.7
Oily,25-34,5.674322190966182,High,2202.292737135727,High,75.14655301789678,1,0,0,0,80.3
Sensitive,45-54,9.073206992270011,Medium,1101.6083770615537,High,78.23475244210555,0,1,1,1,75.2
Oily,18-24,8.78209281437659,Medium,2817.8147503876407,Extreme,0.0,1,0,0,0,83.2
Normal,25-34,8.27274244091306,Medium,1527.5880531781181,High,46.417537737266976,0,0,1,0,86.2
Oily,18-24,6.257634706764547,Low,2193.8934134449555,High,96.30566574284927,1,0,0,0,88.5
Sensitive,35-44,5.556251747621016,Medium,2476.4881342804592,Low,77.00118776029404,0,0,1,0,85.8
Oily,25-34,6.623044894082173,Medium,2539.809161025497,Low,70.54623650582212,1,0,0,0,85.4
Dry,18-24,6.7744774505706,Low,1099.9715941100771,Low,59.79898324898296,0,1,0,0,85.7
Combination,18-24,6.086765256364953,Medium,2058.608628036469,Low,37.8334485189026,1,0,0,1,73.1
Oily,45-54,5.236398329999558,Low,2025.5108054413045,Low,100.0,0,0,0,1,89.5
Combination,45-54,6.937723046097893,Low,2719.5140938632558,Low,64.72264798931619,0,1,1,0,81.8
Oily,25-34,5.89389582462129,Medium,2229.3617712053147,Extreme,32.32824303873316,1,0,0,1,72.5
Dry,35-44,8.03252055555703,Medium,2724.05883052248,Low,60.53812610723813,0,1,0,0,89.6
Dry,25-34,7.497659077282219,Low,2269.9587999425767,Moderate,85.68866664979427,0,0,0,0,100.0
Dry,25-34,8.151199708134076,Medium,1962.9168977193913,High,13.01370941039552,0,0,0,1,84.5
Normal,45-54,5.111056672179943,Low,2096.9297107690795,Low,66.75665641621215,0,0,0,1,86.1
Combination,18-24,7.601587461540449,Medium,2761.7984585512313,Moderate,51.84086904131967,0,0,0,0,95.9
Oily,25-34,5.4088014406494915,Medium,1351.5340822493754,Low,11.497281920639004,1,0,0,0,74.7
Normal,25-34,4.669378683783373,High,2452.977255060266,Low,69.16919477388146,0,0,0,0,88.2
Normal,25-34,5.857096644576935,High,1686.1920043896066,Extreme,56.41129287937988,1,0,0,0,77.7
Dry,25-34,8.103057470201927,Low,1578.7604578756484,High,71.96320108450763,0,1,0,0,90.6
Dry,25-34,5.941522469644274,Low,2511.7131833080866,High,78.45195600308679,0,1,0,0,88.8
Normal,18-24,9.348181989938668,Low,1558.456372494503,High,48.61099898093391,0,0,1,0,90.7
Dry,25-34,7.3233177732805,High,2188.5373584626623,Low,36.109906954358884,1,0,0,1,72.6
Oily,18-24,6.408864281529135,Medium,1755.5292889201176,High,14.386763843879137,1,0,0,1,70.8
Dry,18-24,8.740072643359612,Low,821.5316520517633,High,33.89153841782755,0,1,1,1,71.5
Normal,18-24,7.668095158171429,Low,2238.8579900521745,Extreme,50.27369688156202,0,0,0,0,96.8
Dry,35-44,5.601160917329942,Medium,2063.1606364783947,Low,35.910579595459424,0,0,0,0,88.9
Oily,25-34,9.288203953370772,Low,1044.959742792591,Moderate,64.58629829753541,1,0,0,0,89.1
Sensitive,35-44,7.389218234629714,High,1650.705229230569,Low,52.41435442501904,0,0,1,0,82.3
Normal,35-44,7.028194287978238,Medium,1096.5039416438476,Low,15.929516556473644,0,0,0,0,87.8
Oily,35-44,5.716700995141576,Medium,2365.8449436482065,Moderate,45.55161668234577,0,0,0,0,90.7
Normal,25-34,8.269307401411607,Medium,2693.9966013550484,Low,54.605700389202354,0,0,0,0,97.4
Sensitive,25-34,7.2759131410419595,Low,2424.745302523093,Moderate,33.51386907239301,0,0,0,0,94.8
Combination,25-34,7.443857270442861,Medium,2494.565078400046,Moderate,27.793446404736162,1,0,0,0,82.7
Oily,35-44,6.238702984711347,Medium,1741.084797166593,Low,44.24568081714375,0,0,1,0,82.4
Dry,25-34,7.7511508578651025,Medium,2273.464005555187,Low,37.52804626517252,0,1,0,0,85.8
Combination,45-54,8.367720390356203,Medium,1995.4656849289197,Extreme,67.44705531804321,1,0,1,0,79.5
Dry,45-54,5.996832641828316,High,2092.65725804441,High,75.94747202523625,0,1,1,0,74.8
Dry,18-24,4.874514790478513,Low,2478.7157302272612,Moderate,38.139223639770805,0,0,0,0,90.5
Oily,18-24,7.872059589008386,Medium,2587.743710323618,High,24.02653920091302,0,0,0,0,93.3
Normal,35-44,4.63997957559139,Medium,1805.121805180742,Low,63.41839278893043,0,0,1,0,81.2
Combination,25-34,6.728023666756669,Medium,1296.1775943224757,Low,62.943114988693914,1,1,0,0,74.3
Sensitive,18-24,6.329132342819039,Low,1906.297732653572,Low,100.0,0,0,0,0,98.5
Dry,45-54,8.827997816183382,Medium,1890.363357343058,Moderate,88.65428101864616,0,1,1,1,77.3
Oily,18-24,6.410734163849189,Low,2142.2989400070783,Moderate,18.52880529124683,1,0,0,0,81.0
Oily,45-54,8.660909458005706,Low,2416.4979592320615,Low,56.47520474346554,1,0,1,0,81.8
Combination,35-44,6.228685833455461,Medium,1042.7090172579715,Low,71.40404156163804,1,0,0,1,74.7
Combination,35-44,8.499986507589416,Medium,1664.543224404262,High,38.74518938498018,1,0,1,1,69.2
Combination,18-24,10.0,High,1518.0559053412799,Moderate,41.23240211877538,1,0,0,0,84.2
Combination,18-24,5.397929292450639,Medium,2625.4468943458955,Extreme,66.84898157930591,0,0,0,0,92.7
Dry,25-34,6.938053582596362,Medium,1895.8145533238062,Low,56.249285064835625,1,0,0,0,83.3
Normal,18-24,10.0,Medium,1743.558215219106,Moderate,50.04321057121338,0,0,0,0,98.5
Normal,25-34,6.599883240354383,Medium,2269.1508462232887,High,33.66126960879039,0,0,1,1,76.1
Combination,25-34,6.592682405344473,Low,1703.4968245419886,High,13.859916934728936,0,0,0,0,90.0
Dry,18-24,8.18274842102653,Low,1992.4026116015755,Moderate,42.18912313811076,0,1,0,0,88.6
Normal,18-24,7.061621296142131,Low,2907.035600056013,Low,47.719333109772734,0,0,0,0,96.7
Normal,35-44,4.439161008144171,Medium,2893.145161943322,Low,23.28931012452894,0,0,0,0,87.0
Dry,18-24,8.698431062258408,High,1796.3078384685905,Moderate,51.199272778463886,0,0,0,0,93.1
Normal,18-24,3.995577379202211,High,1908.8190989202112,Moderate,59.80110354067602,1,0,0,0,74.8
Normal,35-44,6.374812523292487,High,1690.4857496345974,Moderate,42.70020617622535,0,0,0,0,87.4
Dry,55+,8.811138623734973,High,1037.067362479915,Low,60.08612168618904,1,1,1,0,66.7
Dry,25-34,5.9651863570358215,Medium,2518.094672548359,Moderate,56.89264726617672,0,0,0,0,92.7
Dry,18-24,5.959455261303393,Low,3210.671058335882,Moderate,42.38670628039312,0,1,0,0,86.6
Oily,25-34,7.81889585774984,Medium,1778.2752811746136,High,39.60072790945059,1,0,0,1,76.2
Combination,45-54,5.72332781974842,High,1591.603136355364,High,51.6950908799148,0,0,1,0,78.8
Oily,35-44,5.166661420612069,Medium,1863.5766018299967,Moderate,38.59499349459827,0,0,0,0,87.9
Oily,35-44,7.4117709812399255,Medium,2042.5230239142927,Moderate,68.61607507895904,0,0,0,0,95.8
Combination,25-34,6.225615052381114,Low,1432.2349448965597,Low,28.868199831347425,1,0,0,1,73.2
Dry,25-34,4.634490328716737,Medium,1770.7607695079344,Moderate,30.47297864731493,1,0,0,0,75.9
Combination,18-24,7.955428809992305,Medium,2507.448626969009,Low,62.431638188527856,1,0,0,0,87.2
Dry,35-44,7.696731408365851,Medium,2063.6903172336356,High,53.94822801006851,0,0,0,0,94.9
Dry,35-44,6.460367475091552,High,2635.19301406449,Moderate,61.542419699963986,0,1,0,0,83.3
Normal,55+,6.56300199081258,Low,2182.3839264307508,Moderate,7.209628521415048,0,1,0,0,82.2
Oily,25-34,7.205589113013735,High,1455.5413656135406,Moderate,36.91741277009021,1,1,0,0,70.0
Oily,18-24,8.7855421296281,Low,1711.9930116401204,Low,92.01925327917095,1,0,0,0,92.2
Oily,25-34,6.075810184836013,High,2124.2060317772407,Moderate,5.479794496327109,1,0,0,1,66.9
Sensitive,35-44,7.982032739512217,Medium,1438.705362019446,Extreme,100.0,0,0,0,0,98.8
Oily,35-44,7.847800325626899,Medium,1373.8401335446965,Moderate,66.53034446958563,1,0,0,1,78.1
Combination,18-24,8.318960939063464,Low,1403.8997233171372,Moderate,36.67532416859047,0,0,0,0,95.1
Dry,25-34,6.558963798115198,Medium,2257.902193906908,Moderate,44.88947657758663,0,1,0,0,84.1
Combination,25-34,5.131511728900463,High,1816.879992288731,Moderate,80.762836281853,1,0,0,1,72.0
Dry,25-34,5.806251270200046,Low,2591.2208155464737,Moderate,0.0,0,1,0,0,80.8
Dry,45-54,7.514280198672472,Low,1551.7898085266816,Low,95.38572070593594,0,1,1,1,76.7
Oily,25-34,9.227696567572389,Medium,771.2998660230758,Moderate,56.64109949500068,1,0,0,0,85.7
Normal,35-44,6.273970565205582,Low,1934.6474405983924,High,85.30607624787675,0,0,0,0,96.9
Combination,25-34,7.707181165291098,Low,2823.7775151969104,Extreme,6.291929183174815,0,0,0,1,86.7
Oily,35-44,6.50791532398486,Medium,2017.284708474303,Low,54.31334788298997,1,0,1,0,74.5
Normal,25-34,6.665703133829203,Low,1313.9533784335654,Low,0.0,0,0,0,0,88.0
Dry,45-54,9.273095123895388,Medium,1187.861701896627,High,89.93958075928481,0,1,1,0,83.9
Normal,25-34,7.64643887213065,High,2598.9509569617453,Moderate,25.432280356424755,0,0,0,0,90.0
Sensitive,25-34,4.638051090888565,Medium,1596.2816142790443,Extreme,40.064894168380434,0,0,0,1,79.5
Sensitive,18-24,6.141287464282613,Low,2770.8976638282647,Moderate,16.639264141710733,0,0,0,0,91.5
Sensitive,25-34,8.384332016662038,Medium,2327.046724425642,Moderate,76.10923615129266,0,0,0,0,99.0
Oily,25-34,6.712817063942743,Medium,1615.2156427976574,Moderate,51.7972606458902,1,0,0,0,81.8
Normal,25-34,4.776739820576205,Medium,2583.5684221558204,Low,31.303242771078438,0,0,0,0,87.9
Sensitive,55+,5.771571332539419,Medium,1538.0514233683655,Moderate,71.57758082682071,0,0,1,1,76.8
Oily,18-24,8.055240284066757,High,1276.331443777501,Low,30.50169366933829,1,0,0,0,78.7
Sensitive,35-44,8.491615421826445,Medium,1566.6273033277773,Moderate,31.017797489315846,0,0,0,0,93.2
Sensitive,55+,7.026782952223262,Low,2384.3683257951097,High,55.90504972205589,0,0,1,0,88.4
Combination,18-24,10.0,Medium,2568.9834945006683,Moderate,91.11796029159947,0,0,0,0,100.0
Oily,35-44,8.236228545183458,Medium,1801.9863685660441,Low,84.29165911261279,0,0,0,0,98.5
Oily,25-34,6.134778395550649,High,1065.844344430427,Extreme,61.3842862115435,1,1,0,1,62.5
Combination,18-24,5.776440927850984,High,1221.616769435972,Low,56.10061724028908,0,0,0,0,86.6
Oily,25-34,5.037673543041437,Medium,1466.1772140703183,Moderate,40.91672772786679,1,0,0,0,77.1
Normal,45-54,7.503131980720554,Medium,1353.001560374938,High,78.39941796002462,0,1,0,1,80.6
Dry,18-24,6.2668344326298895,Medium,2132.715188032283,Low,64.1330947253971,0,1,0,0,85.2
Sensitive,25-34,9.010615630975137,Medium,2969.057922362226,High,62.92216034831006,0,0,0,0,100.0
Dry,25-34,8.69946770437679,Low,2397.8882870127936,Moderate,54.97701112441898,0,0,0,0,99.7
Dry,45-54,7.949599821245841,Medium,1435.8845775046302,Moderate,19.853489078611574,0,1,1,0,74.8
Normal,18-24,5.231505740564657,Medium,1652.8121171667224,High,37.992568817447356,1,0,0,1,70.6
Dry,35-44,5.991671691171392,Medium,1750.3546603505965,Moderate,30.172335438293388,0,1,0,0,80.5
Sensitive,35-44,8.883516288611652,Medium,2194.607083496543,Moderate,44.695522703404265,0,0,1,0,88.6
Normal,35-44,6.1554007003073465,Medium,2785.627367926005,Moderate,71.75683617169905,0,0,1,0,87.1
Dry,45-54,8.683212600879287,Medium,1766.299810274573,Low,28.38476628526835,0,1,0,0,85.7
Combination,45-54,7.7119058845521415,Medium,2769.3886455340944,Moderate,79.2022262567541,0,0,1,0,90.9
Combination,18-24,7.077576827219781,Medium,3051.955479211114,Low,75.80001122041921,0,0,0,0,97.8
Dry,25-34,5.445750780596838,Medium,1825.0465668556371,Low,48.45739155334381,0,0,0,0,89.4
Combination,25-34,6.358634234712873,Low,1812.177689469346,Low,34.86209659828749,1,0,0,0,81.8
Oily,25-34,6.784471932312347,Low,1819.6903163044417,Low,75.77557847447804,1,0,0,0,86.8
Oily,25-34,8.048808347451683,Low,2031.2449928439432,Low,63.809232129340046,0,0,0,0,98.5
Combination,25-34,5.171396599049368,Low,1820.910451609087,Low,79.87949079777052,0,0,0,0,94.0
Combination,25-34,6.105774736210828,Medium,2442.088730694653,Moderate,22.962277170122704,0,0,0,0,89.4
Combination,55+,7.067234697898427,Medium,1225.584359803609,Low,43.49128456463962,0,1,1,0,74.9
Sensitive,18-24,7.994017536529247,Low,1732.688952351944,Moderate,59.53587785782621,0,0,0,0,97.4
Dry,45-54,5.637303493715835,High,2164.5873365361176,Moderate,65.23561650225514,0,1,1,0,73.1
Dry,25-34,4.525145310669178,Medium,2435.042253580256,High,65.62216923853552,1,1,0,0,72.5
Combination,35-44,8.010947727565075,Medium,3097.6425318403703,Moderate,63.44578325229491,0,0,1,0,90.6
Dry,45-54,4.723076327579945,Low,1355.4873861845294,Extreme,93.38506710263927,0,1,0,0,85.5
Combination,25-34,8.427469572143252,Low,1673.9787929063718,Moderate,40.63137214261877,1,0,0,0,86.3
Combination,25-34,6.266110853775638,Medium,866.7967133863315,Low,23.77474165183778,1,0,0,0,76.6
Combination,25-34,4.178703376588331,High,1445.065496323568,Moderate,33.35828720124787,0,0,0,0,81.6
Oily,25-34,5.779369670894758,Low,1115.5373515329788,Moderate,30.248070390517334,1,0,0,1,71.8
Oily,45-54,7.568685449603856,Medium,1739.3513024678357,Moderate,48.60187381062316,0,0,1,0,85.5
Normal,45-54,6.200948368667533,High,1885.8172036791843,Moderate,53.27026776394412,0,0,0,0,88.5
Dry,18-24,7.030044623236521,Medium,2234.7271199187808,Moderate,44.33058455433643,0,0,0,0,93.0
Normal,18-24,8.11011754855793,Medium,1850.7002348400392,Low,55.79818742860487,0,0,0,0,95.5
Oily,25-34,6.19671449691857,Medium,2234.968540206077,Extreme,38.47261413138382,1,0,0,1,73.7
Dry,18-24,5.5944134853008,High,2057.0370835469716,Moderate,76.22002529768848,0,0,0,0,89.9
Oily,35-44,6.551524003942238,Medium,1483.3383971249082,Moderate,11.545122298785309,0,0,0,0,87.2
Dry,18-24,9.12226020468889,High,1156.863147079561,Extreme,0.0,0,1,1,0,71.6
Normal,25-34,9.027596517999775,Medium,2291.8409999480327,High,75.03273178079067,1,0,0,0,90.1
Normal,18-24,3.9701107390865875,High,2823.2514925072537,Moderate,73.06831441122534,0,0,0,0,87.9
Combination,25-34,8.136541863787215,High,3267.692505841008,High,80.97558876093873,1,0,0,0,87.9
Oily,35-44,7.375221574053034,Medium,2467.7273506173105,Moderate,75.918174522992,0,0,0,0,97.3
Normal,25-34,7.8859740186802245,Medium,2728.7576059720313,Moderate,50.06320729590516,0,0,0,0,96.2
Dry,55+,6.174267609598556,Medium,2230.7298520194677,High,43.53928469772459,0,1,1,1,68.2
Combination,45-54,4.347604735747771,Medium,2151.0046927951057,Low,19.946624921858017,0,1,0,0,77.0
Oily,25-34,7.376733182971193,High,2055.500511895764,Moderate,53.691765242098725,1,0,0,0,81.2
Dry,18-24,5.588534108075924,Low,1947.095177989568,Moderate,14.080015440048264,0,1,0,0,80.5
Normal,45-54,4.917561352772721,Medium,2303.5382777145674,High,100.0,0,0,1,1,79.4
Normal,45-54,5.0223979262898,Medium,1739.7014593176382,Low,34.198786918847624,0,0,0,0,86.9
Dry,45-54,7.901370673623002,Medium,1926.278774206404,Moderate,58.1141730651165,0,1,0,0,87.5
Dry,18-24,7.209178699043796,Medium,1411.0168585178058,Moderate,87.66027197875081,0,1,0,0,88.0
Dry,55+,8.17369903281201,Low,2237.4633345324546,Low,40.84928968942177,0,1,1,1,73.9
Combination,25-34,7.503612881744548,Medium,1520.4512294267493,Extreme,41.017976777823684,0,0,0,0,92.1
Sensitive,35-44,6.368599653124351,High,2016.8724952401064,Low,10.330396760903866,0,0,1,0,76.8
Dry,45-54,6.894289639183817,High,2250.24554682119,Moderate,27.255529647569354,0,0,0,0,88.0
Oily,18-24,6.23284370682619,Low,2292.9457156849066,Low,64.03842426220298,0,0,0,0,95.5
Combination,45-54,6.684508340701764,Medium,2385.7542689077172,Moderate,100.0,0,0,0,1,91.1
Oily,25-34,5.049117893028401,High,1893.354237425972,High,27.721219892507566,1,0,1,1,58.7
Oily,55+,7.585726440811502,Medium,2243.031889694844,High,54.91849707952015,0,1,1,0,79.1
Normal,25-34,8.112681123472635,Medium,1756.6873684438979,Moderate,100.0,0,0,0,0,99.7
Normal,55+,5.775080455268521,Low,1014.5631434948884,Moderate,64.17004356458688,0,0,1,0,84.0
Sensitive,18-24,8.921904468102014,Medium,2265.15463687078,Moderate,89.40187014823229,0,0,0,0,100.0
Combination,35-44,7.170282244716913,Medium,2149.244053432071,Moderate,40.84814380785743,0,0,0,0,92.7
Dry,25-34,6.8616184646087195,Medium,2506.661751449568,High,88.80933417958907,1,1,0,1,72.6
Oily,25-34,3.9508557205887227,Medium,1987.3556435641995,High,32.692230530443936,0,0,0,1,78.1
Normal,18-24,4.289106535651399,Medium,1198.4183171412942,Low,28.29987524992091,0,0,0,0,83.8
Normal,35-44,7.216174544169523,High,1954.1846078178887,Low,96.9844602485724,0,0,1,0,87.0
Oily,18-24,8.184598186948012,Medium,2443.290282369864,High,34.0765408621062,1,0,0,1,77.7
Dry,25-34,5.492929334532572,Medium,2238.017404398214,Moderate,49.90812651461875,0,1,0,0,82.5
Combination,25-34,9.005140850874634,High,1926.627713552582,Moderate,90.65463472451806,0,0,0,0,97.9
Dry,55+,8.102403961381473,High,1168.2203860434086,Moderate,27.146976224803694,0,1,1,0,72.3
Oily,18-24,5.637488122438022,High,1486.9915225480386,Moderate,44.07978584687894,1,1,0,1,60.7
Sensitive,18-24,7.0462730005802605,Medium,2238.619430925684,Moderate,49.74472363423862,1,0,0,0,83.5
Combination,18-24,10.0,Medium,1167.4214239628604,Moderate,41.78178460147883,0,0,0,0,96.5
Dry,25-34,4.636153995800441,Medium,1840.8775426215823,Moderate,50.98104872559334,0,1,0,0,80.1
Dry,18-24,7.792404908372658,Low,2019.211089488211,Low,83.50244540611396,0,1,0,0,92.0
Oily,25-34,6.015883170914987,Medium,2574.968577920031,High,91.0572733312932,1,0,0,0,86.3
Oily,45-54,8.060344436377768,Medium,2307.2452755652707,High,63.89599374198857,1,0,0,1,80.1
Oily,35-44,8.900910469477573,Low,2481.405616411982,Moderate,41.83543289773317,1,0,0,1,81.9
Combination,25-34,5.920644366932949,High,2150.926662016305,Moderate,66.9509399060579,0,0,0,0,89.8
Normal,18-24,8.678368407560761,Medium,1577.2945088942538,Low,50.13162996843734,0,0,0,0,95.5
Normal,35-44,10.0,Medium,1693.1697660457266,Low,60.94744222618218,0,0,0,0,99.5
Normal,18-24,7.099412106016352,Medium,1533.6701803793605,Low,24.204420899785227,0,0,0,0,89.7
Normal,35-44,8.177333031241279,Low,2295.3904209631028,Low,19.572864134297056,0,0,0,0,94.9
Combination,25-34,5.614338844695087,High,1653.0388905387213,High,49.5270005756434,1,0,0,1,69.5
Combination,25-34,6.528888963546819,Medium,1802.9998434857584,Extreme,23.263531089939683,1,0,0,1,72.0
Oily,25-34,6.2349873609376365,Medium,2011.2456190934242,Low,36.7433158789622,1,0,0,0,80.2
Normal,45-54,8.195403888487894,Medium,2820.65622329064,Low,97.06657712734525,0,0,0,1,94.7
Oily,18-24,8.807013903635388,Medium,2328.5669539716155,High,48.24607603178853,1,0,0,1,80.1
Oily,25-34,6.335517726323811,Medium,1613.5732876994455,Moderate,77.67731122681596,0,0,0,0,93.7
Normal,18-24,9.300434268599385,Low,2075.9238286164464,Moderate,57.40357481870942,1,0,0,1,83.5
Oily,35-44,9.295071162342444,Low,2825.655880247919,Extreme,74.59591463836558,0,0,0,0,100.0
Oily,45-54,8.27028061476985,Medium,2307.5896642144708,Moderate,46.24907839501634,0,1,1,1,72.8
Dry,25-34,5.725960202417408,Medium,1200.8738202504699,Moderate,78.82278665469056,1,0,0,0,81.7
Dry,25-34,5.582256774890146,Medium,1542.3802856811178,Moderate,57.770706631588105,0,0,0,0,90.0
Normal,45-54,5.781427967964942,Low,1504.03224874844,Low,53.38995350198236,0,0,1,0,83.9
Oily,25-34,7.923749105357242,Low,2720.364912679984,Moderate,57.75749824004664,1,0,0,0,89.1
Dry,25-34,4.682347688765954,Medium,2628.140617931828,Low,32.11893780615427,1,1,0,0,69.8
Dry,25-34,7.51525648116651,Medium,1687.4815111071925,Moderate,42.657947124023245,0,1,0,0,84.7
Combination,35-44,5.378335978263831,Low,1676.7098900963354,Low,58.618214161207725,0,0,0,0,92.0
Dry,18-24,8.23531917976296,Medium,2022.3458913311417,Moderate,36.85777753268849,0,1,0,0,86.2
Normal,45-54,7.02582937409584,Low,2037.33452304673,Moderate,98.96800274797472,0,0,0,0,100.0
Normal,25-34,8.500457842789741,Medium,1518.8370353385012,Low,39.62042716142349,0,0,0,0,94.0
Dry,18-24,8.712181867481906,Medium,1875.4346625507285,Low,100.0,1,1,0,0,83.2
Normal,35-44,9.152598118003167,High,1273.1983650733955,High,61.68167877947006,1,1,0,1,69.0
Dry,25-34,8.691228077433669,Low,2636.160352455518,Moderate,44.14175996974701,0,1,0,0,91.1
Sensitive,18-24,7.215446250982296,Medium,1119.8347435841602,High,52.38930267323267,0,0,0,0,91.9
Dry,35-44,5.2618104003630926,High,1114.2802890536263,High,70.56023265055279,0,0,0,0,86.8
Oily,45-54,5.421215417503932,Medium,2217.519727255965,Low,82.35482331093671,0,0,1,0,85.5
Dry,45-54,3.8697272060260937,Medium,1381.5618810829728,Moderate,0.0,0,1,1,1,57.5
Oily,55+,5.374501249857859,Medium,1749.5175209327301,High,50.1220832871033,1,0,1,0,71.3
Dry,45-54,7.103235486556974,Low,2031.586430551308,Moderate,10.297611353530918,0,1,1,0,75.3
Sensitive,18-24,6.1605187287622565,Medium,2337.6504149334187,High,89.54564217953006,0,0,0,0,96.0
Oily,25-34,6.229796593385223,High,1889.4589410255628,Moderate,74.99215585987126,1,0,0,0,80.7
Sensitive,45-54,7.739073129192102,Medium,2889.585898639897,Moderate,76.02434429317262,0,0,1,0,90.9
Sensitive,25-34,6.043902112901363,Medium,1999.7805056700454,High,70.2098591770127,1,0,0,0,83.1
Normal,35-44,5.3172567993811235,Medium,2595.3973541293713,Low,24.25586120902524,0,0,0,0,88.3
Normal,35-44,6.920149498654852,Medium,2139.2778901832467,Moderate,46.31784591313108,0,0,0,0,92.8
Normal,25-34,5.152264269840733,Medium,3065.6048790036657,Low,34.69549844505777,0,0,0,0,89.9
Normal,45-54,6.593820254531406,Low,2529.1817519620945,Low,48.774876662805404,0,0,1,0,87.1
Normal,25-34,8.514165446634506,Medium,2021.7348877363065,Low,71.80435334261146,0,0,0,0,98.3
Dry,25-34,6.094242043855738,Medium,2314.4153584537403,Moderate,82.04261659254166,1,0,0,0,85.0
Normal,55+,9.656436330021616,High,1869.592072234534,High,65.26435601006568,0,1,1,0,80.6
Oily,25-34,8.647453980406954,Medium,1864.5500808224413,Low,41.914837353753505,1,0,0,1,78.2
Combination,18-24,6.131042037131436,Medium,1348.2945859822073,High,31.345915708328498,0,0,1,1,73.1
Normal,25-34,4.8333143503763365,Low,1595.8691987664356,Low,52.26310199026435,1,0,0,0,80.1
Combination,45-54,6.92116875711971,Low,3030.4856925778604,Low,67.41305620539751,0,0,1,0,90.6
Oily,35-44,8.729991645095334,Medium,1397.9843143607104,Extreme,54.47543989121987,0,0,0,0,95.7
Normal,35-44,6.264713640656968,Medium,1672.2536436081807,Low,43.52334980005118,0,0,1,0,82.2
Dry,35-44,8.362135447393209,Medium,1953.1406615204487,Low,75.38138730849595,0,1,0,0,90.2
Dry,25-34,8.312659983704133,Medium,1969.7953526237147,Low,67.838107221858,0,0,0,0,97.3
Combination,45-54,5.838961524456091,High,2191.86290986548,Low,27.201657775647803,1,0,1,1,60.8
Combination,45-54,5.9859233675671195,Low,1765.4396459429686,Moderate,50.40660355757413,0,0,0,0,92.5
Combination,18-24,8.06899304819051,Medium,2222.6881834981687,Low,69.44754232367944,1,0,0,0,87.5
Oily,18-24,7.227771324462356,Medium,2571.1927205733627,Moderate,74.71453032944419,0,0,0,0,97.1
Normal,55+,5.970907710184482,Medium,2633.3161719907503,Moderate,51.614170286143306,0,0,1,1,77.4
Combination,45-54,6.471729327820619,High,1866.2440996815799,Moderate,69.13335788848059,1,0,0,1,73.6
Combination,45-54,6.894220670908871,Medium,2305.6717144514823,High,66.31345356686685,1,0,1,1,70.0
Sensitive,45-54,4.652718362566809,Medium,1426.9331889294058,Low,98.85771490103141,0,0,1,1,77.0
Oily,25-34,7.648464659724043,Medium,1639.141977363835,Moderate,22.269754486984176,0,0,0,0,90.8
Oily,35-44,6.281961716591213,Medium,1413.1333006547288,Moderate,66.69013719160264,0,0,1,0,84.1
Combination,25-34,3.0,Low,1977.1276556201747,Low,27.778536267561325,1,0,0,1,67.7
Oily,18-24,6.964193547535821,High,1570.390361820028,High,77.2020230633665,1,0,0,1,74.8
Sensitive,35-44,5.887643111659738,Low,1239.6532205976027,Moderate,48.541326405703614,0,0,0,0,91.1
Combination,25-34,9.033233288454015,Medium,1806.9973887094247,Low,60.21222424913746,0,0,0,0,97.7
Oily,35-44,6.121832468620048,Medium,1135.7081121095239,Low,37.91248201876881,0,0,1,0,80.3
Combination,25-34,4.853534954632083,High,2663.596551823071,Moderate,68.81060295844034,1,0,0,0,78.9
Combination,25-34,7.261899004943023,Medium,1721.238469378363,High,60.98222400824656,1,0,0,0,84.1
Normal,18-24,6.009328947988625,Medium,2492.6580368190644,High,55.991580594889555,0,0,0,0,92.6
Sensitive,25-34,5.3308156981216515,Medium,1753.966254982514,Moderate,100.0,1,0,0,1,77.2
Dry,18-24,7.764252074236609,Medium,1402.5310870246997,Low,32.43679854919044,0,1,0,0,83.6
Combination,18-24,5.43929903816565,Medium,2587.7619856779597,Moderate,73.15176865927438,0,0,0,0,93.4
Oily,55+,4.8140895127008205,High,2044.3517915538691,High,79.30031337155162,1,0,1,1,63.6
Combination,18-24,9.588997003141506,Low,2943.4546429561483,Moderate,73.1589377349452,0,0,0,0,100.0
Oily,25-34,7.369248106400967,Medium,1766.7385368833923,Low,33.066279657121086,0,0,0,0,91.6
Normal,25-34,6.103686072508452,Medium,1777.5348502167835,Low,44.135054785866735,0,0,0,0,90.2
Sensitive,35-44,6.994784185447096,Medium,2502.3954211095547,Moderate,59.85090712072561,0,0,0,0,95.0
Normal,18-24,7.758796537174234,Medium,2505.876325249523,Low,42.56749648806757,0,0,0,0,94.8
Oily,35-44,8.460006174420132,Low,2076.7151932573256,High,38.97074755925469,1,0,0,1,80.0
Sensitive,35-44,5.866037063027482,Low,3667.6340949040723,Low,65.91892719902049,0,0,0,0,97.7
Sensitive,18-24,7.549219788948523,Medium,1859.7196038398242,High,100.0,1,0,0,1,81.8
Dry,25-34,5.739943735684642,Medium,1365.2683815154912,Moderate,42.01905600928347,0,1,0,0,80.4
Dry,45-54,6.716528133231064,Medium,1498.7224797096424,Moderate,62.645922299778725,0,1,0,0,84.7
Oily,45-54,7.241039301197357,Medium,1862.6302553203866,Moderate,41.86421018877785,0,0,1,0,84.4
Oily,35-44,6.989982140420992,Medium,2759.3875027458253,Low,59.62518937986054,1,0,1,1,70.5
Oily,18-24,8.103350347453858,Medium,1906.8280689266599,Low,70.66677029451074,0,0,0,0,97.1
Dry,25-34,7.230629838673391,High,2783.026049183069,Extreme,62.23622579004065,1,1,0,0,75.3
Combination,25-34,4.237746185941734,Low,2217.2125576890626,Moderate,85.45732585262832,1,0,0,0,83.5
Combination,18-24,4.963265189401836,Medium,2541.684648180258,Low,19.754804138017697,1,0,0,1,70.0
Combination,25-34,5.94542497286106,Medium,2193.584313313402,Moderate,31.09080457373218,0,0,0,0,89.4
Normal,35-44,9.742937893662738,Low,2189.6240033109684,Low,49.67748041810768,0,0,0,0,100.0
Oily,25-34,5.222612251247597,Medium,2376.3553005530375,Low,88.12294596605092,1,0,0,0,84.0
Normal,35-44,6.6876659355808705,Medium,1716.6457589571273,Low,67.46963279097821,0,0,0,0,93.6
Dry,45-54,6.195480959565217,Low,1722.143227726256,Low,24.573479898042017,0,1,0,0,82.3
Oily,25-34,5.66893342386788,Medium,2174.773493082297,Moderate,77.30591709699853,1,0,0,0,83.4
Combination,45-54,7.2673596158575835,Medium,2970.5557377530113,High,62.7398164703877,0,1,1,0,80.7
Oily,18-24,9.101165914293478,Low,1229.62338736651,Moderate,72.25800404123692,1,0,0,0,89.9
Normal,45-54,7.683952599820883,Medium,985.4071902799864,Moderate,99.58877559095077,0,1,1,1,74.3
Normal,18-24,5.7947035578593615,Medium,1868.1280818856935,Low,25.560023479837177,0,0,0,0,87.9
Combination,18-24,10.0,Low,2515.423540246872,Low,89.58083490100415,0,0,0,0,100.0
Dry,35-44,7.117859831441689,Low,2025.6880428400905,Moderate,58.144975722250535,0,1,0,0,88.1
Normal,25-34,5.63416856542683,Medium,1415.3350765924774,High,39.652002915801475,0,0,1,1,73.1
Normal,45-54,9.118144562016385,Medium,2039.546748433194,Low,63.866581879459105,0,1,1,0,82.7
Combination,25-34,5.796394073084272,High,1133.5133935584204,Moderate,20.187483010341538,0,1,0,0,74.9
Normal,25-34,8.994370482481164,Low,2314.4585304370876,Extreme,49.5017915984609,0,0,0,0,99.6
Combination,25-34,5.19403581355,Low,1845.4459917734544,High,43.93270238653215,0,0,1,1,75.5
Combination,25-34,8.645045583382053,Low,1958.9837502272849,Low,26.54621929306891,0,0,0,0,95.9
Normal,25-34,6.801571496422541,Medium,2213.592735255571,Low,33.8402099205468,0,0,0,0,91.4
Normal,35-44,8.93657834905365,Medium,2102.8444586880546,Extreme,88.45300751464966,0,0,0,0,100.0
Sensitive,35-44,9.852648563052316,Medium,1729.3702131344444,Low,70.55805463797152,0,0,1,0,92.2
Oily,45-54,5.301089064218119,Medium,2516.8064188232356,Moderate,35.48173329797466,0,0,0,1,82.2
Oily,55+,8.913657731137484,Medium,2398.4662823195267,Moderate,61.20398399442355,0,0,1,0,90.7
Combination,25-34,4.386644143361893,High,1112.8579038878677,Moderate,69.1663565887604,0,1,0,0,76.9
Sensitive,35-44,5.429223467127658,Low,1884.8786642637008,Low,74.94996338893796,0,0,0,0,94.1
Sensitive,25-34,5.294885810311344,Low,1459.8566031518612,Moderate,34.14683287644826,1,0,0,0,78.9
Combination,35-44,7.755454954266792,Low,1365.9709504022887,Low,0.0,0,0,0,0,90.2
Oily,25-34,6.5495238154022895,Low,2267.56681175581,Moderate,27.478892784067636,0,0,0,0,92.4
Normal,55+,6.749295873755746,High,1790.3693596673797,Moderate,76.35645984018987,0,0,1,1,76.7
Combination,35-44,7.219352918533541,Medium,1928.614175526795,Low,84.07108489747822,0,0,0,0,96.7
Dry,55+,7.8869343839402095,Medium,1665.1575331114698,Moderate,30.098823861783785,0,1,1,1,69.1
Oily,45-54,8.00237218591203,Medium,2185.087726409914,Extreme,54.10204422824079,0,1,0,0,87.8
Sensitive,45-54,8.641250253422697,Low,2339.173442659516,High,92.44506958326622,0,0,0,1,96.2
Normal,45-54,9.730052219151158,Low,3085.1274314881625,Low,56.538676068598186,0,0,0,0,100.0
Oily,25-34,6.467956441337784,Medium,1909.5128677509242,Moderate,73.40800154331599,1,0,0,1,77.1
Normal,25-34,5.718366556803626,Medium,1275.7912626122443,Moderate,47.569368569767065,1,0,0,0,78.7
Oily,25-34,7.420304193777783,High,1748.053154784241,Moderate,62.039941373610624,1,0,0,0,81.5
Normal,18-24,5.283617775603069,Medium,2423.5299606908284,High,41.93057241457984,0,0,1,0,81.6
Normal,25-34,5.481943801832583,Medium,1613.677404934846,Extreme,30.40185514069364,0,0,0,1,80.2
Normal,25-34,7.999071419589185,Low,1258.9362002725097,Moderate,79.14243776861512,0,1,0,0,90.4
Dry,25-34,6.313807437773444,High,1624.091156855965,High,12.45078499699764,0,0,0,0,84.1
Combination,55+,5.187711312462941,Low,1733.3170411253427,Low,35.007594682278146,0,1,1,1,66.3
Dry,45-54,4.765295401952239,High,1458.6652260176718,High,57.64142292127152,0,1,0,0,77.2
Sensitive,18-24,7.073075019090711,Medium,2108.7382570582186,High,86.46648999424565,0,0,0,0,97.0
Oily,25-34,8.212844805452015,Low,1960.48885939664,Moderate,28.027885635432522,1,0,0,0,85.1
Oily,25-34,8.19281866629678,Medium,2394.8526204093987,High,53.17110162964399,0,0,0,0,96.5
Combination,25-34,6.666320754339256,High,1777.0700825372055,Moderate,15.337012752584137,0,0,0,0,85.4
Oily,35-44,10.0,Medium,2279.032384284251,Moderate,71.00956805019656,0,0,0,0,100.0
Sensitive,25-34,6.342769451089306,Low,1753.864602988167,Extreme,100.0,1,0,0,1,81.2
Normal,25-34,6.292148564903884,Low,1435.193819095632,Low,1.010787707058725,1,0,0,0,77.6
Sensitive,45-54,3.1488461353915005,Medium,1728.4904323770336,Extreme,56.81534679543242,0,0,0,0,85.4
Normal,45-54,6.328955576258177,Low,1190.8664054748515,Low,80.92339151090333,0,1,1,0,79.1
Combination,18-24,8.278022552362742,Medium,2894.107819991489,Moderate,100.0,1,0,0,1,85.3
Dry,35-44,9.345942005289556,High,2071.249873893001,Low,74.70161502450286,0,1,0,0,89.3
Sensitive,25-34,5.254648049499073,High,1602.2965548347686,Low,46.76404858549017,0,0,0,0,85.4
Normal,25-34,7.193378493939573,Low,1811.1779188589699,Moderate,46.28556055325315,0,0,0,0,94.6
Dry,18-24,8.57031854848493,Medium,774.7680083799653,Low,19.328665240924263,0,1,0,0,82.6
Sensitive,25-34,6.516812229793849,Low,2717.1766125359086,Extreme,85.12829650954494,0,0,0,0,99.0
Dry,25-34,3.0750793137091543,Medium,2668.2740221071167,Low,76.15262542856675,0,0,0,0,89.1
Dry,25-34,6.870934999361379,High,2053.770952080048,Low,85.15699275663401,0,1,0,0,85.4
Dry,35-44,8.142145936091339,Medium,2159.731148031703,High,51.74810680429219,0,1,1,0,79.8
Oily,35-44,5.578865657472312,High,1366.1616115371698,High,39.8118709907224,0,0,0,0,84.9
Dry,18-24,6.618768203688419,High,1402.5150523697414,Moderate,87.37415026137975,1,1,0,0,73.8
Dry,18-24,5.266755936806854,Low,1151.351925406134,Low,84.52056484744716,0,1,0,0,85.3
Sensitive,45-54,3.1447786771294712,Medium,1919.4659571132045,High,50.30314331831717,0,0,1,0,77.2
Normal,18-24,8.540506617681485,Low,2530.517702432966,Moderate,40.61087753982476,0,0,0,0,98.2
Oily,45-54,6.994377199297222,Medium,1808.3926856488274,Extreme,79.73805447200202,0,0,1,0,87.6
Sensitive,35-44,9.396512495057474,Low,2173.8479150888083,Moderate,68.69409679837003,0,0,1,0,94.0
Combination,25-34,7.785983287859265,High,2489.416947446783,High,50.79111038473161,1,0,0,1,75.6
Oily,18-24,6.468685357501826,Medium,1187.949661010981,High,13.27240010372389,1,0,0,0,76.6
Dry,18-24,6.875229009843387,Medium,2922.782712689638,Moderate,21.94194949770307,0,0,0,0,91.8
Oily,18-24,7.849266086155259,Medium,2578.660193715634,High,47.71410195238105,1,0,1,0,77.6
Normal,18-24,8.450325125133615,Medium,2256.946358880213,Moderate,32.53059248273403,1,0,0,0,84.7
Oily,35-44,7.484005946113017,Medium,2462.0472652680364,Low,31.299595668931364,0,0,0,0,93.0
Oily,18-24,8.658389717934227,Low,2485.538151637535,Moderate,42.14639970954511,1,0,0,0,88.5
Dry,25-34,6.054996894988292,Medium,2146.319943294906,Moderate,28.06145026651899,1,1,0,0,71.2
Normal,25-34,5.00428467982147,Medium,2714.1389764462847,High,50.70170691095858,0,0,0,0,90.5
Sensitive,25-34,6.4027861196583045,Medium,1773.6698256912732,Moderate,89.81236638863606,0,0,0,0,95.3
Sensitive,18-24,7.307777336104276,Low,2230.9056025976993,Moderate,57.46835510291637,0,0,0,0,96.8
Dry,18-24,5.1976969078910695,Low,2660.82140062503,High,39.34792178208706,0,0,0,1,84.7
Dry,18-24,4.994916873780067,High,654.4001219703946,Moderate,76.84245601667543,0,1,0,0,78.0
Oily,35-44,7.671079444710141,Low,2218.981672987079,Low,78.33808412068886,0,0,0,0,99.6
Combination,25-34,5.8904647229443645,Medium,2362.302489221677,Low,69.9501826239248,1,0,0,0,83.5
Dry,35-44,6.751238641506997,Low,1145.7793170577788,Low,0.0,0,1,0,0,79.8
Normal,25-34,5.960461001448765,Low,2140.9100430082917,Low,38.79236884688439,0,0,0,0,92.1
Sensitive,25-34,8.780901352644818,Low,1603.1470098201805,Low,50.70650192776671,0,0,0,0,97.8
Combination,25-34,8.3926417405925,Medium,2198.403140795618,Moderate,29.360402975402142,0,0,0,0,94.1
Sensitive,35-44,5.1439694649412475,High,1952.5003517946245,Low,100.0,1,0,0,0,81.2
Combination,25-34,5.70081018037933,Medium,1526.8359154148534,Low,36.41355336743276,0,0,0,0,88.1
Dry,18-24,8.27500640195439,Medium,2554.8318318007255,Extreme,15.240239804048464,0,1,0,1,78.2
Oily,25-34,7.402904355654863,Medium,1790.8174880052475,Extreme,56.15420239969665,0,0,0,0,94.0
Sensitive,25-34,6.4378130565053215,Medium,2134.9818970107913,Moderate,64.80964950149236,0,0,0,0,93.6
Combination,25-34,4.793599692553647,High,2657.023811742049,Low,26.939316654694277,1,0,0,0,74.6
Normal,35-44,5.9761899307696815,Medium,1541.6527528084093,High,85.44691731882685,0,0,0,0,93.6
Normal,25-34,5.724848648680565,Medium,2004.0246239864136,Moderate,63.27206741162629,0,0,0,0,91.8
Oily,35-44,7.415491496678651,Medium,1752.3364274783303,Low,73.1914511802189,1,0,0,0,85.7
Combination,25-34,9.055590732045857,Medium,1863.910177731138,Moderate,62.0991601224278,1,0,0,0,88.0
Sensitive,35-44,5.969679647817808,Medium,3078.0426039532285,Low,100.0,0,0,0,0,98.1
Normal,35-44,5.46094712866714,Low,2228.3879420351395,Extreme,56.11485865089406,0,0,0,0,93.0
Dry,25-34,6.337120284758085,Low,2156.796338311103,High,18.961091291611066,1,1,1,1,57.9
Oily,35-44,8.547608470771088,High,2262.04366696573,Low,54.81949461525832,0,0,1,0,86.1
Sensitive,45-54,4.829675549858945,High,2215.129813791233,Moderate,33.60941029878131,0,1,1,1,61.5
Combination,25-34,8.680451226312421,Low,1087.0932305074084,Moderate,23.448573815577774,0,1,0,0,85.9
Combination,25-34,6.241952956826496,High,3148.380410261104,High,90.47689452025767,1,0,0,0,84.8
Oily,35-44,5.89851999652994,Medium,1267.8152374306778,Moderate,32.48539143091752,1,0,0,0,77.6
Oily,25-34,4.099716069856761,Medium,2866.297133013141,Low,20.651263967256877,1,0,0,0,76.0
Oily,18-24,8.05978116013094,Low,2309.007682511126,Low,66.74055567968539,1,0,0,0,89.4
Normal,45-54,6.743243207137698,Medium,2090.389509067236,Low,81.58029320143686,0,0,1,0,87.8
Combination,18-24,7.256058224131761,Low,1847.257511961679,Extreme,8.342230762707793,0,0,0,0,91.0
Combination,35-44,5.648782388482954,Medium,3302.580275546649,Extreme,66.21959639555726,0,0,0,0,94.5
Sensitive,35-44,6.521355948623464,Low,2302.2447800872133,Moderate,61.290174925988076,0,0,0,0,95.8
Sensitive,55+,6.270128130467893,Medium,2008.8440324591998,Low,73.26442825096917,0,0,1,0,85.9
Dry,18-24,6.849110341932689,Low,1732.36864774483,Moderate,42.43317015026278,0,1,0,0,85.4
Combination,25-34,5.495671510436284,Low,1672.4258656264572,High,15.859932544479157,0,0,0,1,80.9
Sensitive,25-34,4.198728558969168,Low,2025.3054235861073,Low,52.966065148900064,0,0,0,0,89.7
Combination,25-34,10.0,Low,1534.6984841693784,Moderate,65.64469103337025,1,0,0,0,91.6
Oily,18-24,4.954893628993728,Medium,2339.825523972373,Low,98.59262061717544,1,0,0,0,84.4
Oily,25-34,6.772188510413809,Low,1677.1788163818314,Moderate,59.746237084704205,1,0,0,1,77.9
Normal,25-34,3.8419582573639364,High,2502.4777572229123,High,40.226852367478585,0,0,0,0,83.7
Sensitive,18-24,4.004428845073038,Medium,2491.2936906556433,Moderate,35.50881212430739,1,0,0,0,76.5
Dry,35-44,7.146739737778401,Medium,1972.282160437904,Moderate,56.03870501053795,0,1,1,0,77.8
Oily,35-44,7.261551381652455,Low,2290.1511149274884,High,50.53891851927021,0,0,0,0,96.2
Dry,35-44,8.892248486203576,Medium,2315.181954763399,High,67.64447680533846,0,0,0,0,99.2
Dry,45-54,7.599320261523559,Low,1268.8341954275998,Low,58.509372889501094,0,1,1,0,79.6
Oily,25-34,6.2752839218813135,Medium,2865.846494326812,Moderate,61.98949271969888,1,0,0,1,77.5
Normal,55+,5.575599633902494,Medium,1872.1281428564228,High,41.00736581315469,0,0,1,1,74.0
Dry,45-54,9.248518102350323,Medium,2347.78675670785,Moderate,100.0,0,1,1,0,87.2
Dry,25-34,7.893276869075336,Medium,2361.811755526412,Moderate,64.59554706753696,0,0,0,0,97.0
Combination,18-24,5.130505783377363,High,755.2314542322958,Moderate,32.33263896698756,1,0,0,0,72.0
Dry,25-34,6.5569455923159525,Low,1671.5354026252653,Low,75.02776709660937,0,0,0,0,96.0
Combination,25-34,6.716078347289745,Low,2420.184410213028,Low,21.09973665369345,0,0,0,0,92.4
Dry,25-34,5.981519515091496,Medium,2031.1262297176015,Moderate,28.632986921997453,1,1,0,1,63.9
Dry,25-34,7.657775728710192,High,2344.484668169035,Moderate,29.97533386738435,1,1,0,0,72.0
Combination,35-44,8.247599707522266,Medium,2046.183280722592,High,93.20948318846382,0,0,0,0,99.9
Oily,25-34,6.2142714532923415,Low,2614.6908969015726,Moderate,45.53120453067302,1,0,0,1,77.2
Normal,18-24,6.578696131303513,Medium,2057.0169442222054,Moderate,34.28284734855774,1,0,0,1,73.7
Normal,45-54,9.248437694001296,High,2712.044548390238,Moderate,64.10259652578755,0,0,1,0,89.3
Combination,25-34,7.899258338543355,Low,1509.9857113939777,Moderate,63.55170241709149,1,0,0,1,80.2
Dry,55+,7.108540584862577,Low,1936.1799652605278,High,89.72953480437891,0,1,1,0,83.1
Combination,18-24,4.55618644137992,High,1703.3002157089809,High,12.575205668093503,0,0,0,0,80.8
Oily,55+,7.516000159457554,High,2194.3180320311326,Moderate,81.58281965308834,0,1,1,1,71.6
Normal,18-24,8.047125197376502,Medium,1860.6660275587117,Low,0.0,0,0,0,0,89.8
Normal,18-24,3.0,High,1885.2429064531816,Extreme,72.65715565933985,0,0,0,0,84.0
Oily,18-24,7.377804172477038,Low,1647.6168183748766,Moderate,79.0820483001351,1,0,0,0,88.0
Dry,35-44,6.3749620198063965,Medium,1769.632241535728,High,90.37674113170544,0,1,1,0,79.3
Oily,45-54,6.668718579805673,Medium,1994.8614680416613,High,74.22095043661162,0,1,1,1,71.7
Oily,25-34,5.138928570855019,Medium,989.3274244084135,Moderate,23.37242930620781,1,0,0,0,74.6
Sensitive,45-54,6.777716064394537,Medium,849.1180719844115,Moderate,93.67698694137466,0,0,1,0,86.6
Oily,25-34,8.587987364271997,High,2029.5729711537413,Extreme,23.31234761736422,1,0,0,1,73.6
Dry,35-44,6.330402251776727,Medium,615.4117173832292,High,36.532555532385636,0,1,0,1,72.5
Combination,45-54,8.448360338189776,Low,1903.4288615959645,High,48.593368268833,0,1,1,1,74.6
Oily,25-34,5.290503171680585,Medium,1811.418119404393,Moderate,40.84622405106235,1,0,0,0,78.3
Dry,25-34,7.638134288984059,Medium,2271.018934930437,Extreme,56.0175806258055,0,1,0,0,87.4
Combination,45-54,7.002483783432927,Low,1663.9908104740352,High,42.61498727193888,0,1,1,1,70.6
Sensitive,45-54,7.52803724318392,High,2784.757384645983,High,83.24238863291023,0,1,1,1,72.9
Normal,55+,7.010729884146231,Low,2424.081436615217,Low,15.692031857899863,0,1,1,1,69.4
Sensitive,45-54,7.962437848661812,Low,1243.852984174243,Moderate,75.97033806590024,0,1,0,0,90.0
Oily,18-24,3.148622323099363,Medium,1857.8268212628288,Moderate,43.18856854402545,0,0,0,0,84.3
Oily,45-54,4.870262029813645,Medium,2763.5925720919377,Moderate,85.34572813874976,0,1,0,0,85.8
Oily,25-34,7.125620747012967,Medium,1651.184047300233,Moderate,77.86179164727059,1,0,0,0,85.3
Sensitive,55+,3.9346924691556464,Medium,1973.5538374872945,Low,60.75102888771727,0,1,1,0,71.9
Oily,25-34,5.704129466529186,Medium,2702.0637879273886,Moderate,1.012830277729627,1,0,0,1,69.9
Oily,25-34,6.418488738445025,Low,1729.7021919686108,Moderate,13.14320047506419,1,0,0,0,79.6
Dry,25-34,5.257789793580654,Low,2561.489970041446,High,78.0936045108276,1,1,0,0,77.4
Oily,25-34,5.46265789595934,Medium,1545.0001986931904,Moderate,46.416082658943964,0,0,0,0,88.7
Normal,18-24,7.407373300230389,Medium,556.1930749269404,Moderate,93.7288665679467,0,1,0,0,87.3
Normal,45-54,8.513942433669714,High,2614.2646582203133,High,82.41732376521196,0,0,0,0,97.5
Normal,45-54,5.562325928117788,Medium,2219.367520028738,Moderate,66.37928067726398,0,1,1,0,76.2
Normal,18-24,6.137412705718945,Medium,2252.2821376672327,Extreme,53.21374405019652,0,0,0,0,92.1
Normal,35-44,5.903108540009432,Medium,1453.5186043473627,Moderate,31.277738354505022,0,1,1,0,71.8
Dry,35-44,3.367930372184082,Low,1493.3236917515683,Moderate,44.21715117279397,0,0,0,0,86.1
Normal,25-34,6.712567685476263,Medium,2575.21825986807,Low,60.40691972827457,0,0,0,0,94.6
Oily,25-34,7.902076618742738,Medium,2121.6036537021314,High,41.37285601520596,0,0,0,0,94.2
Combination,45-54,8.524964810973824,Medium,1941.27197133112,High,71.7070106506142,0,1,1,0,82.1
Oily,35-44,5.6938504353388915,Low,2110.463331057082,High,85.73095936533672,0,0,0,0,96.2
Dry,25-34,4.622452927219786,Low,2754.25276500615,Low,45.50858971144831,0,1,0,0,83.3
Normal,35-44,7.032408321387527,Low,2361.8441135262847,Extreme,49.21140316588685,0,0,1,0,87.7
Normal,18-24,8.243910529849702,Low,1762.677401307421,Extreme,27.592308852544377,0,0,0,0,94.8
Normal,25-34,6.732275672465576,Medium,1298.256069439974,Moderate,70.87214941684655,1,1,0,0,75.1
Normal,18-24,7.433956953810642,High,2294.0268809138925,Moderate,68.83750716304813,1,0,0,0,83.3
Oily,18-24,8.71274639160435,Medium,1538.0159946828858,High,100.0,1,0,0,1,83.5
Normal,35-44,5.891295161153945,Medium,1408.8115311906172,Moderate,64.42148978188027,0,0,1,0,83.0
Normal,45-54,6.6700448699904555,Medium,2657.8745934370336,Moderate,57.58404376647628,0,0,1,1,79.4
Normal,25-34,8.951908267641802,Low,2436.2028733790735,Moderate,61.683142902817586,0,0,0,0,100.0
Oily,18-24,6.704783315353559,Low,2192.842963340249,Moderate,42.801124308030424,1,0,0,0,84.1
Oily,35-44,5.0989945510501435,Low,1380.8014695313752,Moderate,37.86710845678694,1,1,0,0,70.7
Oily,45-54,5.995965855624558,Medium,2894.633030383541,Moderate,62.21950980539416,1,0,1,0,76.0
Dry,35-44,5.592730223168137,Medium,2514.434157357925,Moderate,71.4452910147931,0,0,0,0,93.4
Dry,45-54,7.535743878551906,High,1848.107199468803,High,73.10230803490339,0,1,1,0,77.1
Normal,25-34,5.156079494616831,High,1742.359970919567,High,61.10166316936048,1,0,0,0,76.9
Combination,35-44,7.406551379291867,Medium,2039.2448706544674,High,86.59722354477692,0,0,0,0,97.6
Dry,18-24,5.895902172189025,Medium,1760.7906667306745,Moderate,63.01299491646712,1,0,0,0,81.6
Normal,25-34,3.314932192402658,Medium,3105.926978392554,High,56.765014331612164,1,0,0,1,71.5
Combination,25-34,6.959929680472883,Low,1807.2358126475676,Moderate,18.360348983380153,0,0,0,0,91.4
Sensitive,25-34,6.7226955223203335,High,1466.0585642298865,Moderate,71.14696689726827,0,1,0,0,82.5
Normal,45-54,7.776636723563261,Low,2794.207929166539,Moderate,55.728734056504315,0,0,0,0,98.7
Oily,45-54,5.9905191712521155,Medium,1715.4690833564468,Moderate,31.959642100358774,1,0,1,0,70.6
Combination,18-24,5.8306832869609355,Medium,2393.2150540583643,Moderate,62.52174983244912,1,0,0,1,75.7
Combination,18-24,7.602200287722319,Medium,2337.693803043035,High,62.95492941721259,0,0,0,0,96.2
Normal,25-34,8.778529358796472,Medium,1970.7189747274729,Extreme,60.63509116828713,0,0,0,0,97.6
Oily,25-34,6.516752014259492,High,1513.501617738652,Low,63.889873818985805,1,0,0,0,79.4
Oily,35-44,7.636877644070718,Low,1975.9085365108047,Moderate,63.097841219995445,0,0,0,0,97.5
Oily,45-54,6.5176184733614395,Low,1415.0694468338907,Moderate,53.83180579128318,1,1,1,0,67.2
Dry,55+,4.684554217189473,Medium,1988.1411187315484,Moderate,94.25106941517109,0,1,0,1,77.8
Oily,35-44,8.451144128731087,Low,2386.390733229829,Extreme,63.70588390724549,0,0,0,0,100.0
Oily,45-54,8.362621358629243,Medium,2858.8900330959987,Moderate,0.0,0,0,1,1,77.4
Combination,25-34,7.566161037762791,Medium,1456.0754420278558,High,0.0,1,1,1,0,62.0
Normal,18-24,6.727081842486372,High,1874.7706980020362,Moderate,80.12359321034909,0,0,0,0,92.2
Oily,25-34,7.395584149607811,Medium,1737.5944578873596,Low,4.150108373973772,1,0,0,0,78.7
Combination,25-34,7.840642696081746,High,2136.869688753744,Moderate,36.39159484659474,1,0,0,1,73.6
Combination,35-44,9.430238027435061,Medium,1239.09581184459,Moderate,29.60489133097702,0,1,0,0,86.3
Dry,18-24,8.482789156971164,High,1535.6686614375167,High,42.43568483032711,0,1,1,0,75.3
Dry,25-34,6.595731837550458,Low,1153.9917209656824,Low,59.65274895430781,0,1,0,0,85.5
Normal,25-34,4.537620116863443,Medium,1280.847729667448,Low,33.3835841454748,1,0,0,1,68.0
Oily,55+,7.2334874465076116,High,1669.7811030439573,High,29.609798729895058,0,1,1,1,64.8
Dry,25-34,6.884866093773962,Medium,2835.441306412944,Moderate,68.23202540297046,0,0,0,0,96.3
Oily,35-44,8.063544662977456,High,2173.8002384663164,Extreme,100.0,1,0,1,1,72.5
Oily,35-44,9.030837788985139,Low,2032.4979367999033,Moderate,73.51062884637506,0,0,0,0,100.0
Oily,25-34,6.357274231914831,High,2673.443002014242,Low,27.149417617032725,1,0,0,0,77.8
Normal,25-34,9.651480784719666,Medium,2191.7989405917097,Moderate,71.77845462654449,1,0,0,0,90.9
Oily,45-54,4.361069469939134,Low,2238.7880556985037,Moderate,100.0,0,0,0,1,88.2
Oily,25-34,7.129012808692438,Low,1763.4877674100994,Moderate,76.583574632526,0,0,0,0,97.4
Oily,45-54,5.802219411723958,Low,1681.335822195459,Low,21.407196526221732,1,0,0,0,79.1
Normal,18-24,4.139167000466795,High,1344.4365251342906,Low,63.21120632839196,0,1,0,0,76.3
Combination,18-24,6.697338435551262,Medium,1699.4552169793042,Low,38.52403634222796,0,0,0,0,90.6
Dry,45-54,4.814240952368565,High,1859.7382929504738,Moderate,61.31290050873975,0,1,1,0,70.5
Dry,45-54,6.757858152950774,Medium,2172.3594737584604,High,50.6462846587836,0,0,1,1,77.9
Combination,55+,7.052153872141685,High,1981.6207924776481,Low,68.56872577151898,0,1,1,0,75.9
Oily,35-44,8.677812114003924,Medium,1817.4652670661555,Moderate,51.176277651993686,1,0,0,1,79.1
Normal,45-54,4.738622297854094,Low,1544.1616240516253,High,95.44580231838627,0,1,1,0,78.1
Dry,45-54,8.36266774846866,Low,2199.563403977605,Moderate,59.92573875713656,0,0,0,0,99.1
Dry,45-54,7.147120675419691,High,1751.1169564830795,High,54.41304192995736,0,1,1,1,67.2
Combination,25-34,8.043273730414391,Medium,2176.8982539959948,Low,64.29435607833707,0,0,0,0,96.9
Oily,25-34,5.852373237453309,Low,1043.3639452032319,Low,58.93024754386613,1,0,0,0,81.7
Normal,45-54,5.001633119854832,Low,2168.210581484947,Moderate,75.01044290503754,0,0,0,0,93.8
Oily,25-34,4.673751010676201,Low,2373.4534513981193,High,46.66908228941106,0,0,1,0,82.8
Oily,25-34,4.562288819499326,High,2309.765429681874,Moderate,83.36240285546546,1,0,0,0,79.1
Dry,25-34,7.216721229380982,Medium,1901.6397873246526,Extreme,74.75660092320042,0,1,0,0,87.7
Dry,25-34,8.715383033322048,Medium,2457.6591577121885,Moderate,49.693127493028435,0,1,0,0,89.3
Oily,25-34,5.65257271001717,High,1363.5205585220763,Moderate,70.56692893072531,1,0,0,0,78.1
Sensitive,18-24,7.943702947386675,Medium,1955.396967396735,High,58.42487360589806,0,0,0,0,95.6
Dry,45-54,4.714836912796571,High,1903.3020994196504,Low,74.25668164739137,0,1,1,1,64.7
Oily,25-34,6.770481873765949,Medium,2518.1998445205436,High,70.63293942975008,0,0,0,0,95.6
Normal,25-34,7.50284392450569,High,989.7534147377261,Moderate,56.2429123918493,0,0,0,0,89.6
Normal,18-24,4.827812837084697,Low,1470.9351410363502,Low,29.49673856080284,1,0,0,1,70.5
Oily,18-24,6.694174796530218,Medium,2873.6254043152576,Low,20.164085308516967,1,0,0,0,81.2
Normal,18-24,8.073875710728348,Medium,784.716938077519,Extreme,57.33734901721439,0,0,0,0,93.5
Normal,35-44,3.0,Low,2407.2119858437504,Moderate,41.90332603567022,0,0,1,0,79.0
Oily,18-24,9.003179592552614,Medium,1649.8364184864288,Low,76.35812019184405,0,0,0,0,98.9
Normal,45-54,7.530519063836572,Medium,2127.35130182305,Low,22.280891942676888,0,1,0,0,83.5
Combination,18-24,8.075091471576014,Low,2706.8912019296768,Moderate,82.93099321527784,0,0,0,0,100.0
Normal,18-24,6.380921081207854,Medium,2146.603435539415,Low,51.2741501044639,0,0,0,0,92.2
Dry,18-24,4.4159162776519665,High,2717.2666883805086,Low,28.643065969792538,1,1,0,1,59.1
Oily,18-24,7.801094434475427,Medium,1753.8254096065991,High,38.71640948271194,0,0,0,1,86.0
Sensitive,35-44,6.876114511875232,Medium,1819.9118720785461,High,69.91059981027186,0,0,0,0,94.4
Normal,45-54,7.048173183148481,Low,2393.4211244238627,Extreme,72.07565201340384,0,1,1,1,75.1
Oily,35-44,8.63141047779843,Low,1780.2847698588341,Low,29.368744662601095,0,0,0,0,95.8
Sensitive,18-24,8.143095810793897,Medium,2298.6731905190013,High,41.02267734055768,0,0,0,1,88.0
Combination,25-34,9.38185612563442,High,2591.9021082888416,Moderate,41.89349653965422,1,0,0,0,85.1
Combination,25-34,6.730781343310248,High,2434.1684471436943,Moderate,49.231806103947925,1,0,0,0,80.3
Oily,55+,5.963181343313324,Medium,1210.5442172767089,Low,67.91236219731438,1,0,0,0,81.1
Normal,18-24,6.71737472963691,Medium,1829.309611475239,Extreme,56.730826624875284,0,0,0,0,92.8
Dry,35-44,7.62349505880791,Medium,2140.916242027411,Extreme,50.26291347559085,0,1,0,0,86.6
Sensitive,25-34,8.023784778489466,Medium,1878.053230185304,High,70.9112578374409,0,0,0,0,96.9
Dry,25-34,4.299449072841922,Medium,2039.6830066957666,Low,54.13709904645905,0,0,0,0,88.1
Dry,25-34,6.512806422768754,Medium,2147.53537213463,High,43.706736762728774,0,1,0,0,83.7
Oily,18-24,9.414312485557554,Low,1736.7159396412153,Moderate,52.90655914408417,1,0,0,1,82.6
Combination,35-44,6.63968669349622,High,1903.280559772068,Low,6.211632912645129,1,0,0,0,74.7
Normal,18-24,8.396517782303658,Low,1409.4826359965723,Low,73.3371220037883,0,0,0,0,98.9
Oily,35-44,7.739676290824008,Medium,1761.0791065463393,Moderate,73.6987547774148,1,0,1,0,78.4
Oily,18-24,8.43379090978747,High,1236.6606986170923,High,87.44955439674919,1,0,0,0,85.1
Dry,55+,5.785359187600101,Medium,2058.2483478463455,High,29.726257969141585,0,0,1,1,73.7
Oily,18-24,5.791897494901629,Low,1903.388897820725,Moderate,64.28749918752382,1,0,0,0,83.8
Normal,45-54,7.030407838183432,Low,1542.1023939756856,Moderate,12.375418823076409,0,0,1,0,82.4
Dry,45-54,4.701667319139533,Medium,2892.6299044144234,Moderate,15.859226007230447,0,1,0,1,71.8
Oily,55+,6.595389090082513,Low,1877.2942584765797,High,44.07630247677251,1,0,1,1,68.4
Dry,25-34,6.879314986273501,Medium,2143.27647203981,Low,35.533332909333254,0,0,0,0,91.6
Normal,35-44,9.676953410424659,Medium,1680.6834175772688,High,86.18349441413014,0,0,0,0,100.0
Oily,25-34,7.104077283904733,High,1792.82598963135,Moderate,79.45859984381978,1,0,0,0,82.7
Dry,18-24,7.937842706309653,Low,2162.206735424268,Moderate,82.09079483758279,1,1,0,0,82.4
Normal,25-34,8.24671377057501,Medium,1833.8744750965561,Low,64.94727747796874,1,0,0,0,86.7
Oily,18-24,5.553013616657415,Medium,2001.651678444134,Moderate,66.0252369257071,1,0,0,0,81.7
Normal,55+,6.752376006443521,Medium,2403.4123076767323,Low,17.957541242098984,0,0,1,0,82.1
Normal,18-24,10.0,Low,1740.9869102405737,Extreme,84.9925474467185,1,0,0,0,94.0
Sensitive,25-34,6.381316666423237,Medium,1333.9194083810567,Moderate,96.29730340300947,1,0,0,0,85.1
Oily,35-44,8.67464612317331,Medium,1236.8678551607932,Extreme,25.501487028791075,0,0,1,0,84.4
Combination,25-34,7.94560681575966,Low,2719.2195181934317,Low,61.70117711771217,0,0,0,0,99.5
Oily,35-44,4.7828294284184665,High,2465.5733502877847,Moderate,46.33215227936122,0,0,0,0,86.1
Dry,18-24,7.4657189155089,High,2327.8998335938695,Extreme,96.24038097822239,1,0,0,1,79.2
Combination,25-34,6.720121208307838,Low,1781.9735970639936,Low,25.624692215075935,1,0,0,0,81.6
Dry,25-34,6.994938181760652,Medium,1333.4599945060831,Low,52.31478716317815,1,1,0,1,66.9
Oily,45-54,5.86883128031341,Medium,1858.8491932519262,Moderate,64.64922811181847,1,1,1,0,65.9
Oily,35-44,5.324620732131761,Low,1953.3228143569772,Moderate,58.66612516951206,0,0,0,0,92.4
Oily,55+,6.285984999968723,Medium,1434.2241666263606,Low,100.0,0,0,1,1,80.4
Sensitive,18-24,6.853307504373696,High,1265.17184347569,Extreme,100.0,0,1,0,0,85.2
Combination,25-34,8.277476671400475,Medium,1134.8436967980338,High,9.059934135197686,0,0,1,0,81.7
Sensitive,18-24,9.72596622958841,High,2328.696593771922,Moderate,77.17810212665647,0,0,0,0,98.8
Normal,18-24,9.094896769334767,Medium,1397.320842398493,Low,49.716249667597715,1,0,0,1,79.0
Combination,18-24,8.290277816172766,Low,2154.705160357969,Low,70.8572995548422,0,0,0,0,100.0
Sensitive,35-44,5.493489606550615,Low,1801.1000732963757,Low,80.32240068954614,0,0,1,0,86.6
Normal,18-24,6.386655737515757,Medium,2294.818954388068,Moderate,29.684815579521096,0,0,0,0,90.3
Normal,25-34,6.814889078619497,Medium,2167.9122559845086,Moderate,24.062639825463254,0,0,0,0,90.4
Combination,45-54,6.051341442885738,Low,1884.0312910543569,Low,49.95233509488102,0,0,1,0,84.9
Dry,35-44,7.8658084787919265,Medium,2065.2267126046086,Extreme,56.98654196349079,0,1,0,0,87.6
Combination,25-34,7.580729162381431,High,1944.8319458116437,Moderate,54.84769303617505,1,0,0,0,81.5
Normal,25-34,7.304435093848203,Medium,1692.3264246834642,Low,35.7360939058605,0,0,0,0,91.6
Combination,25-34,8.037701906836372,Low,2490.0413927289314,High,92.64934485114188,1,0,0,0,92.3
Oily,18-24,5.643113179430389,Low,1788.4631233790008,Low,63.381362956890705,1,0,0,1,76.2
Normal,35-44,8.399243056138296,High,1956.57492687426,High,81.84893198166851,0,0,1,0,87.9
Normal,25-34,5.456531824819706,High,1292.4374501712468,High,46.531739423472146,0,0,0,0,85.2
Combination,45-54,5.588596071035672,Medium,2137.0223019224063,Extreme,34.06183356323374,0,0,1,1,73.9
Dry,35-44,7.798174201279572,High,1694.7092014272694,Moderate,82.08352017393874,0,0,1,0,86.2
Dry,35-44,8.82381034329847,Low,1761.575670421049,Low,35.163389697581344,0,1,1,0,80.7
Oily,25-34,7.232020229564014,Low,1580.219569557779,Low,0.0,1,0,0,1,72.6
Combination,18-24,7.031206035658816,Low,1938.0017760558258,Low,64.1405755352373,0,0,0,0,96.4
Oily,35-44,7.46523073915226,Low,996.7636924815033,High,41.10967108245329,0,1,0,1,78.0
Combination,25-34,6.70464037710092,High,2341.1785064566297,High,41.643462458831934,1,0,1,1,64.3
Oily,18-24,5.311073655796909,Medium,1980.6676126603859,Extreme,67.34972655545008,1,0,0,0,81.3
Oily,18-24,5.136069782582627,Low,1766.3571993988965,Moderate,26.740524588217998,1,0,0,0,78.5
Oily,18-24,6.881761180789818,High,1225.8846671045412,High,9.944827379094043,0,0,0,0,84.2
Oily,35-44,7.119785253653956,High,2216.5333432399852,Low,90.48559105454761,1,0,0,1,77.7
Combination,18-24,7.016998567551601,Low,1682.8362198524621,Extreme,48.54228601337835,0,0,0,0,94.3
Dry,25-34,7.51415242047487,Medium,2653.0434351241574,Low,81.4336135693321,0,1,0,0,90.5
Oily,25-34,6.17678492575349,Medium,2243.159481164891,High,65.6533225311529,0,0,0,0,93.4
Combination,25-34,7.344468772857284,Medium,2767.327844343562,Moderate,66.3911740071,0,0,0,0,96.9
Oily,45-54,6.783119849010328,Medium,2068.485020394286,Low,64.08587528713724,1,0,1,0,76.1
Dry,45-54,9.735038443054698,Low,2538.9113805810775,High,64.06516674470033,0,1,1,0,87.0
Sensitive,25-34,6.62107059008967,Medium,2231.3855226491087,High,93.36276918026279,1,0,0,1,80.0
Dry,18-24,10.0,High,1774.5092938981018,High,70.3617994621848,1,1,0,1,72.6
Normal,25-34,7.0280173866362965,High,2093.6050092420674,Moderate,35.27442651636103,0,0,0,0,88.8
Sensitive,35-44,6.679484244117677,Low,1583.0068667705318,Moderate,87.32502076918176,0,0,0,0,97.3
Dry,25-34,5.1508280356104885,Low,3034.389716487186,Low,34.516414432656546,0,1,0,0,83.8
Oily,35-44,4.835667138913459,High,1949.5674451472933,High,52.18484877832039,1,0,0,1,68.8
Normal,18-24,5.512836573405765,Medium,2013.1051457593255,Low,64.20957194101956,1,0,0,0,81.5
Combination,35-44,5.680590536254015,Medium,2194.9929308167593,Extreme,44.13905079617555,1,0,1,1,65.2
Dry,18-24,7.592230030618265,Medium,1456.5273378416362,Moderate,53.69032301314643,0,1,0,0,85.5
Dry,35-44,6.2107519434097185,Medium,2660.6855528332876,Moderate,69.50256278059504,0,1,1,0,78.7
Combination,25-34,6.780390578831747,Medium,1487.3352246159743,High,41.51664198448605,1,1,1,0,64.7
Combination,35-44,8.92296754356503,Medium,1374.264718819303,Moderate,77.99209543489721,0,0,0,0,98.4
Normal,18-24,6.86828747254772,Low,1916.7379936484872,Moderate,39.01335713412797,1,0,0,1,76.5
Oily,25-34,9.618735047700206,High,1360.3512511052077,Moderate,73.56576372466768,1,0,0,0,86.3
Oily,35-44,5.236283529491203,High,2780.970268095688,Low,63.26739859780922,1,0,1,0,71.4
Combination,18-24,6.774124677437609,High,1884.6483651584724,Moderate,54.32114674761685,0,0,0,0,89.7
Normal,35-44,6.191030614583532,High,500.0,Low,37.53112803780033,1,0,1,1,59.1
Dry,35-44,8.404759909085511,Medium,2099.974259062521,Moderate,54.13440485683072,0,0,0,0,96.4
Combination,25-34,3.1403125544508184,Low,2276.75299342702,Low,54.87141038127772,1,0,0,0,78.3
Combination,25-34,4.335327066233283,Low,1789.283875804891,High,75.61052017912445,1,0,0,0,81.8
Oily,25-34,6.338979766323556,Low,1322.0534871193956,High,41.957891571753834,1,0,0,1,74.5
Combination,25-34,8.82706658151424,Medium,1948.346491666751,High,75.51772370810231,1,0,0,1,82.1
Normal,25-34,6.8387627510559605,Medium,1759.1472663865777,Low,31.10946037232807,0,0,0,0,90.3
Combination,35-44,4.972678818603649,High,1512.2140400704818,High,68.35407418504262,0,0,0,0,86.8
Normal,25-34,4.704250110964654,Medium,1468.0874649526247,High,37.33060054187829,0,1,1,0,70.1
Oily,18-24,9.509484554267429,Medium,2078.117874468692,Low,88.60422977867469,0,0,0,0,100.0
Combination,18-24,6.068297801805639,Medium,2451.5109001948276,Extreme,84.09187774433143,0,0,0,0,95.4
Normal,18-24,5.585554941325354,Low,2230.7719189985487,Moderate,57.14266889609316,1,0,0,1,76.3
Oily,25-34,8.71605884094629,High,1136.00107070581,Low,36.623197404569325,1,1,0,0,72.4
Combination,35-44,8.516645508380487,Medium,2307.7390022779914,Moderate,22.075646577982383,0,0,1,0,85.9
Combination,35-44,8.911089464900193,Low,2386.2370060135245,Low,69.45727286623323,0,0,0,0,100.0
Dry,18-24,5.5749371796012746,High,2696.848375423883,High,55.188437288381614,1,1,0,1,64.1
Dry,55+,4.712341538478459,Medium,1525.0561219540527,Low,71.45399530378299,0,1,1,0,73.6
Dry,25-34,6.699749734044058,Medium,1971.6986803176862,Moderate,13.340938777050539,0,1,0,0,80.7
Oily,45-54,7.502689199610496,Medium,2283.762125151916,Moderate,63.537981801728485,1,0,0,0,85.9
Oily,35-44,7.5469027055572475,Medium,1736.2231509301946,High,70.72464426231093,0,0,0,0,95.6
Normal,35-44,9.217275903458503,Low,2275.954925173314,Low,37.4507361984044,0,0,1,0,90.7
Sensitive,18-24,4.399349364987628,High,1987.986836891046,High,67.9131385757996,1,0,0,0,76.6
Dry,18-24,8.289542576946648,High,1576.7725916722268,Low,31.82627532731201,1,1,0,1,64.9
Oily,18-24,5.355062433779024,Medium,1619.3788806547268,High,29.366159098052634,1,0,1,1,61.9
Oily,35-44,8.283602981291262,Medium,2624.644678137428,Extreme,46.73487039439719,1,0,0,1,79.5
Sensitive,25-34,5.787564943217934,High,1501.7906688016642,Low,58.347541254115384,0,0,0,0,87.4
Normal,35-44,5.779042306164232,Medium,1415.9998579151932,Low,90.96837193126409,0,0,0,0,93.5
Dry,25-34,5.585145939576197,High,2172.189432365905,Moderate,41.955716123974696,0,0,0,0,86.7
Dry,45-54,4.831584698835156,Medium,1984.7136078287529,Low,38.85371714763298,0,1,1,0,71.5
Dry,18-24,7.060643409750201,Medium,1344.1893112866308,Low,70.32225823623159,0,1,0,0,85.8
Normal,18-24,5.840989914009314,Medium,1740.2899129552377,Low,75.69221845144465,0,0,0,0,92.7
Combination,25-34,7.679447346350418,Medium,1591.6092608697234,Moderate,70.48619728999611,0,0,0,0,95.6
Sensitive,25-34,7.460084121549376,Low,1679.1662268765485,Low,99.23168263688592,0,0,0,0,100.0
Dry,25-34,9.032235579354186,Medium,3262.485198403323,Moderate,54.806491032260055,0,1,0,0,92.1
Dry,35-44,7.549491225311616,Medium,1848.7100476629855,Moderate,63.89015368979804,0,1,1,0,79.2
Sensitive,18-24,7.781016650620111,Medium,1559.3745279139257,High,47.40312896447068,0,0,1,1,78.4
Combination,25-34,8.60014971774172,Low,3010.8937453998246,Extreme,84.97546653889586,1,0,0,0,93.7
Normal,45-54,6.058505955959955,Medium,2444.1273990961977,Moderate,57.69590042696389,0,1,1,0,76.8
Dry,18-24,4.767612680765451,Medium,2362.4127802927046,Moderate,42.41067694396713,1,0,0,0,78.5
Dry,45-54,7.30014108869259,High,1583.4528528493165,Low,50.17479887049937,0,1,1,1,66.8
Oily,55+,4.866049796178394,High,2595.741678843253,Moderate,65.91433938350252,0,1,1,0,72.5
Combination,18-24,10.0,High,2408.137294116419,Extreme,52.08862416338451,1,0,0,0,87.0
Sensitive,25-34,8.683247438118414,Low,2073.5447909190075,High,69.73754357232639,0,0,0,0,100.0
Sensitive,25-34,9.745964499952372,High,1141.8484385638765,Low,56.8866267981244,0,0,0,0,94.5
Oily,35-44,7.093670464994694,Low,1990.039998761086,High,55.04248996476128,0,0,1,0,87.7
Normal,25-34,7.325860390552397,Low,2864.9653570826895,High,46.29835959325294,0,0,0,0,97.0
Sensitive,35-44,6.310786852071034,Low,2110.1914098710204,Low,100.0,0,0,1,0,90.8
Combination,35-44,8.324387208380127,High,1811.7667364590684,High,14.969209266367528,0,0,0,1,81.8
Normal,18-24,5.176685181923414,Low,1885.7713284556653,Low,61.20478280579621,0,0,0,0,92.2
Sensitive,45-54,3.185360215787832,Low,1920.3738465930917,Moderate,100.0,0,0,0,1,85.2
Combination,35-44,5.81393407076715,Low,1600.1928931115306,Moderate,14.036796084013922,0,0,0,0,88.2
Dry,25-34,4.316789786574026,Medium,1979.3775853185925,Low,48.21303549354387,0,1,0,0,79.4
Dry,45-54,9.216890104239305,High,2721.367264772775,High,84.55276964956545,0,1,1,1,76.3
Oily,35-44,9.723516182620475,Medium,2664.7274394554897,High,41.1757816891829,0,0,1,0,90.9
Normal,18-24,4.895606391380333,Medium,1622.832044837968,Low,56.71352476842972,1,0,0,1,71.7
Oily,25-34,8.437573411281859,Low,2637.9486922753467,Low,26.700554242062044,1,0,0,0,86.8
Combination,25-34,7.927077475251156,Low,2380.5706563263752,Moderate,50.82713040283362,0,0,0,0,97.7
Normal,18-24,4.6453349729216855,Low,2316.669268805831,High,81.93972443483847,0,0,0,0,94.1
Oily,55+,6.4145987036025724,Medium,2215.955940820067,Low,92.39028041579778,0,1,1,0,80.5
Oily,18-24,6.1297544168132205,Medium,1534.8118106102722,High,56.380917118419674,0,0,0,0,91.0
Dry,35-44,8.1219930979408,Low,1797.210907521442,Extreme,28.02586630529867,0,1,0,1,79.6
Sensitive,25-34,4.65683097364248,High,2416.459201560663,Moderate,57.238217824916234,0,0,0,0,86.9
Oily,18-24,6.851691061510777,High,1396.5648280625262,Low,4.670767802865278,1,0,0,1,67.0
Oily,45-54,5.9710982440755735,Low,1479.612447302062,Low,52.65034196543848,0,1,1,0,76.2
Combination,45-54,7.7100117750777155,Low,2153.0987123829527,Low,84.117459313483,0,1,1,0,84.1
Oily,25-34,6.174811952468106,Medium,1605.2336696704483,Low,15.927934418121971,0,0,0,0,87.2
Oily,18-24,6.197131444089408,Low,2411.9471768503836,High,44.823153929688516,0,0,1,1,78.7
Oily,18-24,6.680055136551883,Medium,1622.8910218717274,Low,29.595304209581187,1,0,0,1,72.6
Normal,25-34,9.554064249260168,Medium,2122.1900724315733,Low,94.84222967317342,0,0,0,0,100.0
Normal,25-34,5.874650545820916,High,2164.0357823253657,Moderate,59.9671622463619,0,0,0,0,89.1
Oily,25-34,4.938492172574319,Medium,1758.9526610512617,High,71.25934615364201,1,0,0,0,80.5
Oily,55+,7.875150353733948,Low,1880.1766851727034,Low,57.31489064860299,0,1,1,0,81.2
Sensitive,25-34,6.284712995865565,Low,1659.9942599800224,High,84.02459596490074,0,0,0,0,96.3
Oily,45-54,4.877149103700291,Low,1990.6976471738817,Moderate,87.01602172165394,0,0,1,1,79.4
Dry,35-44,10.0,Medium,1519.1563799560367,Moderate,60.95756143899144,0,0,0,0,99.1
Dry,25-34,5.971281581620028,Medium,1888.2461242514707,High,36.720344109881026,0,1,0,0,81.4
Normal,45-54,6.433195819057973,High,2374.2455038976077,Low,36.61892213445512,0,1,1,1,65.3
Dry,25-34,6.739753027862146,Medium,1431.6244604696644,Moderate,93.96829452159827,1,1,0,0,77.7
Normal,45-54,9.595175153813258,Medium,1756.4652940110532,High,80.5169663005411,0,1,0,0,92.8
Sensitive,25-34,3.980382010221506,Medium,2259.1312049924745,High,9.419951136086034,1,0,1,1,58.4
Normal,18-24,7.413978774130809,Low,961.1776091596689,Low,43.884405988661435,0,0,0,0,93.1
Oily,45-54,10.0,High,2927.7920181996687,Moderate,70.40209012085543,1,0,1,0,81.9
Normal,25-34,6.693093021109473,Low,2522.6289570154668,Low,91.8064038753619,1,0,0,0,89.6
Sensitive,45-54,5.14699903104478,Low,1230.8322098813398,High,47.433108737600634,0,0,1,1,74.5
Dry,45-54,6.072404720559021,Low,947.902100034124,High,70.65876849391982,0,1,1,0,77.1
Dry,18-24,7.310323794635186,Medium,2014.8087936670308,Moderate,40.006747853755,0,1,0,0,84.7
Normal,25-34,8.496205873459793,High,1439.8779020489424,Low,20.076717420491523,0,1,0,0,80.9
Combination,25-34,5.990996233375909,Low,2480.746645099206,Low,83.63574637999207,1,0,0,1,80.3
Oily,35-44,8.239977696148648,Medium,2197.001081065844,Moderate,35.89574273561411,0,0,1,0,86.5
Combination,35-44,4.846946759429667,Low,2061.6895081686353,Extreme,84.26959711171506,0,0,1,0,86.2
Oily,25-34,4.334422445607418,Medium,1714.8718074881988,High,10.135385984956734,1,0,0,0,73.1
Normal,25-34,5.775798966972576,Medium,2800.0038198946763,High,37.749665384144436,1,0,1,1,65.9
Normal,35-44,9.157043082809892,Medium,2376.7260503608427,Moderate,74.3008473519869,0,0,1,0,92.5
Oily,18-24,7.103311959270654,Medium,2301.582904510323,Extreme,67.91943234950696,1,0,0,1,78.6
Dry,45-54,7.434716793349929,High,2600.027982313721,High,70.92204885539016,0,1,1,0,78.2
Normal,35-44,7.417119393360291,Medium,1490.5695682535654,Moderate,84.63546949488138,0,0,0,0,96.3
Combination,45-54,8.663811973880096,Medium,2642.3689345195453,High,52.78496633640085,0,1,1,1,74.9
Oily,25-34,5.584668961193219,Medium,1867.6958518186814,Moderate,84.80968694329857,0,0,0,0,93.4
Dry,18-24,8.03242766273235,Medium,2167.364848301225,Moderate,58.91542807004882,0,1,0,0,88.3
Oily,25-34,5.253676004217304,Low,1921.7684951640333,Extreme,68.37016717390027,1,0,0,1,76.2
Oily,18-24,9.97490898388114,Medium,1061.0671968132074,Low,59.08980457512345,0,0,0,0,98.0
Dry,55+,5.799413343554965,Low,2478.674130486124,High,62.285901087729016,0,1,1,0,78.8
Normal,18-24,5.6764160453820685,Medium,1087.7583385462722,Moderate,24.971356752565693,1,0,0,0,76.0
Normal,35-44,7.824504720232074,Medium,1516.7396999937125,Extreme,36.458668338270215,0,0,1,0,84.3
Combination,25-34,6.619682647148486,Low,1773.5876847859395,Low,36.47043256336172,1,0,0,0,82.4
Sensitive,25-34,6.990278609391401,Medium,1023.1922269953604,High,77.85791701708969,0,0,0,0,93.8
Oily,18-24,7.340970693238477,High,1449.6886885981462,Low,35.28466565612693,1,0,0,0,78.1
Oily,35-44,5.364411701788842,Medium,2122.4100453920155,Low,52.59810330277415,0,0,0,0,90.2
Dry,25-34,8.920038393619226,Low,1826.6744042322316,Moderate,48.18397110062255,0,0,0,0,98.3
Oily,25-34,7.8403133088336645,High,1867.9235631374247,Moderate,85.44678222408925,1,0,0,0,85.0
Normal,45-54,9.038424926900674,Medium,1542.496774505705,Extreme,75.06963626787025,0,0,1,1,83.7
Normal,25-34,5.707503666334364,Low,2023.0906618789447,Low,13.46735811598981,1,0,0,0,78.8
Combination,25-34,7.124785317072757,Medium,1837.3759874017005,Low,53.99223805505867,0,0,0,0,93.3
Dry,25-34,6.796052693352037,Medium,1179.5172994908166,Low,42.4144439789896,0,1,0,0,82.2
Normal,18-24,8.69200393930226,Medium,1899.5406652145361,Moderate,44.291832790952924,1,0,0,0,85.6
Oily,45-54,8.740372197744428,Medium,1379.0440865409296,Low,60.016112163551604,0,0,1,1,81.2
Oily,25-34,6.789576204437172,Medium,2448.8485559712826,Extreme,78.14603794394732,0,0,0,0,96.3
Dry,18-24,4.723073302235123,Medium,1804.2466326506978,Moderate,29.662366183486206,0,1,0,0,78.0
Normal,25-34,9.169492830631533,Medium,3260.762215365393,High,55.09708416036072,0,0,0,0,100.0
Normal,35-44,7.833981150535209,Medium,2483.451268260726,High,67.26589047400105,0,0,0,0,97.4
Combination,25-34,5.587344437913287,High,1934.8654123564156,Moderate,44.46561917598351,0,0,0,0,86.5
Normal,35-44,7.609813207400043,Medium,2289.7394166119593,Extreme,44.04193515035334,0,0,1,1,79.2
Dry,18-24,4.733359677321214,Medium,955.1004056441855,Extreme,31.11657876225677,0,1,1,0,68.5
Oily,25-34,8.083029601206565,Low,2481.189703454878,Low,39.48402100701402,1,0,0,0,87.1
Normal,45-54,4.793182383581271,Low,1589.854751421254,Extreme,78.44062293833986,0,0,0,0,92.6
Oily,18-24,6.668748261944376,High,2044.8665185221769,Moderate,41.041558192888445,1,0,0,0,78.5
Combination,45-54,7.3666816744083246,Low,1636.188743574994,Low,57.52152693400264,0,1,1,0,79.8
Combination,18-24,8.55825956797314,Low,1689.3408123783188,Moderate,21.07572545559309,0,0,0,0,94.6
Combination,45-54,7.159817014651561,Medium,1909.4339550102873,Low,48.141281037951146,0,0,0,0,93.0
Oily,25-34,7.452444310418826,Medium,2038.4163875033091,Moderate,55.733899208970364,0,0,0,0,94.6
Dry,35-44,6.95774963732567,Medium,1986.5420596053539,High,18.319428679704444,0,1,0,0,81.7
Oily,18-24,6.951721073583576,Low,1999.0076879309859,Low,76.12232336049966,0,0,0,0,97.5
Oily,18-24,7.128215875522446,Low,1187.1586462592784,Low,35.1784677882026,1,0,0,0,82.1
Combination,18-24,6.716413118721438,Medium,3166.0248021320544,Extreme,94.0746890080849,1,0,0,1,82.2
Normal,18-24,4.470144635377847,Medium,2115.990164534005,Moderate,60.499615212871674,0,0,0,0,89.2
Normal,25-34,5.347514759455057,Medium,2218.783672818566,Moderate,4.128800897648702,0,0,0,0,85.5
Oily,25-34,6.867162261667548,Medium,1830.0044446024694,Extreme,56.938196317446035,1,0,0,0,83.1
Normal,25-34,6.126318494766922,Medium,1562.9226527211893,Extreme,42.04939965632311,0,0,1,1,74.6
Normal,35-44,6.76628637672714,Low,2075.5178654850874,Low,67.24959395958838,0,0,0,0,96.4
Dry,35-44,6.514969495841926,Medium,2144.6384553205135,Moderate,100.0,0,1,0,0,89.3
Oily,35-44,5.7046024109022735,Low,2650.9044387273666,Extreme,77.62430484987797,0,0,0,0,96.5
Combination,25-34,5.760350808535559,Low,3038.808841757399,Low,44.35685539573402,1,0,0,0,84.0
Combination,25-34,6.039752383417108,Medium,2738.5112019951075,Moderate,15.078101524343275,1,0,0,0,79.1
Oily,25-34,6.507714710812774,Low,1116.7355382900205,Moderate,71.81944927070305,0,0,0,0,94.4
Oily,45-54,7.590067516704568,Medium,1769.7909295951035,High,72.74333310112564,0,0,1,0,88.0
Oily,18-24,6.729174563671391,Medium,2167.908559977184,Low,78.94755295229822,1,0,0,0,85.7
Dry,18-24,5.455517116461371,Medium,1799.8571737937832,Moderate,46.42841929646139,0,0,0,0,89.2
Oily,35-44,4.902876940121825,Medium,1978.086591627132,Low,67.3777266713355,1,0,1,0,72.5
Dry,18-24,10.0,High,927.4318779534094,Low,43.843407424146065,0,1,0,0,85.2
Oily,45-54,5.305277454603155,Medium,2457.1065004916522,Low,62.171202119368935,0,0,1,0,83.7
Dry,45-54,6.222062498103425,Medium,1062.2723805967707,Low,22.136942292553584,0,1,1,1,63.8
Oily,18-24,7.775500453770903,High,1213.7552379263334,High,57.95672724762421,1,0,0,0,80.8
Oily,18-24,7.541290914348521,Medium,1492.6646078541771,Extreme,59.559875283355446,1,0,0,1,77.0
Sensitive,25-34,7.281298538842359,Medium,1951.2330231156004,High,52.403698175822754,0,0,0,0,93.7
Combination,35-44,6.335924395701737,Medium,1188.6373224105705,Moderate,75.16640546507745,1,1,0,0,74.6
Normal,25-34,6.857837105959321,Medium,1469.8038829675847,Low,71.81404541711123,0,0,0,0,93.8
Combination,35-44,7.092015496361295,High,2574.472521154772,Low,95.00411718841335,0,0,0,0,95.8
Oily,25-34,6.031802948688069,Low,1943.8198234872877,Moderate,24.49870361604074,1,0,0,1,73.4
Combination,25-34,6.86811461265701,High,2216.773489349031,High,66.73462023147961,1,0,0,1,74.8
Combination,18-24,8.58304832012606,Medium,1381.8786078751277,Low,83.44749187262593,1,0,0,1,81.3
Oily,35-44,6.966699664847013,High,1973.0819877213853,Extreme,51.23012104955831,1,0,1,0,72.0
Normal,18-24,6.976679269534638,Low,1932.0666968443156,High,84.87297838427563,1,0,0,0,88.3
Oily,45-54,8.602241552313977,High,1602.3647645468052,Extreme,41.85232432477484,1,1,1,1,58.6
Dry,25-34,7.94204053972822,Low,1974.4614479410707,Moderate,51.74271855261308,0,1,0,0,89.0
Dry,25-34,8.875904661445226,Medium,1053.937353588541,Moderate,6.824177812846642,0,1,0,0,82.5
Oily,45-54,4.365654648280635,Medium,2219.3043721680656,Low,13.318508854276075,0,0,1,1,69.5
Normal,45-54,8.357678774754085,Medium,1800.2536412234285,Moderate,21.165626245881164,0,1,0,0,84.4
Combination,25-34,7.402370068103269,Medium,1871.390304088261,Extreme,85.46833948919354,1,0,0,1,80.1
Sensitive,18-24,5.671521403370102,Low,2425.882901058392,Low,45.61027471407448,0,0,0,0,92.8
Dry,35-44,7.3773818769982675,Medium,2216.016738729005,Low,40.673726233951044,0,1,0,0,85.3
Normal,25-34,8.076682621636998,Low,1840.830405469444,Low,60.20623861869258,0,0,0,0,97.9
Oily,18-24,5.7562616162719,Medium,1441.7069854439833,Extreme,31.411146458640992,1,0,0,1,70.5
Normal,45-54,7.663843643534211,Medium,2664.3307023937955,Low,90.12475645535756,0,0,1,1,84.7
Sensitive,18-24,8.307030513596526,Low,1329.9389990361572,High,100.0,1,0,0,0,91.3
Normal,18-24,5.393470656202767,Medium,2314.6834513005756,Low,0.0,0,0,0,0,85.4
Dry,18-24,6.786571461332278,Medium,1201.3030278968172,High,63.00654129761553,1,1,0,0,74.3
Oily,35-44,7.451452564963617,Low,2458.936651572563,Moderate,8.48794491865285,1,0,1,0,74.7
Dry,35-44,5.805802741685568,High,2505.300426441784,Low,25.996779351100564,0,0,1,0,78.2
Dry,25-34,5.1812702013596805,Medium,1043.6945784057662,High,61.9411995472623,0,1,0,0,80.6
Combination,25-34,6.297433097205839,Low,2224.6675263439674,High,26.407558267198077,1,0,1,1,66.7
Oily,25-34,7.7024595753555385,Low,2183.251823874927,Moderate,56.52300641777359,1,0,0,0,87.4
Normal,35-44,7.965601001788165,Medium,2351.5246523430133,High,60.776511808978434,0,0,1,0,88.7
Normal,18-24,5.7078809062204865,Medium,2182.620137509159,Low,8.798411179725164,1,0,0,1,69.7
Sensitive,45-54,7.978251827673529,Low,1518.8421536048888,Extreme,91.43532182918322,0,1,1,0,84.1
Combination,18-24,5.746090335750237,Low,1891.3835162650646,Low,57.474941455696815,1,0,0,0,83.0
Dry,55+,4.584745303009848,Medium,2832.3232682169846,Low,50.97066719422383,0,1,1,1,66.9
Dry,18-24,6.449284643429153,Medium,1446.0932620252133,Low,33.79876195289787,0,0,0,0,89.2
Dry,35-44,8.684454057378604,Low,2161.4289791755864,Low,69.74174842113378,0,1,1,0,84.7
Normal,18-24,7.98394082821206,Medium,2575.626936977525,Moderate,17.652629454895077,0,0,0,0,92.9
Sensitive,18-24,6.997642288940209,High,1504.6235955696775,Moderate,39.799314911265185,1,0,0,0,78.0
Oily,45-54,6.374941774613414,High,1291.6066764420934,Moderate,68.02319347513419,1,1,1,1,56.1
Oily,45-54,6.415356795825353,High,1366.9488331744378,Low,85.75380410542255,1,1,1,1,58.1
Dry,25-34,6.663177358791194,High,2197.4856807881997,Low,38.0717404508555,0,1,0,0,80.5
Normal,35-44,5.397343771231257,Low,1362.6981135041528,High,71.42527260902757,0,0,0,0,92.7
Normal,25-34,5.977838982198055,Low,1932.3199796839617,High,55.12395455418167,0,0,0,0,93.3
Combination,45-54,6.676645807960346,Medium,2685.63569815161,Moderate,70.35761446136014,0,0,1,1,80.8
Normal,25-34,4.473388312322754,Medium,1974.3459377956844,Moderate,32.70541573708657,0,0,0,0,86.2
Dry,25-34,5.242327623653638,High,1611.093605919598,Low,46.26882112069138,0,1,0,0,77.3
Oily,25-34,7.115760187229572,Low,2062.704836356693,High,49.044133852057165,1,0,0,1,78.3
Oily,25-34,6.514267759911491,Medium,1965.6635729658374,Extreme,87.45968830877896,0,0,0,0,95.7
Oily,45-54,6.536857313209926,Medium,2226.3288194016213,Low,32.3875967834098,0,1,0,0,82.8
Oily,18-24,5.632858843693054,Medium,2809.5722769094264,High,14.90524537492891,1,0,1,0,70.4
Combination,18-24,9.365274738383825,Medium,2198.384429418488,Moderate,100.0,0,0,0,0,100.0
Oily,25-34,5.243031177981022,Low,3016.891255882952,Low,57.724243667184496,1,0,0,0,84.3
Dry,35-44,7.3773892108926065,High,2227.6509517387713,Moderate,73.7126659416419,0,1,0,0,85.6
Oily,18-24,6.268196367889307,Medium,1616.334353645978,Moderate,66.0541863326759,1,0,0,0,82.4
Dry,25-34,6.554418938957503,Medium,3144.1514971143006,High,69.2971305580765,0,0,0,0,96.3
Sensitive,45-54,7.686414612910559,Low,1937.5909913273915,High,97.47497468092082,0,0,1,1,86.0
Combination,18-24,4.944615116188171,Medium,1472.5538840544975,Extreme,69.4114306759444,1,0,0,0,79.8
Oily,35-44,6.990075633769768,Low,3161.864331814967,Moderate,88.17550596466799,0,0,0,0,100.0
Normal,35-44,8.786092973469769,Low,1633.4415569097603,Moderate,64.18478179103144,0,0,1,0,91.3
Oily,25-34,9.142252840238005,Low,1613.8052839820523,Moderate,76.80561828245396,0,0,0,0,100.0
Dry,45-54,6.804979040117304,Low,1724.2647459777957,Low,100.0,0,1,0,0,91.1
Normal,35-44,7.062521810825364,Medium,2082.3132066611024,Moderate,64.8978943180102,0,0,0,0,94.8
Oily,25-34,9.816999542902298,Medium,2465.4306987244436,High,62.01963773771358,1,0,0,0,90.8
Dry,25-34,8.202386422398797,High,675.6041931559064,Low,35.50473960044759,0,1,0,0,80.3
Oily,35-44,6.074073146117172,Low,2463.2502426557508,Extreme,55.87932436059562,0,0,0,0,94.7
Combination,25-34,5.571524823670815,Low,1722.7326988351845,Moderate,58.82132348948903,0,0,0,0,92.5
Normal,45-54,8.434824192680903,High,1793.5527784199332,High,50.269151478186075,0,0,1,0,84.5
Normal,25-34,4.983444304931404,Low,2857.5959054606587,Extreme,52.3119677110264,0,0,0,0,92.9
Combination,25-34,8.13159012700828,Low,2106.6540799345,Moderate,58.533199571157944,1,0,0,0,88.3
Oily,18-24,7.501449945626512,Low,2223.8506739325508,Low,88.01556871349138,0,0,0,0,100.0
Dry,18-24,7.776581146040609,High,1975.7199425902186,High,28.405187518751642,1,0,0,1,72.3
Oily,18-24,6.61489929477992,High,2381.8212919411676,High,60.504076310825596,1,0,0,0,81.0
Oily,45-54,6.055262793630385,Medium,2809.005286477439,Low,44.8958858191378,0,1,1,0,76.2
Combination,35-44,9.192989246302481,Medium,762.4673584634802,Low,79.15090785377099,0,0,0,0,97.8
Combination,35-44,6.629894079169787,Medium,2542.3089953681215,Low,81.13748589939102,0,0,0,0,96.5
Dry,35-44,6.383597385139208,High,2773.5165319376765,Moderate,100.0,0,1,1,0,79.3
Oily,45-54,6.8797943981802865,Low,2250.5316239502963,Extreme,49.35779826931477,0,0,1,1,80.2
Dry,25-34,6.7895331990769145,High,1661.3187886475755,Low,53.63898461597572,0,1,0,0,81.3
Oily,45-54,5.453762309920827,Low,1423.8637760499114,High,80.10150177472954,0,1,0,0,85.8
Normal,25-34,5.652692758689632,Medium,3180.922843456631,High,66.46592425661309,0,0,0,0,94.3
Sensitive,45-54,6.0729518891409136,Low,1547.5081566885679,High,12.80502311777466,0,0,1,1,73.5
Normal,35-44,8.267920456910272,Medium,2758.820785528126,Low,42.81383318777255,0,0,1,0,88.3
Sensitive,25-34,5.171056148000166,Medium,2195.2556622378856,Moderate,79.25291056222173,1,0,0,0,82.7
Oily,25-34,3.866348213362919,Medium,3022.9154030074105,Extreme,44.75510364406397,0,0,0,1,81.3
Normal,25-34,3.5493581556407694,Medium,1840.8699178450672,Low,70.28627878371745,1,0,0,0,77.8
Dry,18-24,4.7944297979864245,Medium,1196.209538191556,Low,76.05185215129994,1,1,0,1,64.6
Combination,25-34,8.542307304272168,Medium,2001.0854235979712,High,44.66273836553982,0,0,0,0,95.6
Combination,25-34,6.524309899226077,Low,1256.7761810497916,Moderate,65.02058025814883,0,0,0,0,94.1
Combination,18-24,7.751873630210804,Medium,3338.5302656037984,Moderate,86.4035476071117,0,0,0,0,100.0
Dry,45-54,7.804731590681994,Low,2314.749112040438,Extreme,85.46258575461775,0,1,1,0,84.8
Dry,35-44,7.084275877588481,Medium,2389.065224677229,High,40.733821854947195,0,0,0,1,86.0
Combination,45-54,6.8878280550230375,Medium,2389.3851415130275,Moderate,55.371663669727894,0,1,1,0,78.1
Oily,35-44,8.566789644727212,Medium,1653.2051596883366,Moderate,60.6870163263024,1,0,0,1,79.5
Oily,25-34,6.71899387146896,Medium,1933.9847537414726,Low,26.61935049575688,1,0,0,0,80.0
Oily,25-34,8.598646218895121,Medium,2055.182315679886,Moderate,76.74986036674866,1,0,0,0,89.0
Sensitive,35-44,7.9312449179348,Medium,2971.9442317097282,Moderate,58.8761113187536,0,0,1,0,89.7
Sensitive,55+,6.0733055897784585,Medium,1421.4541007088337,Low,62.46439291505948,0,0,1,1,76.2
Normal,25-34,5.754298964195096,High,1635.7080551226004,Extreme,76.79601271339541,0,0,0,0,89.5
Combination,45-54,5.908802790318581,Medium,1818.5344468869923,Low,48.725170337981716,0,0,0,1,83.3
Sensitive,45-54,8.826322032926074,Medium,1663.1766704446795,Moderate,66.58479554164826,0,1,0,0,89.6
Normal,35-44,6.392423570581671,Medium,1270.5367727412245,High,68.45125536945848,0,0,1,0,84.2
Dry,45-54,5.802290804800551,High,647.6477397875374,High,49.777154172050956,0,1,1,1,61.9
Sensitive,25-34,6.97966706169023,Medium,1086.5777671643832,Moderate,100.0,1,0,0,0,86.1
Normal,55+,6.854249340441245,Medium,2549.514966290745,Moderate,27.113878045903316,0,0,1,1,76.5
Dry,35-44,7.441852768862746,Medium,1995.8905495103897,Extreme,2.6296783419936673,0,0,0,1,82.1
Oily,18-24,9.834720855840764,Medium,2417.769458127035,Moderate,71.07491355078653,1,0,0,1,84.6
Sensitive,45-54,8.36960620889329,Medium,1708.7432020458189,High,66.06078320416444,0,0,0,1,89.8
Sensitive,25-34,6.5405158314528595,High,1950.8321698704533,Extreme,44.80923313080188,0,0,0,1,81.5
Sensitive,25-34,4.387364923690987,Low,2806.5787504794416,Low,74.59785039142164,0,0,0,0,93.8
Oily,25-34,5.750056254187046,Medium,2776.361302828708,Extreme,60.48477851621967,1,0,0,0,83.1
Combination,18-24,8.066569153817955,High,2470.986066296137,High,30.952916785667234,1,0,0,1,74.2
Combination,25-34,4.743438440507275,Low,2101.2088936452096,Moderate,79.67223297878547,1,0,0,1,76.7
Oily,45-54,10.0,Medium,2258.98471377462,Moderate,81.54692532743582,0,0,1,1,87.7
Combination,18-24,7.021624843953323,High,2185.319149322696,Extreme,99.36433214989562,0,0,0,0,95.4
Normal,25-34,6.573272589814227,High,1916.536603172941,Low,38.53414856842837,0,0,0,0,87.8
Dry,18-24,6.000032210563033,Medium,1797.815095279801,Moderate,53.90671694231051,1,1,0,0,73.0
Oily,25-34,7.245106635163578,Low,2561.1839726505627,High,55.8332941305148,0,0,0,0,97.2
Normal,35-44,5.262997290216652,Low,1352.1862255519322,High,51.826317469767424,0,1,0,0,82.4
Normal,35-44,10.0,Medium,2743.6791386243212,Low,70.0804729310261,0,0,0,0,100.0
Dry,45-54,8.976026956978018,Low,1862.2785966260928,Low,71.96060938492994,0,0,1,0,92.9
Oily,35-44,8.476444667795569,Low,1342.9732476511585,High,71.9719935710911,1,1,0,0,80.8
Combination,25-34,4.414356491315286,Medium,1727.247571151694,Moderate,41.83767285592212,1,0,0,1,69.5
Normal,45-54,7.308119905686627,Medium,1562.7960564543632,Low,54.76694999138421,0,0,1,1,78.2
Oily,35-44,8.813629597021007,High,1712.162823948075,Low,45.822623856778236,1,0,0,1,75.6
Dry,25-34,7.389658099036609,Low,1703.0232406564176,Moderate,31.229445701176914,0,1,0,0,85.3
Combination,35-44,5.496836343049337,Low,1683.1526143123886,Moderate,58.401273358090435,0,0,0,0,92.2
Oily,45-54,6.024859367037017,High,1846.0214659300823,High,97.91330252910473,0,0,1,0,84.5
Dry,35-44,6.322095792991014,Medium,1967.6133339694638,Low,100.0,0,0,0,0,96.6
Combination,25-34,5.594843248267089,High,2381.9298175904837,High,82.8464557190811,1,0,0,1,74.2
Dry,35-44,9.293168253565462,High,1877.5236840064501,High,48.40304234289252,0,0,1,0,86.2
Oily,18-24,4.118480291765116,High,2163.0104033137973,Moderate,60.191793888029935,1,0,0,0,75.6
Normal,25-34,7.483878709488255,Medium,2003.7656560242688,Low,0.0,0,0,0,0,89.0
Combination,25-34,4.561544937607323,Medium,2270.2903852464797,Extreme,46.1249062921008,1,0,1,1,63.3
Normal,18-24,5.558122768823399,Medium,2023.33766982793,Low,40.28615641172038,1,0,0,0,79.2
Combination,18-24,3.985399949696924,Medium,1676.589112341515,Moderate,96.85842888095009,1,0,0,0,81.0
Dry,18-24,6.176418353261701,Medium,1540.9001736797068,Moderate,56.51023222650382,1,0,0,0,81.1
Sensitive,35-44,9.26609747730882,Medium,2105.1147992521073,High,76.26804014115342,0,0,1,0,92.4
Combination,45-54,7.397236363697167,Low,2636.6892449503193,Moderate,58.28914797588316,0,0,0,1,90.9
Sensitive,55+,5.202457679501355,Medium,1885.4376864951325,Moderate,57.728435773697726,0,0,0,1,82.9
Oily,25-34,8.02572151156897,Low,1649.5681730858987,High,63.288929966690674,0,0,0,0,97.7
Combination,25-34,8.346956395353029,Medium,1871.9146623642155,Extreme,33.439943268332485,0,0,1,1,78.8
Oily,45-54,7.156069721558628,High,1719.3027445487555,Moderate,73.7467032372154,0,0,0,1,85.1
Oily,18-24,10.0,Low,1666.5097404440428,Moderate,85.79391733934477,0,0,0,0,100.0
Dry,35-44,8.232346186936923,Medium,1278.2027092498743,High,62.816015421704606,0,1,0,0,87.3
Combination,35-44,8.023978760938881,Low,1877.7958568690558,High,52.14171955845732,0,0,1,0,89.0
Sensitive,18-24,5.794931939250565,High,2117.8885769216936,Moderate,63.11699252319557,0,0,0,0,89.1
Combination,45-54,7.941097728432011,High,1459.047921400974,Moderate,90.01713651569341,0,1,1,0,78.8
Oily,45-54,7.32518691640674,High,1560.830124866073,Low,63.48043690263732,0,1,1,0,75.1
Oily,18-24,7.77974350400654,High,1525.9690027558936,Moderate,34.76664854590201,1,0,0,0,79.1
Combination,18-24,5.973121571288004,Medium,1306.661016476899,High,70.21633909698508,0,0,0,0,91.6
Oily,18-24,7.19214832653848,Low,1522.2039481803665,Low,32.23271070272607,0,0,0,0,92.7
Normal,25-34,5.274707749677563,Medium,1901.0717855870205,Moderate,44.16431051516561,0,0,0,0,88.8
Oily,25-34,3.279301850050952,Medium,1328.9710969775806,Moderate,55.72907222795544,0,0,0,0,84.8
Oily,25-34,7.997456852867575,Medium,1931.228766267582,High,29.82424266373756,0,0,0,0,92.8
Oily,25-34,4.246416527465724,Medium,1648.2666037697925,High,5.339721345127366,0,0,0,1,75.3
Oily,45-54,7.160779697173624,Low,1535.5089705898527,Moderate,71.23608214738499,0,0,0,0,96.5
Normal,25-34,6.99950319417356,Low,2188.604408186566,Low,0.0,0,0,0,0,90.4
Normal,18-24,7.4898445237945825,Medium,1679.9371973430489,Moderate,26.835953113225827,1,0,0,1,74.0
Sensitive,25-34,6.075381389602625,Low,1764.9930669661749,Moderate,84.45465098195416,1,0,0,0,86.1
Oily,25-34,6.90681721291996,Medium,2649.0034050001086,Moderate,60.47998186065425,1,0,0,1,78.2
Oily,25-34,7.206450604677743,Medium,1539.9721831290144,Moderate,46.05173817525609,0,0,0,0,92.1
Dry,25-34,7.602447223627976,Medium,2782.937273796182,Moderate,27.61263528480029,1,1,0,0,75.5
Oily,18-24,9.600162009076394,Low,1826.1044354736696,Moderate,39.224606094075575,1,0,0,0,88.8
Sensitive,45-54,7.351291227247308,High,1431.9326835640175,High,89.41216441844706,0,1,1,1,70.5
Combination,55+,7.0960732675265525,Low,1723.0258294689916,High,46.69083954657097,1,0,1,1,69.3
Normal,25-34,5.139906551974859,Medium,2034.3874533111855,Low,19.12103384301776,0,0,0,0,86.3
Oily,25-34,7.153919485849006,Medium,2627.2519299203564,Moderate,28.00183099260183,1,0,0,0,82.4
Combination,35-44,8.001074654710854,Low,2399.41240428164,Moderate,49.13444313372395,0,0,1,0,89.7
Sensitive,35-44,6.711545223577559,Low,2031.953424917854,Low,84.17453633744884,0,0,0,0,97.9
Oily,25-34,7.316918756276055,Low,2629.977990744562,Moderate,52.61403630273645,1,0,0,0,87.2
Dry,45-54,6.561225709675988,Medium,1059.481476066257,Moderate,28.838655966888307,0,1,0,0,80.1
Normal,25-34,7.506488978133387,High,2124.720765029927,High,83.67640812700783,1,0,0,1,77.6
Sensitive,25-34,7.868903471044614,Medium,2154.9698633128005,Low,46.42747679008363,0,0,0,0,94.7
Oily,35-44,8.347941800095729,Medium,2161.071233789492,Moderate,71.02616268949829,0,0,0,0,98.1
Sensitive,55+,7.176766489211951,Medium,1194.9244170056454,Low,41.31591290066369,0,0,1,0,82.9
Dry,35-44,5.440047772574423,Low,1491.5437991607632,High,100.0,0,1,0,0,87.9
Dry,18-24,6.082130421037268,Low,1916.762788921137,Extreme,83.1254265597488,0,0,0,0,96.3
Dry,25-34,7.392735985827093,High,2557.3957524807392,Moderate,30.63966211194055,0,0,0,0,90.0
Oily,25-34,10.0,Low,2957.632247858831,Moderate,52.211514875673316,1,0,0,0,93.1
Normal,25-34,5.988918842701877,High,1667.7823742082887,Low,24.269316296074816,1,0,0,0,74.7
Oily,35-44,7.68375651758221,Low,1345.0766040144522,Moderate,51.10034393743601,0,0,1,0,87.2
Normal,45-54,6.165921163780895,Medium,2407.880718212561,Moderate,70.57365638167947,0,0,0,1,87.2
Combination,35-44,5.539049433626349,High,3307.185005650442,Low,81.12618303511616,1,0,1,0,74.8
Oily,55+,5.985526204633956,Medium,2553.4703166505924,High,19.040335366866035,0,0,1,1,74.0
Normal,25-34,3.3762920349459926,Medium,1625.683638002987,Low,31.28606112366285,0,0,0,0,83.1
Sensitive,45-54,9.030152594361626,Medium,3430.5696466086056,High,98.54413420216977,0,0,1,0,96.8
Combination,35-44,3.6548046206280795,Medium,2343.3998102344567,Moderate,93.09782334094186,0,0,0,0,91.3
Sensitive,25-34,6.104257654399051,Low,1604.493393204153,Extreme,45.67182287759337,0,0,1,1,77.0
Sensitive,35-44,5.232808156974919,High,2967.1510831688556,Low,98.92138005121495,0,0,0,0,93.3
Normal,18-24,5.673429676956694,Low,1565.0040943005797,Low,19.11018782913144,0,0,0,0,88.4
Oily,35-44,9.064783989608003,Low,1689.4557406690283,Extreme,52.56247362056378,0,0,1,0,90.8
Combination,25-34,6.801600485047088,High,2363.310411170562,Low,21.38979945107056,0,0,0,0,87.5
Dry,25-34,5.051905761227449,Medium,1987.5473410553727,Moderate,39.85660218371124,1,1,0,1,63.1
Normal,35-44,6.115724301255234,Medium,2018.5035660023834,Moderate,100.0,0,0,1,0,88.3
Combination,35-44,5.851778169336871,High,2019.3457508213985,Moderate,58.627476407739834,0,0,1,0,80.6
Oily,18-24,6.934681491881679,Medium,2557.2399629350803,Moderate,42.95171332375065,1,0,0,1,76.3
Oily,18-24,7.259337527181539,Medium,837.8046801441885,High,35.88063991004762,0,0,0,0,89.8
Dry,25-34,9.34336215984284,High,2142.256942943235,Low,42.50454803482061,0,0,0,0,94.2
Dry,25-34,3.6255488510034395,Medium,1854.898311459741,High,29.78730515981745,0,1,0,1,68.9
Dry,45-54,6.9477815278630715,Low,1623.751983734692,Moderate,63.42009185573386,0,1,1,0,79.5
Normal,45-54,6.526648461198217,Medium,1622.431791033333,Moderate,59.1851504489658,0,0,0,0,92.2
Combination,25-34,7.919822791575173,Medium,681.4451653903902,Moderate,38.56480763413839,1,0,0,0,81.1
Oily,35-44,7.53222717726759,Low,1600.790948199403,Extreme,46.368278092070845,1,0,1,1,69.9
Normal,25-34,7.385543312172418,Medium,2645.2313624696685,High,54.57090397613591,0,0,0,0,95.5
Combination,35-44,7.517629279022624,Medium,2416.0274390137697,Moderate,41.76686916961807,0,0,1,0,86.0
Sensitive,18-24,5.602013312074691,Low,1904.3091188027538,High,58.996618503981324,1,0,0,1,75.9
Combination,25-34,8.31689824473952,Medium,1294.3721390796718,Moderate,38.71953504766138,0,0,0,0,93.1
Combination,35-44,8.197757356923503,Low,2410.9348861295643,High,4.847596267420187,0,0,1,0,85.7
Dry,18-24,8.373294687587114,Medium,2654.924205830209,Low,71.50229246406579,0,0,0,0,99.2
Dry,35-44,8.896075255760747,Medium,2517.0973353988325,Moderate,14.183706597841855,0,1,1,0,78.2
Normal,45-54,7.62651265097794,Low,1515.637222506815,Moderate,15.792923152582595,0,0,1,0,83.9
Oily,25-34,8.721488606176239,Low,1567.5606595686565,High,72.38342306053818,1,0,0,0,89.8
Oily,25-34,7.066459357679962,Low,2827.955629422107,Low,22.288383759210305,1,0,0,1,77.0
Oily,45-54,6.671412117963087,Low,1395.3644792515197,Low,8.08792053722356,1,1,0,0,70.9
Combination,35-44,6.990094134274953,Medium,2239.106682757785,High,93.4343886811861,0,0,0,0,97.8
Oily,25-34,6.464234347795825,Medium,1111.1319264634028,Low,34.04951853295308,0,1,0,0,80.6
Normal,25-34,5.720913016864186,Low,1849.8423163130421,Low,80.36831293310844,1,0,0,1,78.2
Oily,35-44,9.447833272555332,Medium,2292.575200367178,High,37.118224845264656,0,0,0,0,97.2
Dry,25-34,6.9444430482555015,High,1985.0170214289437,High,8.912962811331873,0,1,0,1,70.8
Normal,18-24,7.14210771374936,Low,2261.9566605275536,High,41.958900851297386,1,0,0,1,78.0
Combination,25-34,7.08241138238965,Medium,1386.8974621731272,Moderate,19.799876706290892,0,0,0,0,88.9
Oily,45-54,10.0,Medium,1589.9990177521722,Low,70.10634227984947,1,0,0,1,83.2
Oily,35-44,5.302413717100511,Low,2240.9091892494343,High,76.90390449229996,0,0,0,0,94.8
Dry,55+,5.732442232425587,Medium,2348.444071026188,Low,73.24267958398951,0,1,1,0,77.5
Combination,35-44,4.929143473829505,High,2109.9064265314314,Moderate,52.20953093849425,0,0,0,0,86.3
Oily,45-54,6.6511011423467705,Low,2473.5288708291564,Low,94.50842638971993,1,1,0,1,74.7
Dry,18-24,7.368277664991041,High,1171.3960307143618,High,26.808024190812915,1,1,0,1,61.8
Dry,35-44,6.302016222488384,Medium,1766.9010248265702,Moderate,63.352542265241404,0,1,0,0,84.5
Oily,18-24,6.190409802772345,Low,2911.341886613092,Extreme,46.541038021280464,0,0,0,1,87.9
Combination,35-44,7.213607299942199,Medium,2641.73441449686,Low,100.0,0,0,1,0,91.7
Combination,25-34,5.746838262755453,Low,2316.8190825037723,High,80.19491455364752,0,0,0,0,96.1
Dry,25-34,6.965263740774257,Medium,1922.3165133222483,Moderate,50.80390793026842,1,0,0,1,75.9
Combination,45-54,8.671351520113907,Low,2517.407814174984,Moderate,64.9611352818064,0,0,1,1,85.9
Combination,45-54,8.015545704701209,Medium,2214.5707598308036,Moderate,98.38943766840944,0,1,0,1,85.3
Combination,18-24,8.321520020747803,Medium,1241.2798176963856,High,31.210323177722962,0,0,0,1,85.2
Combination,35-44,8.628877617260079,Medium,2497.8812235280648,Moderate,9.173382580663294,0,0,0,0,93.2
Dry,25-34,6.924242240178055,Low,1566.9782928388836,Low,25.80870417721704,0,1,0,0,83.6
Dry,25-34,6.262038460935348,Medium,2379.8441250090887,Extreme,39.63755365281597,0,1,0,1,76.2
Dry,45-54,5.841620393675207,Low,1192.0136056278507,Moderate,94.01902522979817,0,1,1,1,72.5
Combination,25-34,5.913232754546419,Medium,2799.5096660501044,Extreme,75.89435030355635,1,0,0,0,85.0
Normal,45-54,6.214471700984658,Low,1862.5518105989404,High,58.903492237354904,0,0,1,0,86.0
Combination,18-24,8.097508489931368,Medium,1445.3318338894114,Moderate,61.66450719310177,0,0,0,0,95.3
Combination,35-44,7.520173831891294,Low,1655.747383464613,Low,42.2774061506701,0,0,0,0,94.6
Normal,35-44,8.045136794071452,Medium,1831.5754513431473,Moderate,100.0,0,0,1,0,91.8
Combination,25-34,4.7594947158497725,Medium,1997.1151417863653,Moderate,80.32708755588234,1,0,0,0,81.5
Normal,25-34,8.647624226361618,Medium,2659.0728181698328,Moderate,51.33876397958443,0,0,0,0,97.7
Oily,45-54,6.3595294427398565,Medium,2035.071308238704,Low,58.159866953833195,1,0,1,0,74.6
Combination,35-44,5.349975036888006,Medium,914.5416011387395,Moderate,77.53767958762596,1,0,0,0,80.3
Normal,25-34,5.841173352767281,High,1385.1307439155444,Low,48.57063609780902,1,1,0,0,68.3
Combination,25-34,10.0,Medium,3378.7673962080503,Low,4.465490898278475,0,0,0,0,97.2
Combination,18-24,6.418424700262649,Medium,2067.694397831463,Low,88.33158531004742,1,0,0,0,85.8
Dry,18-24,6.512355292793612,High,2475.3950570052425,High,79.21596916739327,1,1,0,0,74.9
Normal,25-34,6.211842979055486,High,1845.8269302530807,Moderate,59.30010333240166,0,0,0,0,89.0
Oily,18-24,6.777069424852817,Medium,1497.6943428965687,Extreme,39.50986051297372,1,0,0,1,73.5
Dry,45-54,5.827785901298118,Low,1759.358888809098,Moderate,60.24542855935588,0,1,1,0,77.2
Sensitive,35-44,7.214819624809196,Medium,2064.163042029201,High,8.902964859809188,0,0,1,0,81.4
Dry,45-54,8.613392362297496,Medium,1769.8818313864665,Moderate,32.31524592950365,0,1,0,0,86.0
Oily,35-44,7.471433973218061,Medium,2959.233883264882,Moderate,100.0,0,0,0,0,100.0
Dry,45-54,5.333252051650021,Medium,1691.8736028866876,Moderate,72.93174003224637,0,1,0,0,83.3
Dry,25-34,5.983481142599437,Medium,1472.5821948748694,High,1.2825197997831523,0,0,1,1,70.0
Combination,35-44,6.172708899847556,Medium,2404.401379851159,Low,39.30697378466452,0,0,0,0,91.1
Normal,55+,7.079409202352202,Medium,2466.0012519224733,Low,1.8677685983360917,0,0,1,0,81.3
Combination,35-44,8.995677507343476,Low,2014.9885607692427,Low,40.48853291954038,0,0,0,0,98.1
Dry,18-24,6.776675805968676,Low,1698.928188729636,Low,45.87091195278245,0,1,0,0,85.5
Sensitive,35-44,6.867767696694414,Medium,1049.6705929134919,Moderate,100.0,0,0,0,0,95.8
Oily,45-54,9.666467228229145,Medium,2610.360761222055,Moderate,79.62775146904006,1,0,1,0,84.5
Dry,35-44,8.314308987507491,Medium,2434.2804549608554,High,52.44635060040006,0,1,0,0,88.7
Sensitive,25-34,7.361121923159803,Low,1780.055840125452,Low,58.67444619732877,0,0,0,0,96.1
Normal,35-44,9.937197422952664,Low,2029.7862392148634,Moderate,39.98667033492372,0,0,0,0,99.9
Sensitive,55+,7.7347168821910195,Medium,1886.661408739194,Low,92.25799317101814,0,0,1,0,90.5
Dry,18-24,4.020209287033716,Medium,2814.3651206431696,Low,80.23856018776051,1,1,0,0,73.7
Normal,35-44,8.248998636820541,Low,1481.0408485228868,Moderate,26.543264360382523,0,0,0,0,94.1
Oily,25-34,4.111987314322025,Medium,1689.96925299004,High,6.983640840416754,1,0,1,1,57.3
Combination,35-44,7.678008052873672,Low,1641.6368804680108,Moderate,52.03708833777762,0,0,0,0,95.8
Normal,35-44,4.42938463880614,Low,2155.080643221137,Low,55.102196744295895,0,0,0,0,90.7
Dry,18-24,6.299716884400121,Low,2028.0647268486362,Extreme,56.466634784010864,0,0,0,0,94.3
Oily,18-24,6.454323205585193,Medium,2100.034081731408,High,8.132508497192852,1,0,0,1,70.9
Dry,35-44,5.84482133915237,High,1559.696437229417,Moderate,42.109563023034355,0,1,1,0,70.0
Normal,18-24,6.4767220042132,Low,2742.4484152051973,Extreme,47.939929914502244,0,0,0,0,95.2
Combination,25-34,8.048842580540828,Low,1772.9774463893816,Low,30.52997257531934,0,0,0,0,94.7
Sensitive,45-54,5.92907063176067,Medium,2593.7949746982626,Moderate,96.44652350484472,0,1,1,0,80.7
Sensitive,25-34,7.317711319265811,High,3569.556998640672,Extreme,100.0,1,0,0,1,81.8
Combination,25-34,5.05152554058905,Low,1563.331973092811,Moderate,36.533990131110734,0,0,0,0,88.9
Normal,45-54,6.715750635411807,Medium,2171.1924499356483,Moderate,82.22997497312072,0,0,0,1,89.0
Combination,18-24,7.4857588994911755,Low,1934.1981808720402,Low,41.07066279729762,0,0,0,0,94.9
Normal,25-34,5.00520737507216,Low,3015.4407774614156,Low,26.745711737062514,1,0,0,0,80.7
Normal,35-44,5.032419350633965,Medium,1859.6730362574501,Low,42.193977281487136,0,0,1,0,80.0
Oily,35-44,7.737817225868332,High,2124.345738759043,Moderate,79.21571943228551,1,0,0,1,77.6
Oily,45-54,8.684620599010959,Medium,2113.434159755663,Moderate,43.95940210898695,0,0,1,0,88.0
Combination,45-54,6.881402470768942,High,1949.8006150260794,Low,48.84857532637542,1,1,0,1,64.5
Dry,35-44,6.314030640164944,Medium,2377.7368839334226,Moderate,31.40419615573596,0,0,0,0,90.5
Oily,18-24,7.23351308153258,High,2046.6982002275224,Moderate,65.84822773506147,1,0,0,0,82.1
Oily,18-24,7.08321987814807,Low,2240.9258690225406,High,61.45400053179661,0,0,0,0,96.8
Sensitive,25-34,6.864353811066877,Low,2106.801352428482,High,100.0,0,0,0,0,99.9
Oily,18-24,3.2076323495294288,Medium,1697.7311371446808,Moderate,64.90752745482277,1,0,0,0,76.3
Oily,35-44,5.3963435632510555,Medium,1865.518970137395,Moderate,70.32271674407403,1,0,0,0,81.6
Normal,35-44,5.73215484184472,Medium,2277.7114263714802,Moderate,74.58201159024254,0,0,0,0,93.5
Combination,18-24,7.226301442767344,Medium,2275.680150951673,Low,43.601602805541994,1,0,0,0,83.4
Dry,45-54,7.2788168254334,Medium,2622.5045244058474,Moderate,62.75289255138234,0,1,0,0,88.1
Oily,18-24,7.954270733026054,Medium,2929.6220739193345,Moderate,73.27979186249497,1,0,0,1,82.1
Normal,25-34,6.886372623815655,Low,1739.4655613794955,Moderate,29.49459426183772,1,0,0,1,75.2
Dry,35-44,5.048897394418996,Medium,2067.4370791398196,Low,100.0,0,1,0,0,86.2
Dry,25-34,8.670506926377591,Medium,1903.297095224097,Low,65.94959682077759,0,1,0,0,89.7
Oily,25-34,8.40787745513355,Medium,1446.346181300562,Moderate,100.0,1,0,0,1,82.7
Sensitive,18-24,5.112704064959612,Low,2282.2775694022107,Moderate,35.61361708015753,0,0,0,0,90.4
Normal,25-34,6.999057941561274,Medium,2388.918582002928,Extreme,20.610519953402324,1,0,0,0,80.8
Oily,35-44,6.1068634221354765,Medium,1461.5043869067424,Extreme,69.30030537751486,0,0,0,0,92.1
Sensitive,45-54,7.208295983800823,Low,1812.7503304123404,Moderate,78.08903683092916,0,0,0,0,97.9
Oily,25-34,8.079965419462805,Low,1763.9552387853282,Extreme,38.57353288688205,0,0,0,1,88.5
Dry,25-34,9.695156399481437,Low,1245.787648387416,High,18.265935789024645,0,1,1,0,79.7
Oily,35-44,8.126916557713916,Medium,1981.8113349174387,Moderate,53.306236618164,0,0,0,0,95.5
Oily,45-54,7.442402102665204,Medium,1427.3791617807155,Moderate,65.42813600009887,0,1,0,1,79.3
Sensitive,25-34,5.990268247537554,Low,2079.4968456276633,Low,32.28760282409226,0,0,0,0,91.4
Oily,25-34,6.773202306516764,Medium,2134.5607624798954,Moderate,39.74052199489611,1,0,0,0,81.8
Combination,35-44,9.03965783999247,High,2196.511391652363,Low,69.56088219085562,1,0,0,1,79.4
Oily,35-44,6.932936864860622,Low,2220.6610888649398,High,79.69242728210315,0,0,0,0,98.3
Oily,18-24,5.670831022978525,Medium,2765.4703582987677,Moderate,42.84412043725214,1,0,0,1,74.2
Normal,35-44,4.57046520172506,Medium,1595.6769295922045,Low,39.97371082799656,0,0,0,0,86.3
Dry,18-24,7.769571801115376,Medium,1620.7590919913816,High,52.8804216800753,0,1,0,0,86.1
Oily,25-34,6.870932188441609,Low,2327.581948588071,High,44.83086868546634,1,0,0,1,77.9
Combination,25-34,5.531137740106555,Low,1934.009237342143,High,13.373744492281261,0,0,0,0,88.3
Oily,45-54,8.539021188560946,Low,2562.663303529139,High,48.737262395933115,0,0,1,1,84.1
Sensitive,25-34,5.867334703418554,Medium,2280.844396183022,Moderate,50.25545779122036,1,0,0,0,81.3
Normal,25-34,6.298033862262807,Medium,2959.055664146431,Moderate,50.56957406334952,0,0,0,0,93.6
Combination,18-24,6.975003800053084,Low,1954.3357751136543,Low,31.657087744520332,1,0,0,1,76.0
Combination,45-54,6.473570886792868,Medium,1258.9802140067077,Low,46.28893933744288,1,1,1,1,57.1
Combination,18-24,7.3537975986243564,Medium,2170.3307099895733,Moderate,45.44557807714085,1,0,0,1,76.6
Combination,25-34,8.227272718899501,High,1964.1629210429608,Moderate,65.95973251254205,1,0,0,1,77.0
Combination,18-24,5.2862771528223655,Low,2267.243743257285,Moderate,52.3202664203996,0,0,0,0,92.3
Dry,35-44,7.732780207711013,Medium,2331.3035933376023,Low,100.0,0,0,0,0,100.0
Normal,25-34,6.7582380044096615,Medium,1732.7257424520385,Low,18.37771855297022,0,0,0,0,88.8
Normal,25-34,6.7306457443170595,High,1495.4971707374225,High,72.79215351112985,1,0,0,0,80.7
Sensitive,25-34,7.8077668548111365,Medium,1927.0283249938068,Low,63.048010807568176,0,0,0,0,95.8
Dry,45-54,7.073946137825738,Low,809.404232112772,Low,25.14442454210183,0,1,0,1,75.3
Combination,25-34,7.220343892858555,High,2040.333629393109,Moderate,40.540108485713034,1,0,0,0,79.6
Oily,35-44,8.07379694435672,Medium,1796.2809624319182,Low,22.163167546661427,0,0,0,0,92.0
Normal,45-54,6.24345219942909,Medium,2430.83752224634,Extreme,62.06616938115148,0,0,1,0,85.6
Normal,45-54,7.448775191220697,Low,1007.0757332284423,Moderate,52.37528590280323,0,0,1,1,79.1
Dry,25-34,6.123818589184052,Low,2003.1726549003188,Moderate,32.87115893250818,0,1,0,0,83.5
Oily,55+,6.800977330420157,Medium,2788.1121423585696,Low,23.496883774843948,1,0,1,1,66.5
Oily,18-24,6.516907905282502,High,2337.7006639755095,Moderate,75.41757378166463,1,0,0,0,82.3
Oily,25-34,7.2066206061453295,Medium,2490.335997843931,Moderate,46.0074498835157,1,0,0,1,77.0
Normal,45-54,7.122467063527381,High,2169.8667613149737,Extreme,65.2374939885765,0,1,1,1,69.1
Dry,25-34,7.0918160514750115,Medium,1169.2329650496704,Moderate,54.421687549166755,1,1,0,0,74.0
Oily,25-34,6.473723955656378,Medium,2083.2645865512386,Moderate,52.701746944166274,1,0,0,0,82.4
Combination,25-34,4.093818481294512,Medium,2204.244680032002,Low,41.83632117815915,1,0,0,0,76.8
Oily,35-44,7.047052624149563,Medium,1460.887727904613,Moderate,97.94033172126387,0,0,0,0,96.8
Oily,25-34,6.595306932735226,Medium,1936.7230783203333,Low,100.0,1,0,0,0,87.1
Normal,35-44,7.36389390573019,High,549.4646854780419,Low,96.19748687448127,1,0,0,0,82.4
Normal,45-54,6.109406209471387,Medium,1832.950912029096,Moderate,60.53615250413531,0,0,0,1,84.9
Oily,35-44,5.206795425001732,Low,1781.8120285918487,Low,58.81272545027435,0,0,0,0,91.9
Oily,18-24,7.936909967341417,High,2701.119677806674,High,77.31893817254146,1,0,0,1,79.0
Dry,45-54,6.5895901651987465,Low,1698.3884486856534,Extreme,41.05921701461472,0,1,1,1,69.7
Oily,25-34,6.756866071527494,Medium,1866.8214707022605,Moderate,92.75786446032745,1,0,0,1,79.5
Dry,18-24,6.577809880167557,High,1960.3856113615957,Moderate,69.78556343810307,1,1,0,0,73.1
Combination,18-24,6.990907261339608,Medium,1704.83998803481,Low,43.00671024918421,1,0,0,1,74.7
Combination,25-34,5.826071978096287,High,2359.8957109160797,Moderate,57.047616505554785,0,0,0,0,89.1
Normal,18-24,5.547874616269258,Medium,1003.8039930715598,Moderate,65.67210258741528,0,0,0,0,89.7
Oily,18-24,7.710597491152986,Medium,2568.288352072065,Moderate,39.3119481490948,0,0,0,0,94.5
Normal,25-34,5.59531986766082,Low,1994.0609408420653,Moderate,75.85914796665935,1,0,0,0,84.8
Oily,25-34,6.745927221342216,Medium,2650.8235673977133,Moderate,81.82072810395394,1,0,0,0,87.0
Sensitive,35-44,7.6156903328531165,Medium,626.3839289428643,Low,68.4340248819984,0,0,0,0,93.3
Normal,45-54,6.119780926595378,Medium,781.8853396944462,Moderate,48.10873296558383,0,0,1,0,80.6
Oily,35-44,5.194171548440522,Medium,1854.01072020725,Extreme,57.364726067104634,1,0,0,0,79.8
Dry,25-34,10.0,High,2252.9576940002803,Low,21.079282377779514,1,0,0,0,83.6
Combination,18-24,6.208342186081861,Medium,1722.5336419984128,Moderate,8.31060529962214,1,0,0,0,76.7
Dry,55+,7.935125737901737,High,2291.9229150412575,Moderate,39.16841232027065,0,1,1,1,68.4
Normal,18-24,9.909195324355185,Medium,2490.6548787214815,High,26.001147606615078,0,0,0,1,90.4
Oily,45-54,8.18486162028084,Medium,2332.999773510684,Moderate,100.0,0,0,0,0,100.0
Dry,18-24,6.549335786758673,Low,2051.6342521900406,High,38.594784709378686,0,0,1,0,85.1
Normal,45-54,6.899325418697333,High,2047.801424827028,Moderate,71.39267754894294,1,0,0,1,75.0
Oily,25-34,5.251089170391728,Low,1692.602456805808,Moderate,34.29480250638537,1,0,0,0,79.3
Normal,25-34,7.822544640436613,Medium,1972.3128378981112,High,94.55588484144334,0,0,0,0,99.0
Normal,35-44,7.849406062088033,Low,1487.8845563826364,Extreme,55.15235805225849,0,0,0,0,96.2
Oily,25-34,5.728361272607385,Medium,1607.6352663194712,High,18.908560425747456,1,0,1,0,68.6
Normal,25-34,4.936737789352334,High,2257.1820997733776,Extreme,66.75635212085824,1,0,0,0,78.1
Dry,25-34,4.518149393504462,Medium,1768.5594342343254,Low,56.48607188128846,0,1,0,0,80.2
Dry,35-44,8.4797710057063,High,1631.2190529153336,Low,90.07668530997235,0,0,0,0,96.2
Combination,18-24,7.1805596934333416,Medium,2224.6155065924963,Moderate,46.147094279625215,1,0,0,0,83.4
Oily,18-24,7.322476804499128,High,2189.9498284652086,Low,52.696918747209196,0,0,0,0,91.3
Normal,25-34,5.265577061206464,Medium,1892.3502072756944,Moderate,12.315198514861173,0,0,0,0,85.5
Normal,18-24,4.804745345043391,Medium,1925.5322846391812,Low,70.88717372084494,0,0,0,0,90.5
Dry,35-44,8.443920362067448,Medium,2207.9739449399535,Moderate,61.56783231995068,0,1,0,0,89.5
Combination,18-24,7.0630585554958465,Medium,2484.4785581919455,Moderate,46.89504728397962,0,0,0,0,93.8
Normal,25-34,7.860851990086431,Low,2100.5428295768806,Moderate,44.26772632795267,0,0,0,0,96.3
Sensitive,18-24,6.421100310226654,Low,1403.9830448114437,Low,57.94302365731886,1,1,0,0,75.4
Normal,25-34,6.144773235444712,Low,1889.2862536182745,High,71.22549877184959,0,0,0,0,95.2
Dry,18-24,8.06994726493095,Medium,1796.4250811032916,High,26.86027399446349,0,1,0,1,77.4
Combination,18-24,8.098522119475787,Medium,1473.5069468127772,Moderate,68.58734042445958,1,0,0,0,86.0
Combination,18-24,8.19634843402893,Medium,2248.9663828010503,Moderate,9.866385662852053,0,0,0,0,91.9
Combination,55+,6.557198120345956,Medium,2287.426289697667,Moderate,2.0860538987787365,0,1,1,1,64.9
Combination,18-24,7.921820856476302,High,2363.10421085298,Moderate,85.26820339483112,0,0,0,0,96.1
Oily,35-44,8.663649198215078,Medium,1504.543522958955,Low,34.42797459325355,0,0,0,0,93.8
Combination,18-24,6.842841982477698,Medium,2078.7254685395865,High,52.6448572510485,0,0,0,0,93.1
Normal,18-24,6.229767454338919,Low,1996.8623835779365,Moderate,43.29987867084029,0,0,0,0,92.8
Combination,25-34,8.51412140497515,Medium,2153.701546670943,Moderate,58.60434321475954,0,0,0,0,97.2
Dry,25-34,5.518331399673039,Medium,2064.8632457490967,Low,51.28497937251822,1,1,0,0,72.3
Combination,55+,7.944214745671715,Low,1993.727027541847,High,76.07524728079005,0,0,1,1,84.5
Oily,45-54,6.912366534220208,Low,1933.6381202627263,Low,24.270051934428565,0,0,0,0,92.1
Dry,35-44,4.237651575273159,Medium,2553.42030501276,Moderate,76.77327803525972,0,0,0,0,91.3
Dry,35-44,8.692891101217871,High,1569.092996240357,High,58.71741315668914,0,1,0,0,85.4
Combination,25-34,3.0,Medium,1913.4145646174757,Moderate,11.693519524937038,1,0,0,0,71.0
Normal,25-34,3.523807899863587,High,2540.68533340298,Moderate,36.752471752992015,1,0,0,0,72.8
Normal,45-54,7.790995119221008,High,1594.4720379842954,Moderate,19.902755741773227,0,1,1,0,71.8
Oily,35-44,7.790606798017173,Low,1619.9560361280066,Moderate,18.16929481709964,0,0,1,0,84.6
Normal,25-34,5.543630213183697,Low,2366.970472225905,Low,39.084107565568594,1,0,0,0,81.7
Combination,18-24,7.221733135454867,Medium,1288.0430796764786,Low,79.65843258456849,0,0,0,0,95.0
Oily,18-24,3.202854931332993,Medium,2330.315561513247,High,57.815558847520066,0,0,0,0,86.8
Sensitive,45-54,8.060463196705898,Medium,1755.1827103765183,Extreme,100.0,0,0,1,0,91.6
Oily,25-34,6.874588230580396,Low,2205.0003077602114,Moderate,51.89877763330534,1,0,0,0,85.3
Normal,25-34,6.431535719999307,Low,1389.6327164721868,High,88.74418632571764,0,0,0,0,96.5
Combination,18-24,7.031262223206658,Low,2592.538133279184,Moderate,86.16486943349642,1,0,0,0,89.9
Dry,45-54,7.739881264289548,High,1391.3806750552285,Extreme,36.25005304748636,0,1,1,1,65.9
Oily,18-24,6.956647714753209,High,2362.475176773327,High,51.7750163925874,1,0,0,0,80.8
Dry,45-54,4.188916745903169,Low,1412.2688081120073,Moderate,41.93929868890797,0,1,0,1,72.4
Combination,18-24,10.0,Low,2904.150435544532,Low,46.3795497844655,0,0,0,0,100.0
Oily,45-54,8.801201229142677,Low,1964.3091090724356,Moderate,100.0,0,1,1,0,87.5
Sensitive,35-44,5.072583007067758,High,2975.4285474984918,Low,58.959673277087724,0,0,0,0,89.0
Sensitive,18-24,6.482294154285114,High,1590.5562562946702,High,35.34603578838973,0,0,0,1,79.7
Dry,25-34,6.145948714765939,Low,1778.6746519756023,Moderate,21.999935641820308,0,1,0,0,82.0
Normal,25-34,8.118274349763446,Medium,2605.3596018660846,Moderate,40.11331078410844,0,0,0,0,95.5
Dry,18-24,3.761096597020348,Medium,1286.9019891124422,Extreme,100.0,0,1,0,0,82.1
Normal,45-54,6.251487603355316,Medium,1650.366672065029,High,96.82055764273747,0,1,1,1,72.5
Normal,25-34,3.859045334993745,Medium,2247.534214844666,High,0.0,0,0,0,0,82.2
Oily,25-34,6.0723567262574925,Medium,1490.6097116518335,Low,49.10488306250882,1,0,0,0,80.0
Oily,18-24,6.291248660372643,High,2260.9087110095224,Low,34.27602640987399,1,0,0,0,77.5
Combination,25-34,6.619541101074068,Low,2085.2021925108593,Low,74.65806721188088,0,0,0,0,96.9
Combination,45-54,6.092688401486225,Medium,1243.1771881289078,High,30.524918485978283,0,0,1,1,72.7
Combination,25-34,5.373464912914214,Medium,2483.8843939917333,Moderate,24.089052831403286,0,0,0,0,88.1
Oily,55+,7.929485037644722,Medium,1368.7834534027156,Low,35.712844042568136,1,0,1,0,74.2
Oily,45-54,7.682009111413871,Medium,2385.6395484864684,High,42.707340990791764,0,0,1,1,79.4
Oily,18-24,7.827097514167363,High,2064.2376991221404,Low,66.28861654448883,1,0,0,0,83.4
Sensitive,18-24,6.734649864263736,Medium,1772.493767647129,Moderate,56.63622161733643,0,0,0,0,92.7
Normal,45-54,6.142392126662216,Medium,1447.298737519558,High,85.08118133310674,0,1,0,1,78.7
Combination,25-34,6.321721276968844,Medium,2164.634662704075,Moderate,29.741409765671232,0,0,0,0,89.9
Dry,18-24,7.751743105102678,Medium,1563.7376032612365,Extreme,71.64396882637882,1,0,0,0,85.8
Oily,25-34,3.2348304485422275,Medium,2603.9767380262883,Moderate,21.0737717556199,1,0,0,1,66.8
Combination,25-34,7.091167895556287,Medium,2622.2253046517,Moderate,65.36884120555463,1,0,0,0,86.0
Oily,35-44,7.463707281002197,Medium,2821.0170104929985,Low,47.50287233413742,1,0,1,1,70.3
Combination,18-24,7.0932263591285905,Medium,2140.4487185376543,Moderate,72.29088530611861,0,0,0,0,95.7
Sensitive,18-24,6.776029867192487,Medium,1797.845097250812,High,3.976993001863704,0,0,0,1,80.5
Oily,45-54,3.1508209211013796,High,1851.5487096646716,Extreme,40.418596681903466,1,1,1,1,48.0
Oily,35-44,6.340220105349391,Medium,1814.956208598873,Extreme,89.20812503598079,0,0,0,0,95.2
Dry,25-34,9.18415806661606,High,2124.0027691645537,Moderate,44.953916249178455,0,0,0,0,94.1
Sensitive,35-44,7.019351943352459,High,2218.303627794301,Moderate,32.468563917137146,0,0,0,0,88.7
Oily,25-34,6.039065241987923,Low,2615.782183008449,Moderate,32.32530274993988,0,0,0,0,92.5
Dry,35-44,7.0253592933851685,Medium,2010.0617077980157,Moderate,69.58961388754034,0,1,1,0,79.0
Dry,25-34,7.032159302942013,Low,1298.3863347332208,Low,29.727199831820762,0,1,0,0,83.6
Combination,18-24,7.9882303670341965,Low,1796.289536769049,Low,79.02631322816522,1,0,0,0,89.5
Normal,35-44,6.656679755263087,Medium,2777.9258900282616,Moderate,87.12751957284144,0,0,0,0,97.6
Combination,25-34,7.137379403590526,High,1221.710714763993,Low,66.69286036482386,1,0,0,0,80.4
Sensitive,55+,9.51497620414204,Low,2369.574980200691,High,90.77100998137271,0,0,1,0,96.8
Normal,25-34,8.009376199149074,High,1804.7134432082796,High,37.12048678119029,1,0,1,1,65.3
Oily,45-54,10.0,Medium,1558.2678448002398,Moderate,97.17808179638006,1,1,0,1,77.8
Sensitive,45-54,6.014844462472426,High,2197.8055245560627,Low,100.0,0,0,1,1,78.4
Normal,18-24,9.514284261253023,High,2780.4765128113827,Moderate,46.778066741677684,1,0,0,1,79.3
Combination,35-44,5.813989540116108,High,2170.2220883915857,Moderate,19.338695249195275,0,0,0,0,84.9
Oily,25-34,7.030349220110695,Medium,1868.7278949793804,Moderate,0.0,1,0,0,0,77.8
Oily,45-54,8.098714793857148,High,1351.9753801968154,Moderate,84.74176089532561,0,1,0,1,79.4
Combination,25-34,5.733834212143291,Low,1950.5754194486317,High,9.723395978196528,0,0,0,0,88.3
Oily,35-44,7.131946416211414,Medium,1333.9250898552796,High,36.96744937193536,1,1,0,1,65.6
Dry,25-34,7.865691653677761,Low,1845.037889289885,Moderate,61.92704164719771,0,1,0,0,89.6
Oily,18-24,5.934593652532138,Medium,1968.471175804198,Low,17.50595736782951,1,0,0,0,77.6
Dry,18-24,9.50407518932147,Low,819.7292546447625,Moderate,100.0,0,0,0,0,100.0
Normal,25-34,4.423105062908977,Low,2694.1611022939433,Extreme,55.93621596895691,1,0,0,0,81.8
Oily,35-44,9.909537164092576,High,1380.7392634397809,High,96.9523248105185,1,0,0,0,89.3
Sensitive,35-44,8.501989202199388,Medium,1907.0203994146525,Low,100.0,0,0,0,0,100.0
Oily,35-44,6.865411635508332,High,2266.916622906258,High,0.0,1,0,1,1,60.3
Dry,25-34,5.895997683144903,Low,2654.2748590895894,Low,68.61137758865644,0,1,0,0,88.0
Oily,25-34,5.739457605813465,Medium,1603.9234968135838,Moderate,49.59659778586098,1,0,0,1,72.6
Combination,18-24,6.796306539614478,Low,745.4073695135523,High,48.43828158010226,1,1,0,0,73.9
Normal,45-54,6.927256207676761,Low,2539.3318580056434,Moderate,59.36501089809109,0,0,0,1,89.9
Sensitive,55+,8.882839369951872,Low,1375.2525567868952,Moderate,91.36785718474592,0,1,1,0,85.7
Oily,25-34,9.452981150576875,Medium,2179.721621791864,Moderate,91.13423445677178,1,0,0,0,92.4
Oily,18-24,7.299069880981012,Low,2210.794850067823,Moderate,20.196961428663112,0,0,0,0,93.0
Normal,18-24,5.7315572680158935,Medium,500.0,High,51.932566911660636,0,0,0,0,87.7
Normal,35-44,6.181410939045709,Medium,1192.5816142277802,High,95.04810410143767,0,0,1,0,86.3
Dry,35-44,6.7253638230830735,Low,1769.5943966414322,High,54.81471659022914,0,1,0,0,86.5
Oily,35-44,5.454816842054837,Medium,707.9360405303828,Low,65.07452402102763,1,0,0,0,78.8
Combination,25-34,4.731587896838931,Medium,1330.9743618712937,High,55.432133881050454,0,0,0,0,87.7
Oily,35-44,10.0,High,2061.4392800633336,Low,100.0,1,0,0,1,84.1
Oily,35-44,7.453920288919381,Medium,1955.7581739543657,Low,78.70898931393796,0,0,0,0,96.7
Dry,25-34,5.25030029947948,High,2151.327215322136,Moderate,100.0,1,0,0,0,81.8
Combination,25-34,7.724905355536569,High,2224.610489364426,Moderate,93.58994814983059,1,0,0,1,79.3
Normal,18-24,5.232480812789731,Medium,1159.0852165101933,Low,44.32395908991478,0,0,0,0,87.2
Normal,25-34,4.85598192819342,Medium,1357.5758682936803,Low,57.51953347736879,0,0,0,0,88.2
Normal,45-54,5.795436398403632,Low,2380.683094756025,Moderate,100.0,0,1,0,1,83.4
Combination,25-34,8.98176992129755,Medium,2762.16512050134,Moderate,21.45677902482013,1,0,0,1,78.6
Dry,45-54,6.620679901332439,Medium,1516.2959755688937,Low,79.02780924853803,0,1,1,1,71.2
Oily,25-34,3.0,High,2129.4527970484783,Moderate,69.27937453422231,1,0,0,0,74.2
Combination,18-24,8.81509889976339,Medium,2403.5414466569478,Moderate,43.08997198638402,0,0,0,0,96.7
Combination,25-34,6.040427953756463,High,2118.7778085946425,Moderate,40.48932267326043,1,0,0,1,70.4
Dry,25-34,3.7258879911823914,High,1875.6168472895095,Extreme,43.919763037615795,1,0,0,1,65.6
Combination,25-34,6.024974768054886,High,1679.6750027755036,Moderate,67.56117184689268,1,0,0,1,72.2
Oily,18-24,7.781505844907355,Medium,2992.634602382771,Extreme,86.82410978308289,1,0,0,0,90.2
Normal,25-34,7.106073749799454,Low,2048.1045207634875,Low,68.47535352388522,0,0,0,0,97.2
Oily,18-24,9.697622468747229,Medium,2194.4710156086376,Low,18.555754224494997,1,0,0,0,85.6
Normal,18-24,5.720848206145105,Medium,2162.160040373456,High,87.64635445182728,1,0,0,0,84.5
Dry,25-34,6.570080180397459,Low,1593.7907964995939,High,79.82318398900209,1,1,0,0,78.3
Sensitive,25-34,5.4506460821323675,Medium,2025.4105116571527,Moderate,58.859961543270444,0,0,0,0,90.8
Normal,45-54,4.686710658719166,Medium,1838.8786560609492,Low,43.638083616110634,0,0,1,1,72.4
Normal,25-34,7.828291058458932,Low,1829.9262044155575,High,27.295482541431994,0,0,0,1,87.0
Oily,35-44,7.69490435372128,Medium,2158.479570509382,Extreme,86.8584291381657,0,0,1,0,90.4
Sensitive,25-34,6.925517674548279,High,1542.1785133823298,Extreme,18.01546427047365,0,0,1,1,70.7
Oily,35-44,7.640185289887967,Medium,1397.6057895981262,Moderate,87.4717559373988,1,0,1,0,78.8
Dry,25-34,5.47179072096737,Medium,2251.3625302027103,High,38.716757350253474,0,1,0,1,74.3
Normal,45-54,5.49145736902271,Low,1734.194703685665,High,67.12263912277149,0,0,0,1,86.2
Normal,25-34,6.55647105825404,Medium,1827.4921398616318,High,0.0,0,0,1,1,71.8
Sensitive,45-54,8.741817103617421,High,1035.6017236616692,Extreme,30.66654848991356,0,1,1,1,66.6
Sensitive,25-34,8.912115703180321,Medium,2481.541391088317,High,48.015743926866264,0,0,0,0,97.6
Normal,18-24,8.19314906021115,Medium,2262.008105957847,Moderate,27.19018216817576,0,0,0,0,93.6
Sensitive,35-44,7.043761640152144,Medium,2354.034392655915,Moderate,93.96060638698891,0,0,0,0,98.2
Dry,18-24,7.4046758940999045,High,2193.662810198872,Moderate,57.58003512407647,0,1,0,0,84.0
Combination,25-34,6.517390788988057,Low,1242.0215231548677,High,98.3515860106699,0,0,0,0,97.4
Oily,18-24,5.461084990450858,Medium,2114.499482339576,Moderate,62.83327128337349,1,0,0,0,81.4
Dry,35-44,7.036971067315815,Low,1695.4332488275254,Low,43.747968417881175,0,1,0,0,85.8
Oily,55+,4.99775977361726,Medium,1518.5714473832304,Moderate,80.58366371175204,0,1,1,1,68.1
Dry,25-34,6.313884160845441,Medium,2250.0241207228605,Extreme,38.423413296911626,0,1,0,0,83.0
Normal,45-54,9.454157665894478,High,2829.2544583763397,High,46.987795026771934,0,0,1,1,81.3
Normal,25-34,7.734288834175027,Medium,2746.6697094781707,Low,50.0530736864609,1,0,0,0,86.0
Oily,25-34,5.115321223645205,Medium,2311.072509255308,Low,90.47980411386752,1,0,0,1,76.9
Combination,45-54,6.891356395536575,High,1984.8859202704016,Moderate,86.27626699873832,1,1,1,1,60.4
Oily,45-54,5.748435532367893,Medium,1892.2288395405435,Moderate,85.4969959740744,1,0,1,0,75.8
Dry,35-44,6.906229347734185,Medium,1547.7482067783865,Low,100.0,0,0,0,0,96.9
Sensitive,25-34,8.061661724786845,Medium,1865.1334081466616,Extreme,89.90446666327765,0,0,0,0,98.8
Normal,25-34,7.479511907464856,Medium,2454.2619797940724,Moderate,19.28865470249178,0,0,0,0,91.8
Dry,18-24,10.0,Low,2911.5695660124684,Moderate,63.458070213262545,0,0,0,0,100.0
Oily,25-34,8.288716103761358,Medium,1591.7593465179805,High,90.57895408512024,1,0,0,1,81.8
Combination,25-34,6.806000571616537,Medium,1002.4932576641505,Moderate,12.04437310916343,0,0,0,0,86.8
Normal,45-54,8.01572496119994,Low,1734.5630019438477,Moderate,59.61574550233172,0,0,1,1,82.5
Dry,45-54,6.696335238724997,High,2451.9770564355676,Moderate,33.303715715832325,0,1,0,0,80.6
Combination,25-34,4.808743629370255,Medium,3036.1386453295345,Extreme,53.211747135631484,0,0,0,0,91.0
Sensitive,18-24,8.958664867431281,High,2655.020603328402,Low,93.38088936722151,0,0,0,0,99.6
Dry,45-54,8.513487215397472,Low,2642.642606189189,High,93.56840829866323,0,1,0,0,95.7
Oily,18-24,6.638418678109054,High,1575.2198231626298,Moderate,45.395329976256654,1,0,0,0,78.0
Dry,35-44,7.410903605397007,Medium,1589.3053132254959,High,76.53469607031812,0,1,1,0,79.7
Combination,18-24,8.861408781077209,High,1338.0951813668962,High,12.39841864743859,1,0,0,1,71.6
Dry,25-34,7.76952713930903,Medium,1667.2601319372845,Low,6.288704403251572,0,0,0,0,89.5
Normal,55+,4.805348123125452,Medium,2457.0488917055827,Low,77.9898834143061,0,0,1,1,77.3
Sensitive,18-24,7.365430032234737,Medium,2812.243593467463,Low,0.0,0,0,0,0,90.4
Dry,25-34,6.248552711767454,Medium,2172.7586356414313,Moderate,32.81685246519616,0,0,0,0,90.1
Dry,25-34,8.169501048708021,High,1872.4395199950407,Extreme,66.9226729411185,1,1,0,0,75.8
Oily,45-54,8.546564108173992,Low,1466.637591163289,Low,65.51553631284642,0,1,1,0,82.6
Dry,45-54,8.977911742267068,High,1943.742421993354,Moderate,0.0,0,0,0,0,88.8
Oily,18-24,5.323158491919688,High,2101.563163825277,High,63.141452915590406,1,0,0,0,78.2
Dry,18-24,5.823832698915641,Medium,1268.463963613402,Extreme,28.467782911501118,0,1,0,1,72.0
Normal,35-44,8.671123654203157,Low,2460.7364642533944,Moderate,63.02038676792845,0,0,0,0,100.0
Dry,25-34,5.612531276986331,High,1788.0430018456702,High,34.40001156829954,1,1,0,0,67.2
Sensitive,35-44,4.717850528628539,Medium,2430.7079205506,Moderate,57.69531219335417,0,0,0,0,90.1
Normal,18-24,7.798894731421098,High,1994.5400189745078,Low,5.009243464037283,0,0,0,0,87.1
Sensitive,18-24,6.179172339601041,High,2148.6083464436533,Low,56.0242874660812,1,0,0,0,79.3
Oily,35-44,9.6846861554626,Low,1649.0253949593462,Moderate,90.90471917211082,0,0,0,0,100.0
Combination,18-24,7.444276830982695,Medium,1827.6923570922754,Moderate,39.43409843593528,0,0,0,0,92.5
Combination,45-54,7.240388929962498,Medium,2321.021061680978,Moderate,50.570236758849276,0,0,1,0,86.2
Dry,18-24,6.446134162576365,High,1934.250882630813,Low,32.387280034351996,0,0,0,0,87.0
Combination,18-24,9.386253000890457,Low,1447.5129921514153,Low,17.847067085177123,0,0,0,0,95.5
Combination,55+,7.537831689834731,Low,2055.78702752614,Low,25.055438364321294,0,0,1,0,85.7
Oily,25-34,5.887250722765691,High,2192.8375084192007,Extreme,55.53946187004322,1,0,0,1,71.7
Oily,35-44,5.808874440091829,Low,2686.4442628360152,Extreme,100.0,0,0,0,0,99.0
Dry,18-24,6.889790418153673,Medium,2576.2766343297358,Low,74.3884742023393,1,1,0,1,71.4
Combination,35-44,5.533529744267792,Medium,1967.6822268230658,Low,75.50095840053787,0,0,0,0,92.6
Combination,35-44,8.543316162518416,Medium,1726.3324176678773,High,100.0,0,0,1,0,92.5
Combination,25-34,3.7874869189636486,Medium,1885.8493003191547,Low,61.698208553478835,1,0,0,1,70.5
Oily,45-54,6.790728957500394,Medium,1738.1332463110382,Extreme,86.86569787497838,0,0,0,0,95.7
Combination,35-44,7.915200317631902,High,2253.0806128519735,Moderate,65.34812425122502,1,0,0,0,83.9
Normal,25-34,7.0131791301644855,Low,2520.832561307825,Moderate,61.300557925862506,0,0,0,0,97.2
Dry,25-34,5.424075540476497,Medium,2619.9171796470446,High,14.787346821594582,1,0,0,1,70.6
Normal,25-34,7.490388060059824,Medium,1793.8967737511675,Low,42.25074311735865,0,0,0,0,92.8
Oily,18-24,5.670940917421139,Medium,1743.9868002929409,Low,35.95190781621087,0,0,0,0,88.4
Oily,25-34,6.466423015254785,Medium,1789.8027877206846,High,34.625883098065515,0,0,0,1,83.0
Oily,25-34,7.4777623579705335,Low,1033.9815249569206,Extreme,33.158506924769085,1,0,0,0,82.3
Dry,25-34,7.194369169239669,High,1398.5938207265408,Moderate,85.77526237306138,0,1,0,0,84.8
Oily,35-44,5.987441482870798,Medium,1982.723497030658,High,50.7864618148392,0,0,0,0,91.0
Oily,25-34,8.296241774846544,Medium,2189.635870221985,Extreme,46.38852769982762,0,0,1,1,80.6
Oily,45-54,7.130041857228301,Medium,2245.586528941273,Low,100.0,1,1,1,1,65.8
Oily,25-34,7.6144931164087275,Low,1609.7527890647325,Moderate,69.38644953692827,1,0,0,1,80.4
Oily,25-34,8.793651510009871,Low,1754.444926090323,Low,50.199017065428585,1,0,0,0,88.1
Normal,35-44,8.67628082316191,Low,1865.2480966802696,Low,86.45973598952185,0,0,0,0,100.0
Dry,25-34,8.180194109496565,Low,1809.4370505822203,High,33.27220738518294,1,0,0,1,78.3
Dry,25-34,6.789019894774208,Low,2344.008860332332,Low,39.38353063214922,1,1,0,0,76.2
Dry,18-24,8.190902681365765,Medium,1345.9129450190358,Low,40.95844172609025,0,1,0,0,85.2
Oily,25-34,6.8203948618464745,Medium,1425.352197478529,Moderate,56.23887640516135,1,1,0,0,74.1
Oily,25-34,4.68601329833238,Medium,1850.7823521762768,Low,61.66783964725559,0,0,0,0,89.2
Combination,55+,7.454115688757564,Low,1317.1981483311629,Low,26.26964152549678,0,1,1,1,69.2
Dry,25-34,6.884541475607699,High,1049.7648605216696,Low,60.17471587393751,0,1,0,0,80.9
Oily,45-54,7.875594042282729,High,1253.2614201901226,High,75.11134799727046,0,0,0,0,92.8
Normal,35-44,6.808004537179907,High,1878.6427057756166,High,48.30750148991723,0,0,1,0,81.2
Oily,25-34,5.357816664854224,Medium,2315.2654081627375,High,45.86181466506363,1,0,0,1,72.9
Oily,25-34,7.48475912476284,Medium,2325.683267196413,High,21.576226517621517,0,0,1,0,83.8
Oily,45-54,5.030091569121629,Low,2793.957716269546,Extreme,22.277141008135708,0,0,1,1,74.9
Dry,45-54,9.188228703784704,High,2050.83255878543,Low,31.32195863841809,0,1,0,0,84.6
Dry,18-24,6.652872908192512,Low,2118.100256164414,Extreme,68.01592428513919,1,1,0,0,78.3
Dry,25-34,6.868292258084252,Medium,1874.7964814858278,Moderate,63.07547572713624,0,1,0,0,85.8
Combination,25-34,7.337837229922358,Medium,1899.0867671319954,Low,98.18860662324894,1,0,0,0,88.3
Combination,18-24,7.886032067266286,Medium,3040.2726657976064,Moderate,50.956912731754514,0,0,0,0,96.9
Combination,25-34,4.386523550072398,Medium,2130.675718627516,Moderate,51.29274835055675,0,0,0,0,88.2
Sensitive,45-54,8.236129870816395,Low,2174.1371345470607,Low,83.42860506702746,0,1,1,0,85.2
Normal,25-34,6.95473074256441,Medium,1427.442848541517,Low,23.32601518683539,0,0,0,0,89.1
Normal,35-44,6.047107923162087,High,2205.211137452534,Moderate,82.58512187734843,0,0,0,0,91.8
Normal,35-44,5.875499573581129,High,2329.165989661732,High,69.55211528169866,0,0,1,0,82.4
Dry,25-34,5.9989203769147315,Medium,2555.1550639689326,Moderate,26.315994275853917,0,1,0,0,81.7
Combination,18-24,5.051887470084262,Medium,2315.042262450751,High,59.2918254387609,1,0,0,0,80.7
Oily,35-44,9.583401086480539,Low,1936.6308859580083,Low,78.9615616687662,0,0,0,0,100.0
Sensitive,45-54,9.229226987715016,Low,1915.2883435683957,Moderate,41.71355618477896,0,0,1,1,83.5
Normal,35-44,7.677550301463909,Low,1963.9596606155485,Low,86.43261031477286,0,0,1,0,91.9
Sensitive,18-24,6.6649023754868635,Medium,2053.5935217804517,High,53.743942253123635,0,0,0,0,92.8
Oily,18-24,6.704338018093907,Medium,2633.825220403089,Extreme,0.0,1,0,0,1,71.7
Normal,18-24,8.137098559260952,Medium,2536.3197746006035,Moderate,74.29908945108016,0,0,0,0,98.8
Oily,25-34,9.136740349252925,Low,2376.45547686289,Extreme,83.5683656393663,0,0,0,0,100.0
Oily,35-44,6.144404890604886,Medium,3014.604990235149,High,31.91135451696878,1,0,1,1,66.5
Oily,18-24,5.323620936065014,Low,671.8808123615872,Low,8.224729189192615,1,0,0,1,67.8
Oily,45-54,9.321461160392907,Medium,1769.9707128369846,Moderate,93.19646232749668,0,0,1,0,93.5
Combination,25-34,3.8192921186233226,Low,1994.3636904428085,High,34.56596512076929,1,0,0,0,77.1
Dry,35-44,5.487203787621031,Medium,1663.8852630195136,Moderate,93.62206218756845,0,0,0,0,93.7
Oily,55+,6.62971316123372,Medium,1535.1246376738045,Moderate,5.200953621546461,1,0,0,0,76.8
Dry,18-24,4.659349798292453,Low,1141.4201798183965,Moderate,85.1289030066623,0,1,0,0,84.1
Combination,45-54,8.668223594209897,Low,1844.3356939578687,Moderate,86.83380738442962,0,0,1,1,86.7
Oily,18-24,8.28535790575765,Medium,2447.013526920916,Low,63.514089413774016,1,0,0,1,80.8
Oily,25-34,5.637810159177024,Low,2386.9681711521366,Moderate,0.0,1,0,0,0,78.0
Normal,45-54,8.91942117876662,Medium,1623.935056879649,High,50.9398350791254,0,0,1,1,81.2
Normal,45-54,9.173938642605739,Medium,2110.1225392658434,High,85.187817323942,0,1,1,1,78.1
Dry,25-34,6.330244027564905,Medium,2678.799907608046,Moderate,7.825032359249143,1,1,0,0,70.8
Normal,25-34,5.823997733647989,Medium,1239.9664773273835,Moderate,36.941315589383095,1,0,0,1,70.8
Dry,35-44,10.0,High,1920.5820098137353,Low,69.91122345559525,0,0,0,0,97.8
Combination,45-54,8.081742733126232,Medium,2143.2481454044696,High,31.025675324146782,0,1,1,1,70.6
Normal,18-24,7.38448697945328,High,2005.0076700183952,Moderate,82.51255691362515,0,0,0,0,94.0
Dry,45-54,9.045318919959419,Low,2425.3166970086972,Moderate,87.56518546964178,0,1,1,1,80.7
Oily,25-34,6.952895952504532,Medium,1251.0869851690672,Low,56.05477484317158,1,0,0,0,82.0
Sensitive,25-34,5.741569121121217,Medium,1497.0906696012935,Low,75.8506439522298,0,0,0,0,92.1
Oily,25-34,6.62023964073133,High,2341.020671347998,Low,36.48815113426443,1,0,0,0,78.6
Combination,25-34,8.057981430979602,Low,1148.8879694524926,High,64.74269994456985,1,0,0,0,86.9
Dry,45-54,4.011721650476179,Low,2405.883920516638,Moderate,45.05701224989902,0,1,1,1,66.3
Normal,25-34,6.067953890841168,Low,2224.9090781159566,Moderate,45.080468778180446,0,0,0,0,93.1
Dry,55+,9.074586097872407,High,2370.95986985268,Extreme,37.68977822241792,0,0,1,1,78.7
Sensitive,18-24,6.232197398359723,Medium,1765.355173620148,Low,100.0,0,0,0,0,96.0
Dry,35-44,9.319162840647115,High,2254.9192183567257,Low,90.17646700721568,0,1,1,0,83.2
Combination,45-54,9.12211572903972,Low,1413.8562149246063,Low,34.91386518564706,0,1,1,1,73.6
Combination,35-44,6.901706326766573,Low,1792.7475287668403,Moderate,93.44061509449345,0,0,0,0,98.7
Oily,35-44,6.147191042666499,Low,2018.1694701387667,High,40.04955134415414,0,0,0,1,85.3
Oily,25-34,6.068961688775548,Medium,1550.6252877215452,High,96.32174980134812,1,0,0,1,77.9
Dry,45-54,10.0,High,2109.0534340171307,Moderate,99.27376469341637,0,1,1,0,85.1
Oily,45-54,9.811636670399865,Medium,1427.8963856033672,Moderate,100.0,0,1,1,0,86.5
Combination,18-24,7.188086457710107,High,2134.3254049175057,High,57.3236272876352,1,0,0,1,74.4
Sensitive,45-54,6.087769672569386,Low,2870.9251521936394,Moderate,67.98778956884927,0,0,0,1,89.7
Oily,25-34,6.675561553371895,Medium,1371.6671806913207,Low,42.43091807158974,1,1,0,1,65.3
Oily,25-34,6.865740389925147,Medium,1988.7199418620373,High,59.3795453169846,1,0,0,1,76.6
Combination,45-54,5.134961893585968,Low,1191.019470977426,High,34.64956194420617,1,0,1,1,63.1
Oily,25-34,6.62006190382289,Low,1583.5229909547913,Moderate,0.0,0,0,0,0,88.4
Combination,45-54,8.983606487217596,Medium,2350.974585869723,Low,50.00839148570268,0,0,1,0,89.7
Oily,25-34,3.8009649781752897,Low,1784.6856991049328,Moderate,51.02319784190799,0,0,0,0,88.3
Dry,18-24,8.239875947705873,High,2371.2050693842316,Moderate,63.88816339945171,0,1,0,0,86.6
Normal,25-34,8.56219695508217,High,2177.941679338379,Low,59.93061025439877,1,0,0,1,77.5
Dry,18-24,6.159163982358447,Medium,1967.740864330004,Moderate,53.52068379410344,1,1,0,0,73.6
Oily,35-44,9.541263637286585,Medium,1485.2937026382667,Low,89.2367717241423,0,0,0,0,100.0
Dry,25-34,5.464494406327482,Low,2342.744109248769,Moderate,28.184445446319934,1,1,0,1,65.4
Normal,25-34,7.161623992790606,Low,2152.0668642257474,Low,33.19938738484113,0,0,0,0,93.9
Combination,18-24,6.539840973004554,High,1235.9797959953225,Extreme,100.0,1,0,0,0,82.6
Combination,25-34,6.039505464256095,Medium,1517.7372033583404,Low,0.0,1,0,0,1,68.1
Oily,35-44,6.074051395362932,Medium,615.4855592243171,Moderate,87.97579554877773,0,0,0,0,92.2
Normal,18-24,8.04786322129303,Medium,1317.1865968581203,Low,64.08524609606876,0,0,0,0,95.1
Normal,35-44,8.273208186597174,Medium,1843.3118694898133,Low,59.96541139431731,0,0,0,0,96.2
Dry,45-54,6.903366700634217,Low,1472.0721798261538,Moderate,82.40426662510947,0,1,1,1,74.0
Dry,35-44,4.960047679491589,Medium,1584.1667019731565,Low,77.96231698967793,0,0,0,0,90.9
Dry,45-54,7.604755249951585,Medium,2695.285078787889,Moderate,23.517514992919708,0,1,1,1,70.0
Oily,18-24,7.633021539116041,High,2514.4066620190333,Low,25.6519724528695,0,0,0,0,89.9
Oily,25-34,6.174927482920359,Medium,1652.665906119699,Moderate,37.98295257876404,0,0,0,0,89.5
Dry,45-54,9.800846930771213,Low,2396.7688172012577,High,6.96857341022249,0,0,1,1,82.1
Oily,35-44,4.654106102649019,Low,2607.4364264520873,Extreme,59.78398234050354,1,0,0,1,75.5
Sensitive,35-44,3.674074434619648,Medium,2309.274245792878,Moderate,90.93782434834188,0,0,1,0,83.1
Normal,35-44,5.903747650453494,Medium,2149.4637415209477,High,89.14330695830719,0,0,0,0,95.0
Dry,25-34,7.565636801137174,Medium,2549.1615388592027,High,51.94924237069897,0,0,0,0,95.4
Oily,18-24,5.416233043849239,Medium,2384.7589899787063,Low,31.260746241266123,0,0,0,0,88.7
Oily,35-44,5.528543622210887,Medium,1393.4528682212945,High,65.60011916838624,0,0,1,0,82.4
Combination,35-44,8.426532004267232,Low,1905.5338730305166,Moderate,58.03179449153124,0,0,0,0,98.5
Dry,25-34,7.193821884196624,Medium,1723.9654594702267,Low,69.62703282668764,0,0,0,0,94.8
Sensitive,45-54,7.5655913644426,Low,2576.2367419635393,Extreme,73.86546623077987,0,1,0,0,91.7
Normal,25-34,7.6721433791982925,Medium,1709.7889746072872,Low,72.23638505753507,1,0,0,1,79.0
Normal,25-34,5.8622105700906735,Medium,1623.9075143450782,Moderate,43.46447437926682,1,0,0,0,79.3
Combination,45-54,6.431523888912713,Low,2513.34103723582,Moderate,92.25566215446143,0,0,0,0,99.1
Dry,35-44,8.214668908842137,Medium,2129.835507965885,Moderate,64.43861228809693,0,1,0,0,89.1
Oily,25-34,4.4826698288282,Medium,3055.8911753158204,Moderate,35.05281344220306,1,0,0,1,71.6
Normal,18-24,3.7859202304021804,Low,1568.8792385967724,Low,41.67162032454783,0,0,0,0,86.9
Normal,18-24,6.350073739558218,High,1740.5820352670003,Moderate,68.17606922367078,1,0,0,1,73.0
Combination,35-44,8.396309933598538,Low,2560.9838687139127,Low,28.23188155991574,0,0,0,0,96.7
Normal,25-34,6.883339548480205,Medium,1360.449814369489,Low,46.76139025051405,0,0,0,0,91.2
Oily,45-54,8.285937256184523,Low,2659.8461789629437,High,86.73015735342908,0,1,1,0,86.6
Oily,45-54,3.975558534365252,High,1396.272308907714,High,72.92212790722317,0,1,1,0,69.0
Oily,45-54,7.473245212485238,High,2305.111781605517,Moderate,31.22970389110696,1,0,1,0,71.7
Normal,25-34,7.480796756963567,Medium,1078.474486767361,Low,57.78101293090697,1,0,0,0,82.9
Dry,35-44,4.973803866083973,High,2022.5649199941563,Moderate,26.449882226601467,1,1,0,1,58.6
Normal,25-34,7.793086385819818,Low,1315.2347553075856,Low,54.6635423292553,0,0,0,0,95.7
Combination,18-24,6.83272165524131,Low,2963.1376185057434,High,84.49619295887577,0,0,0,0,100.0
Oily,18-24,10.0,Medium,1464.1847436022426,Low,51.8350033118439,0,1,0,0,90.1
Dry,25-34,3.234145896654897,Medium,1585.571495509579,Moderate,21.702205056512135,1,1,0,1,56.8
Combination,45-54,9.053671551512126,Medium,2267.7129781514363,Moderate,55.22526449059762,1,0,1,0,80.2
Dry,18-24,6.408762855210889,Medium,1699.5211855516309,Extreme,54.8616821817452,0,0,0,0,91.7
Dry,18-24,4.574272428339935,Medium,2349.976678509601,Low,77.30263497710918,1,1,0,0,73.6
Oily,55+,6.209567284652512,Medium,1644.5549106671062,Low,77.0782078385026,0,1,1,1,70.4
Oily,18-24,7.416218862006199,Low,1606.0245216987223,Extreme,22.769083224534796,1,0,0,1,75.3
Dry,35-44,8.556200004347565,Low,1986.2206469597263,Moderate,51.89779512814724,0,1,1,0,82.3
Sensitive,25-34,9.082946432198263,Medium,1391.5347465199288,High,74.84171527166116,0,0,0,0,98.4
Dry,18-24,9.132839633056514,Medium,2198.183182333742,High,34.880773932619576,0,0,0,0,96.2
Dry,45-54,5.551926968943258,Low,2438.6492599348776,Moderate,72.45958036761647,0,1,1,1,72.2
Combination,18-24,8.695247038399176,Low,2276.498319996219,Low,16.29922321480045,1,0,0,0,85.6
Oily,25-34,7.086927435681311,Medium,2321.640435689127,Low,56.535105893305584,0,0,0,0,94.5
Normal,25-34,5.518095468606518,Low,1037.5723900173334,High,75.68302403013504,0,0,0,0,92.7
Dry,18-24,6.682134109783778,High,1769.1761270704712,High,51.348760559573094,1,0,0,1,72.0
Sensitive,18-24,5.935236010832914,Low,1886.467417178144,Moderate,69.39349413240004,0,0,0,0,94.6
Normal,18-24,7.055638512904684,Low,2727.2263358978,Moderate,71.1077134090701,0,0,0,0,98.7
Dry,18-24,5.90551317655882,Medium,1709.34630583002,Low,38.89739843683999,0,0,0,0,89.1
Oily,35-44,5.458008890173842,High,849.1327536049187,Moderate,75.55086833251826,0,0,0,0,87.2
Dry,25-34,7.2186786916741585,Medium,1498.015246501587,Extreme,49.23598493045144,0,1,0,0,84.4
Normal,25-34,7.443095822389456,Medium,1669.403391306105,High,27.29772432860995,1,0,0,1,74.0
Oily,25-34,6.2186044998625825,Low,921.7589330361732,Moderate,72.55780890169461,1,0,0,0,83.5
Combination,45-54,9.051476955903958,Medium,2484.3512603529375,Moderate,95.02312567458154,0,0,1,1,87.6
Oily,45-54,6.60935412025733,Low,1215.2099839074708,High,88.96304868627958,0,0,1,0,88.5
Dry,35-44,6.545838182311693,Medium,2223.010774116044,Moderate,82.55638872165171,0,0,0,0,95.8
Combination,45-54,7.990733473518546,Medium,1453.8016371517326,Moderate,72.76617978322605,0,1,1,1,73.2
Sensitive,25-34,6.301361622584995,Low,2753.4921836525386,Moderate,74.0736669548662,0,0,0,0,97.5
Oily,25-34,6.627196593539215,Low,1861.9231511109224,Low,47.654500115428434,1,0,0,0,83.7
Oily,35-44,3.2193422940714025,Medium,1760.4441727072863,Low,43.43445144027016,0,0,1,0,76.3
Normal,35-44,7.025061077106963,Medium,2264.1272233283294,Low,8.352632743730972,0,0,1,0,81.4
Sensitive,25-34,3.75920609379311,High,1496.349757739629,Low,25.816056883479348,0,1,0,0,72.1
Sensitive,25-34,4.668574143501694,Low,2287.7732369471005,Low,65.36443804851997,1,0,0,0,82.4
Dry,55+,4.997016191866742,Medium,1759.165687581754,Low,18.090175110131966,0,1,1,0,69.3
Combination,45-54,5.436125269699261,Low,1702.6990766949696,Low,70.35231223030993,0,1,1,0,77.3
Dry,25-34,5.676719210551621,Low,1956.2156448580265,Low,93.68471343865195,0,1,0,0,88.6
Dry,35-44,6.270261076681772,Medium,1455.1647820066642,Moderate,0.0,0,1,1,0,69.5
Normal,25-34,7.496412806385688,High,1904.5541577066658,Moderate,25.68761627544084,0,0,0,0,88.4
Combination,18-24,7.333581721202045,Medium,2169.742523561303,Extreme,100.0,1,0,0,0,89.0
Normal,25-34,3.6483883567730215,Medium,845.6293006411188,Moderate,70.85562378008855,0,0,0,0,86.1
Combination,25-34,6.624941956320211,Medium,2545.6537647688,Low,47.20835748683418,1,0,0,1,76.1
Combination,18-24,7.477382869875141,Medium,2407.9890650639495,Moderate,36.70275763617362,0,0,0,0,93.4
Combination,45-54,6.507150225620563,High,1072.7114127168143,High,74.64535956722032,1,0,0,0,79.6
Normal,25-34,6.408671034639946,Medium,994.783852155676,Moderate,74.48012240005549,0,0,0,0,92.3
Oily,25-34,6.785465188095585,Medium,2420.9533128005974,Low,18.265313538580617,1,0,0,0,80.2
Oily,18-24,8.146899396453371,Medium,2382.2594542580273,Extreme,87.29486730813434,1,0,0,0,89.8
Oily,18-24,4.637680018805899,Medium,2311.517376995697,Low,59.96156493838742,0,0,0,0,89.9
Normal,45-54,6.633524442040526,High,1286.538098248841,Extreme,83.45356514355976,0,1,1,0,75.2
Sensitive,35-44,9.262504147086593,Low,2914.3211118717413,High,100.0,0,0,0,0,100.0
Dry,55+,9.124991962446934,Low,1622.499566592236,Moderate,57.806771955243555,0,1,1,0,83.3
Oily,55+,8.276405391663669,High,2119.738270509125,Moderate,61.13577215181602,0,0,1,1,78.9
Oily,25-34,7.305237025933514,High,2125.8895109194186,Low,62.9437205427721,1,0,0,1,75.2
Oily,25-34,8.981952122603133,Medium,2796.4655763986784,High,41.072480030609924,1,0,0,1,80.7
Dry,45-54,9.876772002409998,Low,2062.583649971872,Moderate,76.21161142937822,0,1,1,0,87.5
Dry,55+,6.806380017929722,Medium,2207.9206778372654,Moderate,43.51101539739712,0,1,1,1,69.4
Sensitive,35-44,5.545851335067519,Low,1961.4370612729585,Low,75.01644641805426,0,0,1,0,86.5
Oily,35-44,6.594561523563257,Medium,1401.700305644151,Low,99.09776650870191,0,0,0,0,95.9
Sensitive,35-44,10.0,Low,840.6697017815097,Moderate,74.09905444785667,0,0,0,0,100.0
Combination,25-34,4.145965485912209,Medium,2016.2899373969922,Moderate,60.33770125535085,1,0,0,0,78.4
Oily,25-34,5.794191290705874,Low,1293.8184547426108,Moderate,45.63062950308485,1,0,0,0,80.7
Sensitive,45-54,4.880963271261053,Medium,2175.088607656936,Moderate,65.85433559165642,0,1,0,0,82.7
Normal,35-44,7.187145794316078,Medium,2074.375043592078,High,100.0,0,0,0,0,98.5
Combination,18-24,5.195963456657699,Medium,2062.21684802368,Moderate,13.389543842348864,0,0,0,0,85.9
Oily,25-34,6.336873465749573,Low,1473.5376902687672,Moderate,51.302593030800715,1,1,0,0,74.8
Combination,18-24,4.0748572599718615,Low,2518.2720381806835,High,19.95453290807201,0,0,0,1,80.2
Combination,18-24,7.926430997626976,Medium,2237.3855486148072,High,81.35982451249185,0,0,0,0,98.5
Combination,45-54,8.833517884701962,Medium,1409.1501084677086,Moderate,58.460505886132395,0,1,1,0,80.3
Combination,18-24,6.424084566904812,Medium,3034.273791961132,Extreme,38.27967573851642,0,0,0,0,92.7
Oily,18-24,6.797304989386447,Low,1894.604341207596,Moderate,4.124708796991307,0,0,0,0,89.8
Normal,25-34,6.254889153903032,Medium,1332.8567496705964,Low,89.40697146498346,1,0,0,0,84.1
Oily,35-44,7.271366012837538,Medium,1620.8240078690858,Moderate,26.80486967713817,0,0,0,0,90.5
Normal,25-34,6.442745619550358,Medium,1245.5545692166966,Low,62.16895992890152,1,0,0,0,81.6
Dry,18-24,8.152175428646041,Medium,2679.713458843452,High,73.29446543713968,0,0,0,0,99.0
Oily,18-24,8.849558700176418,High,2540.224163414594,Moderate,100.0,1,0,0,0,89.8
Sensitive,18-24,5.778893166261726,Medium,2369.7397873681853,Moderate,51.218518965623204,1,0,0,1,74.4
Dry,25-34,6.036007260838555,High,2275.570950926425,Moderate,28.612910484973156,1,1,0,0,68.5
Combination,25-34,7.852429173387117,Medium,2624.171080408186,Low,39.31811576397956,1,0,0,1,77.9
Normal,45-54,4.867496427911451,High,1879.0028937890308,High,45.291473231539825,1,0,1,1,60.0
Combination,25-34,3.5439180772316448,Low,2211.331071739528,High,2.909549036654198,1,0,1,1,58.8
Sensitive,18-24,7.339473929347718,Medium,1594.054234808001,Extreme,100.0,1,0,0,0,87.9
Oily,35-44,7.744519616605738,Medium,1923.2757237794299,Moderate,49.548742500423316,1,0,1,0,76.3
Dry,25-34,5.416549718069612,Medium,2225.038586583695,Moderate,46.00813769556611,0,1,0,0,81.9
Combination,35-44,6.132023418819317,Medium,500.0,High,75.68643035585914,0,0,1,0,82.8
Normal,25-34,5.359711517388652,Low,1690.1446121826416,Low,84.65239544824371,1,0,0,1,77.6
Dry,25-34,5.199612140983348,High,2082.4935698870913,Low,20.9858331858437,1,0,0,0,73.7
Oily,35-44,8.0402437309069,Medium,1961.241967029313,Low,68.94047844247459,1,0,0,0,86.9
Normal,45-54,5.229252269503542,High,1773.8018371272346,Extreme,29.605387534481483,1,1,1,1,51.0
Oily,25-34,6.101715707849976,Low,2294.575969403739,Low,58.3412086386787,0,0,0,0,94.6
Normal,25-34,5.141995748727721,Medium,1646.1438133959728,High,57.30535316080314,0,0,0,0,89.3
Normal,25-34,4.317066536148177,Medium,1389.0462700067317,Moderate,38.17469927262854,0,1,0,0,77.2
Normal,45-54,8.305267262120156,Medium,2591.8830531447775,Low,65.83638811215485,0,0,1,0,90.4
Sensitive,45-54,6.220262166739691,Medium,2521.3242629685988,Extreme,81.29468396680453,0,0,1,1,80.6
Dry,18-24,7.282660120631135,Low,1700.4254511986874,Moderate,47.95802851448842,0,0,0,0,94.8
Sensitive,18-24,4.737886180298485,Low,1965.6527151566515,Moderate,59.88502367142151,0,0,0,0,91.4
Oily,25-34,5.387090819365286,Medium,2422.9948436785226,Low,15.890673957857196,0,0,0,0,87.2
Oily,18-24,8.134131821042509,Medium,2022.0171633653742,Moderate,22.732121050956305,1,0,0,1,75.6
Dry,25-34,10.0,Low,2265.103803435674,High,34.64437637317418,0,1,0,1,85.0
Oily,18-24,4.035675903414532,Medium,2237.783396863372,Moderate,24.783050991680827,0,0,0,0,85.0
Normal,35-44,6.69833830706586,Medium,1840.4148914225966,Moderate,45.6677967175809,0,0,0,0,91.6
Dry,45-54,7.61842089721525,Medium,2257.962001340703,Low,58.09608223708743,0,1,1,0,79.6
Oily,55+,6.075849770141074,Low,1517.528186987691,High,52.20624956008294,1,0,0,0,82.4
Dry,25-34,7.774282980491186,Medium,2197.137159039278,High,64.04194271808254,0,1,0,0,88.3
Dry,25-34,5.19990099400953,Medium,1962.9511717941632,High,53.92208659496707,1,1,0,0,71.7
Normal,45-54,7.230771490324962,Medium,1819.6397840423704,Low,62.97519813718231,0,1,0,0,86.4
Normal,18-24,6.21689214325246,High,1376.6320652683273,Moderate,63.410158005761204,1,0,0,1,71.5
Combination,35-44,8.829146624432159,Medium,2065.8296304795954,Low,37.07780324610313,0,0,1,0,87.5
Oily,25-34,5.485453245446592,Medium,2019.2651388282222,Moderate,29.168888808948303,1,0,0,0,77.9
Normal,18-24,6.472189305570226,Low,1580.1817689221175,Moderate,40.669726638652996,0,0,0,0,92.2
Sensitive,25-34,7.918533556245732,Medium,1201.5640898906008,Extreme,47.569900553381615,1,0,0,1,76.0
Normal,18-24,5.4579420113607044,Low,1177.7624496842702,Extreme,6.1732608007345675,0,1,1,0,69.9
Dry,35-44,7.103125085145359,High,1872.9635052202204,Moderate,74.39966988735796,0,0,0,0,92.4
Sensitive,25-34,3.766198484470097,High,2153.2488197108946,Moderate,40.04204335159676,0,0,0,0,82.8
Oily,25-34,4.868099812056387,Medium,2924.985797150479,Moderate,95.29015762337664,1,0,0,0,85.1
Normal,18-24,7.573196913836205,Low,1977.4225774747426,Low,54.13419119306361,0,0,0,0,96.5
Normal,45-54,5.513953735695651,Low,1187.3069742107668,High,22.456855667727503,0,0,1,1,72.6
Oily,25-34,5.683140602264313,High,1896.5409158768643,Moderate,66.6733329871373,1,0,0,0,78.8
Normal,25-34,7.239629603071906,High,2625.6824492594747,Moderate,50.831944083119126,0,0,0,0,91.8
Dry,25-34,5.631220788279604,Low,1658.6021957493767,High,57.27453145486812,0,0,0,0,92.3
Normal,25-34,7.734263109824537,Medium,2559.3017887004453,Extreme,37.56083921528882,0,0,0,0,94.3
Dry,18-24,7.323494181229097,Low,2087.862356517498,Moderate,26.718855418428074,1,0,0,1,76.5
Sensitive,35-44,7.653524667886755,Low,2323.440777260428,Moderate,38.468233681358356,0,0,0,0,95.8
Combination,18-24,8.861448398107798,Low,2929.4279991020217,Extreme,17.949972150710956,1,0,1,1,72.4
Dry,18-24,7.479734593921099,Medium,1081.368046315863,Moderate,15.797504114775066,0,1,0,0,80.7
Oily,35-44,9.308270935704016,Low,2448.2520915041196,High,51.064974343977454,0,0,0,0,100.0
Dry,18-24,8.366893424556736,Low,1952.6494410593416,Low,48.70981685317364,0,1,0,0,89.5
Dry,25-34,5.714821355248315,Low,1525.4097333231844,Moderate,11.322992624440147,0,1,0,0,79.6
Oily,25-34,8.439722112531907,Medium,1949.6826815384466,Moderate,72.56694692874814,1,0,0,0,88.0
Normal,25-34,6.895799031354418,Medium,2845.485471575772,Moderate,53.54111863769226,0,0,0,0,94.8
Combination,35-44,6.407980437009245,Low,2667.4729898778264,High,100.0,1,0,1,1,75.2
Oily,35-44,7.417578542981324,High,999.6427694043484,Moderate,49.872530327010566,0,1,0,0,80.8
Normal,35-44,8.668490236585395,Low,1615.0801469920834,Extreme,100.0,0,0,1,0,94.6
Oily,35-44,7.682567641363333,Medium,2471.447117784684,Moderate,78.64962838280988,0,0,0,0,98.2
Oily,25-34,9.233589248827096,Low,1989.1279611084838,Low,1.016421557950821,1,0,0,1,77.5
Combination,25-34,8.129795836848233,Low,1990.9933300613843,Low,20.233223616171774,0,0,0,0,94.3
Combination,25-34,7.2847400501032435,Low,1215.8367721036748,Low,57.948769029894365,0,0,0,0,94.8
Combination,25-34,4.960897875888263,Low,1627.261578850486,Moderate,6.310218745713229,1,0,0,0,75.8
Normal,55+,6.730401228984819,High,1320.897126483043,Low,27.593582647582636,0,1,1,0,69.9
Oily,45-54,7.107496209626277,Medium,1173.3412609592524,Moderate,20.191560002887705,0,0,0,1,81.6
Oily,18-24,8.04494725182662,High,1371.1310083012363,High,100.0,1,0,0,0,85.8
Normal,18-24,7.955999561908289,Low,1535.9511212768302,Low,77.46569891976218,0,0,0,0,98.7
Oily,18-24,7.254310615327429,Medium,1619.4432655459557,Low,41.525428508720964,0,0,0,0,91.9
Combination,18-24,7.180524873065757,Low,1578.9351389697877,Moderate,87.81005737363886,0,0,0,0,98.3
Normal,18-24,8.080685342614105,Medium,2510.2280367088006,Moderate,81.44770425777938,0,0,0,0,99.3
Dry,25-34,5.212120661555021,High,1546.4278974898207,Extreme,82.7584964469151,1,1,0,1,63.8
Oily,45-54,9.543273728874784,High,2713.092346092816,Moderate,46.016725548684285,0,1,1,0,80.1
Normal,35-44,3.929249672254793,Low,1758.0120612055205,Extreme,52.27785266602867,0,0,0,0,88.6
Oily,18-24,9.183114223258045,Medium,2219.5993298754593,Low,22.58519355328577,0,0,0,0,95.1
Sensitive,25-34,6.432221707362257,Low,2235.571540699434,Moderate,62.157141351292594,1,0,0,0,85.6
Combination,25-34,8.00386972140739,Low,1551.0782896036014,High,29.68606120475828,1,0,0,1,77.1
Sensitive,45-54,7.545760651438919,Low,1835.95471749615,High,48.14676301311766,0,0,1,1,80.6
Oily,45-54,7.519051616366203,Low,1748.528081529823,Moderate,88.28993418639091,0,0,1,0,91.4
Normal,45-54,7.8313817140397814,Medium,2186.220356405414,Moderate,76.79028041287394,0,0,1,1,82.7
Dry,25-34,7.713581433631667,Medium,1935.5777552910783,Low,27.93965317731147,0,0,0,0,92.1
Oily,35-44,6.50675376011914,Medium,1625.8008630265094,Low,83.63634224262756,0,0,0,0,94.6
Combination,18-24,8.552198695789354,Medium,2059.529144329655,Low,57.72045120373544,0,0,0,0,97.0
Normal,25-34,4.873294064631825,Low,2169.80804156498,Low,42.115898695010316,0,0,0,0,90.3
Oily,18-24,6.992004140010813,Low,2925.0223392712937,High,89.76902040106903,1,0,0,1,83.8
Normal,25-34,7.753954886408415,Medium,2034.0632280479506,Low,57.634567462331994,0,0,0,0,95.3
Oily,35-44,8.492526369423834,Medium,2005.0041734042695,Moderate,100.0,0,0,1,0,93.0
Combination,25-34,7.191183272392101,Low,2214.1993052300018,Extreme,64.14761522050263,0,0,0,0,97.2
Oily,18-24,6.409911343066397,High,1525.2988186685707,Moderate,66.29680695033474,1,0,0,0,79.5
Oily,18-24,8.345061667553056,Medium,1137.245199482254,Low,23.10369427760699,0,1,0,0,83.3
Oily,18-24,5.99595064132187,Medium,1843.948954139589,Moderate,36.07241064309335,0,0,0,0,89.3
Oily,18-24,9.627113610623367,Medium,2536.0495489888704,High,86.4366018119649,1,0,0,1,86.0
Combination,18-24,6.872993653750504,Medium,2616.7758565843455,Low,79.048414701897,0,0,0,0,96.9
Combination,18-24,4.690561458691059,Medium,1060.307647134261,High,41.041673595677906,1,0,0,0,75.6
Sensitive,18-24,5.207974797975172,Medium,2333.0397402467333,Low,31.176564527174797,0,0,0,0,88.2
Combination,55+,7.065465455319381,Low,907.6009990861703,Moderate,91.49434874719046,1,1,1,1,64.1
Oily,25-34,6.70973790698908,High,2229.590277416293,Low,76.66606847597842,1,0,0,0,82.5
Dry,18-24,9.954485027426642,Medium,2199.679656448328,Moderate,21.389372217665326,0,1,0,0,88.4
Oily,25-34,4.942250993578661,Medium,1138.0099852422281,Moderate,21.38629507049565,0,0,0,0,84.3
Oily,45-54,7.059193298955896,Medium,2500.0230715658436,High,100.0,0,0,1,0,91.1
Combination,35-44,5.410867889376915,Medium,2871.9179506454593,Moderate,47.309578265534164,0,0,0,0,91.3
Normal,25-34,5.761017720179895,Low,1968.7598344987618,High,37.75413063288686,0,0,0,1,84.2
Sensitive,25-34,9.025958045104007,Medium,2070.4999374884815,Low,47.98688510157916,0,0,0,0,97.0
Oily,35-44,5.295495665266014,Medium,2739.558101493453,Moderate,68.88674894944924,1,0,0,0,83.0
Dry,35-44,7.88056363610175,Low,1436.83398295601,Low,24.99311532808631,0,0,0,0,93.1
Dry,35-44,7.589361038521587,Low,1449.4612711885536,Moderate,65.93989981865087,0,1,0,0,88.7
Combination,45-54,6.963742860462687,High,1580.3082480403993,Moderate,24.831568507403446,1,0,0,1,69.6
Dry,45-54,7.779154934787607,High,2018.5410521554963,Low,25.0074148568349,0,1,0,1,74.1
Dry,25-34,4.759969427085068,Medium,2017.2079221312401,Low,15.859127586165144,0,1,0,0,77.1
Normal,25-34,8.984483761705336,Medium,1723.354862359873,High,16.820634074393233,1,0,0,1,76.1
Dry,35-44,9.88726824268528,High,1849.759794271231,Low,78.05910442592932,0,1,0,0,90.3
Normal,45-54,7.07065704663897,Low,1730.2158825246233,Moderate,78.06727830541149,0,0,1,0,89.4
Combination,18-24,10.0,Medium,1754.0999943096942,Moderate,45.93243418581402,0,0,0,0,98.1
Dry,55+,6.40145810267512,Medium,1615.7392698607068,Low,34.210955194875474,0,1,1,1,66.5
Dry,18-24,7.60064799078442,Medium,1619.7801307629074,Low,84.54493836679202,0,0,0,0,96.9
Normal,25-34,8.64783359566177,Low,999.5280825361998,Moderate,67.3709904361566,0,0,0,0,98.0
Normal,45-54,6.311493309665636,Medium,1888.162452811008,Low,30.532856347134242,0,0,1,1,74.5
Combination,18-24,4.927676411680842,Medium,1022.2103388913655,Extreme,58.764002014739376,0,0,0,0,87.8
Normal,25-34,4.0824244015717195,High,2375.2795593537107,Extreme,57.474659146196046,1,0,0,0,75.7
Normal,18-24,10.0,Medium,1720.04107792742,Moderate,67.9612699694075,0,0,0,0,100.0
Normal,25-34,5.706463024041834,High,1940.2952106418363,Low,100.0,1,0,0,1,75.3
Sensitive,18-24,6.721394854872252,High,1813.3951836240217,Moderate,44.53919811637799,1,0,0,1,71.5
Combination,25-34,4.830853882518419,Medium,1877.9431123258864,Low,63.86057974969811,0,0,0,0,89.8
Oily,25-34,7.922508918993783,Low,2631.687407798359,Moderate,87.40048885983218,1,0,0,0,91.8
Oily,55+,5.827660211163122,Medium,1324.2517940363591,Low,92.95608759511092,0,0,1,0,85.6
Oily,55+,6.263105458508017,High,1188.3415388287578,High,54.513739422746745,1,1,1,1,54.4
Combination,18-24,7.449280629124241,Low,2059.686163331982,Low,17.308926645998604,0,0,0,0,92.7
Dry,35-44,5.4039311091316415,Medium,1752.0601381303406,Moderate,15.12758378108746,0,0,1,0,77.8
Normal,18-24,6.732126595728662,Low,2179.811960671973,Low,70.66169658549276,0,0,0,0,96.9
Normal,18-24,9.103314384254904,Low,2358.2886198706574,Moderate,58.563223608222344,0,0,0,0,100.0
Normal,18-24,7.642381596275294,Medium,1446.8283717174074,Low,53.203214250340544,0,0,0,0,93.5
Dry,55+,7.195813438642538,Medium,2301.694421632407,Extreme,57.066141614991885,0,1,1,0,78.7
Combination,45-54,7.322297064195798,Medium,1489.0282565402467,Moderate,84.4628978059424,0,1,1,0,80.1
Oily,18-24,6.416297356035154,High,2037.2875954690621,Low,63.65858514729358,1,0,0,0,80.3
Normal,18-24,9.994228479632389,Low,1381.5431382030974,Moderate,59.66638401913323,0,1,0,0,92.7
Normal,18-24,5.781764304198899,Low,2066.071878595664,Low,35.160431968754224,0,0,0,0,91.2
Sensitive,25-34,6.816389242945895,High,1989.5613595390496,Moderate,90.98697712601381,0,0,0,0,93.7
Oily,25-34,6.672538349514211,Medium,1448.5352556969274,Low,35.56748901255729,1,0,0,0,79.8
Combination,18-24,8.513143760699702,Low,1320.7943293261278,Moderate,74.19366011696212,0,0,0,0,99.1
Dry,35-44,8.65476090819046,Medium,2375.3192920484944,Moderate,50.18363043944454,0,1,0,0,89.1
Oily,25-34,6.451971793269394,High,1773.499773660809,High,64.73572892872852,1,0,0,0,79.9
Oily,45-54,7.435999739669574,Medium,2506.015481116173,Moderate,100.0,1,0,1,0,81.9
Normal,35-44,7.492802130870922,Medium,1728.3031350876636,High,76.5143222280888,0,0,1,0,88.1
Dry,25-34,3.0917875166440894,Low,2651.089867809605,Extreme,85.40874472531506,0,0,0,0,92.0
Combination,35-44,4.616515596283337,Low,1525.8052225060846,Extreme,50.71415273203304,1,0,0,0,79.4
Dry,45-54,6.092404463917044,High,2736.373278755604,Low,62.40401840762641,0,1,1,1,67.9
Dry,25-34,5.657601985434697,Medium,2087.185931529031,High,41.13464891853086,0,0,0,0,89.6
Normal,25-34,4.701076367053801,Low,2199.8983703843555,Moderate,8.507495727382803,0,0,0,0,86.7
Sensitive,45-54,8.124373857060444,Medium,1497.9876932777865,Moderate,100.0,0,0,1,0,91.2
Combination,18-24,7.003177631526209,Medium,2364.6075914653934,High,64.22194589022807,0,0,0,0,95.2
Oily,18-24,6.677958178919744,Low,2381.9640662055863,Low,62.44805077848325,1,0,0,0,86.4
Sensitive,25-34,4.61576708823892,Medium,1837.782571237393,Moderate,95.79414685001966,0,0,0,0,92.5
Dry,45-54,6.933182703632817,Low,933.0023039996415,Moderate,31.614710696178562,0,1,1,0,74.9
Dry,35-44,3.0599728660020826,Medium,1443.3357170433164,Low,25.61586627604153,0,0,1,0,73.6
Combination,45-54,6.755565533791239,Medium,1443.2596693040205,High,91.03418032494409,1,0,1,0,77.5
Combination,25-34,6.594775503211634,Low,2224.676408770674,Moderate,48.24146451080689,0,0,0,0,94.5
Dry,18-24,7.362872476482248,Low,1767.4838302399285,Moderate,55.37126270185132,1,0,0,1,78.8
Normal,25-34,4.15384735478108,High,1777.1951418638748,Extreme,13.322457234371178,1,0,0,1,63.2
Oily,35-44,7.337225105037212,Medium,1716.8438650692913,High,96.80312324039392,0,0,1,0,89.8
Sensitive,18-24,5.437853095203186,Medium,2734.6451389109793,High,81.78138626719436,0,0,0,0,94.5
Oily,18-24,5.781295251561499,Low,2022.6759804149237,Low,35.60999094834749,0,0,0,0,91.2
Oily,18-24,8.076897078733998,Medium,2098.8701677916483,Moderate,100.0,1,0,0,0,90.4
Oily,25-34,9.521170585039616,Medium,1690.3052442810056,Moderate,15.913319810527305,0,0,0,0,94.0
Oily,45-54,7.07703813820402,Low,1985.1806714964018,Moderate,51.76457898256149,1,0,0,1,78.3
Dry,35-44,5.774356812039652,Medium,1512.1553286473927,Low,84.67403396384042,0,1,1,0,77.0
Sensitive,55+,7.2830056712649975,Medium,2171.862338778965,Moderate,93.83193116953838,0,0,1,0,90.3
Oily,18-24,8.408543736248719,Medium,1426.7232110134846,Low,12.671638794586116,1,1,0,0,72.9
Normal,45-54,7.9314963488091035,Low,2372.109922799579,Low,52.915784775762816,0,1,0,0,89.9
Normal,45-54,10.0,Low,1632.5238636141198,Moderate,78.64495626649928,0,0,1,1,88.1
Combination,25-34,5.4269936463579995,High,2474.1964064941017,Moderate,86.82649990892429,1,0,0,0,81.5
Dry,55+,7.378347219878947,High,2953.6471288409884,Extreme,84.72309831458205,0,1,1,1,73.1
Oily,25-34,8.823376930127305,Medium,2000.5505557625795,Moderate,67.51086657898229,1,0,0,1,81.4
Combination,45-54,9.229238855527798,Medium,2655.8075610714445,Moderate,62.2421598073148,0,1,1,1,77.0
Combination,45-54,4.074883110213429,Medium,2375.7244744927093,Low,55.51560861630772,1,0,1,1,63.5
Combination,35-44,6.994963569940028,Low,1283.6089804821036,Low,72.45299402140722,0,0,0,0,95.8
Sensitive,25-34,8.72678114877305,Low,2055.4638887592537,Moderate,100.0,0,0,0,0,100.0
Oily,18-24,10.0,Medium,2250.5993528446115,Low,44.64947520887232,1,0,0,0,89.0
Combination,25-34,7.5556938256262285,Medium,2298.857657713148,High,43.170733186879076,1,0,0,1,77.0
Oily,25-34,5.948205059455274,Medium,2089.103402487496,Low,78.63133606592011,1,0,0,0,83.9
Combination,35-44,5.486195271343915,High,2082.6556981636104,Moderate,86.54022958656677,0,0,1,0,82.8
Combination,35-44,10.0,Medium,2002.543679057617,High,47.5026128948002,0,0,0,0,98.8
Combination,45-54,8.093112379698638,High,2066.588042996843,High,27.031060111669824,0,1,1,1,67.0
Dry,18-24,5.727899609671874,High,1388.1605148504773,Moderate,7.163908852592378,0,1,0,0,73.9
Normal,45-54,6.6952654504993285,High,1881.8946095106608,Low,63.254147306488655,1,1,1,1,57.5
Dry,45-54,7.465279775243056,Medium,1273.5093225942358,Extreme,32.38506443215738,0,1,1,1,67.7
Sensitive,35-44,7.815709980832176,Low,1751.186158623012,High,97.40651782364289,0,0,1,0,92.9
Sensitive,18-24,5.650572013681315,Medium,1704.5972244495558,High,22.08161480328051,1,0,1,1,61.9
Normal,18-24,6.078714372811761,Medium,1672.6685131647298,Low,90.34075231470862,0,0,0,0,94.5
Normal,18-24,4.52059815644056,Medium,1473.995921105476,Moderate,41.58009605558494,0,0,0,0,86.1
Normal,35-44,8.559643434407173,High,2134.6386368984436,Low,40.03171619796287,1,0,0,1,75.4
Combination,35-44,6.487572299844526,High,1840.9648471440696,Low,46.471071989591024,1,0,0,0,78.3
Combination,55+,7.699482473774938,Medium,1789.7868721235,Low,28.38081049381334,0,0,1,1,76.8
Oily,25-34,8.63338776286449,Medium,1296.2130027518617,Moderate,87.86760688770752,0,1,0,0,90.6
Dry,25-34,6.829805213560919,High,1851.0694039015052,Extreme,66.79074595866649,0,1,0,0,83.0
Combination,35-44,6.830544286076398,Low,2572.7663999579822,Moderate,62.42128127333455,0,0,0,0,97.0
Combination,45-54,7.290882215325901,Low,2580.403154930171,Moderate,29.928012770966948,0,1,1,0,78.7
Dry,45-54,7.09479040577534,High,2186.7562898592228,Extreme,58.62392586094078,0,0,0,1,84.4
Dry,45-54,8.869247496816918,Medium,1852.4230124400804,Low,40.734433685508606,0,1,0,0,87.5
Dry,25-34,6.966257596308185,Medium,2279.491415112263,Low,0.0,0,0,0,0,88.5
Oily,35-44,6.183398470631631,High,1666.3232059116542,Low,42.65985380109103,1,0,0,0,77.0
Dry,45-54,8.571773585334626,Medium,1850.3738720583096,High,75.13099351828274,0,0,0,0,98.4
Dry,25-34,8.345726534537528,Medium,1628.7387787014554,Moderate,39.346515317867386,0,1,0,0,85.9
Combination,18-24,4.9925040597693044,Medium,2454.183213582045,Moderate,46.37526149447849,0,0,0,0,89.5
Dry,18-24,9.299175827152158,Low,2390.0029804958185,High,76.02485155504228,0,0,0,0,100.0
Combination,18-24,7.547067659812728,Low,1982.6588704770033,Low,71.54878520109418,0,0,0,0,98.2
Normal,35-44,7.424904925219898,High,2865.626154645282,Low,100.0,0,0,1,0,89.6
Oily,18-24,8.509936947394772,Low,2206.2572903854734,Moderate,0.0,0,0,0,0,93.4
Normal,18-24,6.149535413493582,Low,2178.113773168156,High,28.94280650503738,0,0,0,1,84.5
Oily,25-34,7.931246771286386,Medium,2124.560123270044,Low,72.70354253858723,1,0,0,0,87.4
Combination,25-34,5.934836795393217,Low,1368.856591133378,Low,60.78488469252879,0,1,0,0,84.7
Sensitive,25-34,4.287573980434493,High,1552.8600842963147,Moderate,67.48665695920681,0,0,0,0,85.4
Normal,35-44,5.503365581339599,Low,1972.6810231568948,Low,44.880214657715584,0,0,1,0,83.4
Oily,18-24,7.85053274935484,Medium,1976.8082606143496,High,55.661286779493054,1,0,0,0,85.2
Combination,18-24,5.581797490008013,Medium,2294.881350105218,Moderate,54.22217101773386,1,0,0,0,81.2
Oily,25-34,8.915114184784475,High,1666.0664454728098,Moderate,3.7002086405291976,0,0,0,0,88.5
Dry,25-34,8.283925180159464,Medium,2035.343350378272,High,55.340844676892424,1,1,0,0,78.2
Combination,25-34,8.500158749049447,Medium,2044.2800655517415,High,37.07423972016541,1,0,1,0,76.8
Dry,18-24,7.187167869516118,High,2064.097540888062,Low,71.0266063779376,1,1,0,1,67.6
Normal,45-54,7.386792425942439,Low,2008.2072585266408,Moderate,68.61641000433835,0,0,0,1,90.7
Oily,35-44,5.209432218633584,Medium,1298.079990724002,Moderate,100.0,1,0,0,0,83.0
Combination,18-24,8.493675265236236,High,869.39076817111,High,49.998164646382236,0,0,1,0,82.7
Dry,18-24,7.569750182555628,Medium,1529.1181820963702,High,22.71722200507548,1,1,0,1,65.5
Normal,55+,7.85095843793839,Medium,1734.4384886005478,Moderate,0.0,0,0,1,1,74.2
Combination,35-44,9.532467717179323,Low,1410.7740654747809,High,36.54310684059635,0,0,1,1,82.5
Normal,25-34,5.591055524078735,Low,1972.1630655628253,Moderate,59.433784030724325,1,0,0,1,76.1
Combination,35-44,6.810787675184023,Low,2545.0534843940995,High,75.82176953165913,0,0,0,0,98.3
Oily,35-44,7.490006382313251,High,2363.01658271394,Low,44.8699285446147,0,0,0,0,91.2
Sensitive,35-44,5.59684689181194,High,2233.166647706805,Low,64.24676241400515,0,0,1,0,81.1
Oily,25-34,6.21860176808474,Medium,2492.6553693312517,High,51.748408231899546,0,0,0,0,92.6
Oily,25-34,7.239424715700454,Low,1537.688477834885,Low,59.50133023301524,1,0,0,0,85.5
Normal,18-24,6.5118680929407535,Low,1771.601865164538,Moderate,75.50204222126294,0,0,0,0,96.1
Oily,45-54,8.963484114593669,Medium,2307.423431529111,High,45.31057072313363,0,0,1,1,82.1
Combination,35-44,4.733613157274509,Medium,1762.7349954140032,Moderate,41.43422087987102,0,0,0,0,87.1
Sensitive,18-24,8.684156860350013,Medium,1790.086754924435,High,100.0,0,0,0,0,100.0
Oily,45-54,7.991778212224007,High,2931.209560954634,Moderate,100.0,0,0,1,0,90.8
Oily,45-54,6.146757118665114,Medium,2047.7210389316613,High,46.76434563265359,1,0,1,1,66.1
Combination,55+,5.613387147655002,Medium,2881.8131001003685,Moderate,78.56347778357114,0,1,1,0,78.8
Combination,45-54,3.879576074136322,Medium,1088.351666798615,Moderate,100.0,0,1,0,0,81.9
Dry,55+,5.807237481379249,Medium,1684.5668476983528,Moderate,82.92395846974748,0,0,0,0,93.3
Oily,18-24,8.570764982504496,Medium,2204.4082903259637,Extreme,30.92725748458335,1,0,0,1,77.6
Oily,45-54,6.915871410581989,Medium,2046.8662898865396,Low,62.620312628763195,0,0,0,0,94.2
Dry,45-54,8.744471320587763,Low,972.2268684014571,Moderate,16.204705042246808,0,1,0,0,85.1
Normal,18-24,6.070193394063172,Medium,1885.2104097138913,Low,25.876328441844155,0,0,0,0,88.5
Dry,18-24,8.060659240159843,High,3236.5087983093517,Low,49.61746761527142,0,1,0,0,86.6
Oily,55+,5.9237520968733675,Medium,2123.4563859150485,Extreme,55.4938951807304,0,0,1,0,83.6
Combination,25-34,5.051637490685241,High,2302.2179999993937,Low,32.675230458900785,1,0,0,0,75.0
Normal,45-54,6.8393091742439855,Low,1678.0284160374288,Moderate,0.0,0,1,0,1,74.0
Dry,18-24,6.002550233020005,Medium,2121.6420736981704,Moderate,54.839071433090155,0,1,0,0,83.7
Oily,18-24,4.685766776444181,High,1993.8359008823393,High,68.2042906587239,1,0,0,0,77.2
Dry,25-34,6.22652794892451,Medium,2559.407215869454,High,69.15307797204626,1,1,0,0,76.5
Normal,18-24,7.159653124646933,High,2543.500443389914,Low,44.85370415124667,1,0,0,1,73.9
Dry,35-44,8.902537917244102,Medium,2203.75807241037,Moderate,56.62096109474689,0,0,0,0,97.9
Dry,25-34,7.90520851569959,Low,2035.4829077972724,Low,56.16264105619183,0,0,0,0,97.5
Dry,18-24,8.829914798849247,Low,1160.4462320519792,Moderate,60.2224788546162,0,1,0,0,90.0
Dry,18-24,8.080536247590263,Medium,1143.0222814522533,High,47.66376688064903,1,1,1,1,60.2
Dry,25-34,6.998919138424962,High,2040.9554566987588,Low,0.0,0,1,0,0,77.1
Combination,18-24,5.156582640292161,Low,2437.3170557308276,High,84.9261893113304,0,0,0,0,95.7
Oily,35-44,7.2248082969029115,Medium,2665.8730284780854,Low,48.39154954996082,0,0,0,0,94.6
Combination,25-34,7.395190665996221,Medium,1555.1306248131896,Low,19.402510741960548,0,0,0,0,89.8
Oily,18-24,9.186156924055654,Low,1245.3807031793608,Low,40.18538733100827,0,0,0,0,96.9
Normal,25-34,7.529432812597721,Low,2466.479576447291,Low,52.79215520388062,0,0,0,0,97.3
Normal,18-24,8.860575151908133,Medium,1592.6541164508203,Moderate,34.77295685887064,0,0,0,0,94.4
Oily,18-24,5.452003162952142,Low,1211.4658661635922,Low,36.49902719026001,1,1,0,0,71.0
Combination,18-24,6.5103735607778574,Low,1753.1609209404496,Extreme,41.88411305342748,1,0,0,1,75.7
Combination,45-54,7.644026070491906,Low,1744.4505166378774,Extreme,69.04529671056719,0,0,1,1,82.7
Combination,45-54,8.741429036113843,Low,2660.0855381536735,Moderate,40.02527845228007,0,0,1,1,83.8
Dry,45-54,6.782157031241621,Medium,2432.8169573407677,Moderate,68.43606227024708,0,0,1,1,80.3
Oily,25-34,6.37633106127627,Medium,1631.3064486183348,Extreme,15.493021011549217,0,0,0,1,80.6
Normal,25-34,7.530710459004467,Medium,2698.977171278021,High,100.0,0,0,0,0,100.0
Oily,25-34,4.811193759282314,Medium,2062.512928957177,Low,76.80789946864661,0,0,0,0,91.4
Oily,35-44,9.411106824735143,High,2530.417817647047,High,53.133265157870866,1,0,0,0,86.2
Normal,55+,5.681295860338473,High,2663.5892540611057,Low,58.36875001687682,0,1,1,0,73.5
Oily,18-24,4.122115864661046,High,1868.7035499652359,Moderate,20.795772904290438,1,0,0,1,64.1
Dry,18-24,7.015100512783871,Medium,2285.6597870635087,Moderate,64.04554197178607,0,1,0,0,87.0
Combination,35-44,9.547688053563348,High,1796.6207677832913,High,81.13521394797993,0,0,0,0,97.8
Sensitive,45-54,7.879679695500415,Medium,2465.051130959634,Low,81.65818258510075,0,0,1,0,90.9
Sensitive,45-54,8.12663581450545,Medium,2045.1375719018613,Low,97.55710798743546,0,1,0,1,85.1
Dry,35-44,7.062078643460671,Low,2480.161109532848,High,59.82420850156804,0,1,1,0,81.1
Oily,55+,6.771433754093234,Medium,2762.3783319092313,High,47.4654107371297,0,0,1,1,78.8
Dry,25-34,4.182635945610327,Low,2273.6159158974856,Moderate,33.50329197606181,0,0,0,0,88.3
Combination,45-54,3.610920613143721,Low,1953.270072129074,Moderate,73.89759141707367,0,0,0,0,90.5
Normal,55+,7.294408507661295,Medium,1961.5860617050014,High,29.086036941846636,0,1,1,1,68.4
Oily,45-54,8.968823791510339,Medium,521.4841245105595,Moderate,70.35897321104622,0,1,1,0,80.0
Combination,25-34,7.016200557242098,High,1643.602840084328,Low,57.58056392593941,1,0,0,0,80.1
Oily,18-24,7.93539929057802,Medium,2466.2867601676708,Moderate,83.59958277152933,1,0,0,1,82.2
Dry,25-34,8.87557631845931,Medium,2484.940603507418,Extreme,64.58757153477752,1,0,0,1,82.2
Dry,25-34,6.993150277161587,Medium,1632.716170949736,High,6.079938014868247,1,1,1,0,61.9
Normal,45-54,6.816017349538571,Medium,2082.2873088693677,Moderate,43.41202750561122,0,1,0,1,77.1
Oily,18-24,5.772212791524902,Medium,1905.3667889602561,Low,32.76284450001913,1,0,0,1,71.6
Oily,25-34,9.53331884445813,High,2344.8011893546463,High,31.702899532654605,1,0,1,0,75.9
Normal,35-44,7.789821668730521,Medium,3104.3073816729493,Moderate,84.16502953741163,0,0,0,0,100.0
Normal,18-24,5.584597426121004,Medium,2354.2342890009622,Moderate,0.0,0,0,0,0,85.9
Combination,25-34,4.743248498298145,Medium,1664.911272715043,Low,85.61133315249275,1,0,0,1,74.4
Oily,25-34,8.379595590393368,High,1960.7902359546633,High,74.9633718055653,1,0,0,0,85.2
Dry,35-44,5.443837455387512,High,2700.964126551366,Moderate,64.64386344844233,0,1,1,0,73.8
Oily,18-24,9.780751236253332,Medium,1295.661537807845,Moderate,58.729976516782045,1,1,0,1,73.0
Sensitive,45-54,3.0,Medium,1692.4711672555704,Moderate,76.87526460747267,0,0,1,1,72.1
Oily,25-34,8.633892796684965,Medium,2354.981966003355,Moderate,53.96456633118053,1,0,0,0,87.4
Oily,45-54,7.7303422167429465,High,2647.165626602696,Moderate,88.1585860040061,1,1,0,0,78.6
Combination,25-34,6.677891634585311,Medium,2304.4839511368064,Moderate,44.407403947405726,1,0,0,1,75.4
Combination,25-34,6.236812347437356,Low,1696.6525423913472,Low,65.00848193179807,1,0,0,0,84.4
Normal,18-24,9.836094772891045,Medium,2268.267650663196,Moderate,28.218701695316785,0,0,0,0,97.0
Combination,18-24,8.060588287601805,Medium,2207.14638336829,Low,63.31343650483923,0,0,0,0,96.9
Oily,25-34,5.145194586656823,Medium,2175.41088351146,Moderate,43.18156167129753,1,0,0,1,72.0
Oily,18-24,4.421635065956678,Low,1951.4631615188298,Moderate,60.69963442909852,1,0,0,0,80.8
Normal,25-34,6.7659458197209625,Low,2026.4971540928136,Moderate,28.385732110783174,0,0,0,0,92.4
Normal,25-34,6.498393299693879,Medium,1546.2500697306211,High,61.23114928145051,0,0,0,0,92.2
Combination,25-34,4.2201979439367365,High,3240.1021124987465,High,48.830733076774344,1,0,0,1,69.8
Oily,18-24,6.916909711776497,High,2078.4997203385947,Low,89.12134542210052,1,0,0,1,76.9
Oily,35-44,6.1390980503887,Medium,2274.256140525405,Moderate,66.47376027996658,0,0,1,0,85.5
Combination,45-54,7.013935102460042,High,1891.044391785829,Low,72.33080986929241,0,0,1,1,77.0
Combination,18-24,8.088885417472603,Low,2422.6551646897256,Moderate,38.96198123906159,0,0,0,0,96.9
Normal,18-24,9.238914921196052,Medium,1350.7835292189325,Moderate,57.802276807001,0,0,0,0,97.0
Dry,55+,8.36333355455393,Low,1127.1972322429178,Low,61.850230834614315,0,1,1,0,81.2
Normal,18-24,5.9178388752546915,Medium,1984.7642462879205,Moderate,41.14398244223327,0,0,0,0,89.9
Combination,55+,7.553372693243792,High,3027.0276375588655,High,39.194127486271256,0,0,1,1,77.1
Dry,18-24,7.094660682238036,High,2604.160417269897,High,29.834439362888762,0,0,0,0,89.4
Sensitive,45-54,5.001806568053649,Medium,1595.7767851347799,High,73.09870897675005,0,0,1,0,82.5
Normal,25-34,7.097349177038408,Medium,2258.043704986547,High,33.67102494800333,1,0,0,1,75.1
Normal,45-54,9.78500850687657,High,1682.0052610847206,Moderate,67.30642161470456,0,0,0,0,96.7
Oily,25-34,6.548639906280506,Low,2213.2083437221513,High,30.239871201237644,1,0,0,1,75.5
Oily,35-44,4.608725980411899,Medium,2252.1969381230188,Low,56.9377032972792,1,0,0,1,72.4
Oily,18-24,7.045403006662928,Low,2463.2395604490666,Low,26.356207424645657,1,0,0,0,83.7
Sensitive,18-24,5.179431701540125,High,1217.1681514211957,Moderate,93.60981019438611,0,0,0,0,89.2
Oily,35-44,8.295408260329431,Low,1367.2060055725738,Low,60.621251301525895,0,1,1,0,81.4
Oily,25-34,7.2872974875876935,Low,1962.2147210475207,Moderate,50.398088675893206,1,0,0,1,78.5
Combination,45-54,6.743634919787885,Medium,1483.7883321677236,Low,74.8869986852734,0,0,1,0,85.9
Oily,25-34,6.003253601216268,Low,1445.1389650075384,Extreme,94.38112348325636,0,0,0,0,96.3
Combination,45-54,6.68164854757668,Low,2135.928689611467,High,62.0273905097755,0,1,1,0,79.8
Normal,25-34,6.51241174151348,Medium,1541.982217776816,Extreme,12.727730437869198,1,0,0,1,70.4
Oily,55+,5.841647467987687,High,3128.828445194229,High,79.5483797711377,0,0,1,1,77.9
Normal,55+,4.918370378497844,Low,1733.4170063530485,Extreme,16.067146951551422,0,0,1,1,71.9
Normal,25-34,8.208048420041973,High,1864.8839578961538,Moderate,37.58900944703265,1,0,0,0,80.9
Sensitive,45-54,6.421898535254563,High,2148.7702702585684,Moderate,100.0,1,1,0,0,76.1
Normal,45-54,7.250564656253716,Medium,1246.0223094271264,Low,51.61942843623194,0,1,1,1,69.2
Dry,18-24,7.427922926751242,Medium,2254.2522560826724,Moderate,35.6932437592226,0,1,0,0,84.9
Oily,35-44,7.483030719482821,Low,2170.7338249169434,High,67.03253903905471,0,0,0,0,98.0
Oily,18-24,5.239273004352364,Medium,1825.34724231115,Moderate,50.24214881886112,1,0,0,0,79.2
Combination,45-54,4.486239753172228,Low,2136.9636537981414,Low,42.66543450676961,0,1,1,0,73.5
Normal,18-24,6.116961212962012,Low,2214.1412564119846,Moderate,71.9399247989315,0,0,0,0,95.9
Dry,18-24,7.59356729862543,Medium,2717.5953561501497,Low,80.69939088139544,1,1,0,1,73.7
Sensitive,25-34,5.408075198788531,Medium,3250.130733990043,High,99.69805122984748,0,0,0,0,97.3
Dry,25-34,5.967617969451149,Medium,1469.249506182664,Moderate,63.79402160109915,0,1,0,0,83.3
Sensitive,45-54,10.0,Medium,1351.326295029228,High,57.473329855034436,0,0,1,0,90.4
Normal,55+,4.2318641727931965,High,2051.3748056540076,Extreme,18.618001883741254,0,0,1,1,66.4
Oily,25-34,5.367449006134252,Low,960.5407596603134,Low,0.0,1,0,0,0,74.7
Oily,18-24,9.844906102860893,Low,2324.707615912752,Extreme,75.82787003870943,1,0,0,0,93.9
Combination,35-44,6.933101992007165,Medium,2056.5403815364284,Extreme,64.86422473764881,0,0,0,0,94.5
Sensitive,25-34,5.441022251751634,Low,2183.6432996306885,Moderate,54.52710630352007,0,0,0,0,92.7
Oily,25-34,8.25315337551668,Medium,1848.2140324400266,High,1.6674600242651394,0,0,0,0,90.4
Dry,25-34,6.582845654721667,Medium,2127.507882984201,Low,20.422466826846087,0,1,0,0,81.5
Normal,25-34,5.977537407433991,Medium,2236.119788821934,Extreme,5.862553328154078,1,0,0,1,70.0
Dry,25-34,6.788553390556267,Medium,2100.0117028332957,Moderate,86.04763177998399,1,0,0,0,86.4
Oily,35-44,6.012836785925851,Medium,1327.4506922687287,Extreme,75.8924265434664,0,0,0,0,92.3
Sensitive,25-34,4.973763405667882,Medium,2086.0029136007606,Moderate,32.35142589511033,0,0,0,0,87.4
Dry,45-54,6.829604608547878,Low,2926.982343024918,High,100.0,0,1,1,1,78.5
Oily,25-34,4.983504559885989,Low,2120.4460292399317,Moderate,31.94643527579859,1,0,0,0,79.4
Normal,18-24,7.01603996769472,Medium,2068.5278063840824,Moderate,58.73199398698623,0,0,0,0,94.0
Normal,45-54,7.531609851211508,Low,2780.0188289454127,Extreme,68.79048330363125,0,0,1,1,84.5
Oily,25-34,7.779590684077416,Medium,1627.1922211175638,Moderate,47.65231620486711,1,0,0,0,83.6
Oily,18-24,8.691887478275241,Low,2444.8388200433856,High,42.42270250769378,1,0,0,1,81.5
Combination,35-44,6.391395247551623,Low,1734.921323473913,Moderate,60.849865149433434,1,0,0,1,77.3
Dry,25-34,7.249121911908604,Low,2543.291671672568,Extreme,43.00051906265833,0,1,0,0,87.9
Dry,45-54,7.738785169309534,Medium,2399.024077233782,High,66.22748712987266,0,1,1,1,73.9
Normal,25-34,6.9917280737239755,Low,1793.8605683363899,Low,57.21964348701954,0,0,0,0,95.3
Combination,35-44,6.280810883574312,Low,1867.019436833529,High,46.89436809345992,1,0,0,0,83.0
Combination,18-24,5.457898281303834,Medium,2488.9057707091138,Low,77.53112950123274,1,0,0,0,83.6
Normal,25-34,7.253002833599839,Medium,1072.2745493883413,High,29.074079057669987,0,0,0,0,89.6
Combination,55+,4.439706156710425,High,1779.035445052651,Moderate,59.75502825062513,0,0,1,1,70.4
Dry,45-54,6.5982408511475334,High,2310.2087418122583,Moderate,51.515556483412844,0,1,0,1,75.0
Normal,18-24,3.1695534765271027,Low,1845.946614302507,High,28.275171735903594,0,0,0,0,84.9
Oily,25-34,4.495396364962605,Low,2067.431690103462,Moderate,43.06454487087544,0,0,0,0,89.4
Oily,25-34,5.184299092328863,Medium,979.4245271697972,Moderate,33.47929774137135,0,0,0,0,85.7
Normal,35-44,8.645086311443926,High,1572.760952165227,High,76.46827331317282,0,0,0,0,95.1
Sensitive,35-44,8.032162036606403,High,2339.7263360759043,Moderate,72.63619763805609,0,0,0,0,95.0
Combination,35-44,6.169097974236637,Low,1624.4963114677932,Moderate,94.23047266913694,0,0,1,0,89.0
Dry,25-34,7.594054692694627,Medium,1348.7701445889936,Low,26.21472113560194,0,0,0,0,90.5
Oily,45-54,8.331434445070595,Medium,2530.804266477298,Moderate,5.078252397957321,0,0,1,1,77.2
Oily,25-34,6.259002727437918,High,2257.8420270348515,Low,59.86897039406156,1,0,0,0,80.0
Dry,18-24,4.9234327836794645,Low,1455.7333235914546,Moderate,93.06598799578848,0,1,0,0,86.1
Dry,25-34,6.188131534900829,Medium,2069.2519222160495,Moderate,62.21989344156684,1,1,0,0,74.7
Normal,55+,6.8531613922417955,Low,1472.0261026373564,High,26.439772573917306,0,1,1,1,68.3
Dry,35-44,5.151318413754661,Low,1923.7704715621921,Moderate,34.42699384406697,0,1,0,0,81.6
Combination,25-34,7.050570189394952,Medium,2087.99409476273,Low,100.0,0,0,0,0,98.3
Oily,35-44,7.419717781453533,Low,1595.7518003998023,Moderate,50.515488862434125,0,0,1,0,87.1
Normal,45-54,7.66756404984128,Medium,2371.1664667626196,Low,34.62735545592814,0,1,1,0,77.5
Combination,25-34,6.918384645751165,Medium,2448.6758511608277,Low,79.76049300899453,0,0,0,0,96.7
Oily,25-34,7.5947645526724745,High,2131.782762449928,High,46.31917129442708,1,0,1,0,73.1
Oily,55+,6.731007958190453,Medium,2206.9910757702005,Moderate,0.0,1,1,1,1,54.9
Normal,45-54,7.30267766105643,Low,1273.5855808156284,Low,100.0,0,0,0,0,99.2
Oily,25-34,5.903389573631702,Low,2681.0936134217636,Low,64.61016225805069,0,0,0,0,95.6
Combination,25-34,5.6232511765670745,Medium,1954.3375059717655,Moderate,12.208183940415616,0,0,0,0,86.4
Dry,25-34,8.507374446143114,Medium,1532.371817437292,High,84.89479763159854,0,1,0,0,90.6
Oily,18-24,3.9343469477102553,Medium,2072.9179062279627,Moderate,23.804170995843734,0,0,0,0,84.4
Combination,55+,8.315139983731395,Medium,2372.7349961944415,Low,22.299292451877413,0,0,1,0,85.6
Combination,25-34,5.5691886868315095,Medium,2256.174783526985,Moderate,27.706349427125062,1,0,0,0,78.4
Combination,45-54,5.874942733535319,Low,1457.6548176057845,Extreme,100.0,0,1,0,0,88.7
Oily,18-24,7.392366226098111,Medium,2378.8189447587492,Moderate,100.0,1,0,0,0,89.5
Oily,25-34,4.265585581473496,Medium,1969.670459100405,Low,36.30145972767036,0,0,0,0,86.1
Sensitive,18-24,5.775965392080695,High,2250.6020911920605,Moderate,100.0,1,0,0,0,83.1
Combination,35-44,5.7262905302305125,Medium,1599.22424970935,High,2.82487876600063,0,0,0,0,84.9
Normal,25-34,6.167902612722358,Low,2522.955794693326,Low,72.8514188375504,1,0,0,1,79.7
Normal,35-44,5.793793467758967,Medium,2091.357763132411,Moderate,94.10430675996562,0,0,0,0,95.2
Oily,18-24,9.401678028458903,Medium,2594.411657069115,High,87.66103236729197,0,0,0,0,100.0
Sensitive,18-24,9.695524774746932,Low,1232.5659455719388,Low,66.92243561204668,0,1,0,0,92.5
Dry,18-24,3.9670097158779054,Medium,1299.2904401924934,Extreme,64.15194452028216,1,1,0,0,68.9
Oily,25-34,7.316484057148605,Low,1879.986076682347,Moderate,32.072141393838265,1,0,0,0,83.6
Normal,35-44,8.287995158616361,Medium,2733.812509986391,Moderate,60.6286959144165,0,0,0,0,98.1
Dry,25-34,7.314477803586658,High,2981.405448836863,Extreme,45.894604343074775,0,1,0,0,84.2
Combination,35-44,6.012829760362458,Medium,1555.7868504626003,Low,54.45703071900639,1,0,0,0,80.6
Oily,25-34,6.1338566567621875,Medium,2026.5235158057365,High,78.36641522812515,1,0,0,0,84.2
Combination,25-34,5.377588017833457,Low,2077.5759876403276,High,55.37373588746216,1,0,0,1,75.4
Sensitive,18-24,6.369603953261757,Low,2359.0788065190272,Moderate,100.0,1,0,0,0,89.5
Oily,18-24,5.185052456999236,Medium,2442.481333206244,Low,56.19939764442869,1,0,0,1,73.9
Dry,45-54,6.827816767548175,Medium,1442.800903544166,Moderate,100.0,0,1,0,1,81.5
Oily,35-44,4.745797433042395,Medium,2032.296680108686,Low,90.68025066141917,0,0,1,0,84.6
Combination,18-24,6.699798168657794,High,995.74103811504,Moderate,47.82998508418828,1,0,0,0,77.2
Dry,18-24,5.127127466350354,Medium,2405.3956415202024,High,54.36493294418608,0,0,0,0,90.5
Dry,45-54,7.310224542687106,Medium,1830.6900658379814,Moderate,39.00033438836788,0,1,1,0,76.2
Combination,35-44,5.980870658585664,Medium,1397.3089603489689,Moderate,64.00516943591059,0,0,0,0,91.2
Oily,35-44,7.435870521811806,Medium,2166.273404978406,Low,35.43702344343317,0,0,0,0,92.7
Sensitive,25-34,8.122371092547173,Medium,1815.0653784972517,Low,98.25924092350402,0,0,0,0,99.7
Dry,25-34,8.884170404157063,Medium,2630.7305153881116,High,41.4097949721237,0,1,0,1,82.2
Normal,55+,3.2079931164692645,High,1553.7089322268926,Low,58.89120533419065,0,0,1,0,74.4
Dry,35-44,5.748708859189326,Medium,3111.4776000304673,Low,2.967645361974668,0,0,0,0,88.0
Combination,25-34,6.045370884331979,Medium,2427.277771481675,Extreme,43.321758730916955,0,0,0,0,91.3
Oily,45-54,7.690491727572224,Medium,2643.847206592086,Moderate,50.70846547235864,0,1,1,1,72.7
Combination,35-44,4.524468243768206,Low,1485.5818992257746,Moderate,83.02308503317352,0,0,0,0,92.3
Sensitive,25-34,5.026861389799676,Medium,2894.2296885668793,Low,78.06222133182021,0,0,0,0,93.6
Oily,25-34,6.695535803985665,Medium,1393.7262772958666,Low,75.45769479979533,1,0,0,0,83.7
Sensitive,18-24,7.127332362290001,Medium,1895.0941517732124,Moderate,76.06622141393132,0,0,0,0,95.7
Normal,18-24,7.566427609630139,Medium,2652.32831370338,Moderate,80.76390912169612,0,0,0,0,98.5
Oily,35-44,7.665513590332174,High,2253.3845362522375,Extreme,70.47824211142228,0,0,1,0,85.9
Normal,25-34,7.007891649673794,Medium,1380.4190413520191,Moderate,15.594262896147264,0,1,0,0,80.3
Combination,45-54,7.290482974947239,High,2567.705030921326,Low,57.74217053338133,1,1,0,0,74.5
Dry,55+,7.083609659989552,Low,2169.977226371269,Moderate,49.02983913249759,0,1,1,0,79.4
Normal,18-24,7.997144634586544,Medium,1791.8998819725332,Low,0.0,0,0,0,0,89.6
Oily,25-34,3.1410160001536624,Low,1228.9953719751898,Low,24.586577090008184,1,0,0,1,66.2
Dry,45-54,9.316500230456851,Low,2217.3752649364137,Moderate,100.0,0,1,0,1,90.1
Normal,35-44,3.693276923679514,Low,1918.286098516787,Moderate,53.13625274554828,0,0,1,0,80.5
Combination,35-44,5.381257274643262,Medium,2078.1546743736176,Low,57.36636143999619,0,0,1,0,82.7
Combination,25-34,6.159858805024783,Low,1207.3993199147042,Extreme,0.0,1,0,0,1,69.7
Dry,25-34,7.508919336634763,Medium,1790.6714708218265,Moderate,16.319145456665225,0,1,0,0,82.2
Sensitive,25-34,3.0,Medium,2240.152310770756,Low,77.10835994698218,0,0,0,0,88.2
Oily,55+,6.957813514087248,Medium,2938.2323056523655,Low,38.3812891121957,0,0,1,0,85.6
Sensitive,25-34,7.688592559123602,Low,1897.3591885746848,High,37.27759540888705,0,0,1,0,86.9
Dry,45-54,8.491777174042715,Low,2721.64952953406,High,92.43454876845507,0,1,0,0,95.7
Dry,25-34,5.454005512253811,Medium,2393.6742104249233,Moderate,32.47144519448493,0,1,0,0,80.9
Normal,55+,6.548747069567452,Medium,2116.892483126674,Moderate,17.4766408166223,0,0,1,1,74.1
Combination,35-44,6.075777806661058,Low,1493.829108166943,High,61.01149787608397,1,1,0,0,75.2
Oily,25-34,5.9109880197108735,High,1514.7607282345218,Extreme,29.626010515646144,1,0,0,1,67.8
Normal,35-44,5.452260173907348,Low,2308.7704353533,Low,39.594162079296346,0,0,0,0,91.5
Normal,25-34,5.166121756293623,Medium,1736.7522129473937,High,48.47234190147941,0,0,0,0,88.7
Dry,25-34,7.151565383042552,Low,1692.31864061695,High,33.910802376432834,0,1,0,1,78.1
Dry,18-24,7.197423059909113,High,1909.6948304828534,Moderate,8.327006325370228,1,1,0,0,68.0
Combination,18-24,7.737379761385711,Medium,1918.0845848304039,Low,63.96415856659262,1,0,0,0,85.7
Combination,25-34,6.821021584551255,High,2450.3839880968435,Moderate,71.64807199914793,1,0,0,0,82.7
Normal,35-44,8.056507901721393,Medium,1747.2511508698947,Low,53.73516531128542,0,0,0,0,95.0
Combination,35-44,8.317320997232493,Low,2400.6200180121577,Low,75.50411872694131,0,0,0,0,100.0
Normal,18-24,4.387425070200844,Medium,2219.8525670272015,Extreme,40.7773722743294,0,0,0,1,80.3
Combination,45-54,5.718535524378456,Medium,1163.0020063189743,Moderate,12.251139164589667,0,0,0,1,78.0
Combination,35-44,6.652936063764941,Low,2147.2538314916537,Moderate,82.41058902860358,0,0,0,0,97.8
Dry,55+,6.965983711768988,Low,666.1207828614488,Low,47.520351244054886,0,1,1,1,69.0
Combination,35-44,5.99486413927295,Medium,1552.3883691740066,Moderate,63.77493760110015,1,0,0,0,81.5
Oily,18-24,8.368035506482459,Low,2231.5384232811243,High,47.341822031009876,0,0,0,0,97.9
Oily,25-34,9.469922552435898,Medium,1994.6784498703125,Low,45.460609466082744,1,0,0,0,87.5
Combination,35-44,7.279242933372601,Medium,1116.0539470192293,Moderate,63.55122915278915,1,0,0,0,83.1
Oily,18-24,7.126511548297317,Medium,1440.419116513226,Low,54.03051664455499,0,0,0,0,92.5
Oily,18-24,8.274184382656497,Low,695.5434433738897,Moderate,81.58828228498804,1,0,0,1,81.1
Oily,18-24,4.2012403671948455,Medium,1328.718371477858,High,60.95373362855766,1,0,0,1,70.2
Combination,25-34,6.542703410657616,Low,2289.5316746592753,Low,79.41351096074655,1,0,0,0,87.6
Oily,25-34,7.968553738201276,Low,1721.283530712427,Low,87.6760493748296,1,0,0,0,90.1
Normal,25-34,5.535269004198332,Medium,2084.972770863279,Moderate,9.715426408166941,0,0,0,0,86.2
Combination,18-24,5.160159130147052,High,2006.822190769748,Moderate,81.91688422181873,1,0,0,1,72.5
Combination,35-44,6.7212915848503325,Low,2016.2915352497928,Moderate,76.32744011511198,0,0,0,0,97.1
Normal,25-34,6.408971850197119,Low,2511.566211556526,Moderate,62.21022250236129,0,0,0,0,96.1
Oily,25-34,5.137021577126813,Medium,1898.544678914488,Low,74.73917836973736,1,0,0,1,74.5
Normal,18-24,10.0,Medium,2455.334186529953,Moderate,43.380026441340505,1,0,0,0,89.2
Oily,18-24,6.281955428488081,Medium,761.3283035312488,Low,65.06464302103412,1,0,0,0,80.6
Oily,25-34,4.769510972860147,High,2555.7129784220233,Low,23.55561636606381,0,0,0,0,84.0
Combination,18-24,6.859568021394082,High,1354.9609539451112,Moderate,14.698689012123843,1,0,0,0,74.9
Dry,25-34,7.861790956556737,Medium,1463.5301384608392,Moderate,63.29218369750323,0,1,0,0,87.0
Dry,35-44,7.026121373497347,Medium,1647.691255254372,Low,58.263324834058395,0,1,0,0,85.2
Oily,25-34,7.228390880066003,High,2541.9276104157184,Low,49.92722363684478,1,0,0,0,81.5
Combination,18-24,5.6927341085002645,Low,1555.350075427671,Moderate,30.058826829668558,0,0,0,0,89.5
Oily,25-34,8.73153266960527,Medium,1672.0556103818228,Moderate,59.77942540287486,1,0,0,0,86.8
Sensitive,35-44,7.842566541877665,Medium,1519.1561409871106,Low,64.34150493101902,0,0,0,0,95.2
Dry,45-54,8.571552353316415,Low,2127.697400429719,Low,58.83596494573036,0,1,1,0,83.3
Normal,35-44,7.547740948712754,High,2371.804167443834,High,47.8328955682486,0,0,1,0,83.6
Dry,25-34,7.737326056593176,Medium,2852.1622578803153,Low,29.948496023842807,0,1,0,0,86.2
Oily,25-34,5.190421160484159,Medium,3199.908749893386,Moderate,44.82466303538767,1,0,0,0,81.3
Dry,25-34,5.762884374965656,High,2325.0903765939847,Moderate,79.6396502975773,0,0,0,0,91.1
Normal,45-54,9.019720893334044,Medium,2182.8270934346842,High,48.175901000361804,0,0,1,1,82.2
Normal,18-24,9.339612920925946,High,1391.330133945894,High,46.834415250991555,1,0,1,1,68.1
Combination,55+,5.279401600421385,Low,2954.651576865488,Moderate,43.372363345064215,0,1,1,1,69.8
Oily,35-44,7.374604101795718,Low,2107.7015546669727,Moderate,44.07227468829953,0,0,1,0,87.4
Combination,35-44,6.353584299272159,Low,1855.4675790461818,Moderate,90.73102893390264,0,0,0,0,97.5
Oily,18-24,5.954452795952708,Medium,2193.765884526777,Moderate,15.958465764137756,1,0,0,0,77.9
Dry,35-44,7.427259543033175,Low,1681.8246363025594,Moderate,57.86559588357831,0,0,1,0,88.0
Dry,25-34,8.211444398548112,Low,831.1642178543227,High,28.91224085458611,0,1,0,1,78.0
Dry,18-24,7.67749370992629,High,2285.901460466801,Extreme,64.18070315154719,0,1,0,0,85.3
Oily,25-34,6.020731325121448,High,2671.2369259669517,Moderate,53.34783387160049,1,0,0,0,79.7
Oily,45-54,7.77229176990274,Medium,2278.461317600473,High,89.55714477596715,1,1,0,0,81.1
Normal,25-34,5.9600357396286485,High,1996.460434999173,Moderate,68.36387474319233,1,0,0,0,79.7
Oily,25-34,7.118171451095903,High,2006.63587619568,Moderate,52.03995923330161,0,0,0,0,90.5
Dry,18-24,9.0946985506836,Medium,2086.1398738581433,Moderate,68.60860612100598,0,1,0,0,91.2
Sensitive,35-44,3.8842605110487582,Medium,2070.8271105442923,Low,95.8939393290854,0,0,0,0,91.5
Combination,35-44,8.19587844781005,High,1969.6493412597226,Extreme,37.1874794619668,0,0,0,1,84.0
Combination,35-44,4.691417617644297,Medium,2012.6714397344256,High,79.32831566409618,0,0,1,0,83.3
Combination,25-34,8.342491565816692,Low,2777.506370220232,Moderate,57.4315647462107,0,0,0,0,100.0
Dry,25-34,5.544461585190708,Medium,2236.1366071732664,High,62.236743314806,0,1,0,0,83.8
Oily,25-34,4.673492933590274,Medium,2052.573492012282,High,39.81087344019822,1,0,0,1,70.4
Sensitive,18-24,8.042903840633121,High,2329.6134481479585,Low,43.64122796663815,0,0,0,0,92.1
Dry,45-54,7.546255094713616,Medium,2329.6494933916215,Low,34.14462965765475,0,1,1,0,77.2
Dry,25-34,5.001219645557513,High,2472.9989813849293,High,0.0,0,0,0,1,74.9
Normal,25-34,4.620500364247409,Medium,1621.5442940835699,High,32.26653687817681,0,0,0,1,78.7
Oily,25-34,6.2187777687630765,Medium,1759.7360469261052,Extreme,100.0,1,0,0,0,86.0
Oily,45-54,5.193869574743205,Medium,1593.221272902874,Low,80.56031672164454,1,0,1,1,66.6
Combination,18-24,5.407790540614559,Low,2383.3614617468456,Moderate,57.961519348041215,1,0,0,1,76.4
Dry,25-34,6.67343118563215,Medium,2358.935487203513,High,74.02599187191338,0,0,0,0,95.5
Oily,35-44,5.551192548617355,High,1363.3785637388141,Moderate,53.49923818573286,1,0,0,0,76.2
Sensitive,25-34,7.139808935039815,Medium,2195.4189064101615,High,55.202166829484725,0,0,0,0,94.2
Normal,35-44,9.235215393825214,High,2686.1169339339367,Low,52.7441182694402,0,0,0,0,96.1
Oily,18-24,6.777166877649126,Low,1882.3336806377567,Low,31.59998526802482,0,0,0,0,92.5
Normal,35-44,7.1952265929783765,Medium,2156.9866369631523,Low,43.657464396660906,0,0,0,0,93.1
Combination,18-24,10.0,Low,2365.2428514122125,Moderate,49.604823621810574,1,0,0,0,91.7
Sensitive,18-24,5.21859832393398,Medium,1339.72088030064,Moderate,66.61158302487095,0,0,0,0,89.8
Oily,45-54,8.786852792771112,Medium,2075.994079495551,High,93.15517412200305,0,1,0,0,93.0
Combination,25-34,8.106286396868724,Medium,2636.0580948707357,Low,75.61619304715823,1,0,0,0,89.0
Oily,25-34,7.781476008760675,Low,1703.3955916179261,Moderate,12.86130226557006,1,0,0,0,82.3
Sensitive,18-24,8.937621776098947,Medium,2416.2330711294144,Extreme,57.63866740516781,0,0,0,0,98.5
Combination,35-44,7.420862448937928,Medium,2013.5808035695595,Moderate,32.35949703702052,0,0,0,0,92.1
Combination,25-34,5.625605756601098,Medium,1662.747678933163,Low,0.0,0,0,0,0,84.6
Normal,55+,8.641859936830851,Medium,1951.7457245927922,Low,52.18118969931884,0,1,1,0,80.4
Sensitive,55+,8.699263317569342,Medium,1736.936037956884,Moderate,79.43053673865573,0,0,1,0,90.8
Combination,35-44,8.65797085223993,High,1555.8429791185672,Low,61.78325990074562,0,0,1,0,85.6
Oily,25-34,6.566753123478855,High,1872.8276137734458,Extreme,60.922644260331964,1,0,0,0,80.0
Combination,25-34,5.42570822958001,Medium,2034.2131561930612,Moderate,41.631681415417596,1,0,0,1,72.1
Oily,35-44,7.2870433811674165,Medium,1916.9728087255658,High,34.30649258118093,1,0,1,1,66.8
Combination,18-24,8.413345026351754,Medium,1867.3132094355797,Moderate,40.82470910591679,0,0,0,0,94.6
Normal,25-34,8.036527684789949,Low,2112.9979414828,Extreme,84.2196657772314,0,0,0,0,100.0
Combination,18-24,6.3554858093881075,Medium,2265.7029874905243,Moderate,59.36548923528039,1,0,0,0,83.2
Dry,18-24,7.4730593441910855,Low,1427.9523835801301,Moderate,11.981636790889354,1,1,0,0,73.0
Normal,18-24,5.036832543271066,Low,1873.802065309696,High,53.2517068585271,0,0,0,0,91.1
Oily,25-34,7.977425154508776,Medium,1013.2295450030755,High,81.84454666110564,1,1,0,1,71.2
Normal,35-44,5.825036864912405,Medium,1918.9083204828983,Low,79.0334885386963,0,0,0,0,93.4
Oily,25-34,7.6778830393573205,Low,2075.2645230358107,Low,82.17026153679421,0,0,0,0,99.7
Oily,25-34,4.776043133914757,High,2284.8900060827186,Low,12.78668691937144,0,0,0,0,82.4
Dry,18-24,8.547123859651013,High,2077.052403248152,Low,53.14458432593172,0,0,0,0,93.6
Oily,25-34,6.9827527850341555,High,2274.0878220271243,High,41.29344007576208,1,0,1,1,64.6
Oily,25-34,5.32796345657458,Medium,2032.6124908346387,Moderate,64.87431508647842,1,0,0,0,81.2
Combination,35-44,8.037034571620788,Low,1662.2408109087628,Moderate,38.77205225825571,0,0,0,0,95.3
Normal,55+,6.114457462292004,Low,1442.0324158051503,Low,28.335779742183053,0,1,1,0,73.9
Sensitive,18-24,8.124332556167692,Low,1868.4986463557352,Extreme,64.92328735764218,0,0,0,0,98.5
Combination,18-24,6.588832786928918,Low,1616.8618982965215,High,26.956181129975953,0,0,0,0,91.1
Dry,25-34,3.9184293115555056,High,1940.140442684515,Moderate,56.48563004850231,0,0,0,0,84.4
Dry,55+,5.526375639278594,High,1754.0614982562852,High,0.0,0,1,1,1,58.6
Combination,35-44,6.354377936969073,High,2209.540506282024,High,89.3934955603954,1,0,0,1,76.1
Normal,45-54,9.052283535622866,Medium,2024.4775122286171,Moderate,0.0,0,1,1,0,76.2
Normal,25-34,7.851715445793838,Medium,2223.7471681286243,Low,72.61804915689233,0,0,0,0,97.4
Oily,55+,9.435792118483214,Medium,2221.1923616372806,High,35.47720429690856,1,0,1,1,71.9
Combination,18-24,9.480452824044788,High,1910.1634781417852,Moderate,13.761557898121694,1,0,0,0,81.2
Normal,18-24,6.197873793113628,Medium,1940.8318275393397,High,54.24982311707815,0,0,0,0,91.7
Dry,45-54,6.717269710361756,Low,2250.802244160681,Moderate,82.1403559872115,0,1,1,1,75.2
Sensitive,45-54,6.383080113504192,Low,3222.9694653370625,Extreme,100.0,0,0,0,0,100.0
Combination,18-24,5.992734092048385,Medium,1505.4344265322088,Moderate,78.1447297640665,1,0,0,0,82.8
Dry,18-24,4.237757935995313,Medium,2020.8757439947299,Moderate,28.539044335235133,0,0,0,0,85.4
Normal,18-24,6.977878422974737,High,1402.1458263879802,High,55.12122861268261,1,1,0,0,71.3
Combination,18-24,5.071651609433334,Medium,1989.5438252210442,Moderate,5.548914973774927,1,0,0,1,67.7
Dry,18-24,6.9487421776985085,Medium,1662.969548172813,Moderate,51.98237508275025,1,1,0,0,74.4
Normal,55+,10.0,Low,1940.0467944739198,Moderate,58.4525431712462,0,0,1,0,93.7
Normal,35-44,6.235982355503937,Medium,2077.655166973929,Moderate,50.62163472646286,0,0,0,0,91.7
Sensitive,35-44,7.2921610084421005,Medium,1755.3044437880194,Low,29.107914857517976,0,0,0,0,91.0
Dry,35-44,8.359972578713926,Medium,1108.1206619063087,Moderate,45.15374638543828,0,1,0,0,85.5
Combination,25-34,6.92043693794886,Medium,2712.7678385764034,High,97.68288470305944,0,0,0,0,99.0
Combination,35-44,7.438726281913444,High,2419.638489899655,Moderate,69.77548046758363,0,0,0,0,93.7
Dry,25-34,5.95639634946788,Medium,1934.7203855445675,Moderate,37.88310036079418,1,0,0,1,72.6
Dry,25-34,6.152183037408151,Medium,1552.6335008947192,Low,46.02070850712386,1,1,0,1,65.0
Oily,25-34,5.059984216718258,High,2042.5122951415137,Extreme,59.61538490447957,1,0,0,0,77.2
Oily,25-34,7.769067513334111,High,2180.4944125207044,High,11.269565819327383,1,0,0,1,71.0
Oily,45-54,4.387762515078856,Low,2385.0059078798045,Moderate,22.56910834439917,0,0,0,0,87.8
Combination,55+,8.456632507573303,High,2431.111082200393,Moderate,31.595326875324044,0,0,1,0,83.9
Dry,25-34,4.394452422882136,Low,2525.3381526559233,Moderate,37.21740690861487,0,0,0,0,89.6
Combination,35-44,8.443910911114978,Medium,1129.5701552525102,Low,100.0,1,0,0,0,89.1
Oily,18-24,6.469273710681728,Low,1847.678392989428,Low,51.766365792539766,1,0,0,1,76.8
Dry,35-44,5.152196967800379,Medium,2496.550410305814,Low,47.077319352433086,0,0,0,0,90.0
Dry,25-34,7.368947967619455,Medium,1538.1841486810176,Moderate,51.41300658557556,0,1,0,0,85.0
Dry,18-24,8.393151302613662,Medium,2609.6337885908365,Moderate,0.0,0,0,0,0,92.0
Combination,25-34,5.842882027844695,Medium,2905.1888075691377,Moderate,27.397753918701788,1,0,0,0,80.2
Oily,35-44,8.0809158230184,Medium,2595.6271597295804,Moderate,41.28784941727941,0,0,0,0,95.5
Dry,18-24,3.5723732579959746,Low,2330.7952035516073,Low,24.48634692505658,1,1,0,0,68.3
Normal,45-54,5.0191055653801,High,1776.246886318576,High,90.86207760243238,1,0,1,1,64.7
Oily,18-24,8.938613395703094,Medium,2140.817401873936,Low,66.50199550881082,1,0,0,0,88.8
Oily,45-54,6.6644960887031255,Medium,1326.9526756396883,Moderate,29.736594148797586,0,1,1,0,73.0
Dry,35-44,4.206680010326728,High,1609.444667704122,Moderate,28.32903167663152,0,1,1,0,65.5
Sensitive,25-34,5.451700729337009,Low,1644.5982587442647,Low,33.514291208753924,0,0,0,0,89.5
Dry,25-34,5.114899291212379,Medium,2030.9862869829735,Moderate,45.331647756522905,1,0,0,1,71.8
Combination,35-44,6.751057402790613,Medium,1803.9113672858546,High,65.00326043211678,0,0,0,0,93.6
Dry,35-44,6.443873524288529,Low,2130.799978310032,Moderate,70.40336184894386,0,1,1,0,80.2
Dry,35-44,7.268397593407241,Medium,2438.913412438629,Moderate,34.639735344133584,0,1,0,0,84.9
Normal,25-34,6.395800922581138,High,1645.1362285643693,Low,45.54085447972469,1,0,0,0,77.6
Oily,25-34,8.539608882555529,Low,2074.3005464685257,Moderate,48.6029574865485,1,0,0,0,88.1
Oily,55+,7.636822899579504,Medium,1792.0155050910316,High,79.92351980646666,0,0,1,0,88.9
Oily,18-24,7.686507416790379,Medium,2095.081246828591,Moderate,69.35522922574778,1,0,0,1,79.5
Normal,25-34,8.247735685841782,Medium,2343.08629910591,Low,14.118405057672973,0,0,0,0,92.6
Normal,25-34,5.9168468743556275,Medium,2460.617895421106,Moderate,2.906080014319464,0,0,0,0,87.0
Oily,35-44,5.107183834962273,High,2335.1520596465193,Low,57.22469314746974,0,0,0,0,87.6
Sensitive,35-44,8.810455486948374,Medium,2206.992814464497,High,59.069299843058786,0,0,0,0,97.9
Oily,25-34,6.703762622162169,Medium,1289.8933634902353,Extreme,25.976161502989623,0,0,0,1,81.6
Oily,18-24,7.209026811848393,Medium,1459.3670352270553,Moderate,31.089962707028295,1,0,0,1,73.4
Normal,18-24,6.050005117704646,Medium,1587.9108600997545,High,64.4886298034431,1,0,0,1,74.7
Dry,25-34,5.574717000344634,High,2179.3101034037622,Low,12.40830439601526,1,1,0,0,65.7
Oily,25-34,7.770083508156265,High,1354.4975438047302,Low,96.20854372417192,1,0,0,0,84.9
Oily,55+,8.476983697206416,Low,2168.7611640839286,Moderate,32.06184996992609,0,0,1,1,81.5
Dry,25-34,7.675735108619987,Medium,2132.2346285663243,High,65.81335887356032,0,1,0,0,88.2
Normal,25-34,7.689442408168212,Medium,1032.1554472401576,Moderate,33.27398533934058,0,0,0,0,90.8
Normal,45-54,7.853544305889638,Medium,1456.198589116224,Moderate,22.04331815268899,0,0,1,1,75.8
Oily,25-34,6.697284095117235,High,2521.9377874283746,Low,46.35131553959991,1,0,0,0,80.1
Normal,25-34,6.236930473518529,Medium,2348.7045741974566,High,18.64957474878541,0,0,1,1,74.0
Normal,18-24,8.815485774912329,Medium,1574.803001402533,Low,53.67748183074822,1,0,0,0,86.1
Oily,25-34,5.93941869426435,Low,1482.569507292775,Moderate,49.37006583577792,1,0,0,0,81.8
Combination,45-54,7.55496882082112,Medium,774.8266574607098,Low,42.634689053009154,0,0,0,0,90.9
Dry,25-34,5.29398050306863,Medium,2735.6488438606575,Low,53.7858971642573,0,0,0,0,91.4
Dry,25-34,5.511051444724324,Medium,2020.5271842155225,Low,75.97098081933201,1,1,0,0,74.7
Oily,35-44,6.64576814821416,Medium,2941.8620276726006,Moderate,57.251385742228,0,0,1,0,86.9
Sensitive,45-54,5.794092434909254,Low,1904.1644565138715,Moderate,56.78594270705769,0,1,0,1,78.1
Oily,25-34,7.696777738217451,Medium,2141.294649444793,Moderate,59.99852163314771,0,0,0,0,95.7
Normal,25-34,4.477948622682456,Medium,2445.649235714298,High,61.039285427340026,0,0,0,0,90.0
Dry,55+,7.148844435071609,Medium,2819.421343090455,High,42.8774569556768,0,1,1,1,71.2
Normal,18-24,7.198762145263272,Medium,2250.510829242212,Low,84.33680270934576,0,0,0,0,97.3
Oily,35-44,4.283800632520479,Medium,2001.2036089691464,Low,52.511485499939205,0,0,1,0,79.8
Dry,35-44,6.338464269214587,Low,2013.9788305576817,Moderate,97.19852704318075,0,0,0,0,98.4
Combination,35-44,7.383549307072214,Low,1477.0821988965324,Moderate,43.63178471411207,1,0,1,0,76.1
Oily,25-34,7.1430919899411025,Low,1809.0585665671747,Low,71.25950424436024,0,0,0,0,97.0
Combination,25-34,6.193539187099751,Medium,2025.6097423075446,High,44.50514241406158,1,0,0,1,73.9
Sensitive,35-44,8.015332306721072,Low,2690.946937550881,Moderate,81.71365329134284,0,0,0,0,100.0
Normal,18-24,6.836025614145939,Medium,1784.9784032593286,High,0.0,1,0,0,1,70.2
Oily,25-34,6.520479368112585,Medium,2531.3273227368927,Moderate,100.0,1,0,0,1,81.1
Oily,18-24,7.3774808034798305,High,1959.0809943680704,Moderate,57.92339833042996,0,0,0,0,91.5
Oily,18-24,8.390499443101254,High,2621.779279791219,High,75.41915454782193,1,0,0,0,86.6
Oily,55+,5.986422996376702,High,2338.3612469864756,Low,15.557942169592884,0,0,1,0,77.2
Sensitive,25-34,5.769767191222554,Medium,2304.597681425676,Moderate,69.289735611737,0,0,0,0,93.1
Combination,55+,5.996655262406178,Medium,2489.4133299977643,Low,45.514474339727094,0,0,1,1,76.5
Dry,18-24,6.5017034257871,Medium,2416.5799556429793,Moderate,23.55991054180305,1,1,0,1,65.2
Oily,25-34,8.639351387119646,High,2531.906697851912,High,82.1321221101104,1,0,0,0,87.6
Combination,18-24,7.859087978994733,High,3065.8819796202824,Low,53.65680199434764,1,0,0,0,84.2
Sensitive,35-44,5.303365382246737,Medium,2808.4473556744642,Moderate,73.64596255857023,0,0,0,0,93.6
Combination,35-44,6.099329551616988,Medium,2233.212117082481,High,75.61876404971727,0,0,1,0,86.2
Normal,18-24,7.559150836414603,Medium,1779.1265706481731,Moderate,28.632932066915423,0,0,0,0,91.5
Dry,45-54,5.640238328600844,Medium,2183.2088948454125,Moderate,64.03224365535863,0,1,1,0,76.1
Normal,18-24,5.9119899387778645,Medium,1036.9021371707388,Extreme,52.25455615202131,0,0,0,0,89.1
Oily,35-44,9.017439499261222,High,2414.4933062505124,Low,63.353292048745836,0,0,1,0,88.2
Normal,55+,6.07993655729022,Medium,1469.9834027131947,Low,75.68257675807749,0,1,1,1,69.7
Dry,45-54,8.43200022404408,Medium,2561.240637987253,High,49.38820727005554,0,1,1,1,73.9
Dry,55+,8.882984784296408,High,2990.1445168453583,Low,36.75067792380801,0,1,1,1,71.4
Normal,25-34,5.399806863246553,Low,1274.5328286575455,High,34.64075427957093,1,1,1,1,55.8
Oily,18-24,5.6650561651642874,Low,1974.8478018962064,Moderate,33.6059442692618,0,0,0,0,90.6
Oily,18-24,6.585801870278252,Medium,1467.7935736662846,High,77.55835896057445,1,0,0,0,83.9
Oily,25-34,4.867058418989562,Low,1135.8450180317534,Moderate,48.23273793214799,1,0,0,1,71.8
Normal,35-44,7.181550817754114,Medium,1946.8391743980617,Moderate,85.57012408393906,0,0,0,0,96.8
Oily,18-24,6.69152213221992,Low,2317.5835185492733,Moderate,56.775541035280604,1,0,0,0,85.7
Combination,35-44,7.540870023829452,Low,2377.2002146595223,Low,38.14690976914734,0,0,1,0,87.7
Normal,25-34,8.595415184349232,Medium,2076.962906282672,Low,12.325935513115418,0,0,0,0,92.6
Normal,25-34,7.726227471155479,Medium,1167.8839716932184,High,13.699281273028404,0,1,0,1,74.2
Oily,35-44,7.733859663118534,Medium,2061.689381226652,High,37.72851447420863,0,0,1,0,85.4
Sensitive,25-34,3.5509273805481225,Low,1253.7259918772315,High,90.49303870434682,0,0,0,0,90.7
Dry,45-54,7.665063973153563,Medium,1286.5058709710684,Extreme,92.51979836283675,0,1,0,0,89.2
Dry,18-24,9.583941491056823,Medium,1501.59005587172,High,52.323833541492576,0,0,0,0,97.4
Oily,35-44,3.0,Medium,2524.90559568921,High,83.172800701348,0,0,0,0,89.4
Dry,18-24,8.034073814463438,Low,2272.627672840772,High,36.12527321491931,0,1,0,0,88.2
Normal,18-24,6.760962137865303,Medium,2161.2953489413003,Low,34.30429741696168,0,0,0,0,91.3
Dry,35-44,5.725307495465583,Medium,1568.6929095815826,High,79.26931322556672,0,0,0,0,92.5
Sensitive,45-54,8.20169287586793,Medium,1806.1123082243034,High,79.1566354127616,0,1,0,0,89.9
Dry,25-34,9.064558850910995,High,1314.938746921469,Low,68.33710023973819,0,1,0,0,86.6
Combination,25-34,7.662846093256631,High,2682.1506634460484,Extreme,51.28066956156793,1,0,0,1,75.8
Combination,25-34,5.943212073107711,Medium,3098.629003785146,Low,40.61589647162417,0,0,0,0,92.1
Normal,18-24,5.5847952633877656,Low,2278.2992070365626,Moderate,44.60642314446388,1,0,0,0,82.2
Sensitive,45-54,7.216941450684316,Medium,2365.8771055051807,Low,82.67826443555953,0,0,0,1,90.4
Normal,35-44,8.309753938572381,Low,1920.5199303943155,Moderate,65.99655914470995,0,0,0,0,99.1
Dry,18-24,6.419420460649409,Medium,1190.273818170818,Moderate,26.70223482474833,0,1,0,0,79.9
Normal,25-34,6.064425512523805,Medium,1578.0176046864035,Moderate,46.95743152023318,0,0,0,0,90.0
Normal,35-44,10.0,High,1767.307725533247,High,21.986053594818607,0,0,1,0,84.7
Oily,25-34,8.117977918939589,High,1807.3719947436225,High,41.27213231830586,0,0,0,0,91.0
Oily,35-44,8.725193017590449,Medium,1692.303185714858,High,36.98104905437576,0,0,1,1,79.5
Oily,18-24,4.809571140911782,Medium,2023.8766542857836,Low,0.0,1,0,0,1,66.7
Dry,35-44,5.939216981059809,Medium,1574.9154557339923,Moderate,100.0,0,0,1,0,87.0
Normal,18-24,7.112022459181358,Low,3083.8620603098143,High,30.692611418199057,1,0,1,1,70.5
Normal,45-54,5.498293663172276,High,1317.3129925018739,Moderate,36.46755602567803,0,1,0,0,76.3
Dry,25-34,8.90059594833394,Medium,2443.6547720112753,Moderate,90.57301988525585,0,1,0,0,93.7
Oily,25-34,8.615468459885967,Low,1869.072644919056,Low,20.699668546570216,1,0,0,0,85.0
Combination,45-54,6.199681993923919,Medium,2231.399047630924,Moderate,23.715262497504845,0,1,0,1,74.2
Dry,18-24,9.675877909911227,Low,2254.0574335888123,Extreme,44.86480593662982,1,0,0,0,90.3
Combination,25-34,6.493621854920087,Low,2078.521615060328,High,37.625662545740475,0,0,0,1,85.9
Dry,25-34,10.0,Medium,1433.3146262001878,Low,34.0160528033673,0,1,0,0,88.3
Oily,25-34,6.717029195787554,Medium,1833.9801248149538,Moderate,27.06739164391358,1,0,0,1,72.8
Dry,45-54,7.864289125492633,Medium,2084.5476360996713,Moderate,55.285267285874816,0,1,0,1,80.4
Oily,35-44,9.099855161754338,Medium,2053.21691764206,Moderate,100.0,0,0,0,0,100.0
Oily,18-24,8.916450024711715,Low,1488.434012608987,Moderate,9.733948703043197,1,0,0,0,83.8
Combination,35-44,7.76609809920384,Medium,2645.606229520783,Moderate,81.01508067317717,0,0,0,0,98.9
Oily,25-34,6.288289520834247,Medium,753.2132870411597,Extreme,88.34227931267515,1,0,0,1,75.9
Combination,45-54,7.771199049989679,High,1874.937556117681,High,44.345074283661454,0,0,1,1,75.7
Combination,25-34,5.275723742185828,Low,1539.3406224071907,High,59.40990998672417,1,0,0,0,81.6
Combination,25-34,6.728200578296174,Low,2091.082708179596,High,46.95094971275755,1,0,0,1,77.3
Sensitive,25-34,4.836038701253008,High,2508.3629280022133,Low,22.017792624819627,0,0,0,0,83.9
Oily,25-34,3.828677539879548,High,1296.5154944114608,Moderate,80.47466753214334,1,0,0,1,68.3
Oily,25-34,6.575640146209165,High,3176.802616144222,Moderate,50.8805275743498,1,0,0,0,81.6
Dry,18-24,8.893416836007509,Low,2100.924318478931,High,36.97537058971818,0,0,0,1,90.7
Oily,35-44,8.388706962394089,Medium,2190.861995047734,Extreme,21.958265675738453,0,0,1,1,78.4
Dry,25-34,6.377131556411587,Medium,1280.1228323262935,Moderate,63.022555947351854,1,1,0,0,73.6
Combination,55+,9.620484547263246,High,1976.7164058332621,Moderate,53.80295419637137,1,1,1,1,62.6
Dry,25-34,5.6464079137301395,Low,2485.837410758946,Moderate,65.14511880819934,1,1,0,1,69.8
Oily,35-44,4.123251007302965,Low,2104.9607861093386,Moderate,73.8816175255095,0,0,0,0,91.8
Normal,45-54,3.7268480586985566,Medium,2070.0977868634586,Low,39.670014986694255,0,0,1,1,70.6
Oily,35-44,5.228213589106424,Low,1974.0702156608058,Extreme,0.0,0,0,0,1,79.4
Normal,45-54,8.224937114893343,Medium,1310.9999541682892,Moderate,57.25150315273763,0,1,0,1,79.8
Combination,45-54,6.0477959747989205,High,1308.1456644682733,Extreme,55.570517450076814,0,0,0,1,80.3
Oily,25-34,7.191437962785953,Medium,2584.663563320355,Low,54.095429839341946,1,0,0,0,85.0
Normal,35-44,9.469425075375966,Medium,2441.143352971547,Low,97.9469489570664,0,0,0,0,100.0
Normal,18-24,5.349854556133291,High,2515.1355862336413,Moderate,48.78179916875195,1,0,0,0,77.6
Dry,25-34,7.217749597693834,Low,1588.5899780976902,High,67.31448480269262,1,0,0,0,86.3
Dry,18-24,7.808444608983583,Low,1921.2161194155406,Moderate,59.42731234685486,0,1,0,0,89.4
Oily,35-44,5.708893017290345,Medium,2615.9000930005723,High,25.379781834000056,0,0,1,0,81.2
Normal,25-34,8.531316387867625,Low,1385.6723376201799,Moderate,17.745447645167012,0,0,0,0,93.6
Oily,25-34,6.068439416675785,Low,2564.9412037766333,High,78.8395972798637,0,0,0,0,97.2
Oily,25-34,5.924370528630486,Medium,1706.7402036880535,Low,28.01333186694062,0,0,0,0,88.1
Dry,55+,10.0,High,1572.3833497827477,Moderate,59.22902904129775,0,1,1,0,80.1
Dry,18-24,7.784150113550077,High,1984.041850096744,Low,24.401363493965167,1,0,0,0,79.0
Oily,18-24,8.387935824528247,Medium,1441.4990454441015,Low,68.66089723597676,0,0,0,0,96.5
Oily,18-24,9.032339397282758,Low,1051.5532027514705,Moderate,56.185582311030856,1,1,0,1,72.8
Sensitive,55+,6.024289000811175,Low,2038.0148433244785,Moderate,57.553976757988245,0,1,1,0,77.9
Oily,55+,8.87473164558052,Medium,2267.132885190694,High,66.66460966679024,1,0,1,1,74.0
Dry,35-44,6.247158827503495,Low,2607.6450863187774,High,66.49247519854634,0,1,0,0,88.4
Normal,45-54,6.183064915992554,Low,2303.487356585743,Moderate,41.94335172767089,0,0,1,1,78.2
Oily,18-24,6.592000041537796,Medium,2982.6985924163528,Extreme,50.298790807087194,1,0,0,0,84.2
Normal,55+,6.066902747582568,Medium,2680.5374878682414,Extreme,66.72774696840594,0,0,1,0,86.2
Dry,18-24,8.233234648985745,Low,2369.0393758433074,Extreme,77.69238056844057,0,0,0,0,100.0
Sensitive,18-24,7.4008159827175835,Medium,2234.309412677996,Moderate,61.78200838494071,0,0,0,0,95.4
Oily,18-24,6.2631633780743305,Medium,2615.051091536616,Moderate,94.66133151134743,0,0,0,0,97.2
Normal,25-34,7.511757549732232,Medium,893.488944335734,Moderate,31.38707329310916,0,0,0,0,89.9
Normal,35-44,6.587226343920481,Low,1759.971479368525,Low,21.078877650919722,0,0,0,0,90.8
Oily,25-34,6.007894444452985,High,1070.7594765196445,Moderate,14.723457787621918,1,0,0,0,72.6
Normal,55+,7.073025827352316,Medium,2331.54881619305,Moderate,49.75119279936198,0,0,1,0,85.8
Normal,25-34,7.195190533499326,Low,1628.6180612945507,Moderate,50.30061702971451,0,0,0,0,94.7
Combination,18-24,7.584771474066129,Medium,3509.8265711690215,Moderate,53.14006361415046,0,0,0,0,97.5
Oily,25-34,5.955126226620754,Medium,1741.0371009146097,Low,33.298582804034275,1,0,0,0,78.7
Oily,35-44,8.270666811159103,Medium,2053.1815824412615,Moderate,100.0,0,0,0,0,100.0
Sensitive,45-54,6.666408773380516,Medium,1798.866732906167,Moderate,100.0,0,0,1,1,81.9
Normal,25-34,5.517523267086921,Medium,1755.5843809280614,Moderate,21.392820906524733,0,0,0,0,86.7
Sensitive,25-34,4.297967526848973,Medium,1376.7390580843507,Moderate,62.45176818711401,0,0,0,0,87.6
Oily,25-34,7.974767721498532,Medium,1359.9252950295127,Low,51.23210973521629,0,1,0,0,85.8
Combination,35-44,7.018585114291011,Low,910.2534988635073,High,77.14075085565052,0,0,0,0,95.6
Dry,55+,7.316308537765773,Low,2272.731151401719,Low,11.89496749344071,0,1,0,0,84.4
Combination,18-24,8.568704373549274,Medium,1787.6766167360097,Moderate,7.1468561044651295,0,0,0,0,91.4
Sensitive,45-54,6.283890652603276,Medium,2966.814113021323,High,44.5272381120934,0,0,0,1,86.0
Oily,25-34,4.438401127288808,Low,1377.929907966377,Low,87.6027002669953,0,0,0,0,92.4
Sensitive,25-34,6.604671053322828,Medium,2738.1572600774725,Moderate,48.632377568548556,0,0,0,0,93.5
Oily,55+,7.461942328120443,Low,2786.1296676757606,Moderate,70.21323433322141,0,1,1,1,76.5
Oily,25-34,6.1057264007594405,Medium,2638.521583250241,Low,64.72076679090885,1,0,0,0,84.0
Oily,25-34,8.710606367114254,Medium,2117.3986552327588,Moderate,45.50790413161678,1,0,0,0,86.2
Dry,18-24,3.2707501484179655,Low,1830.8971373902991,Moderate,70.68591509889143,1,1,0,0,71.3
Normal,18-24,8.680084956849674,Medium,2638.033848468642,Low,19.31197806347423,0,0,0,0,94.6
Dry,45-54,8.186730475546339,High,1604.268428581159,Moderate,48.21413400520757,0,1,0,0,83.4
Dry,35-44,7.685156166550689,Low,2135.3537977228602,Low,4.5822221501999465,0,1,1,0,76.1
Combination,45-54,3.0,High,1978.1260269889365,High,62.442051837135686,0,0,0,0,83.2
Combination,18-24,8.925833174905403,Medium,1554.2915686519905,Moderate,30.191958568853,0,0,0,0,94.0
Oily,18-24,5.460348834046172,Medium,2139.023486142152,Low,100.0,1,0,0,0,85.2
Oily,18-24,6.23846203242492,Low,2370.9191257965063,High,51.467103152257906,0,0,0,0,94.4
Oily,25-34,6.244111002814897,Medium,1534.585895280512,Moderate,70.48402086966564,1,0,0,0,82.6
Normal,55+,7.611127051977963,Medium,2230.060093557925,Low,66.32038354257247,0,1,1,1,73.3
Normal,35-44,7.959142063288825,Medium,885.4859063000933,Low,58.05875575736732,0,0,0,0,93.5
Oily,25-34,7.839260831478946,High,1475.4223294698832,Moderate,74.80218605004382,1,0,0,0,83.1
Oily,45-54,8.223780265117774,Medium,1771.3271385610221,Low,60.82678860586604,1,0,1,0,78.1
Sensitive,35-44,7.379390806319689,Low,2178.6686184830583,Low,86.88970279334114,0,0,0,0,99.8
Dry,18-24,7.623883988586386,Low,2434.6573748170276,Moderate,100.0,0,0,0,0,100.0
Oily,45-54,5.36386942626663,Low,2041.4114455819188,Extreme,64.80660292760145,0,0,1,1,78.3
Dry,25-34,5.373459789771466,High,2283.2978672449985,Moderate,36.805290672506125,0,0,0,0,86.0
Normal,18-24,8.343190335512249,Low,1919.7090483652876,Moderate,32.3045892814325,0,0,0,0,95.8
Oily,18-24,8.255814230093023,Medium,2202.374071454149,Extreme,47.92325542047945,0,0,1,1,80.7
Dry,25-34,7.585699124666631,Medium,2175.954533314354,Low,52.92957129348748,1,1,0,0,76.8
Oily,25-34,5.728374857515209,High,1745.489687182872,Low,51.478761194381306,1,0,0,0,77.1
Oily,25-34,7.865738197915544,Medium,1822.310061726364,Extreme,10.450126459918494,0,0,0,0,90.4
Sensitive,18-24,5.2581333212794625,High,2300.063586175609,Moderate,8.4111219363962,1,0,0,1,66.0
Combination,35-44,8.61603971479341,Medium,2906.0439043207007,Low,35.78196226707756,0,0,0,0,96.6
Dry,55+,6.608693798131164,High,2603.4092906546603,Moderate,51.46773698704547,0,1,1,0,74.6
Dry,35-44,9.52625560951095,Low,1435.4419719413,High,61.579737455067715,0,0,0,0,100.0
Dry,25-34,4.217836861901772,Low,1437.2091303870448,Low,61.36333679715161,0,1,0,0,81.4
Oily,18-24,9.645106068877784,Low,1732.1843256158681,Moderate,59.07507735166355,0,0,0,0,100.0
Oily,18-24,6.457803506254807,Medium,2049.4606689387974,Low,37.51190079741303,1,0,0,1,73.8
Normal,18-24,6.430781115982383,Medium,2024.1281284871598,Moderate,24.483033581882875,1,0,0,1,72.4
Oily,25-34,6.792258228478396,Low,2620.1401384641745,Moderate,63.026564685973504,0,0,0,0,97.1
Dry,35-44,5.954381630798955,Low,2647.5566529233874,Low,65.65289761790766,0,1,0,0,87.8
Oily,35-44,6.89150649804654,Medium,2002.832792207755,Moderate,32.66976139407508,1,0,1,0,73.1
Sensitive,35-44,5.893560602093718,Low,1886.151711819563,Moderate,90.6193778066662,0,0,1,0,88.6
Sensitive,25-34,5.448404703531219,Medium,2258.3732161437997,Low,88.92591224019246,1,0,0,0,84.3
Combination,25-34,7.230328925450857,Low,2531.600660025755,Moderate,69.7366716274894,1,0,0,1,81.5
Dry,35-44,5.647651757044726,Medium,2276.218404988774,Moderate,84.11178068133754,0,0,0,0,94.3
Combination,25-34,5.3477086474917765,Medium,1784.2270983046458,Moderate,31.234792899370305,0,0,0,0,87.4
Normal,18-24,4.940813125380386,Medium,1693.8730691463386,Extreme,71.29497276084439,0,0,0,0,90.4
Combination,25-34,5.744103980057991,Low,1444.6981407671378,Moderate,46.05398177695539,1,0,0,1,74.0
Normal,25-34,8.467403044585883,Low,2096.7434237976263,Low,100.0,1,0,0,0,93.1
Combination,18-24,5.731099539845547,High,2311.5600491598434,Moderate,72.35318980478054,1,0,0,1,73.3
Oily,45-54,5.902550102219138,Medium,2367.4225965647283,Moderate,70.73499499377743,1,0,1,1,68.6
Combination,45-54,7.2908829197223035,Medium,2575.880184877449,Extreme,100.0,1,0,1,1,74.7
Sensitive,18-24,6.44380534930071,Medium,2740.1548003309663,Low,52.34260906883283,0,0,0,0,93.6
Normal,18-24,10.0,Low,1312.517176161332,Moderate,63.767147386007366,0,1,0,0,93.0
Oily,35-44,6.756208052985615,High,2202.381216715664,Moderate,100.0,1,0,0,0,84.9
Sensitive,18-24,7.502827519326058,Medium,2219.6297446903377,High,85.32972067521362,1,0,0,0,88.0
Oily,25-34,7.915653177198983,Medium,1963.026795790999,Moderate,53.78608027350247,1,0,0,0,85.1
Combination,18-24,8.386866798794276,High,1585.8277150278611,High,43.254632484800844,0,0,0,0,91.3
Dry,18-24,7.349931372336069,Low,2722.314917368385,Low,25.793171759960686,0,0,0,0,94.7
Oily,35-44,6.7583087699709985,Medium,1705.6997444762826,Moderate,52.76112262799413,0,0,0,0,92.2
Oily,45-54,10.0,High,903.7155702835307,Low,39.529260012360325,0,1,0,0,84.8
Oily,18-24,6.8503595870286,Medium,2010.036142555117,Extreme,44.24477735442672,1,0,0,1,75.1
Combination,25-34,5.837464843357279,Low,1881.0681665571205,Low,47.245227979245584,1,0,0,0,82.2
Oily,18-24,6.031226517558972,Medium,2928.848636406735,Moderate,74.71872620325956,1,0,0,0,85.4
Dry,18-24,4.409795195939866,Low,2244.846977096875,Low,39.78461270990667,1,0,0,0,79.3
Oily,55+,8.232423628355745,High,1847.368626584384,Extreme,35.08423128578868,0,0,1,1,75.7
Dry,35-44,3.4778974043487603,Low,1901.572454803463,Moderate,82.18087184142684,0,1,1,0,75.0
Combination,25-34,6.491415738642619,Medium,1895.7982460811245,Extreme,67.41740324411015,1,0,0,0,83.5
Sensitive,35-44,6.692709048592922,Medium,3108.566687281692,Low,68.91378052934937,0,0,0,0,96.5
Oily,45-54,10.0,Low,2337.741934068922,Low,75.02256526195397,0,0,0,0,100.0
Combination,45-54,4.252523156929561,High,1296.4199138629947,Moderate,53.44924206054023,1,0,1,1,58.4
Combination,18-24,5.648345069523464,Medium,1877.7800259495075,Moderate,44.670375954016464,1,0,0,0,79.5
Dry,18-24,6.795855311977526,Medium,1988.1837759997456,Moderate,88.84672263392903,0,1,0,0,88.5
Sensitive,35-44,6.703705993796247,Low,1446.2158982678657,High,71.55427450288494,0,0,0,0,95.5
Oily,25-34,5.675683113784933,Medium,1108.5222713764551,Low,39.853944537080764,1,0,0,0,77.6
Normal,55+,6.878518135896749,High,2297.7816908934224,Moderate,50.44700662524123,1,0,1,1,65.4
Combination,35-44,5.1106559066953885,Medium,1597.683502131048,Moderate,10.866158920098691,0,0,0,0,84.5
Oily,55+,7.535789318492409,Medium,2624.385809279991,Moderate,45.80121816427198,1,0,1,1,69.9
Combination,18-24,3.5177719868836324,Low,2004.097216303917,Moderate,56.36833602725687,1,0,0,0,78.7
Combination,45-54,6.961345966184115,High,1762.8655898691322,Low,100.0,1,0,1,0,76.4
Normal,25-34,5.59946495860464,Medium,791.6331749272024,Extreme,52.309492861590684,1,0,0,0,78.0
Combination,55+,8.524431914134954,Medium,2611.158924813966,High,60.9479151178001,0,0,1,0,90.4
Oily,18-24,9.632966605949957,Medium,2146.7634163226508,Moderate,58.66078890914502,1,0,0,0,89.4
Dry,25-34,6.003421746874463,Medium,1775.902640591319,Moderate,100.0,1,1,0,1,70.6
Dry,35-44,9.086088893712146,High,1554.8543062098988,Low,85.0675193599485,0,1,0,0,88.8
Sensitive,25-34,6.025825579054384,Medium,2799.5456045156275,Moderate,28.725045536502314,0,0,0,0,90.5
Normal,25-34,5.050810215306365,High,1467.8901496635722,Moderate,80.72896109524416,1,0,0,0,78.1
Oily,55+,9.61885544827843,Medium,1815.676270848674,Moderate,26.37683146802243,0,1,1,0,79.5
Dry,25-34,7.28116466710101,Medium,2284.8725510285312,High,33.659201258201264,0,0,0,1,85.5
Combination,35-44,7.006657783914721,High,2725.383320011687,Low,27.506544753087873,1,0,1,1,64.2
Dry,18-24,8.030766212647972,Low,1891.84014648111,Low,95.55835757530141,0,0,0,0,100.0
Normal,45-54,7.411322552695251,Medium,1632.5915128837287,Moderate,89.65857172389022,0,1,1,0,81.1
Oily,35-44,6.896170888087723,Medium,1946.6303957223408,Moderate,90.76653924695697,1,0,0,0,86.8
Oily,25-34,4.510347759038005,High,2452.235331478668,Low,75.8971928107362,1,0,0,1,71.5
Combination,18-24,6.5941948942581,Low,2564.697442631601,Moderate,67.26855234447979,0,0,0,0,97.0
Oily,25-34,7.434883135187709,Low,1312.4204254773094,Low,42.007706590232914,0,0,0,0,93.7
Oily,18-24,6.815842861469784,Low,2057.4700601885047,High,55.15121224187266,1,0,0,0,85.3
Sensitive,18-24,8.353488641695579,Medium,1282.8672955193006,Moderate,52.091436663894314,0,1,0,0,86.5
Normal,35-44,7.575482535800184,Low,2442.1085854886364,High,38.716618119683844,0,0,1,0,87.9
Sensitive,18-24,5.682795522871889,Medium,2211.1919502915766,Moderate,48.98794959875505,0,0,0,0,90.7
Dry,18-24,5.021242063251814,High,1539.4071845246353,High,100.0,1,0,0,0,80.1
Combination,35-44,6.764232250104748,Medium,2767.072785025582,High,50.442458541753204,0,0,0,0,94.1
Oily,18-24,6.213657327843118,Low,2167.5067400036937,High,75.01940688570234,1,0,0,1,79.3
Normal,25-34,7.0044827144325295,High,2112.5962402333143,High,100.0,1,0,0,1,78.2
Combination,18-24,5.922793511855906,Medium,1910.4442588270203,Moderate,69.51764364761019,0,0,0,0,92.6
Combination,25-34,5.576911511367684,Low,1995.9810328326716,Moderate,30.299524020601503,0,0,0,0,90.2
Combination,35-44,8.579604576392368,Medium,1809.258749288606,High,41.58474277239196,1,0,1,1,69.9
Normal,35-44,7.222304452941847,Medium,1629.3957518918733,Moderate,62.97132192819468,0,0,0,0,94.0
Combination,25-34,5.44590940185906,Medium,2614.565293802697,Low,100.0,1,0,0,0,86.1
Combination,18-24,7.0264627131025295,Medium,1753.6287051671588,High,85.58856661420884,0,0,0,0,96.1
Dry,18-24,9.068366864502524,Low,1736.7959811341389,Moderate,63.41625022466168,0,1,0,0,92.0
Combination,25-34,6.940680032412084,High,1935.3529549255588,Low,44.895631056031306,1,0,0,0,79.2
Combination,45-54,7.8894262141376945,Medium,2712.257240427404,Moderate,69.48611605766175,0,0,1,0,90.2
Dry,18-24,5.871648195208836,Medium,2565.5829468486563,High,54.731117230760255,0,1,0,0,84.3
Normal,25-34,8.0396290657019,Medium,1802.5758152162566,High,54.57270349534424,0,0,0,0,95.1
Oily,18-24,10.0,Low,2613.3927127793386,Moderate,28.11481843955262,0,0,0,0,100.0
Normal,35-44,5.812798536230719,Low,2054.0600852141692,Low,37.64515005535736,0,0,0,0,91.5
Oily,35-44,5.227159038442016,Low,1578.2873659959823,Moderate,68.2201768585456,0,0,0,0,92.4
Oily,35-44,7.2633133657527225,Low,1761.9353259982968,Moderate,31.008733129113445,0,0,0,0,93.2
Normal,45-54,8.313257574766615,Low,2686.626934641864,Low,44.37222757956262,0,0,1,0,90.4
Oily,25-34,6.362915491924608,Medium,3041.4226317845564,Extreme,50.74110970296051,1,0,0,0,83.9
Normal,18-24,5.420190405936006,Medium,2159.9083793766013,Low,58.269852969977535,1,0,0,1,74.0
Combination,25-34,6.337123757329415,Medium,1716.7314191584906,Moderate,77.8937309902584,0,0,0,0,93.9
Sensitive,35-44,7.897138409166182,Medium,1937.5412661630266,Low,43.67375516354424,0,0,0,0,94.0
Normal,35-44,6.389452259580911,High,1618.7779090305398,Extreme,28.749989677952055,0,0,0,1,78.9
Sensitive,25-34,7.410882526632382,High,1691.6183105383752,Low,97.657870325728,1,0,0,0,85.0
Dry,35-44,8.747066177859866,Low,1642.4761011015903,Moderate,100.0,0,1,1,0,86.8
Oily,35-44,7.360345938655671,Medium,1960.3281262506714,High,33.89786443963423,0,0,1,1,77.0
Normal,45-54,6.958078343082561,Low,2060.3405182289634,Low,38.86941217308812,0,0,1,0,85.9
Dry,25-34,7.7440158878394225,Low,1925.9194296591054,Low,63.639029127173494,0,1,0,0,89.7
Combination,35-44,5.715848758844154,Medium,1889.3385327392145,Low,61.218086134047994,1,0,1,0,73.3
Combination,18-24,5.567935249460616,Medium,2380.2458117528467,Moderate,51.41281296231356,1,0,0,1,74.0
Normal,35-44,6.600141572606522,Medium,1885.3955375372766,Moderate,40.484124492124465,0,0,0,0,91.0
Normal,45-54,6.262180817778299,Medium,1917.4920946831328,High,77.99238874615608,0,0,1,0,86.2
Oily,25-34,5.294987037064287,Low,1911.719864486947,Low,44.07092926745838,1,0,0,1,73.8
Oily,35-44,9.745702712498161,High,2771.6438664756342,High,53.24874741078222,0,0,1,0,89.4
Oily,35-44,10.0,Low,1754.3926875871266,Extreme,31.71903413218376,1,0,1,0,80.7
Oily,18-24,6.469442436616626,Low,2298.1480534707675,High,69.78354247240009,1,0,0,0,86.5
Combination,25-34,6.637578424622548,Low,1625.8111530312694,Moderate,40.96586740537354,0,0,0,0,92.6
Sensitive,18-24,6.718235769904314,High,2174.972415712631,Extreme,63.87120962791119,1,0,0,0,81.2
Oily,55+,8.661248860177235,Medium,2273.1165958941688,Extreme,79.74491916928285,0,0,1,1,84.8
Sensitive,45-54,8.95846834276007,Medium,2542.1296434013693,Moderate,48.82897617663329,0,0,1,0,89.9
Oily,18-24,4.33410430196553,Medium,1807.8659153537176,Low,47.833071865662085,0,0,0,0,87.1
Oily,18-24,7.714016200098438,Medium,1443.0187175874094,Extreme,11.046200340917096,1,0,0,1,72.4
Oily,25-34,4.539767988258277,High,1608.0073383697127,High,36.908969549823965,1,0,0,1,66.0
Dry,25-34,9.137408236812917,Medium,2482.2707865683356,Low,82.20545609542094,0,1,0,0,93.5
Sensitive,18-24,7.660372045315597,High,3040.8758062433362,Extreme,26.464989179891795,0,0,0,1,84.0
Dry,25-34,5.264975692456046,Medium,2417.2267060063596,Moderate,55.89202866924449,0,1,0,0,83.0
Oily,25-34,6.138017918093221,Medium,1368.9302851058242,Moderate,90.08854333611775,1,0,0,0,84.0
Dry,18-24,6.566534112600762,Medium,2400.3264405564187,Moderate,63.71882789158611,0,1,0,0,86.3
Normal,45-54,7.7876694143287235,High,1528.1044544892293,Moderate,45.40491648640699,0,1,0,1,75.2
Combination,45-54,8.562868906266218,Medium,1825.4286914343802,Moderate,32.20668676189932,0,0,1,0,86.0
Dry,35-44,5.277689062042436,Medium,2093.615538432647,Moderate,11.759711819813084,0,1,0,0,77.9
Oily,45-54,9.758131751368172,Medium,2177.684427735482,Moderate,99.05817357363964,0,1,0,0,95.8
Dry,18-24,9.408535161731265,Medium,2032.7210473356083,Moderate,39.47793773762448,0,1,0,0,88.8
Dry,25-34,5.187014648613432,Low,1699.443926475206,High,4.950472969042295,0,1,0,0,78.3
Normal,18-24,7.109202691543464,Medium,2529.9791323371674,Low,24.470875665181772,0,0,0,0,91.7
Dry,35-44,9.566212816171474,Medium,1736.21679755137,Extreme,33.047592390774675,0,0,1,0,87.9
Oily,45-54,8.849377880016224,Low,2627.2563726809944,High,47.62214893412714,0,0,1,1,84.7
Combination,35-44,6.4948854549281565,Medium,1320.3100546051664,High,100.0,0,0,0,0,95.6
Combination,45-54,8.22150972185181,Medium,2107.7651709722113,Moderate,83.0734948290392,1,0,1,0,81.0
Combination,35-44,10.0,Low,1386.924518384234,Extreme,72.10767702037515,0,1,0,0,94.0
Dry,25-34,6.6577399727768185,Low,1582.9586840036816,Low,79.93678872526185,0,1,0,0,88.5
Dry,25-34,5.551027622839971,High,1743.493895533291,Low,95.84653971040261,0,0,0,0,91.2
Normal,18-24,7.258629778137099,Medium,2760.302727365487,High,63.2032606936752,0,0,0,0,96.4
Combination,18-24,7.369828143245977,Low,2654.0123330511633,High,86.02993639072163,1,0,0,0,90.7
Oily,35-44,6.213194891499853,High,2437.124381278598,Low,43.98094299059365,0,0,1,0,80.7
Oily,25-34,7.162437601721326,Medium,2016.6428751084327,Moderate,28.431716558373584,1,0,0,1,74.2
Oily,25-34,4.618398410408748,Medium,2094.0294746856716,Moderate,24.21004695946161,0,0,0,0,85.8
Normal,25-34,5.501699199486981,Medium,2633.239580915678,Moderate,57.34871085523581,0,0,0,0,92.0
Dry,25-34,7.637367164232197,Low,2350.652643103399,Moderate,0.0,1,0,0,1,75.0
Normal,25-34,3.8676937226866226,High,2009.0042116853783,Extreme,83.11757738276717,1,0,0,0,77.1
Combination,25-34,7.854751387992165,Medium,2743.33579000814,Extreme,37.65830486889756,0,0,0,0,95.0
Oily,25-34,3.482027951441445,Medium,2407.264768081757,Extreme,70.65721719994232,1,0,0,0,78.8
Normal,45-54,4.403013131685528,High,2121.209932919509,Moderate,25.20479187955719,0,1,1,0,66.6
Dry,25-34,5.751531885416172,Low,1770.5116098757594,Moderate,77.78118531367056,0,0,0,0,94.8
Normal,35-44,7.430295764229026,Low,1725.3788733534934,Moderate,94.57130175364549,0,0,1,0,91.8
Oily,45-54,8.987895404691082,Low,1831.9123223998602,Moderate,62.572771364277365,0,1,1,0,83.9
Combination,45-54,7.0864341447393935,Low,2228.495442880993,Moderate,73.19442531620484,0,0,1,1,82.9
Normal,45-54,6.630169588636015,Medium,2417.891407966403,Moderate,34.344141263968154,0,0,1,0,83.5
Combination,25-34,7.369371871977206,Medium,1277.854077224482,Moderate,51.13872137794988,0,0,0,0,92.4
Normal,18-24,5.693651769298098,Low,1026.7006611743855,Extreme,74.30717437729967,0,0,0,0,92.9
Oily,25-34,6.70912273901961,Low,1524.2550967039338,Low,42.42483991654969,1,0,0,0,82.7
Combination,25-34,4.700830613066961,Low,1796.1616933123269,Moderate,88.15946197572381,0,0,0,0,93.8
Oily,45-54,7.12388577531312,High,2597.973600328097,Moderate,15.420006958028786,0,0,1,0,80.0
Normal,35-44,6.805245511225895,Medium,1859.790916008406,Low,51.78371029700482,0,0,0,0,92.5
Oily,18-24,5.793598117825875,Medium,2127.386674485946,Moderate,1.9705043338092523,1,0,0,1,69.0
Oily,18-24,7.247560954806609,Medium,2208.9522559938355,Low,57.90406531892607,0,0,0,0,94.7
Combination,18-24,7.237824479739464,Medium,1488.2145699144903,Moderate,44.67441828409866,0,0,0,0,91.9
Oily,35-44,8.763181018508702,Low,2729.944415939135,Low,55.60320437801567,1,0,0,0,90.5
Combination,35-44,4.5915498954058185,High,1667.5970570100403,Extreme,78.50005562097513,0,0,0,0,87.4
Combination,45-54,6.885926638454436,Medium,2779.89572798314,Low,52.90612724227863,0,0,0,0,94.6
Oily,45-54,5.859606400444781,Medium,1936.9119992681424,High,100.0,1,0,0,1,78.6
Sensitive,18-24,8.304643087264438,Medium,1831.248351193447,Extreme,85.21318788128833,0,0,0,0,98.8
Oily,25-34,7.630868097788198,Medium,1444.6054081718494,Moderate,50.751142038702184,1,0,0,0,83.2
Sensitive,18-24,7.7618197676029315,Low,2098.6426455992905,Low,48.13225315543978,0,0,0,0,96.5
Normal,25-34,5.444250112895805,Low,3127.1911970179694,Moderate,27.232005273057457,1,0,0,0,81.9
Dry,45-54,8.328205874410143,Medium,2206.7941452010014,Low,70.92570719153389,0,1,1,0,82.2
Oily,25-34,4.204803606885003,Low,2135.2184359744524,Low,36.83652323234319,0,0,0,0,88.4
Oily,35-44,4.397033944610843,Low,1666.6981871054209,Moderate,84.77210874859824,1,0,0,1,75.6
Dry,25-34,4.586193500147115,Medium,2295.99187430589,Moderate,47.943024997390154,0,1,0,0,80.6
Combination,18-24,6.949787784509641,High,2078.8089035614744,High,48.02709709546146,1,0,0,1,72.9
Normal,18-24,8.01274660148244,High,1968.5827626292637,Moderate,52.86626268423048,1,0,0,0,82.2
Normal,25-34,3.0,Low,2247.397392164255,High,46.199504833422644,0,0,1,1,72.1
Combination,35-44,8.98411424781968,Low,1092.0770105900538,Low,66.92860094575082,0,0,0,0,98.8
Dry,18-24,7.196668294267651,Medium,1949.737753802411,Low,100.0,0,0,0,0,98.3
Sensitive,35-44,4.648341478615338,High,1401.486077440648,Moderate,88.520483450184,0,0,0,0,88.0
Combination,45-54,7.151420455434372,High,2014.4492491599717,High,70.58355587691122,1,1,1,0,66.4
Sensitive,25-34,8.13878812201763,High,1637.9003121833227,High,84.67518295827577,1,0,0,0,85.0
Combination,35-44,7.899161522959388,Medium,1672.080074719398,Moderate,57.287265119455974,0,0,0,0,94.9
Oily,25-34,8.14860959383095,Low,1333.2793586071498,Moderate,25.908685655049695,0,0,0,0,93.6
Normal,35-44,4.950630055904334,Low,2557.8324856234103,Moderate,0.0,0,0,0,0,87.0
Combination,35-44,6.378992147292394,Low,1661.1267508660608,Low,8.729298725087467,0,0,0,0,89.0
Dry,55+,5.612961654214702,Medium,1687.8806881831229,Moderate,68.69858133111416,0,1,1,0,75.5
Normal,25-34,9.076370307566478,Low,2765.3075355862093,Moderate,59.21998161398342,0,0,0,0,100.0
Oily,25-34,7.459044265229945,Medium,2283.9787163832916,Moderate,46.30033878239041,1,0,0,0,84.1
Sensitive,18-24,10.0,Medium,982.680380994009,High,100.0,0,0,0,0,100.0
Dry,18-24,6.298585699874159,Low,2692.6800858609076,High,49.14352239005373,0,0,0,1,87.9
Oily,35-44,5.912988682476543,High,2823.9453208496516,Low,0.9559972245386419,0,0,1,0,76.6
Oily,45-54,6.785760042107274,Medium,2777.1880441281737,Extreme,78.76236003965441,0,0,1,1,82.0
Oily,25-34,8.567535832133824,High,2334.094621505565,Low,79.02370986832939,1,0,0,0,86.7
Oily,18-24,6.450820465936979,High,1449.145120034494,Low,68.00211834588391,1,1,0,1,64.6
Oily,25-34,6.686656396860417,Low,1975.387246325904,Extreme,79.39314676867812,1,0,0,0,87.3
Normal,25-34,6.645036054330229,Medium,1275.7773488084802,Moderate,5.977999538112947,0,1,0,0,78.4
Combination,25-34,6.559245141803284,Low,1566.9919722489649,High,52.36718249129747,0,0,0,0,93.5
Oily,18-24,6.021402309306283,Medium,1444.556638018637,Low,29.249351175161177,0,0,0,0,87.9
Combination,35-44,6.79406339813445,Medium,1686.4847724052404,High,73.07745221891693,0,0,1,0,86.3
Combination,18-24,6.729846097972963,High,2081.9769451057314,High,88.00783695110641,1,0,0,0,83.4
Oily,25-34,6.488653010488027,Low,1777.5440254172433,Moderate,40.79679320692749,0,0,0,0,92.6
Dry,35-44,8.415275227229063,Medium,1756.069122355011,High,76.29008801858605,0,1,0,0,90.0
Oily,25-34,9.140942051936738,High,1854.5527776382658,Extreme,28.088419174414213,1,0,1,1,66.8
Combination,35-44,5.73934785599544,Medium,2749.736339775941,Moderate,59.56211209188798,0,0,0,0,92.9
Oily,35-44,6.412009562818428,Low,3081.8777511754015,Moderate,47.14478935945621,0,0,0,0,95.7
Dry,35-44,5.76248215239072,Medium,1774.651910090405,High,100.0,0,0,0,0,95.1
Dry,25-34,6.780652305833409,Low,2168.0371012484784,Moderate,23.004547226403314,0,1,0,0,84.2
Oily,25-34,5.692475813733535,Low,1579.3610187216768,Extreme,52.20591485390827,1,0,0,0,81.8
Normal,45-54,7.359695250612983,Medium,2383.8256524282538,Low,94.23280995624589,0,0,1,1,83.9
Dry,35-44,8.65544036566718,Low,1761.7749690361286,Moderate,11.375988739997382,0,1,0,0,86.0
Combination,25-34,3.0,Medium,1644.4475684551014,High,60.78126748075225,0,0,0,0,85.4
Oily,18-24,7.737669834401037,Medium,3000.7936329078484,Moderate,52.777811599960366,1,0,0,0,86.8
Dry,18-24,6.3097194266531815,Medium,1321.9653785041971,Low,32.97049226933544,1,1,0,1,63.6
Oily,18-24,7.690633401976584,Low,773.5863226560132,Moderate,80.40264220739886,0,0,0,0,97.0
Combination,25-34,5.1552958433747,Low,2367.4151230745006,High,92.89905856265028,1,0,0,0,86.3
Normal,18-24,8.794391482460313,Low,1816.1857945234294,Moderate,66.44965336955971,0,0,0,0,99.9
Combination,25-34,7.869920927060427,Low,1677.001710373039,Moderate,42.580763742427216,0,0,0,0,95.4
Oily,35-44,7.852528222813964,Medium,3365.829500220322,Moderate,23.82681907898882,0,0,0,0,94.8
Oily,25-34,7.689838576715147,Medium,2365.113286291348,Moderate,54.499579662237934,1,0,0,0,85.6
Normal,35-44,5.88156929924174,High,1970.742951247262,Moderate,56.158710804197206,0,0,0,0,88.3
Normal,35-44,6.070564367966066,Medium,1646.034180136151,Moderate,57.67628860928818,0,0,1,0,83.2
Dry,18-24,8.128654301226218,Low,2222.8939244158432,Low,37.5778392141948,0,1,0,0,88.5
Oily,35-44,5.848406285847082,Low,1133.573685402825,Moderate,45.37930778716736,0,0,1,0,82.5
Combination,35-44,9.168452569987132,High,1741.9492805140994,Moderate,60.72655426055885,0,0,0,0,94.9
Normal,25-34,6.014613393078452,Medium,1981.4505151011024,Moderate,19.217729662357424,0,0,0,0,87.9
Oily,18-24,7.752841584790933,Medium,2106.7459158484676,Low,75.910296142477,0,0,0,0,97.3
Oily,25-34,9.648874278882635,Low,1928.7843316029453,Low,30.917317571670644,1,0,0,0,88.2
Normal,45-54,5.940664968897885,Low,1653.394378135552,High,62.800944845871705,0,0,0,0,93.5
Normal,35-44,7.103142626267174,Low,2460.3310728307692,Moderate,51.89285766748755,0,0,0,0,96.3
Oily,18-24,8.58127474695596,High,1174.1732179004389,Low,66.25499711712479,1,0,0,0,83.1
Oily,35-44,8.426916083314797,Low,1861.0380639924529,Low,74.88590984523114,0,0,1,0,92.1
Oily,25-34,6.008277034640963,Medium,1741.0347188395053,Low,62.6759472408875,1,0,0,1,74.8
Dry,25-34,5.724904343717219,Medium,2505.921550021333,Moderate,20.77769466046006,1,0,0,0,78.5
Dry,35-44,6.650296101182422,Medium,1770.5584528353177,Moderate,55.18857923504369,0,1,0,0,84.4
Normal,25-34,8.671786649227046,Low,2218.831778388655,Low,90.05649195543218,0,0,0,0,100.0
Oily,45-54,6.58134121546008,Medium,2166.523398079706,Moderate,51.45284862003875,1,1,0,0,74.6
Sensitive,35-44,7.117173538725197,Low,1082.44082894644,Low,100.0,0,0,1,0,90.4
Dry,35-44,6.359820293614862,High,1967.176307545187,Low,59.74646312850429,1,0,0,0,79.6
Dry,18-24,8.05832284719398,Low,1128.6320891126238,High,42.25590898084966,0,1,0,1,79.6
Oily,45-54,7.233287556375484,Low,2175.642609227116,Moderate,64.66401477786464,0,0,1,0,89.3
Combination,45-54,5.494849283862656,Medium,1634.8392330114154,High,39.194883204732264,0,1,1,1,65.2
Combination,18-24,5.546763828947508,High,2593.3347884246987,Low,72.49684444029486,0,0,0,0,90.5
Dry,25-34,3.50209165016674,Low,1909.6159500610192,Moderate,28.651942914401722,0,0,0,0,85.7
Sensitive,25-34,5.253017886311576,Medium,1614.9718488978824,Moderate,78.8415492851347,0,0,0,0,91.6
Normal,35-44,8.190918705448258,Low,2599.9294330974585,Moderate,86.96522165788056,0,0,0,0,100.0
Normal,35-44,8.985640807018402,Low,1564.0549176458235,Moderate,70.64326078237632,0,0,0,0,100.0
Combination,18-24,8.028337544825776,Medium,2447.34753067382,Moderate,35.77458185810663,0,0,0,0,94.5
Combination,45-54,7.831948300961022,Low,2233.7643370090664,Low,64.64266562218015,1,0,1,1,73.6
Normal,18-24,6.810210925707025,Medium,1817.2841887001978,Moderate,31.64458877130549,0,0,0,0,90.4
Oily,35-44,8.16237183237098,Medium,1332.011097243179,High,54.716727248258586,0,0,1,0,86.5
Normal,25-34,6.929417334622826,High,2620.8312709086713,Moderate,36.917917898468275,0,0,0,0,89.8
Oily,25-34,9.206673457980687,Low,2250.23202867968,Low,30.968823685443194,1,0,0,0,88.0
Combination,18-24,6.852332028734877,Medium,1614.0259896199154,Moderate,65.76437810296453,1,0,0,1,76.5
Dry,18-24,9.014512125604197,High,2122.3028422972952,High,74.59853250829724,1,0,0,0,86.7
Oily,35-44,8.31117112272679,Medium,2503.0809493662427,Low,86.33183455749861,0,0,1,0,92.3
Oily,25-34,7.603164929306239,Low,2056.0093970984435,Moderate,56.05294921205989,1,0,0,0,86.9
Normal,18-24,3.98276301180727,Medium,2119.1994163265485,Extreme,86.72861865944228,0,0,0,0,90.9
Oily,18-24,8.393784342321567,High,2516.001871902014,Moderate,33.07753907447451,0,0,0,0,92.1
Dry,18-24,6.8087380316362704,Medium,2768.631387151588,Low,82.12872974815784,0,1,0,0,89.4
Sensitive,35-44,6.334110258347662,High,1940.2004125190997,Moderate,97.73903046298231,0,0,0,0,93.3
Combination,35-44,4.77563043823313,Medium,1331.2785673357953,Low,60.99578992010236,0,0,1,0,80.3
Normal,18-24,6.991619299047725,Low,1348.7118432119769,Low,55.5766413369112,0,0,0,0,94.2
Combination,25-34,6.550327395227364,Low,1654.5035935800543,Low,75.90764527526736,0,0,0,0,96.0
Combination,18-24,5.045497117277793,Low,1532.554236790508,Low,66.54673316875105,1,0,0,1,74.8
Combination,45-54,4.790079740659462,Low,1158.765551949658,High,66.53705317180476,0,1,1,0,74.6
Oily,45-54,7.729929220192167,High,2923.912501565774,High,48.7440487876272,0,0,1,1,78.2
Oily,35-44,8.307557696592065,Medium,2264.0496311381667,Moderate,36.892647467717325,0,0,0,0,94.8
Oily,45-54,7.2854243648836325,Medium,1738.1012015825045,High,62.70786810393195,0,1,1,0,78.3
Normal,45-54,8.726251974526544,Medium,1983.7415788040107,Moderate,31.391395065566225,0,0,1,0,86.6
Oily,45-54,6.870422523472752,Medium,1106.800456248279,Moderate,78.30558258304318,1,0,1,1,68.8
Oily,25-34,6.418473088399696,Low,2578.660948954371,Low,5.642185788157157,1,0,0,0,80.6
Oily,25-34,5.124457956888815,High,1025.1948042281424,High,57.6747057601241,1,0,0,0,75.1
Combination,18-24,4.659637033669425,Medium,2255.0138908221315,Moderate,43.07941183266686,1,0,0,0,78.1
Oily,25-34,9.281993200789376,Medium,1080.7889226258499,Moderate,39.01465282276775,0,1,0,0,86.6
Normal,35-44,8.69694857537462,High,1792.99595244037,Low,53.08658373438157,0,0,0,0,93.3
Sensitive,18-24,4.911231149292282,Medium,2621.344436135446,Low,0.0,1,0,0,0,75.1
Sensitive,25-34,6.73362786174692,High,1183.0239541791154,High,53.952574669132474,1,0,0,1,71.2
Combination,25-34,6.3499305333445,High,1925.64554989068,Low,28.307725644850994,1,0,0,0,76.4
Sensitive,18-24,6.589011290255435,Low,2313.8853378635936,Moderate,43.62463628101034,0,0,0,0,94.2
Dry,25-34,5.886473228277591,Low,2232.084750172193,Low,100.0,1,0,0,1,81.2
Sensitive,45-54,7.571903720451968,High,2035.0929998891813,Moderate,40.277043894102164,0,0,1,0,82.2
Normal,35-44,8.227263288207212,Medium,2247.881756169099,Moderate,69.90351425352102,0,0,1,0,89.9
Oily,35-44,7.6035867535423085,Low,1694.5880221978555,Moderate,40.11029389430311,0,0,0,0,94.6
Oily,25-34,6.3192224384312095,Medium,2966.3979276664986,Low,27.19470816619281,1,0,0,1,74.3
Normal,25-34,6.26415992466332,Medium,1194.6910735540823,Low,16.32991309309206,0,0,0,0,86.6
Normal,18-24,8.405221475384,Medium,2581.0353721643874,Low,78.20750823855506,0,0,0,0,99.8
Dry,45-54,7.695167407174093,High,2094.747268391758,Moderate,90.11037439413641,0,1,1,0,79.6
Combination,18-24,7.10903419455315,High,2308.5546156821747,Low,34.49339802400747,0,0,0,0,89.3
Dry,18-24,6.946148053599838,High,2397.27300879187,Moderate,72.80344444365008,0,1,0,0,85.0
Normal,35-44,7.517905764418433,Low,2277.8143017316215,Low,34.10429210266834,0,0,0,0,95.0
Combination,18-24,6.297476967160826,Medium,1594.4891197205145,Extreme,39.972505146391214,1,0,0,1,72.8
Dry,25-34,7.732308225962315,Low,1856.8651552556094,Moderate,66.97409387041202,1,1,0,0,79.9
Oily,18-24,5.3862121572432,Low,1274.2051664705841,Low,24.969712314922344,1,0,0,1,70.8
Dry,18-24,6.382815235350277,High,1850.7521369942888,Low,31.517210338853435,0,1,0,0,78.6
Oily,18-24,7.916659143169036,Medium,2161.2594974042213,Moderate,50.61256259239164,1,0,0,0,85.2
Oily,18-24,5.30067577996859,High,2303.5641376783515,High,50.93232409924019,1,0,0,0,77.3
Sensitive,35-44,4.64048718602575,Low,2195.717172497131,Low,48.04208636735113,0,0,1,0,82.5
Oily,45-54,7.09461651314386,High,1122.4551292849328,High,100.0,1,0,0,0,83.4
Oily,25-34,3.9553127683302938,Low,1718.9130337896358,Moderate,28.904261859105144,1,0,0,0,76.2
Combination,45-54,5.0517946689222075,Low,1668.8752553162362,High,83.81929332921982,0,0,0,0,93.8
Combination,18-24,8.134891177759648,Medium,1344.916033378321,High,64.8963800192823,0,1,0,0,87.4
Normal,25-34,6.192822113591396,Medium,1582.03329944812,Extreme,29.86576020143302,0,0,1,0,80.5
Normal,18-24,8.928230424563479,Medium,2000.6395901847548,Low,61.58147847885861,0,0,0,0,98.0
Normal,35-44,5.1927784885938175,High,2706.8942603892137,High,38.985395855482096,1,0,1,1,61.7
Dry,25-34,6.359071451551573,Medium,1523.467835395502,Low,51.7712542283626,1,1,0,0,72.9
Oily,35-44,7.599376829811639,Low,1435.567782497151,Moderate,80.60151099825269,1,1,0,1,73.1
Normal,35-44,5.244227604806637,Low,1700.263778177723,Moderate,46.04454984029199,0,0,0,0,90.5
Sensitive,25-34,8.047642856749437,Medium,2168.733193543055,Moderate,75.28701841216787,0,0,0,0,98.0
Dry,35-44,7.766018324749059,Medium,2611.8539451792712,Moderate,45.59969925452752,0,1,0,0,87.3
Oily,45-54,4.586069369968849,Medium,1956.7455461550153,Extreme,64.39104003404124,0,1,1,0,73.5
Dry,25-34,6.443387305687099,Low,1277.0606270239944,High,52.65343764258133,0,1,0,0,84.7
Dry,25-34,7.078935104387949,Medium,1383.4585858599748,Moderate,40.83403748045775,0,1,0,0,83.0
Normal,35-44,6.114914989707914,Low,2094.140694329972,Moderate,14.216880770025952,0,0,0,0,89.8
Oily,35-44,4.780202641736779,Medium,2497.627197338028,Low,79.52226177622519,1,0,1,0,74.5
Combination,18-24,7.417688184171116,Medium,2907.8709624206413,Moderate,99.76190205801507,0,0,0,0,100.0
Oily,25-34,9.816864425423843,Low,1408.799582548632,Moderate,53.49029766414711,1,0,0,0,89.8
Dry,25-34,5.919523851263464,High,2069.8871906421596,High,34.6740345008089,0,1,0,1,71.4
Oily,25-34,8.853861771927063,Medium,1485.0774813774003,Extreme,55.202304585913986,1,1,0,0,78.2
Normal,18-24,5.871566767357797,Medium,1550.6866622076868,Low,78.65066525923491,0,0,0,0,92.7
Normal,45-54,7.323318452514927,Medium,1508.3441338625794,Extreme,91.98858242388867,0,1,0,0,88.9
Oily,35-44,8.157283796314179,High,1832.8694176127328,Moderate,82.79215309151166,1,0,1,0,77.3
Oily,25-34,6.487379501042953,Medium,1558.8604570137647,Low,61.12949983413164,1,0,0,0,82.2
Normal,35-44,6.553396526678153,Medium,3239.4230284667337,Moderate,76.88252314086446,0,0,1,0,89.3
Combination,45-54,8.08919128202556,Low,1770.162108357164,Moderate,62.95713999164066,0,1,1,0,82.0
Sensitive,18-24,9.83718267290383,Low,2493.8890554297463,Moderate,41.099093469764725,0,0,0,0,100.0
Combination,25-34,6.950880386958697,Low,1670.2361626826007,Low,40.53623087992232,0,0,0,0,93.3
Combination,25-34,5.725909735204479,High,3116.620264934114,Moderate,41.926962525284054,1,0,0,0,78.9
Oily,35-44,6.715372664110475,Medium,2169.5324907094146,Low,67.31391642837853,0,0,0,0,94.5
Sensitive,18-24,10.0,High,2418.4658647640113,Extreme,20.90031663187633,0,0,0,1,86.9
Normal,55+,7.202360674507192,Low,1704.4612451970308,High,62.77594215611532,0,0,1,1,81.1
Sensitive,25-34,5.608379452133041,Medium,2488.220302551188,Moderate,14.675948568900907,0,0,0,0,87.7
Sensitive,25-34,4.78239812527619,High,2167.444512908959,Low,75.28336554732317,0,0,0,0,88.4
Combination,25-34,3.7611483588310914,Low,1810.5112270623977,Moderate,79.24614791749404,1,0,0,1,74.1
Sensitive,18-24,7.545376410769285,Medium,1460.0542817851845,Moderate,87.37098876582735,0,0,0,0,96.7
Dry,35-44,7.981962989236756,High,1881.2282445152125,High,37.60733296624835,0,0,0,0,90.5
Oily,55+,6.4049557300521895,High,1838.4282606887662,Low,65.59008727509588,0,0,1,0,82.0
Oily,25-34,6.477544372953568,High,2434.514138293213,Moderate,67.6088952004827,1,0,0,0,81.6
Dry,55+,5.244307436067064,High,1883.8755672011687,Moderate,92.64439943864903,0,1,1,1,67.5
Normal,45-54,7.199392697241252,Medium,1039.2281483577574,Low,69.14284098857696,0,0,1,0,85.4
Dry,25-34,7.2222429808506865,Low,2323.0900242515904,Low,75.65297885375502,0,0,0,0,98.7
Sensitive,35-44,6.197253599248543,Medium,2646.5832909691458,Moderate,64.07184752991252,0,0,0,0,94.1
Normal,25-34,9.035679004378759,High,1166.9662574857798,Moderate,28.698406275649422,0,0,0,0,90.3
Combination,25-34,5.244340509879633,Medium,2902.3653066980273,Extreme,71.60646261112863,1,0,0,1,76.5
Sensitive,18-24,7.425214906028473,Low,2698.3259015766757,High,86.953651267307,0,0,0,0,100.0
Sensitive,35-44,8.272475829556909,Medium,1684.5596674335145,Moderate,59.113055327874946,0,0,0,0,95.8
Sensitive,18-24,6.884065749775926,Medium,1441.420196591177,Moderate,34.704179300512706,0,1,0,0,82.1
Dry,45-54,6.717284771658263,Low,2526.4887284626084,Low,63.0810893917087,0,1,0,1,81.8
Sensitive,45-54,4.856700774325507,Medium,1315.1754102309662,High,76.09444206912023,0,0,0,1,83.0
Combination,18-24,9.036012243574426,Medium,1665.8297108912968,Moderate,55.84688342057407,0,0,0,0,97.0
Normal,25-34,6.245160197498606,Medium,1342.435129246857,Moderate,72.14572698422757,0,0,0,0,92.4
Oily,25-34,7.306048137402238,Medium,2002.953904740453,High,75.72152481984426,1,0,0,1,79.2
Combination,25-34,7.5090807317902115,Low,2732.592571686064,Low,50.196311909815684,1,0,0,0,87.5
Oily,25-34,5.55755226197337,Medium,2187.4584171756637,Moderate,25.117535765953825,1,0,0,1,71.0
Dry,25-34,6.203707093563177,Medium,2509.0372493614123,Moderate,31.858009727543333,0,1,0,0,82.6
Dry,25-34,8.501723526115256,Medium,1824.098762232658,Low,35.08313375980942,1,1,0,0,76.2
Normal,18-24,5.3242035013893325,Low,2048.6514146809227,Low,46.99597924725734,1,0,0,1,74.4
Dry,18-24,10.0,Medium,1386.7811176752348,Moderate,37.13581659237853,0,1,0,0,88.5
Combination,18-24,5.882690822085589,Medium,1951.5570357308422,Moderate,43.880974338842506,1,0,0,0,80.1
Oily,35-44,5.230723815039232,High,1627.0149451717286,Moderate,61.84510010666439,1,0,0,1,69.9
Normal,55+,7.198463531032802,Medium,1919.864850811864,High,33.92309478570543,0,0,1,1,76.6
Normal,25-34,9.812522396509806,High,1885.4939636910153,Moderate,58.04985982654544,1,0,0,0,86.2
Oily,25-34,3.6335510966116926,Medium,1842.7800609929925,Moderate,95.69114397099804,0,0,0,0,90.5
Sensitive,18-24,6.788476422265462,Medium,3053.778499965086,Low,60.831864743611334,0,0,0,0,95.8
Oily,25-34,7.214397525884833,Low,2883.772326355963,Low,32.958387954215134,1,0,0,0,85.5
Dry,18-24,7.050474937803297,Medium,2708.0711907708715,Moderate,57.667010291730584,1,1,0,1,70.3
Oily,35-44,7.5728825050045145,Medium,2897.529483748629,Moderate,40.122838215097374,0,0,0,0,95.0
Oily,45-54,5.922950376741589,Medium,2709.6513246389336,High,56.31727529613542,0,1,0,1,77.9
Combination,18-24,6.100417231102929,Medium,1988.8113329449136,Moderate,33.038862822474,1,0,0,0,79.5
Combination,35-44,6.7773660292612,Low,1937.545197480406,Low,33.25380700381157,0,0,0,0,92.8
Normal,18-24,5.305167868145873,Low,2117.70012526029,Moderate,28.03548660911229,1,0,0,0,79.6
Oily,25-34,6.432970397839716,High,1894.6575406422933,Moderate,33.479730309629495,1,0,0,1,70.0
Normal,18-24,6.416882059492748,Low,1479.977309283774,Low,23.95704437460135,1,1,0,1,65.2
Oily,25-34,5.794932222267697,Low,2148.302627773507,Extreme,81.97034518356347,0,0,0,0,96.1
Dry,18-24,7.480759618897957,High,1216.9394582233344,Moderate,60.784344362932906,0,1,0,0,82.5
Normal,25-34,3.769010760201044,Medium,2068.82082022818,Low,73.54530776794097,0,0,0,0,89.0
Oily,25-34,6.156364844925269,Low,1502.6135574619277,Moderate,16.04175999847601,1,0,0,0,78.9
Oily,25-34,9.976030648422292,Low,1959.4805648146498,High,42.65147649056237,1,0,0,1,83.1
Sensitive,35-44,5.370835470511563,Low,2095.601721269568,High,85.47953716666868,0,0,0,0,95.5
Sensitive,45-54,8.92825074472662,Medium,1823.5732642985906,Moderate,100.0,0,1,0,0,93.5
Normal,25-34,6.581984181369048,Medium,1179.7445685646726,Moderate,31.182202898505732,1,0,0,0,78.6
Combination,18-24,6.095563286677873,Low,1405.9905832752415,High,17.84240216131552,0,0,0,1,81.8
Oily,25-34,4.5190375107052905,High,2229.1218108400253,High,54.76563573904728,1,0,0,0,76.0
Oily,45-54,7.209522947927848,Low,1721.2789030765564,Moderate,43.156256462050024,0,1,1,0,78.2
Combination,25-34,8.680095658722013,Low,2280.4248763921983,Moderate,92.64531503734446,1,0,0,0,93.2
Sensitive,25-34,5.916183282204854,High,2004.8506458157842,Low,78.55034705910305,1,0,0,0,80.7
Sensitive,18-24,6.87855786289484,Low,1901.0840544447613,Low,57.857975615516665,0,0,0,0,95.3
Dry,25-34,8.015556275285498,High,2173.8217940607638,Extreme,42.930550251931486,1,1,1,0,65.7
Oily,25-34,7.0113061870194215,Medium,1662.5514640525953,Extreme,46.83455553082174,1,0,0,1,75.0
Combination,45-54,4.641586330413132,Low,2200.1974590365426,High,14.382991616667908,0,0,1,1,72.1
Oily,45-54,7.148330823782776,Medium,1790.2464587598206,Moderate,61.04930208852028,1,0,1,1,69.0
Dry,18-24,9.268352365998398,Medium,3268.142779519718,Low,37.825402884072105,1,1,0,0,80.9
Oily,25-34,6.444588220298752,High,1433.032191431958,Moderate,65.81890818016481,1,1,0,0,71.3
Dry,18-24,3.0,Medium,1821.3756849679785,High,27.559305540889888,0,0,0,0,82.4
Oily,25-34,7.08232248738661,Medium,1841.5465015237228,Moderate,67.06325502165453,1,0,0,0,84.6
Normal,45-54,6.702315340683946,Low,1324.067219469565,High,73.57447966453688,0,1,1,0,79.4
Sensitive,25-34,3.7563583791181747,Medium,2362.9062945492633,Moderate,68.99314104473464,0,0,0,0,89.1
Normal,25-34,3.981187864919324,Low,1785.6379594597086,Moderate,81.34250770384739,0,0,0,0,91.7
Dry,18-24,8.462660714933213,Low,810.1108891624328,Extreme,2.8815468829151456,0,1,0,1,75.8
Oily,45-54,5.901425881607381,High,2347.5642857726666,High,71.09703472842165,1,0,0,0,80.6
Normal,35-44,5.638755428896012,Low,1681.915609323572,High,58.881330869468705,0,0,0,0,92.5
Normal,25-34,6.4465421586024965,Low,1947.5492885401168,Low,48.1482232758679,0,0,0,0,93.6
Normal,18-24,6.033695502520092,Medium,2338.4112899279294,Extreme,25.45477712405404,1,0,1,1,64.3
Combination,25-34,6.650072941666617,High,1817.6467074889429,Low,14.50858639023749,1,0,0,0,75.4
Oily,55+,6.695919955844994,Low,1813.5516802967065,Moderate,72.3080036050971,0,1,0,1,81.2
Sensitive,25-34,4.700006629859535,Low,3232.350992161082,High,84.70285896682635,0,0,0,0,96.3
Dry,25-34,5.733203302157923,Low,923.1271259325383,Low,94.96546578497174,1,1,0,0,76.8
Oily,25-34,7.164129981963657,Low,1357.0172566852775,Moderate,99.07260179383309,0,0,0,0,98.9
Dry,35-44,7.0628770603579385,Medium,1453.9695325372777,Moderate,21.296583379443156,0,1,0,0,81.2
Dry,25-34,6.377086276412253,Medium,2894.5113704545047,Moderate,46.134935145093905,0,0,0,0,93.2
Combination,18-24,9.906076361769077,Medium,1677.6933469789756,Extreme,56.26824179922826,0,0,0,0,98.8
Oily,25-34,7.596556288078304,Medium,2120.104437422835,High,74.05090654194652,1,0,0,0,86.8
Oily,35-44,8.278661897232015,High,1762.9608985388381,Low,95.67096613757477,0,0,1,0,88.7
Combination,35-44,6.7510473883076125,Medium,2301.600171165444,Low,34.27272647772645,0,0,0,0,91.5
Sensitive,45-54,7.330217785526912,High,1993.6432261442533,Extreme,61.475108109187644,0,1,0,0,83.8
Combination,25-34,5.853350015711461,Medium,2126.5495980997857,Moderate,84.27097832798874,0,0,0,0,94.4
Oily,18-24,8.166324648286192,Medium,2643.62318565159,Low,8.172724796500866,1,0,0,0,82.4
Combination,55+,6.834400143851434,Medium,2220.1348234244824,Moderate,23.087161882085134,0,1,1,1,67.4
Oily,25-34,6.833566623395835,Medium,1632.466311271869,Low,60.94448264002118,1,0,0,1,76.0
Oily,35-44,7.240916953232752,High,2156.0335245442875,Low,100.0,1,0,0,0,85.8
Oily,35-44,6.9727496778918185,Low,3209.3263741739433,Moderate,18.07386301340557,0,0,0,0,94.2
Dry,25-34,10.0,Medium,2282.485234501879,Moderate,51.48926698718815,1,1,0,1,74.7
Normal,18-24,6.000071083757916,Medium,2075.954827489501,Moderate,63.86000443791999,0,0,0,0,92.5
Oily,35-44,5.986432704761961,Medium,1314.7235236196498,Moderate,96.74567976955011,1,0,0,1,77.3
Combination,45-54,8.041145120217635,Medium,2362.209265332477,High,71.16819941405869,0,0,1,1,82.9
Oily,25-34,5.607246501387231,Medium,2436.1134400908595,Moderate,3.958632981490325,0,0,0,0,86.5
Normal,25-34,6.0628904579766605,Low,2156.3615733936504,Moderate,17.852101415842334,0,0,0,0,90.2
Normal,18-24,5.370383569966573,High,2057.047059546899,Moderate,84.30066815099138,0,0,0,0,90.3
Sensitive,18-24,7.73733687910388,Medium,3416.2698405869673,Moderate,76.00656767595733,0,0,0,0,99.9
Dry,25-34,7.2563858667262275,Medium,2427.7138745622033,High,21.85431775221034,0,0,1,0,83.6
Oily,25-34,6.027211910114834,Low,2620.014130921482,Moderate,62.33741821129338,1,0,0,1,78.5
Combination,55+,8.072225032720109,Low,2033.4410772109106,Low,57.67897633823016,0,0,1,0,90.0
Combination,35-44,4.212812479399613,Medium,1934.2027909809722,Moderate,0.0,0,0,0,0,82.3
Oily,35-44,5.939719897728485,Medium,2316.049538851071,Low,7.513723887893065,1,0,0,0,77.3
Dry,25-34,6.245031220683604,Medium,1933.7285688985346,Moderate,57.76942994383774,1,1,0,0,74.1
Combination,18-24,5.241576254645571,Low,1974.783007660951,Low,100.0,0,0,0,0,96.4
Dry,55+,4.376930443871917,Low,2231.602840937181,Moderate,56.593910138597714,0,1,1,1,67.9
Normal,25-34,6.0381560524423294,Low,1743.5950771913344,Moderate,0.0,0,0,0,0,87.6
Combination,18-24,8.041030130591112,Low,2110.2046075298085,High,9.689483363907023,1,0,0,1,76.3
Dry,25-34,8.423162587139768,Low,2040.0420732630255,Moderate,65.64403190839535,0,1,0,0,91.5
Oily,45-54,6.179068175191941,Medium,2483.5128187270166,Low,78.36944226962311,0,1,1,0,79.2
Oily,45-54,8.09982375643239,Medium,1694.3428309239632,High,55.14456590677435,0,0,1,1,80.1
Normal,18-24,7.954813057113501,Medium,1000.0340473612699,Moderate,37.90275875474566,0,0,0,0,91.7
Normal,45-54,8.827912261501744,High,1844.6825399286622,Low,79.84696293138288,0,0,1,0,88.3
Combination,25-34,5.974713454468998,Medium,2198.6430113623737,Moderate,77.621828642511,0,0,0,0,94.1
Normal,18-24,4.302249257222989,High,2482.0537285801183,Low,67.34904273526466,1,0,0,0,77.3
Oily,45-54,7.105278778634117,Low,1653.5784986140923,Moderate,36.15221901609216,1,1,0,0,75.1
Dry,45-54,5.479309388545415,Medium,2271.049929821445,High,82.48109753684712,0,1,0,0,85.7
Normal,25-34,5.414742336406989,Medium,2567.577182809016,Moderate,41.17466182938877,1,0,0,0,80.1
Sensitive,25-34,6.048171283920226,Medium,2375.625331552745,Moderate,49.960712611199504,0,0,0,0,91.8
Oily,45-54,6.4916085529762855,Medium,1604.6824482771258,Low,43.98322466609749,0,0,1,0,82.6
Oily,35-44,7.212338900343692,Low,1658.386812581316,Low,60.5268735669172,0,0,1,0,87.8
Oily,45-54,8.054734474629427,Medium,2217.5017248373224,Extreme,74.2578516411222,0,1,1,1,75.0
Oily,25-34,5.94839662508605,Medium,2812.6701560625497,Moderate,0.0,1,0,0,0,77.5
Normal,55+,7.593546259912007,Low,2007.0825796912109,Moderate,31.73120057122766,0,0,1,0,86.4
Combination,55+,7.022224014895758,Medium,1917.336140335213,Moderate,38.477960940221614,0,0,0,0,91.7
Sensitive,18-24,8.403241593817668,Medium,1315.1912674435418,Low,90.90929501134849,0,0,0,0,98.5
Oily,45-54,6.717112223340525,Low,1817.8565600878999,Extreme,38.33233784628422,1,1,1,1,59.9
Dry,25-34,6.381609986338167,Low,1642.3809230411061,Low,41.725445326647474,1,1,0,0,74.2
Combination,25-34,5.93839932800164,High,2013.5996870914546,Moderate,70.24090233442269,1,0,0,0,79.9
Combination,35-44,6.7566271900622565,High,1243.588003532416,High,60.99001942414461,0,0,1,0,81.1
Oily,18-24,5.824767807481189,Low,1835.7047728031453,High,88.32803106680109,1,0,0,0,86.2
Oily,25-34,5.17610407078473,High,1495.5328271194069,High,46.24600681397573,1,0,0,1,68.0
Oily,45-54,8.163648077924087,Medium,2470.1146529194243,High,100.0,0,1,0,1,86.3
Combination,18-24,5.375197475223098,High,1570.4138210617584,Moderate,100.0,1,0,0,1,73.9
Combination,25-34,6.021322865453145,Medium,1713.8253811751285,High,61.451106905387434,0,0,0,0,91.6
Normal,45-54,8.523014179406495,High,2141.063262977304,Extreme,70.45687781461962,0,1,0,1,80.4
Oily,25-34,5.970948807494589,Medium,1773.1422112480377,Moderate,63.975646580469295,1,0,0,0,81.9
Sensitive,25-34,7.743110680528362,Low,3179.726311243162,Moderate,85.41485647768388,0,0,0,0,100.0
Combination,25-34,5.613431418909737,Low,2465.257578639711,Moderate,53.092827372251136,0,0,0,0,93.5
Sensitive,25-34,4.923254590474709,Medium,2008.6032891571092,Low,94.21846928066444,0,0,0,0,93.3
Combination,35-44,4.607761217648768,Low,2184.0506927235024,Low,72.50971696027811,0,0,1,0,84.8
Oily,45-54,8.969086103908992,Medium,822.2884061822069,Low,94.65264888475085,1,0,0,1,82.0
Dry,25-34,4.794693227548377,High,2615.862586855248,High,13.680752729042304,0,1,1,1,60.2
Dry,45-54,8.12077988518764,Low,2255.9483348835847,Moderate,65.40656494841903,0,1,1,0,83.3
Normal,25-34,5.0000794598099265,Medium,1963.4210885362888,High,75.3861699354235,0,0,0,0,91.5
Dry,25-34,8.476075876909732,Medium,2282.92484137721,High,21.461861736015493,0,1,0,0,85.7
Combination,35-44,10.0,Medium,2343.9246219214033,Moderate,70.76420337816,0,0,1,0,93.8
Normal,35-44,4.470204910464495,Low,1791.8137413318755,Low,75.21566825934785,0,0,0,0,92.0
Combination,25-34,4.8728653487617795,Low,2190.0810205808752,Moderate,93.19730757633735,0,0,0,0,95.4
Dry,18-24,8.159697795704837,High,2524.36227074335,Extreme,41.51109030014697,0,1,0,1,77.5
Sensitive,18-24,7.769564385048723,High,2227.4488716011074,High,70.27851486443063,1,0,0,0,84.0
Normal,25-34,7.665382782140288,Medium,1873.6970063813305,High,36.10454894181973,0,0,1,1,77.7
Oily,25-34,5.639366674393436,Medium,2148.3253808289337,High,46.479535048937876,1,0,0,1,73.2
Dry,35-44,9.981301241535052,Medium,2691.1195318113173,Moderate,100.0,0,1,1,0,89.3
Oily,18-24,7.177074200034662,Medium,2391.9879705077255,Low,49.26979978861567,1,0,0,0,84.1
Combination,35-44,5.17455613473472,Medium,1418.466422863979,Low,42.269176413378844,0,0,0,0,87.4
Combination,25-34,6.120277249935583,Low,2293.341907106211,Moderate,45.43177949491224,0,0,0,0,93.4
Normal,25-34,4.694649655656751,Medium,2227.078952595928,Moderate,37.02692904689262,0,0,0,0,87.5
Dry,25-34,8.886412037831157,Low,2582.0567618557848,High,38.96566563258151,0,1,0,1,83.8
Dry,18-24,6.009503105799825,Medium,2016.4097564649005,Moderate,36.52781795169705,0,0,0,0,89.7
Oily,45-54,7.738725227116934,Low,1815.3298543006572,Low,47.50113770894366,0,0,1,0,87.9
Sensitive,18-24,6.29399028252673,Medium,1315.917592771529,High,35.33048374074936,0,0,0,0,88.8
Combination,25-34,5.57691903535623,Medium,1652.7027965043562,Moderate,51.73066141204116,1,0,0,0,79.6
Dry,45-54,4.134618728078424,Medium,2603.972784876147,Low,35.5347945508666,0,1,0,1,72.0
Combination,35-44,7.897261904485851,Medium,2098.9782433495902,Extreme,88.5349399213798,0,0,0,0,98.8
Oily,25-34,8.448771878943775,High,1950.1060932865119,Moderate,42.200236409670765,1,0,0,0,82.0
Sensitive,25-34,5.126048627952272,Low,2647.8118912962777,Moderate,75.21450908255491,1,0,0,1,78.1
Dry,35-44,4.682156327501993,Medium,2544.8012336729926,Extreme,70.26639812393297,0,1,0,0,83.5
Combination,55+,8.204974064106743,Medium,1632.1272231859953,Low,4.090111143455573,0,0,1,0,82.1
Combination,45-54,4.530637976340623,High,2600.498166813167,High,53.33756422102189,0,0,0,0,86.6
Oily,25-34,8.329299403922388,Medium,1170.7094846604314,High,92.96083859934794,1,0,0,0,88.3
Combination,55+,5.643407315568069,Medium,2229.7724709502118,Low,30.60309289636074,1,0,1,1,63.8
Normal,18-24,5.34506088576306,Low,2170.6541986969337,Moderate,100.0,0,0,0,0,97.0
Oily,18-24,7.372693631696937,Low,2574.890956319228,High,63.60752441282776,0,0,0,0,98.3
Oily,45-54,5.442791072482844,Medium,2190.505838122753,High,72.92358986598109,1,0,0,1,75.6
Sensitive,18-24,5.939333378060186,High,1877.7199005984949,High,70.9841019370092,1,0,0,0,79.7
Combination,18-24,7.53097289900651,Low,1917.2186294749595,Low,76.15154920435732,0,0,0,0,98.5
Combination,18-24,3.356331494250031,Low,3346.624493371643,Low,77.53606585906516,1,0,0,0,83.2
Combination,25-34,8.963628868892483,Low,2041.3202239907985,Moderate,49.53528611169131,0,0,0,0,99.0
Dry,35-44,7.065460198698607,Low,2298.5378459737767,Moderate,49.24182395147278,0,1,0,0,87.7
Sensitive,35-44,5.060550981394708,High,989.4191200172395,Extreme,39.37960995924878,0,0,1,1,68.0
Oily,18-24,5.474131946069738,High,1586.3215509226593,Moderate,70.34383562514071,1,0,0,0,78.2
Oily,25-34,7.987469567391203,Medium,2259.384022315562,Moderate,51.64224185403726,1,0,0,0,85.7
Normal,45-54,7.901579402611155,Low,1192.7387382393044,Low,38.90511355234868,0,0,1,1,79.1
Combination,45-54,9.080170985927817,High,2274.6994168336255,Low,45.488588918354,0,1,0,0,86.3
Combination,25-34,5.475885732793648,Low,1637.4373227911324,Low,48.29061612409538,0,0,0,0,91.1
Oily,55+,7.444875755726204,Medium,1483.0743450222622,Moderate,25.46377795217563,0,1,1,0,74.4
Normal,35-44,7.6398518676755165,High,1635.5818731858867,Low,61.21454799593053,1,0,0,0,81.7
Combination,18-24,8.042901250378355,Medium,2763.7694290721806,High,9.497462902933393,0,0,0,1,85.6
Normal,18-24,8.690921685148105,Low,2166.7089607451394,Moderate,36.68964785291496,0,0,0,0,97.4
Combination,18-24,5.924104141233479,Low,1544.7818111245374,High,20.953058839385136,1,0,0,1,72.0
Sensitive,35-44,6.828744598359279,High,2387.669926154054,Moderate,80.00888594689758,1,0,0,1,76.4
Oily,18-24,6.0847753816297825,Low,2414.869172045936,Moderate,25.554074377383547,1,0,0,0,81.6
Oily,25-34,6.4210821899654364,Medium,1809.3459495986797,Moderate,36.02487730034858,0,0,0,0,90.1
Combination,18-24,8.047649173094463,Medium,2479.586812547662,Extreme,100.0,1,0,0,0,91.1
Combination,45-54,4.518946749608947,High,2503.374817799118,High,81.62497087259655,1,0,1,1,64.2
Dry,25-34,8.164057354188929,Medium,2425.665983673366,Moderate,65.01588349174965,1,1,0,0,79.7
Sensitive,45-54,5.291226813604375,Low,1663.1239833804714,Moderate,100.0,0,0,1,0,87.9
Normal,45-54,6.5389445204541525,Medium,1410.474053612089,Low,72.81176296642573,0,0,1,0,85.2
Dry,18-24,8.865912887449188,Low,1153.5663378995187,High,14.892299409467427,0,1,1,0,77.5
Combination,25-34,6.992014576975108,Low,1672.242680426226,Extreme,17.0875738568774,0,0,1,1,76.0
Combination,18-24,7.5092949223954895,High,1816.0945208151825,Low,0.0,0,0,0,0,85.7
Normal,45-54,5.229060932057334,Low,1856.7819569411643,Moderate,65.04855529738555,0,1,1,1,69.7
Combination,25-34,4.933871096264239,Low,1976.3982396242302,Moderate,23.4961887995947,0,0,0,0,88.2
Dry,18-24,8.411884595003379,Medium,2866.4942746050488,High,35.73946380247742,0,0,0,1,89.1
Oily,18-24,6.116284681773415,Medium,1830.211413384213,Low,42.00316140048652,1,0,0,0,80.1
Normal,25-34,5.757632190050226,Medium,1975.612941705163,Low,34.78771265020241,0,0,0,0,88.9
Combination,45-54,8.445926876582067,Medium,1091.2040805252127,Low,59.13759250189962,1,1,0,1,70.0
Normal,35-44,5.425129681945709,Medium,3113.9857322690204,Low,52.92554456628281,0,0,1,0,84.4
Oily,45-54,7.403852699329387,Medium,1342.0462996524443,High,50.434940287188695,0,1,1,0,76.5
Oily,25-34,6.564360989251537,Medium,1646.5726477553217,Low,11.299789491646791,1,0,0,1,70.6
Combination,18-24,6.9959714112051365,Low,2347.8610234350826,Moderate,56.0428093916898,1,0,0,1,79.3
Dry,55+,6.222346552183744,Medium,2123.0962191090875,High,100.0,0,1,0,0,88.7
Combination,18-24,6.130217227805008,Medium,2821.593135149535,Low,56.90737541725279,1,0,0,1,76.6
Oily,45-54,5.3824537543077025,Low,2360.0068278637536,Low,100.0,1,0,0,1,80.5
Dry,25-34,7.22399753906196,Low,1959.3579743810699,Extreme,35.79212524013906,0,1,0,1,78.9
Dry,18-24,5.9977762127248955,Medium,2522.041934422179,Moderate,43.68061950287159,1,1,0,0,73.4
Combination,35-44,8.453116931750877,Medium,2580.653972934186,Low,59.50349416403252,0,0,1,0,90.0
Sensitive,55+,6.663167437614021,Medium,1669.9206193089312,Moderate,60.75514458753053,0,1,1,0,76.7
Normal,55+,5.412324265868444,Medium,2481.5146930821197,Extreme,79.12326760661853,0,0,1,0,85.7
Dry,18-24,6.643279176777369,Medium,1888.869418650795,Low,0.0,1,1,0,1,62.1
Normal,18-24,6.383714201295288,High,1948.2610462072487,High,38.63257168646673,0,0,0,0,87.5
Dry,25-34,8.013655117592078,Medium,2071.466641514453,Low,91.58434739221927,0,0,0,0,99.3
Oily,35-44,6.446499716122702,Medium,1809.6095638296235,Moderate,47.58400376528904,1,0,0,0,81.3
Oily,35-44,6.585684428199511,Low,1782.7044260869939,High,83.21462258586163,0,0,1,0,89.1
Oily,18-24,9.117320058238654,Medium,2492.360424124346,Low,65.1029164944822,1,0,0,0,89.7
Dry,55+,7.7624009821950235,High,1235.5305473249584,Moderate,48.18520886913541,0,1,1,1,66.8
Oily,35-44,9.494059024005246,Medium,1469.1865272704063,Moderate,67.91494857042265,0,0,0,0,98.7
Combination,45-54,8.888567506095857,Low,2337.366991555246,Moderate,57.86267493026983,0,1,1,0,84.2
Oily,25-34,5.169256117455718,Medium,1963.5502704204223,Low,0.0,1,0,0,0,74.3
Normal,25-34,7.984926281600162,Low,2495.7563260113916,Moderate,61.499313969559,0,0,0,0,99.1
Combination,55+,9.287954938111888,Medium,2178.9661390617284,Moderate,34.597570406820296,0,1,0,0,88.4
Oily,25-34,8.79921969848513,Medium,1333.147670478174,Low,15.57989746351798,1,0,0,1,74.8
Oily,45-54,8.48214397536503,Medium,2031.417209638793,Moderate,69.67499039910646,0,1,1,0,82.0
Dry,55+,8.451284492363763,Medium,2267.2739005446083,Extreme,58.024513140824894,0,1,1,1,74.2
Oily,35-44,6.546008434486676,Medium,2117.01982926666,Low,84.53504362736291,0,0,1,0,87.8
Normal,25-34,5.243926873475638,Medium,1765.8629131862754,Moderate,43.470051579354156,0,0,0,0,88.4
Oily,18-24,6.471674021653815,Medium,1863.0298399398991,Low,71.46889365357285,0,0,0,0,93.8
Sensitive,18-24,4.502816497850856,Medium,1719.9574221196222,Low,65.53021094069568,0,0,0,0,89.0
Dry,18-24,9.014192973132559,Medium,1337.4014591994098,Low,58.631555289622675,0,0,0,0,96.6
Dry,18-24,6.575060560873432,Low,1268.630217576132,Moderate,60.693795368681855,1,1,0,0,75.8
Dry,25-34,8.43699609359744,Medium,2195.0104780471843,Low,16.734008297451716,0,0,0,0,92.9
Normal,25-34,4.652750634167601,Medium,1564.2708172355483,Moderate,59.42708883517946,1,0,0,1,71.4
Oily,25-34,8.123937381503316,Low,2287.7992137260294,Extreme,52.59762859882105,1,0,0,1,81.1
Combination,25-34,5.757679012731021,Low,1702.4662562742349,Low,43.22116110420107,1,0,0,0,81.2
Normal,18-24,5.073445887536239,Low,1343.4257066425257,High,52.858403244041455,0,1,0,0,82.1
Oily,18-24,9.440677078239636,High,1796.028182387726,Low,100.0,1,0,0,0,89.5
Oily,35-44,8.660967504011161,Medium,3047.1874862090267,Low,12.014014289699666,0,0,0,0,94.6
Oily,25-34,6.817688630278677,Medium,1952.1946104084846,Low,46.71126051566835,0,0,0,0,92.2
Sensitive,25-34,6.550906827702445,Medium,2322.933334166116,Moderate,85.29620103176532,0,0,0,0,96.3
Normal,35-44,7.659265028228678,Medium,2084.4019049620383,Low,28.84801143037187,0,0,0,0,92.4
Dry,45-54,7.291942866876116,Medium,1297.400981916769,High,69.27619926194166,0,1,0,1,79.1
Normal,25-34,5.311586068742793,Medium,2724.481623011585,Low,57.55809627265337,0,0,0,0,91.8
Sensitive,35-44,6.381921595322617,Low,1876.0890950880325,Moderate,35.27436211207557,0,0,0,0,92.0
Normal,55+,9.941076748058055,Medium,1344.7437176406527,Moderate,35.392190016792114,0,1,1,0,80.1
Oily,45-54,10.0,Medium,1743.8832457783328,Low,100.0,1,0,1,1,78.5
Combination,25-34,8.844002757846024,Medium,1896.8779525129007,Moderate,10.233218885340058,0,0,0,0,92.5
Combination,35-44,7.717335910243935,Medium,2374.7397617506126,Low,49.026673119201575,0,0,0,0,95.1
Oily,18-24,6.493376450947098,Medium,1659.61840969486,Low,45.870875379301346,1,0,0,0,80.9
Oily,25-34,5.302721159154551,Medium,3310.172799991966,High,50.10620379516453,0,0,0,0,92.2
Oily,55+,5.901576384354696,Medium,1531.4155087456966,Moderate,39.67453803461564,1,1,1,0,62.8
Oily,25-34,5.670098511969859,Low,2305.9974811155143,High,52.05737093050159,0,0,0,0,93.2
Oily,45-54,10.0,Medium,1013.0136292941941,Low,59.11046652905187,0,0,1,1,82.9
Oily,25-34,9.209423444573897,High,1938.1506668703503,Moderate,67.75606345892987,1,0,0,0,86.1
Oily,55+,8.11941758490309,Medium,2183.6171396610575,Low,71.11339412483626,0,0,1,0,89.7
Oily,25-34,5.059080235380761,High,1440.2083730886902,Moderate,60.98801249159294,1,0,0,0,76.1
Dry,18-24,8.339583890066555,Low,2749.5227405208348,Moderate,55.917392403755535,0,1,0,0,91.8
Sensitive,25-34,6.142074457234092,Low,2217.2383255920854,Low,25.91239333689844,1,0,0,1,74.3
Dry,25-34,3.2704858420338176,Medium,1841.1797675767864,Moderate,52.89445203002996,0,0,0,0,85.5
Normal,18-24,7.430650956101889,Low,2211.8387508139876,Low,77.8497989035761,0,0,0,0,99.1
Normal,45-54,5.737130438748917,Low,1703.3429190316085,High,19.730069052792672,0,0,1,1,73.9
Sensitive,25-34,5.287919856364944,Medium,2625.689951203788,Moderate,32.07055716991997,0,0,0,0,89.0
Oily,35-44,6.624388009647989,Low,2507.649300911088,Moderate,97.29808537750847,1,0,1,0,82.0
Normal,25-34,5.752515540586381,Low,2186.6950335537435,High,12.553166111313438,1,0,1,1,64.1
Dry,18-24,6.948614771343988,High,2305.8460237489617,Low,47.43152845525464,1,0,0,0,80.3
Dry,55+,6.876504174974192,Low,1261.4018949493907,Moderate,36.208980585811204,0,1,1,1,68.9
Dry,25-34,3.6862863607285528,Low,2733.4725533722326,Low,85.79293044879216,0,1,0,0,85.4
Oily,35-44,9.28041698332425,Low,1950.3210893673495,Low,67.57265349614379,1,0,1,1,76.2
Normal,35-44,5.5249349155769805,High,2512.522824713051,Low,79.78115087047335,0,0,0,0,91.1
Sensitive,25-34,5.07140242230429,Medium,2374.9211117623486,Moderate,66.39218386854876,0,0,0,0,91.5
Oily,45-54,6.5071701223145535,Low,2504.857383771936,Moderate,100.0,0,1,0,0,92.0
Dry,35-44,6.837497728946059,Low,1476.1185248705228,Low,41.40087670301965,0,0,0,0,92.8
Combination,25-34,8.688469725247758,Medium,1539.7503288420444,Low,58.589008785587005,0,0,0,0,96.3
Dry,45-54,7.404135178082352,Low,3124.1373844102854,Low,91.42683043954592,0,1,1,1,79.2
Oily,18-24,7.849698226164302,High,1240.3289632538217,Low,87.09547359181799,1,1,0,1,68.9
Oily,25-34,6.9118042813749225,Medium,1451.1948232456457,Moderate,43.30043944809047,0,0,0,0,91.1
Dry,55+,7.347192373748159,Low,2021.6219982990797,Moderate,0.0,0,1,1,1,67.7
Combination,35-44,7.464594254630513,High,2022.489863664305,Moderate,50.39713998462223,0,0,0,0,91.0
Sensitive,45-54,4.100898786146592,Medium,1729.9909614337625,High,100.0,0,1,0,0,83.7
Normal,35-44,6.625122272740707,Low,2308.039435959636,Moderate,40.91852240380621,0,0,0,0,94.0
Normal,45-54,8.743391665856736,Medium,2451.0417188002502,Moderate,67.27996006279977,0,0,0,1,92.1
Sensitive,45-54,10.0,Medium,1990.9161835456005,Low,67.32218204354989,0,0,1,1,85.7
Combination,25-34,4.6935366011907345,Low,1865.7550701558016,Low,48.19364582920924,1,0,0,0,79.9
Combination,18-24,7.634619940486529,Medium,1988.8689051924268,High,82.80347207402937,0,0,0,0,97.5
Oily,25-34,5.643430133188487,Low,1751.3196040127907,Extreme,56.362000356263835,1,0,0,0,82.4
Dry,35-44,10.0,High,1150.8815289055751,High,100.0,0,1,0,0,91.3
Combination,18-24,4.969325858812778,Medium,2150.462218503773,Low,74.40687622613179,0,0,0,0,91.7
Dry,18-24,7.93740923547382,Low,2382.9178568740203,Low,53.28097728708028,0,0,0,0,98.0
Oily,25-34,4.389183350743715,Medium,1923.0363608380467,Moderate,47.646291863751976,1,0,0,0,77.4
Normal,55+,6.522149997908751,Medium,867.4609090472156,High,58.29414784710467,0,1,1,1,67.6
Dry,35-44,6.948530003875287,High,1714.1424773391238,Low,29.17050774473743,0,1,1,0,71.2
Oily,25-34,8.104537522609412,Medium,2452.861035933965,High,23.55872119910077,0,0,1,1,78.5
Oily,18-24,5.384249760762208,High,1280.8757437315953,Moderate,68.92529225007561,0,0,0,0,87.2
Sensitive,25-34,7.495074573271078,Medium,2347.94201105186,High,87.98899821742404,0,0,0,0,98.5
Oily,18-24,7.02816658508192,Low,1777.2919358151137,Moderate,16.925445545432694,0,0,0,0,91.3
Combination,18-24,7.40919007942897,High,1990.6124246625295,Moderate,71.48787937344778,1,0,0,0,82.9
Normal,45-54,8.437499072027713,Medium,1657.0502446080643,Low,55.60713669087539,0,0,1,0,87.7
Dry,55+,5.0761649604920684,Medium,1432.2087451910265,High,29.21926131246132,0,1,1,1,62.9
Sensitive,18-24,8.215892459722888,High,2717.123234135186,High,57.135242723746565,0,0,0,0,94.6
Normal,18-24,6.146642720365863,Medium,2407.9195162857454,High,72.20697460199935,0,0,0,0,94.3
Normal,25-34,8.143810182465238,Low,2322.3605147510198,Low,65.21961116477348,0,0,0,0,99.5
Oily,25-34,7.00183645180682,High,2454.2777411009565,Moderate,57.43285050703059,1,0,0,1,74.7
Normal,18-24,6.685707427724417,Low,2251.3574361512483,Extreme,59.46212919906047,0,0,0,0,95.8
Combination,25-34,5.614961046363768,Medium,2472.065627890117,Moderate,21.47718366678034,1,0,0,0,78.3
Sensitive,18-24,8.234942491532996,Low,1668.0496270097924,Low,78.6707810211534,0,0,0,0,99.7
Oily,35-44,8.891427528221392,Low,2688.843443639523,High,48.5689152123492,0,0,0,1,93.0
Oily,35-44,6.200722688709723,Medium,2644.215529768665,Low,100.0,0,0,1,0,89.7
Oily,35-44,5.300490151327905,Medium,2190.24098375897,Low,50.49913839019136,0,0,1,0,82.0
Combination,25-34,7.541316564417839,Medium,1856.0027260574757,Moderate,100.0,0,0,0,0,98.8
Normal,45-54,4.82720358694945,High,1388.23539067513,Low,55.970082962322735,0,0,1,0,77.0
Dry,55+,5.041731343625543,Medium,2114.3288871020973,Low,47.627491668635,0,1,1,0,73.1
Dry,18-24,5.405949586708151,Medium,2842.457589834032,Moderate,42.64221716587454,1,0,0,0,80.8
Dry,18-24,6.376824275441876,Medium,1419.5814133245008,Moderate,18.54707768738475,0,1,0,0,79.4
Oily,25-34,4.495502166176832,Medium,2509.037574262803,Extreme,83.15867168830789,1,0,0,0,82.3
Combination,18-24,4.091800135927633,Medium,1764.2805630467217,High,52.42740550738208,1,0,0,1,70.0
Normal,25-34,4.796833708494315,Medium,1806.9511075923608,High,65.67726757819759,1,0,0,0,79.8
Normal,25-34,7.463711669858928,Medium,1412.2705043685658,Moderate,90.37724629815426,0,0,0,0,96.8
Combination,25-34,4.592683891809849,Medium,1623.7535367165142,Moderate,46.72172888527911,1,0,0,0,77.1
Combination,25-34,5.9895954830687455,Medium,2323.391042780573,Moderate,47.681268610946546,0,0,0,0,91.4
Normal,25-34,9.420047693548343,Medium,2385.5637843783848,Moderate,53.62274479886391,0,0,0,0,99.0
Oily,55+,6.926238804959365,Low,2117.9290405383026,Moderate,17.928231239757103,0,0,1,1,76.9
Oily,18-24,7.51379648459439,High,1749.5935676200738,Low,4.279313866505049,1,0,0,1,69.0
Oily,35-44,5.58093997262267,Medium,1448.2213988838807,Moderate,22.40773545777276,1,0,0,0,76.3
Oily,18-24,10.0,Low,2030.879233405113,Moderate,81.03146317216638,1,0,0,0,94.2
Normal,18-24,6.188058266292357,Low,1817.522847891691,Low,41.85085062985223,0,0,0,0,92.2
Oily,25-34,6.157842973322725,Medium,2105.590711218715,High,69.60944646263671,1,0,0,0,83.5
Combination,18-24,8.975588016951047,Medium,1839.3811500898344,Moderate,43.53676328660794,0,0,0,0,96.0
Dry,18-24,6.727398632719572,High,1852.1676066572686,High,10.558514354894143,1,1,0,1,60.2
Dry,18-24,7.071833174012823,Low,2079.4803430562315,Low,71.65151596950521,0,1,0,0,89.5
Normal,25-34,6.077467518816306,Low,2176.0962323218614,Moderate,27.775541725850932,0,0,0,0,91.3
Sensitive,35-44,6.587751432914159,High,2611.9606450488677,Extreme,89.49678174780098,0,0,0,0,94.3
Combination,18-24,7.555753016242138,Low,1831.5058329626536,Low,73.08759200412702,1,0,0,0,88.1
Combination,35-44,7.829414783797159,Medium,2272.747258526138,Moderate,58.89233800186874,0,0,1,0,88.1
Combination,18-24,6.035127353181149,Low,2901.8110295160373,Moderate,61.852111872641146,0,0,0,0,96.1
Sensitive,35-44,5.850879315779606,Medium,2286.0381621137813,Moderate,39.42215447074481,0,0,1,0,82.2
Dry,25-34,5.586295866713655,Low,2582.12549678249,Moderate,100.0,0,0,0,0,98.3
Oily,35-44,4.898118978700348,Medium,1689.686330365638,Moderate,71.00319991612425,0,0,0,0,90.3
Dry,55+,4.614354612221054,Medium,1639.8221798258285,Moderate,69.53065437988752,0,1,1,0,73.5
Combination,45-54,7.445750720837362,High,1920.3129358075312,Moderate,83.35628063924665,0,0,0,0,94.1
Combination,18-24,8.407893704762667,Low,1973.5300573931306,Low,46.520597851920165,1,0,0,0,87.4
Dry,45-54,8.306567939717826,Low,2535.4122585579726,Extreme,61.9435709335953,0,1,1,1,76.9
Normal,18-24,3.4270130902950124,Low,1635.1580254093226,Low,77.12398918988431,1,0,0,0,79.8
Oily,55+,6.632402369435109,High,1955.6860449012067,Moderate,40.80678681668797,1,1,1,1,55.3
Sensitive,25-34,4.846862066611162,Medium,2537.412623506605,Low,74.7783806921864,1,0,0,0,82.2
Dry,25-34,6.715606156731285,Medium,2107.7717916993374,Extreme,61.69451143158014,0,0,0,0,93.8
Dry,18-24,6.373264721785928,Low,1994.5915148477088,Extreme,31.6372201921772,1,1,0,1,66.9
Oily,18-24,7.8878678593668825,Medium,2119.2488107334652,Moderate,61.094847234638024,0,0,0,0,96.1
Oily,35-44,6.971270364397988,Medium,1436.2237492445686,Low,17.64193246761328,1,0,1,1,63.6
Combination,45-54,4.155997157623166,Medium,1428.1234428790199,High,82.94906034882769,0,0,1,1,74.5
Dry,35-44,5.549371190800689,Medium,1205.893124183196,Low,99.24677981505258,0,1,0,0,85.4
Combination,35-44,7.008677672239981,Low,2103.340893684802,High,82.64340358829229,0,0,0,0,98.5
Oily,35-44,7.135165643846629,Medium,2459.427374921508,Extreme,97.43234651613037,0,0,0,0,98.9
Dry,25-34,4.391484788443997,High,2382.793242301935,Moderate,30.945022666765382,1,1,0,0,65.6
Oily,18-24,4.695310444680818,High,2571.8139962824075,High,44.375625841189645,1,0,0,1,69.0
Combination,18-24,7.084368006359768,Medium,2727.1111095269375,Low,53.1357022128712,1,0,0,1,77.9
Oily,25-34,4.3944990409242095,Low,2072.3236922440815,Extreme,53.220318196893906,0,0,0,0,90.3
Oily,18-24,4.497055860248821,Medium,1967.6961411132256,Low,39.06757907140877,0,0,0,0,86.8
Dry,18-24,6.332289231052988,Low,2737.98234742123,Low,27.17125340751052,1,0,0,1,75.9
Sensitive,18-24,6.267330862992024,Low,1649.4924016614566,High,100.0,0,0,0,0,97.8
Normal,18-24,5.682399283991048,Medium,1410.7336898083759,Moderate,29.17339841358636,0,0,0,0,87.1
Combination,45-54,5.944394564912556,High,1830.560273715449,High,100.0,0,1,1,1,69.5
Oily,18-24,7.020753584833592,Low,1772.1283453328922,High,62.37736268652292,1,0,0,1,78.8
Oily,25-34,5.419755644480271,Low,2024.1633729105104,Moderate,55.0754266754057,1,0,0,0,82.4
Normal,25-34,6.606045532497259,Medium,1574.9901544284403,Low,63.57468127845581,0,0,0,0,92.7
Oily,25-34,5.929297195823999,Low,2184.866572381666,Moderate,88.08609824707982,1,0,0,0,87.0
Dry,18-24,7.251475233079984,Medium,1715.4439798047583,Low,0.0,0,1,0,0,79.9
Normal,25-34,7.817308348154967,Low,2614.1019131779362,Low,58.97848440461381,0,0,0,0,98.8
Oily,18-24,8.258871768085893,Low,1402.7172482801466,Moderate,53.725130879504555,1,0,0,0,86.7
Sensitive,25-34,8.432315706599125,Medium,1930.263591973949,Extreme,69.64856596987983,0,0,0,0,97.7
Normal,18-24,8.25722034534574,High,1832.5428542112443,High,73.51259871843486,0,0,0,0,94.5
Combination,25-34,6.857836297312707,Medium,2115.444961335234,Moderate,34.74010942891181,0,0,0,0,91.4
Oily,35-44,6.349852543539783,High,2463.3522414133536,High,31.227725678704918,0,0,0,0,87.7
Dry,25-34,5.918358615775664,Low,2133.1054531944715,Extreme,15.393746504674354,0,1,0,1,74.6
Oily,25-34,5.183334040346285,High,1935.7044008243931,Moderate,27.31624411939231,1,0,0,0,74.0
Normal,25-34,6.506793936577337,Medium,2345.627518882647,Low,67.1859876600615,1,0,0,0,84.4
Normal,45-54,8.046081218067902,High,2421.512384708076,Low,72.62119954128806,0,0,1,0,87.2
Normal,18-24,5.911498595675469,Medium,2134.5998983521713,Moderate,72.08325762624587,0,0,0,0,93.3
Normal,35-44,6.944173212004339,Low,2193.7959136532477,Low,48.504992589927156,0,0,0,0,95.1
Dry,35-44,5.983956656917346,Low,2323.3177731478067,Moderate,49.61588511864734,0,1,0,0,85.6
Combination,25-34,6.814031495281422,Medium,1178.0366370753748,High,91.34306102623597,1,0,0,1,78.1
Combination,25-34,5.675924924075074,Low,1824.5973942717717,Moderate,75.49456216191444,0,0,0,0,94.6
Dry,25-34,5.390734143058921,High,2188.1169656043317,Extreme,68.80470305611892,1,1,0,1,64.0
Normal,18-24,5.9800499576019615,Low,1854.1962581128125,Moderate,4.381136008661038,1,0,0,0,78.1
Oily,18-24,7.75499316076835,Medium,1855.9265551809053,Low,98.9424419826824,0,0,0,0,99.1
Oily,18-24,6.8548758920044675,Low,2187.450771399967,Moderate,47.70140592768477,0,0,0,0,94.9
Oily,18-24,6.3573674049999465,Low,2198.822487007715,Extreme,54.322569794685776,1,0,0,0,84.5
Dry,25-34,6.892106753820816,Medium,2233.529677285443,Low,61.18918154799909,0,0,0,0,94.4
Dry,45-54,6.378225673798524,Medium,1603.8882691398471,Low,64.11325566248507,0,1,1,1,69.4
Oily,18-24,8.689776840528555,High,1291.0983197229089,High,45.700614663369485,1,0,0,1,74.5
Oily,45-54,5.539200769460115,Low,2402.193391176255,Low,63.625846597473526,0,0,1,0,86.2
Combination,55+,6.719542730774077,High,1628.7922462557503,High,65.91209257060405,0,1,1,0,74.3
Combination,55+,4.892852167499498,Medium,1594.2373218638618,Moderate,71.21998807133781,0,0,1,1,75.1
Oily,45-54,6.479688412164859,High,1549.1242372939878,High,90.49447163715692,0,0,1,1,77.1
Sensitive,25-34,3.9805467534400556,Low,2575.5150706677696,Moderate,37.5612032239326,0,0,0,0,88.9
Sensitive,18-24,8.11947478383869,Medium,2106.0134060432315,Low,51.35205552434655,0,0,0,0,95.6
Oily,25-34,7.649755650508368,Medium,2171.2616991922673,Moderate,71.3238635797844,0,0,0,0,96.8
Oily,25-34,7.676255260586714,Medium,2344.7755916137344,Moderate,10.744835815881018,1,0,0,0,81.1
Dry,45-54,7.0433087202617015,Low,1978.8147347922268,High,64.03976205343609,0,0,1,0,88.4
Sensitive,55+,5.680194392934862,Medium,2506.344231332854,Moderate,45.351110886010005,0,0,1,1,75.9
Combination,25-34,5.299489051946075,Low,1401.598422010221,High,63.77940420206089,0,0,0,0,91.8
Normal,25-34,8.795258082830781,Medium,1457.1964971229968,Moderate,28.87304109212901,0,0,0,0,93.4
Oily,18-24,9.153515655699696,Medium,1429.6152671669806,Moderate,41.01054416936303,1,0,0,0,85.3
Dry,18-24,7.183832735426157,Medium,2210.8342487851664,Low,42.73939091447175,0,0,0,0,93.1
Dry,25-34,5.726548948879509,High,2253.208848099345,Low,56.158650233865465,1,0,0,0,78.6
Normal,25-34,8.552935134047766,Low,1763.7089816432483,Low,73.95804937050052,1,0,0,0,90.0
Combination,45-54,5.958245257922785,Medium,1883.7808256056126,High,85.79873363094137,0,0,1,0,86.3
Dry,25-34,6.843273812143861,Medium,2634.035300397616,Moderate,55.12356127677929,0,0,0,0,94.5
Combination,45-54,9.027935958097688,Medium,1652.7819020234535,Moderate,32.25862795734717,0,0,1,0,86.6
Combination,35-44,5.745492250503059,High,2147.7163956266427,High,100.0,1,0,0,0,82.8
Combination,45-54,8.243835378455667,High,1657.1420644900652,Moderate,57.87043326086842,0,0,1,0,84.6
Oily,18-24,7.780841193765805,High,2547.9871624700845,Moderate,56.84278032314232,1,0,0,0,83.3
Dry,45-54,6.940725186652658,High,2314.2130921363337,Extreme,66.05659051567427,0,1,1,0,76.1
Normal,35-44,5.509849601300326,High,1300.5392869977063,Moderate,68.84547402261991,1,0,0,1,70.5
Dry,18-24,5.913340359845086,Medium,1869.599485176027,High,28.823492398698633,0,1,0,0,80.4
Normal,18-24,7.434176609275988,High,960.4966044685398,Moderate,60.964320154197495,0,0,0,0,89.9
Dry,45-54,4.86499480767792,Medium,2450.2277905054148,Low,100.0,0,0,0,0,94.6
Oily,18-24,7.196115788527375,Low,3023.6544754607175,High,0.0,0,0,0,0,92.4
Normal,25-34,7.311576476092495,Low,909.7794399997249,Extreme,50.80782744965444,0,0,0,0,93.5
Normal,25-34,7.9778302592136505,Low,1286.4506545314762,Moderate,21.960846716549376,0,0,0,0,92.7
Normal,35-44,4.902464388309666,Medium,2083.6600417849263,Moderate,84.72186971876948,0,0,0,0,92.4
Combination,45-54,8.97437094574191,Medium,1990.7705948552732,Moderate,88.52836438025619,0,0,1,0,92.8
Combination,25-34,9.043045241269903,Low,1794.5774140974397,Extreme,46.80869758426836,1,0,0,1,81.4
Dry,25-34,7.115227351570391,Medium,1131.1899913744332,Extreme,51.5222481245078,0,1,0,0,83.6
Normal,55+,5.442927127863009,Low,2161.7234149875644,Low,27.976161938928136,0,1,1,1,67.0
Normal,35-44,6.507836067459638,High,2443.756925973489,High,1.0558478293669964,0,0,1,1,70.0
Normal,45-54,6.928604132322239,Medium,3423.4927243771153,Moderate,53.24504493265516,0,0,0,0,96.0
Normal,25-34,6.9056952630958355,High,2653.6439610684106,Low,44.657322912985805,1,0,0,0,80.6
Combination,18-24,7.032972328965403,Low,1350.6420040293815,Moderate,51.07576004274884,0,1,0,0,85.9
Oily,25-34,6.921747714341925,High,1994.0542944191159,Low,0.0,1,0,0,0,74.8
Oily,35-44,6.863879863991316,Medium,2296.0388607243576,High,16.866047291219303,0,0,1,0,82.0
Normal,18-24,7.397660641768365,Medium,1655.8692762383519,Low,12.922924205303751,0,0,0,0,89.4
Oily,25-34,5.809214868258029,Medium,2390.0060007714446,High,52.0774697139351,0,0,0,0,91.6
Dry,18-24,6.492719924526297,Medium,2351.688894968467,Extreme,64.63167171029285,0,1,0,0,86.2
Dry,25-34,5.635962244284999,High,2618.6798578679163,Low,20.93561374823023,0,1,0,0,77.6
Oily,45-54,9.875889301756107,Medium,2401.1213766337596,High,53.10341688016532,1,1,1,1,66.9
Normal,18-24,9.195851179261485,High,2142.5718250538794,Moderate,35.52756263673034,0,0,0,0,93.2
Oily,35-44,7.832941285020423,Low,1681.0341264955573,Extreme,100.0,0,0,0,0,100.0
Oily,45-54,8.987963495901608,Medium,1353.4607027534212,High,50.37985873878478,0,0,0,0,95.7
Oily,18-24,8.197692008466824,Medium,2109.508069076976,Moderate,39.32417254353993,0,0,0,0,94.5
Sensitive,35-44,7.271906739271083,Medium,1798.0829541448245,Extreme,54.600077872294605,0,0,0,0,93.6
Dry,55+,4.741642988470474,High,1846.4013811634286,Low,2.4755532219065373,0,0,1,0,72.4
Dry,55+,6.60675411981229,Medium,2560.895245359684,Moderate,66.16206701352547,0,1,1,1,72.0
Oily,18-24,6.497443161972472,Medium,2684.46200690293,High,43.339155742131766,1,0,0,1,75.7
Oily,18-24,5.300387240361765,Medium,1382.3166918733482,Low,40.290711944896415,1,0,0,0,77.4
Dry,18-24,4.770756588090076,Medium,1894.784697042406,Extreme,54.55914712347941,0,0,0,0,88.8
Dry,35-44,7.7390790198505375,Low,1783.3974148517166,High,20.554491522779195,0,0,0,0,93.1
Combination,35-44,7.48675648355622,Medium,2157.4543210013358,Moderate,100.0,0,0,0,0,99.3
Normal,35-44,5.2489045298985815,Medium,866.8611555119192,Moderate,14.484797114837448,0,0,0,0,83.7
Dry,25-34,5.381182240345716,High,1269.5810074786098,Low,94.40873705448811,1,1,0,0,71.7
Oily,18-24,8.741833409731246,Low,1941.2525334807972,Low,49.62682418140682,0,0,0,0,98.3
Combination,25-34,5.183455229725159,Medium,2393.0576021526576,Moderate,40.34249986877278,0,0,0,0,89.2
Dry,25-34,6.756198355900704,Low,2037.645368726787,High,66.77862822195434,1,1,0,0,78.3
Dry,35-44,6.715332550648029,Low,2335.753536528851,Moderate,51.34043421450649,0,0,0,0,95.2
Normal,25-34,7.259545206593094,Medium,2098.654188843493,Moderate,73.29503695087982,0,0,0,0,96.0
Dry,25-34,5.215838521015355,Low,2638.1447868720575,Moderate,57.697704675653576,0,1,0,0,85.5
Normal,25-34,6.63512521631016,Medium,2742.94377441609,Low,67.81892685179706,1,0,0,1,78.5
Oily,18-24,7.253083866018816,Medium,1619.7685564172532,Extreme,76.00264448708525,0,0,0,0,95.3
Normal,25-34,6.84527120934383,Low,2441.822669893776,Low,45.64238566707189,1,0,0,0,85.1
Dry,18-24,7.11861078694392,Medium,2254.0597742335276,Moderate,74.11465182131997,0,1,0,0,88.2
Oily,25-34,7.016913980891165,Low,3252.3340725417356,High,62.94797333928753,1,0,0,0,88.8
Oily,18-24,10.0,High,1601.0824904929414,Moderate,83.34913792964186,1,0,0,0,88.5
Combination,18-24,10.0,Low,1941.6322344840908,Moderate,40.818547729090064,0,0,0,0,100.0
Oily,35-44,6.041175788819917,Low,1483.8631833420663,Extreme,94.14249749366765,1,0,0,0,86.5
Dry,25-34,3.022635529471252,Medium,1513.5318839489994,Moderate,30.672688869634253,1,1,0,0,64.1
Oily,35-44,7.893242951082961,High,2192.7820108225505,Low,9.824097519668634,1,0,1,0,70.2
Normal,35-44,7.2793786898518995,High,2102.7717102695556,High,25.87943925486703,0,0,1,0,80.4
Combination,25-34,8.09156278877537,Low,2270.725546954089,Low,41.7030465076567,0,0,0,0,96.9
Normal,55+,7.427328849572976,Low,2259.876863724533,Moderate,56.5637098785785,0,0,1,1,82.0
Oily,18-24,7.087905909288579,Medium,1882.1806235877943,High,50.398707577813234,1,0,0,0,83.0
Dry,35-44,8.693359893815835,High,1878.7304656509186,Extreme,79.66771647073054,0,1,0,0,88.1
Dry,55+,8.903170882620763,Medium,1514.6006337640426,Moderate,19.984920725364518,0,1,1,0,76.8
Dry,45-54,4.920159911828502,Medium,1649.4228478577027,Low,100.0,0,1,1,1,70.1
Oily,18-24,5.775090719290625,Low,1971.5991117210294,Moderate,83.63284560360394,1,0,0,0,85.9
Normal,25-34,6.341610561066982,Low,2098.51482092104,Extreme,73.37929791698436,0,0,0,0,96.2
Combination,18-24,7.1476564358868755,Medium,2355.3939457942943,Moderate,81.62901992953753,0,0,0,0,97.2
Dry,35-44,6.661025194971627,Low,2304.4303298960867,Moderate,21.181957353878516,0,0,0,0,92.0
Combination,35-44,7.651310766792829,Low,2778.5383827828664,Moderate,77.47325808460056,0,0,0,0,100.0
Combination,25-34,7.99415718397565,Low,1513.6559537512155,Moderate,68.50991069254066,0,0,0,0,97.9
Combination,25-34,9.084064566081093,Medium,1883.7072946779654,High,74.18492311696112,1,0,0,1,82.4
Oily,35-44,7.868369535659349,Low,1557.3477219011143,Moderate,81.17226438110966,0,0,1,0,91.0
Oily,25-34,5.221499482320335,Medium,2638.643534681035,Low,61.11341758541947,0,0,0,0,91.8
Combination,45-54,6.778935662203272,High,1748.7630559017884,Moderate,70.11206578923165,0,0,0,1,84.1
Oily,35-44,6.886971638110665,Low,2577.513726222318,Moderate,89.80837192805944,1,0,1,0,81.9
Normal,18-24,7.771960359971739,Medium,2726.3930668630296,Moderate,34.416149349057605,0,0,0,0,94.4
Combination,35-44,7.582252050150913,High,2206.718481730391,Low,69.17217521699368,0,0,0,0,93.5
Combination,18-24,10.0,Medium,2146.529413862515,Moderate,36.17508230080711,1,0,0,0,87.9
Oily,25-34,5.807730297117637,Low,2019.3225727422898,High,46.197593773499534,1,0,1,1,67.3
Normal,55+,7.5771258006502045,Low,1841.4469819167887,Moderate,0.0,0,0,1,0,82.8
Oily,45-54,10.0,Medium,1781.3076180859673,Extreme,38.235987748454434,0,0,1,1,82.4
Combination,25-34,5.622189654644598,Medium,1926.291638142846,High,39.09186764546148,0,0,0,1,82.0
Sensitive,25-34,6.717723044255533,Low,2912.18919523955,Moderate,54.42140094672462,0,0,0,0,96.7
Oily,18-24,5.582679248313977,High,1479.0723925169098,Low,41.66292221405231,1,0,0,0,75.3
Normal,25-34,6.623130349441147,Medium,2102.304611887995,Moderate,20.374874158348128,0,0,0,0,89.5
Combination,18-24,5.829674277793538,Low,2355.6529820937003,Moderate,41.68928336728507,1,0,0,1,75.5
Oily,25-34,8.07020135523702,Medium,1857.812079328822,Extreme,77.13539389509693,0,0,0,0,97.6
Dry,18-24,7.220978288547093,Low,2208.0411856207893,Low,42.53604926514216,0,1,0,0,87.1
Sensitive,25-34,5.09690411002656,Medium,1247.6990936582802,Low,97.45505377237578,1,0,0,0,82.4
Normal,18-24,8.260851546687508,Low,2662.52157315759,Low,80.81264621629046,0,0,0,0,100.0
Dry,55+,7.269499058307381,Medium,2565.574355720545,Moderate,35.32382976241247,0,1,1,0,77.2
Normal,35-44,8.429228165835182,Low,1950.7870503131753,High,74.23439995767527,0,0,0,0,100.0
Oily,25-34,4.778506058078377,Medium,1560.0820673474657,Low,17.173958143453945,1,0,0,1,67.4
Combination,18-24,7.553236618372992,Low,2396.449073793454,Moderate,23.652405332709144,1,0,0,0,84.3
Oily,25-34,7.660012541967063,Medium,1425.9402668489686,Low,52.793592601900926,0,1,0,0,85.5
Sensitive,18-24,6.364933764646395,Low,1497.6879670451995,Moderate,77.71386716364542,0,0,0,0,95.5
Dry,25-34,4.611495909547774,Low,1973.1952544656583,Low,90.33421318880704,0,0,0,0,94.2
Oily,45-54,6.937588756944409,Low,2759.020783494008,Moderate,55.92765796655479,1,1,1,1,64.0
Oily,35-44,8.842172940671393,Low,2320.2909279676596,Moderate,64.3889548386907,0,0,0,0,100.0
Oily,35-44,8.688895495951085,Medium,1676.5024150053573,Low,62.445262380139994,0,0,0,0,97.0
Oily,25-34,5.8573573478666345,High,1158.9510292422488,Moderate,94.83875201457015,1,0,0,0,80.5
Normal,45-54,5.0753718454353365,Medium,2020.760206815907,Moderate,93.55772236041236,0,0,1,0,85.5
Oily,45-54,6.353230419475642,High,2125.7108929507986,Moderate,69.61689298477452,0,1,1,0,74.9
Oily,25-34,5.797283523902132,Low,1963.6099592055982,Moderate,69.84687137159081,1,0,0,0,84.5
Combination,25-34,7.169670174957166,Low,2903.195840115838,High,58.74249645959118,1,0,0,1,81.0
Dry,25-34,6.342497745643818,Medium,1934.036555195777,Moderate,76.86935027108206,1,1,0,1,69.2
Combination,18-24,5.870103682394287,High,858.9398129121153,Extreme,71.54473111356796,1,1,0,0,69.6
Normal,35-44,8.656394600891002,Medium,1796.4302209118057,Extreme,52.44845673332922,0,0,0,0,96.2
Oily,25-34,6.710638801167251,Medium,2227.3222892737144,High,52.48609548754154,1,0,0,0,83.1
Dry,18-24,7.653123479096411,Low,2193.4486543759863,Extreme,54.04628741394197,0,0,0,0,97.1
Oily,18-24,4.412521848803099,Low,1911.6608568824847,Extreme,53.79629773533673,1,0,0,0,80.0
Normal,25-34,3.0,Medium,1828.890906963589,Low,37.304922447692924,0,0,0,0,83.4
Combination,45-54,4.843681327833387,Medium,1000.1885576008827,Extreme,68.42257645785764,1,0,1,1,63.5
Combination,25-34,5.779184861589837,Low,2042.8853781107669,Low,37.27374591019202,0,0,0,0,91.4
Dry,35-44,7.8645340264207135,High,1830.6886119605188,Low,45.3696035187091,0,1,0,0,82.9
Normal,25-34,3.0,High,2124.6249410217297,Extreme,47.0314378286129,0,0,0,1,75.0
Combination,25-34,8.88927809655798,High,2245.6446370101453,Low,56.73594249209687,0,0,0,0,94.9
Dry,25-34,6.755849040155189,High,2620.5341860223202,Moderate,80.64175236953724,1,1,0,1,68.8
Combination,35-44,9.040442489424866,Low,1522.217449343066,Extreme,77.7513871315713,0,0,0,0,100.0
Combination,18-24,5.671044876288807,High,1353.0089227421424,Low,77.75319460860172,1,0,0,0,78.8
Combination,25-34,7.255789901258736,Medium,1713.0166344377997,Low,94.31613146874602,0,0,0,0,97.4
Dry,25-34,6.627793894956182,High,1632.2033774718464,Moderate,35.36588534659701,1,1,0,0,69.1
Normal,25-34,7.7265294695818305,Low,1587.2952126418613,High,67.78074666902833,0,0,0,0,97.4
Dry,55+,6.649312948600424,Medium,2722.4532204341263,High,68.78052548818061,0,0,1,0,87.6
Dry,18-24,7.709822813511383,Low,2074.2079357691473,High,56.39773676386602,0,1,0,0,89.2
Combination,25-34,8.1532929781568,Low,2986.196731314041,Low,72.32006426975222,0,0,0,0,100.0
Normal,25-34,5.523235559162337,High,1998.4647884876188,Moderate,52.188682199625696,0,0,0,0,87.3
Normal,45-54,7.363366348734474,High,1414.0617754670193,High,76.76990581757136,0,1,1,0,76.2
Combination,25-34,3.668206644166478,Medium,1595.9127079011153,High,14.588554896788132,1,0,0,1,65.0
Combination,35-44,8.053754528595036,Medium,2512.227673521979,Moderate,60.05309747521737,0,0,0,0,97.1
Sensitive,45-54,9.931993815193735,Medium,1433.0741315197383,Moderate,92.70882643179002,0,1,0,0,94.0
Combination,25-34,4.633345928376957,Medium,2278.9383221319395,Moderate,75.71039726868125,1,0,0,0,81.4
Dry,25-34,6.362928109358085,Medium,1821.6237354236696,High,28.47936586558701,0,1,0,1,74.2
Dry,25-34,7.820721951371171,Medium,1535.0872136676196,Extreme,47.95477636009527,0,1,1,0,77.5
Combination,45-54,7.047126210199826,Medium,2693.2598660741123,Low,33.42038912376859,0,0,1,0,84.8
Dry,18-24,7.247649327239839,High,1705.71698183999,Moderate,40.30409224706851,1,1,0,1,63.9
Dry,25-34,5.913500837714542,Medium,1586.2144876998163,Moderate,57.89852213254659,0,1,0,0,82.8
Normal,35-44,6.357771620368128,Medium,1960.5534602235884,Extreme,85.8871888924743,0,0,0,0,95.2
Oily,25-34,6.369958769621934,High,1745.8811535790676,Extreme,72.59421973092395,1,0,0,0,80.5
Combination,25-34,6.562507133209034,High,3107.492950299934,Moderate,55.56904811128361,1,0,0,0,81.9
Oily,25-34,4.727838107634035,High,2530.1786466877898,Low,33.72757376620142,1,0,0,0,74.9
Oily,18-24,6.900967021080957,Medium,1704.6537887724185,Low,46.516454347197,0,0,0,0,91.9
Oily,25-34,8.85280090806399,Medium,1762.3314443707843,Moderate,100.0,1,0,0,1,84.2
Oily,25-34,5.871299309616643,Low,990.2758624661308,Extreme,15.035586724726087,1,0,0,1,70.2
Oily,45-54,5.144117525688058,Low,2068.7018255457224,Low,29.806397877478027,1,0,0,1,72.4
Oily,25-34,6.27287589802036,Medium,1626.4703285305964,High,54.378757339665384,1,0,0,0,81.2
Sensitive,45-54,5.928080781813555,Low,2044.0056910799667,Low,92.66989605477052,0,0,0,1,90.2
Dry,35-44,4.992487262017091,Medium,1016.8629525478848,Moderate,81.58875934081465,0,1,1,0,74.2
Normal,18-24,7.208752692598932,High,1986.621832005529,High,57.203745243112266,1,0,0,0,81.1
Normal,35-44,5.934576944273383,High,2849.335653116747,Moderate,22.01253162369037,0,0,1,0,78.8
Dry,18-24,6.062928749720087,Low,2027.0705806161634,High,44.51021187225723,1,0,0,0,82.6
Oily,55+,7.2301410705780835,Medium,1612.6589064747295,High,5.856282297276529,0,0,1,1,73.3
Combination,45-54,4.700238106956498,High,1989.7666375450874,Moderate,69.87361756624003,0,0,0,0,87.4
Dry,25-34,3.887645524623313,Medium,1967.8756319069569,Moderate,61.39492650936347,0,1,0,0,79.9
Combination,25-34,7.506308291752898,High,3095.9165703781455,High,46.84278512117059,1,0,0,1,75.9
Oily,25-34,3.6037495989138755,High,1833.5790353896568,Low,20.425453492223372,1,0,0,1,62.9
Dry,25-34,5.034983457038968,Medium,1398.3533483885715,Moderate,29.52630191518989,1,1,0,1,60.8
Oily,25-34,3.800240696917344,Medium,2010.729087113719,Extreme,9.420132514417531,1,0,0,0,72.6
Sensitive,25-34,5.7707952997267515,Medium,2097.7666189196493,High,63.714301110770855,0,0,0,0,92.1
Dry,35-44,7.642088121476748,Medium,2281.147983177078,High,100.0,0,0,0,0,99.8
Oily,18-24,7.168506923098565,Medium,2377.880925115693,Low,47.44779244970826,1,0,0,0,83.8
Oily,45-54,10.0,Medium,2977.763042754898,High,49.49678876870424,0,1,1,1,77.9
Normal,45-54,8.630373426683501,High,1702.1681491637307,Extreme,65.42271535229332,0,0,1,0,86.2
Dry,25-34,5.103263224765098,Low,1656.7251279109078,Moderate,21.238777997803464,0,0,0,0,87.6
Oily,45-54,5.204417492760384,High,1072.9317614226761,Low,32.10270892656717,1,1,1,1,49.8
Dry,18-24,10.0,Medium,2330.826883357862,Moderate,34.526872106167396,1,0,0,1,81.1
Oily,18-24,8.593858008600044,High,1556.3428172804279,High,72.12552921946325,1,0,0,0,84.5
Dry,35-44,7.8840544109043575,Low,2445.88213995731,High,68.33930381343835,0,0,0,0,99.5
Combination,25-34,6.612277718323427,Low,1754.1825432070773,Moderate,46.0165371550985,1,0,0,0,83.3
Combination,25-34,6.910282351212526,Medium,2862.9789858801837,Moderate,68.7216317337334,1,0,0,0,86.4
Combination,45-54,4.77689008677636,Medium,1283.2465555099657,High,100.0,0,1,0,1,77.1
Normal,55+,7.235558755295152,Low,2511.462751676347,Moderate,68.40425860487436,0,0,0,1,91.3
Normal,35-44,7.106847096188522,High,2451.921281406393,Moderate,34.551524068242955,0,0,1,0,81.6
Dry,35-44,5.643791735347779,Medium,2263.2882192321094,Moderate,12.916216942581478,0,1,1,0,71.1
Oily,18-24,6.192210319647282,High,1441.36815050623,Moderate,6.3906657170047225,1,0,0,0,72.9
Oily,18-24,9.272764590165334,Medium,2265.575410154277,Low,71.7256205934423,0,0,0,0,100.0
Normal,35-44,6.812237619557706,Low,2063.4373703983524,Low,41.05506286352322,0,0,0,0,93.9
Oily,25-34,9.606756953799666,Medium,1084.8718947936673,Moderate,70.45942745567892,1,1,0,1,73.4
Normal,25-34,3.888980845268925,High,2779.1364948673313,Low,38.630475301906074,1,0,0,0,74.2
Combination,25-34,5.716804720661378,Medium,1827.1942920415045,High,59.70133322004621,1,0,0,0,81.1
Oily,35-44,4.679082173129622,Low,2740.6088480121925,High,77.52696677846909,1,0,0,0,84.6
Dry,18-24,5.1858663191622485,High,1966.1692749490082,High,30.429079997416135,0,0,1,1,69.3
Normal,35-44,5.757691441511055,Low,2491.1630316493693,Extreme,80.56939913037755,0,0,1,0,88.6
Dry,18-24,7.472964440155887,Medium,1570.237444129859,Low,33.50666698171948,1,1,0,0,73.4
Oily,18-24,7.400239256620581,Medium,2107.2174771642417,Low,32.44983308160103,1,0,0,1,75.3
Combination,25-34,5.481064520558592,Medium,2071.9709965638385,Low,70.52736408081394,1,0,0,0,82.2
Combination,18-24,3.658300663995127,Low,1838.1994863036834,High,65.80235582408281,1,0,0,0,79.6
Oily,45-54,9.21653930954823,High,1565.3885930426666,Moderate,71.50024166152619,1,1,1,0,69.7
Sensitive,18-24,6.571352925945465,High,500.0,Low,37.430616823275344,0,0,0,0,84.9
Sensitive,18-24,5.325564744548291,Medium,1577.1202957532073,Low,55.398248330128965,1,0,0,0,79.3
Combination,25-34,6.912396171605131,Low,2350.2545567878665,High,67.22584076854682,1,0,0,1,80.2
Combination,25-34,6.806667755784761,Low,1302.3852255549182,Moderate,100.0,0,0,0,0,98.2
Oily,18-24,6.515985302500052,Low,1405.9331800856905,Moderate,95.27910261420462,1,1,0,0,79.4
Dry,18-24,7.222796523462257,Medium,1282.5685958176468,Extreme,38.30175094450555,0,1,0,0,82.8
Normal,55+,5.2674552393879726,Medium,2104.444058155278,High,33.52218949153843,0,0,1,1,73.1
Normal,35-44,8.139869264764725,Low,1553.296707453371,Low,100.0,0,0,0,0,100.0
Sensitive,25-34,5.004699357864695,Medium,2610.171488600068,Moderate,80.01734449483381,0,0,0,0,93.2
Oily,25-34,5.591645517044852,Medium,2367.3098535596373,Moderate,38.30466040881559,1,0,0,1,72.7
Combination,25-34,7.473202724227363,High,2100.0620319754817,High,53.167032503351706,0,0,0,0,91.5
Combination,25-34,8.30593844751535,Medium,2151.9748332879267,Low,18.7660331733697,0,0,0,0,92.8
Combination,35-44,9.378661852069508,Medium,1618.5259636751491,Moderate,85.22473729652503,0,0,1,0,92.5
Sensitive,45-54,8.583697357699858,Medium,1618.6536870026284,Moderate,100.0,0,0,0,1,93.4
Oily,18-24,6.513891724297327,Medium,2355.5132732910065,Extreme,88.50197429764827,1,0,0,1,79.6
Normal,45-54,4.688450396349306,Medium,2456.696011818521,High,88.14548858844938,0,0,0,0,93.1
Oily,18-24,9.10758337840434,Medium,2351.131185956773,Moderate,41.99008212149015,1,0,0,1,80.1
Normal,18-24,9.056043983357464,Medium,1764.7086717883008,Moderate,72.35363273540858,1,0,0,0,88.9
Normal,18-24,5.992035769969757,Medium,1804.3389612398582,High,86.5184346974286,0,0,0,0,94.2
Oily,18-24,8.38178355673684,High,1534.1216090974854,High,73.62725374618171,1,0,0,0,84.2
Combination,45-54,6.5017333091038925,Medium,2384.126918628943,High,81.33154223322515,0,1,1,0,79.9
Dry,25-34,8.751915325267593,Medium,1019.2722189798496,High,54.781121734980545,0,1,0,0,87.0
Oily,18-24,6.227703006394327,Medium,897.881847571482,High,27.35338045923055,1,0,0,1,70.0
Dry,55+,9.967976931322756,Low,997.5703137745777,Low,96.38312767145673,0,1,0,0,95.6
Oily,45-54,8.179180821397368,Medium,928.6553586528353,Moderate,59.08369214988672,0,0,0,0,94.1
Normal,35-44,9.69631726702898,High,2678.5704507490727,Moderate,90.35507114847113,0,0,0,0,100.0
Combination,45-54,6.304304095525181,Medium,2393.402681785137,Moderate,100.0,0,0,0,1,90.4
Dry,18-24,7.60754440666629,Low,1400.7016991584728,Moderate,72.71063034095081,0,1,0,0,89.3
Combination,45-54,5.546081202483452,Medium,1947.033546656277,Moderate,89.37261151648464,0,1,0,0,85.9
Normal,35-44,8.265983878178794,Low,2732.8951869241823,Moderate,36.609686100816525,0,0,0,0,97.7
Combination,45-54,8.348562299255686,Medium,2250.0993104562117,Extreme,41.81488042848787,1,0,1,1,70.4
Dry,35-44,10.0,Low,3057.1881339854026,Moderate,91.62435229622538,0,1,0,0,99.3
Dry,25-34,7.223059695829473,Medium,1942.866932953591,Low,36.26042517677544,1,0,0,0,82.0
Dry,35-44,8.08614130375914,Medium,1672.4205268137175,Low,26.46589196381982,0,1,0,0,84.2
Combination,25-34,5.7937544352443275,Medium,1459.445416656443,Low,8.48030252903866,1,1,0,0,67.4
Dry,25-34,7.312069058952858,Medium,2011.8223278997225,Extreme,44.583853337143005,0,1,0,1,78.1
Dry,18-24,6.430163186968624,Low,2468.032195793484,Extreme,44.26755216154884,1,0,0,0,84.2
Sensitive,45-54,7.173791138263,Medium,2049.562516634645,Moderate,99.94694296504764,0,0,0,0,98.4
Combination,25-34,6.761773492318692,Medium,1820.902500178493,Moderate,25.27188517460584,1,0,0,0,79.7
Oily,25-34,5.9715426899762445,Low,2628.2602176586065,High,84.43627002582679,0,0,0,0,97.6
Combination,25-34,6.5944176448129905,Medium,2264.446048066502,Low,19.684641019101345,1,0,0,0,79.7
Oily,55+,6.43705724542987,Medium,1943.2817516900461,Moderate,20.350882039049306,0,1,0,0,80.8
Oily,25-34,5.930403312449242,Low,1616.7043632774557,Moderate,53.46142127148453,0,0,0,0,92.4
Dry,35-44,8.614996977253407,Low,1872.7786042341027,High,61.328485701426125,0,1,0,0,91.1
Sensitive,45-54,7.263120462739617,Low,2236.373611378453,High,89.49161934512814,0,0,1,0,91.9
Sensitive,25-34,7.0205994083004155,Medium,1609.8255619424544,Moderate,35.608625143565575,0,0,0,0,90.8
Oily,25-34,4.314042846521696,Low,1383.1735306162539,Extreme,58.82665298738563,1,0,0,0,79.3
Dry,35-44,7.6351874977455845,Low,1759.9243716991587,Moderate,18.04606543776719,0,1,0,0,84.6
Oily,45-54,7.7956351959628565,Medium,1975.3951539611307,High,5.120516115006396,0,1,1,1,67.1
Sensitive,35-44,6.402492065966871,High,2681.645082582889,Moderate,100.0,0,0,0,0,95.2
Sensitive,18-24,10.0,Medium,1419.9813150687403,Low,91.1638542015113,0,1,0,0,94.0
Dry,45-54,3.566159103723902,High,2113.3740484664245,Low,59.90670325867481,0,1,0,1,69.3
Combination,25-34,7.676550703655819,Low,1861.2142633463843,Extreme,0.0,0,0,0,1,84.1
Combination,25-34,7.569207207432292,Low,1886.0296070386362,Low,38.54841149947775,0,0,0,0,94.8
Dry,45-54,7.812374397999118,Low,2769.6831514421283,Moderate,71.21880116921815,0,1,1,0,84.3
Normal,18-24,7.264319058457935,High,2040.6060686626838,Moderate,38.49440657706619,0,0,0,0,89.5
Oily,35-44,7.826018983937557,Medium,1543.2225441421106,Moderate,99.03125533703982,0,0,0,0,98.6
Dry,25-34,7.802263219333842,Medium,2444.3733607728027,Moderate,65.73076081210749,0,0,0,0,97.1
Dry,45-54,5.911168624252009,Medium,2407.6203416534313,Low,36.921007957373746,0,1,1,1,67.3
Oily,18-24,7.448793433270135,Medium,1499.4144440391933,Low,10.104333912838577,1,1,0,0,70.9
Sensitive,25-34,6.225024736965044,Medium,1403.5316351564775,Low,86.86588373168539,1,0,0,0,83.9
Normal,45-54,5.359347399661737,Medium,2205.259862353535,Low,81.02571856080263,0,1,0,1,78.2
Dry,18-24,8.075754961919934,High,1983.5155406291888,Low,68.90159696232405,0,1,0,0,86.0
Dry,18-24,6.15345936297395,Medium,1764.708647645536,Moderate,92.13368165546173,1,1,0,0,77.0
Dry,55+,4.753211987830799,Medium,2528.149253994185,Low,61.44174501467728,0,1,1,1,67.7
Dry,25-34,5.691334008947527,Medium,1703.859651982121,Low,52.34552658077134,1,1,0,0,72.0
Oily,55+,5.801651652860304,High,2210.781451251694,Moderate,69.1115998276783,1,0,1,0,71.9
Normal,18-24,8.542718513785166,Low,2587.322183975394,Low,80.86958080248114,0,0,0,0,100.0
Dry,25-34,6.7297897108371165,Low,1830.4345699259075,Extreme,67.18558587407657,0,0,0,0,95.8
Dry,35-44,9.07357411853491,Medium,1085.4506326353878,Moderate,60.78598839224665,0,1,0,0,88.4
Normal,35-44,6.0001656531504315,Medium,1798.4661083025753,Extreme,84.20689886210872,0,0,0,0,94.0
Combination,25-34,7.811254807844749,High,2094.641870787719,Low,52.40387854175395,0,0,0,0,92.1
Oily,25-34,10.0,Medium,2501.5029713814038,Low,37.801936508792934,1,0,0,0,88.8
Dry,45-54,7.53404870069071,Medium,1739.4196548820507,Moderate,63.03674417045825,0,1,1,0,78.9
Combination,18-24,8.29247329348473,Low,2861.546723231607,Moderate,42.02265635394925,1,0,0,0,88.5
Normal,25-34,7.540276496338109,Medium,1350.5888106331292,Moderate,47.85379641772747,0,0,0,0,92.6
Normal,18-24,4.86688700886126,Medium,2082.0718322736607,Moderate,28.84763208937508,0,0,0,0,86.8
Combination,25-34,7.378725946201176,Medium,1880.4184831453974,Moderate,74.9753945000663,0,0,0,0,96.0
Dry,25-34,6.959684480974353,Low,2673.5454465699895,High,55.34556559762818,0,0,0,0,96.8
Dry,25-34,6.110378924902536,High,1263.176409609029,Low,67.76318296209617,0,1,0,0,80.5
Combination,25-34,5.173945438692679,Medium,2212.8173790679616,Moderate,62.05712981712454,0,0,0,0,91.0
Combination,18-24,8.040974860490556,Low,1877.8841840526445,Moderate,27.44604169971151,0,0,0,0,94.6
Sensitive,18-24,5.541394390584069,High,2764.5704748429953,Moderate,98.07946066994998,0,0,0,0,93.4
Dry,35-44,10.0,Medium,1585.7206593887092,Low,54.3704208061207,0,1,0,0,90.6
Oily,25-34,6.671253625232192,Medium,2207.6591312472183,Moderate,40.97163848832341,0,0,0,0,91.9
Oily,45-54,5.165039428320245,High,1580.9042297810756,Moderate,65.36211545143033,1,0,0,0,77.0
Normal,35-44,6.229005582507492,Low,2094.0310887114247,Extreme,65.85068929753625,0,0,0,0,95.2
Dry,18-24,6.582798492565274,Low,1815.3175636346139,High,100.0,0,1,0,0,90.8
Oily,35-44,10.0,Medium,1807.3851223712877,Low,74.91225856604379,0,0,0,0,100.0
Sensitive,18-24,5.673116579785756,Low,1006.2823476146762,Moderate,52.860980042355735,0,0,0,0,90.6
Dry,35-44,6.8256741051229195,High,2207.2920321790484,High,100.0,0,1,1,0,79.1
Dry,55+,6.193257445202466,High,1458.880431524075,Moderate,9.245716615576377,0,1,1,0,67.2
Oily,25-34,7.248887728372496,Medium,1441.6601924740544,Moderate,37.94979536555519,1,0,0,0,81.2
Normal,35-44,6.2171748794424335,High,1222.3582972206127,Moderate,46.10821289487831,0,0,1,0,78.5
Normal,18-24,5.291415000790435,Low,1471.9753208005063,Moderate,49.89297253582566,1,0,0,0,80.5
Oily,25-34,6.207058130305702,Medium,2250.239883164593,Low,58.65493446831935,1,0,0,0,82.8
Normal,45-54,6.550909235001635,High,2225.5866442432043,High,70.89175167996616,0,0,1,1,76.6
Dry,18-24,6.11163343356398,High,2331.8554802706144,Moderate,60.429724319424864,0,0,0,0,89.9
Combination,25-34,5.691784461654324,Medium,1486.5095535775945,Low,65.74760645790451,0,0,0,0,90.9
Combination,25-34,8.277043696821504,Low,2107.390812786362,Moderate,48.49474025980666,0,0,0,0,97.6
Dry,35-44,6.520389678598743,Low,1692.3082334979395,Moderate,92.23964277929568,0,0,0,0,97.6
Oily,25-34,4.7988085062823505,Medium,2477.364844169158,Low,9.70144333508103,0,0,0,0,85.5
Combination,45-54,6.306826054300216,Medium,2213.006977422151,High,0.0,0,1,1,1,64.0
Combination,18-24,7.081503489198089,Low,1671.740836643194,High,68.51856284426864,1,0,0,0,86.4
Normal,25-34,4.495595545172969,Medium,2520.287767659119,Moderate,41.719797992130616,0,0,0,0,88.2
Combination,35-44,9.438966940009598,High,2253.672170320662,High,100.0,0,0,1,0,92.4
Oily,18-24,8.301369216259408,Medium,1306.4985865430876,Moderate,76.06619522418933,1,0,0,0,86.8
Combination,35-44,9.14525911542817,Low,1164.2389093342122,Low,74.72035261908759,1,0,0,0,90.1
Sensitive,18-24,7.588192188231524,High,1326.157089736691,Moderate,52.83124219022349,0,0,0,0,90.1
Normal,18-24,3.8594538248048496,Low,2824.590858263319,Low,66.89593956301714,0,0,0,0,92.1
Combination,18-24,9.303000574957771,Medium,1492.2686869817849,High,40.08978401609231,1,0,0,1,78.6
Dry,45-54,5.704647460435162,Low,2938.0701038409106,Moderate,61.49098210387882,0,1,1,1,72.4
Sensitive,25-34,5.3267198839968515,Medium,1466.3407084728037,Moderate,56.84269770690173,0,0,0,0,89.3
Oily,35-44,7.234487715933166,Medium,1413.0674723613279,Moderate,66.47867739437888,1,0,0,1,76.9
Combination,25-34,8.567344770005224,Medium,2439.9762405316314,High,43.727596204867005,0,0,1,1,81.4
Normal,25-34,8.0799307009286,Medium,2462.7616554512183,High,75.01711971843606,0,0,0,0,98.6
Oily,25-34,7.859421680264031,Low,2277.9125868168094,Low,61.31726840259503,0,0,0,0,98.4
Normal,45-54,6.53225942068817,Medium,2338.0551468958224,Low,47.27037068575465,0,0,0,0,92.5
Sensitive,35-44,6.508588710861832,Medium,1599.1891123208334,High,63.81464476300333,0,0,0,0,92.6
Combination,35-44,7.5189155019701,Low,2416.5015977403245,Moderate,28.249345367578222,0,0,1,0,86.7
Combination,18-24,6.804893738074701,High,2119.998335859301,Moderate,1.192940439324019,1,0,0,0,75.0
Sensitive,25-34,7.83397686099403,High,1817.3623052080538,Low,88.31949030988515,0,0,0,0,95.1
Normal,25-34,7.74517649674284,High,2047.3099488923838,Moderate,41.096096076653204,0,0,0,0,90.7
Oily,45-54,7.887011981759058,Medium,2530.322909074639,Low,29.566470386099866,1,0,1,1,68.8
Normal,25-34,3.0,Low,2195.9253014789083,High,61.11096298268092,0,0,0,0,88.5
Oily,25-34,6.691982545515896,Medium,921.0989536498264,Low,31.96354504486163,1,0,0,0,78.4
Oily,25-34,6.336719178900948,High,2445.6139356459385,Moderate,48.267446693954,1,0,0,0,79.4
Oily,18-24,7.252038402639297,Low,2407.3193567312746,Low,17.694829854367278,1,0,0,1,76.1
Oily,18-24,5.86851304218039,Medium,1810.467660179723,Moderate,66.22703512119556,1,0,0,0,82.0
Normal,45-54,5.012821134401162,Medium,2058.3741466095616,Extreme,62.2013768191483,0,0,1,1,75.4
Normal,25-34,7.19470771996256,Low,2056.369875579666,Low,62.49337336410609,0,0,0,0,96.8
Normal,45-54,6.465548023401907,Medium,1010.2702120116159,Low,49.3081568791394,0,0,1,0,81.9
Sensitive,45-54,7.862039490561399,High,1799.1648454529452,Moderate,81.178170530475,0,0,1,0,86.4
Combination,25-34,5.493628433472844,Medium,1818.5114610265462,High,13.615800250045652,0,0,0,0,86.0
Sensitive,25-34,8.623865960739014,Low,1920.6365655733523,Extreme,100.0,0,0,0,0,100.0
Oily,18-24,8.501597263856144,Medium,1737.0761180661777,Low,60.3688302584466,0,0,0,0,96.5
Oily,45-54,7.44524066281882,Low,2331.420884611691,High,100.0,0,0,1,1,86.6
Combination,25-34,6.180067379921079,Medium,1595.4355507176715,Moderate,43.34739435552844,0,0,0,0,89.9
Oily,25-34,7.778613316697296,High,2455.038583011776,Low,23.75333456858283,1,0,0,1,72.8
Oily,25-34,7.088821722856109,Medium,2307.87104169855,Low,37.7114156080754,0,0,0,0,92.6
Oily,25-34,6.857876281895908,Medium,2680.209193900796,Extreme,48.90455810937033,0,0,0,1,87.0
Normal,25-34,8.064298114339413,Medium,2866.8995170685266,High,47.085517913928456,0,0,0,0,96.6
Oily,25-34,8.639804231609961,Medium,2870.22591070778,Moderate,96.53905719508202,1,0,0,0,92.7
Oily,35-44,5.121383223271684,Medium,1407.1910178159858,Extreme,38.60679143895079,0,0,0,0,86.9
Dry,45-54,5.42442383897529,High,2172.092917797564,Low,44.880696122083364,0,1,1,0,70.7
Normal,25-34,5.329608911781803,Medium,1641.1068718432957,Moderate,67.82510026447548,0,0,0,0,90.7
Oily,25-34,4.246363103534673,High,3640.149794844559,Moderate,10.333392964335488,1,0,0,0,73.8
Combination,45-54,6.905877211646273,High,2307.035679492395,Extreme,58.98736344127985,0,0,1,0,83.3
Normal,18-24,7.900174682866759,Medium,2708.155994846897,Moderate,53.54301083311317,0,0,0,0,96.6
Oily,45-54,6.9678725575714955,High,2217.6847517492442,High,70.83374350228532,0,0,1,0,84.5
Combination,18-24,6.1988175375806565,Low,682.2784571484315,Extreme,58.72183398632964,0,0,0,0,91.6
Normal,35-44,8.689686635693738,Medium,1608.217484191888,Low,100.0,0,0,0,0,100.0
Normal,25-34,6.710834604810125,Medium,1657.2085296568462,Low,27.88093680730684,0,0,0,0,89.5
Oily,25-34,7.014474451049478,Medium,1804.9323612181868,Low,33.89117999433511,0,0,0,0,91.0
Oily,45-54,8.73135220734964,High,2179.784150126715,High,75.2362582690893,0,0,1,1,81.3
Dry,18-24,6.815137091723299,Low,2250.6663622071824,Moderate,55.65959413122059,1,1,0,1,70.7
Combination,25-34,9.59032110893702,Low,686.3317801417047,Low,58.78070179138817,0,0,0,0,98.4
Normal,25-34,5.828277494192351,High,1881.5402179119685,Moderate,14.871201678647104,1,0,0,0,73.9
Dry,45-54,9.99692230676935,Low,1757.0619393071704,Moderate,100.0,0,1,0,0,97.5
Dry,18-24,5.537897227131369,Low,2690.519161851246,Moderate,61.28815220700024,0,0,0,0,94.6
Normal,45-54,7.776227354320662,Medium,2296.122302040216,High,20.44767026016654,0,0,1,1,77.2
Dry,25-34,5.536201746790645,Medium,1908.4612387980983,Low,65.28263362722787,1,1,0,0,73.4
Oily,18-24,8.67934917547164,Medium,2111.840411931341,Moderate,22.4160442509261,1,0,0,0,83.8
Oily,35-44,6.282651088212357,High,1156.4884811406364,Low,83.22826962132797,0,0,0,0,90.2
Normal,18-24,7.436306785966129,Low,2330.6760224159034,High,17.11014396653772,0,0,0,0,93.2
Oily,25-34,5.5241870059376454,High,1802.2305397036139,Moderate,75.15131922046905,0,0,0,0,89.2
Oily,18-24,8.40583776049992,Low,1596.3106136191216,High,19.48050174934902,1,0,1,1,69.0
Combination,25-34,5.516373109041291,Low,2657.1159199181284,Low,25.641862285487267,0,0,0,0,90.9
Normal,35-44,9.525122267114003,Medium,2136.7904113387967,Moderate,63.44188660832588,0,0,0,0,99.7
Oily,25-34,5.006004339557915,Low,1667.2845349096524,High,34.708562283148254,1,0,0,1,71.8
Oily,25-34,4.48155812250778,Medium,1697.80342687526,High,36.13931484086995,0,0,1,0,78.0
Combination,25-34,7.927328117118629,Medium,2182.953169820247,High,11.754334385231509,0,0,1,0,83.4
Dry,18-24,6.1125345396047175,Low,2144.085648236981,Low,41.75607070651803,0,0,0,0,92.7
Dry,25-34,6.489144029825696,High,2014.7125257122223,Low,72.0961788664543,0,1,0,0,83.2
Combination,55+,6.516638269246418,Medium,1398.3218057020229,Moderate,96.95927604871548,1,0,1,1,70.5
Combination,45-54,5.031087599270965,High,1472.2679899453692,Moderate,80.68898271506484,0,1,0,0,80.1
Oily,18-24,6.884509503792493,High,1625.843010916871,Low,67.11989092645864,1,0,0,1,73.7
Dry,18-24,8.897373842458453,Low,1901.926784623632,Moderate,7.787388090468362,0,1,0,0,86.4
Combination,45-54,8.504705504958348,Medium,1979.3444684460799,Moderate,59.28120212612716,0,0,0,0,96.9
Sensitive,25-34,6.847689143938887,Medium,1920.0144871325597,Moderate,48.70958412046714,0,0,0,0,92.4
Combination,25-34,8.168402439552661,High,1942.8775194647583,Low,12.232582716924924,0,0,0,0,88.4
Oily,35-44,5.410722122958735,High,2940.622798960535,Extreme,28.19731260868858,0,0,1,0,78.5
Normal,25-34,6.0118185066424905,Medium,2424.6250432965858,Moderate,66.69950898293811,0,0,0,0,93.5
Oily,25-34,7.093707411095313,Low,2594.1083782741184,Moderate,36.066473463305975,1,0,0,1,78.0
Combination,55+,6.804377759774333,Medium,2232.1319957819896,Extreme,13.124170845014888,0,1,1,1,66.4
Oily,35-44,6.629765004285164,High,2036.201336158124,Low,44.092502230658376,1,0,0,0,78.7
Oily,18-24,5.199034401518357,Medium,2204.979119807106,Moderate,57.236656057509904,0,0,0,0,90.5
Combination,18-24,3.8779879170359326,High,2112.91008630772,High,33.14371902628926,0,0,0,1,75.3
Oily,18-24,8.226799637424454,Medium,2403.9891043057764,Moderate,19.747667283604603,1,0,0,1,76.2
Combination,35-44,7.3648323598783385,Low,1512.4297666757832,High,36.994871461475014,0,0,0,1,86.5
Oily,25-34,7.852997567315139,High,2362.3735473082133,High,72.1115069447142,1,0,0,1,77.6
Oily,18-24,6.344146086762438,High,2083.529334388651,Low,0.0,1,0,0,0,73.9
Oily,45-54,5.930833172758609,Low,1096.4564811754303,Low,53.29931225829755,0,0,0,0,91.4
Combination,18-24,7.009821949954952,Low,2042.8608433155464,Moderate,47.12124667575643,1,0,0,0,84.8
Normal,18-24,8.281299472919224,Medium,1346.8910995554081,Moderate,31.102834867682056,0,0,0,0,92.4
Normal,18-24,6.652821677518519,Medium,1732.5011633069748,Low,26.04653677944665,1,0,0,0,79.4
Sensitive,18-24,8.20267777649273,Medium,1920.4046701225293,Low,89.58572650503051,0,0,0,0,99.2
Normal,25-34,4.99053799161037,Low,1246.4490655791637,High,74.50029036880224,1,0,0,0,81.9
Dry,45-54,6.7578293002451995,Medium,1973.1294085468892,Moderate,62.63298005310796,0,1,1,0,77.7
Dry,45-54,6.894828783882954,Medium,2034.2340385352543,Low,46.41573404054182,0,1,1,0,76.5
Oily,25-34,8.33958491588288,Medium,2377.5368658984426,Extreme,52.815552713654334,1,0,0,1,79.7
Dry,25-34,6.811441097023862,Medium,1773.1173248578978,High,60.10959155894917,0,0,0,0,93.2
Oily,25-34,9.119116277441293,High,2137.2375021597445,Moderate,47.203261174979154,1,0,0,1,77.2
Dry,18-24,4.978472800078777,Medium,1952.2936254430947,High,60.783833424489735,0,0,0,0,89.9
Oily,18-24,7.194878356616919,Medium,1790.8646318991782,Moderate,41.159388354925326,0,0,0,0,92.1
Dry,45-54,7.269097058770669,Medium,1164.7113524298152,Moderate,0.0,0,1,1,0,70.9
Normal,18-24,7.930139796380301,Medium,1944.199846335251,Moderate,45.16450342077691,0,0,0,0,94.3
Dry,18-24,5.779960095326663,Medium,2372.2562487012515,Low,67.12339420798294,1,0,0,0,83.0
Normal,25-34,9.026669509116253,Medium,1533.1416047074417,Low,50.76647209796006,1,0,0,1,79.2
Oily,25-34,6.5194459122076385,Medium,1891.1080693508632,Low,58.59171775056999,1,0,0,0,82.7
Oily,18-24,5.369398730597623,High,1964.7563367861824,Moderate,43.21672646661882,0,0,0,0,86.0
Normal,18-24,6.975962514379572,High,2551.2203158908815,Moderate,45.175355586229585,1,0,0,0,80.6
Combination,25-34,6.03025771567983,Medium,2015.0539119280204,Low,54.27099335606862,1,0,0,1,74.5
Oily,35-44,10.0,High,2144.0436876565454,High,100.0,0,0,0,0,100.0
Sensitive,18-24,8.57491539928752,High,1995.6719764682302,Moderate,86.05705008469158,0,0,0,0,96.7
Sensitive,25-34,6.5744920335623265,High,1753.8470875132616,Moderate,82.74937172637581,0,0,0,0,91.9
Dry,25-34,6.332124972201193,Low,1432.7630412212447,Extreme,55.120145296278764,0,0,0,0,93.0
Normal,45-54,8.426585293722198,Medium,1857.4639512976921,Extreme,26.70699977212501,0,1,1,1,70.2
Oily,25-34,7.9982932404923215,Medium,2196.6796522296036,Low,80.64111389874476,0,0,0,0,98.5
Combination,18-24,3.0,Medium,2061.5381839997885,Moderate,72.68138904448217,0,0,0,0,87.4
Oily,25-34,7.4644897321000006,Low,2739.7584648570773,High,59.14813111733467,0,0,0,0,98.3
Normal,35-44,7.04194981596794,Medium,2472.92601830859,Low,58.90383257087315,0,0,0,0,94.9
Dry,18-24,5.0332842673195355,Medium,2620.278950260738,Low,63.647899703063075,0,0,0,0,91.7
Combination,25-34,7.8203212094362655,High,983.8616951743572,Low,44.22244297661962,1,0,0,1,72.0
Combination,18-24,10.0,Medium,2789.6671261919773,Low,68.1986373863065,1,0,0,0,92.4
Normal,18-24,7.835193920241672,Low,2133.4057976635727,Extreme,29.052468478125686,1,0,0,1,77.8
Dry,25-34,8.150642663385296,Low,2204.4627312109005,High,2.2486949639742235,0,1,0,1,77.9
Oily,25-34,9.206178637946605,Medium,2448.0136728305906,Low,19.97062958475575,1,0,0,1,78.3
Oily,45-54,5.754606773919923,Medium,2010.6586542068133,High,63.52555164250876,0,1,0,0,83.9
Combination,35-44,4.213642832249624,Medium,1464.8097262483411,Low,52.45652735792633,0,0,1,0,78.6
Oily,25-34,7.485299094964253,Medium,2723.7038165648364,Moderate,46.306462046153456,0,0,0,0,95.0
Oily,25-34,6.1285826953378235,High,1615.8889699380566,Moderate,17.59795846240877,1,0,0,0,74.2
Normal,25-34,4.438739821442685,Low,1507.1413102587437,Low,57.54840039994065,1,0,0,0,79.6
Combination,18-24,6.88274509579631,Medium,1882.849542497081,Moderate,24.084929960557083,1,0,0,0,79.9
Combination,45-54,8.09132106068593,High,1806.9980327267326,High,72.41440052230578,1,1,1,1,61.0
Dry,55+,6.77654250285346,High,2001.903417114063,Low,14.630971935454603,0,1,1,0,70.0
Combination,18-24,5.819758553897444,Low,1950.89586018057,High,29.031601443654086,0,0,0,0,90.4
Normal,18-24,6.664739409555235,Low,2673.5648837846206,Low,25.67085806128604,0,0,0,0,93.2
Oily,18-24,6.9707853020479815,Low,2229.6612995261053,Moderate,64.34493012412504,1,0,0,1,79.8
Oily,35-44,4.105776606060877,High,1571.1015104335359,High,48.452873789144796,0,0,1,1,68.2
Normal,35-44,6.78583757024396,Medium,1639.7478707712025,Low,70.61734809109136,0,0,0,0,93.9
Oily,45-54,4.9834892917826625,Medium,1805.9056761709594,Moderate,88.51058630286856,0,0,0,1,85.4
Sensitive,35-44,7.988538928031645,Low,1807.899497614754,Moderate,100.0,0,0,0,0,100.0
Normal,25-34,4.158436136619833,Low,1742.6279315932713,Moderate,55.778975178493276,0,0,0,0,89.4
Oily,35-44,8.519038306826404,Medium,1449.128990978203,Low,32.45136164213443,0,0,1,0,85.2
Oily,35-44,6.386252396179088,Medium,2145.2010687180764,Moderate,91.28071607990645,0,0,0,0,96.2
Oily,25-34,5.685536439841982,Medium,1772.1977487305933,Moderate,87.78388596277804,1,0,0,0,83.7
Sensitive,25-34,6.941681895952958,Low,1524.0992704774785,Moderate,63.503927205796046,0,0,0,0,95.3
Oily,35-44,5.700948332164912,Medium,2242.737597546345,High,92.96594066202451,1,0,0,0,85.2
Oily,25-34,6.918118631195096,High,2423.9109993866455,Extreme,58.33246219481704,0,0,0,0,91.5
Combination,35-44,5.901836837967444,Low,1877.181451099886,Moderate,18.52042985612237,0,0,1,0,81.4
Normal,35-44,6.164898231512846,High,2890.743182259258,High,44.22495673902171,0,0,1,0,81.5
Oily,35-44,7.608031253993703,Low,3107.760349515587,Extreme,47.37086610497958,0,0,1,0,90.2
Oily,35-44,5.292128899398426,Low,2248.4450766806376,Low,50.9079364983139,0,0,1,0,84.2
Dry,25-34,4.603494047356465,Medium,1765.5946404028246,Moderate,26.663565657694686,0,0,0,0,85.4
Sensitive,35-44,7.372338261115512,High,2134.476777188379,Low,50.882786211974256,0,0,1,0,83.1
Combination,25-34,6.459650221265923,Medium,1387.7784673763636,High,83.64834940084356,1,0,0,1,77.1
Oily,18-24,7.2530391172140884,Medium,1564.0681962173358,Low,6.582955635376372,0,0,0,0,88.3
Combination,18-24,7.491458855082131,Medium,1158.6554307995498,Moderate,31.899310979490785,1,1,0,0,72.5
Normal,25-34,6.586063330710472,Low,1685.7675087492676,Moderate,65.5262256197096,0,0,0,0,95.1
Normal,25-34,7.412138935950603,Low,1383.7398749043875,High,36.06292874322183,0,0,0,0,93.2
Oily,55+,7.146154430467988,High,2312.0283659578436,Moderate,60.0084639881633,0,0,1,0,83.9
Oily,25-34,3.4890441504870457,Low,1625.4207372048456,Moderate,39.965375157151364,1,0,0,0,76.2
Dry,25-34,3.878173108007217,Medium,2138.31064575829,Extreme,60.93588567565574,0,1,0,0,80.1
Dry,18-24,9.891923770363125,High,2373.9532203617164,High,24.051148352182288,0,1,0,0,85.9
Sensitive,18-24,7.000107800588294,Low,2585.671205754261,High,18.536643087784924,0,0,1,1,78.0
Dry,35-44,8.425362477575645,Medium,1823.2877293444847,Extreme,49.97269498746696,0,1,1,0,79.5
Dry,18-24,6.481444141559386,Low,2155.318749469897,High,5.295587364382989,0,0,0,1,82.8
Normal,35-44,6.912977358409105,Low,2171.2507502817525,High,58.328319914988136,0,0,0,0,96.0
Normal,35-44,6.3199530185937345,Low,2636.0456907610906,Extreme,31.582439677253323,0,0,1,1,78.1
Dry,25-34,10.0,Medium,2391.779039541973,High,21.88250374584172,0,1,0,1,82.0
Oily,45-54,7.379863633546214,Medium,2651.6724943933555,Moderate,96.80078139519435,0,0,1,1,84.7
Combination,25-34,5.697713141740704,Medium,1167.6742708596923,Moderate,56.84295436744327,0,1,0,0,81.4
Normal,25-34,4.022690429854714,High,1667.8644949640745,Low,11.594500650026461,1,0,0,1,62.5
Normal,45-54,9.960600164103777,Low,2515.9084171119634,Low,58.79231699007986,0,0,1,0,94.8
Oily,45-54,6.755082422157545,Medium,2290.3509184489126,High,56.426207126560655,0,1,0,0,85.7
Oily,18-24,8.116343679342396,Medium,1937.477227138735,Moderate,0.0,1,0,0,0,80.1
Normal,18-24,8.283995935459819,Low,1762.9750583199939,High,58.69129404243766,0,0,0,0,98.0
Combination,18-24,6.305754214854444,Low,2394.3422723144645,Extreme,73.82055295344651,1,0,0,1,79.8
Normal,25-34,7.508679163079234,Medium,1010.2114642804387,Moderate,39.4288137253335,0,1,0,0,83.0
Dry,55+,6.093792569872574,High,2396.0955926563674,Low,42.69842820544755,1,1,1,1,55.2
Oily,25-34,5.014360456940876,High,2045.3441330204075,Moderate,36.06995071467918,0,0,0,0,84.7
Normal,25-34,8.246697038768318,Low,1755.5802412038674,Low,59.6363530535706,0,0,0,0,98.0
Oily,45-54,6.762715930266701,High,2251.2204509515727,Moderate,53.76343386783426,1,0,1,1,65.4
Combination,25-34,7.277769250403983,High,1806.9754588574417,Moderate,44.759368834460446,1,0,0,0,79.6
Oily,25-34,7.116381490822657,Medium,2014.509367362935,High,29.76453631138615,1,0,1,1,66.2
Combination,45-54,7.956897940082934,Low,1976.8770995548211,Moderate,100.0,1,0,1,1,76.9
Normal,45-54,4.665194598697562,High,2372.264961991732,Low,53.509716874881605,0,0,1,0,78.4
Combination,45-54,6.122064203025445,Medium,2079.5909105916317,Low,77.51463792877075,0,0,1,0,86.2
Oily,25-34,6.0132872637553625,High,1045.4401744433626,Moderate,56.63663187383379,0,1,0,0,78.8
Dry,35-44,5.752781990647764,Medium,1303.9530987483884,Moderate,0.0,0,1,0,0,76.1
Dry,18-24,7.6435102720245816,Medium,1457.9168984005364,Moderate,40.73250491618604,0,1,0,0,84.3
Sensitive,25-34,8.280339616393846,Low,2228.272333389291,Moderate,36.175620927567174,1,0,0,0,86.6
Oily,55+,9.017776983019447,High,2278.426210761377,High,74.41837674708395,1,0,1,1,72.0
Normal,25-34,5.991192852185175,Low,2835.178592377102,Extreme,18.34048985756061,0,0,1,1,76.5
Normal,35-44,7.437948793686861,Low,1492.784794516219,Moderate,72.37050414238182,0,0,0,0,97.1
Combination,25-34,7.168465256735149,Medium,2654.626484943908,High,74.91230812140445,0,0,0,0,97.1
Dry,18-24,7.931884141305294,Medium,1031.0606675116096,Low,57.01018293931391,0,1,0,0,85.6
Combination,35-44,5.682797390391034,Low,2008.8789787455607,High,60.09442334269465,0,0,0,0,93.4
Oily,18-24,9.73087040239745,Medium,2122.601700022347,Moderate,40.102241332025656,1,0,0,0,87.7
Oily,35-44,8.389780276519668,Medium,2120.795128284715,Moderate,56.91245951783267,1,0,0,1,79.7
Normal,18-24,8.428974015538662,Medium,1845.2022411214766,Low,16.49753531949336,0,0,0,0,92.2
Sensitive,45-54,8.805190085350596,Low,2058.9477959302244,High,79.44691235847733,0,1,1,0,85.7
Dry,25-34,7.301203913398977,Medium,1382.3902146823507,Low,76.28719606930683,0,1,0,0,87.0
Sensitive,18-24,5.459029865423542,Low,2432.580743398211,Extreme,43.19025795117747,1,0,0,0,82.1
Oily,18-24,6.7915409026673395,Low,2124.8952167267203,Low,50.45961654243334,1,0,0,0,84.9
Dry,45-54,4.523419907407127,Medium,2181.116706740934,Low,57.41343125858482,0,1,0,0,81.2
Dry,35-44,7.622608764548627,Medium,1860.4917692229594,Moderate,67.81610926393662,0,0,0,0,95.7
Oily,35-44,6.74617951275168,Low,1836.010187625583,High,46.58922393905308,0,0,0,1,86.8
Combination,25-34,6.439216424709603,Medium,2262.365447082634,Moderate,12.286341795050248,1,0,0,0,78.6
Sensitive,25-34,8.306001695128476,Low,2794.9869249787043,Low,36.99408226036126,1,0,0,0,87.9
Combination,18-24,6.314508942165311,Low,1303.1844547003857,High,0.0,0,0,0,0,87.2
Combination,25-34,6.121815261841886,Medium,1277.9649126030547,Moderate,69.40146035086067,0,0,0,0,91.7
Oily,18-24,7.0329599439448245,Medium,2133.102656194462,Low,59.94143378522428,1,0,0,0,84.3
Oily,55+,4.240011625879552,Medium,1833.8999568228414,Moderate,49.63659978748385,0,0,1,0,79.1
Sensitive,35-44,6.600904516356995,Medium,2062.052885836247,Moderate,57.57339323389429,0,0,1,0,85.1
Normal,25-34,3.0,Medium,1988.1053427003303,Moderate,45.948314319279376,0,0,0,0,84.6
Combination,18-24,6.121717657156391,Medium,2311.004683926847,High,49.28742705212917,1,0,0,1,74.8
Combination,35-44,8.28278358008924,Low,1856.9182848900277,High,46.9683026278576,0,0,1,0,89.0
Dry,18-24,7.670899837376604,Low,1395.8941050503663,High,37.920138346855374,1,1,1,1,60.9
Sensitive,18-24,6.107769534318885,Medium,1605.0730194540142,Moderate,97.73723565353976,0,0,0,0,95.2
Oily,18-24,7.0611973273357185,Medium,1919.774172552752,Low,18.729580922143107,1,0,0,0,79.8
Oily,25-34,4.887515649304392,Medium,1372.5147655643011,High,74.8216887855295,1,1,0,1,65.0
Normal,35-44,6.99648489527572,Low,1981.573046624508,Extreme,19.621804663030446,0,0,0,0,91.9
Oily,25-34,10.0,Medium,2030.3773278572507,Moderate,90.19443039763132,0,0,0,0,100.0
Oily,18-24,9.768701980557896,High,1821.0982000644258,Moderate,0.0,1,0,0,0,80.2
Oily,25-34,6.578933195025892,Medium,2104.6110668958972,High,61.63471938706985,0,0,0,0,93.5
Combination,35-44,7.240216247373062,Medium,1192.8607095688449,Moderate,43.532584423907,0,1,0,0,83.2
Sensitive,18-24,5.5306520280481735,Low,1523.4078307183806,Extreme,60.82444562722405,0,0,0,0,92.2
Normal,18-24,5.797316338073424,Low,1428.6505568481975,Moderate,46.61963942711454,0,0,0,0,91.1
Oily,45-54,7.543276483157041,Low,2439.9283689737117,Moderate,75.1404477401018,0,1,1,0,83.5
Sensitive,55+,6.212661151545273,Medium,3153.082001290317,Low,15.960665127368202,0,0,1,0,82.3
Normal,55+,8.356224392277372,High,1559.5902100138628,Extreme,49.230169252854466,0,1,1,1,68.8
Normal,45-54,9.354528521466635,High,1882.3788815162816,Low,64.63031345333917,0,0,0,1,88.9
Normal,18-24,7.498931177171558,Medium,1653.2853786922594,Extreme,33.467432904621276,0,0,0,0,91.7
Dry,18-24,7.15260580875989,High,2110.612620403972,Low,47.22359400073628,0,1,0,0,82.2
Normal,25-34,3.9788305626340223,Medium,1695.7956752899224,Low,33.396812742488464,1,0,0,1,67.7
Sensitive,25-34,7.6214153679080745,Medium,2141.3899383735934,Moderate,78.86932136248483,0,0,0,0,97.4
Oily,55+,5.284493047691413,Low,2332.5133083607934,Moderate,59.09881284359109,1,0,1,1,68.1
Dry,35-44,6.37298630704987,Medium,1388.0875310546212,Moderate,65.42457443434003,0,0,0,0,92.1
Oily,35-44,8.439363838577702,Low,2135.757157762484,Moderate,76.55969476842007,0,0,0,0,100.0
Oily,18-24,8.544637246463548,Medium,1102.9719883904768,Moderate,81.1796932494371,1,0,0,0,87.4
Dry,45-54,6.300238708974824,High,1871.7330177797735,Extreme,35.212295936872074,1,1,1,1,53.9
Combination,45-54,6.38662669762002,Low,1838.1597872596153,Extreme,100.0,0,1,1,1,75.4
Combination,18-24,5.951021690114992,Low,1885.431474742454,Moderate,59.82809544023285,1,0,0,1,76.7
Dry,45-54,5.203219382011134,Low,1843.9697718043922,Moderate,47.471360840855425,0,1,1,1,67.8
Sensitive,25-34,5.547806776843637,Medium,1752.5364397168057,High,100.0,0,0,0,0,94.6
Combination,18-24,4.580304971627967,Low,1867.1089108025574,Moderate,39.62364895730667,0,0,0,0,88.9
Combination,35-44,8.024593872262397,Medium,2119.068845888425,Low,29.72278836237726,0,0,1,0,85.3
Normal,35-44,7.5917854077428135,Medium,2133.1286036938745,Moderate,47.25440309657952,0,0,1,0,86.2
Normal,18-24,7.840793927305769,Medium,2057.599672349816,High,36.05370479012127,0,0,1,1,78.4
Oily,25-34,5.068393924137286,Low,1713.201288176762,Low,77.12342796200659,1,0,0,1,76.3
Dry,55+,5.207394154727416,High,2540.1683241273913,Moderate,47.1802878302258,0,0,1,1,72.2
Oily,35-44,7.08027141147034,Medium,2762.6775418291,Low,62.5021991474748,0,0,0,0,95.9
Oily,35-44,7.096153847425338,Medium,1355.792842477374,High,61.58965002624462,0,1,0,0,85.1
Combination,18-24,6.779095258730582,Medium,2082.13457797496,High,79.1532296600382,1,0,0,0,85.6
Combination,18-24,6.565775096218226,Medium,1765.9290337377538,Low,41.93570173242116,1,0,0,1,73.9
Sensitive,25-34,9.06616366654158,Low,2462.7990264474997,High,59.87436424955887,1,0,0,0,91.0
Oily,18-24,7.639037517689467,Medium,1993.702899395746,Moderate,32.783001751415135,1,0,0,0,82.5
Dry,18-24,9.956017587199737,Medium,2026.588973951568,Moderate,39.48240333374156,0,1,0,0,89.9
Oily,18-24,8.90344753814745,Medium,2247.483911695722,Moderate,63.12893746903326,0,0,0,0,98.6
Normal,25-34,9.054906389026018,Low,1851.230520734872,Moderate,68.21640875226969,0,0,0,0,100.0
Normal,25-34,4.888305850465997,Low,2838.740538699,High,92.49577511270601,1,0,0,0,86.7
Oily,45-54,7.889756486497045,Medium,2254.869864158275,Moderate,57.398481715889034,1,1,1,1,63.0
Oily,18-24,6.3523517665099405,Low,2465.803747487415,Low,43.405796681949276,1,0,0,0,84.0
Combination,25-34,4.004919932960701,High,1889.722202017934,Low,59.92906491183561,1,0,0,1,67.8
Normal,18-24,9.24400475433329,Low,1938.5721692070315,Extreme,38.278526248763505,0,0,1,0,90.2
Combination,25-34,6.0594612114415565,Medium,2405.8124297820023,Low,33.98178022794988,0,0,0,0,90.3
Dry,18-24,5.417347554599973,Medium,2355.591134129793,High,58.08980977503737,1,1,0,1,66.4
Oily,55+,6.37815420512696,High,1375.6657338336865,Moderate,40.204416193231204,0,0,1,1,71.5
Oily,35-44,5.805663815839271,Medium,2063.8162982414096,Low,52.76188642335622,0,0,1,0,83.0
Oily,25-34,5.459453048574999,Low,2236.918972783213,High,65.14223052875994,0,0,0,0,93.9
Dry,18-24,6.667594914726026,Low,1934.8496875016513,Extreme,57.752884954428616,0,1,0,0,87.0
Oily,25-34,9.096222789567115,Medium,2189.463782841663,Low,100.0,1,0,0,0,92.6
Normal,35-44,6.000524175183061,Medium,1956.0028760771522,Low,83.04547183990522,0,0,0,0,94.2
Normal,18-24,9.488905996328786,Medium,876.6245280221779,High,30.81642400708928,1,1,0,1,68.8
Dry,25-34,7.773255193969282,Low,1344.554280013917,Moderate,40.00596981489795,0,0,0,0,94.2
Sensitive,45-54,7.594407345379129,High,2487.4922170964096,Moderate,40.67930149959111,0,1,1,1,68.2
Oily,35-44,8.122180048377812,Low,1877.8098747888343,Moderate,35.675240310160135,0,0,1,0,87.6
Combination,45-54,7.020483495756186,Medium,2094.8454976212156,Moderate,91.55557747410097,0,1,1,0,81.4
Dry,45-54,8.92907515579514,High,1998.1715985044016,Low,53.05594425160411,0,1,0,0,86.2
Sensitive,45-54,7.850470394900651,Medium,1587.3508505856805,Moderate,40.34734178702515,0,1,1,0,76.9
Combination,25-34,4.0030010224617305,Medium,1766.4607640884708,Low,1.3197841341019654,0,0,0,0,81.7
Dry,25-34,6.944377897834948,Low,2164.4747384190837,High,13.207779680705983,1,0,0,1,74.5
Dry,35-44,8.175959714488922,High,2215.49806784859,Moderate,39.936673794132375,0,1,0,0,83.8
Combination,35-44,6.566498172098174,Low,3094.204735240158,High,60.09296174871434,1,0,0,1,80.3
Oily,55+,7.189383809070899,Medium,1761.128910611194,Extreme,40.08642395348373,1,0,1,1,66.9
Oily,18-24,6.08071300798839,High,2835.319579162946,Extreme,67.46205059546995,1,0,0,0,81.6
Normal,25-34,4.4335615159046595,Low,1569.792558549732,Moderate,26.604242863334722,0,0,0,0,86.7
Combination,25-34,4.17443469360314,Medium,2244.300096872679,Moderate,80.66133810766188,0,0,0,0,90.9
Combination,25-34,4.194398019396704,High,2088.9363097659175,Moderate,46.59138368629087,1,0,0,0,74.2
Normal,18-24,8.003567113705799,Medium,1937.067224412407,Moderate,61.4574930635638,0,0,0,0,96.0
Dry,35-44,3.264577437435507,Medium,1997.170774068647,High,46.99518754078951,0,0,1,1,70.2
Oily,18-24,6.000280109554779,High,1688.6925040470549,Low,75.42341841337108,1,0,0,0,79.9
Normal,35-44,5.851520072131933,Medium,2451.952277731923,Extreme,26.81924865815376,0,0,0,1,82.3
Sensitive,35-44,6.576760696018804,Medium,1578.6924797055458,Low,44.15124524515695,0,0,0,0,90.7
Oily,25-34,3.715352675095696,Medium,2158.762960157447,Moderate,25.762070563370663,1,0,0,1,67.3
Normal,25-34,7.105832142110928,Low,2377.92916678869,Moderate,79.39836828344438,0,0,0,0,98.9
Dry,35-44,5.090257908760152,Low,2692.1015466938597,Moderate,54.07299954394598,0,1,1,0,77.0
Combination,35-44,8.698608311063904,Low,2485.8847344489886,Moderate,36.29024139745169,0,0,0,0,98.0
Normal,45-54,6.067351468616751,Low,2286.214723198862,Low,55.08986910729338,0,0,1,1,79.2
Dry,45-54,6.85658046488212,Low,1681.1340184250034,Extreme,64.29998897075693,0,1,1,1,72.5
Dry,55+,7.005660784832809,Medium,1607.1124238467928,Extreme,23.073746061376244,0,0,1,1,74.5
Normal,25-34,6.866361579290858,Low,1430.71055743516,Moderate,53.989123800631845,1,0,0,0,84.0
Normal,45-54,7.055521566244213,High,1382.8672152866272,Low,56.59753884758986,0,1,0,1,74.5
Dry,45-54,6.3593341769010525,Medium,1999.2979809278283,Low,47.35357412745037,0,1,1,0,75.5
Oily,45-54,7.514572796041064,Medium,1636.291648816739,Low,28.341532794353217,0,0,1,1,76.1
Sensitive,18-24,7.699220695742431,Medium,2599.6128172447998,Moderate,87.21361074183623,0,0,0,0,99.3
Combination,55+,5.852297999335569,Low,1710.5192042197855,Moderate,38.280047713461,0,0,1,0,83.0
Sensitive,25-34,7.139551728460336,Medium,2047.1279186858415,Moderate,0.0,0,0,0,0,88.4
Oily,35-44,8.787580453602544,Medium,1867.6781157799142,Moderate,68.90050657259566,1,0,0,1,81.2
Sensitive,18-24,8.058841294156828,Medium,1298.0712813079244,High,74.52305451954845,0,0,0,0,96.2
Oily,25-34,7.898562862470781,Low,2544.720415790159,Low,73.32316178440604,1,0,0,0,90.2
Oily,25-34,6.757881273361168,Medium,2347.7410423224965,Moderate,60.33080576811239,0,0,0,0,94.2
Normal,25-34,5.095774330887681,Medium,2405.2610444615243,High,53.460447214627884,0,0,0,0,90.3
Normal,18-24,5.785533310444532,Medium,2297.473330124477,Extreme,37.82818029450643,0,0,0,1,82.9
Dry,45-54,7.479831951781618,Low,1620.2574825024399,High,47.900377259808565,0,1,0,1,80.0
Oily,18-24,8.414145587728466,Medium,1629.9755173816113,Moderate,66.89629125003066,1,0,0,0,86.8
Oily,25-34,10.0,Medium,2225.9938205965577,High,46.080542126647295,0,0,0,0,99.1
Dry,18-24,8.472732916657906,Medium,2771.4597829921004,Extreme,14.06801281075851,0,0,0,1,86.9
Oily,25-34,4.744346363753747,Medium,2192.9894489215994,High,41.395157259260785,1,0,0,1,71.0
Dry,25-34,5.349091141460026,Low,2489.233338425486,Low,48.64382414972284,0,0,0,0,92.5
Oily,25-34,9.917775973933999,Low,1737.0638338510432,Moderate,0.23373749348058936,1,0,0,0,85.3
Combination,25-34,6.178416602034832,Low,2548.9254549849907,High,68.66937970733811,1,0,0,0,86.3
Combination,35-44,7.071271952141933,Low,1790.2658039326127,Moderate,60.016054873849185,0,0,1,0,87.7
Oily,18-24,5.559374619386157,Low,2120.0796356231,Moderate,15.93009589445861,1,0,0,0,79.0
Oily,18-24,9.347655108361366,Low,1816.919452310593,Moderate,42.563991676166026,1,0,0,1,81.6
Oily,18-24,7.750499810980938,Low,2444.578086838447,Moderate,47.44300202043448,1,0,0,0,87.1
Combination,55+,5.838097978172033,Medium,2451.38099464257,Moderate,73.64860711475856,0,0,1,0,85.9
Oily,25-34,5.0092620667140935,High,1261.6094599284154,Moderate,72.92904085704686,1,0,0,1,69.8
Oily,25-34,6.960805918846808,Medium,2662.6489171110898,High,76.95208838128792,1,0,0,0,86.9
Normal,18-24,7.0663092623206785,Medium,3188.2045963795968,Moderate,59.397187944800294,0,0,0,0,96.4
Oily,25-34,7.748165325831691,High,1822.3336584843548,Moderate,33.663271753657256,0,0,0,0,89.5
Oily,18-24,7.8204527096908,Medium,1936.599214168389,High,27.319561978312414,1,0,0,1,75.2
Combination,18-24,6.603279476847066,Low,2619.7148971200763,Moderate,32.482279217046106,0,0,0,0,93.7
Oily,25-34,5.6842976068079505,Medium,2033.383727652858,Moderate,48.353306986808846,1,0,0,0,80.3
Oily,25-34,6.2600867775517495,Medium,1998.0128449834529,Low,49.37146731147055,0,0,0,0,91.5
Combination,18-24,6.1739787300148565,Medium,2948.4843669437064,Moderate,75.72414619033987,0,0,0,0,95.8
Combination,35-44,6.804706700792857,High,1322.8514192959865,Extreme,53.64131360591459,0,1,0,0,80.6
Oily,55+,7.024661392929072,Medium,1605.5184349331355,High,0.0,1,0,1,1,62.3
Oily,25-34,5.153103659929915,High,2208.911496777929,Moderate,20.183770731233942,1,0,0,0,73.7
Oily,35-44,7.946019793146821,Medium,1190.2277030621499,Moderate,35.60562942507373,0,1,0,0,83.8
Sensitive,55+,6.444358428295494,Medium,1813.4954082984682,Low,40.58234299941041,0,0,1,1,75.6
Normal,45-54,5.737173474571985,Medium,1808.9171849623867,Moderate,0.0,0,0,0,0,85.1
Sensitive,25-34,5.972588857577198,Medium,2480.8869101111577,Low,100.0,0,0,0,0,96.9
Dry,35-44,7.363387234930429,Low,2346.4265172509595,High,5.43620706958005,0,1,0,0,84.0
Dry,18-24,7.124557299719955,Medium,1158.386375585339,Moderate,35.65640339365672,0,1,0,0,82.1
Normal,25-34,7.133177172356693,Medium,1653.4383291577253,Moderate,66.45990597074142,0,0,0,0,94.2
Oily,25-34,7.847519187613294,Medium,1654.9718579531996,Low,64.74184087273314,1,0,0,0,85.5
Oily,18-24,8.95741030601205,Low,1891.7120616248296,Moderate,13.257909174977875,1,0,0,0,85.0
Normal,25-34,6.92822924403208,Low,1451.2264051953264,Moderate,80.1684991025892,0,0,0,0,96.8
Dry,18-24,5.395896419146755,Medium,2225.823970985833,Moderate,76.52744877006995,1,1,0,0,74.9
Sensitive,35-44,6.596333796204549,High,1652.906465348128,High,70.46458606894994,0,0,0,0,90.5
Dry,25-34,4.993522423425488,Medium,2294.3109680018615,Moderate,50.681286246653364,0,1,0,0,81.6
Combination,25-34,9.045281110568423,Medium,1998.5728780841516,Moderate,27.157093149601806,0,0,0,0,94.8
Normal,18-24,9.981101323790746,Low,1513.4624304948052,Moderate,56.31043806967784,0,0,0,0,100.0
Oily,18-24,7.975466796244515,Medium,2694.1386513727484,High,55.654147621584386,0,0,0,0,96.9
Normal,25-34,7.787688263958547,Medium,2708.8633171415213,Low,37.83204995302132,1,0,0,0,84.8
Dry,55+,7.376414789854989,Medium,2145.17265760489,High,66.13861700645953,0,1,1,0,79.7
Sensitive,18-24,7.5490838731911865,High,1880.3968935779912,Moderate,73.28779287881456,0,0,0,0,93.2
Dry,25-34,4.103818672506316,High,1471.8535933126102,High,100.0,1,1,0,0,70.2
Normal,45-54,6.889101452114635,Low,2535.5566849362153,Moderate,37.45848935584309,0,0,0,0,94.6
Oily,18-24,5.67827040648061,Medium,2411.319767511566,Low,83.3226135753541,0,0,0,0,94.5
Dry,45-54,7.422034806307555,Low,1593.0020274934875,Extreme,38.692102249458166,0,1,1,1,70.9
Oily,25-34,6.4105852319171985,Low,1656.593633159592,Low,63.18617925008823,0,0,0,0,94.5
Combination,25-34,9.42023294351917,Low,2228.460232087856,Low,0.0,1,0,0,0,85.3
Combination,25-34,7.874941533084263,Medium,1412.2781263244165,Moderate,37.19115978261297,1,0,0,0,82.3
Dry,25-34,6.926767973782467,Medium,1687.1567881253043,Extreme,61.801678783054385,0,1,0,0,85.4
Oily,25-34,6.099590469290561,Medium,1479.7171675136842,Low,55.99777775649749,1,0,0,1,73.8
Oily,45-54,9.514032188139895,High,1495.832995182824,Moderate,9.871646846599681,0,0,1,1,75.0
Normal,35-44,6.955068030810205,Low,1639.9677529011492,Moderate,49.70277877980489,0,0,0,0,94.2
Oily,35-44,7.497510942452917,Medium,2453.0020772527714,Moderate,96.91794289014118,0,0,1,0,91.6
Oily,35-44,7.063374406640253,Medium,1122.726759829815,Moderate,85.72361359091427,0,0,0,0,94.9
Dry,25-34,5.893769141439016,Low,2216.7421399894856,Moderate,74.01154657952195,0,1,0,0,87.6
Dry,35-44,7.05475933357828,High,2128.973666405099,Moderate,100.0,0,0,0,0,95.4
Normal,25-34,3.5570497239825265,Medium,2484.1718820424653,Low,6.3774196252243485,0,0,0,0,82.7
Oily,35-44,4.678440398138219,High,2128.5244935652495,Extreme,50.13964571693227,0,0,1,0,77.6
Normal,25-34,7.0244458125044416,Medium,1810.5803376669335,Low,50.776826046963244,0,0,0,0,92.7
Normal,35-44,9.352299535791229,Low,1592.3451372800675,Moderate,41.72034317578738,0,0,0,0,98.1
Combination,45-54,7.522331656216253,Low,2495.205836954726,High,63.12168494873892,0,1,0,0,90.3
Normal,25-34,5.419446717655019,High,2248.4740421276465,Low,82.5245035094602,1,0,0,0,80.6
Oily,18-24,4.835719368898997,Low,1753.4321705918926,Low,52.758096248874566,1,0,0,0,80.5
Normal,25-34,7.676790890713457,High,2454.4558620833304,Moderate,0.0,1,0,0,0,77.3
Combination,25-34,5.649207273477349,Medium,1777.060892396943,High,66.92270166185529,1,0,0,0,81.5
Dry,35-44,7.96485312782884,Low,1999.529067253002,High,59.625181986841376,0,1,1,0,81.9
Oily,55+,7.584797737098576,Medium,1697.758145727685,High,0.0,1,0,1,1,63.6
Dry,25-34,7.217450588382034,Low,2266.9209522001142,Moderate,34.61244390560085,0,1,0,0,86.4
Combination,25-34,6.550402561030334,Low,1502.90432490506,Extreme,6.6075026364148215,0,0,0,1,81.8
Sensitive,35-44,7.575466577454462,High,1850.7056559669243,Moderate,67.80432268061162,0,0,1,0,84.6
Oily,18-24,6.820818398115497,Medium,1672.7231083744427,High,37.40168720275721,1,0,0,0,80.7
Combination,25-34,5.547040198447695,Medium,2131.8559808310083,Moderate,11.871335423180959,1,0,0,0,76.5
Sensitive,45-54,5.554751409225923,Low,2194.2439591205166,Low,81.27590342046328,0,1,0,1,80.6
Sensitive,35-44,3.4224868030435323,Low,1447.9195364541624,Moderate,47.93284012029733,0,0,0,0,86.5
Dry,18-24,6.728335656393236,Medium,2203.2156944123726,Low,83.10086353152866,1,1,0,0,78.2
Dry,18-24,9.27906727442793,Medium,1261.638308154482,Low,54.20488599480274,1,0,0,1,79.5
Oily,35-44,8.095120138806397,Medium,3095.9865857194804,Moderate,53.479583397306065,0,0,0,0,97.7
Combination,35-44,7.341563677713937,Medium,1744.2634653599505,Low,91.35173478647036,0,0,0,0,97.3
Dry,45-54,5.898992508566273,Medium,2524.630332484471,Moderate,66.50605705474857,0,1,0,0,85.5
Dry,25-34,7.996008838638616,Low,2100.5831962829166,Low,58.66508524852274,0,1,0,0,90.1
Oily,45-54,6.821036032295463,Low,2120.8977505095854,Moderate,58.37463318848568,0,0,1,1,80.7
Combination,25-34,8.862401470683588,Low,1416.9630370768714,Extreme,42.15807591021519,0,0,1,0,88.8
Combination,35-44,5.528369105057978,Medium,2421.720429540819,Moderate,70.10454491920017,0,0,1,0,84.9
Normal,25-34,5.375045708041015,Medium,2024.3235659572,Low,88.1005220943253,0,0,0,0,93.6
Combination,18-24,5.729095083670558,Low,2235.069844342195,Moderate,0.0,0,0,0,0,87.9
Dry,55+,4.77682244434898,Low,1954.6428385774411,High,96.70704509955183,0,1,1,0,79.1
Combination,18-24,5.594432972212356,Medium,2065.0215314583124,Moderate,24.79872106411658,0,0,0,0,87.8
Oily,25-34,6.654824389648876,High,1556.4142028841159,Moderate,54.81053826683581,1,0,0,0,78.9
Oily,45-54,5.931698462724059,Medium,1923.5544615846381,High,17.074254474132132,1,1,1,1,54.4
Sensitive,35-44,3.0,Low,1790.0553958403275,Low,100.0,0,0,0,0,91.6
Oily,45-54,8.611409946130182,Medium,1647.2144011219427,Moderate,25.43088507047848,1,0,1,1,68.1
Combination,25-34,3.9738594059788923,Medium,2067.2628698474564,Low,78.05825491079858,1,0,0,1,72.9
Oily,25-34,7.383842427329956,Low,2181.693477909258,Low,43.97054070717317,1,0,0,0,85.5
Dry,45-54,7.0468218845043475,Medium,2125.386004864923,Low,55.932214407687916,0,1,0,0,85.9
Oily,18-24,10.0,Medium,1948.8696025817671,Moderate,18.519994405242603,1,0,0,0,85.7
Dry,45-54,8.49543622228393,Low,2205.5545275151276,High,90.47919216841106,0,1,1,0,86.4
Oily,18-24,6.243093106772538,High,2121.0821059908876,Moderate,46.313284845654024,1,0,0,0,78.4
Normal,45-54,5.946904656467032,High,2048.7636022474894,Moderate,77.94181110914347,1,0,1,1,65.8
Oily,18-24,9.254091521198928,Medium,2083.075509984479,Moderate,0.0,0,0,0,0,92.7
Normal,25-34,4.2861933543478825,Low,2591.501494883968,Moderate,27.718966132519878,0,0,0,0,88.5
Sensitive,45-54,7.286319903878062,Medium,1397.4632192986749,Moderate,81.26764336873009,0,0,1,0,87.5
Sensitive,25-34,6.303319305125492,Low,1840.7019150910535,High,25.55320052633843,0,0,1,0,82.8
Oily,35-44,6.485160896942986,Low,2169.087304311436,Low,69.03142098979899,1,0,1,0,78.2
Combination,45-54,7.530270976672638,Medium,1208.632048758667,Moderate,43.453385388064596,0,0,1,0,83.8
Oily,35-44,7.284339790763013,Medium,2691.2922416630354,High,40.557467632150654,0,0,0,0,94.0
Dry,45-54,7.6861011141876165,Low,2127.4089378622407,Moderate,72.8185995900244,0,1,0,0,90.9
Combination,25-34,6.7084634785449255,Medium,2478.45088221187,Moderate,54.269186885715584,1,0,0,0,83.8
Sensitive,18-24,7.626522107525871,Low,2559.8809392774415,Moderate,36.899835140900606,1,0,0,0,86.1
Oily,18-24,7.140047789397392,High,2206.226464455326,Moderate,78.07854280770304,0,0,0,0,93.5
Combination,18-24,6.010859669175528,High,883.703147277975,Low,62.63662568421341,0,1,0,0,79.1
Oily,18-24,7.006001890354893,Medium,2073.847110865105,Low,0.0,0,0,0,0,88.2
Sensitive,25-34,5.42842016044397,Medium,2105.943456764299,Low,57.42055442934465,0,0,0,0,90.8
Normal,18-24,5.829435092903724,Low,1456.5666222142977,High,59.33120788526524,0,0,0,0,92.5
Dry,18-24,6.495774995923372,Medium,1105.1632716235913,Moderate,47.22080948960134,0,1,0,0,81.9
Dry,18-24,6.820865258896236,High,2230.8346514006766,High,0.0,0,1,0,0,77.1
Dry,45-54,7.0528379595217165,Low,1375.404831391032,Low,61.587786306290184,0,1,1,1,72.0
Normal,25-34,7.8745682410449955,Medium,3030.708604483393,High,68.93876773253675,0,0,0,0,98.7
Sensitive,25-34,5.752303876188735,Medium,2131.568640906578,Moderate,62.9644028796276,0,0,0,0,92.1
Normal,45-54,7.295277889712231,Medium,2675.7558587524545,Low,61.38698870219092,0,0,1,1,81.1
Dry,18-24,7.177041570915728,Medium,2015.5816996838907,Moderate,75.49758660356667,0,1,0,0,87.9
Oily,55+,6.087057568800902,High,2375.7694139881414,Extreme,10.394063880898635,0,0,1,1,70.0
Oily,35-44,7.110611179309817,Low,2026.6319656148592,Moderate,78.41043434752925,1,0,0,1,81.1
Dry,18-24,8.50408212276597,Medium,2502.7864651878367,Moderate,58.489845082426264,1,0,0,0,87.9
Oily,35-44,7.2797593253251005,High,980.8340492323266,Moderate,19.4086912859807,1,1,0,1,60.5
Normal,35-44,7.339875893540962,Medium,2444.0739219447105,Moderate,77.44322959700614,0,0,0,0,97.3
Normal,25-34,5.442007503585999,High,2334.382080467108,Low,95.15494004828544,0,0,0,0,92.1
Oily,45-54,9.953288276807314,Low,1922.9241709584894,Moderate,68.3455920294088,0,0,0,0,100.0
Combination,18-24,6.027465444516248,High,1795.4180576676035,Moderate,63.86175017287913,0,0,0,0,89.0
Combination,25-34,3.998324809178783,Low,1850.4488747451148,High,23.365402294356013,1,0,0,1,69.0
Normal,18-24,8.290276180327115,High,2141.3834841909993,Low,34.53504713126925,1,0,0,0,81.3
Oily,18-24,6.827774440527361,Low,2607.019682327983,Moderate,24.552406313629238,1,0,0,0,83.3
Normal,18-24,6.545437268579388,Medium,1732.905396111244,Moderate,59.89565058391817,1,0,0,1,75.5
Normal,45-54,6.181669329382709,Medium,1149.1164544205953,Moderate,47.050700711389055,0,1,1,0,73.4
Dry,18-24,9.807571936473757,Medium,3242.2904921225318,Moderate,35.50766206688816,0,0,0,0,99.7
Dry,25-34,7.031885417907024,Low,2335.7872822568447,High,67.59364605660792,0,1,0,0,89.5
Normal,25-34,7.324626832467628,High,1804.3941929790076,Moderate,91.74323247944093,1,0,0,0,84.4
Oily,45-54,7.243923435373401,Medium,2594.4233594985244,Moderate,57.808600767058884,0,0,1,0,87.5
Normal,55+,7.405074420167795,Medium,2466.846950907552,High,10.626860325555398,0,1,1,1,67.8
Combination,35-44,9.09793691583912,Low,2246.14118683495,Extreme,61.00419005511769,0,0,0,0,100.0
Sensitive,55+,6.623718008158457,High,1761.4741540027526,Low,69.7890225886829,0,0,1,1,75.7
Normal,35-44,4.814593681718906,Medium,2333.661259492169,High,80.78522956472946,0,0,0,0,92.4
Oily,55+,8.302081981341665,High,2544.779411846355,Moderate,41.912093086852565,1,0,1,0,74.9
Combination,35-44,7.7450524183635885,Medium,1139.9636338545774,Moderate,82.0252081593855,1,0,1,1,71.0
Sensitive,18-24,7.161969719327564,Low,2112.2474909860557,High,83.19099142194672,1,0,0,1,81.9
Oily,25-34,7.20612986232168,Medium,2149.0878513887346,Extreme,42.54799349039999,0,0,0,0,93.0
Normal,35-44,6.443883669558739,Medium,2133.038330714436,Low,80.50763970465385,0,0,1,0,87.2
Normal,25-34,6.531038874281389,Medium,2023.0918082580886,Moderate,73.25451962368392,0,0,0,0,94.4
Dry,25-34,6.302449619210135,Medium,2593.036537676951,High,22.721958695193262,0,1,0,0,82.1
Oily,25-34,5.612767614393625,Low,1894.341533461418,Moderate,74.00887354791098,0,0,0,0,94.4
Normal,45-54,8.783759174657504,Medium,1998.607275355515,Low,57.00059037943437,0,1,1,0,81.3
Dry,18-24,4.8816120588733,High,2157.832659039228,Extreme,43.81363756540649,0,1,0,1,70.5
Normal,35-44,10.0,Low,1910.9652363475916,Low,57.30128438507928,0,0,1,0,93.6
Combination,35-44,8.316043313809713,Low,1306.9993716244226,Moderate,91.03019194793953,1,1,0,0,82.3
Oily,55+,4.333036697946474,Medium,2107.0650218444666,Moderate,80.96127247962885,0,0,1,0,83.0
Normal,45-54,6.6637505057636055,Medium,2112.728188685729,Moderate,71.90820780858415,0,1,1,0,78.7
Dry,35-44,6.747181126144663,Medium,1817.4174592922752,Low,66.73973810639646,0,1,0,0,85.8
Oily,25-34,7.087829943413168,Medium,1933.842541735349,Low,47.392542242107375,1,0,0,1,75.8
Sensitive,18-24,5.51593259389042,High,500.0,Low,100.0,0,0,0,0,89.0
Dry,25-34,6.548038015052326,High,2604.2030246670674,High,32.88032964148432,0,0,1,1,73.6
Oily,35-44,6.81832090281603,Medium,2450.5150879302996,Moderate,48.82044532411329,1,0,0,0,83.4
Combination,45-54,5.893572456139841,Low,1331.0844097587412,High,67.56098842419861,0,1,0,0,85.2
Oily,35-44,5.684871652793152,Low,1662.266377486219,Moderate,37.33289546049153,0,0,0,0,90.4
Sensitive,18-24,8.378206970053535,High,2724.260680520795,Low,91.21887563191498,0,0,0,0,98.3
Oily,25-34,3.9551261899361094,Medium,1422.574661339524,Extreme,13.21631982152762,0,0,0,1,75.1
Dry,25-34,7.216818404144077,Medium,2239.229344618067,Low,32.15335841069346,0,0,0,0,92.1
Normal,18-24,8.196265460317186,Medium,1753.9916344597777,Moderate,39.95643037639703,0,0,0,0,93.9
Oily,18-24,6.672162492492375,Low,2205.0709783425827,High,24.883254406632503,1,0,0,0,82.2
Combination,18-24,7.078559259587494,Medium,2025.0690125785325,Low,76.0243940765801,1,0,0,0,85.8
Combination,45-54,8.745242499546071,Low,1858.384085361454,Low,27.12526511321063,0,0,0,0,95.9
Oily,25-34,5.442722733913914,Medium,2194.260936625727,High,25.920378511789323,1,0,0,0,77.9
Oily,25-34,5.597521356666314,Medium,1753.4764070757763,Moderate,33.07790368719315,1,0,0,0,78.0
Combination,55+,6.256774478351038,Low,1107.8835635222626,Moderate,71.07488011301078,0,0,1,1,78.8
Sensitive,25-34,8.247988398834922,Medium,1536.1388656231327,High,100.0,0,0,0,0,99.6
Normal,18-24,8.93844062032706,High,1476.070687559527,Extreme,63.05982073582358,1,0,0,0,84.1
Oily,25-34,4.406164648304571,Medium,1197.9404210395637,Low,17.157666721041288,0,0,0,0,82.9
Oily,18-24,8.509361120967455,Medium,2184.7000331738527,Low,34.495279415707834,1,0,0,1,77.8
Combination,18-24,8.228362459520927,Medium,1913.6166546947463,High,89.30203664835963,1,0,0,0,89.2
Normal,18-24,9.330392215674742,High,2176.9705329049098,Low,50.72155555219677,0,0,0,0,95.1
Oily,25-34,7.077662048189569,Medium,2260.3756778016877,Moderate,13.854869052358886,1,0,0,0,80.1
Combination,18-24,6.933609819582135,High,2378.2344183801206,Moderate,100.0,0,0,0,0,95.6
Normal,25-34,8.217825029857488,Medium,2203.460870574391,Moderate,35.755337407541475,0,0,0,0,94.4
Oily,45-54,8.048355687252648,High,1510.1957016028905,Moderate,58.21170210824457,0,0,0,1,84.9
Oily,25-34,9.86734762122309,High,2289.7627626254875,High,32.881408501132796,1,0,0,1,77.6
Oily,45-54,8.438061767442742,Medium,2110.902369603853,Low,36.11069941287491,1,0,0,0,84.7
Oily,25-34,6.730321964635873,Low,3095.0523895624137,Moderate,82.3995544208772,1,0,0,1,82.9
Dry,25-34,4.738843429435743,Low,2003.9591699365026,Moderate,54.90569012305706,1,1,0,0,73.0
Normal,35-44,6.128624234208822,Low,2191.449892866466,Moderate,67.88269321411117,0,0,0,0,95.4
Dry,18-24,4.846067532957976,Low,1952.587195592849,Low,18.011979498868364,1,1,0,1,62.4
Combination,18-24,6.6774069459087055,Low,2024.4479253482739,Moderate,42.518110396162825,1,0,0,0,83.7
Combination,35-44,8.389101389849268,Medium,1990.693322958452,Extreme,44.44933647429387,0,0,1,0,87.2
Normal,25-34,6.494493367279227,Low,1782.688211899674,High,29.358639783398633,1,0,1,1,66.5
Normal,35-44,8.532587903140108,Medium,2088.6768288774583,Low,71.6828121037523,0,0,0,0,98.4
Oily,45-54,7.50636060015852,High,2310.8802210615545,High,51.55340047172519,0,0,1,0,83.8
Oily,25-34,5.895361565368986,Medium,1790.2466603146706,Low,67.31584395527653,1,0,0,1,75.1
Oily,25-34,6.631437732754946,High,2417.786644255113,High,68.01842353171703,1,0,0,1,74.9
Dry,25-34,7.2081450365826445,Low,2357.155164799897,High,39.12467831969766,1,1,1,1,62.0
Normal,55+,7.208835097695424,Medium,1559.868874086677,Moderate,61.34895457826291,0,0,1,0,85.7
Normal,45-54,7.226026343277871,Medium,1518.1551371909277,Low,48.44506442603036,0,0,1,0,84.3
Oily,45-54,5.8464248386199404,Medium,2224.0767000534634,Moderate,40.302247399254696,1,1,0,1,65.2
Dry,25-34,5.850535602136676,Medium,1706.2321075104267,Low,23.493379538327265,0,1,0,0,79.5
Normal,35-44,10.0,Low,1477.1446763652534,Moderate,62.14931042360392,0,0,0,0,100.0
Dry,25-34,8.342699735635314,Low,2858.4487230767013,Low,31.450195826392815,0,0,0,0,97.5
Oily,18-24,4.789238654785426,Medium,1516.8362178506575,Low,84.45364039092442,0,0,0,0,91.1
Combination,45-54,3.4495465637404576,Medium,1238.2022759203803,Moderate,100.0,0,0,1,0,81.4
Combination,18-24,7.114288632173084,Medium,1608.1533057894426,High,61.87309243183836,0,0,0,0,93.6
Oily,55+,8.340209341638985,Low,2115.8240968612818,Moderate,56.087782547583444,0,0,1,0,90.5
Oily,18-24,6.220087243866689,Medium,2036.7760386671066,Moderate,50.464400915662004,1,0,0,0,81.6
Oily,45-54,8.532488092296907,Low,2943.6067150824156,Low,100.0,0,0,1,0,97.0
Oily,25-34,6.589481847510626,High,1615.8035261136179,Moderate,99.06073535257048,1,0,0,1,76.3
Dry,25-34,6.255408080409538,High,2118.0782034939616,Moderate,44.88539244032398,1,1,0,0,70.2
Combination,18-24,8.134172764262772,Low,2564.244444194575,Extreme,45.02760895770852,0,0,0,1,90.9
Dry,25-34,5.702186310646597,Low,1670.492075753326,Low,58.17329833941111,0,1,0,0,84.6
Combination,25-34,6.06994051729452,Medium,2351.8621040344856,Low,20.510080597303908,0,0,0,0,88.9
Oily,35-44,8.005250893195694,Low,1083.9144495705127,Low,15.002585218569507,0,0,0,0,91.7
Normal,18-24,6.952906094400964,High,2879.377269705369,High,16.551041272352897,1,0,1,1,63.3
Combination,18-24,9.863164410066604,Medium,2497.3788807536075,Moderate,42.45752344666764,0,0,0,0,99.0
Oily,18-24,8.040738119284027,Low,1659.6625013955143,High,26.37593264528325,1,0,0,1,77.0
Dry,25-34,7.443220742499142,Low,2414.908888916858,Moderate,86.37142193239046,0,1,0,0,92.4
Oily,45-54,6.925743030902398,Medium,2656.5914497299664,Extreme,23.268594700144142,1,0,1,1,66.5
Normal,45-54,8.31213201506441,Medium,1355.6657080916357,Low,26.613382963908848,0,0,0,1,85.0
Sensitive,18-24,6.5160883407975305,Medium,1700.0610505126097,Low,19.139401660039212,0,0,0,0,88.3
Normal,25-34,6.923566626799273,Low,2673.0417069214664,High,33.86724710394054,1,0,1,1,69.6
Sensitive,35-44,5.625560429493159,Low,2033.7364447199816,Moderate,65.04193436085552,0,0,1,0,85.8
Sensitive,25-34,8.059162088345888,Medium,2218.0830828497415,Moderate,63.01099717676785,0,0,0,0,96.9
Combination,25-34,6.935907045892688,Medium,2035.0986143031453,Moderate,49.1300333322439,1,0,0,0,82.9
Dry,25-34,9.473769595546814,Low,2445.7444218329056,Moderate,34.455266166251896,0,1,0,0,91.3
Dry,18-24,10.0,Low,2256.4658202740166,Extreme,23.688579172772105,0,0,1,0,90.9
Combination,18-24,8.144979177149722,Medium,2053.1086319610013,Extreme,60.47141889423099,1,0,0,1,79.4
Oily,18-24,7.102637966811855,Medium,949.1536760913402,Low,27.507462775316288,1,0,0,0,78.9
Oily,35-44,5.5809032318116465,Low,2320.005315257471,Moderate,79.52916997890733,0,0,0,0,95.8
Dry,18-24,8.357124704888236,Medium,2364.6204883296055,Moderate,12.939782332749935,0,0,0,0,92.7
Oily,18-24,7.315426845842842,Low,1380.2305636214865,Moderate,31.295918579484542,1,0,0,1,75.5
Oily,25-34,7.307052258731693,Medium,1414.2005458821986,Low,100.0,1,0,0,1,80.4
Oily,18-24,9.594681081184365,Medium,2258.7992978347984,Moderate,100.0,0,0,0,0,100.0
Dry,18-24,5.76336506700498,Medium,2097.162534067135,Extreme,15.973435899142878,0,1,0,0,79.3
Combination,45-54,5.613543747277995,Low,1012.6032090391698,Low,90.18631584697243,0,1,1,1,71.3
Oily,18-24,6.64536109244398,Low,1588.989147927211,High,90.33856564191777,0,0,0,0,97.5
Sensitive,35-44,8.231801724627735,Low,2156.921549451017,Low,100.0,0,0,1,0,94.8
Dry,25-34,7.332300860321732,High,2338.3384345844343,Moderate,48.329430479814334,1,1,0,0,73.2
Combination,35-44,5.656467232456341,Low,1707.840390087099,Moderate,11.751621613732787,0,0,1,0,79.9
Dry,25-34,7.634829351053725,Low,1926.2717557508186,Moderate,52.11767375568488,0,1,0,0,88.3
Combination,18-24,5.198180771660105,Low,1560.323947152689,High,60.28750387013386,0,0,0,0,91.5
Normal,45-54,5.7433874884767135,Medium,2661.9618370807652,Extreme,65.96038910834955,0,0,1,0,85.4
Combination,25-34,6.326814024216215,Medium,2087.2941387630044,Moderate,61.92390649817826,0,0,0,0,93.0
Normal,45-54,6.16985313103717,Low,1666.1558585926268,Moderate,39.69751449408548,0,0,1,1,76.6
Combination,25-34,7.8347892329764015,Medium,1421.849283912591,Moderate,37.904509864856834,1,1,0,0,74.3
Sensitive,55+,7.429567724501641,Low,1366.5563156005157,Low,5.147388491896841,0,1,0,0,82.1
Oily,35-44,9.64834176644089,Medium,2905.7773596261654,Low,82.25553739264195,0,0,0,0,100.0
Oily,55+,6.629221951968378,Low,1913.244077902442,High,27.55838430854223,0,0,1,1,76.8
Combination,25-34,6.316696773438885,Low,1800.2394549108756,Moderate,43.77278750106694,0,0,0,0,92.6
Oily,25-34,8.315573913592644,Medium,1893.3780927341493,Moderate,56.32914872655064,0,0,0,0,96.1
Combination,35-44,6.863618795314307,Medium,1684.8951069315888,Extreme,45.985649401634774,0,0,1,1,76.7
Normal,45-54,9.241007871561319,Medium,1946.4947534607118,Low,33.18709695106815,0,0,1,1,80.7
Normal,55+,7.811242315576737,Medium,2017.4642018024845,Low,56.396257262875004,0,0,1,1,80.3
Sensitive,25-34,3.0,Low,2007.501766071094,High,20.41334913740284,0,0,1,0,76.1
Dry,35-44,8.766355621224196,Low,1368.7011006617727,Moderate,79.17125312038594,0,1,0,0,92.2
Combination,18-24,8.369090219679713,Medium,2446.2154900240967,Moderate,66.51106146141944,1,0,0,0,88.3
Oily,25-34,7.9269989091658175,High,1723.5202834297165,Low,36.256956790725646,0,0,0,0,89.9
Dry,18-24,4.133532432182113,High,1670.6683263945931,Extreme,37.64930818421635,0,1,0,1,67.4
Dry,25-34,5.505515058093429,Medium,1648.0869917337286,Low,25.305946575209383,1,1,0,0,68.8
Dry,45-54,6.116942749664846,Medium,1473.7641534344514,Low,50.44516092849977,0,1,1,0,74.2
Dry,18-24,5.738317948659411,Medium,2133.898832643656,Low,44.9792192674811,1,1,0,0,72.2
Dry,35-44,9.612883797840908,Medium,2447.4909861700003,Moderate,52.03826505833704,0,0,0,0,99.3
Oily,25-34,6.482348243264549,Medium,1638.5053906830933,High,86.21663699544627,1,0,0,0,84.9
Oily,18-24,6.945158586056244,Low,1078.4371073091143,Low,6.2736009254637395,1,0,0,0,78.7
Combination,25-34,7.328012465473669,Low,1486.4427011957882,Low,27.299441259295325,0,0,0,0,92.4
Oily,25-34,7.353952501834073,Low,1775.8570253529738,Moderate,68.28558407474173,1,0,0,1,80.1
Dry,18-24,3.0,Medium,1384.2823442843737,Extreme,100.0,0,0,0,0,88.8
Oily,45-54,6.030463694275955,Medium,1700.6341554989644,Low,38.39962892729085,0,0,0,1,82.3
Dry,55+,4.880817133313085,Medium,1724.2365878596331,Moderate,75.30325622949395,0,1,1,0,74.7
Combination,18-24,7.600459139732229,High,1992.2549889415363,Moderate,21.246971454531753,1,0,0,1,71.3
Oily,18-24,6.566661378498929,High,1272.5227668738544,High,40.26636076911254,0,0,0,0,86.7
Normal,25-34,6.523081346751903,Low,2290.056686496153,High,50.25405470307836,0,0,0,0,94.7
Normal,35-44,3.8822203766642156,Medium,2830.4694093498947,Low,42.73710592135859,0,0,0,0,87.7
Dry,25-34,6.035221662964253,Medium,2714.558602740051,Moderate,39.519118975543954,1,1,0,0,73.5
Combination,18-24,8.672695377749223,High,1707.9779263508713,Low,15.910050051384964,1,0,0,0,79.4
Normal,25-34,8.614174224653251,Low,2334.3275805791795,Moderate,66.85735521018599,0,0,0,0,100.0
Combination,55+,8.07829512931105,Low,2275.1269029510054,Low,27.548833479245644,0,1,1,0,79.5
Oily,25-34,4.4968020598278216,Medium,1978.2374185353844,Low,33.40381230262846,0,0,0,0,86.3
Oily,25-34,8.389102704488185,High,2088.502820587562,Moderate,30.45140370492279,0,0,0,0,91.0
Sensitive,55+,8.086003382500024,High,2341.521898429522,Extreme,46.78069290785807,0,0,1,1,77.5
Oily,35-44,6.824216448903192,Medium,2441.6879021867207,High,63.61314318210751,0,0,1,0,86.9
Oily,35-44,3.962445528235384,High,1594.1638682991365,Low,61.568497371627394,0,0,0,0,84.3
Normal,25-34,7.930392425993775,Low,2373.8456949913416,Low,100.0,0,0,0,0,100.0
Normal,55+,6.111750505024931,Medium,2833.231261742723,Low,43.872972022789895,0,0,1,1,77.3
Oily,35-44,7.519248731582172,Medium,2441.09082100877,Low,57.48936388253374,1,0,0,0,85.7
Normal,45-54,7.102590790954994,Low,2768.2314576449303,Moderate,93.42486459119226,0,1,0,1,86.1
Dry,35-44,9.307592476657417,Low,708.2403215774827,High,65.62211762725107,0,0,1,0,90.6
Oily,35-44,6.811949521003737,High,2297.854531314047,High,57.53191921390119,0,0,0,0,91.0
Dry,25-34,6.477329614871079,Medium,2132.1256349541027,Extreme,46.66103510957508,0,0,1,0,83.9
Normal,25-34,8.867923085717944,High,2513.542348611783,Moderate,54.84959704720627,0,0,0,0,95.2
Oily,35-44,6.0126666343747175,Low,1437.186921210799,High,84.36936566049592,0,1,0,0,87.3
Dry,25-34,7.721484277111665,Medium,1746.9294541141412,High,83.63368076795483,0,0,0,0,97.3
Sensitive,25-34,6.202076415682304,Medium,2450.2683664903243,Moderate,90.78842921751242,0,0,0,0,96.4
Normal,18-24,5.496187056992606,High,1470.165721271084,Extreme,61.67199308760648,0,0,0,0,87.1
Combination,45-54,7.001741480081309,Low,2121.1571287256907,Extreme,65.26902708751467,0,1,1,0,80.8
Dry,18-24,8.037557670411982,Medium,1991.5307085472257,High,100.0,0,1,0,0,92.1
Dry,45-54,9.030564759964767,Low,1902.034666566993,Low,48.13837717536502,0,1,0,1,83.7
Dry,35-44,9.212040978018523,Medium,2286.349321048445,Low,77.45586404086549,0,1,0,0,92.7
Normal,18-24,6.557853888661701,Low,1442.2496063103167,Extreme,79.35533035230576,0,0,0,0,95.9
Normal,25-34,5.01912615195168,Low,1609.941609184937,Moderate,76.1076673600158,0,0,0,0,92.9
Dry,25-34,6.021891650633781,Medium,1930.3756022765199,High,30.940164520632283,0,0,0,1,82.0
Oily,25-34,4.727703870004767,Medium,1399.408817414543,Moderate,100.0,1,0,0,0,82.3
Sensitive,25-34,6.173920700875242,Low,2615.460901166521,High,100.0,1,0,0,0,89.6
Oily,18-24,6.487502074570362,Low,1600.6164312849787,Low,76.49954750043634,0,0,0,0,95.8
Normal,55+,8.091235306235149,High,2393.164800020447,Moderate,24.839244955378476,0,0,1,0,82.5
Combination,18-24,3.691097230128433,Low,1562.2483465263424,High,74.49427583312573,0,0,0,0,90.0
Oily,35-44,5.899588080870041,Low,2352.0986030713757,Moderate,2.214218345359164,0,0,1,0,80.7
Dry,25-34,5.4117225433371265,Low,1195.5756627765522,Moderate,44.19470952749544,1,1,0,0,71.6
Dry,35-44,8.780690878612038,High,2704.307700522254,High,62.66671521923031,0,1,0,0,88.2
Sensitive,25-34,4.829233433898475,Low,2567.566502553317,Low,53.76988938203929,0,0,0,0,92.2
Combination,35-44,7.339986039473491,High,1723.7082459387238,Low,99.58257085374899,1,0,0,0,85.1
Dry,35-44,6.807807378370328,High,1587.179683961433,High,62.59388107555275,1,1,0,0,72.0
Dry,35-44,8.564563790254573,Medium,2228.90125625006,Low,35.96952054022579,0,0,1,0,87.2
Sensitive,18-24,7.893747796765821,Low,1236.9468890981254,Moderate,83.82826225693114,0,0,0,0,98.6
Oily,35-44,7.181865597730569,Medium,2017.3760433971256,Extreme,69.96041749677381,0,0,0,0,95.4
Normal,25-34,5.667999688117898,Medium,1596.2057825410802,Moderate,6.169558656783138,1,0,0,0,75.1
Oily,18-24,4.221486245335186,Medium,1872.844942361013,Extreme,83.44888204086861,0,0,0,0,90.5
Oily,25-34,6.870628483531108,High,1678.0756144631657,Moderate,52.53221944960959,1,0,0,1,72.4
Dry,25-34,7.295734697794809,Low,1600.815683553109,Moderate,74.63139776939931,0,1,0,0,89.3
Dry,25-34,4.137698581288021,Medium,2852.397078812293,Low,60.26314959708271,0,1,0,0,82.0
Dry,35-44,5.149458753507176,Low,2390.271741668486,Low,51.5784973093278,0,0,0,0,92.2
Normal,25-34,6.878494960057514,Medium,1260.068508913927,Extreme,60.60618155442396,0,1,0,0,84.3
Combination,25-34,7.008712529311805,Medium,1562.0932976162958,Low,47.48107890746494,1,0,0,1,74.9
Oily,18-24,5.514029034861911,Low,2428.7245146674563,Low,57.269866788420586,1,0,0,0,83.6
Dry,35-44,6.1389029296479425,Low,2484.343421902254,High,75.03149612129764,0,1,0,0,88.7
Dry,25-34,3.74526674214436,Low,1307.4586521735769,High,53.67280897523672,1,1,0,1,62.5
Oily,25-34,8.565895855719852,Medium,2349.3024243456516,Extreme,61.62775520293909,0,0,0,0,98.0
Normal,35-44,5.050188388947322,High,2132.514558066511,Low,50.69794079561654,0,0,0,0,86.4
Normal,25-34,7.313389086872826,Medium,1029.165017467199,Low,35.714151187469795,0,0,0,0,90.3
Combination,25-34,6.44755895576993,Medium,1798.4011408033455,Moderate,69.37090755294102,1,0,0,1,76.4
Sensitive,25-34,8.434390429437139,Low,1931.9183418247487,Moderate,100.0,0,0,0,0,100.0
Dry,35-44,5.811618860837865,Low,2024.245902683674,Low,47.06251131019226,0,1,0,0,84.4
Normal,35-44,7.091879065510581,Low,1339.7086063399886,Low,67.879174339891,0,0,1,0,87.7
Oily,25-34,3.9523596361439743,Medium,1618.4922479076467,High,14.773139901303999,1,0,0,1,65.6
Combination,18-24,4.092209744590369,Medium,1688.528130675793,Moderate,95.11789487912912,1,0,0,1,74.1
Combination,18-24,7.894500375798211,High,1732.1621416701246,Low,78.65063029899584,1,0,0,0,84.1
Normal,35-44,4.322461241395446,Medium,1740.501276373592,Extreme,45.40488168199755,0,0,1,1,71.7
Normal,45-54,6.657673698348204,Medium,1933.6835445427582,Low,51.177526556042125,0,1,1,1,69.3
Combination,25-34,8.01694317195938,Low,2154.818307555209,High,80.2315738702698,1,0,0,0,90.4
Oily,18-24,8.120027284142019,Low,2887.1128622572896,Extreme,54.39808366770828,1,0,0,0,89.5
Oily,35-44,6.00312176807711,Low,2435.4443767732832,Moderate,75.81979197108033,0,0,1,0,88.5
Normal,45-54,4.617245295387741,Medium,2658.4316947548764,Moderate,35.344864672722856,0,0,1,0,80.1
Dry,45-54,7.764242292483293,Medium,1759.6221574881586,Low,74.42280237729429,0,1,1,0,80.5
Combination,35-44,9.01338517429027,Low,1498.0384248785351,High,56.28535518464903,1,0,0,0,88.7
Sensitive,45-54,6.0066428820015645,Medium,2400.712637773666,Low,82.47122581944828,0,1,0,0,87.1
Dry,18-24,5.795030712389325,Medium,1991.89453005762,Moderate,40.06220891730805,0,0,0,0,89.6
Dry,18-24,6.212647055696502,Low,2365.158900064768,Moderate,44.72564666577718,0,1,0,0,85.6
Normal,18-24,7.857413066210674,Medium,1558.8498877074792,Low,52.59693298193081,1,0,0,0,84.1
Dry,35-44,8.842776409622369,Medium,2324.288549383821,Extreme,45.37166428623159,0,0,0,1,89.9
Oily,18-24,5.140589782929217,Low,1912.3752567950542,High,100.0,1,0,0,1,79.1
Dry,25-34,4.25257728601302,Medium,1769.5495077658652,Low,23.63041595428021,0,1,0,0,76.4
Oily,25-34,10.0,Low,1816.6221171749942,Moderate,62.49635634239408,0,0,0,0,100.0
Oily,25-34,6.234015818164942,Medium,2245.2167086239388,Moderate,57.56832579028157,1,0,0,1,75.7
Normal,45-54,7.379339193535464,High,2387.0706581721947,High,79.02297683296814,0,1,1,0,78.4
Oily,18-24,5.962103739073541,Medium,1816.7929211395713,Low,0.0,0,0,0,0,85.6
Normal,25-34,7.234943464179074,Low,2172.1549142116646,Extreme,7.826507082410714,0,0,0,0,91.6
Normal,35-44,8.440091312052283,Medium,2170.408197166589,Low,46.28875046072511,0,0,0,0,95.8
Sensitive,18-24,7.449694257359394,Low,2369.168430015813,Low,88.00611698901298,0,0,0,0,100.0
Oily,35-44,9.611287115521652,Low,2493.457596641577,Moderate,53.39915289500733,0,0,0,0,100.0
Dry,45-54,6.509883115088362,Medium,2905.6106936363562,Low,52.37987456731628,0,1,1,0,78.1
Combination,45-54,6.605676290446936,Low,1767.414806738494,High,60.39468532399684,0,0,0,0,94.8
Sensitive,45-54,7.347109526916124,Low,2730.0049498300923,Low,53.974817329099984,0,0,0,1,90.6
Dry,25-34,7.197442468259146,Medium,2058.53718753067,Extreme,61.75148162472729,0,0,0,0,94.7
Combination,25-34,6.8419208930939135,Medium,1452.5993972941505,High,54.79980974442759,1,0,0,1,75.1
Oily,18-24,5.0733774595673635,Low,1674.757756976364,High,62.560124597482975,1,0,0,0,81.8
Oily,25-34,6.968772749293342,Medium,2232.980060108107,Moderate,87.904466806474,1,0,0,1,80.2
Oily,18-24,6.438739622794844,High,2361.8803559627368,Moderate,44.24554724560115,1,0,0,0,79.0
Dry,25-34,5.628534478888032,Low,1491.8660716360853,Moderate,52.754385184286264,1,1,0,0,73.5
Dry,45-54,7.048723082129865,Medium,1618.0578716908853,Extreme,35.364017349777235,0,1,1,1,67.9
Oily,25-34,5.057715969006178,Medium,1733.4416715705436,Low,18.683148456531374,1,0,0,0,75.5
Normal,25-34,4.796913014190153,Medium,1568.3159890509683,Moderate,49.81460933624019,0,0,0,0,87.7
Dry,25-34,3.0,Low,1059.9575048762567,Extreme,52.57300499955397,0,0,0,0,85.4
Normal,25-34,9.120855992764836,Low,890.3431435183472,Moderate,67.23502872483044,1,0,0,1,81.7
Dry,55+,7.833596978654503,Medium,1809.096442250814,Moderate,64.38380799361961,0,1,1,1,72.7
Dry,25-34,6.324853818040542,High,2126.0396448131833,Moderate,56.35886501161896,0,1,0,0,81.5
Combination,35-44,5.999165144670028,Medium,2327.7928033793255,Extreme,100.0,0,0,1,0,88.7
Combination,25-34,3.0,High,1318.8329630127778,Low,42.197967758912284,0,0,0,0,79.9
Combination,18-24,5.907206685667774,Medium,1327.3304413036508,Extreme,45.259078815773286,1,0,0,1,72.0
Oily,25-34,7.5737995057461145,High,1736.035698447822,Low,57.08122586340283,0,0,0,0,91.3
Combination,45-54,8.413261455390803,Medium,2001.6712264442858,High,30.402392780175344,0,1,1,1,70.9
Dry,18-24,7.963437990404953,High,2504.390800198399,Low,67.19870908966627,1,1,0,1,69.7
Normal,18-24,7.237587933628703,Low,2358.86103459511,Low,51.786127464687596,0,0,0,0,96.4
Normal,18-24,8.955811218897068,High,1816.0859144264684,High,52.25555317444988,0,0,0,0,93.8
Oily,35-44,6.5071941668671895,Low,2180.077652308882,Moderate,73.56998746276221,0,0,0,0,96.7
Oily,35-44,8.627783374201542,Low,1578.2303804349147,Moderate,69.39767857968268,1,0,0,0,89.4
Dry,25-34,5.92312633441968,Medium,2037.1728778249117,Moderate,60.275992972925394,1,1,0,0,73.9
Combination,25-34,5.178288036683357,Medium,1968.7883534832283,Moderate,40.25797319368122,1,0,0,0,78.3
Normal,45-54,5.491430529366218,Low,2702.151144913994,Low,99.23685624282507,0,0,1,1,83.3
Normal,35-44,5.40325536824057,High,2246.777541912729,Low,23.446123130196888,0,0,0,0,84.6
Sensitive,45-54,7.988602043203728,Medium,1614.6074769986485,Moderate,57.86049045052717,0,1,1,1,72.0
Normal,45-54,5.885881643354383,High,1619.722587093659,Low,46.18746517912711,0,0,1,1,71.6
Oily,35-44,5.450456732447584,High,1833.4542335526003,Moderate,41.9830924929892,1,0,0,0,75.8
Dry,25-34,7.57060282949204,Medium,1217.7669977784617,High,6.335011023488093,0,1,0,0,80.2
Dry,45-54,7.491955585708349,Low,1884.9898109266053,High,100.0,0,1,1,0,84.8
Normal,45-54,8.443887974268703,Low,1928.1703951758186,Moderate,76.06254832667261,0,0,1,0,92.4
Normal,18-24,7.768899266909198,Medium,2233.2634394831857,Moderate,34.21628205412163,0,0,0,0,93.4
Normal,18-24,5.870332629704032,Medium,2306.0626760744253,Low,67.42938836697618,0,0,0,0,93.1
Dry,55+,7.114153624702881,Medium,2049.4582046940195,Extreme,45.986870986338644,0,1,1,1,69.9
Dry,25-34,6.687699486154516,Medium,1185.0036566802196,Moderate,42.72503744227608,0,1,0,0,82.0
Oily,45-54,5.621262012288996,Low,1389.476734426132,Moderate,35.99785637265059,0,1,1,1,66.6
Dry,25-34,4.8430625388590105,Medium,1697.4475382002902,Low,50.4310192260709,0,1,0,0,80.1
Combination,18-24,5.978917586323443,Low,2326.1457243174445,Moderate,34.19232989514677,1,0,0,1,75.0
Normal,18-24,10.0,High,2309.261985537329,Moderate,25.695379308038284,0,0,0,0,94.2
Oily,18-24,6.380883858667676,Low,1875.2808634526161,Low,73.88984725426,1,0,0,0,85.9
Dry,18-24,8.849300187080072,Medium,3179.8652048834365,Moderate,29.443203785485096,0,0,0,0,97.0
Oily,25-34,5.797009235780303,Low,2780.783792532845,Moderate,85.1134749100051,1,0,0,0,87.7
Oily,35-44,8.333258229309989,Medium,2619.9596989259526,Low,42.13370027883158,1,0,1,0,78.1
Dry,55+,8.35373748333677,Medium,2350.3290772963164,Moderate,12.42595262500322,0,1,1,1,69.7
Combination,25-34,7.928885761928067,Low,2229.270876920857,Low,63.12637330254209,0,0,0,0,98.6
Combination,25-34,7.0817410130134375,Medium,2192.7880180555367,Low,38.83061495431287,1,0,0,0,82.4
Dry,25-34,8.566049868171728,High,1097.4854358187665,Moderate,10.479538397470947,0,1,0,0,79.4
Combination,25-34,7.067530954029092,High,1474.3578216026458,High,56.36778117881626,1,0,0,0,79.7
Oily,25-34,9.07029459401042,Low,1888.9316066257009,Low,17.352267636453043,0,0,0,0,95.7
Dry,18-24,4.57012029521735,Medium,2063.9362477054538,High,0.2703683592995745,1,0,0,1,66.3
Oily,18-24,7.522429371500228,Low,1937.7717385787034,Moderate,66.92591128563367,1,0,0,0,87.6
Normal,18-24,7.4249853888035,Low,2136.138390605499,Moderate,87.224873942909,1,0,0,0,89.8
Combination,18-24,5.595220231291763,Medium,948.3497251286803,Extreme,40.13241058042783,0,0,0,0,87.1
Dry,35-44,7.869376332645608,Low,2252.832151409667,High,90.29096271035834,0,1,1,0,85.3
Oily,18-24,4.764875986635072,Medium,2031.0687779059979,Moderate,70.05106680147014,1,0,0,0,80.6
Sensitive,45-54,6.018723511359507,High,1906.2750206208475,Moderate,91.68092563143901,0,0,1,1,77.0
Normal,45-54,4.001368280653288,Low,2463.6560172634636,Low,55.75739921412812,0,0,1,0,82.5
Oily,55+,9.337939775444223,Low,1477.2333083152218,Extreme,35.096678389580504,0,1,1,1,74.1
Normal,45-54,6.652675759082057,Medium,1881.552573686004,High,68.60304978510979,0,0,1,1,78.9
Combination,25-34,9.750326052224468,Medium,2142.2092056992437,High,66.20037537120352,0,0,0,0,100.0
Combination,25-34,7.704424889779244,High,1573.4943456951794,Low,18.48433424682619,1,0,0,0,77.4
Oily,18-24,7.672147320026537,High,998.3280109589206,High,41.89271636104755,1,0,1,1,63.5
Dry,45-54,6.120658458578501,Medium,1423.479944827301,Low,55.266648866245646,0,1,0,0,82.6
Oily,45-54,5.43047494646887,Low,1967.6397063780544,Low,52.94517546811589,1,1,0,1,67.1
Combination,45-54,7.784457360845418,Medium,1875.4901281685634,High,43.12233420943472,0,0,0,1,86.6
Oily,25-34,6.3927289860905265,Low,1990.8669754166453,Extreme,16.684239507910952,1,0,0,1,73.4
Oily,35-44,4.991094526772049,High,1670.3615779382696,Low,52.393455752599294,1,0,1,0,67.6
Sensitive,18-24,4.724712375237522,Low,1343.868083723436,Low,58.05694956912262,0,0,0,0,89.9
Oily,18-24,5.561944406284624,Medium,2068.504129103964,Low,38.180979926230904,1,0,0,0,79.1
Normal,35-44,9.731450837899345,Low,1916.7385027568055,Extreme,76.23330760183572,0,0,1,0,94.9
Dry,25-34,9.819916877016956,Medium,2318.9174413808314,Moderate,15.784489991858628,0,0,0,0,95.9
Sensitive,55+,7.307483720963365,Medium,1626.157608536106,Moderate,72.00983025756926,0,1,1,0,79.1
Oily,18-24,7.223414194361933,Medium,989.5740045773405,Moderate,5.1567431125942065,0,0,0,0,86.9
Normal,45-54,6.495519442255718,Medium,697.7700107749413,Moderate,58.3438444295106,0,0,1,0,82.2
Oily,25-34,5.098271977535747,Medium,1799.26539275946,Low,0.0,0,0,0,0,83.8
Dry,45-54,9.062768586410865,Low,2063.9545810588984,Low,37.75356138180924,0,1,1,0,82.0
Normal,45-54,9.810364590845705,High,1883.843739019085,High,59.451299374753305,0,1,0,0,88.3
Dry,45-54,5.6598713712410715,High,1717.4247738393756,Moderate,24.374705638707105,0,1,1,1,61.2
Sensitive,25-34,6.375742432363098,Low,1204.308793420953,Low,29.536598640980728,1,0,0,0,80.1
Oily,45-54,6.325200548934748,High,1055.3188976463916,Moderate,84.54736150755981,0,1,0,1,75.2
Oily,18-24,6.369641387702535,High,2183.6373904972997,Low,10.110589185405686,0,0,0,0,85.1
Oily,18-24,8.778862383144793,Medium,1886.1993851052573,Moderate,47.029128347071875,0,0,0,0,96.0
Normal,25-34,4.532057681950818,Low,1818.2408426199702,Low,86.9010263783817,0,0,0,0,93.4
Combination,45-54,7.699704536404459,Medium,1229.1245225414405,High,63.560548754925065,0,0,0,1,87.2
Oily,25-34,7.592357160958798,Medium,1516.8717000449944,Moderate,50.72358588803293,1,0,0,1,76.3
Oily,45-54,6.786773239597271,Medium,2022.5521747548703,Moderate,42.16133624695763,0,0,1,0,83.8
Dry,35-44,8.339601740480159,Medium,2142.307976732528,High,42.24679832110775,0,1,0,0,87.2
Oily,18-24,7.2214777608061755,High,1917.879933962419,Moderate,45.80563169563863,1,0,0,0,79.9
Dry,45-54,8.825694881734169,Medium,2689.6247130811953,Moderate,10.086192750448433,0,1,1,0,78.0
Normal,18-24,4.716692042611219,Low,1712.2530520718499,Low,75.31805668201174,0,0,0,0,92.4
Combination,45-54,6.476837108489696,Medium,2643.4359607549013,Extreme,65.18925611514476,0,1,0,0,86.8
Sensitive,25-34,6.392280285723448,Medium,2108.433380646,Low,21.305277010059335,1,0,0,1,72.1
Dry,25-34,3.0,Low,2054.066721143733,High,75.6506072867158,0,1,0,0,81.7
Sensitive,25-34,4.871070899632198,Medium,2466.261358239699,Extreme,81.98108772287573,0,0,0,0,92.9
Normal,18-24,5.77960111846182,Low,1687.9363262579095,Moderate,60.97722234322235,1,0,0,0,83.0
Oily,25-34,7.922308992235024,High,1835.3982704125187,Low,100.0,0,0,0,0,96.5
Dry,18-24,5.939734980528099,Medium,1388.229216979071,Low,52.40840564212543,0,1,0,0,81.9
Dry,18-24,5.772881519041034,Medium,2467.6062607527015,Moderate,88.25403039698622,1,1,0,0,77.3
Oily,18-24,8.226228670984288,Low,2167.7527206175646,Moderate,50.63778510062116,1,0,0,0,87.9
Oily,25-34,4.073134031314918,Medium,2548.896675952309,Moderate,61.31065240187547,1,0,0,0,79.4
Normal,35-44,3.893133898834642,Medium,2102.431701573355,High,46.16643441701903,0,0,0,0,86.6
Oily,25-34,5.95761154989598,Medium,2551.5211075956586,Extreme,2.8669385629254975,0,0,0,0,87.3
Normal,45-54,4.828439847882467,High,1626.355437860109,Moderate,14.335383059632143,0,1,1,1,58.3
Combination,35-44,4.885481058010527,Medium,2493.6198284852417,High,57.88882277501871,0,0,0,0,90.5
Oily,35-44,7.860150687531973,Medium,1801.0925362731798,Low,54.06858434440986,0,0,0,0,94.7
Normal,35-44,8.31396075686887,Low,2001.2659681751218,Moderate,30.500745190817284,0,0,0,0,95.7
Dry,25-34,7.683296323778187,Medium,2364.177756663507,Low,43.07084167392646,1,1,0,1,69.4
Dry,35-44,8.66316499046085,High,3163.9206214739297,Moderate,71.25339085417056,0,1,1,0,81.8
Combination,18-24,8.861701480022202,Medium,2410.026436855524,Extreme,82.2729781545863,1,0,0,1,83.8
Dry,45-54,3.8071146867596037,Medium,2457.1730674762857,High,42.696449499191814,0,1,1,1,63.8
Oily,35-44,7.6756179398942,High,1727.3110227325271,Moderate,69.82291833222331,1,0,0,0,82.8
Combination,18-24,6.205587700645662,Medium,2078.498995479794,Low,93.48072348352161,1,0,0,0,85.9
Dry,35-44,5.878863631014346,Medium,1952.0663663325668,Low,78.75007061396931,0,1,0,0,85.5
Normal,18-24,7.840621948313058,Medium,2703.8330672768125,Low,30.76337576837659,0,0,0,0,94.2
Dry,18-24,4.404556780156373,Medium,1927.0329023977065,Low,52.53494473157707,0,0,0,0,87.9
Sensitive,18-24,4.3733370911915195,Medium,2664.27092617468,Low,69.61933352878938,0,0,0,0,91.0
Oily,35-44,7.950359116122575,Medium,1349.1766466403049,Low,75.936515537854,1,0,1,0,78.2
Oily,35-44,7.731679026266347,High,2699.388662524921,Low,60.97656080300628,1,0,0,0,84.0
Normal,45-54,7.205098983807265,Low,1569.2995767409054,Low,72.09076022465563,0,0,1,0,88.8
Normal,18-24,5.680129892915295,Low,2426.9420787104013,Moderate,75.49215358485915,0,0,0,0,95.8
Oily,25-34,7.615744451873187,Low,1567.8347687653966,Moderate,23.704478663936136,1,0,0,0,82.7
Dry,35-44,8.020454338090714,Medium,2309.173628665335,Extreme,26.98488225730842,0,1,0,0,85.4
Normal,18-24,7.127956772571181,Medium,1518.7064197413522,Moderate,65.22066245519648,0,0,0,0,93.8
Sensitive,35-44,5.234018438095343,Low,2518.2404707116366,Moderate,71.16808984422734,0,0,0,0,94.6
Combination,18-24,6.362127481405739,Medium,2422.622732968564,Low,71.57777416655534,1,0,0,0,84.7
Dry,18-24,8.256750516286663,Medium,1699.6562878672507,Low,77.19185427894149,0,0,0,0,97.6
Combination,25-34,8.49078683420268,Medium,2289.042254494756,Moderate,3.740008066342348,0,0,0,0,91.9
Normal,35-44,6.510195094935507,High,2473.7163241612293,Low,39.074119938585994,0,0,0,0,88.9
Oily,18-24,6.6254905482876065,Medium,1538.3404731881678,High,46.871422932448866,0,0,0,1,84.0
Dry,18-24,6.757466337962408,Low,1482.9985778707664,High,24.407245049759002,1,0,0,0,80.9
Combination,18-24,7.412339513366458,Low,1464.3476345155605,High,38.17588201931956,0,0,0,0,93.6
Combination,18-24,6.128399049909964,Medium,1393.4986498122016,Moderate,18.03303584988531,0,0,0,0,86.8
Oily,18-24,3.0,Medium,1461.9535769932063,High,39.03513851536231,0,0,1,1,67.8
Sensitive,25-34,8.289153502470645,Low,2462.39410457666,Moderate,40.849208579206774,0,0,0,0,97.6
Normal,35-44,9.692033420743824,Low,2278.9249106319976,Moderate,68.61559883874249,0,0,0,0,100.0
Combination,25-34,5.581400210591431,Medium,1151.9989064041938,Moderate,72.56050415934104,1,0,0,0,80.7
Sensitive,35-44,5.400019946621839,Medium,1744.9165072968742,Low,85.21863477956725,0,0,0,0,92.8
Normal,35-44,6.794349216414667,Medium,1421.081705638358,Low,100.0,0,0,1,0,88.4
Combination,18-24,6.718744174406841,Low,2430.7650982544237,Moderate,73.47159501951518,0,0,0,0,97.6
Normal,18-24,8.493277865744439,Medium,1775.177131906959,Low,72.53374460675604,0,0,0,0,97.8
Oily,45-54,7.081959162467557,Medium,1227.786288589725,High,57.94743524940719,0,0,0,1,85.4
Dry,18-24,5.811065754443225,High,2085.08253388529,Low,42.32856092213072,1,1,0,1,62.0
Dry,18-24,5.022385824162926,Medium,2303.2460540656825,Low,81.82768912577203,0,1,0,0,84.8
Sensitive,18-24,8.29845127722951,Medium,1523.1507833807823,Moderate,58.67425109106372,1,0,0,0,85.5
Dry,35-44,7.899266861746375,Medium,1867.5420416592901,High,60.87303098170448,0,1,0,0,87.6
Oily,25-34,8.090839817137729,Medium,1548.8022576798776,Moderate,45.69540582627311,1,0,0,0,83.8
Combination,55+,5.547719873918359,Low,2622.023696059391,Low,63.49894961406895,0,0,1,0,86.7
Sensitive,45-54,9.757655349292493,High,1784.320931564034,Moderate,97.28819939471036,0,0,1,0,91.8
Normal,25-34,3.884458239414144,Medium,1639.0809013687995,Moderate,76.608188791231,0,0,0,0,88.7
Sensitive,25-34,7.56440153210222,Medium,1974.3372530754286,High,57.40619321591758,0,0,0,0,94.8
Normal,25-34,3.635625849204647,High,1896.225335016546,High,54.55399643173358,1,0,0,0,73.5
Combination,18-24,5.814502927452298,High,2344.2466969330017,High,58.28414778498281,1,0,0,1,72.1
Oily,18-24,9.341534395671939,Medium,2608.023612964444,Low,86.60506534155326,1,0,0,0,92.6
Normal,18-24,8.247046381713984,Low,2611.81162551125,Low,5.346224657629051,0,0,0,0,94.3
Oily,18-24,6.180669376769227,Medium,1809.0463197037625,Extreme,50.28613632219962,1,0,0,1,74.0
Dry,18-24,6.221744435767468,High,2152.5568165738273,Low,33.923283525267905,1,0,0,1,70.1
Oily,25-34,6.650933166253163,Low,2744.2499551452247,Low,36.686786472133825,0,0,0,0,94.5
Normal,55+,7.771211486141084,High,2763.4994041875025,High,28.73775668273465,0,1,1,1,67.9
Dry,25-34,8.377369074024045,Low,1562.0469226532323,Moderate,63.4780321118224,0,0,0,0,98.2
Sensitive,55+,6.315648993087258,Medium,2296.1226083216725,Moderate,3.731576809851461,0,0,1,0,79.6
Oily,25-34,4.082322404769197,Medium,2211.6027863859135,Low,46.538611262335834,0,0,0,0,87.2
Oily,25-34,6.73545294057314,Low,2463.19377222235,Low,4.461417304411199,0,0,0,0,90.8
Oily,25-34,5.813853743737408,High,2621.808783918894,High,32.687335605911144,1,0,0,1,70.1
Normal,18-24,5.04904944287733,Medium,1479.5119953528972,Low,44.6564183326054,0,1,0,0,79.5
Combination,18-24,7.446503372969191,Low,1654.6608474827124,Moderate,39.858956446236185,0,0,0,0,94.2
Combination,45-54,6.680329368860816,Medium,2453.8043781537963,High,77.02870154162194,0,0,0,0,96.0
Dry,55+,7.459768309704692,Medium,2074.0153774249934,Extreme,81.24162758892862,0,1,1,0,81.2
Oily,18-24,5.658333699719229,Low,886.3793962220927,High,98.95398725991225,1,0,0,1,78.0
Combination,18-24,7.7300657954882475,High,1166.8587789271,High,49.81212964028696,1,0,0,1,72.8
Dry,25-34,4.524352704867532,Low,2331.286570649489,Moderate,79.02711611058768,0,1,0,0,85.6
Combination,18-24,5.758402915455125,Low,2419.5554612858264,Extreme,86.59867203852895,0,0,0,0,97.0
Dry,25-34,6.135628653369084,Low,1325.256147859868,Moderate,38.09338083783958,0,1,0,0,82.7
Combination,18-24,9.612727622439571,Low,2549.583781063921,High,80.82733406779067,1,0,0,0,94.4
Dry,25-34,7.677238052822741,Medium,1901.4263344541741,Low,0.0,0,0,0,0,89.2
Oily,25-34,8.115788756401685,High,1488.762935105984,Low,57.442642445011884,1,0,0,0,82.0
Sensitive,25-34,8.625615550014716,Low,1719.8520549757382,Moderate,100.0,0,0,0,0,100.0
Dry,18-24,10.0,Low,1388.628386975598,High,52.48291000568689,1,0,0,0,90.0
Dry,25-34,6.562383601337651,Low,1692.0445083094685,Moderate,45.24026295223875,1,1,0,1,68.0
Oily,55+,9.130601384694783,Medium,1065.5510145556882,High,45.114355751805654,1,0,1,1,69.9
Dry,25-34,8.018952881602912,Medium,1963.083525500942,Low,86.71160571560976,0,0,0,0,98.6
Dry,45-54,8.49404875496129,Medium,2293.5593439639997,Low,20.208019411099187,0,1,1,0,77.6
Normal,45-54,9.661359427060273,Low,1326.2875162706532,High,50.224922336451826,0,1,1,0,83.0
Normal,55+,6.371030453523286,Medium,2008.5101353114735,Moderate,71.05792602694251,0,0,1,1,78.9
Dry,35-44,6.251972464095431,Medium,1597.6739859117906,Moderate,67.94727739355878,0,0,0,0,92.5
Combination,35-44,7.479648270222793,Medium,2334.400417682119,High,89.67174843920257,0,0,1,0,90.6
Dry,45-54,6.725950342117169,Medium,842.7964543505484,High,77.05654523704028,0,1,1,0,76.8
Oily,18-24,7.47775127949726,Medium,2355.944424024499,Moderate,38.20308101942874,1,0,0,0,83.5
Dry,25-34,8.844123177579517,Medium,1091.12170127349,High,64.53661672239646,0,1,0,0,88.3
Normal,55+,6.282779915940583,Low,1895.0298268883032,Moderate,17.010379494743,0,0,1,0,82.1
Oily,35-44,6.542981556109404,Medium,1645.5409417586507,Moderate,9.570245769848434,1,0,1,0,69.3
Normal,55+,7.2614665052898655,Medium,1819.648536595569,Low,34.7122698976999,0,1,1,0,75.6
Normal,35-44,6.657522360962246,Low,1235.304621611283,Low,61.99737615530532,0,0,1,0,86.0
Oily,45-54,4.128991257979769,Medium,2830.068820256891,Moderate,39.70928520115048,0,1,0,1,72.9
Oily,35-44,6.12980853595159,High,1356.7184611948314,Moderate,64.35950996456357,1,0,1,0,70.4
Normal,35-44,8.031059863356257,Medium,1396.1731970121373,Low,61.46318529879519,0,0,0,0,95.0
Oily,25-34,8.65632012639897,Medium,2897.4102925427587,Moderate,3.4972444860686593,0,0,0,0,93.5
Dry,45-54,5.26807214869341,Medium,2161.350818037832,Moderate,46.50802040251083,0,1,0,0,81.5
Oily,45-54,5.261076401153735,Medium,1372.871738269701,Low,83.5259455594534,1,1,1,1,58.6
Oily,45-54,7.045350704076004,Medium,1935.6061620480773,Low,72.16286040010083,1,0,0,0,85.2
Combination,35-44,3.8866074026832447,Medium,1882.1352653571007,Low,42.58864636269946,0,0,0,0,85.8
Normal,25-34,5.832544695519309,Medium,1156.1745812126846,Low,65.47255831788613,0,1,0,0,82.5
Dry,18-24,4.39593691067291,Low,1620.8687029908856,Moderate,93.87935574187267,0,1,0,0,85.4
Normal,45-54,9.053591949763698,Medium,1986.8096440623497,Low,49.38857114646706,0,0,1,0,89.0
Normal,25-34,5.346003268474393,Low,2633.208952918776,Extreme,68.535885790091,0,0,0,0,94.8
Dry,25-34,8.97925127950854,High,1905.5850783869853,Low,64.59008305651325,1,0,0,0,85.2
Dry,18-24,8.670282030187508,Low,1943.1773961929964,Low,38.06539109326701,0,0,0,0,97.0
Combination,45-54,6.030524053453875,Low,1592.4166645199002,Moderate,31.680054968523365,1,0,1,1,65.4
Dry,45-54,5.392060544730883,Medium,2547.945390604117,Low,100.0,0,1,0,1,80.9
Sensitive,45-54,6.709681376248617,High,2451.1608757504755,Low,100.0,0,0,0,0,95.3
Normal,35-44,6.843030063612695,Medium,2394.667386490759,High,53.04894032872548,0,0,0,0,93.8
Normal,25-34,7.0192204159286025,Medium,2055.9194325347908,Moderate,80.33854150295699,0,0,0,0,96.2
Normal,25-34,5.3351850657047315,Medium,1200.7132190481616,Low,63.87146194550316,0,0,0,0,89.5
Normal,18-24,8.119592310283304,Medium,2543.3349494215176,Moderate,80.15531980784745,0,0,0,0,99.3
Dry,45-54,7.397992082499849,High,2028.6648739688908,Low,15.187302002994912,0,1,0,0,79.4
Dry,18-24,6.489407264926204,Low,1845.704239256828,Moderate,39.7927114219127,0,1,0,0,84.6
Normal,35-44,5.931939016872965,High,2224.2295309463157,Moderate,99.3359645508103,0,0,0,0,93.2
Sensitive,25-34,6.222672525351971,High,2112.094851914008,High,100.0,1,0,0,0,83.7
Combination,25-34,5.274648122258646,High,1465.4010032190502,High,40.25565180564699,0,0,0,0,84.5
Oily,45-54,7.087658042325382,Medium,1839.6010692569778,High,49.82040750117112,1,0,1,1,67.8
Normal,18-24,7.128158027829865,High,1047.9536037921685,Low,67.07654965616943,0,0,0,0,90.1
Normal,35-44,7.392560925214509,Low,2043.0133172994788,Moderate,68.60651114508516,0,0,0,0,97.7
Normal,18-24,9.64936361450778,Medium,2665.06388365057,Low,63.33203964267467,0,0,0,0,100.0
Normal,18-24,6.801332920450641,Medium,1102.1924312657625,High,0.0,0,1,0,1,70.8
Dry,25-34,8.006896800686723,Low,2064.314034905738,Moderate,44.031476880367535,0,0,0,0,96.5
Oily,18-24,7.344381095463553,Medium,2334.2392668972616,Low,70.13372785114464,1,0,0,0,86.4
Oily,35-44,6.642633547152319,Low,2408.1784918622334,Moderate,1.1405789426647956,0,0,0,0,90.2
Sensitive,25-34,6.321261095073149,Low,1626.9051195895609,Low,24.56487670894449,0,0,0,0,90.4
Dry,18-24,6.911760386247924,Medium,1448.8846351674981,High,5.652433766949194,1,1,0,0,69.3
Sensitive,18-24,7.419651561592325,High,1706.4740174387334,Low,81.268111294068,0,0,0,0,93.4
Normal,35-44,5.561018852171545,Medium,2595.4355149797257,Moderate,36.759658351452515,0,0,0,0,90.0
Oily,45-54,4.801989424832549,High,1145.2221773380184,High,29.975989946736618,1,1,0,1,56.9
Dry,25-34,7.4814460902114135,Medium,1392.0165024740948,High,51.37453682048671,0,1,0,0,84.9
Normal,25-34,7.847185748871889,High,1770.615257737109,Extreme,18.98570168893788,0,0,0,1,81.1
Normal,35-44,8.118453749204205,Medium,1512.1643910439318,Low,71.28992416723432,0,0,1,0,88.4
Dry,35-44,7.232458027834709,High,1979.1636322929808,Moderate,100.0,0,1,0,0,87.4
Dry,18-24,8.150836941179932,Low,2707.262969714377,Moderate,40.78253317443686,0,1,0,0,89.8
Oily,35-44,8.070143539025713,High,1398.0907765958782,Low,11.424329524023442,1,0,0,0,77.1
Oily,35-44,8.181444038432431,Medium,1926.8169117511168,High,48.67760878793418,0,0,1,1,80.1
Oily,35-44,5.71068876798683,Medium,1995.8745152997617,Moderate,72.24904250431847,1,0,0,0,82.6
Normal,35-44,5.3545723042680535,Medium,1832.7068757160196,Moderate,69.75052433157319,0,0,0,0,91.3
Oily,55+,6.417146129871594,High,1210.7875119593891,Moderate,70.9609536611756,0,0,1,0,81.4
Normal,18-24,6.9739238356860165,High,1681.0872389115548,High,35.15513673449935,0,0,1,0,79.8
Normal,55+,6.637118309301566,Low,1682.581824225102,Low,42.999148213466356,0,0,1,1,77.9
Sensitive,25-34,3.6849645029931866,Low,2316.751977818789,Moderate,3.701356989599333,0,0,0,0,84.4
Dry,35-44,9.582538918202713,Low,2209.7896488492524,Extreme,75.35128287668144,0,1,1,0,87.1
Combination,18-24,6.588931016671396,Low,1224.0521252346011,Low,17.24576239564162,0,0,0,0,89.4
Oily,25-34,6.759056624865431,Low,1806.4318209916105,High,55.00147821482163,1,0,0,0,84.6
Oily,35-44,8.866823486144588,Medium,1749.872395908122,High,38.21900677682275,1,0,0,1,78.1
Oily,35-44,3.4825415957181924,Medium,2977.3476418586233,Extreme,57.82831902015667,0,0,0,0,88.7
Normal,18-24,6.232459192132432,Medium,2146.156590150811,Low,73.96068415819042,1,0,0,0,84.2
Normal,25-34,5.919324089630293,Medium,1461.2807904847325,Extreme,39.070393746770975,1,1,0,1,63.7
Combination,18-24,6.495534931824033,Medium,1611.6010386991745,Low,31.50854339507417,1,0,0,0,79.4
Dry,55+,6.739770113929071,Low,1810.7273004023052,Moderate,50.064501090301356,0,1,1,0,78.1
Dry,45-54,9.170702197667268,Medium,2181.183787695771,Low,43.937868255951884,0,1,1,0,81.1
Oily,18-24,8.010188313590834,Medium,2242.460473081119,Low,26.45459969675514,1,0,0,1,76.2
Sensitive,45-54,8.437052902943243,Medium,2100.2413213457226,Extreme,100.0,0,0,1,0,93.1
Normal,45-54,7.070680407716385,Medium,1895.1173771818678,High,13.62887425734985,0,1,1,1,66.3
Oily,25-34,4.400940430781748,Low,1931.9998379048288,Moderate,66.3464532649902,1,0,0,0,81.3
Oily,35-44,3.8804544472809894,High,1935.5153867929407,Low,56.61000327579067,1,0,0,0,74.3
Combination,25-34,4.205888415152554,Medium,1108.5450513570572,Moderate,29.3541337807216,0,0,0,0,83.6
Sensitive,35-44,7.53964855624903,Medium,1969.35418917816,Moderate,83.68502215051448,0,0,0,0,97.4
Oily,25-34,6.547654569046452,Low,1711.3729721028137,Low,50.86012222367937,1,0,0,0,83.6
Combination,25-34,6.184754528665989,Low,1173.5848896076345,Moderate,83.01325198230977,1,0,0,0,85.0
Combination,25-34,5.947134639889795,Low,3208.941289018242,High,21.637445612764783,0,0,0,1,85.5
Oily,18-24,10.0,Low,2155.6518029935596,Moderate,37.09651873568903,1,0,0,1,83.0
Oily,45-54,5.765644613535288,Low,2006.5516291391484,Moderate,85.29006035934418,1,1,1,1,63.1
Oily,25-34,7.891729184174089,Low,1814.4360047021053,Moderate,44.875954464678145,1,0,0,1,78.9
Sensitive,25-34,6.5028694040314905,Medium,2365.111229324343,Low,78.66882695600577,1,0,0,0,85.6
Normal,45-54,6.908590732321005,Medium,1418.8498703964929,High,90.37007359765204,0,1,0,0,87.7
Combination,25-34,8.264956322925116,Medium,1843.6478540285934,High,64.05479406496266,0,0,0,0,96.6
Oily,25-34,8.693795574037168,Medium,1523.9145586629631,Moderate,34.72169854629008,1,0,0,0,83.9
Combination,55+,6.6406758146727425,Medium,2360.7814268356765,Low,41.22521054328506,0,0,1,1,77.1
Oily,45-54,8.198804078863214,Medium,1586.629427073673,Moderate,90.58211316952782,0,0,1,1,83.6
Dry,18-24,7.545837043225081,Low,2550.6639058168485,Low,53.880302034226645,0,0,0,0,97.6
Combination,25-34,6.511155708214872,High,1950.3623061981052,High,44.90689064350024,1,0,0,1,71.4
Combination,55+,7.3063824139855384,High,2387.245048413528,Moderate,59.59024947254687,1,0,1,1,67.3
Combination,25-34,5.467986777732744,Medium,2199.9294421854374,Moderate,17.894298117501137,0,0,0,0,87.1
Normal,25-34,6.040850910003373,Low,2529.6224169977595,Extreme,44.081178962238674,0,0,0,0,93.5
Dry,18-24,6.12904708037094,High,1532.4117019857383,Moderate,48.036607575402904,0,0,0,0,87.1
Normal,18-24,8.352065074643379,High,2452.81159247332,High,47.62792549961945,0,0,1,0,85.4
Oily,35-44,6.8571983266884065,Low,1068.7056733853683,Moderate,50.14331201349925,0,0,0,0,92.9
Dry,35-44,5.053428963077442,Low,2021.563381056843,Moderate,52.27999204616471,0,0,0,0,91.4
Oily,55+,5.914844165255368,High,1727.0390338484926,Low,47.15080219414425,1,0,0,0,77.0
Dry,35-44,3.0,Medium,1297.7293080024815,High,96.50694380786975,0,1,1,0,72.2
Sensitive,18-24,6.258261097176777,High,1553.23893750333,High,9.922613335655413,1,0,0,1,66.6
Normal,18-24,7.0564675976457245,Low,1679.6721368603332,Low,67.47432143654451,0,0,0,0,96.2
Dry,55+,6.795796226699539,High,1901.724158948067,Low,47.830868272604775,1,1,1,1,56.2
Oily,25-34,9.470231527297088,Low,1737.5751740754035,High,48.454963178869654,1,0,0,1,82.3
Normal,25-34,7.362359061372556,Low,2040.0129867698274,Extreme,39.84512357767651,0,0,0,1,87.8
Normal,45-54,7.795677779633726,High,1584.9208422057152,High,72.54519534771016,0,0,1,1,78.0
Sensitive,25-34,4.035096448144583,Low,1761.5711494993332,Moderate,88.75517576986076,0,0,0,0,92.5
Combination,18-24,6.453036918824301,Low,1855.4669674795691,Extreme,2.5950763487165673,1,0,0,1,71.9
Sensitive,45-54,6.270005789014457,High,2091.0481111653785,Low,100.0,0,0,1,1,78.7
Sensitive,55+,5.820878201787988,Low,2424.4236409187815,Low,68.60304248522337,0,0,1,0,87.4
Oily,18-24,5.80017900172998,Low,2426.8315035326896,Moderate,52.742151265038345,1,0,0,1,76.7
Oily,45-54,4.287815569087565,Medium,2118.7419959010826,Extreme,25.144602194028323,0,0,1,1,70.3
Dry,25-34,4.586220192978008,Medium,2215.1265083027993,High,35.724924378324516,0,1,0,0,79.2
Oily,25-34,7.811140104147423,Medium,2155.9334579227375,Low,83.97667376062405,0,0,0,0,98.3
Oily,45-54,6.785627962010227,High,1842.6789120682267,Moderate,61.716914794161376,1,0,0,0,80.4
Oily,55+,6.240396372588499,Medium,2450.2915013089396,Low,60.393949562009766,1,0,1,1,68.4
Dry,25-34,6.491882998020938,Medium,1542.7594537581185,High,38.47020926469679,0,0,0,1,82.9
Dry,18-24,8.751086018051726,Medium,975.9272658480772,Moderate,99.26918262697518,0,1,0,0,91.4
Normal,18-24,7.0063157813136785,High,1479.255306622822,Extreme,46.16847629318468,0,0,0,0,88.6
Oily,25-34,7.310561196396557,Medium,2701.5604075521433,Low,78.26277171159298,0,0,0,0,97.9
Dry,18-24,5.730092736417614,High,1852.2834307511607,High,46.21823301707151,0,1,1,0,70.8
Dry,25-34,5.5720550738799215,High,2137.0645030918836,Moderate,58.68840997777014,0,1,0,0,80.3
Oily,18-24,7.5309653275955135,Medium,1863.0249917148979,Low,58.80499043454322,1,0,0,1,77.7
Combination,25-34,9.338980562505672,Medium,2280.832664413179,Moderate,73.11419455647052,0,0,0,0,100.0
Normal,18-24,9.144662289272311,Medium,2035.3563330031886,Moderate,68.4692761737334,0,0,0,0,99.2
Oily,45-54,7.874242104184209,Low,1965.7039953838737,Moderate,48.14827358064379,0,0,0,0,96.5
Combination,18-24,7.227150640241077,Low,2306.8891675252225,Moderate,78.97596388335006,0,0,0,0,99.0
Dry,25-34,8.601604033440756,High,1767.1610306905882,Moderate,25.246537390033446,1,0,0,0,80.3
Oily,45-54,8.192017484567685,Medium,2186.038891348526,Low,30.41136871522386,1,0,0,1,76.8
Dry,35-44,3.559506966444008,Medium,1912.639169461092,Moderate,52.71454952424088,0,0,1,0,78.2
Dry,18-24,5.419103728217166,Medium,1946.286873393554,High,59.83503006879176,0,0,0,0,90.7
Combination,18-24,7.507210488036898,Medium,1590.7012503383628,Low,24.443544199791777,1,0,0,0,80.6
Combination,35-44,4.319548651673541,Low,1892.0221753068636,Moderate,58.05425065243245,0,0,0,0,90.2
Dry,25-34,5.153616492864707,Medium,1729.3787248764093,High,15.380888541852421,0,1,1,0,69.3
Oily,35-44,5.950277584513039,Medium,2564.9600893805473,High,53.2609608630839,1,0,0,1,75.4
Normal,25-34,6.115751140631249,High,1157.9641680706193,Low,74.29591983154761,1,0,0,0,79.0
Oily,25-34,6.068854687660688,Medium,2444.6299457222312,Moderate,28.910148605708592,1,0,0,0,79.9
Oily,25-34,6.06631935924976,High,1127.871159655509,High,19.45834618914789,1,0,0,1,66.3
Dry,35-44,8.23796127586047,Medium,2268.607818804981,Moderate,69.46562102005814,0,0,0,0,98.0
Dry,45-54,6.602164201824198,High,1581.134882893786,Moderate,40.31021797686452,0,1,1,1,64.4
Oily,18-24,6.423054801893149,High,2283.1611320841703,Low,100.0,1,0,0,1,77.4
Normal,25-34,4.476241843784726,Medium,1939.3204959919178,Moderate,54.799680640570685,0,0,0,0,88.3
Oily,18-24,8.536519302978737,Medium,1283.8233220556046,Moderate,75.61568004744096,1,0,0,0,87.2
Oily,25-34,5.492753729078771,Medium,2679.3092699219087,Low,17.133134320071605,0,0,0,0,88.1
Combination,45-54,5.369454507998087,Medium,2388.3231549278216,Moderate,71.43421667042247,0,0,1,1,77.7
Normal,25-34,6.819635862303456,Medium,2251.587728499428,Moderate,24.847637771837633,0,0,0,0,90.6
Dry,45-54,5.849588106425406,Medium,1679.8151278060677,Low,55.5222952230639,0,0,0,0,90.6
Sensitive,35-44,6.211070890308559,Medium,2405.5423067262327,Moderate,56.193231567940714,0,0,0,0,92.9
Normal,45-54,7.387690261478603,Medium,1358.3741892008788,High,85.9926271170178,0,1,1,0,80.1
Oily,35-44,6.510276064330665,Low,886.1769387463348,Low,68.02879034059055,0,1,0,0,85.6
Normal,18-24,10.0,Low,1218.8370654038995,Moderate,52.93525592378846,0,0,0,0,99.7
Dry,18-24,6.887757185021203,Low,1539.0059818367927,Low,84.02654676745252,0,1,0,0,89.3
Dry,25-34,7.426757328318833,Low,1622.5815579547336,Low,50.3966355254539,0,0,0,0,95.1
Oily,18-24,4.087458928760582,Medium,1782.5782155769552,Extreme,75.75967018124987,1,0,0,1,72.3
Dry,25-34,5.209026302127905,High,1804.7833826901815,Moderate,95.01490697148579,0,0,0,0,90.5
Combination,25-34,4.8696294576249315,Medium,1675.0808588544842,Low,53.503719473027054,1,0,0,0,78.4
Normal,55+,5.568430415046057,Low,941.8426139169119,Moderate,56.48837157774223,0,1,1,0,74.7
Normal,25-34,7.123306990755504,Medium,2096.0616838053243,Low,73.8636652740906,0,0,0,0,95.8
Combination,35-44,8.553347601666115,High,1867.6626232743324,High,95.9188921384638,0,0,0,0,97.4
Dry,45-54,7.516945756951766,Medium,1651.8282077263084,Low,63.20511311567634,0,1,1,1,71.7
Combination,45-54,6.660033064650537,High,2699.010645686347,High,44.06414449330239,0,1,1,0,74.1
Dry,18-24,6.05371744193137,Low,1878.9173177223179,Low,71.66419819979575,0,1,0,0,87.0
Combination,25-34,8.170399626779764,Low,2029.2658662280876,Moderate,64.2918489468956,0,0,0,0,98.8
Oily,25-34,9.606883181232293,Medium,2397.9250758915664,Extreme,71.42385484830461,1,0,0,1,84.2
Combination,25-34,6.7025835571755366,Medium,1255.0695788862529,Low,67.46853767372082,1,0,0,0,82.7
Sensitive,25-34,7.909044596107359,Medium,1988.694973166049,Low,70.16916249110703,0,0,0,0,96.8
Dry,45-54,7.515055524693213,High,2396.2739270083134,Moderate,66.6148043848934,0,1,1,1,70.5
Normal,25-34,7.6332573596983835,Low,1954.3355486505438,Low,67.55612669308273,0,0,0,0,97.9
Oily,25-34,4.753179832834825,Medium,1348.3287066572043,High,13.76181519222903,1,0,1,1,58.6
Normal,55+,6.267795579786814,Medium,1758.762277527363,Moderate,83.2420111265474,0,0,1,0,86.4
Oily,18-24,7.593204160068376,High,2094.4933228718237,Moderate,61.24947123046848,1,0,0,0,82.5
Oily,25-34,8.318736416122968,Medium,946.5610549254336,High,28.846615408514438,0,0,1,1,76.4
Dry,35-44,5.772798667543488,Low,1323.669502449378,Low,64.62784945624458,0,1,1,0,76.7
Dry,18-24,3.9500513334398097,Medium,2986.7684479675545,Extreme,82.9647522799345,0,0,0,0,92.2
Oily,35-44,6.252603360338126,High,2242.295113842456,Moderate,67.25692003999994,1,0,0,0,80.7
Dry,18-24,8.515196071522375,Low,2741.7352803581402,High,31.698588198497312,1,0,1,0,79.7
Normal,45-54,4.624156613368226,Low,2433.1588507539414,Low,28.137690547939755,0,0,0,1,81.9
Normal,25-34,4.734620161802624,Medium,2196.991821587065,High,100.0,0,0,0,0,93.9
Normal,25-34,6.733877879076668,Medium,1845.4603805282468,Low,6.52710183095067,0,0,0,0,87.8
Dry,25-34,6.326043120857804,Medium,2190.6069371924086,Low,58.42283649500687,0,0,0,0,92.9
Oily,18-24,7.891699722329841,Low,2724.9820954311776,Low,35.33677643985655,1,0,0,0,86.8
Oily,25-34,4.656909859331631,Medium,2412.769461583715,Moderate,76.06100254814261,0,0,0,0,91.7
Oily,25-34,6.012532108746998,Low,2083.4051524233896,Moderate,19.592307565810437,0,0,0,0,90.2
Combination,25-34,8.292778103604647,Low,1913.8264654001782,Moderate,90.20926487243432,1,0,0,0,91.4
Normal,25-34,4.710655709544824,Medium,2249.1617937354317,Extreme,46.87345575501749,0,0,0,1,81.6
Dry,25-34,8.715368444465403,Medium,1733.9786963547144,Low,44.49640761740304,0,1,0,0,87.3
Dry,25-34,4.898874521166967,Medium,2249.237205207226,High,42.168383604530746,1,1,0,1,63.5
Combination,35-44,8.274072366066417,Low,1651.0222545019753,Moderate,45.18515969174542,0,0,0,0,96.4
Sensitive,25-34,5.9405622346803115,Medium,1823.039556257288,Moderate,55.78247304959833,1,0,0,0,81.1
Normal,18-24,5.282637613541535,Medium,1486.14726689175,Low,67.9588494454537,0,0,0,0,90.3
Normal,35-44,6.254651429271102,Medium,1780.118477952836,Moderate,16.956766117346405,0,0,0,0,87.8
Combination,45-54,7.817393782268491,Medium,1658.1361707568772,Moderate,41.27544057479366,0,0,1,1,78.1
Oily,25-34,6.489719007647763,Low,2845.9576955545535,High,87.37848352104618,1,0,0,0,89.4
Dry,25-34,8.177704117165016,Low,1552.752121386106,Extreme,47.739219680268825,0,0,1,0,88.2
Dry,25-34,8.653610091402323,High,2192.4176478039453,Low,35.68919805914631,1,1,0,0,74.3
Dry,25-34,4.725454002023224,Medium,1526.5588403232089,Low,18.130361600829577,1,1,0,1,59.3
Sensitive,35-44,5.115596282634483,Medium,2023.448018338058,Moderate,45.744184722971085,0,0,0,0,88.9
Sensitive,18-24,5.042809339568738,High,2144.9577009771947,Moderate,89.5551037809448,0,0,0,0,90.3
Combination,35-44,5.651205855927971,Medium,1074.4481630381497,Moderate,39.43456902252021,0,0,0,0,87.4
Oily,18-24,8.656321781229616,Medium,1301.149255838899,Extreme,70.1133439223883,1,0,0,1,79.9
Combination,25-34,7.3405429260001025,Medium,1522.6634043810084,High,25.48713430349409,0,0,0,1,83.3
Normal,45-54,6.182458640616352,Low,1348.3815629757319,Extreme,56.85634852053,0,0,0,1,85.7
Oily,25-34,6.483346114065749,High,2042.0426009727585,Moderate,48.27280288882508,1,0,0,0,78.9
Combination,18-24,9.106458257748908,High,2121.2901043774327,Moderate,31.158606929421133,1,0,0,1,75.6
Oily,55+,9.86201627646868,Low,1468.4640223162328,Moderate,51.92392447582054,0,0,0,0,99.9
Oily,45-54,7.389076500164204,High,2062.0992184662773,Moderate,7.102494228903069,1,0,1,1,61.6
Normal,35-44,3.011078223928902,Medium,1787.9606931143092,High,57.787192316543205,0,0,0,0,85.4
Combination,25-34,6.94593064213996,Medium,1950.2619832155567,High,61.12914041116542,1,0,0,1,76.9
Dry,18-24,8.402122194312021,Low,1685.7883551970417,Moderate,29.126433304990485,0,0,0,0,95.1
Dry,45-54,7.336948473784113,Medium,2243.8283662310732,Low,65.32503805237113,0,1,1,1,72.7
Oily,25-34,7.589772378102175,Low,2817.464628468839,Moderate,53.83693690191965,1,0,0,1,81.2
Combination,45-54,7.535598061690576,Medium,2387.167107809289,Moderate,64.84122198942617,1,0,0,1,79.3
Combination,25-34,4.648031873777202,Low,2696.6954243395585,Moderate,16.379556978136165,0,0,0,0,88.3
Oily,25-34,5.1706423499548055,Medium,1298.5876084468541,Moderate,52.37927489700472,1,1,0,0,70.2
Oily,55+,6.5182717193047655,Medium,1662.145448863429,Low,6.943027161536037,0,0,0,1,80.1
Oily,25-34,8.098122167357527,High,2282.6179163990078,High,34.263966097305236,1,0,0,1,74.2
Sensitive,18-24,5.851173897519069,Low,2754.147087441721,High,64.90350261822672,0,0,0,0,95.7
Dry,18-24,7.68385394975147,High,2325.2202134532868,Low,55.20858709778565,0,0,0,0,92.5
Sensitive,25-34,6.955538890881796,Medium,1486.8879573130682,Moderate,34.767414304616125,0,0,0,0,90.4
Oily,18-24,9.379295897618695,High,1782.6713325905598,Moderate,42.895744379586624,1,0,0,0,83.6
Combination,25-34,6.437480332805878,Medium,2166.7022182940705,Moderate,69.86367101537847,1,0,0,1,77.2
Combination,25-34,3.8678623725856127,High,1917.6702391846263,Moderate,25.507774539402202,1,0,0,0,71.1
Dry,35-44,7.970305697345167,Medium,1600.6137711408146,High,6.159082345370052,0,1,0,0,81.8
Sensitive,25-34,9.707082817451006,Medium,1854.872778327785,Low,78.23919053096765,0,0,0,0,100.0
Oily,55+,8.068575017299684,Medium,1992.7819906202105,Moderate,26.444808356058232,1,1,1,0,66.8
Normal,18-24,5.818507612284389,High,1457.5393472612107,Low,34.02263762421407,1,1,0,0,67.0
Dry,25-34,4.877081181231553,High,2492.2545362683672,Low,53.265048994361614,0,1,0,0,79.1
Combination,18-24,5.570546749738892,Medium,1780.1925887204802,Moderate,51.931465450577846,1,0,0,1,72.9
Dry,35-44,10.0,Low,1963.7118868446028,Low,85.53849988806336,0,0,1,0,96.5
Oily,55+,6.509008839217846,Medium,2517.526351861993,Low,43.953914504954625,0,1,0,0,84.4
Dry,45-54,6.006034909257958,High,1937.5006669470224,Moderate,61.707634507523515,0,1,1,1,66.1
Oily,25-34,6.26234503380915,Low,2490.1794142207946,Extreme,7.677283121893076,1,0,0,1,73.3
Oily,25-34,6.024639427091447,High,1485.3995695416368,Moderate,65.705365290803,1,1,0,0,70.6
Dry,45-54,9.351475539681255,Low,2216.4779573081414,Low,42.71540254995243,0,1,0,0,91.4
Combination,45-54,5.478283763475545,High,2419.661177856977,Moderate,100.0,0,0,1,1,77.8
Oily,55+,8.77096484749067,Medium,1585.0660007604756,Moderate,44.65987786065392,1,0,1,1,70.2
Oily,25-34,6.683138144676627,Medium,1910.8152038167973,Low,60.60987709842002,1,0,0,0,83.2
Oily,55+,8.810539770141528,Medium,1921.1622076847098,Low,65.94269131405183,0,0,1,0,90.1
Normal,18-24,9.373928565601076,Medium,2104.819608574853,Low,47.78316083201749,0,0,0,0,97.7
Combination,25-34,6.627196450869643,Medium,2237.400808669884,Moderate,60.919004338049035,1,0,0,0,83.8
Sensitive,18-24,6.527404585601252,High,1544.3969006888447,Moderate,100.0,0,0,0,0,93.1
Oily,25-34,6.599268247797655,Medium,1969.972570849341,Moderate,31.156178965862775,0,0,0,0,90.3
Combination,35-44,6.857843991992302,Medium,2795.6590867872897,Extreme,3.918284277219044,1,0,1,1,64.7
Combination,45-54,4.514550316391908,High,2526.9383958124017,Low,27.427627171812908,0,1,1,0,67.8
Combination,35-44,9.32872056067761,Medium,2396.9219226219184,Extreme,84.93153733871357,0,0,0,0,100.0
Normal,35-44,7.368677526071785,High,1903.610201032684,Moderate,48.02355961070239,0,0,1,0,82.3
Sensitive,25-34,4.755351222423419,High,3064.4154123635617,Low,100.0,0,0,0,0,92.6
Oily,35-44,3.898715019702387,High,2514.9070942531303,Extreme,78.17783127626974,0,0,0,0,87.6
Oily,25-34,3.0086011506044765,Low,2018.7094339647163,Moderate,33.6743592780101,1,0,0,1,68.4
Normal,45-54,8.155720655031255,Medium,2110.2053577953507,Moderate,40.53707190152228,0,0,1,0,86.6
Oily,35-44,6.071533647389357,Medium,1770.5751726304793,Low,48.84331446400178,1,0,0,1,73.6
Normal,35-44,6.3176489978423,Medium,2196.6858455791526,Low,8.387988461290433,0,0,0,0,87.9
Oily,25-34,7.232231396808236,Medium,2296.537516863457,Extreme,56.94360703925562,1,0,0,0,84.8
Oily,45-54,6.225927765847333,High,2351.3040422735485,Moderate,77.33807915631253,0,1,1,0,75.9
Combination,25-34,7.31978662408027,Medium,1909.6580539047761,Extreme,25.8167642048903,0,0,0,1,84.0
Combination,25-34,6.642896096565073,Medium,1263.1503311861643,Moderate,11.210569198957629,1,0,0,1,69.9
Oily,35-44,6.8738056252761455,Low,2120.8941730899123,Low,37.23611084869037,0,0,0,0,93.7
Combination,25-34,4.140874391462766,Low,2353.396752965303,Low,74.93068205214404,1,0,0,0,82.5
Combination,45-54,5.77040296534171,Medium,1510.723329822401,Moderate,80.08052668196281,1,1,1,1,59.6
Combination,25-34,7.403803048380299,Low,1954.5837110023135,Low,55.383428397712336,0,0,0,0,96.3
Normal,25-34,5.476967277703923,Low,2670.7329126201967,Moderate,91.04674799415329,0,0,0,0,97.4
Dry,45-54,8.808054333676736,Medium,1398.2624709649776,Low,17.772803397611852,0,1,1,1,69.2
Sensitive,25-34,10.0,Low,1858.132825105768,High,59.79054371065506,0,0,0,0,100.0
Dry,25-34,7.484577951261984,Low,2743.5695739691746,High,64.00540517490988,0,1,0,0,90.9
Oily,25-34,8.739247837047737,High,2078.857677056885,Low,69.74422715774213,1,0,0,0,85.6
Dry,25-34,7.581090857444103,High,1736.9940858798802,High,70.09387277537418,0,0,0,0,92.6
Dry,35-44,6.1986069659917185,Medium,1996.4842034447963,High,78.09794109198141,0,0,1,0,86.2
Dry,18-24,7.300227497211137,Medium,2412.95856613914,Moderate,82.98731777852511,0,0,0,0,97.7
Normal,45-54,10.0,High,1898.2472324081216,Moderate,79.02921053133254,1,0,1,1,73.7
Oily,35-44,6.214669386058823,Low,2298.7910574695375,Moderate,31.139637820958352,1,0,0,0,82.1
Combination,18-24,5.441009051682889,Medium,2117.4950793378725,High,38.629074989327954,1,0,1,1,64.0
Combination,35-44,5.298708365327096,Medium,2158.53920517432,Low,17.618741971789348,0,0,0,0,86.7
Normal,35-44,6.673705924249677,Medium,2330.7707555040665,Moderate,84.9078643933894,0,0,1,0,88.5
Sensitive,18-24,5.494791867035406,High,1852.5859585133535,Low,94.86459120138748,1,0,0,0,81.2
Oily,25-34,9.011029141155856,Medium,1527.7446235638565,Moderate,19.49073895678128,0,0,0,0,93.0
Dry,25-34,6.824534801886932,Medium,2237.1978027235523,Low,40.5007510196488,1,0,0,0,82.2
Combination,35-44,8.457589464640755,Medium,1933.7979436116152,Moderate,16.114372433122092,0,0,0,0,92.4
Combination,35-44,6.552001914130453,High,1775.944387043308,Moderate,56.97462422473672,1,0,0,0,79.4
Sensitive,25-34,4.789704203365822,High,2263.1926446540238,Low,44.32509567600262,1,0,0,1,68.5
Oily,35-44,5.035909081850084,Medium,2638.6735405968484,Low,30.807266191611156,0,0,0,0,88.4
Combination,35-44,5.638012386732819,High,1922.7108084906079,Moderate,59.38085377283282,0,0,1,0,80.1
Normal,35-44,7.521288241040066,Low,2004.224769279055,High,100.0,0,0,0,0,100.0
Combination,35-44,7.779824397651922,Medium,1409.1163904368104,Moderate,79.8778974931312,0,1,0,0,88.4
Combination,25-34,7.404794109588027,Low,1888.6526957940641,Low,43.7066226708184,0,0,0,0,95.0
Dry,45-54,4.766990974327214,Low,2110.645223425425,Low,58.78570333086543,0,1,0,1,76.6
Oily,35-44,6.999386221152594,Medium,1989.7779506561312,High,100.0,0,0,0,0,98.0
Combination,45-54,5.460907253661411,High,1818.9220835729486,Moderate,91.46597942985309,1,0,1,0,72.7
Normal,25-34,7.102198951376792,Medium,2362.920835066783,Low,42.23341684942686,0,0,0,0,93.2
Normal,18-24,7.718615583246178,Medium,2029.003839289145,High,62.52942515687009,0,0,0,0,95.7
Combination,25-34,4.741740429460343,Low,3294.4015591908246,Low,25.035211231971864,1,0,0,0,80.6
Oily,25-34,7.952044410794521,Medium,2103.8596324280516,Low,50.61895928565112,0,0,0,0,95.2
Combination,35-44,10.0,Medium,626.7485736547776,Low,79.10533877462771,0,0,0,0,99.2
Oily,25-34,7.752253606376993,Medium,1443.984195632428,Low,75.50877171430245,1,0,0,0,85.9
Normal,45-54,6.755748940673343,Medium,2266.059639634852,Moderate,43.99664700001338,0,0,0,1,85.4
Combination,35-44,6.525181445185387,Medium,1678.345100029435,Moderate,85.04391519233397,0,0,1,0,86.9
Dry,35-44,6.686404027491237,Medium,1709.3848660852275,High,63.71101575957647,0,1,1,0,77.2
Normal,18-24,5.858899229834484,Medium,1380.385078023636,Moderate,42.78676537221841,0,0,0,0,88.8
Combination,55+,7.378597309978074,Low,1761.6337646748357,Moderate,97.7320170901265,0,0,1,1,85.1
Dry,45-54,5.292306113268544,Medium,2096.963877937142,Moderate,50.99154798654086,0,1,1,0,73.9
Dry,35-44,4.16545332010315,Medium,2192.9178571939597,Moderate,32.30088291652616,0,1,0,0,77.9
Oily,25-34,6.829402522720323,Medium,1490.0521742511137,Low,33.189163801253805,0,0,0,0,90.0
Combination,25-34,6.531849598663732,Medium,2402.7030566582425,Moderate,68.14155390299052,0,0,0,0,94.7
Combination,18-24,6.143244975344208,High,1404.3154550975387,Extreme,25.332358410018873,1,0,0,1,67.6
Combination,25-34,4.57595506608445,Medium,2218.978054495624,Moderate,70.73409128282823,0,0,0,0,90.7
Normal,18-24,7.434616040371052,Medium,2168.5233873183493,Moderate,28.662915359890327,0,0,0,0,92.1
Combination,25-34,5.014737442144324,Medium,1532.8209074827562,Low,48.12317866386129,0,0,0,0,87.9
Dry,35-44,6.791583473701998,Medium,1473.3422369580214,High,100.0,0,1,0,0,88.5
Dry,25-34,9.147457781189667,Low,2191.145220302441,Extreme,27.937494163346557,0,0,1,0,89.5
Oily,25-34,7.476784654363076,Medium,1720.0587406986547,High,0.0,1,0,1,1,63.4
Combination,45-54,4.946301006427455,Low,1904.7503273450523,Low,94.18722481701883,0,1,1,1,72.1
Combination,18-24,5.087722643481547,Low,2343.6679089573954,Extreme,14.992115505755393,0,0,0,1,81.4
Normal,35-44,7.227728639115638,Medium,2239.568580615489,Low,39.68981522640837,0,0,0,0,92.9
Oily,18-24,4.937018976911469,Medium,1542.0277424527144,Moderate,68.21831947535726,0,0,0,0,89.8
Combination,18-24,3.99741177814857,Medium,1973.2104048515869,Moderate,67.21702502938214,0,0,0,0,88.7
Normal,18-24,7.798558016945085,Low,1532.6423990535811,High,0.0,0,0,0,1,83.7
Sensitive,35-44,7.481403631481301,High,2434.9694749781684,High,66.42271151110734,0,0,0,0,93.5
Dry,25-34,7.175897496918699,Medium,2768.2584321408503,High,71.30482681789229,0,0,0,0,97.0
Dry,45-54,7.394552772726856,High,1577.4523424033036,High,100.0,1,1,1,1,61.9
Oily,25-34,6.402033932491408,Medium,1984.4164480168183,Moderate,19.029071479864857,1,0,0,0,78.7
Oily,18-24,6.006717178485009,Medium,2458.730505665555,High,76.7034631886152,1,0,0,0,84.6
Sensitive,35-44,7.774202449131915,Low,2012.1055041641505,Low,58.45018148109912,0,0,1,0,89.4
Oily,18-24,9.294825232607726,Medium,2280.752643690213,Moderate,76.04063119376355,0,0,0,0,100.0
Combination,35-44,6.248156488834819,Medium,2025.8031657554716,Low,33.99142173160389,1,0,1,0,71.9
Oily,18-24,5.468889684687552,Medium,1471.5981460564453,Extreme,44.24912173017497,1,0,0,1,71.3
Normal,25-34,4.797320870883142,Medium,2059.4625085889356,Extreme,59.68516224550399,1,0,0,0,79.7
Normal,35-44,5.699904649999423,Medium,2563.6418196165255,Low,83.85610431596767,0,0,0,0,94.9
Dry,55+,7.303897786714111,Medium,2157.1460349037898,Moderate,64.25770674559362,0,1,1,0,79.3
Sensitive,25-34,3.2905586546696597,Medium,2811.837141894597,Moderate,54.269247208870325,0,0,0,0,87.6
Oily,45-54,7.658755636648489,Low,1114.2480704892864,Moderate,47.44338688828839,0,1,1,1,71.3
Oily,18-24,7.9658695154442345,Low,2189.5237248201033,Moderate,94.47454051468236,1,0,0,0,91.8
Oily,45-54,4.30288246008568,Medium,1675.9960074084108,Low,66.92993417502518,0,1,1,0,72.7
Dry,35-44,5.531229345583601,Low,1562.1844194371138,Low,48.11313949017664,0,0,0,0,91.0
Oily,18-24,7.119521469768121,Low,2667.209304285864,Moderate,63.45135085348123,0,0,0,0,97.9
Combination,25-34,6.284795404543403,High,1872.4975111553103,Low,65.57075852441336,1,0,0,0,79.9
Dry,18-24,7.779456202402885,Low,1824.2273693333493,Moderate,16.164518961757764,0,1,0,0,84.8
Dry,25-34,6.288294767725451,Medium,2171.787942559442,Moderate,62.15685649667673,1,1,0,0,75.1
Normal,18-24,8.897154290162447,High,923.7407734768494,High,12.3396867239327,1,0,0,1,70.9
Sensitive,35-44,6.518245901434477,Medium,2677.4329699418345,Moderate,58.87867303750822,0,0,1,0,86.3
Oily,55+,5.525450519920369,Medium,2952.2151570570677,High,25.34293952267645,0,0,1,1,74.5
Normal,18-24,5.404837200607366,High,2457.556722511116,Low,46.77061952082117,1,0,0,0,77.4
Dry,25-34,7.603202763922534,High,2205.9948702856987,Low,39.07250049919222,0,1,0,0,82.5
Dry,25-34,6.544431712935374,Medium,1891.7122864292671,Extreme,44.99608970771841,1,1,0,1,66.4
Oily,45-54,7.950573851087793,Medium,1462.393840608909,Moderate,12.629444120951568,0,1,1,0,74.1
Oily,25-34,7.419683748843776,Medium,2597.031907866382,Moderate,48.096943859020975,1,0,0,0,84.8
Combination,25-34,3.470225220854239,High,2458.1708116344357,High,22.467806498052717,0,0,0,1,74.1
Normal,25-34,4.789876098464835,High,2225.058127458693,Low,100.0,0,0,0,0,91.0
Combination,25-34,4.969062439244269,High,2166.814444724171,Moderate,40.00900256143805,0,0,0,0,85.3
Dry,18-24,5.775903717262357,Medium,2150.296206932653,Low,43.55471582396172,1,0,0,0,80.2
Oily,25-34,5.869467010135211,Medium,1737.0316401053356,Moderate,67.37617072653055,0,0,0,0,92.0
Oily,18-24,8.498724391925778,Medium,3250.5844139659057,Low,83.0623419333196,1,0,0,1,84.8
Oily,25-34,8.29772352857585,Low,1857.1882297388402,Low,20.55956393948573,0,0,0,0,94.4
Combination,25-34,6.060663754695505,Medium,1786.6479032607806,Moderate,64.3261631358899,1,0,0,0,82.1
Dry,25-34,6.1230787080128835,Low,2560.3031560225745,High,74.15675077660572,1,1,0,0,78.8
Oily,18-24,5.9418494139140705,Medium,1985.3971137878261,Extreme,54.61651482126531,0,0,0,0,91.3
Dry,45-54,7.133781545857817,High,1990.5027423735798,Moderate,64.1156325242737,0,1,0,1,76.7
Sensitive,45-54,7.303781324100905,Low,2707.2846860399018,Moderate,62.20144399962486,0,1,1,1,75.2
Oily,18-24,8.209713332503398,High,2339.307622775188,High,41.94551965384727,1,0,0,1,75.3
Sensitive,25-34,7.69765808897383,Low,2364.7092733871464,Moderate,62.30568288101159,0,0,0,0,98.4
Oily,35-44,3.546822923396423,High,1291.144752903641,Moderate,49.3520220505237,0,0,1,0,73.6
Normal,18-24,6.771182578544323,Medium,2200.270089304523,Low,72.20188327852078,0,0,0,0,95.2
Oily,25-34,8.576150046335155,Low,1497.1960322025616,High,28.203814767913794,1,0,0,1,78.0
Oily,25-34,5.842827609042625,Medium,1772.502996627539,Moderate,71.3868995301485,0,0,0,0,92.4
Oily,45-54,8.708862727544933,High,2087.82063478141,Extreme,93.19499255816737,1,0,0,0,87.9
Normal,45-54,6.540322299983217,Medium,1981.8950989622076,High,69.2457143788798,0,0,1,0,86.0
Sensitive,25-34,6.762385201162946,Medium,2327.1091530143863,Moderate,20.26282611932173,1,0,0,1,73.2
Combination,25-34,4.794663961401277,High,2385.349825920805,High,65.30492537212282,0,0,0,0,87.9
Combination,45-54,5.351127163650228,Low,2422.816919641311,Moderate,43.90709997725707,1,0,0,0,81.9
Normal,45-54,8.088237358394522,High,1327.8995284299192,Low,46.80853040104938,0,0,1,0,82.5
Normal,55+,8.322727420300998,Low,3181.3291310184386,Moderate,59.049009327831044,0,0,1,1,85.9
Normal,18-24,7.039643359300739,Medium,1987.710565612064,High,77.6351642900438,0,0,0,0,95.8
Combination,18-24,5.158713636042413,Low,2606.466676833605,High,8.46559876681782,0,0,0,0,88.4
Sensitive,35-44,7.065706834910822,Medium,742.8435761087007,Moderate,76.43931552189386,0,0,0,0,93.3
Oily,25-34,8.385852441011416,Low,1867.3356001181473,Moderate,99.79366381079629,1,0,0,0,92.5
Normal,18-24,9.614299705077642,Medium,1269.6589511645284,Low,22.52547632419856,0,0,0,0,94.0
Dry,18-24,6.524938101511128,Medium,1569.3173150204907,Moderate,44.98979341356213,0,1,0,0,82.7
Oily,45-54,4.5101982246133145,Medium,2025.2778757919082,Extreme,44.60020545864245,1,0,1,1,62.5
Oily,45-54,8.260545399332168,Medium,1832.6252807395701,High,77.58312399944018,0,0,1,1,82.9
Dry,25-34,6.086055355317499,Medium,2657.008503565542,High,18.73806420403846,0,0,0,0,89.4
Combination,45-54,8.41456096234156,Low,2884.4959984866755,High,20.73793443765461,1,0,1,1,71.7
Normal,25-34,6.921608337526429,High,1516.582893633984,Moderate,70.80091256534705,0,0,0,0,91.0
Normal,45-54,5.674833841357225,Medium,1756.1174173160698,Moderate,65.96645735182997,0,0,0,1,84.5
Sensitive,25-34,6.587366540989072,Low,1484.4558808839577,Moderate,35.34512976333089,1,1,0,1,66.7
Oily,18-24,8.962507550581492,Medium,2577.950089708728,Moderate,48.288190251574434,0,0,0,0,97.9
Normal,25-34,6.276269016549135,Medium,2079.521802361874,High,17.95417967475084,1,0,0,1,71.5
Normal,25-34,4.947792254831933,Low,2016.1655849811739,Moderate,73.05709465422156,0,0,0,0,93.2
Normal,25-34,4.117033747105015,Low,2156.2332053636674,High,56.95716988334144,0,0,0,0,90.2
Oily,18-24,5.841752969703022,High,1844.4145544753435,High,32.13346691904732,1,0,0,1,68.6
Combination,55+,6.384795607343527,Medium,1571.7649870817352,High,35.49614420133417,0,1,1,1,66.5
Oily,18-24,8.22999870387589,Medium,2025.5273768953984,Low,38.520156136474974,0,0,0,0,94.4
Oily,18-24,5.318726098282568,High,1866.495817481282,Low,23.124765912349787,1,0,0,0,73.7
Dry,25-34,8.830627828594453,Low,2173.5120386373405,Moderate,83.49962063600219,0,1,0,0,94.4
Dry,25-34,4.494271683738212,Medium,1184.0107157398884,High,79.0785747824254,0,1,0,0,81.3
Combination,25-34,9.997229138835255,Medium,2093.1792913566455,High,39.96842491403053,1,0,1,1,73.2
Combination,35-44,9.588277835131706,Low,1655.3769970983121,Low,52.13728194463347,0,0,0,0,99.7
Normal,25-34,6.711749374081988,Low,2075.6524687067777,Moderate,21.92675060802733,1,0,0,1,74.8
Combination,35-44,4.528459697845612,Medium,2452.5448046853753,High,55.98455362622013,0,0,0,0,89.6
Oily,35-44,6.916863907026367,Low,1721.8761244423983,Low,72.23114395897034,0,0,1,0,88.5
Sensitive,18-24,6.419738563020242,Medium,2598.36025788509,Extreme,94.52982647247363,0,0,0,0,97.5
Oily,25-34,4.588569165423614,High,1129.6187074951995,Moderate,27.596741522350545,1,0,0,0,71.2
Sensitive,45-54,7.436514440871163,Medium,2771.914415260693,Extreme,32.881479426848806,0,0,1,1,78.7
Combination,18-24,5.764535305216534,Medium,2619.2470261739572,Moderate,24.821301864448174,0,0,0,0,89.2
Oily,25-34,5.427641229425628,Low,1556.7051820447693,Moderate,63.90536718763498,0,0,0,0,92.4
Dry,45-54,6.694482048141467,Medium,1560.8872939424705,Moderate,58.91227143268351,0,1,1,1,69.4
Sensitive,25-34,5.637636756941445,Medium,1252.5220234553917,High,89.80957584448399,0,1,0,0,84.8
Combination,25-34,9.617234925665045,High,2460.68939606032,Moderate,51.03971231986465,1,0,0,0,86.3
Normal,55+,6.196428050500676,High,1834.7945936589012,Moderate,90.39265174846071,1,0,1,0,74.1
Combination,18-24,7.6613215170917135,Medium,1798.1150499705968,Moderate,10.35853154266129,0,0,0,0,90.0
Oily,18-24,7.2182837383155425,Low,1438.592518630705,Extreme,0.0,0,0,0,0,89.3
Normal,45-54,7.529125337888308,High,2905.986947217714,Low,93.83056233909116,0,0,0,1,90.3
Oily,45-54,7.643632605416398,Medium,1513.6195351750637,Moderate,40.10532960954977,0,1,1,0,76.3
Oily,25-34,7.822042229909183,Medium,2012.0830693626183,Low,53.43977012919241,0,0,0,0,95.0
Combination,25-34,6.899669113427963,Medium,2107.9848548628474,Moderate,53.35975181498961,1,0,0,1,76.4
Oily,45-54,7.33734369232948,Medium,1800.6644085788473,Moderate,68.170436293147,0,1,0,0,87.1
Combination,35-44,7.087715602702209,High,1699.5546421874565,Low,48.156905475694174,0,0,1,0,81.4
Normal,25-34,6.292373221490038,Low,1815.3692778132693,High,26.20333873277077,0,0,1,1,75.8
Oily,18-24,5.632303177508984,High,2282.6666663764977,Moderate,24.203209979429364,1,0,0,0,75.3
Oily,25-34,6.408697433869698,Low,1826.4714224940635,Moderate,65.09159458321756,0,0,0,0,95.0
Oily,45-54,7.3619010628983,High,2812.7728436497646,Moderate,79.28746650238119,0,1,1,0,79.3
Normal,45-54,7.603246834859193,Medium,1611.4806570982023,Moderate,53.74775409040667,0,0,1,0,85.8
Normal,55+,7.2704271594853545,Low,2377.0533763351714,Low,35.080017761568854,0,0,1,1,79.8
Dry,45-54,6.650567479827199,Low,1121.8006440827198,High,74.21677327516744,0,1,0,0,87.0
Oily,25-34,6.414380145206153,Medium,1611.5374825820056,Moderate,12.959439133125912,1,0,0,0,77.3
Oily,25-34,5.669530273173812,Low,1591.853916960393,High,98.74245267190426,0,0,0,0,96.4
Oily,35-44,7.469835986509846,Medium,1448.0432334181696,Low,71.30939389718748,0,0,1,0,87.0
Combination,35-44,6.668307658128818,Low,2141.7362536278024,Moderate,56.01312357956606,0,0,0,0,95.2
Sensitive,25-34,6.770841407296205,Low,1944.9064032039269,Extreme,85.7475344407496,1,0,0,1,81.0
Oily,18-24,8.501204565073829,Medium,860.5861410735474,Moderate,65.76659201925239,1,0,0,0,85.3
Oily,45-54,5.935961635536371,Medium,2997.767719626256,Low,65.87636099796734,1,0,1,0,76.5
Normal,25-34,7.395043071365726,Medium,2088.0080971718817,Low,2.743615070465836,0,0,0,0,89.2
Sensitive,25-34,6.549815269828059,Medium,2000.5886772578726,High,75.27375240314896,0,0,0,0,94.6
Normal,35-44,10.0,Medium,2655.0594242984926,Low,96.39714495050609,0,0,0,0,100.0
Oily,35-44,6.675549507304735,Medium,2494.4304446957503,Extreme,46.11953026778472,1,0,0,1,76.0
Oily,18-24,8.0427468747266,Low,1850.9133530507509,Low,73.96622513736787,0,0,0,0,99.2
Oily,45-54,7.023030177633966,Low,1023.7434701494162,Moderate,81.22588580298532,0,0,1,0,88.2
Normal,25-34,4.41754323752976,Low,2282.1928226427326,Moderate,57.35185340364607,0,0,0,0,91.1
Combination,18-24,6.218966356721284,Medium,1518.5769126256737,Low,54.2541210959146,1,0,0,0,80.9
Normal,25-34,7.820706658142591,Medium,2619.632229294712,Moderate,63.996137244296115,0,0,0,0,97.3
Dry,35-44,6.3509583090875905,Medium,1611.9181687011537,Moderate,70.3957982963276,0,1,0,0,85.0
Normal,55+,3.669615527740579,Medium,1774.066552405013,High,97.27150995266571,0,1,1,0,74.6
Normal,45-54,6.9528954746132445,Medium,1328.4094526803306,Moderate,84.16888055577728,0,0,1,0,87.0
Sensitive,45-54,5.3614955530734845,Medium,1368.852319498583,High,92.67780971935788,0,0,1,1,77.7
Normal,18-24,7.197726598895078,Low,1945.462309650547,High,76.42983591875998,0,0,0,0,97.9
Combination,18-24,9.326720622097028,Medium,1898.8702357535333,Low,67.6949461796419,1,0,0,0,89.2
Dry,25-34,7.654185966204356,Medium,1762.0586932395754,Moderate,0.0,0,0,0,0,88.8
Normal,25-34,8.804983743109966,High,3026.5058120044396,Low,47.08115287010599,1,0,0,1,78.4
Sensitive,45-54,6.1577319678332625,High,2301.8231830599543,Low,59.51076626379583,0,0,0,1,82.9
Oily,35-44,6.785250499546701,Medium,2005.1216614631264,High,68.19923776184501,1,0,0,0,84.4
Combination,55+,5.433345704788331,High,621.3371248651335,Moderate,36.08222530487545,0,1,1,1,59.7
Normal,25-34,5.473934832439857,Medium,2412.8841143471586,Moderate,64.7779549564316,0,0,0,0,92.3
Combination,25-34,5.10967275157073,Medium,3497.2681490570567,High,39.4720444402526,0,0,0,1,84.2
Normal,25-34,4.539915546182064,High,1906.0248722389786,Low,92.44208091496742,0,0,0,0,89.1
Dry,18-24,9.048784937997011,High,1594.743738433909,Moderate,91.25175199631883,1,1,0,0,79.4
Combination,25-34,3.3620595574603667,Medium,2081.6623273705504,Moderate,13.831573559006813,1,0,0,0,72.3
Sensitive,25-34,8.555208357206835,Medium,1284.295633673894,Low,73.07178714411442,0,0,0,0,97.0
Sensitive,25-34,8.369088387380346,High,2231.030272133311,High,53.453012987554786,0,0,0,0,93.5
Combination,25-34,7.249689013218497,Medium,2750.109481968622,Moderate,56.30035211108744,0,0,0,0,95.6
Combination,18-24,5.328239097858896,Low,1664.5344497328183,Moderate,64.66723625374941,0,0,0,0,92.5
Normal,25-34,4.126737332835189,Medium,1680.6796086170314,Extreme,18.031206663796244,0,0,0,1,76.4
Oily,25-34,5.677394478104653,Low,1960.1520856348297,Moderate,25.659864947615844,0,0,0,0,89.8
Oily,18-24,7.9376806845098855,Medium,1749.3903840511312,Low,28.770856971546642,1,0,0,0,82.3
Oily,25-34,6.504595456161011,High,1243.8413960621037,Low,36.21455058774084,1,0,0,1,69.1
Oily,25-34,4.934750757357864,Low,1807.381153707724,Low,36.94362893663627,0,0,0,0,89.2
Dry,25-34,8.222307176984735,High,1706.4953903459827,High,69.91913396769075,1,0,0,0,83.8
Normal,18-24,9.526574992272307,High,2683.277431667137,Low,55.56228553116534,0,0,0,0,97.0
Dry,25-34,6.1601012539781035,High,2577.6873593933387,Low,28.221117908285496,1,0,0,0,77.3
Normal,35-44,7.164005355396019,High,2698.656487623465,High,52.009348307172345,0,0,0,0,91.9
Oily,35-44,4.736726974555756,Medium,2400.862500848354,Moderate,0.758208618950988,0,0,0,0,84.4
Dry,45-54,6.378419925836447,Medium,2102.891455740538,Moderate,100.0,0,1,1,0,81.0
Combination,25-34,7.265659967001491,High,1562.795986277815,Moderate,50.451726311987585,1,0,0,1,72.7
Combination,25-34,7.032284810386666,Medium,2663.0578138260657,Moderate,74.81507883720886,1,0,0,1,79.9
Dry,45-54,6.23849822618544,Medium,2173.8947183721184,Moderate,79.82927833765962,0,1,0,1,79.8
Normal,25-34,6.08863473728533,Medium,1375.984826132474,Moderate,49.098306177826935,0,0,0,0,89.8
Dry,35-44,6.3291838951831725,Medium,1543.065903906044,High,0.45223502572358143,0,1,0,0,77.8
Normal,25-34,6.082302929422423,Medium,1368.1274089682252,Low,36.05175028669606,0,0,0,0,88.5
Oily,25-34,7.13485220377719,Medium,973.985519691706,Low,58.840366390538776,0,0,0,0,92.1
Oily,35-44,4.048694371946317,Medium,2194.261092474565,Moderate,61.51273149219177,1,0,0,1,71.6
Normal,18-24,6.888475727788117,Medium,1381.0623140837265,Low,76.00936779492595,1,0,0,0,84.1
Oily,25-34,7.0249633034385335,Medium,1622.0273595846247,High,49.950966519367185,1,0,0,1,75.3
Sensitive,18-24,6.144272971538384,Low,2019.4198143238839,Moderate,100.0,1,0,0,0,88.3
Sensitive,25-34,5.781000434052678,Medium,1906.0535380563736,Low,38.50888495375315,0,0,0,0,89.2
Oily,18-24,6.324408338776825,Low,1643.2790793359145,Moderate,62.942000897484746,1,0,0,0,84.2
Normal,25-34,5.78142503969426,High,2759.4645065308787,Low,24.276653167988876,0,0,0,0,86.5
Normal,35-44,7.00882566677556,High,1236.6727541238254,Low,82.8520663963003,0,0,0,0,91.8
Oily,35-44,7.193504137020676,Medium,1258.3169258247967,Moderate,41.17245138764861,0,1,0,0,83.0
Sensitive,25-34,3.3492285256493006,High,2228.9219537942686,High,21.0855533503141,0,0,0,0,80.3
Normal,55+,7.979320557208432,Medium,1686.9335178246833,Moderate,12.842103118384394,0,0,1,1,75.6
Combination,25-34,6.0650016734795615,Low,1667.376111765741,Moderate,38.1983314365349,0,0,0,0,91.3
Normal,25-34,9.399444763202801,Medium,1460.4819844270191,High,88.96591650163992,0,1,0,0,92.6
Sensitive,45-54,5.212527191651938,Low,2169.1005932384837,Low,93.5347785218586,0,0,1,0,88.1
Oily,35-44,5.699028236868503,Medium,2112.8159373065646,Moderate,71.1721295905559,1,0,0,0,82.7
Combination,35-44,6.695636532125109,Medium,2059.561554336724,Moderate,58.373358647871974,1,0,1,1,68.3
Oily,18-24,7.619838174529053,Medium,1708.5215393394965,Moderate,21.84210726198339,0,0,0,0,90.8
Dry,25-34,3.573849008942748,Medium,1624.4851982943474,Low,26.679861122458114,0,1,0,0,75.1
Normal,45-54,5.75634992182584,Medium,1918.4530807140748,Moderate,46.206214103410645,0,0,1,0,82.0
Normal,25-34,7.386980240860765,Medium,2483.269904618256,Moderate,33.9410076741856,0,0,0,0,93.1
Sensitive,35-44,5.577814080351186,Medium,2784.0796990682834,Moderate,58.58075694163358,0,0,0,0,92.6
Sensitive,25-34,8.555039564564341,Low,2555.6776565149157,Moderate,41.2146613500843,0,0,0,0,98.3
Combination,45-54,6.319174601726392,Low,2252.8686709479834,Moderate,60.15203080128241,0,0,1,0,87.2
Dry,25-34,5.150940197987155,Medium,2491.0880864192663,Moderate,31.218596398242326,1,1,0,1,63.4
Combination,25-34,7.415366386684279,Medium,1409.0320650563774,Low,78.29088513295986,1,0,0,0,85.5
Normal,18-24,9.41142608023667,Low,1643.1148627071198,Low,78.03933957109561,0,0,0,0,100.0
Oily,35-44,7.6245943881158444,Medium,2262.1992528504325,High,75.02550494078598,0,0,1,0,89.3
Oily,35-44,8.890644098834887,Medium,1940.9195664757838,Moderate,72.13952938127125,0,0,1,0,90.9
Dry,18-24,9.514953010955445,High,2168.7531897431727,High,11.194966126280278,0,1,0,1,76.5
Oily,35-44,5.617211980108633,High,2489.7325955119545,Extreme,100.0,1,0,1,0,75.2
Normal,25-34,7.9075870010893805,Medium,2412.014142215413,High,42.960173498104766,0,0,0,0,94.9
Dry,18-24,4.714794236044678,Medium,1454.5182449669014,Moderate,69.8428401058012,1,1,0,0,71.3
Combination,25-34,7.137353797679578,Low,2005.9221530492707,Moderate,70.82424925269872,0,0,0,0,97.4
Oily,18-24,6.893023164227771,Low,1539.5887090693072,Low,23.969824048923762,1,0,0,1,74.3
Normal,25-34,8.364425304563094,Medium,1611.3409806799582,Extreme,34.30380496866992,0,0,1,0,85.4
Normal,25-34,8.258377269477261,Medium,1144.56549745669,Moderate,59.94775232571204,1,0,0,0,84.8
Oily,35-44,7.854675025801604,Medium,2066.800221177274,Low,21.348157757897717,1,0,0,1,75.0
Oily,35-44,7.447641849224228,Low,1107.612715433984,Low,57.7656230358125,0,0,0,0,94.9
Dry,35-44,7.7625530150829265,Medium,2197.066619426089,High,0.1224357527481672,0,0,1,0,81.9
Dry,18-24,7.092656307064819,Low,2679.2238054913855,Low,50.25335892584574,1,0,0,0,86.6
Dry,45-54,6.908206388338145,Medium,2265.1680594902564,Low,94.38004124588488,0,1,0,0,89.8
Oily,35-44,9.163867258378664,Low,2025.94417891788,Moderate,59.93986861633056,1,0,1,1,75.4
Combination,18-24,9.344334729517264,Medium,2767.224062701548,High,13.418642073433404,0,0,0,1,88.6
Oily,45-54,6.787511203446689,Low,2163.7228486847803,Moderate,46.17840371068682,0,0,1,0,86.5
Oily,18-24,7.3564546045161165,Medium,1568.6283403565653,High,65.3779085065258,1,0,0,1,77.4
Combination,25-34,6.622482837159161,Low,2062.553225865577,High,54.16984077963863,1,0,0,0,84.8
Normal,25-34,4.082452337094208,Low,2979.845750297075,High,61.29831559245058,1,0,0,0,82.3
Normal,25-34,5.99534663358199,Low,1453.6805826788411,Moderate,45.693490812338176,1,0,0,0,81.5
Combination,45-54,9.399556301572154,Medium,1309.938060132636,Moderate,40.85603019117478,0,0,0,0,95.5
Oily,25-34,5.375336187452284,Medium,2307.4543236707696,Low,53.13553912868093,1,0,0,0,80.7
Dry,18-24,10.0,High,1887.9734160184566,Low,51.69856577232905,0,0,0,0,95.9
Normal,45-54,8.758189464384074,Low,1733.9990622500738,Moderate,85.67932153948257,0,0,1,1,86.6
Dry,45-54,7.602247225819314,Low,1370.4102898990802,Low,48.253198658371794,0,1,1,0,78.8
Oily,35-44,7.841264928964631,Medium,1024.9438810066279,Moderate,61.21855682666764,0,0,0,0,93.9
Normal,25-34,5.124189955497462,Medium,1271.7849805842898,Low,46.36954076331064,0,0,0,0,87.4
Dry,18-24,6.602156871662947,Low,2807.46276266368,Low,100.0,0,0,0,0,100.0
Oily,35-44,9.162098665482638,Medium,1995.562878427761,High,41.17507672155898,0,0,1,0,88.4
Oily,18-24,6.0782059912397,Medium,1018.8177589732813,Moderate,40.38437293942643,1,0,0,0,78.2
Normal,18-24,8.591697635423198,Medium,2592.0429691593818,Moderate,26.064196001362976,0,0,0,0,95.0
Normal,25-34,4.434439715844412,Medium,2617.416983506987,Moderate,82.59587477020588,1,0,0,0,82.4
Oily,18-24,5.202762381287484,Low,2614.616977841418,Moderate,84.44887413929635,0,0,0,0,96.1
Normal,18-24,9.852076998379474,Low,1788.734345258,Moderate,44.577547755239856,1,0,0,1,82.7
Sensitive,25-34,6.482244280639514,High,1865.594694128714,Moderate,94.6398454469618,0,0,0,0,93.2
Normal,18-24,6.192250169508489,Low,2068.813931854042,Moderate,58.202539933293345,0,0,0,0,94.3
Oily,18-24,9.044111240498443,Low,2700.523253997342,Low,67.55051680013975,0,0,0,0,100.0
Normal,18-24,8.868732332445257,High,1722.549490455683,Low,25.12866119201618,0,0,0,0,90.7
Oily,18-24,8.381131847885857,Medium,1622.793377709643,Moderate,54.034442195722285,1,0,0,0,85.4
Sensitive,35-44,6.145153120881841,Medium,2347.8384341785795,Moderate,100.0,0,0,0,0,97.0
Normal,45-54,6.569623636093486,Medium,2604.6273669248308,High,96.93631473349657,0,0,0,0,98.0
Sensitive,25-34,6.967443235587095,Medium,1973.6046528917213,High,85.13249472787315,1,0,0,1,79.4
Oily,25-34,7.541599013220855,Medium,2335.21995390097,Moderate,73.77658138882062,1,0,0,1,80.1
Combination,18-24,6.2372746389721945,Low,2056.2233820370166,Moderate,100.0,1,0,0,0,88.6
Dry,18-24,7.256105665931045,Medium,1874.3776969477394,Extreme,69.64415622381728,0,1,0,0,87.2
Combination,25-34,6.901086951196109,Low,1585.3609007570744,High,33.4579202868223,0,0,1,1,77.3
Dry,25-34,8.43015463456288,Low,1423.0700492765254,Low,80.32527464426349,0,1,0,0,91.7
Dry,35-44,8.131698743402678,Medium,1692.6169691147431,Low,58.142328711575374,0,1,0,0,87.5
Normal,35-44,4.739797532747064,Medium,1511.9704070657385,Low,72.21939397036039,0,0,0,0,89.7
Normal,25-34,6.179554537271922,Low,2141.741266529715,Moderate,52.96234807060227,0,0,0,0,93.9
Sensitive,18-24,5.606824945024876,Medium,2608.7728837083932,Moderate,47.28035029936548,1,0,0,0,81.2
Oily,35-44,7.852131130917511,Medium,2102.00467568545,Moderate,67.71251829673662,0,0,0,0,96.7
Oily,25-34,7.884730025757566,Medium,1539.6483301566645,High,74.17186386003328,1,0,0,0,86.3
Combination,35-44,7.152333978415367,High,2427.6885405129797,High,78.46889091353383,0,0,0,0,94.0
Oily,25-34,6.097809454058225,Medium,2148.4407480498544,Moderate,61.998261272098205,1,0,0,1,75.7
Sensitive,35-44,7.103754689553975,High,2247.41301035589,Low,69.98391054612117,1,0,0,0,82.7
Combination,45-54,7.313378910216632,Medium,1740.3161444588188,High,18.52581897465692,1,0,1,1,65.0
Dry,45-54,6.03985052242464,Medium,2566.688286159246,Moderate,58.81512829238112,0,1,1,0,77.1
Combination,25-34,4.671933348845952,High,2564.1328490894775,High,63.85721912516561,1,0,0,1,70.9
Normal,25-34,3.42479143616697,High,1907.9664276707806,Low,0.0,0,0,0,0,77.7
Oily,25-34,8.400773197608325,Medium,2359.225923301462,Extreme,48.324893870232245,0,0,0,1,89.4
Oily,45-54,7.744549365452449,Medium,2550.744576035834,Moderate,57.62955142826772,0,0,1,0,88.4
Oily,25-34,7.043766517016259,Low,1767.3138869557397,Low,27.13333122466003,0,0,0,0,92.3
Combination,18-24,8.897798331929424,High,1959.3806761825977,Moderate,69.0104179916075,1,0,0,0,85.6
Sensitive,25-34,4.616797985461375,Medium,2039.8956786012034,High,88.60479572165006,0,0,0,0,92.2
Oily,18-24,4.396553686217472,High,1451.0899208771011,Moderate,95.35348058089696,0,0,0,0,88.2
Oily,25-34,7.076347874778635,Low,2220.8312557772038,Low,49.29504775326567,1,0,0,0,85.5
Sensitive,25-34,6.939907063165146,Medium,2511.2614077997036,Moderate,97.28779609740721,1,0,0,0,88.6
Oily,25-34,3.9030397854908703,Medium,1928.056991891076,High,29.518641762976085,1,0,0,1,67.6
Oily,18-24,7.539281593210708,High,2169.925027176134,Low,40.72024063325094,1,0,0,0,80.5
Oily,45-54,6.399665571400648,High,2699.2903979590883,Low,76.9870287611343,0,1,0,1,77.9
Sensitive,35-44,5.7893679103936275,Low,1797.424062598526,Low,58.59913552941033,0,0,0,0,93.0
Dry,45-54,6.499864437576381,Medium,2180.132498813502,Low,55.945593639810426,0,1,1,1,70.0
Combination,25-34,3.0,Low,1715.093899165163,Low,70.98890074612677,1,0,0,0,78.5
Combination,35-44,6.112938664912093,Medium,1701.446850465293,Moderate,59.848816531122495,1,0,0,0,81.6
Oily,25-34,5.443558145773693,Medium,2170.9466307363937,Moderate,27.009047220002042,0,0,0,0,87.9
Oily,18-24,7.83565367040421,Medium,2120.6847836566435,High,35.26119311217285,1,0,1,0,75.4
Combination,18-24,6.762654795233671,High,2277.534919763849,Moderate,43.16508244856287,1,0,0,0,79.4
Oily,25-34,7.458303310518322,Medium,2038.0793748122246,Low,64.68871293544461,0,0,0,0,95.5
Combination,18-24,3.175690982894979,Medium,2232.5714086495773,High,41.87692029603542,1,0,1,1,60.0
Sensitive,55+,5.7413526661434275,Medium,2832.7594860356844,Moderate,3.7743211772888614,0,1,0,0,79.5
Dry,18-24,7.833995577357166,Medium,2529.9552026527886,High,69.65685595178788,1,1,0,0,79.7
Combination,25-34,6.0367030541402675,High,2169.190849372244,Moderate,66.13610064952331,0,0,0,0,90.0
Combination,25-34,7.76819079946155,High,2252.4534991683354,Low,23.361449302840782,1,0,0,0,79.4
Combination,25-34,3.793095635916165,Low,1850.5489932478988,Moderate,21.667402940784587,1,0,0,0,75.5
Oily,25-34,7.596666259534212,Medium,1920.4054544310354,Low,83.77732853155771,0,0,0,0,97.4
Normal,18-24,6.041291173322439,Low,2246.230465335733,Extreme,43.985082793950184,1,0,0,0,83.0
Oily,35-44,5.895704373425989,Medium,2043.8251123579296,High,78.83939286263289,0,0,1,0,85.8
Dry,25-34,7.986570570391178,Medium,2396.5093381157594,High,32.6507192349392,0,0,0,1,87.0
Oily,25-34,8.242851694934759,Low,2633.5365017230124,Moderate,66.3818898242179,1,0,0,1,83.4
Combination,35-44,8.552049544130924,High,1949.1170195031177,Low,36.92867577580945,0,0,0,0,91.7
Oily,45-54,10.0,Medium,995.3917304414981,Moderate,70.55712577797416,0,1,0,0,91.0
Dry,45-54,8.900205412665002,High,3017.0944628953057,Moderate,68.92238443227036,0,1,0,0,89.7
Normal,35-44,5.806845124401551,Low,1673.752783464374,Low,8.385155413397207,0,0,0,0,87.8
Combination,25-34,6.712457192203476,High,2097.58085154934,Moderate,53.09943416839367,0,0,0,0,89.9
Dry,25-34,5.959703137272597,Medium,2363.7461433634867,High,32.0346389258367,0,0,0,1,82.9
Oily,35-44,10.0,Low,2704.4867694215413,Low,87.32513007713636,0,0,0,0,100.0
Oily,45-54,8.657304932048064,Medium,2903.0171042850634,Low,65.87989448082901,0,1,1,0,83.7
Combination,18-24,6.716679794929816,High,1818.06343111627,High,43.81749434213107,1,0,0,1,71.5
Oily,25-34,7.816864696629503,Medium,2594.8448834714636,Low,87.97133613666671,1,0,0,1,82.6
Oily,35-44,5.151702300530343,Medium,2098.9899566874324,Low,12.419578042497378,0,0,0,0,85.7
Sensitive,25-34,6.875392606468209,High,3371.6018351061875,Moderate,100.0,1,0,0,0,87.5
Combination,25-34,5.093116261095373,Low,2550.22236213002,Moderate,96.88626521056669,1,0,0,0,87.0
Sensitive,25-34,3.96711169905889,Medium,1911.2629557938421,Extreme,55.25776918090423,0,0,0,0,87.3
Oily,35-44,8.17680435629475,Medium,1603.463591402552,Moderate,82.20993957339732,0,0,0,0,97.8
Oily,55+,8.362886642781326,Medium,686.7051377430241,Extreme,62.13410939540114,1,0,1,1,69.3
Combination,25-34,7.185818954317979,Low,2337.337964940069,Moderate,0.0,1,0,0,1,74.0
Dry,18-24,6.725549439150249,Medium,2504.224378995377,Moderate,47.21193478553501,0,0,0,0,93.2
Combination,18-24,5.100462017730386,Medium,2372.730222199979,Low,18.373815492100398,0,0,0,0,86.8
Oily,18-24,5.2579796939241294,Medium,823.292776315395,Moderate,16.094365570633457,0,0,0,0,83.8
Oily,25-34,5.0460800303918045,Medium,1370.994505155267,High,42.838242730932706,1,0,0,1,70.1
Normal,25-34,6.149490062412614,Low,2240.4117389483936,Moderate,43.705357846464544,1,0,0,1,76.2
Oily,18-24,8.614268100407372,High,2892.7618677403957,Low,80.3954171955157,1,0,0,0,88.1
Normal,35-44,8.59060631661798,Medium,1972.2230986386485,Moderate,41.18764327271795,0,0,1,0,87.2
Normal,35-44,4.527148600580684,High,2545.7591282958415,Moderate,50.12959151069657,0,0,0,0,86.2
Sensitive,25-34,5.4601499949245795,Low,1482.7965882807514,Low,99.18335715395261,1,0,0,1,78.8
Oily,25-34,5.4197584706422415,Medium,2103.564016326162,Extreme,45.40745647136223,1,0,0,0,79.6
Dry,55+,3.2026253072481317,Low,1862.669934521748,Moderate,37.171417169945094,0,1,1,0,69.8
Combination,25-34,7.349181420424862,Medium,2593.7947369154535,Moderate,71.42139949076754,0,0,0,0,97.0
Dry,35-44,6.630760263522218,Low,1730.0818345318085,Extreme,73.26580546910347,0,0,0,0,96.0
Normal,25-34,6.330286195053536,Medium,2838.5063419324697,Low,52.4982260100543,0,0,0,0,93.6
Combination,35-44,9.018806587563457,High,1846.143758190006,High,83.10129513337358,0,0,1,0,89.0
Dry,35-44,7.132463519926536,Low,1465.0685019239165,Low,28.808203375359987,0,0,0,0,92.1
Combination,35-44,6.353904302550974,Low,1481.846341131041,Low,45.452914369695854,0,0,0,0,92.2
Combination,45-54,7.8581164315074155,High,1688.7864338260706,Moderate,100.0,0,0,1,1,81.1
Sensitive,45-54,8.588307769863343,Medium,2185.2836639613583,Moderate,0.0,0,1,1,0,75.5
Dry,25-34,6.9447013490738385,Medium,1695.0100124794385,Moderate,33.179525448394116,0,0,0,0,90.6
Oily,18-24,8.033784398047223,Low,1589.761312174514,Low,20.414076989850045,0,0,0,0,93.3
Dry,25-34,6.281648525385673,Medium,2444.904025767203,Low,51.775457856881516,0,1,0,0,84.6
Normal,35-44,6.877213380460506,Low,500.0,Moderate,75.12347474792344,0,0,0,0,94.3
Combination,35-44,7.1695310654482425,Medium,1785.059181782175,High,87.67404863681634,0,0,1,0,88.7
Normal,18-24,5.870318574351007,Medium,1332.8809261324286,Moderate,39.74040290460054,0,0,0,0,88.4
Oily,18-24,6.147907578445599,Medium,1565.722780828089,Low,26.930346249131905,1,0,0,0,78.1
Combination,35-44,9.066819462727711,Medium,2121.874961794543,Moderate,23.718256125067803,0,0,0,0,94.7
Dry,25-34,9.511934143793482,Medium,1897.3836774824774,Moderate,51.19812386919441,0,1,0,0,89.9
Oily,25-34,8.888296871057271,Low,1852.2170177647831,Low,100.0,0,0,0,0,100.0
Oily,35-44,5.0151139648471785,High,2594.7544394821325,Moderate,45.30757565831171,0,0,0,0,86.8
Combination,25-34,4.370213698122541,Medium,1993.19092012679,Moderate,48.20548652630014,1,0,0,0,77.5
Oily,18-24,5.213935852082258,Low,2903.028436803456,Moderate,53.404797151513584,0,0,0,0,93.6
Combination,18-24,7.201581162819221,Low,2356.0958890003826,Moderate,39.42882391695892,1,0,0,0,85.1
Normal,18-24,3.0,Low,1516.6451392338456,Moderate,85.58117397951527,0,0,0,0,89.6
Combination,25-34,5.616797650070749,Low,2967.045985142427,Extreme,80.23305439907821,0,0,0,0,97.2
Combination,25-34,8.61064893374167,Medium,2139.0526722455056,Moderate,70.45667848429888,0,0,0,0,98.5
Normal,25-34,7.973658246093361,Medium,2935.8739296199396,Moderate,74.01335025033512,0,0,0,0,99.2
Oily,18-24,6.236358024139739,High,1866.9522284836205,Low,32.86913443611657,1,0,0,1,69.5
Normal,18-24,6.349966838244043,Low,2136.115873703963,Moderate,21.302507666920928,0,0,0,0,91.1
Combination,18-24,7.850862560210356,Medium,2216.057082662537,Low,33.066542106208416,0,0,0,0,93.4
Dry,55+,8.402903132866298,Medium,1915.9431128911401,Low,57.01033225027831,0,1,1,1,73.3
Dry,25-34,5.70029409839036,Low,2635.959997793443,Low,41.885649460900055,0,1,0,0,84.9
Normal,45-54,6.648450967420843,High,2966.2910042521544,Moderate,74.22728617842762,0,1,1,0,77.7
Oily,45-54,6.150985407219965,High,853.2868606917491,Moderate,62.7054843535581,0,1,1,0,71.3
Normal,25-34,4.502975837937179,Medium,2407.4091874957558,High,16.516994061649783,1,0,0,1,68.5
Oily,35-44,6.670384377967279,Medium,1552.7480950744075,Moderate,91.0194404944624,1,0,0,0,85.5
Dry,18-24,6.556108689686855,High,703.595773065113,Moderate,37.21693390684953,0,1,0,0,77.2
Combination,35-44,5.109033826017017,Medium,2258.5091282320964,Low,79.65755247599257,0,0,0,0,92.7
Dry,25-34,7.469121406456594,Low,2259.636748749939,High,28.80984009071299,1,1,0,1,69.3
Oily,45-54,7.724981017938834,Low,2340.063587530942,Low,37.97387859262609,0,1,1,1,72.9
Sensitive,18-24,8.043579551267614,Medium,2185.513938951762,Moderate,41.77488807501211,0,0,0,0,94.6
Combination,35-44,5.847894466803448,Medium,2437.512611641838,Low,24.203885889614185,0,0,0,0,89.0
Sensitive,18-24,4.024636482828029,Medium,1698.4755993278777,High,29.80330276067677,1,0,0,1,67.4
Dry,45-54,7.700996694468474,Low,2131.667194577459,Moderate,69.51546372299171,0,1,0,0,90.6
Oily,25-34,5.50383092805543,High,2349.0831342142847,High,26.812310765627558,1,0,1,1,60.4
Normal,35-44,5.663997800131448,Medium,2676.478061279688,Low,68.64821979552968,0,0,0,0,93.5
Combination,25-34,4.614420388034836,Medium,2021.922736376067,Moderate,52.544050306768696,0,0,0,0,88.5
Normal,25-34,6.08701620786927,Low,1893.1022173512451,Moderate,72.00148839399799,0,0,0,0,95.2
Oily,35-44,9.36599094557571,High,1972.3805527411673,Low,34.53800432077274,1,0,0,0,83.1
Dry,45-54,6.241825717966728,Medium,1403.2034472769556,Moderate,86.5211053222236,0,1,1,0,77.9
Dry,18-24,5.3652954337495995,Medium,2384.812142860646,Low,27.353702236845884,1,1,0,1,63.2
Dry,45-54,7.977900101545043,High,1271.3415466008137,Moderate,0.0,0,1,0,1,70.5
Normal,35-44,7.259218419656926,High,2195.482051518681,Low,64.75638502489687,0,0,0,0,92.4
Oily,45-54,3.8210479484676885,Low,2042.287111129727,Low,38.1204661972387,1,0,0,1,70.5
Dry,25-34,7.49351947962993,High,1224.513717291387,Low,87.49544828051802,1,1,0,1,68.2
Sensitive,25-34,9.692701652752401,Medium,1253.0269491341019,Moderate,72.5247233693485,1,0,0,0,89.1
Combination,45-54,3.0991961088564643,Low,1573.1542635101189,Low,57.870315777039586,0,0,1,0,79.1
Sensitive,25-34,4.646440963966814,Low,1828.0290112523653,High,70.03922786624406,0,0,0,0,92.0
Combination,25-34,3.0,Medium,2740.2396408257073,Low,37.56572455615179,0,0,0,0,85.2
Dry,18-24,6.887043368888747,Medium,1944.6324168356005,Low,92.10698489089981,0,1,0,0,88.9
Normal,18-24,8.485579354917029,Medium,2273.2434678359577,Moderate,36.296971566855476,0,0,0,0,95.1
Dry,35-44,7.158251124694419,Low,2633.302688639053,Extreme,71.58260283518145,0,0,0,0,98.7
Dry,35-44,9.087993547169004,High,2536.5836455762987,High,39.52591958046875,0,0,1,1,79.2
Dry,25-34,7.745825435495201,High,1996.4701435646764,Low,50.04147069957654,0,0,0,0,91.5
Oily,18-24,9.553220985253265,Medium,1647.2373622266402,Low,19.074519774817688,1,0,0,0,84.3
Dry,25-34,8.240316152160641,High,2249.4272798471766,Moderate,55.71510835949262,0,1,0,0,85.6
Oily,25-34,5.8955853970857435,High,1657.21409073159,Low,51.62043780247924,1,0,0,1,70.3
Dry,25-34,6.60008968435226,Low,2907.402326261241,Moderate,63.72114617814589,0,1,0,0,89.4
Normal,45-54,5.696984626778541,Medium,2433.8992497176196,Moderate,71.70327540413427,0,1,0,0,85.4
Combination,35-44,6.654015746697927,High,2104.3481520418363,Moderate,60.72783513623672,1,0,1,1,65.6
Normal,18-24,7.09274750802718,Low,2256.3358830309426,Extreme,100.0,0,0,0,0,100.0
Normal,45-54,6.872639014696969,High,2089.1432447567986,Low,59.54279502243029,1,1,1,1,57.9
Oily,25-34,8.513380289455416,Low,1815.8351850431884,Moderate,50.97922130174705,1,0,0,0,87.8
Dry,35-44,6.5047479062397535,Medium,2249.304964119792,Moderate,57.86934037215652,0,0,1,0,85.3
Oily,18-24,5.601870379663964,Medium,1878.5540498414064,Moderate,55.065049984196165,1,0,0,0,80.5
Oily,35-44,5.69558344764522,Medium,2968.3442162187785,Moderate,52.84817961747607,1,0,0,1,75.6
Dry,18-24,7.9826504074337965,Medium,1653.6482998657525,Extreme,40.7933480714102,0,1,0,0,85.4
Oily,25-34,4.3952923878665,Medium,2254.3987126316206,High,68.80154086983805,1,0,0,0,80.2
Sensitive,18-24,6.698220744773624,Medium,1608.6367534829114,Moderate,63.79003598008208,1,0,0,0,83.0
Sensitive,18-24,8.991250368183131,Medium,1603.4179332333106,Moderate,91.35010665373876,0,0,0,0,100.0
Dry,18-24,7.438897668611245,Medium,1106.9550679087524,Moderate,2.6528641467106837,0,0,0,0,87.4
Oily,18-24,6.888091916321868,Medium,2205.73755238655,High,88.07045319390801,1,0,0,0,87.0
Combination,18-24,6.946134394542355,High,1733.7670444773705,Low,72.38123097099854,0,0,0,0,91.6
Normal,35-44,5.455653111659241,Medium,2541.6947594081594,Moderate,58.71404974689016,0,0,0,0,91.9
Oily,18-24,5.714297934348188,Medium,2206.647696308427,Moderate,48.061633374181326,1,0,0,0,80.6
Oily,35-44,6.707227490628134,Low,2074.11232901465,Moderate,76.0170625982093,1,0,1,0,79.2
Sensitive,18-24,7.4069095451639395,Medium,1294.7506130078768,Low,39.34102871793052,1,0,0,0,81.3
Normal,45-54,8.422225017703166,Low,2292.452652433967,Moderate,60.96007451697985,0,0,1,0,91.5
Dry,45-54,7.138840925757152,Medium,1668.926924040275,Moderate,63.87902843681367,0,1,1,0,78.0
Combination,18-24,9.029161263631373,Low,1283.580651924311,Low,0.0,0,0,0,0,92.6
Oily,35-44,9.407797022814288,Low,2215.256739764409,Moderate,68.699217784767,0,0,1,0,94.1
Normal,18-24,8.192900818723306,Medium,1370.8536897379445,Moderate,16.19381830301664,0,0,0,0,90.7
Sensitive,45-54,8.837472112083827,Medium,954.4376498154877,Extreme,100.0,0,1,0,0,91.6
Dry,25-34,5.013929717917859,Medium,2648.5672274015865,Low,83.45149008256308,0,1,0,0,85.7
Dry,18-24,5.276201597967907,Low,1719.6339985720003,Low,87.76381409946703,0,1,0,0,86.8
Oily,25-34,7.276960064435248,High,1127.7559707686046,Low,41.9391258841335,1,0,0,1,71.0
Oily,18-24,4.98818528219943,Low,1518.7040946617963,Extreme,41.58933922248088,0,0,0,1,82.2
Oily,25-34,6.0644422339761,High,1639.4742014641615,High,0.5929583545074735,1,0,1,0,64.5
Normal,35-44,8.156787857994608,Medium,2572.1136451469883,Moderate,77.00492333245569,0,0,0,0,99.2
Normal,25-34,8.62005938702781,Low,1168.5161199586807,Low,12.283588911734931,0,0,0,0,92.8
Combination,25-34,6.118676524567902,Medium,1330.5468591253377,Moderate,13.771612983404601,1,1,0,0,68.3
Oily,18-24,6.025083557038465,High,2490.201497442867,High,42.40655589592553,0,0,0,1,81.3
Normal,18-24,7.480692432267373,Medium,1775.133602210744,High,22.356778112947488,1,0,0,1,73.7
Dry,18-24,5.389684834714166,Low,2113.976369005674,Moderate,25.956379565137322,0,1,0,0,81.6
Combination,45-54,6.740082027559859,Medium,1754.5373349660724,Extreme,61.177381698495246,0,0,1,0,85.1
Normal,18-24,6.987999927585578,Medium,3010.2850784109937,Low,72.03676076641828,0,0,0,0,97.2
Dry,25-34,6.458024010993808,High,1355.1524220398019,Moderate,63.48744919171774,1,1,0,1,64.0
Normal,25-34,6.632755210726823,High,2141.0578336391213,High,54.736089049500606,0,0,0,0,90.0
Normal,18-24,5.748227716641788,Low,2751.4782936287074,Moderate,78.67277384158356,0,0,0,0,96.9
Normal,35-44,5.909510511072375,Medium,1812.5069948633668,High,63.190520552484706,0,0,1,0,83.8
Combination,25-34,5.37932560845107,Low,1623.1129722954056,Extreme,36.83336295183747,0,0,0,1,82.7
Normal,25-34,4.069858491207414,High,2383.5515154085706,Moderate,30.748248504277743,1,0,0,0,73.0
Normal,25-34,7.012745482769159,Medium,2502.0324051381886,Low,63.80869983921771,0,0,0,0,95.4
Oily,25-34,7.841986177538008,High,1600.0481575043486,Moderate,22.47391894544304,1,0,0,1,71.1
Combination,25-34,7.694465124280304,Medium,2731.0982969527186,Moderate,58.72029429712006,0,0,0,0,96.7
Oily,25-34,6.1062547093088675,Medium,2025.610546073944,High,39.29085543058527,1,0,0,0,80.2
Oily,35-44,5.783492140804169,Low,2254.3806480641333,Moderate,39.05049538310145,0,0,0,0,92.0
Normal,18-24,8.116471963544035,High,2744.140595269756,High,28.61876720925428,0,0,1,1,76.6
Oily,25-34,7.458384533561827,Medium,2384.3901128941993,Extreme,74.13360226883003,0,0,0,0,97.1
Dry,18-24,7.326130963654443,High,1999.875412290913,High,28.56093019279396,0,0,0,0,88.5
Dry,18-24,9.61646687863491,Low,1664.2039467412028,High,43.01953631192512,0,1,0,0,90.9
Oily,25-34,6.4603617179494055,Medium,3354.2528253411747,Moderate,38.28340567295931,1,0,0,0,83.5
Oily,45-54,6.614665024112667,Medium,1605.4919109733605,Moderate,86.47881654400233,0,0,0,0,95.1
Normal,45-54,6.4002740033881,Low,2159.0645469901356,Extreme,98.45761320837775,0,0,0,1,92.0
Oily,18-24,4.658683440278789,Medium,2254.9946936838146,Moderate,72.72119152959459,0,0,0,0,91.1
Normal,25-34,7.492009946213439,Medium,2278.6547343091383,High,40.60884376185982,1,0,0,1,76.6
Combination,25-34,6.341771949263335,Low,3064.0084659532504,Moderate,58.55648750084845,0,0,0,0,96.7
Sensitive,18-24,7.764896862035193,Low,2023.785197544466,Moderate,42.257656721343594,0,0,0,0,95.8
Sensitive,35-44,9.76281700313686,Medium,1952.4670320681828,Moderate,80.26057498552717,0,0,1,0,93.5
Combination,35-44,6.413872345143075,Medium,2776.139028803771,High,16.072760506720257,1,0,1,0,72.0
Dry,45-54,3.492986924812673,Medium,1932.0579269666541,Moderate,65.8821322196745,0,1,1,1,64.4
Combination,18-24,7.721605554266159,Medium,2438.012169009551,Moderate,48.620449348199564,1,0,0,0,85.2
Oily,18-24,7.250289084839014,Low,2097.1949192983197,Low,61.01880356556013,0,0,0,0,96.8
Dry,45-54,5.90131918604302,Low,2460.48745807858,Moderate,59.692003242635145,0,1,1,0,78.7
Oily,35-44,7.595899503432246,High,2362.724138543351,Low,80.876412727674,1,0,1,1,70.0
Oily,45-54,8.179144480156562,Low,1798.4439502991097,Moderate,40.91264216761141,0,1,0,1,81.0
Combination,18-24,5.580085134682679,Medium,1077.993689170815,High,68.91181537458434,0,1,0,0,82.2
Oily,25-34,6.0480022078949265,Medium,1163.045642727911,Extreme,61.80790690176657,1,0,0,0,80.6
Oily,25-34,8.715130594773392,High,1079.8107044520928,Moderate,77.23730693029208,1,1,0,0,76.3
Sensitive,18-24,5.917566713155953,Low,1954.4016763693746,Low,93.91737219996165,0,0,0,0,97.1
Normal,25-34,6.600004633120678,High,823.687214972849,Moderate,26.20227322662592,0,0,0,0,84.5
Oily,35-44,3.063383250934173,Medium,1920.004839812809,Moderate,72.92581694641129,0,0,0,0,87.3
Sensitive,18-24,4.777231748378058,Low,2066.883673535496,Moderate,35.85789772275659,0,0,0,0,89.3
Dry,25-34,6.7362762459992,Low,2428.1132222986257,Low,78.99169093138468,0,1,0,0,90.2
Dry,35-44,8.841981714378402,Medium,2252.1898363300947,Low,38.67188782465814,0,1,0,0,88.1
Oily,25-34,4.456955476998498,Medium,2450.942534103906,Moderate,40.49941514082488,1,0,0,0,77.9
Oily,45-54,7.111846093090745,Medium,2206.9525621176963,Low,65.43885230371536,1,0,1,1,70.2
Combination,25-34,5.936423136419425,High,1838.2292299707926,Low,68.4619695342765,1,0,0,1,72.4
Dry,25-34,7.929632082488741,Medium,1947.0085280429616,High,59.28256732564735,0,1,0,0,87.7
Dry,55+,5.173295042016122,Medium,1574.1780188678736,High,69.14088801519328,0,1,0,1,75.4
Normal,45-54,7.645116472551228,Medium,2114.0432641694792,Low,60.31201428350562,0,0,1,0,87.5
Normal,18-24,6.0194639695056145,Medium,1207.9022248117317,Moderate,56.10246176691648,1,0,0,0,80.1
Sensitive,35-44,7.334557037239713,Low,2533.0177270031536,Moderate,30.82959770135603,0,0,0,0,94.8
Oily,18-24,7.103396578462709,Medium,1521.7030566840763,Low,75.6522544101469,0,0,0,0,94.8
Dry,18-24,6.6223313887860735,Medium,2076.922660838992,Moderate,42.72072430263667,0,0,0,0,91.7
Normal,25-34,7.2167177694040765,Low,2160.739167653794,Moderate,39.23906954474784,0,0,0,0,94.7
Dry,25-34,6.565479101454442,Low,2581.361459827189,Moderate,98.42020374199168,0,0,0,0,100.0
Sensitive,45-54,6.800790546884958,Low,1159.418320948338,Low,7.279220896189116,0,1,1,1,65.6
Dry,35-44,6.465375198965885,Medium,1837.270398548656,Moderate,62.38223334160754,0,1,0,0,84.8
Normal,55+,7.116397584618006,Low,2274.9239178399966,High,0.0,0,0,1,1,75.8
Dry,35-44,7.333065322219108,Medium,2875.5917565060645,High,68.48754638100573,0,1,0,0,89.3
Combination,25-34,5.016286879879068,Medium,1980.5861363827776,Extreme,32.52197028409378,1,0,0,0,77.2
Oily,35-44,6.475793143123935,Medium,1702.827145995259,Moderate,0.0,0,0,0,0,86.4
Combination,55+,5.417221083053241,Medium,3013.4943781000247,Moderate,77.22824640137176,0,1,1,0,78.6
Dry,35-44,6.940231865828822,Medium,2401.280335927393,Low,27.755699768894253,0,0,0,0,91.5
Combination,35-44,6.111501692718958,High,2686.81663592259,Moderate,83.71846056471833,1,0,0,0,83.0
Dry,45-54,8.156174721971883,High,1395.2296361501874,Extreme,35.63334721467776,0,1,1,1,66.7
Normal,18-24,8.009090466635035,High,2260.5645520598055,Low,38.392993491516265,0,0,0,0,91.4
Oily,35-44,5.615877154653446,Low,1458.3373695434798,Moderate,2.9101734245371347,1,0,1,0,68.4
Oily,45-54,6.996538981902288,Low,1347.4779984285415,Low,70.61602154877208,1,1,0,1,70.7
Sensitive,55+,7.957774868872546,Medium,2290.9400316698134,High,50.65164711927493,0,0,1,1,80.6
Combination,18-24,6.737037519753957,Medium,2325.9236994591743,Moderate,40.836013508385804,0,0,0,0,92.2
Dry,25-34,5.4076737127916825,Low,1758.9940409370158,High,47.624341021837616,0,1,0,1,76.1
Oily,35-44,5.361394707932806,Low,2716.0186142787525,Low,18.79965247815901,1,0,0,1,73.0
Normal,18-24,8.281401342367543,High,1815.4901088302972,Extreme,67.27755490371416,1,0,0,1,76.9
Combination,35-44,8.354069722427454,Medium,1865.0094930479295,Low,45.91249538359989,0,0,0,0,95.0
Oily,25-34,6.188078601688927,Medium,1981.980612502819,Low,100.0,0,0,0,0,96.3
Oily,25-34,7.649206376790016,Low,1878.5286116738475,Low,38.01007128804054,0,0,0,0,94.9
Dry,25-34,3.0,Medium,2638.6310636753074,Low,40.26068553656903,1,1,0,0,67.3
Normal,25-34,8.491331976063854,Medium,1479.148332257973,Low,16.085407764905106,1,0,0,0,81.5
Oily,25-34,6.264582792084232,Low,1622.8284046182662,Moderate,9.659755832915081,1,0,0,0,78.7
Oily,25-34,6.712664841199234,High,1404.2962265614347,High,71.94217225244908,1,1,0,0,72.4
Normal,25-34,6.019223414501046,Medium,2941.758536497658,High,76.52860012519895,1,0,0,0,85.6
Sensitive,18-24,9.09356122280126,Medium,1837.7403398303054,Moderate,50.8650049792988,0,0,0,0,96.9
Oily,18-24,5.4089025640666994,High,1615.741716510116,Low,53.03310202153274,1,0,0,0,76.4
Normal,18-24,9.211690489910254,Medium,1856.3461560668343,Low,81.04664685428224,0,0,0,0,100.0
Oily,25-34,7.0944063814176666,Medium,2424.5280506212034,Moderate,57.23663937303027,0,0,0,0,94.8
Combination,35-44,7.933996323877237,Low,2331.8827359914594,High,72.1204047770666,0,0,1,0,91.7
Oily,18-24,6.506193155006626,Medium,1712.4105225011772,Moderate,52.18166431745895,1,0,0,0,81.7
Dry,18-24,5.037671203155444,Low,1800.2069133044868,Moderate,33.68712911831339,0,0,0,0,89.0
Normal,35-44,8.395766148304151,Low,1272.2647744539095,Low,69.63631747893214,0,0,0,0,98.3
Normal,25-34,6.967112526783996,Medium,2069.3616605794673,Moderate,96.61873212532763,0,0,0,0,97.7
Oily,55+,9.042435187463226,Low,2641.1587179775447,Moderate,36.98949064343745,1,1,0,1,74.1
Combination,35-44,6.709335519676452,Medium,1709.1114189957484,Moderate,81.68664723425195,1,0,1,0,77.0
Combination,25-34,5.871152931651627,Medium,2317.9065152032463,Low,54.5341812929405,0,0,0,0,91.8
Normal,25-34,8.582132354960454,Medium,1708.9435027593497,Low,35.255286715385424,1,0,0,0,84.1
Dry,25-34,9.367841246746167,Low,1452.1754755378117,Extreme,72.38200865296551,0,0,0,0,100.0
Sensitive,18-24,7.0140207645485955,Low,2340.1399013972364,Moderate,84.47485762066445,1,0,0,0,89.2
Oily,18-24,5.870863754714341,Medium,3173.824693794076,High,64.50985005240425,1,0,0,1,77.5
Combination,18-24,8.215796144184324,Medium,2271.711804643812,Moderate,93.71539068690693,1,0,0,0,90.3
Normal,35-44,6.618969150743989,Low,1793.0719065700282,Moderate,100.0,0,0,1,0,90.8
Sensitive,25-34,7.398894238101198,Medium,1825.31702005844,Moderate,66.34917727355933,0,0,0,0,95.1
Combination,18-24,6.6110860384318695,Medium,2954.592694715825,Low,47.34718665510676,1,0,0,0,83.9
Sensitive,35-44,9.34602102731772,Low,2153.4900099180763,Moderate,39.31559715648583,0,0,1,0,90.9
Dry,25-34,5.45076574242395,Medium,1617.0419896900196,Moderate,88.33008096309774,0,1,0,0,85.0
Oily,25-34,7.22079449378294,Medium,1968.887468313459,Moderate,48.17417484220107,1,0,0,0,83.2
Sensitive,18-24,6.266947044651814,High,2107.570231430774,Low,49.779117116156236,1,0,0,0,78.7
Oily,25-34,6.077740157868846,Low,2234.606850799671,Moderate,26.664465069985212,1,0,0,0,81.3
Oily,55+,6.3819165178591355,Medium,2756.019407047016,Moderate,26.486436815979275,0,0,1,0,82.9
Combination,18-24,8.107912099140123,High,2637.949247047856,Low,93.96796859002396,0,0,0,0,97.9
Combination,25-34,7.877544672400806,Medium,2099.1193882400084,High,72.4569591307746,1,0,0,0,87.2
Sensitive,18-24,7.836608243398556,Medium,1979.252393787058,High,27.80026748809476,1,0,0,1,75.4
Oily,18-24,6.838024799882095,Low,2197.992871384381,High,13.811117166757498,1,0,0,1,74.5
Combination,25-34,6.710270046502389,High,1695.8832538458253,Moderate,53.04662927539703,1,0,0,0,79.1
Combination,45-54,8.346582352689136,High,2490.004671822257,Low,34.58846082570159,0,0,1,1,77.1
Normal,45-54,8.393967380811407,Medium,1898.2641007013563,High,53.698549293198674,0,0,1,0,88.0
Oily,18-24,3.0,Low,2245.4506545585364,Low,88.82554793313338,1,0,0,0,81.4
Oily,25-34,6.091666742340957,Low,2856.6267851780012,Moderate,76.73543242508411,1,0,0,0,87.6
Oily,35-44,6.663611812840772,Medium,2276.403235263443,Low,17.21551042368762,0,0,0,0,89.6
Sensitive,25-34,7.503878846189243,Low,2115.3515830128413,Moderate,39.72206622295347,0,0,0,0,95.2
Dry,25-34,6.399843773433881,Medium,1741.306271422575,High,56.142384542953984,0,0,0,0,91.9
Combination,18-24,8.07877507142393,Medium,1960.9629712422595,Moderate,78.24416717806696,0,0,0,0,97.9
Sensitive,25-34,4.882008843454171,High,1431.974701050162,Moderate,44.45338426661905,0,1,0,0,76.1
Oily,25-34,6.89008177319117,Low,2266.6000733782776,Extreme,59.21314896813859,1,0,0,1,79.2
Combination,35-44,8.350308480175741,Medium,932.8192857591646,Low,48.6270578332727,0,0,1,0,85.4
Oily,35-44,4.788425696022777,Medium,2484.2032827603466,Moderate,100.0,1,0,1,0,76.5
Combination,18-24,10.0,Medium,2365.841779658132,Extreme,65.5603754807365,0,0,0,0,100.0
Normal,18-24,8.786328899299779,High,2049.0909627566,Moderate,45.1684464041819,0,0,0,0,93.2
Sensitive,45-54,7.002029953698463,Low,1733.4915528930858,Moderate,37.63333408670912,0,0,0,1,86.2
Oily,25-34,5.257387839141848,Medium,1991.8700388248617,Moderate,23.463639844203488,1,0,0,0,76.8
Oily,45-54,6.7373722745894415,High,1112.9849866298052,Moderate,0.0,0,1,1,0,66.7
Combination,18-24,7.125703539417011,Medium,2411.9003016322254,Low,56.806179416903696,1,0,0,1,77.8
Oily,25-34,7.160993835218071,Medium,1918.087730369787,Low,66.65087715164117,0,0,0,0,94.8
Dry,25-34,8.750991274190046,Low,2757.6155874825117,Moderate,67.91140221985964,1,1,0,0,83.8
Oily,45-54,6.285852295835731,Medium,2195.995142562272,Moderate,44.65019470461804,1,0,1,1,66.4
Combination,18-24,7.844064756358842,Medium,2115.7168851647843,Moderate,82.00187884110537,0,0,0,0,98.1
Oily,18-24,5.061356256099831,Low,2200.4740690540348,Moderate,89.58899357416908,1,0,0,0,85.5
Normal,25-34,5.879598928512099,Medium,1512.2447068497409,Low,33.36588651234641,1,0,0,0,78.1
Oily,45-54,7.565075271804038,High,1774.5030664766407,Low,89.53779718845466,0,0,0,0,94.6
Oily,45-54,8.036893736513207,High,2066.4744668053336,Moderate,63.4964687202525,1,0,0,0,83.6
Normal,55+,5.87015128500307,Medium,1848.7178666400453,Moderate,36.8309351454658,0,1,1,0,73.1
Oily,55+,6.338812455982129,Medium,1711.743764021804,Moderate,80.77990499117249,1,0,1,0,76.2
Oily,18-24,9.190834953375319,High,1858.8018398510399,Moderate,19.83708147420829,1,0,0,0,81.1
Normal,18-24,8.742862929442067,Medium,2022.0649576964342,Moderate,12.876453862563608,1,0,0,1,75.8
Dry,18-24,7.31268582557855,Medium,3159.3711335359512,Low,40.09486817164585,1,0,0,0,85.0
Combination,25-34,3.145032270168927,Medium,1837.3043224950632,High,44.286628492485406,1,0,0,1,67.4
Normal,45-54,10.0,Medium,1661.2852606233105,Low,18.91740901460883,0,0,1,1,80.2
Dry,45-54,6.970102657514133,Low,1923.6355040381907,Extreme,72.2666050541909,0,1,1,0,81.0
Dry,18-24,6.531149412968009,Low,2750.797449249557,Extreme,30.487184082018036,1,1,0,1,68.6
Oily,35-44,6.216460111218828,Medium,2786.5458600700804,Moderate,27.266261785531277,0,0,1,0,82.7
Combination,45-54,7.564550555798663,Medium,2974.5490378440163,Moderate,76.2417927786162,0,0,0,0,98.7
Oily,25-34,7.079873883756394,High,2030.4877516132863,High,39.264758979148255,0,0,0,0,89.1
Dry,18-24,8.42594180968977,Medium,2320.796134798739,High,76.43921744232883,0,0,0,0,99.1
Normal,25-34,5.11090675347648,Low,1474.9877626515645,High,61.481007448901934,0,0,0,0,91.3
Dry,25-34,6.031257682788108,Medium,1823.279613455383,Low,45.051199391908284,0,1,0,0,82.2
Dry,25-34,9.545818584836304,Low,1442.4576113347891,Low,77.44935372757375,0,1,0,0,93.7
Normal,25-34,6.836885949874988,Low,2236.629378560146,Low,60.50924694240104,0,0,0,0,96.2
Oily,18-24,6.74121344000988,Low,2019.2063814344574,Low,49.50683452484782,1,0,0,0,84.5
Sensitive,55+,5.587573351624448,Medium,2113.0948299728143,Low,77.79284662197833,0,1,1,0,77.2
Oily,25-34,7.258901458731128,Low,1576.894590772848,Moderate,63.606450741831466,1,0,0,1,79.0
Dry,25-34,8.046527325563666,Low,2425.3436623448283,Moderate,22.640215314589685,0,0,0,0,95.2
Sensitive,55+,8.311881468714711,Medium,796.4857021089967,High,100.0,0,1,1,1,75.2
Combination,18-24,6.611798704586625,Low,1873.9859089161082,Low,51.69107798568107,1,0,0,0,84.1
Dry,18-24,7.541878425045304,Low,1946.6777053940218,Low,52.19110887677079,0,1,0,0,88.2
Combination,45-54,9.507489154972918,High,989.1987482708641,Moderate,16.072041480226694,1,0,0,1,72.6
Combination,25-34,8.106323438257203,Medium,2192.0641991837538,Moderate,53.21338940366781,0,0,0,0,95.9
Oily,35-44,5.82375588671002,Low,1913.3679379478262,Moderate,64.29526253296439,0,0,0,0,93.9
Oily,25-34,3.0,Low,2280.5584479059967,Moderate,21.25496265322993,1,0,0,1,67.7
Oily,18-24,7.445158760626352,Medium,2999.914297767311,High,24.010929873589532,0,0,1,1,78.3
Sensitive,25-34,7.697852190122649,Medium,2162.311937125138,Moderate,42.517620742521146,0,0,0,0,94.0
Dry,18-24,5.366163262190106,Low,2486.330652244832,Moderate,42.62261027180958,0,0,0,0,92.0
Normal,35-44,6.986815716815833,Low,2690.4765449590145,Low,65.33247946086234,0,0,0,0,97.9
Combination,35-44,6.604451401190382,High,2246.013548139093,High,54.42543620992741,0,0,0,0,90.1
Oily,45-54,7.156429483348298,Medium,1567.0622088443984,Moderate,67.56882646752693,0,0,1,0,86.2
Normal,35-44,6.182955569320431,Medium,1179.9163343791593,Low,76.88188000416025,0,0,0,0,92.4
Dry,18-24,8.93576649644199,Low,2187.1890497520367,High,63.572201033295784,1,0,0,1,83.6
Oily,45-54,7.221953320949144,Low,1799.8710887486998,Moderate,69.10253597028967,0,1,1,0,81.0
Combination,35-44,5.681474670752875,Medium,2641.800533793662,Low,67.14217308918887,0,0,0,0,93.4
Oily,35-44,8.37619323039058,High,1762.438419510609,High,67.22976560373286,0,0,1,0,86.0
Combination,45-54,5.103718606012443,Low,1992.8464694493646,Moderate,56.330910290708964,1,0,0,0,81.8
Dry,25-34,8.426741566302699,High,1420.4946516617504,High,33.50419805183652,0,1,0,0,82.0
Normal,25-34,7.986589136333846,Low,1828.083664179083,High,47.67084106880124,0,0,0,0,96.4
Sensitive,35-44,9.08466294298118,Medium,1528.582499949522,Low,91.32882178106614,0,0,0,0,100.0
Dry,25-34,6.262630441337576,Low,1574.2364767871195,Moderate,66.18710819619855,0,1,0,0,86.3
Oily,18-24,6.255829030324935,Medium,1973.592876091515,Moderate,62.69674308899309,1,0,0,0,82.7
Oily,35-44,7.1260326413996395,Medium,1696.5410162500007,Moderate,48.11999078069134,0,0,0,0,92.5
Combination,18-24,6.873344820466703,Medium,3314.619101064206,Low,44.588455295451425,1,0,0,0,84.8
Oily,18-24,6.020895571654732,Medium,2417.947075570175,Moderate,44.683899394894254,0,0,0,0,91.3
Normal,18-24,6.169565028811537,Medium,2542.3199563895864,High,34.82346089947589,0,0,0,1,83.9
Normal,35-44,6.450440729100304,Medium,1944.5535013805302,Extreme,82.34867995836271,0,0,1,0,87.0
Oily,25-34,4.744994470340206,Low,2052.876089341225,Moderate,3.985171364777287,1,0,0,0,76.0
Combination,35-44,8.016944934399001,Medium,1785.2035271717486,Low,100.0,0,0,0,0,99.6
Oily,25-34,6.42155429364349,Low,3312.190450232674,Moderate,100.0,1,0,0,0,91.5
Oily,25-34,6.03743229614953,Medium,1945.5680906995985,Low,51.250181892429325,0,0,0,0,91.1
Normal,25-34,4.834468758587484,Medium,1698.1245003825734,Moderate,60.13003530691812,0,0,0,0,89.1
Oily,35-44,5.259440533498802,Low,1622.9978896756766,Extreme,81.22906941710242,0,0,1,0,85.9
Sensitive,25-34,9.403871076083618,High,2167.675013473573,Low,46.05157061694894,1,0,0,0,84.7
Oily,55+,6.0591138057076455,High,2710.511021370604,Moderate,64.19006612097832,1,0,1,1,66.0
Sensitive,45-54,7.9157925913139895,Medium,2543.4797526160737,Moderate,100.0,0,1,0,1,85.9
Oily,45-54,7.243951704850265,Low,1621.8373062169812,Low,14.93205708446439,0,1,1,1,68.2
Normal,45-54,3.0,Medium,1609.5283260264237,Moderate,23.983209555615595,0,0,1,0,73.6
Combination,25-34,9.188676234707888,High,2623.1342544741005,Extreme,68.75494754126238,1,0,0,1,80.5
Oily,25-34,7.526125968164173,Low,3050.6906868005212,Low,43.24796753192921,1,0,0,0,87.5
Combination,35-44,5.848494768542787,High,1927.4987461711225,Moderate,50.334461496533955,0,0,0,0,87.6
Sensitive,35-44,6.957450243355607,High,2603.311704182475,Low,66.82075092877052,1,0,0,1,75.8
Normal,45-54,5.276224948894502,Medium,1266.955947185326,Moderate,31.825708814498817,0,1,0,1,71.3
Normal,35-44,9.7393307176917,Medium,1578.2377495135943,Low,49.74504686231794,0,0,0,0,97.6
Combination,55+,5.638513437637803,Medium,1495.2008787042098,Low,16.991130964200472,0,1,1,0,70.0
Oily,25-34,5.715374004958011,Medium,2206.1068975739354,Low,82.71805880471288,1,0,0,1,77.1
Normal,45-54,5.905658382778613,Medium,1910.5119889806872,Low,63.33158054285016,0,0,0,0,92.0
Normal,35-44,7.120569100313755,Low,2119.046322338999,Extreme,62.66381893239055,0,0,1,0,88.7
Normal,35-44,9.05547475020897,Medium,2609.5579944251485,Moderate,76.6660745453245,0,0,0,0,100.0
Combination,25-34,9.184061673642736,Low,1673.4169080940994,High,100.0,1,0,0,1,86.7
Normal,35-44,6.401505783666555,Medium,2046.996553306434,Extreme,33.68771313259609,0,0,0,1,83.3
Oily,45-54,7.567388473476884,High,1331.033890462713,Low,13.94447620745671,0,1,1,0,70.2
Dry,18-24,7.12285811890611,Low,2581.8928578709297,High,49.23283535799108,0,1,0,0,88.3
Oily,35-44,5.527586103333913,Medium,2548.2068568316004,High,14.331794002508914,0,0,1,0,79.6
Normal,25-34,10.0,Medium,2180.944073716397,Moderate,41.533442270142814,0,0,0,0,98.5
Combination,55+,9.044139343444384,Low,2059.9680510893554,High,71.86220754231093,0,0,1,1,86.4
Normal,25-34,6.783673774566552,High,1745.4260327184074,Low,88.19981388738111,1,0,0,0,82.9
Combination,18-24,9.372814140248481,Medium,1302.2254026499286,Low,10.855910506943971,1,0,0,1,75.4
Combination,25-34,8.318160069076708,Medium,2152.7709706305873,Low,26.41817876913745,1,0,0,0,83.6
Oily,35-44,7.122792011622633,Low,2378.1004053305437,High,69.0864832783405,0,0,0,0,97.9
Dry,18-24,7.48894540799199,Low,3009.685805526622,Low,68.84904090015638,0,0,0,0,99.9
Oily,35-44,9.26818921356498,Low,1803.2252421263097,Extreme,80.27012986997721,1,0,0,0,92.2
Oily,45-54,5.580769628305479,Low,2135.090809105228,Low,96.87790252107669,1,1,0,1,72.1
Combination,45-54,9.51053604598201,Medium,2557.202108200639,Moderate,78.21496511085643,0,0,0,1,95.0
Combination,18-24,6.662331158972326,Medium,2572.2664394304093,Moderate,47.003162718306115,1,0,0,0,83.2
Oily,55+,9.287015114271352,Low,1688.7645216105593,Extreme,76.5495812239161,1,0,1,1,76.6
Dry,35-44,6.9921601038057695,Low,1860.4203033706415,Moderate,61.74518801587739,0,1,0,0,87.9
Sensitive,18-24,7.506409333709458,Medium,1737.424673620184,Moderate,71.86795195657618,0,0,0,0,95.7
Sensitive,18-24,6.948537465141311,Medium,1549.0777157323564,High,52.64441710369615,0,0,0,0,92.3
Dry,18-24,6.202234565783159,Medium,2735.834706511623,Extreme,53.918882336557346,1,1,0,0,75.3
Oily,45-54,6.594917652783532,Low,2031.356904491458,Low,19.259288393218185,0,1,0,0,83.2
Oily,18-24,9.068667104752851,High,1962.8772686340449,Moderate,75.86823081864188,1,0,0,1,79.6
Sensitive,18-24,3.5287540259912973,High,2123.8540812463534,Low,39.77190795781816,0,0,0,0,82.3
Normal,35-44,5.141551082792745,Medium,2026.8809825877408,High,37.79849019597641,0,0,1,0,80.1
Dry,25-34,5.411792435962846,Medium,1889.5113130451634,High,0.0,0,1,0,1,69.6
Oily,35-44,5.382482811345968,Medium,1619.2213317665935,High,39.437454980406784,0,0,1,0,79.9
Oily,35-44,9.264969415623234,High,2782.6402290484657,Moderate,36.03962810283876,1,0,0,1,77.7
Oily,18-24,8.886515466779807,Medium,1714.8638685527292,Low,55.43204927847971,1,0,0,1,79.7
Sensitive,45-54,7.888047714091924,High,1534.743966746253,Moderate,42.63660120594205,1,0,0,1,73.1
Normal,18-24,6.0432938987836975,Low,1959.7221745399847,High,38.89851098276359,0,0,1,1,76.9
Dry,25-34,8.502577800191204,Medium,3078.757608718151,Extreme,32.997813641748884,0,1,1,0,80.5
Normal,35-44,4.617805111006684,Medium,1589.2133478274623,Moderate,15.996715864661653,0,0,1,0,76.0
Normal,18-24,10.0,Medium,2354.8076093643112,Low,55.95286839705542,0,0,0,0,100.0
Oily,55+,5.973055304233673,Medium,1876.8341975415574,Low,44.51900361562197,0,1,1,0,74.2
Dry,25-34,6.106947167237843,High,2122.403624063486,High,50.99841576061402,0,1,0,0,80.6
Oily,18-24,6.355984224257929,Medium,2461.0904424807895,Moderate,70.75481631798986,1,0,0,0,84.7
Oily,45-54,5.390338878851985,Medium,1140.155595903504,Moderate,60.18835116263425,1,0,0,1,72.1
Normal,25-34,9.38766968590538,Medium,1551.8294456040417,Low,41.675884208316006,0,0,0,0,96.0
Oily,35-44,8.18334194617673,Medium,2454.006397463526,Low,83.06538265183164,0,0,0,0,99.6
Sensitive,25-34,8.323205813119682,Medium,2048.725542040671,Extreme,56.85778601276367,0,0,0,0,96.4
Sensitive,45-54,5.164496091908844,Medium,2105.937320227215,High,62.38512108369315,0,1,0,1,75.8
Oily,18-24,7.2714067405059994,Medium,2355.6918085227553,Moderate,66.73904321599929,0,0,0,0,95.9
Dry,25-34,7.281543033997106,Low,1555.199254548692,Moderate,30.49942847269688,0,1,0,0,84.7
Sensitive,25-34,6.906134785324765,Low,2527.5362689136605,Extreme,94.18084258451908,1,0,0,0,90.3
Normal,18-24,5.259439823398,High,2409.891862320275,Low,54.00998139297727,1,0,0,0,77.7
Combination,35-44,8.613250031695955,Low,2119.158603629185,High,99.22471662768976,0,0,0,0,100.0
Sensitive,25-34,6.682325124177732,Low,2234.0658664337434,Low,63.50245561029641,0,0,0,0,96.2
Normal,25-34,5.0675539465354955,Medium,2582.4868888285137,High,73.70652299495131,1,0,0,1,75.7
Normal,18-24,4.217124190671004,Low,1703.0804706329218,Moderate,9.021070443739255,0,0,0,0,84.7
Sensitive,35-44,7.90999977023482,Medium,2330.6785092306104,Moderate,100.0,0,0,0,0,100.0
Dry,45-54,10.0,Low,2872.178617857384,High,77.23226183418572,0,0,1,1,90.5
Normal,25-34,4.977118589980577,Low,2320.3131247443293,Low,33.86339564020434,1,0,0,0,80.0
Oily,25-34,6.755670575619449,High,1888.8033861706601,Low,71.62322869067103,1,0,0,0,81.5
Oily,18-24,8.665745918637365,Medium,3159.102845186183,Moderate,18.32077779644577,0,0,0,0,95.5
Dry,35-44,5.095521600848048,Low,2115.4072512052467,Moderate,47.56671421941292,0,0,1,0,83.2
Combination,18-24,6.280064846372463,Medium,2699.2957998398733,Low,28.722770989912664,0,0,0,0,90.8
Sensitive,25-34,5.2097618311078975,Medium,1789.234293159634,Moderate,87.99990719334996,1,0,0,0,82.8
Oily,35-44,8.477015042236818,Medium,2533.901248952852,Low,91.20822405896668,1,0,0,1,84.1
Dry,45-54,8.988283854031089,Medium,1726.7874762294614,Moderate,48.77623757942,0,0,0,0,96.3
Dry,25-34,6.7385543970976025,Low,2161.692119127276,Extreme,18.214518616391917,0,1,0,1,76.6
Oily,35-44,5.737398896508848,Medium,1696.6299454468578,Low,35.578140328028155,1,0,0,1,71.4
Normal,25-34,5.835813593108228,Medium,2950.5779880985224,Low,52.30181558777143,0,0,0,0,92.8
Sensitive,45-54,6.054252228629871,Low,1889.4343339056402,Moderate,75.7320385262673,0,0,1,0,87.5
Combination,25-34,5.0340967075654905,Medium,1446.0339365221844,Moderate,41.49774632755832,1,0,0,0,77.1
Oily,25-34,6.3469426987723025,Medium,2047.5592609511189,High,29.257429821759377,0,0,1,0,81.7
Dry,45-54,7.862239726692794,Medium,2268.5473959706496,Low,100.0,0,1,0,0,92.3
Oily,18-24,7.735386166642779,Low,1986.6995113138294,Moderate,34.499977950341766,0,0,0,0,94.9
Dry,18-24,6.987651453145734,High,1593.3398857365628,Moderate,29.178742029603335,0,0,0,0,87.1
Dry,18-24,7.085580755238046,High,2518.6584036449894,Low,78.68318408513531,0,1,0,0,86.1
Dry,45-54,6.877673807365332,Medium,2629.590014640899,High,52.93781420335604,0,1,1,0,78.3
Sensitive,18-24,5.05418269125059,Medium,1176.0213255767687,High,77.79795036330466,0,0,0,0,90.2
Dry,45-54,7.240202345474309,Medium,1561.4865230696832,Moderate,38.12084238072724,0,1,1,0,75.4
Oily,25-34,5.624561621818025,Low,1920.286176683734,Moderate,62.6520791627886,1,0,0,1,76.4
Combination,18-24,4.9789851712608435,Medium,1734.5371514204544,Low,68.37984854308534,1,0,0,0,80.3
Normal,25-34,7.056058350673376,Medium,2262.9772915739695,High,22.092614937507072,1,0,0,1,73.8
Oily,18-24,6.082404945372183,Medium,2919.7386035605864,Low,36.64815531412955,1,0,0,0,81.7
Oily,35-44,7.341630881888253,Low,1809.5432452469104,Low,37.379134680854165,1,0,0,0,84.0
Oily,35-44,8.27145672260414,Low,2788.361100551998,Extreme,46.799352506233944,1,0,0,1,81.8
Combination,25-34,5.074641918282152,Medium,1265.8335718463436,Moderate,90.02697987815779,0,0,0,0,91.7
Oily,18-24,7.138181923109458,Low,2227.907406259123,Moderate,56.42234571704304,0,0,0,0,96.4
Combination,35-44,4.284365677404458,Medium,1702.6442566228025,High,100.0,0,0,0,0,92.0
Dry,45-54,9.298799635913914,Medium,2238.694965327132,Moderate,97.06937852880193,0,1,1,0,86.8
Oily,35-44,4.961400254666827,Low,1121.5950772714868,Moderate,88.27225340193384,1,0,0,1,76.0
Combination,45-54,6.227770506403938,Medium,1357.3047602984686,Moderate,96.35951235037749,0,0,1,0,86.8
Oily,18-24,9.007569855645936,Medium,2237.656257255063,Extreme,78.99825106659762,1,0,0,0,90.4
Oily,45-54,6.6482156108785215,Medium,1684.9995471684301,Low,100.0,0,1,1,0,80.7
Dry,25-34,4.70390347054955,Low,1838.4411970269148,High,63.61651267068507,0,1,0,0,83.4
Oily,18-24,8.069609848429803,Low,2918.1425874136785,High,67.1580607678039,0,0,0,0,100.0
Normal,45-54,8.035798693226777,High,2068.7857345844277,Moderate,76.4482283791712,1,0,1,1,69.9
Dry,45-54,6.0502204909521495,Medium,2450.758257140817,Moderate,49.01339000381614,0,1,0,1,76.9
Dry,35-44,6.2126102188294015,Medium,1620.363925197754,Low,81.15447575951649,0,0,1,0,85.8
Oily,18-24,6.346886544072871,Low,1329.3981535488374,Moderate,81.44509096888883,0,0,0,0,95.5
Sensitive,25-34,6.1894640589709535,Low,1959.6323394790618,High,49.98969324776027,0,0,0,0,93.3
Dry,25-34,3.6605433846172897,Medium,1254.7652983326734,High,28.568978563475113,0,1,0,1,67.7
Combination,45-54,6.727864208322851,High,1650.7051983791628,Moderate,46.22459218178781,0,0,1,1,73.4
Normal,18-24,9.675871297274723,High,2118.8771092490324,Extreme,83.91847136699897,0,0,0,0,99.0
Dry,45-54,5.656045049144943,High,1944.3695514691246,Extreme,54.07201537864183,0,1,0,0,79.6
Combination,25-34,5.624759609795355,Low,2167.259692747561,Moderate,22.396645361265605,0,0,0,0,89.8
Dry,45-54,5.224573505205406,High,2300.1591980010407,Low,34.036627872042665,0,1,0,1,70.5
Combination,45-54,7.918242889593031,High,1402.1376420969473,Moderate,37.40427637978811,1,0,1,1,64.4
Oily,25-34,8.304796037213565,Low,1529.0328642847833,High,32.17819281737461,0,0,0,1,87.9
Normal,25-34,8.270476758766439,Medium,910.7079023189056,Moderate,15.026243758709796,0,0,0,0,89.9
Oily,45-54,5.12798411665951,Medium,1814.73834617856,Moderate,75.14034761763112,0,0,0,1,84.4
Oily,25-34,7.24968759574544,Low,2368.3779788086154,High,45.26662223945765,0,0,1,0,87.8
Combination,35-44,9.150625051321354,Medium,2745.6384318032433,Moderate,73.36128598520195,0,0,0,0,100.0
Oily,35-44,7.764494661565185,High,2095.2409345415854,Extreme,2.5644505903971506,1,0,0,1,70.0
Sensitive,18-24,7.717614525015665,High,2686.614431771345,Moderate,91.81061644219213,0,0,0,0,97.0
Sensitive,45-54,6.292536132047262,High,2191.913511887992,Extreme,72.9471554725067,1,0,1,0,73.3
Oily,18-24,7.330164735690495,Medium,2053.724710250509,Low,62.50035867471875,1,0,0,0,85.0
Oily,45-54,8.854477269559608,Medium,1694.3545617074094,High,98.03314230022025,1,0,0,1,83.9
Combination,25-34,6.992313452643146,Medium,807.4199784920663,Moderate,59.19622668587337,1,1,0,0,73.5
Sensitive,35-44,5.127587865955411,Medium,2611.5947436097977,High,100.0,0,0,0,0,95.5
Oily,25-34,5.815937488571043,Low,1973.3875124792005,Extreme,3.0068935302069733,1,0,1,1,62.9
Oily,25-34,8.31391930833349,Medium,2694.148262400258,Moderate,42.060916884493544,0,0,0,0,96.2
Dry,25-34,6.987114980526643,Low,1525.1834405721627,High,4.91332055157072,0,1,0,0,81.5
Dry,35-44,7.178593117364614,Low,3214.4101050361733,Extreme,67.85998343332386,0,1,1,0,83.6
Oily,25-34,5.66897670012995,Low,1875.6063726668601,Moderate,51.91255228312269,1,0,0,1,75.3
Combination,45-54,8.782898770801653,High,1653.9055031285811,Moderate,32.69546296846691,0,0,1,1,76.1
Normal,25-34,8.993618896733386,Low,1892.7389768105072,High,100.0,0,0,0,0,100.0
Normal,35-44,8.894783684527049,Medium,2085.2282112411276,Moderate,51.01422233425683,0,0,1,0,89.1
Oily,35-44,9.163887432168059,High,1965.048996961987,High,4.845372748359004,0,0,0,0,89.7
Oily,18-24,6.46194063885075,Medium,1742.334795436848,Moderate,67.00462698384379,1,0,0,0,83.1
Oily,25-34,5.749746353939145,Low,1098.2787219336922,High,67.3919290345942,0,0,0,0,92.4
Oily,25-34,6.265482239751221,Medium,1597.83621043808,Low,38.01267155945775,1,0,0,0,79.5
Oily,25-34,6.5578598629643805,Low,2537.2178347379354,Moderate,69.70909443479476,1,0,0,0,87.2
Normal,25-34,8.646529670187883,Low,1560.138649763564,High,26.243882331140295,0,0,0,1,88.0
Oily,35-44,8.748830109202625,High,1141.5256814512563,Moderate,49.57136785206097,0,0,1,0,83.7
Sensitive,18-24,7.8077040808817415,Low,1472.250126115848,Moderate,74.8426308497406,0,0,0,0,98.0
Oily,35-44,4.853219851229669,Medium,1955.676856080432,Extreme,83.10840299317492,0,0,1,0,83.9
Oily,45-54,4.467967233104687,Medium,1620.389416384127,Moderate,54.39471085540498,0,1,1,1,64.6
Dry,25-34,6.860694117202555,Low,1860.0814606454016,Low,37.939702965073565,0,0,0,0,93.2
Sensitive,35-44,8.320394808401074,Medium,1600.773397677098,Moderate,73.96958977937686,0,0,0,0,97.2
Oily,18-24,6.880649426520794,Low,2504.8719481977387,Moderate,0.0,1,0,0,0,80.8
Dry,45-54,9.872356757467607,Medium,2245.424755399292,Extreme,53.010985152353925,0,1,0,0,91.5
Combination,25-34,4.876338434329346,Medium,3108.9797832642753,High,0.48584375058945994,0,0,1,1,71.0
Dry,35-44,5.1874720757566015,Low,1809.1393516984244,Moderate,38.95956041423965,0,0,0,0,89.9
Normal,55+,6.003578538288519,Medium,1857.5604123803673,Moderate,14.440115809231635,0,0,1,0,79.2
Dry,25-34,5.4465541802131465,Low,2591.751011770975,Extreme,63.20641857293022,0,0,0,0,94.4
Normal,35-44,7.789428803022969,Medium,2195.5041925981263,Moderate,41.726811592402456,0,0,0,0,94.1
Dry,25-34,5.867432222234746,Medium,1529.2466598987837,Moderate,80.94756094660264,0,1,0,0,84.9
Combination,18-24,4.6782393080820075,Medium,2278.210659411811,Moderate,3.8191955641900748,1,0,0,1,67.3
Oily,35-44,8.337367685042675,High,2198.2644486565096,Low,53.912480153778304,1,0,1,0,75.5
Combination,18-24,4.360072110891806,Medium,1103.10205593713,Extreme,52.11370636500081,1,0,0,0,76.1
Normal,35-44,5.393172665483936,High,1674.3446500435614,High,72.25181211261071,0,0,0,0,88.4
Combination,18-24,4.5659401438841964,Low,2095.160095029809,Moderate,100.0,0,0,0,0,95.3
Oily,45-54,7.3106819156063105,High,2723.139853622023,Low,10.831870640924791,1,0,1,1,63.2
Oily,18-24,7.279071568226818,Medium,2348.9992221468096,Low,31.060658192278012,1,0,0,0,82.4
Normal,25-34,9.37468148152453,Medium,1717.9776929340026,Moderate,99.92466373127044,0,0,0,0,100.0
Sensitive,25-34,7.870739984218325,High,1645.8990477454504,Moderate,41.9730364226419,1,0,0,0,80.2
Normal,25-34,8.6624692750133,Medium,2398.8666219548645,Moderate,61.04389136017692,0,0,0,0,98.2
Normal,25-34,6.932914476947739,High,786.8368019170466,High,26.505870337930933,1,0,0,1,68.1
Oily,25-34,5.0346022683641545,Medium,1596.209338233462,Extreme,15.150498992327897,1,0,0,1,67.8
Dry,25-34,6.692161402990244,Medium,2704.654001187565,Moderate,29.611578686224043,1,0,0,0,81.8
Dry,25-34,7.38863151108096,Medium,2148.4087396165232,Low,99.44059653633296,0,0,0,0,99.0
Normal,25-34,7.555711073377362,Low,1620.6694238860355,High,20.83614679808016,0,0,0,1,85.4
Oily,25-34,5.791381783837487,Medium,1398.9582872498345,Moderate,42.544608616075045,0,0,0,0,88.6
Oily,18-24,7.733179710673599,High,2419.867333994574,Low,43.634147999649436,1,0,0,0,81.7
Oily,55+,5.600458043738103,Medium,2038.9056732965037,Low,72.90854900901782,0,1,1,1,69.6
Oily,25-34,4.935083608833924,Medium,1890.6447701374084,Low,78.2221658548087,1,0,0,1,74.5
Combination,18-24,5.326322932921773,Medium,2186.990278661096,Low,52.69383828432961,0,0,0,0,90.3
Oily,25-34,6.536938982835196,Medium,2082.2990248234487,Extreme,0.0,0,0,0,1,80.2
Oily,45-54,5.233245467385545,Low,2043.9529036893937,Moderate,37.769204601263425,0,1,0,0,82.3
Oily,18-24,6.3628834151934885,Low,1337.9064905385578,Low,20.049516953185165,1,0,0,0,79.4
Sensitive,35-44,8.354374827120937,Low,1486.7874233363736,Low,100.0,0,0,1,0,93.7
Sensitive,25-34,4.956305482882542,Medium,2374.140218047208,Moderate,41.9736268899746,1,0,0,0,78.9
Combination,18-24,6.243531949743525,High,2279.5757168391187,Moderate,92.08731163705768,1,0,0,0,83.3
Oily,45-54,7.107446915164254,Low,2191.0599628893247,High,70.20472414755585,0,1,1,1,74.6
Normal,25-34,6.8703303522984,Low,1706.743668577707,Moderate,78.36994560947062,0,0,0,0,97.0
Oily,25-34,5.751064113791658,Medium,2382.5949643823237,Extreme,100.0,1,0,0,0,86.3
Oily,45-54,8.180290103102735,Low,1814.6275942064112,High,36.404324765150754,0,0,0,1,88.6
Dry,35-44,7.885678451177087,Medium,2650.766730541137,High,19.501384679554775,0,1,1,0,77.0
Combination,45-54,8.709784906542554,Low,1626.5885052976364,Moderate,64.67497522476488,0,0,1,1,84.1
Combination,35-44,6.8775971134794105,Medium,1737.3561818232665,Moderate,83.85190908264474,0,0,1,0,87.6
Combination,35-44,6.2307717858154845,High,1924.2756005938993,Moderate,43.37791679696379,0,0,1,0,79.6
Oily,45-54,5.976051966981817,Medium,2423.6502402871165,Moderate,60.90965903051734,1,1,0,1,67.9
Dry,18-24,7.460541276894044,Medium,1982.4609646399963,Low,80.42595520382912,0,1,0,0,88.9
Oily,35-44,6.43426632578309,Medium,2018.841174341449,Extreme,87.9514974621766,0,0,0,0,95.7
Normal,35-44,6.1462453334788165,Medium,1804.2043914764547,High,45.455645458303906,0,0,0,1,83.4
Combination,18-24,6.327569103632016,High,2134.045993320551,Low,56.783578182665245,0,0,0,0,89.6
Normal,25-34,5.474464272313622,Medium,1964.6347529529726,High,26.607089377325643,1,0,0,1,70.5
Oily,18-24,7.298531669144098,Low,1607.8488080426405,Moderate,13.750959481511096,0,0,0,0,91.2
Oily,35-44,4.881125226183909,Low,2063.6457412741897,Low,93.95558947038684,0,0,1,0,87.3
Dry,25-34,6.954524438712444,Medium,2075.404384312511,Moderate,0.0,0,0,0,0,88.1
Combination,55+,8.014823140604426,Medium,3174.900324396963,Low,54.7748077334001,0,0,0,0,97.9
Oily,18-24,6.128681292734053,Medium,1694.486960489844,Low,40.74264121614796,1,0,0,0,79.7
Combination,35-44,9.88305540940982,Low,1580.3121287155636,Low,73.71900319728576,0,0,0,0,100.0
Oily,18-24,7.02643196646528,Low,2139.5171302968165,Moderate,32.87507470980162,0,0,0,0,93.6
Oily,35-44,4.657985525350167,Medium,1503.5817914144343,Moderate,88.54041709170892,1,0,1,0,73.2
Combination,35-44,6.578135640494994,High,1463.4749260630883,Low,54.4444136427434,1,0,1,0,70.5
Dry,35-44,7.093984217403695,Medium,1281.5506550620928,Moderate,96.28608491179565,0,1,1,0,80.4
Sensitive,45-54,7.673451333355321,Low,1612.7132174037824,Moderate,80.47140299943048,0,1,0,0,90.6
Oily,45-54,6.61385421383373,High,1625.0561270290605,Moderate,33.75456064644135,0,0,0,0,86.9
Dry,18-24,5.4826445864434135,Medium,1358.368913162998,Low,63.56411319761993,1,1,0,0,72.0
Dry,25-34,4.857529072831576,Medium,1874.8581318271833,Moderate,60.43980318345005,0,1,0,0,81.5
Sensitive,35-44,6.019601072227493,Low,817.0094261339971,Low,72.32473446287827,0,0,0,0,92.9
Normal,25-34,5.663336956221856,Medium,2245.8828906558474,Moderate,31.29103369860407,1,0,0,0,78.9
Combination,18-24,5.297538752651114,High,1721.6030107413096,High,71.51591590967888,1,0,0,0,78.2
Dry,25-34,5.400780258344451,Medium,1795.1081612538767,Moderate,25.86946038663298,1,1,0,1,62.0
Oily,25-34,7.489187786659032,Medium,2293.4375051801508,Moderate,28.49958682544106,1,0,0,0,82.4
Oily,25-34,8.97261891154173,Medium,2185.871954691999,Low,63.18681739327784,1,0,0,0,88.6
Oily,45-54,8.133192570806445,Low,1685.0469786481058,Moderate,54.72952107681258,1,1,0,1,72.1
Dry,25-34,8.458791629280219,Medium,2225.895377829079,Extreme,0.8808005314390854,1,1,0,1,66.5
Combination,18-24,8.461177702350547,Low,2774.4473041360416,Low,25.952799392995047,0,0,0,0,97.1
Dry,18-24,8.249695492597517,Medium,1493.9082094367209,Moderate,60.146188987587095,0,1,0,0,87.5
Dry,45-54,6.493305605414007,High,2376.8873556782146,Moderate,53.2562412616756,1,1,1,0,64.1
Dry,55+,7.211366317580421,High,1443.447131152778,Low,47.47254430294852,0,1,1,0,73.1
Normal,35-44,6.369070986315967,High,2587.7130311734045,Extreme,66.5511078783676,0,0,1,0,83.6
Oily,25-34,6.171339256499559,Medium,1644.036471442903,Moderate,61.40751427279061,1,0,0,0,81.8
Oily,45-54,7.1022506505798795,Medium,1624.938899772797,Low,62.90276786822396,0,1,1,1,70.7
Oily,35-44,8.07034922736854,Medium,2574.6050705969847,Moderate,0.0,0,0,0,0,91.3
Normal,45-54,7.634985072272686,Low,2360.7874728778825,Moderate,58.619428196698934,0,0,1,0,89.9
Dry,35-44,6.757256105478466,Low,1660.4537162933555,Moderate,47.09149046594986,0,0,0,0,93.5
Oily,25-34,6.583308111337499,Medium,2063.6843693866376,Moderate,50.765785211212226,1,0,0,0,82.4
Oily,25-34,7.15019551129029,Low,1645.0240497567181,Moderate,76.69232509244765,1,0,0,0,87.3
Oily,18-24,8.001091657086752,High,1203.6311207629633,Moderate,23.188457347159954,1,0,0,0,77.7
Normal,25-34,4.221507255114196,Medium,2094.642559063743,Moderate,51.75659683434471,0,0,0,0,87.8
Sensitive,35-44,5.383916554151595,Low,1821.788916096594,High,86.92608913828823,0,0,1,0,87.1
Combination,45-54,8.660965800909013,Medium,1527.0832218725818,Moderate,52.261759535636806,0,0,1,1,80.6
Combination,35-44,6.908695645103413,High,2652.357539806182,Low,27.27313188356436,1,0,0,0,78.8
Normal,25-34,5.863885109949532,High,1543.9899105826544,Moderate,19.902594305441497,0,0,0,0,83.8
Combination,18-24,6.604750790610942,Low,2071.989312440269,Low,49.13627681024401,0,0,0,0,94.3
Combination,18-24,6.604442041635169,Medium,2539.955785239494,Extreme,34.491064072491874,1,0,0,1,74.7
Combination,25-34,7.336906672286561,Medium,1871.9723257315359,Moderate,1.804495481047283,0,0,0,0,88.6
Normal,25-34,4.83797540902885,Medium,1632.912274609633,Low,30.046943291254927,1,0,0,1,68.9
Dry,35-44,7.0371666197451415,Medium,2148.8741522348973,Extreme,27.48571525392044,0,1,0,0,83.1
Combination,18-24,7.369176594175606,Low,2227.8498617911873,Low,68.70990688779567,1,0,0,0,88.1
Dry,55+,7.594401874848255,Medium,2438.2803483456546,High,12.893186618778927,0,1,1,1,68.4
Dry,25-34,6.83429599431544,Medium,2935.604725746755,Moderate,85.50999062208201,1,1,0,1,73.1
Oily,45-54,7.773859345471043,Low,1771.3544925212796,Moderate,100.0,1,0,1,0,83.1
Dry,25-34,5.64095577341253,Low,2097.927002758913,Moderate,31.485333791067564,0,0,0,0,90.6
Normal,18-24,5.587295901512567,Low,1365.379841843352,High,34.65568012643696,1,0,0,1,72.4
Dry,35-44,10.0,Medium,2333.188499773665,Moderate,83.5940438419365,0,0,0,0,100.0
Normal,35-44,6.548102973138645,Low,2091.858321347883,Moderate,87.10021490272138,0,0,1,0,90.0
Oily,25-34,6.2233182940181475,Medium,1910.655300604001,Moderate,37.68946533897034,0,0,0,0,90.0
Oily,25-34,7.516760146576827,Medium,1690.9697437065283,Low,39.00635293823494,0,0,0,0,92.3
Dry,18-24,9.394133938291361,High,1825.7864573260572,Moderate,39.21009052295723,0,1,0,0,85.4
Normal,35-44,6.1832078245979565,Medium,2118.166504906354,Low,38.70774076707019,0,0,1,0,82.5
Dry,45-54,5.501777097715712,High,1516.9148061051692,Low,82.78746539316498,0,1,1,0,73.3
Combination,18-24,5.1367699738125845,Low,1846.4402109123514,Moderate,53.88561222153476,1,0,0,1,74.4
Normal,25-34,8.88965933225439,Medium,2008.3390217326337,Moderate,31.86646586698137,1,0,0,0,85.0
Normal,45-54,5.442839520308449,Low,1230.1899368938314,Low,61.61536401721799,0,0,1,1,76.5
Normal,25-34,6.45866609522665,Medium,1474.3513274133682,Low,40.54192276942061,0,0,0,0,89.9
Combination,35-44,5.534072751935547,Medium,1669.9977319902912,Low,100.0,1,0,1,0,76.4
Dry,25-34,4.327466123062544,Medium,2784.1158663686565,Moderate,43.77996864568399,1,1,0,1,63.6
Oily,25-34,6.061436970359471,Medium,1584.6374286374485,Moderate,68.50489788861881,1,0,0,1,75.1
Normal,25-34,5.0933200004882595,Low,1972.1041899779573,Low,60.86757668536026,0,0,0,0,92.2
Dry,25-34,5.462557361865031,Medium,1479.7181265697568,High,46.23382723085048,1,0,0,1,71.5
Combination,18-24,10.0,High,1611.798403926222,Low,61.00653432902621,1,0,0,0,86.3
Combination,35-44,7.637344156258604,Low,1279.4958142261526,Low,65.26225659119251,0,0,0,0,96.4
Dry,35-44,8.397204279330984,High,2335.151177336839,Extreme,100.0,0,0,0,0,98.5
Normal,35-44,8.23698934427388,Low,1337.226871282479,Moderate,57.5727150861391,0,0,0,0,96.9
Normal,35-44,6.8487086153814625,Medium,2453.5055065723336,Low,0.0,0,0,0,0,88.6
Normal,18-24,6.340422460933564,High,2233.9485980274885,High,100.0,0,0,0,0,94.1
Oily,18-24,7.373401917791675,Low,1962.2990764667031,Low,37.258968988521914,1,0,0,0,84.4
Normal,45-54,7.252676154898742,Medium,2470.0129476965867,Extreme,62.161651472815336,0,1,1,1,72.7
Oily,25-34,5.646791874252038,Medium,3551.6006380570484,Low,36.40558075135993,0,0,0,0,92.0
Oily,25-34,6.694771745700291,Medium,2238.7628205631963,High,35.0270952722402,1,0,0,1,74.4
Sensitive,18-24,5.940505439955562,Medium,1439.969689001271,Low,37.03345317979729,0,1,0,0,80.5
Dry,18-24,6.74281310403874,Medium,2744.5088298562932,Extreme,0.0,0,0,0,1,82.0
Combination,25-34,5.997074788223994,High,2093.055728262817,Moderate,32.06273982514385,0,0,0,0,86.4
Combination,45-54,5.0966911110913315,Low,3055.561700570359,Low,72.85620885926704,1,0,1,0,77.6
Normal,45-54,3.473262680331745,Medium,1746.9748890283033,High,18.839568458139013,0,1,1,1,59.3
Combination,45-54,5.591405125090452,Medium,2640.9720113452777,Moderate,72.63358771255048,0,0,0,0,93.7
Oily,45-54,9.706156996879452,High,1999.9216146763656,High,100.0,1,0,0,1,83.4
Dry,45-54,6.535477326944908,Low,3328.364174732079,Moderate,67.16989263795713,0,0,0,0,98.4
Oily,25-34,7.663952241344607,High,1859.1996222523815,High,15.26312097216342,1,0,0,1,70.6
Sensitive,18-24,3.8133322853599627,Medium,3500.8343188951576,Moderate,75.06282847238938,0,0,0,0,92.1
Oily,35-44,5.487570898053509,Medium,2219.9130264243845,Extreme,83.94028566488285,0,0,0,0,93.8
Oily,18-24,4.968265573956474,Medium,2423.4823790575815,Moderate,82.60574561079886,1,0,0,0,83.0
Sensitive,25-34,6.1965499848693275,High,2850.166221968032,Low,69.69248030115664,0,0,0,0,92.1
Normal,18-24,10.0,Medium,1606.1228549306172,Low,65.1109788698961,0,0,0,0,99.7
Dry,25-34,7.190358414841877,Medium,2484.548423013377,High,71.25522821529182,0,0,0,0,96.5
Combination,25-34,9.04341879991713,Medium,1853.623329564599,High,65.05668557202469,0,0,0,0,98.3
Combination,18-24,6.618344908471505,Medium,2075.559439660465,Moderate,57.95873937988755,1,0,0,1,76.2
Sensitive,25-34,8.547304060782608,Low,2041.530628705294,Low,49.02872203727287,0,0,0,0,98.1
Sensitive,45-54,10.0,High,2286.205368215905,Low,98.86053709318064,0,0,1,0,93.5
Normal,25-34,6.335946400384312,Low,2265.092163625999,Moderate,36.604395658369725,0,0,0,0,92.9
Combination,45-54,6.191102933158953,High,1712.4025399922662,Low,100.0,1,0,1,1,67.8
Dry,18-24,5.023283594514771,Medium,2062.427085497451,Moderate,34.004437672970816,0,1,0,0,79.6
Dry,18-24,6.536409612134546,Medium,832.832090320095,Moderate,70.0645377466734,0,1,0,0,83.7
Normal,25-34,6.622845012801187,Medium,2495.086832392224,Low,18.062218957668534,1,0,0,1,73.0
Dry,25-34,9.546430426023724,Medium,2846.970851840559,Moderate,38.081653257748286,1,1,0,0,80.6
Sensitive,35-44,5.05753903885587,Medium,2095.314024341025,Moderate,60.269522644332895,0,0,0,0,90.3
Sensitive,35-44,7.089492840545467,High,1196.9888932636222,Moderate,40.81836701459385,0,0,0,0,87.7
Oily,35-44,4.278537817915574,Low,2371.4738181135676,Moderate,45.639774945577855,0,0,0,0,89.9
Normal,45-54,6.359855756742148,High,1618.1152416998898,High,69.00939558867884,0,0,1,1,74.9
Oily,25-34,6.967093036118028,Medium,2091.158172363973,Moderate,43.81486332274779,0,0,0,0,92.5
Combination,18-24,7.768874729032837,High,2342.75456369819,Low,79.82418424986693,1,0,0,0,85.2
Combination,25-34,7.383534619462883,Low,2273.225189759328,High,26.714668834749332,1,0,0,1,77.0
Oily,18-24,7.596106049330269,Low,2540.4276249300215,Moderate,67.43308897117358,1,0,0,1,82.0
Normal,25-34,7.370632910144361,Medium,2073.1903198647697,Extreme,35.18562775379189,1,0,1,1,67.4
Oily,18-24,7.068608693503995,Medium,2086.680804978517,Extreme,78.22942924682957,0,0,0,0,96.1
Oily,25-34,4.928200541016542,High,2368.39518722183,Moderate,69.58421849544379,1,0,0,1,71.6
Sensitive,18-24,4.222514554479916,Low,1964.3037152206812,Extreme,90.32509350725392,0,0,0,0,93.4
Dry,18-24,6.179968267394175,Low,1656.0487905275986,Moderate,45.96580626996386,0,1,0,0,84.3
Oily,35-44,6.798076850405155,Low,2226.0092124114435,Low,93.23392361871723,0,0,0,0,99.4
Dry,35-44,8.88089769576322,Low,1435.5685111440584,Low,18.5008235798336,0,1,0,0,86.5
Normal,35-44,6.84909748726572,Medium,1959.5549264059027,Moderate,71.15715471878768,0,0,0,0,94.7
Sensitive,35-44,6.705146448674961,Medium,1311.111603801336,Moderate,78.45561406525151,0,0,0,0,93.9
Oily,18-24,7.578290690262669,Medium,1722.5936835978187,Extreme,70.84967919523808,1,0,0,0,85.7
Oily,25-34,6.094982018823197,Low,1743.3295616309315,Moderate,48.106575853748716,1,0,0,0,82.5
Oily,18-24,8.215812998420407,Low,1507.8919619121,High,25.398752901212628,0,0,0,0,94.0
Dry,45-54,9.969000427575818,Low,2550.2659437225957,High,32.70383305077729,0,1,1,1,77.3
Dry,35-44,10.0,Medium,2508.995799899485,Moderate,59.70476077430926,0,1,1,0,85.0
Combination,18-24,7.1455609408667335,Medium,2657.0063713896357,Low,43.497089443819135,0,0,0,0,94.0
Oily,25-34,7.005338547043172,Medium,1906.0778885788372,High,71.42311805646676,1,0,0,0,85.0
Oily,55+,9.368284180560225,High,1783.1960057393776,Moderate,73.84605673932317,0,1,1,1,73.7
Normal,25-34,6.275056965655594,High,2401.7924026274018,High,51.19567695940168,0,0,0,0,89.5
Dry,45-54,8.01878821288627,Medium,2064.2064475549496,Moderate,60.64168825066383,0,1,1,1,73.2
Normal,25-34,4.7972598054712625,Medium,2061.758731182915,Low,76.61530936218665,1,0,0,0,81.4
Dry,18-24,6.533741277587503,High,728.0993496925,Low,43.87650005779055,0,1,0,0,77.9
Combination,35-44,8.73417192496796,Medium,2378.25730157574,Low,54.89621393630654,0,0,1,0,89.7
Combination,35-44,5.9227065493185655,Low,2311.9874912312825,Low,26.931474421612165,1,0,0,0,81.2
Oily,35-44,6.807923231905483,Medium,1997.2917884451724,High,81.96416706150855,0,0,0,0,95.8
Oily,25-34,4.1386855315968205,High,2407.92388723203,Moderate,47.754666326591845,1,0,0,0,74.9
Normal,25-34,9.508652441764456,High,2300.8509947352813,Low,78.42135754845958,1,0,0,0,88.5
Dry,35-44,8.894542104725355,Low,1651.6574575767752,Moderate,29.824669768958543,0,1,1,0,80.1
Combination,25-34,6.7821493492291225,High,1890.1068745310702,Moderate,37.71465455125511,1,0,0,1,71.1
Oily,25-34,7.2612693081234925,High,1496.1074024974841,Low,73.6518776581369,1,0,0,1,74.9
Oily,45-54,7.593847160415053,Low,2731.119493287579,Low,68.15475395758394,0,1,1,1,76.5
Combination,25-34,8.57646762954618,High,2488.5902392905473,Moderate,20.421756165195536,1,0,0,0,81.2
Combination,25-34,5.721799936442942,High,1593.0413305756445,Moderate,73.06398014351925,1,0,0,0,78.9
Oily,35-44,8.098401429892348,Low,2309.4377582474453,Extreme,27.380138814487815,0,0,1,0,87.6
Dry,55+,8.61612474827826,Medium,2139.296167418508,Extreme,70.69900776892337,0,1,1,0,82.6
Normal,25-34,8.322988955714685,Medium,1657.0235372503662,Moderate,25.508738520595294,0,0,0,0,92.5
Normal,25-34,3.1109436742524537,Medium,2062.163504314235,Moderate,80.28688807380227,1,0,0,1,71.4
Sensitive,45-54,6.101088282602284,High,2429.1923487172585,Moderate,77.82226063679306,0,0,0,0,91.8
Combination,45-54,5.4712440680471435,Medium,2469.9597637317784,Low,68.60127927737304,0,1,1,1,69.7
Combination,35-44,7.224382428356028,Medium,3165.9918480345887,Low,57.973936285046655,0,0,0,0,96.6
Normal,25-34,3.4759546707285915,High,2047.1445765858828,Low,52.19188835876565,1,0,0,1,66.3
Combination,25-34,3.431565663581596,High,1881.1055329443452,Low,52.07401337232319,1,0,0,0,72.8
Oily,35-44,10.0,Low,2281.0701319389186,Low,77.64152808421377,1,0,0,1,87.3
Oily,45-54,7.92653408239501,High,1908.5187304661608,Moderate,58.42579314124642,1,0,1,1,67.5
Dry,45-54,7.181513864798218,Low,1707.5477798585607,Low,96.55771045808424,0,1,1,1,76.4
Normal,18-24,7.545508971758474,Medium,1537.1083820667739,Low,31.596548078182686,0,0,0,0,91.3
Combination,25-34,6.71951138562377,Medium,500.0,Moderate,71.51648021793737,0,0,0,0,91.6
Dry,25-34,7.996025984827289,Medium,2367.419715103753,Moderate,64.10438262997536,0,1,0,0,89.1
Normal,55+,6.051333711904032,Medium,1181.0131339641534,Low,80.83501020767609,0,0,1,0,84.5
Normal,35-44,7.279922239110354,Low,1560.0732783528242,High,63.02303909866641,0,0,0,0,96.0
Normal,25-34,6.841131901906573,Low,2146.2217955975125,Moderate,58.235605323095726,0,0,0,0,95.8
Normal,18-24,5.429713062312493,High,1839.246602711324,Moderate,57.95238100178436,0,0,0,0,87.3
Dry,25-34,8.415474588594579,Low,3074.64862458913,Extreme,19.60195949554759,0,1,0,1,81.9
Combination,18-24,6.331484890147886,Low,1245.380013459736,Low,59.84567049073694,0,0,0,0,93.1
Normal,45-54,8.52613250471335,High,3119.36054795001,Moderate,100.0,0,1,0,0,92.3
Normal,35-44,7.17236908955722,Medium,2690.292304525289,Low,100.0,0,0,0,0,99.7
Dry,25-34,8.950377248613588,Medium,2454.5481925491517,Moderate,30.50290488403176,0,0,0,0,95.9
Combination,25-34,4.937931367217714,Low,2719.656088238771,Low,4.986992948392427,0,0,0,0,87.8
Oily,45-54,5.372861797734325,High,2202.30599935802,Moderate,61.30460378388415,0,0,0,1,81.3
Oily,25-34,5.141456613493537,High,1148.373501392568,Moderate,77.08319607873179,1,0,0,0,77.3
Dry,18-24,7.199943325771561,Low,2257.425840557963,Extreme,49.03379981342026,0,1,1,0,79.8
Oily,45-54,9.312202593667308,Medium,1259.662304071496,Moderate,100.0,0,0,1,0,93.1
Normal,45-54,9.389640427247876,Low,1735.8188604921042,Extreme,40.49379388112757,0,1,1,1,75.3
Combination,45-54,3.53504709934234,High,1960.958951142131,Low,65.62431568151119,0,1,0,0,76.6
Dry,18-24,7.374560741833808,Medium,1544.4687410478466,Moderate,47.284380324581264,0,1,0,0,84.6
Dry,18-24,3.0,Medium,2473.0222351822363,Moderate,68.28534996494483,0,0,0,0,87.8
Combination,18-24,8.192547690677552,Medium,1893.1212115004141,High,69.99799561746639,1,0,0,1,80.2
Dry,18-24,8.677254122342811,Medium,2204.6541155022333,Low,79.71587206148004,0,0,0,0,99.7
Oily,35-44,6.939633587961722,High,1995.293418819818,Extreme,56.901645997217024,1,0,1,1,65.6
Oily,18-24,7.125972366242132,Medium,2063.089579836736,Low,81.44480718857989,0,0,0,0,96.5
Normal,35-44,7.11045833941036,High,1556.5663577865744,High,68.62455702074672,0,0,0,0,91.2
Normal,25-34,5.32333712188813,Medium,1412.9792773991312,Moderate,83.9929935356744,0,0,0,0,91.9
Dry,25-34,7.14755867798222,Low,1923.1156648205567,Moderate,87.49114734757828,0,0,0,0,98.9
Combination,55+,6.652887997520114,Medium,1516.942861525893,Extreme,50.45765357034846,0,1,1,1,68.4
Sensitive,18-24,8.395437563934427,Medium,2696.7778524787864,High,48.1524666330887,0,0,1,0,89.0
Dry,25-34,6.329559598221155,Medium,1311.7824581040595,Extreme,55.09203822346938,0,1,0,0,82.8
Normal,25-34,5.208465340267612,High,3168.501155522011,Moderate,74.76609968489036,0,0,0,0,91.2
Normal,18-24,4.696202993701735,Medium,2151.012563763642,Extreme,12.373892746783262,0,0,0,1,77.9
Combination,25-34,3.7039027624164316,High,2034.6634524502733,Moderate,37.62913449070372,0,0,0,0,82.2
Dry,25-34,8.468764015931653,Medium,1729.866875390037,High,67.06489249445272,0,0,0,0,97.1
Dry,35-44,6.313315970711471,Low,2328.4605161763234,High,0.0,0,1,1,1,66.3
Combination,45-54,7.507861285122473,Low,1897.8624946394882,High,34.145954627111294,1,0,1,1,69.2
Combination,25-34,9.174844837616778,High,2150.237097233975,Moderate,34.67432674287773,1,0,0,0,83.1
Combination,18-24,6.155793503053163,Low,2420.911583519894,High,47.91280124235156,0,0,1,1,78.9
Normal,35-44,6.058783773428269,Low,2334.6547345968233,Moderate,51.95474709027124,0,0,0,0,94.0
Combination,18-24,6.801757371467014,Low,2619.930600473851,High,42.42756438134121,0,0,1,1,80.1
Combination,35-44,7.044149050629989,Medium,2268.920536830391,Low,26.722510047415675,0,0,1,0,83.3
Oily,35-44,9.83132702538377,Medium,1524.366155893693,Moderate,100.0,0,0,0,0,100.0
Dry,18-24,9.34873089114117,Low,960.1053319196828,Moderate,34.80314944073474,0,1,0,0,88.1
Oily,45-54,7.931313123860121,Medium,2105.516864645475,High,12.424394681373201,0,1,1,1,68.3
Sensitive,45-54,9.174120653495303,Medium,2112.7315772278525,Moderate,100.0,0,1,0,1,87.6
Normal,45-54,6.732671481148216,Medium,2962.964907555283,Moderate,40.62283424824902,0,0,0,0,93.5
Dry,25-34,6.948746850782718,High,1942.079691534526,Moderate,19.697624911497357,0,1,0,0,78.8
Normal,25-34,6.047729533191958,Medium,2187.2461515571226,High,66.95018137260872,0,0,0,0,93.2
Combination,45-54,5.064447426130541,Medium,2388.5882028828364,Low,47.02868317409974,1,0,1,1,64.6
Normal,25-34,8.305812112690393,Low,2256.7040604937547,High,54.212162391355065,0,0,0,0,98.5
Oily,45-54,7.797548100984791,High,2421.971895908647,Moderate,44.16106694910952,1,0,1,1,66.9
Oily,18-24,7.027110210135496,Medium,1590.8953459370707,Low,38.42668331134355,1,0,0,0,81.1
Sensitive,18-24,6.996298226031737,Medium,1511.8168331162758,Extreme,40.18561765954718,0,0,0,0,91.0
Oily,35-44,4.7406776936402375,High,1859.719584721665,Moderate,29.649594304606854,0,0,0,0,83.2
Normal,35-44,5.533787000270927,High,912.9668051534641,Low,100.0,1,0,0,0,79.9
Combination,35-44,7.504229755171037,High,1980.210204866017,Moderate,39.30033504995431,0,0,1,0,81.9
Dry,45-54,6.206330999088241,High,1670.2084537958942,Extreme,23.42943610809609,0,1,0,1,70.1
Sensitive,18-24,6.673430438173765,High,2161.1066668138674,High,93.26147078802869,1,0,0,0,84.0
Normal,18-24,6.843015902831348,Medium,1867.4656054983807,Extreme,56.662916163855144,0,0,0,0,93.1
Dry,45-54,5.976296846474334,Low,1492.2835936826823,Low,60.43531384074831,0,1,1,0,77.0
Oily,18-24,5.548122519963925,High,2655.4284315045325,Low,37.80212175569503,0,0,0,0,87.2
Normal,35-44,4.58146355361194,High,2041.2595521039914,Moderate,49.83689632646141,0,0,0,0,85.2
Dry,25-34,6.280222581482689,Low,2431.4294207126386,Moderate,42.5654228217349,0,1,0,0,85.7
Dry,18-24,7.9279128214154255,Medium,2091.757230377046,High,78.41341301000377,0,1,0,0,89.9
Combination,25-34,4.034548786670074,Low,2231.997565603526,Moderate,43.79088136986262,0,0,0,0,88.9
Oily,25-34,6.463928262350261,High,1319.502137674278,Moderate,78.59930501582909,1,0,0,0,80.4
Oily,45-54,7.421714879037341,Medium,2639.0517519781465,Low,58.65835208872067,1,0,1,1,71.0
Oily,35-44,5.515629394406282,Low,2439.340825188148,Moderate,54.87136509004642,0,0,1,0,85.4
Sensitive,35-44,9.133212717322133,Low,1990.5798496637638,Low,49.46654062624329,0,0,1,0,91.2
Oily,25-34,5.921426946442388,High,2144.001046936631,Extreme,100.0,1,0,0,0,83.1
Oily,25-34,6.348110467315234,Medium,2501.302930113128,Extreme,50.37445039148985,1,0,0,0,82.7
Oily,18-24,6.758095749103032,Medium,1813.9998979447691,High,49.96944901807139,1,0,0,1,75.1
Dry,25-34,3.843838366113416,Medium,1208.4597926677407,Low,96.47171960881724,0,1,0,0,81.8
Oily,18-24,8.513128107526066,Low,1823.36801280834,Low,60.41265311030995,1,0,0,0,88.7
Sensitive,18-24,5.566721847371143,Low,2076.19474607737,Moderate,78.18055118938962,0,0,0,0,95.1
Oily,25-34,6.145219226891395,Medium,1983.7801039633166,High,51.493262579569276,1,0,0,1,74.4
Combination,25-34,7.3964915019169934,Medium,2658.7830786643844,Extreme,30.647545091039827,0,0,0,0,93.2
Normal,18-24,9.191355139216801,Medium,1520.0488055403491,High,80.41899418334532,0,0,0,0,99.5
Dry,25-34,4.880101577154742,Medium,1583.3546847666098,Low,14.591161592626023,0,1,0,0,76.4
Sensitive,25-34,5.83027462160836,Low,1470.9767491612063,Extreme,40.58148642057158,0,1,0,1,75.7
Normal,18-24,9.073627945010731,High,2214.370547528742,Low,30.57382937784529,0,0,0,0,92.6
Sensitive,45-54,7.69557081891317,Low,1236.9831234630828,High,81.28146355011557,0,0,0,1,91.0
Oily,18-24,8.006757038577412,Low,2371.878199016656,Moderate,49.60406129712289,1,0,0,0,87.7
Sensitive,45-54,5.423302396335748,Low,1533.5577393452681,Moderate,28.432745245335525,0,1,0,0,80.8
Dry,18-24,6.431185705110162,Low,1613.4488201227416,Moderate,100.0,0,1,0,0,90.1
Oily,45-54,6.748246851429354,Low,2885.1126299956163,High,78.9958469235404,1,0,1,1,74.2
Normal,18-24,5.713157863985539,Medium,2616.2898643478393,Moderate,37.7255189828229,0,0,0,0,90.4
Oily,35-44,4.488145561489139,Medium,2059.606658878451,High,70.83336423377197,1,0,0,0,80.2
Normal,25-34,5.734252161854606,Low,1344.4809247286535,Low,61.17468777178489,1,1,0,1,67.3
Normal,35-44,9.031432299376645,Medium,3007.211228325429,High,51.74653947886925,0,0,0,0,99.3
Normal,25-34,6.5887601983407444,High,1901.839223782066,Extreme,59.846547912644965,0,0,0,0,90.0
Oily,18-24,9.061436370360065,Low,2123.7904882341118,Moderate,60.140140189223835,1,0,0,0,90.4
Combination,35-44,7.268531371344279,Medium,2455.966884555729,Extreme,87.28548866183512,0,0,0,0,98.2
Normal,18-24,5.8529384056180564,Low,1018.552396730034,Low,51.7265188591561,0,0,0,0,90.9
Normal,45-54,8.916428519847582,Low,1679.9813340841959,High,68.04091170508258,0,0,1,0,92.0
Dry,18-24,7.3184892110018485,Medium,1965.9626299831418,Low,44.778322628055456,0,0,0,0,93.0
Normal,25-34,7.942758248641097,Low,2065.359855855724,Moderate,39.16447888959702,0,0,0,0,95.9
Normal,35-44,5.397507743319142,High,1348.1965789651674,Moderate,40.76221377080493,0,1,1,0,68.6
Normal,25-34,8.058134434421754,Low,2163.168830657137,Moderate,29.898939239231638,0,0,0,0,95.4
Sensitive,18-24,8.603333913316298,Medium,2016.8702019692748,Moderate,53.37884099627602,1,0,0,0,86.6
Combination,35-44,7.4346507165348035,Medium,2833.658824512964,Moderate,54.103391981512054,0,0,1,0,87.9
Oily,35-44,5.789616871285326,Low,2500.1453945028534,Extreme,85.14729806816965,0,0,0,0,97.1
Dry,45-54,6.930986756931082,Medium,1865.372106362331,Low,50.517763474464424,0,1,1,0,76.6
Dry,25-34,7.416936720857366,Medium,1901.9652565243318,Moderate,41.68473028603049,0,1,0,0,84.8
Dry,25-34,6.851855029904801,Medium,2507.2483851614443,High,42.6906239747799,1,1,0,0,75.0
Dry,25-34,7.401624107161647,High,2141.812144325223,High,48.802455649142836,0,0,0,1,84.0
Dry,25-34,8.018368861479358,Medium,1314.4332946568852,High,92.4545317285266,1,1,0,0,79.9
Oily,35-44,6.027330019942118,Medium,3046.8954176451393,Moderate,50.52140876101876,0,0,0,0,93.2
Normal,25-34,4.767386568559791,Low,1505.0656535423493,Moderate,64.02778955547258,0,0,0,0,90.9
Oily,25-34,6.4436917979416375,Low,3239.484771699707,Moderate,58.74251706489398,1,0,0,0,87.2
Combination,25-34,6.005385261695198,Low,2213.9774610398217,Moderate,51.55185246988918,0,0,0,0,93.6
Dry,35-44,8.178769619734226,High,1682.2793551636978,Moderate,36.047208524454646,0,1,1,0,74.3
Combination,45-54,5.388252415511788,Medium,816.4836579406121,High,73.09163196063514,0,0,0,0,89.7
Sensitive,35-44,8.53057281126652,Low,2388.3822346241827,Moderate,26.85907441048613,0,0,0,0,96.5
Normal,25-34,8.53041816432015,Low,1224.8447071903993,High,24.486138736624035,0,0,0,0,94.0
Dry,35-44,7.000457446393435,Low,2178.6472791841093,Moderate,46.45997559480917,0,1,0,0,87.0
Dry,35-44,7.091104188371957,Low,2966.816351261193,Low,54.38676384697274,0,1,0,0,89.6
Sensitive,18-24,5.84868024815477,Medium,1431.1605673849426,High,67.10177830602089,0,0,0,0,91.3
Sensitive,18-24,6.1860086515389,Low,2369.027706036503,High,99.78070320181308,0,0,0,0,99.1
Dry,18-24,6.387494979031475,Low,1594.200192571056,Low,65.75421797703589,0,1,0,0,86.5
Oily,25-34,8.664410101756896,Medium,2566.574768384451,High,54.22173494100375,0,0,0,0,97.9
Combination,45-54,6.892193821283839,High,2032.9113399774026,Moderate,51.60188252058702,0,0,0,0,90.0
Normal,25-34,4.516740565039987,Medium,1990.4683010732224,Low,41.865577592470366,0,0,0,0,87.2
Combination,25-34,6.883031513168006,High,2603.6441557376106,Moderate,21.637384860905897,1,0,0,0,78.1
Sensitive,45-54,8.239435186933413,Low,2312.6462205751136,Low,22.312903814596815,0,0,0,0,95.3
Oily,45-54,6.9618829460176075,Medium,1597.6554807377522,High,28.118011535516064,1,0,1,1,64.9
Dry,35-44,9.203820159590485,Low,2893.55671087715,Low,89.27109888786674,0,0,0,0,100.0
Oily,25-34,7.666263000898848,High,1232.0867579902383,Low,32.20716603802792,0,0,0,0,88.0
Oily,18-24,5.42630690516822,High,2137.848547823812,Low,36.88252461554803,1,0,0,0,75.8
Oily,18-24,6.172850781405397,Medium,1588.567654555351,Low,75.52618657563828,0,0,0,0,93.1
Combination,18-24,7.339339422136914,High,1256.3876462210674,Moderate,0.0,1,0,0,0,74.2
Sensitive,25-34,4.000716142960089,Medium,1432.9094951001393,Moderate,50.3497023212693,0,0,0,0,85.9
Sensitive,25-34,7.004535106205922,Low,1975.3802400796847,Low,37.551929753942716,0,0,0,0,93.7
Normal,18-24,4.3576263591180275,Medium,2174.863382074284,High,57.33945705212055,1,0,0,0,78.8
Combination,18-24,8.535150183346765,Medium,2529.465915599709,Moderate,63.92249444263687,1,0,0,1,81.5
Combination,18-24,8.360910527187563,Low,2738.0182546968376,Moderate,64.32900557471311,1,0,0,1,83.6
Oily,35-44,7.757172041372606,Medium,2138.8435735520184,Low,97.70545653450439,0,0,0,0,99.6
Normal,35-44,5.986182453471533,Medium,1778.403360564596,High,73.84988569302482,0,0,1,0,84.9
Oily,25-34,6.755304236920308,Low,2519.5086535022947,Moderate,56.22349442340685,1,0,0,1,79.2
Sensitive,25-34,5.729933768728026,Medium,1692.6792578788727,Moderate,100.0,0,0,0,0,94.8
Dry,25-34,4.9537770838249005,Medium,1202.1927354843253,Moderate,0.0,0,1,0,0,74.3
Combination,18-24,6.491885482342884,Low,2469.5057562213356,Low,100.0,0,0,0,0,99.9
Oily,18-24,8.047398304738143,Medium,2661.9559259067464,High,93.54836647234339,1,0,0,0,90.8
Combination,45-54,7.065721289247642,High,1589.0941759631332,Moderate,56.288840422243005,0,0,0,0,89.9
Normal,55+,9.176064886201635,High,2980.4115817495,Moderate,32.32393889044397,0,0,1,0,86.5
Oily,35-44,8.148670809220413,Medium,2291.526159417936,Low,43.54266070835921,0,0,1,0,87.2
Dry,45-54,7.988036220858428,Medium,2216.9809889824464,Moderate,52.786757446242675,0,1,1,1,72.7
Normal,35-44,4.586610175831594,Low,1741.6569505995317,Low,89.90891294872732,0,0,0,0,93.6
Combination,18-24,6.572262204767083,Low,2508.644384121781,Moderate,0.0,0,0,0,0,90.2
Oily,55+,5.4034413843487,Low,1237.810936428607,Low,100.0,0,1,1,1,72.3
Dry,18-24,6.725495680564144,High,1830.1047772116476,High,49.97669253521766,1,0,1,0,71.1
Oily,35-44,5.960085814115265,High,1633.4183820188882,Low,89.41986485562148,0,0,1,0,83.1
Dry,25-34,5.933592570413092,High,1345.5336249263064,High,19.25997545500055,1,1,0,0,65.5
Normal,25-34,8.091744098560776,Medium,2431.493727657828,High,68.09104185769965,0,0,0,0,97.9
Normal,35-44,7.712874893508751,Low,2170.5692382954494,Extreme,69.66838252355652,0,0,1,0,90.7
Sensitive,25-34,8.010671643472453,Medium,2402.345752597079,Extreme,79.10044507004562,1,0,0,0,88.7
Oily,25-34,4.0989753364760215,Medium,1860.8499955382401,Extreme,32.704978843982694,1,0,1,1,60.2
Combination,25-34,6.586962044923496,Medium,2492.539775986541,High,40.43358969703861,0,0,0,0,92.2
Sensitive,25-34,7.950057472094901,Medium,2038.5708781575981,Low,34.12344935352546,0,0,0,0,93.4
Oily,55+,9.259443872330733,Medium,1763.926833013776,Moderate,69.10232813147063,0,0,1,1,84.0
Oily,35-44,4.677867415461261,Medium,1680.555617217814,Low,93.56377201462615,1,0,1,0,74.1
Dry,25-34,5.972774545758245,Medium,1008.548116687565,Moderate,57.057844111518506,0,0,0,0,89.7
Sensitive,18-24,8.551340011007145,Medium,2582.1856517084684,Moderate,0.0,1,0,0,1,75.3
Sensitive,45-54,6.711582530782832,Low,2525.452584467379,Extreme,100.0,0,1,1,1,77.5
Dry,18-24,5.634373488745414,Medium,3463.6844491090906,Extreme,52.978338971511796,0,1,0,0,85.5
Combination,18-24,4.675001232255989,Low,1832.6901476714427,Low,0.0,1,0,0,1,68.0
Normal,25-34,5.07694769800525,Low,1666.6031988624363,Moderate,7.418148363788561,0,0,0,0,86.2
Sensitive,45-54,4.466647497154407,Low,1149.2823887045488,Moderate,48.658329342331776,0,0,1,0,80.1
Sensitive,18-24,7.087690685251038,Low,2479.983171899536,Moderate,64.98976376536248,1,0,0,0,87.6
Normal,18-24,8.34446527866799,High,2364.913217272831,Moderate,24.462505737930655,0,0,0,0,90.9
Oily,25-34,4.608537861637094,Medium,2775.889959649218,Extreme,27.751270404541383,1,0,0,1,70.5
Normal,25-34,6.886594611816579,High,1541.6789902890469,High,72.848215532931,1,0,0,0,81.1
Oily,25-34,7.767906544168801,Low,2358.1827822325877,Low,79.68462110425241,0,0,0,0,100.0
Combination,25-34,6.495937509727476,Low,1738.97971182734,Moderate,73.73707104356252,0,0,0,0,95.8
Oily,25-34,4.083958557624132,Medium,2671.8580969737577,High,9.100027729259288,1,0,0,1,67.4
Normal,18-24,7.579317331993755,Medium,2268.107560746141,Moderate,73.5750331750296,1,0,0,0,87.1
Oily,18-24,6.918029582853294,Medium,1222.1529844962638,Moderate,38.02747338015965,1,0,0,1,73.1
Sensitive,45-54,6.765243027098717,Medium,1934.401480161028,Extreme,100.0,0,1,1,0,81.4
Dry,45-54,6.179744131359303,High,1025.9428988117934,Moderate,66.5069261886675,1,1,0,1,63.1
Oily,18-24,7.130181139411062,Medium,1418.3591438658664,Moderate,80.40986000834303,0,0,0,0,95.1
Normal,18-24,7.7647268626704395,Medium,1448.6012572531658,Extreme,63.90367617672665,0,0,0,0,94.8
Sensitive,18-24,10.0,Medium,1679.529275367862,Moderate,75.82091761735666,0,0,0,0,100.0
Combination,35-44,7.168498102580807,Medium,1868.657107997678,Moderate,50.79770868531452,0,0,0,0,93.2
Oily,35-44,9.266711740019009,Medium,2082.2915475380387,Low,90.18647399293079,0,0,0,0,100.0
Normal,25-34,7.036632625140315,Medium,2057.2728503971625,Low,73.27487593049096,1,0,0,0,85.5
Normal,35-44,6.8507075085283695,Low,1988.0700852999116,Moderate,51.72326481461088,0,0,1,0,86.8
Normal,35-44,7.222821291566938,Medium,2166.192714024047,Moderate,48.991069393949765,0,0,1,0,85.7
Dry,45-54,5.167395445461236,High,1375.1026793295605,Moderate,42.18879002551891,0,1,1,0,68.3
Sensitive,18-24,7.458790406128056,Low,2036.5893572524087,Extreme,85.4387981821126,0,0,0,0,99.5
Oily,18-24,4.011902402767941,Medium,2717.229513259173,Low,55.908622057275856,1,0,0,1,72.0
Combination,18-24,5.706000463167202,Medium,1917.0985865680411,Low,57.19156676504267,0,0,0,0,91.0
Oily,45-54,7.164764639700716,Medium,2247.336382783233,Low,50.98749344562195,1,1,0,1,68.9
Combination,35-44,8.790973409768267,High,2200.8123558466727,High,96.44491379935133,0,0,0,0,98.6
Combination,25-34,8.645936595497592,Medium,2431.1342153012915,Extreme,12.77732387503778,0,0,0,1,86.4
Normal,18-24,6.645180130538598,High,2143.5694498686903,High,69.55344427559496,0,0,0,0,91.5
Oily,25-34,6.7335759792956615,Medium,2422.6826143496655,High,74.54811806375824,1,0,0,1,78.8
Dry,25-34,7.976543704373041,Low,2253.645689588722,Low,42.06434995036186,0,0,0,0,96.7
Normal,25-34,4.505759641710622,Medium,2328.6425043470413,Moderate,13.7536324753004,0,0,0,0,85.0
Oily,25-34,7.1071212579732554,High,2221.063821139186,High,59.562821866088015,1,0,0,0,81.6
Dry,18-24,5.758160698951286,High,1496.6053260853205,Moderate,79.91223727067748,0,1,0,0,81.5
Sensitive,35-44,6.742262432984922,Low,1414.6178266536979,Low,100.0,0,0,1,0,90.3
Oily,25-34,5.811465124258527,Medium,1823.3862707478688,Moderate,66.42773092555149,0,0,0,0,91.9
Combination,25-34,7.153037190572221,Medium,2775.8202640881746,Low,34.65676145732486,0,0,0,0,93.3
Oily,18-24,7.825455511013635,Medium,1914.1734780363408,Moderate,67.33263642348106,0,0,0,0,96.2
Combination,45-54,8.336618016096097,Low,2154.7797423793318,Extreme,72.51325788063546,1,0,0,1,83.2
Dry,25-34,7.022298242696673,Low,1016.3468387387026,Low,58.046397553503326,0,1,0,0,85.9
Combination,45-54,7.257480654953345,Medium,2096.8709503340533,Moderate,37.884097387213785,0,0,0,1,85.5
Oily,25-34,9.281035700657903,Medium,2042.9540092083153,Low,64.96165452259382,0,0,0,0,99.1
Dry,45-54,4.713461394704234,High,663.3405210867975,Extreme,71.74759386230167,0,1,0,0,76.9
Dry,45-54,9.543414790193859,High,2145.444470985394,Low,100.0,0,1,0,0,92.4
Oily,25-34,6.065267136697405,Medium,1174.5097216723836,Moderate,52.187582881609686,0,1,0,0,81.7
Normal,45-54,7.856337379552458,High,1637.3254175439617,Low,100.0,0,1,1,0,80.0
Normal,25-34,6.011510479109599,Medium,2497.2360066374717,High,84.7826520306802,0,0,0,0,95.5
Normal,25-34,5.4461875556725605,High,2078.725763418866,Low,51.24855141030487,1,0,0,0,77.2
Combination,18-24,7.726865789191343,Low,1775.7749545151182,Moderate,80.92988861119778,0,0,0,0,99.1
Oily,25-34,8.063192462921664,Low,1732.962400326398,Low,30.415339314962925,1,0,0,1,77.6
Oily,35-44,7.709511932451107,Medium,1791.0038831834152,High,55.19564425326989,0,0,0,0,94.5
Combination,35-44,6.186826319975676,High,2080.4444772453994,Moderate,46.60552789163293,0,0,0,0,88.2
Oily,18-24,10.0,High,1399.6785713020693,Low,46.06166658170238,1,0,0,1,77.4
Dry,25-34,8.29786050629938,Medium,2562.208734073332,High,0.0,1,0,0,0,81.7
Normal,18-24,8.400013456310878,Medium,1426.2181605612263,High,94.98448273646264,0,0,0,0,99.2
Sensitive,35-44,6.470553653886694,Medium,1136.4712335801905,Moderate,67.3873388269278,0,0,0,0,92.0
Combination,18-24,6.0622513175664405,High,2495.5765659735353,Moderate,69.67375048642845,1,0,0,0,81.1
Combination,45-54,6.580241386235591,Medium,1781.539337970266,Moderate,66.13317117999478,0,0,1,0,85.3
Oily,18-24,8.622109816588726,Medium,2035.2297953295513,Moderate,43.209314552442855,1,0,0,1,78.6
Combination,25-34,5.014093494386258,Low,2327.3155085047506,Moderate,18.071379819712945,1,0,0,0,78.5
Normal,45-54,5.397694252818525,Medium,1640.2815260527236,Low,37.148593941509645,0,0,1,1,72.8
Normal,25-34,7.309321300041527,Medium,2068.572876176706,Extreme,44.108219953038144,1,0,0,1,76.2
Normal,18-24,7.47879466696318,High,2324.1074907942684,Low,38.13396788105953,1,0,0,1,73.4
Dry,25-34,5.344529693163656,Medium,2821.617442937488,Moderate,25.655378319996775,0,0,0,0,88.9
Oily,18-24,5.363194632377163,Medium,1744.4705537506038,Low,32.82268150464472,0,0,0,0,87.5
Dry,55+,9.156845490052648,High,1768.526399820583,Extreme,61.52895189589202,0,1,1,1,72.0
Normal,25-34,7.035506637949343,Low,2281.663309662664,High,71.9222018944665,1,0,0,0,87.8
Oily,25-34,4.454696204407951,Low,2104.296482029419,High,20.83818337988349,1,0,0,1,70.2
Combination,25-34,4.559561695876559,Medium,1931.482120252585,Low,27.997658906954314,1,0,0,1,68.8
Oily,18-24,6.457732041324296,Medium,2796.3449912542933,Moderate,55.37558652179919,1,0,0,0,84.0
Combination,35-44,8.09926271049645,Medium,1158.7813653442113,Low,55.91354136377866,0,1,1,0,78.1
Oily,45-54,7.892513203162419,High,1289.127274771069,Extreme,50.84381769166202,1,0,0,1,73.4
Combination,45-54,8.697517805501827,Medium,1164.5590301223071,Moderate,83.05996872728991,0,0,0,1,91.0
Dry,25-34,4.2644752888088036,Low,2600.839980499987,Moderate,54.62032936353393,0,1,0,0,83.2
Oily,25-34,6.835770034669485,Medium,2257.361660610226,Moderate,9.421150463376321,0,0,0,0,89.1
Oily,18-24,9.13886549848204,Low,1314.627458066594,Moderate,30.012705833614874,1,1,0,1,70.9
Dry,35-44,8.999202595714149,Medium,1938.4833043253866,High,18.472912373091035,0,0,1,0,85.7
Combination,25-34,7.0383649721190285,Low,1986.1622033305155,Moderate,45.520366710888354,1,0,0,0,84.6
Oily,25-34,10.0,High,895.3901903982098,Moderate,16.797083106157856,1,0,0,0,80.5
Oily,45-54,7.91392767462379,Medium,2094.1385639728574,Moderate,15.972339871905824,0,1,0,1,76.6
Combination,18-24,8.564119949262015,Low,1411.2269689333461,High,0.0,1,0,1,0,74.0
Dry,18-24,7.06667187816326,Medium,2353.334273445502,High,99.61005725110496,0,1,0,0,90.8
Oily,18-24,5.828537060733569,Medium,1426.5293771101,Low,15.865837043925502,1,0,0,0,76.1
Oily,18-24,5.687186198831881,Medium,2109.5799102605147,Low,42.10855990265252,1,0,0,0,79.8
Oily,18-24,7.27242282219163,Medium,2647.285116394926,Moderate,51.486977088749235,0,0,0,0,95.0
Dry,25-34,6.18274698972469,High,2487.2800405066137,Moderate,52.97610296861877,0,1,0,0,81.6
Oily,25-34,3.8471214951297785,Medium,2253.582441858575,Low,65.52230412493093,1,0,0,0,78.8
Sensitive,18-24,5.461309622611388,Medium,1959.3322117791267,Low,63.72480332262013,0,0,0,0,91.2
Oily,35-44,6.52239463891886,High,1249.9478814565769,Moderate,48.66000520721233,0,1,0,0,79.4
Oily,18-24,8.090919063905739,Medium,1780.4520798502622,Moderate,55.49357654397685,0,0,0,0,95.3
Dry,35-44,6.975889170756888,Low,1886.9969153635463,Moderate,65.2357692131507,0,1,0,0,88.2
Sensitive,25-34,6.391903684249229,Low,1851.0888282583724,Extreme,66.26771822363928,0,0,0,0,95.1
Combination,25-34,5.019631059495026,High,1233.2388788401818,High,66.02227325790474,0,0,0,0,86.1
Oily,45-54,7.0347491200931485,High,2217.2173724119352,High,44.35657091274518,1,0,1,1,64.9
Combination,18-24,8.978651541168983,Low,1409.5421638373568,Low,44.98008138725458,1,0,0,0,87.3
Dry,25-34,6.733362669137835,Medium,2773.054471802827,Moderate,16.85452154684117,0,1,0,0,82.7
Oily,45-54,4.739029627777207,Low,2074.0105926593474,Low,53.876662870775206,1,1,0,1,66.0
Normal,25-34,4.622715808543203,Medium,2489.631314007226,Extreme,34.046279873840206,0,0,0,1,80.6
Oily,25-34,7.38318331583473,Low,2479.2965701726707,Moderate,76.38397564700423,0,0,0,0,99.4
Oily,25-34,6.16352678716607,Low,3038.9658208024157,Low,13.438590038530002,1,0,0,1,74.7
Sensitive,35-44,6.888129654844729,High,2090.9405026195263,Moderate,63.119331739298076,0,0,0,0,91.3
Oily,45-54,6.080898737477865,Medium,1804.9693750950291,Low,46.89567519450478,0,0,1,1,75.5
Sensitive,18-24,7.755118318299869,Low,1814.6074042775417,Moderate,81.77017315443001,0,0,0,0,99.3
Dry,18-24,6.548623430131976,High,2748.051320669901,Low,18.090562253715337,1,1,0,1,62.4
Dry,25-34,6.220080167407093,Medium,1339.8822920386829,Low,50.09302455418824,0,0,0,0,90.1
Dry,18-24,5.723164912505311,Medium,1560.937710903409,Moderate,51.96633469687995,1,1,0,0,71.8
Normal,25-34,7.882536947214154,High,2118.495880365732,Low,73.09196406219658,0,0,0,0,94.3
Oily,18-24,6.668300812575367,Medium,1923.601272988752,High,28.627643791168982,0,0,0,1,83.0
Normal,18-24,7.9118204996796395,Low,2483.8222288525035,Moderate,17.31495309348255,0,0,0,0,94.5
Dry,18-24,5.209612653948973,Low,1330.6533812602893,Low,61.876208663022894,0,1,0,0,83.3
Oily,45-54,9.600824707567913,Medium,1966.5269961834006,Moderate,25.129626625308795,0,1,0,1,80.6
Combination,18-24,8.916061057769834,Low,1906.4941287406705,Low,36.931522943817654,0,0,0,0,97.3
Oily,18-24,4.13530349551161,Medium,1463.8780146670902,Moderate,44.03451858577268,1,0,0,1,68.6
Normal,18-24,5.797093787404427,Low,2439.330060316456,Low,65.3936089589783,0,0,0,0,95.0
Oily,45-54,7.716451586514827,Medium,1954.1078551859573,Low,21.456082056362533,0,1,1,0,75.5
Sensitive,35-44,5.0204070157764935,Low,1932.9626945763605,Low,67.59718918776449,0,0,0,0,92.7
Combination,35-44,6.802608876755011,Medium,1587.6482713657822,Moderate,60.65107023497818,1,0,0,0,82.8
Oily,18-24,7.639947678965195,Medium,1815.0672086073062,Extreme,28.474208801408125,1,0,1,1,66.8
Dry,45-54,6.722911132030775,Medium,1489.186205539717,Moderate,51.05953614192826,0,1,1,0,75.5
Normal,25-34,7.308258055305645,Medium,2431.883192682213,Low,72.22622504007344,0,0,0,0,96.7
Sensitive,25-34,5.460005143097177,High,2516.407998377653,Low,52.323111757886835,0,0,0,0,88.2
Dry,25-34,3.1337276867478168,Medium,2840.0307624011257,Moderate,40.90126236033007,0,1,0,0,78.0
Oily,45-54,8.47317296824759,Medium,2217.026688460726,Low,82.14023165096164,0,0,0,0,99.6
Dry,35-44,8.463721980403795,Medium,1830.3907033434405,Low,54.547231404951006,0,0,0,0,96.0
Normal,45-54,10.0,Medium,1765.5183884521564,High,93.45851319816828,0,0,1,0,94.9
Sensitive,45-54,3.689220223098528,Low,2245.32402187016,Low,34.04032036057124,0,0,0,0,87.3
Normal,18-24,8.126248164020224,Low,2100.431777280457,High,43.16535338535476,0,0,0,1,89.8
Dry,25-34,3.5469767928749194,Medium,1912.8959268290607,Low,69.40727304962218,1,0,0,0,77.9
Oily,18-24,9.634739922512978,Medium,1868.9607115620965,Low,32.01646737903468,1,0,0,0,86.2
Combination,45-54,7.731800250544014,Low,2585.595210386246,High,54.140561371121315,1,0,0,1,81.0
Combination,18-24,5.57210672848562,Low,1784.0763280914791,High,81.58271191891752,1,0,0,0,84.9
Dry,45-54,8.170333711902153,Low,2673.337963418021,Moderate,40.632825517176926,0,1,1,0,81.8
Dry,25-34,5.670432488424597,High,2091.0680970001026,Low,62.06493007951157,0,0,0,0,88.7
Combination,25-34,6.950624149326903,Low,1816.0595917086903,Moderate,68.66630633803675,1,0,0,0,86.4
Normal,18-24,7.308941074313626,Low,1607.3653773454544,Low,51.91589364815335,0,0,0,0,95.0
Oily,25-34,9.116252204220942,Medium,1922.737635033625,Extreme,51.000317100344354,1,0,0,0,87.2
Oily,45-54,9.72238886512977,Medium,2251.6828352757802,Moderate,34.377104535268195,0,0,0,1,90.4
Sensitive,18-24,6.104101940089741,Medium,1811.4935208030026,Extreme,83.27593417490635,0,0,0,0,94.2
Oily,25-34,8.087158426994055,Medium,2425.16777649022,Moderate,18.64162811844356,1,0,0,1,75.9
Combination,18-24,7.532260233355446,Medium,1786.520581785816,Moderate,59.78096045247311,1,0,0,0,84.6
Dry,25-34,4.3809768994896325,Medium,1937.6077088044337,Low,37.03996149991151,0,0,0,0,86.3
Oily,18-24,5.95565742944173,Low,1356.6527987542518,High,40.13141814990771,0,1,0,1,75.6
Oily,25-34,10.0,Medium,2279.7384184021807,Low,44.968256408375105,0,0,0,0,99.1
Oily,45-54,7.536781601656982,High,1866.4121532152176,Moderate,72.4874257857623,1,0,1,1,68.1
Oily,25-34,7.999669369276283,Low,2789.4352536679453,Moderate,89.04856081070884,1,0,0,0,92.5
Oily,25-34,6.181933531449514,Low,2352.4050086341417,Moderate,52.78336436732366,1,0,0,0,84.3
Normal,25-34,5.690087127920988,Low,2042.249886863823,Moderate,31.999259543136898,1,0,0,0,80.7
Combination,18-24,7.040896761451712,Low,2612.588010513454,High,14.011143709173304,1,0,1,1,67.7
Sensitive,25-34,6.100843917130674,Low,2202.5544247110533,Low,93.99863875215786,1,0,0,1,81.0
Oily,25-34,4.260120603452602,Low,2504.1300604273856,Moderate,54.384345586948776,1,0,0,0,81.0
Oily,18-24,5.4950118138189525,Low,1568.8142501713617,Moderate,44.20966263002567,1,0,0,0,80.5
Normal,35-44,8.061826771618346,Medium,2230.5944291205587,Low,61.46288399835194,0,0,1,0,88.7
Dry,25-34,5.928963966346384,Low,2251.360930301505,Moderate,69.1665847940575,0,1,0,0,87.3
Combination,35-44,7.038557323041861,Medium,1227.6294673893847,Extreme,49.74821390873791,0,0,0,1,84.5
Normal,45-54,7.352384575745816,Medium,2753.3127320448475,Extreme,43.349676388604735,0,0,1,1,79.5
Normal,18-24,7.4695750732280795,Medium,1419.8338711476426,Low,17.251601001064053,1,0,0,0,79.5
Combination,25-34,8.219868591973055,High,1350.5188177004488,High,23.019506684074358,1,0,0,0,78.4
Dry,25-34,4.851956277397202,Medium,575.6572345931224,High,41.38106557268142,0,1,0,0,77.0
Normal,18-24,7.855379085315437,Medium,2236.927969913399,Low,76.8668657314517,0,0,0,0,97.9
Dry,45-54,8.13254169027947,Low,1178.46728654266,Moderate,47.28791391592489,0,1,0,0,87.4
Oily,35-44,8.478777668502259,High,1741.540256821512,High,66.51478209557071,1,0,0,1,77.1
Oily,25-34,4.3806236008776915,High,2418.9341937366075,Moderate,78.11297312917608,1,0,0,0,78.4
Combination,25-34,6.882228827520497,Low,2096.0264548464475,Moderate,59.54409192685594,0,0,0,0,95.9
Combination,18-24,9.574113919597776,Medium,1688.1513696938696,Moderate,99.34260412797234,0,0,0,0,100.0
Oily,25-34,6.351319221265065,Medium,1204.6602445877675,Low,51.69376321879257,1,1,0,0,72.3
Sensitive,35-44,7.725242052946437,Medium,1946.193557294249,Low,71.07547656824828,0,0,0,0,96.5
Oily,25-34,7.670593391877777,Medium,2427.6376318265275,High,40.457862784114546,1,0,0,1,77.2
Combination,25-34,4.96179523340261,Low,2350.4182233763463,Low,99.8081283822454,1,0,0,1,79.6
Oily,35-44,9.75073709349996,Low,2893.39041795376,High,90.48623762376408,1,0,0,0,96.3
Combination,25-34,7.249251195453356,Low,1673.270713334847,Low,13.515777065363629,0,0,0,0,91.2
Sensitive,25-34,7.279254221290139,Medium,1341.4831531428872,Moderate,100.0,0,0,0,0,97.2
Normal,25-34,4.0069589329841975,Medium,2154.975489422211,Moderate,62.44951121314753,1,0,0,0,78.6
Sensitive,25-34,7.6918171973199705,High,2105.710614270021,High,68.226141327309,0,0,0,0,93.4
Combination,35-44,7.759615512068706,Medium,1997.5701936080416,High,72.95689490662659,0,0,1,0,88.8
Combination,45-54,9.436286991583096,Low,1626.8009951179279,High,36.03030380499072,0,0,1,1,82.7
Oily,18-24,6.533102178543469,Low,673.3104499087744,Moderate,54.92235532305035,1,0,0,0,81.9
Combination,45-54,5.518512505602337,High,1496.6933689241598,Moderate,52.28254834705412,1,1,1,1,53.3
Combination,25-34,5.4766415078385,Medium,2278.534233147538,Moderate,40.991407077148246,1,0,0,0,79.6
Oily,35-44,6.2425326474890515,Medium,2141.9817992006288,Low,83.97165706330482,1,0,0,0,85.2
Sensitive,45-54,5.321730222802939,Low,2482.6320002930297,Low,68.38829140159817,0,0,1,1,79.4
Normal,25-34,8.43524003564899,Medium,2172.590954516231,Moderate,52.490997181716544,0,0,0,0,96.5
Normal,45-54,8.9915467943975,Medium,2368.008621291651,Moderate,68.19348926977545,0,0,1,0,91.5
Dry,18-24,6.706312448289917,Low,2382.3660105053764,Low,73.59016493273387,0,1,0,0,89.5
Dry,18-24,6.4108601168737085,Medium,2010.2375851642496,Low,81.70061896383811,0,0,0,0,95.0
Dry,35-44,4.276777130021031,Medium,2013.7493768664174,Moderate,60.37057906673081,0,0,0,0,88.6
Normal,45-54,8.043941882955407,Medium,545.5687838640865,Low,50.543141923829694,0,1,1,0,76.2
Sensitive,45-54,9.480160163238764,High,1671.707958318931,Low,100.0,0,0,1,1,84.3
Normal,35-44,6.044207924110665,Medium,1693.2986369645034,Moderate,0.0,0,0,0,0,85.5
Normal,25-34,6.324823211335403,Low,1945.5981359295042,Low,71.68472712753722,0,0,0,0,95.7
Normal,25-34,7.151437191973597,High,1534.8305826784465,Low,46.39867851292023,0,0,0,0,89.0
Dry,55+,9.586627540914858,Low,2468.782006879114,Moderate,64.26262778093012,0,1,1,1,79.5
Sensitive,25-34,6.799664332752642,High,1559.2450176627403,Moderate,66.02084343214322,1,0,0,1,73.3
Dry,35-44,7.293144874039778,High,2551.2163208086095,Extreme,92.03710317196393,0,0,0,0,95.9
Combination,25-34,6.768977751739705,Low,1519.4224823686907,Low,60.4781061709882,1,0,0,0,84.6
Normal,35-44,4.86245123964449,Medium,1698.1101020134242,Moderate,24.476287806379652,0,0,1,0,77.6
Dry,25-34,4.329814019255203,Low,1660.0938234617274,Moderate,13.350832466392546,0,1,0,0,77.3
Oily,55+,5.788007246327691,Medium,1751.882995332095,Low,44.62386072096095,0,0,1,1,74.5
Oily,25-34,8.019335861056058,Medium,2589.318973020797,Moderate,65.19079044874019,0,0,0,0,97.7
Normal,45-54,6.496964394181011,Low,1836.4576860364953,Moderate,92.6801981182587,0,0,1,0,89.9
Dry,18-24,6.205593926796561,Low,1849.1721021960311,Moderate,33.264745562361185,1,1,0,1,66.4
Dry,25-34,5.679238093784348,Medium,1629.1016859197766,High,0.0,0,0,1,1,69.6
Combination,35-44,6.793514682290984,Medium,1870.1032629590372,High,70.77702461944183,0,0,0,0,94.4
Oily,35-44,9.55316190115246,Medium,2108.2242547467204,Low,61.05905945270466,1,0,1,0,81.4
Normal,45-54,6.773203921454318,Medium,1892.4195634024873,Low,63.58073573588936,0,0,0,0,93.7
Dry,18-24,5.820553891937712,Medium,1924.8541607396567,Moderate,22.4698133925354,1,1,0,1,62.7
Normal,18-24,7.0378684436224495,High,2508.0151968022556,Moderate,79.81983454629727,1,0,0,1,77.1
Combination,25-34,9.132625408642305,Low,2136.824726270507,High,29.592191881374937,1,0,1,1,72.5
Dry,18-24,6.245762921596576,Medium,1424.5575896307273,Extreme,57.70133568675933,0,1,0,0,83.1
Normal,55+,5.2284924873535825,Medium,1957.3673796837036,Low,56.892309570945365,0,0,1,0,82.1
Sensitive,18-24,6.248513095404374,High,1730.8249092749759,High,78.74706760575931,0,0,0,0,90.8
Dry,25-34,6.693145604522649,Medium,2260.5129787706755,Moderate,31.38486512815188,0,1,0,0,83.0
Normal,18-24,8.03236142623801,High,2051.4699036919665,Moderate,26.915907397679216,1,0,0,1,72.9
Dry,25-34,8.010325368023368,Medium,2565.155405168494,Low,71.32647348736957,0,0,0,0,98.3
Oily,25-34,4.931424089056508,Medium,1629.9793586375133,Low,63.81587009385726,0,0,0,0,89.5
Combination,18-24,5.573731998311395,Medium,1903.789918860095,Moderate,58.376691206411806,0,0,0,0,90.8
Combination,25-34,6.015106610918765,Medium,1467.9429229281736,Moderate,78.14391543490943,1,0,0,0,82.8
Sensitive,25-34,7.526739537045344,Medium,1979.0985333734059,Extreme,73.54243593109409,0,0,0,0,96.4
Dry,55+,5.109988153521616,Low,1231.7094916566034,Moderate,40.74895313088919,0,1,0,1,73.8
Oily,18-24,6.089009634373454,High,2160.74228292503,Moderate,62.94973473474056,1,0,0,0,79.8
Combination,25-34,5.610884405882078,Medium,1972.2702073345733,Extreme,61.26172924355847,1,0,0,0,81.3
Normal,55+,8.412623283046557,High,2077.592369023965,Moderate,61.88887554084125,0,0,1,0,86.2
Dry,35-44,7.792391140996656,Medium,2394.067321847082,Low,37.92339735460163,0,0,0,0,94.2
Dry,55+,8.35557754157488,Low,2112.4012446478123,Moderate,25.523335456783997,0,0,1,1,80.5
Normal,55+,9.008016961349583,Medium,1361.6112318080422,Low,72.00399323424924,0,0,1,1,82.9
Oily,25-34,6.04152485736638,Medium,1722.0636122298524,Extreme,46.28998110533021,0,0,1,0,82.2
Combination,35-44,5.218890767719477,High,1959.909214284878,Moderate,11.420060807853602,0,0,0,0,82.5
Combination,18-24,5.22855457322947,Medium,1835.9502649961873,Low,15.716016540377915,0,0,0,0,85.7
Normal,25-34,3.7428386524117396,Low,1897.0209803225662,Low,17.036857718296346,0,0,0,0,85.0
Normal,45-54,6.311849755500711,Medium,2810.7262540760175,Moderate,86.68311872708477,0,1,0,1,81.9
Oily,25-34,5.923666077752393,Medium,2050.17772304338,Moderate,48.79057351790023,0,0,0,0,90.8
Combination,35-44,8.181330110207572,Medium,2191.1298082741587,Moderate,60.88388239748743,0,0,0,0,96.8
Normal,35-44,7.0253713257649055,Medium,995.5992522146595,Moderate,51.16875727685756,0,0,0,0,91.2
Combination,25-34,5.76450733348609,Low,2373.002326116434,Low,23.530729242408082,0,0,0,0,90.6
Normal,45-54,6.826001910759121,Low,3425.9809397792014,Low,78.9949385099548,0,1,0,1,85.4
Dry,25-34,4.941539774427854,Medium,2672.827068142561,Moderate,66.30818505723664,1,0,0,1,74.9
Oily,18-24,8.53810985612693,Low,1779.9049080439013,Low,32.38731966113714,0,0,0,0,95.9
Combination,45-54,5.821126655785737,Medium,3140.5287118196075,Extreme,95.05141309636952,0,0,1,1,82.4
Oily,25-34,4.790103092096157,Medium,2013.7481832977696,Low,68.62322477287015,1,0,0,0,80.5
Dry,35-44,8.226822950061205,High,2153.2731382607,Moderate,38.654125078443656,0,1,0,0,83.6
Oily,25-34,7.361246312545777,High,1866.2818921060918,Low,42.81728419170899,1,0,0,0,79.7
Combination,25-34,3.914471932161483,Medium,1853.340565897361,Low,40.80100173658468,0,0,0,0,85.6
Combination,45-54,8.282502452065334,Medium,875.9524036144651,High,67.80983465014143,0,0,1,1,80.1
Normal,25-34,5.387611041358915,Medium,2393.7470159432287,Moderate,14.28415963095211,0,0,0,0,87.0
Combination,25-34,5.93884320865412,Low,1851.5008962637241,Moderate,32.373850354413676,0,0,0,0,90.8
Dry,18-24,7.280530161540906,Low,1905.9696560631437,Low,69.85993761402078,1,1,0,0,79.4
Normal,45-54,7.879937323925232,Medium,2136.6688220692345,Low,20.32851417169811,0,1,1,1,69.1
Oily,18-24,7.66821876203129,High,1792.7108828495443,Moderate,45.05634040196877,1,0,0,0,80.4
Normal,45-54,6.925272503640996,Low,2131.913388601499,High,29.34328530371924,0,1,0,1,78.0
Combination,25-34,5.863035006626134,Medium,2601.530254722791,Low,72.83007605431986,1,0,0,0,84.2
Combination,35-44,7.6183310403481705,Medium,2202.4066768475086,Moderate,68.58268702754181,0,0,1,0,88.5
Normal,45-54,6.822418243983658,High,1923.251431577622,High,23.30743641492831,1,1,1,1,53.8
Dry,18-24,9.708031688688886,Low,1938.2524480586635,High,23.939447095504512,0,1,1,0,81.7
Combination,25-34,7.379613514954853,Low,2100.296789538877,Low,50.34786554180856,1,0,0,0,86.0
Sensitive,35-44,5.614876562514468,High,1583.924851169884,Moderate,17.32455319304217,0,0,1,0,75.1
Dry,35-44,6.283600072939523,Low,2103.929850637959,High,32.496708105929216,0,0,0,0,92.0
Sensitive,25-34,6.572288265889744,Medium,2342.2854462369673,High,44.40069532018295,0,0,1,0,84.3
Dry,35-44,8.949146822605682,Medium,2043.7580480553804,Low,92.12095948595974,0,1,0,0,93.2
Oily,35-44,9.116657513668203,Medium,1787.9335510333126,Moderate,45.58328861239169,1,0,0,0,86.4
Combination,45-54,6.405797919451653,Medium,1856.4482400850377,Extreme,76.48447534053146,0,0,1,0,86.2
Oily,35-44,5.599548675115836,High,2326.0844201549344,Moderate,48.176528778049274,1,0,0,0,77.7
Oily,25-34,4.907753538190719,Low,1449.9118977081716,High,68.61355500414899,1,0,0,0,81.6
Oily,55+,7.37864313582367,Low,1591.7714280768546,Low,11.194687344503173,0,1,1,0,75.1
Combination,25-34,9.95567646382624,Medium,1196.5494931096214,High,31.91816960977872,1,1,0,1,70.5
Combination,18-24,7.808641156382653,Medium,2016.9993496699017,Moderate,47.267056347889195,0,0,0,0,94.4
Oily,25-34,4.109131209973989,Medium,2430.9438378706113,Low,54.44592455704798,0,0,0,0,88.5
Oily,18-24,5.910993845130998,High,2665.7409132287617,Moderate,58.09466977205938,1,0,0,0,80.0
Oily,18-24,6.064128697232631,High,2774.332921597361,Low,54.817648153816144,1,0,0,0,80.2
Dry,25-34,5.266996219827638,Low,1654.762928904391,High,62.64882024339099,0,1,0,0,84.1
Oily,18-24,6.418159262598669,Medium,2125.015482755825,High,49.710003652429776,1,0,0,1,75.1
Combination,35-44,7.554092291529913,Low,1798.8438294079822,Moderate,64.35115702659674,0,0,0,0,97.1
Oily,18-24,8.02297175398397,High,2823.82197611256,Moderate,24.669923344376055,1,0,0,0,81.2
Oily,18-24,8.637645236374965,Medium,2651.7231500529024,Moderate,9.548416585339389,1,0,0,0,83.5
Normal,18-24,7.786303859570767,Medium,2084.03571948863,Low,22.053546319837064,0,0,0,0,91.9
Oily,18-24,4.068774639506739,High,1690.3221268943712,Moderate,7.824809222399047,1,0,0,1,62.3
Sensitive,25-34,4.91404311870303,Medium,500.0,Low,70.61094399776727,0,0,0,0,87.9
Oily,25-34,6.262858944711213,Low,1283.2000912416954,Low,73.47730603316458,1,0,0,0,84.4
Normal,55+,7.220919783651219,Medium,1073.8536207461948,Extreme,26.303381492067484,0,1,1,1,66.2
Oily,45-54,8.292127539814386,Medium,1276.8837150478998,Low,85.21265126516948,0,0,1,0,89.7
Oily,45-54,7.064776264325159,Medium,2939.4238089559644,Moderate,71.29481461556321,0,1,1,1,74.1
Normal,18-24,7.076060880795511,Medium,1352.4792932941377,High,36.15628062941566,0,0,0,0,90.5
Oily,25-34,6.856696044708589,Low,1469.528502580824,Moderate,41.26526691516253,0,0,0,0,92.8
Dry,18-24,6.617467391828197,Medium,1539.7379338419728,Moderate,77.88701076967581,1,1,0,1,69.1
Dry,35-44,7.130327709816718,Medium,3299.272364488167,Low,1.9066872090099167,0,1,1,0,75.0
Oily,18-24,8.688748268517626,High,1968.7738861044277,Low,77.7854881153407,0,0,0,0,96.1
Oily,25-34,6.374133651823995,Low,2497.1021330521307,Moderate,72.4005139263314,1,0,0,1,80.0
Sensitive,18-24,6.954680909823575,Low,2087.697705761263,Moderate,50.269328553861705,0,0,0,0,95.1
Oily,18-24,6.9496218928492155,Medium,1007.7954911999963,Low,47.67863319757444,0,0,0,0,90.7
Oily,55+,8.946660720686753,Medium,2766.319733824769,Moderate,90.66954720438083,0,1,1,0,86.5
Oily,35-44,5.337920009755837,Low,2200.548375670322,High,27.25289249156919,0,0,0,1,82.8
Oily,45-54,9.663770342186794,Medium,1939.143510492383,Low,55.448988438608524,1,1,1,1,65.8
Combination,25-34,4.7354272182267305,High,2880.0637321724635,Low,66.1808340477355,0,0,0,0,88.8
Oily,45-54,6.018669608008361,Medium,1826.7255311451142,Low,65.24265789279269,0,0,0,1,85.2
Combination,35-44,8.11710740457298,Medium,1927.7924176216077,Moderate,61.301388228472774,0,0,0,0,96.2
Normal,45-54,8.545475043210507,High,1827.4486397023732,High,100.0,0,0,0,1,90.7
Oily,25-34,4.394751474502268,Low,2538.145642656503,Low,22.295445916018426,0,0,0,0,88.1
Combination,25-34,4.860947205129371,Medium,2406.9114660117675,High,23.41608079661142,0,0,0,1,79.9
Oily,35-44,7.416764214207772,Medium,2139.3094309309504,Moderate,0.0,0,0,1,0,81.1
Dry,25-34,10.0,Medium,1474.1162262437601,Moderate,23.033370472862487,0,1,0,0,87.3
Oily,45-54,8.869394171498021,High,1814.88320276207,Low,43.37300280202665,1,0,1,1,67.7
Combination,55+,6.627854425552284,Low,1473.9578663826328,Moderate,57.99653930535605,0,0,1,1,79.0
Normal,25-34,3.0,Low,2580.1839108585705,Extreme,73.99377966705119,0,0,0,0,90.6
Combination,25-34,6.6224641016317385,High,1212.6363208136981,Extreme,25.901961196841192,1,1,0,1,60.3
Normal,25-34,7.043445205469831,Low,2797.185594082227,Moderate,46.43315046510128,0,0,0,0,96.3
Combination,45-54,6.425957288375795,Medium,2643.8264386995975,Moderate,94.89815480698391,0,0,1,0,89.6
Oily,35-44,5.723914014180107,Medium,1540.7355546824872,Low,55.31258532955307,1,0,0,1,73.1
Combination,18-24,7.238747890482083,High,1791.75786818007,Extreme,62.96752485779716,1,0,0,0,81.4
Oily,25-34,5.086608209159059,Medium,1643.7847977828733,High,78.02186152235907,1,0,0,0,81.3
Sensitive,18-24,9.808672991213086,Medium,2215.11689884921,Moderate,41.75285639178588,0,0,0,0,98.2
Normal,35-44,9.275117196300727,Medium,2706.2241133436623,High,31.666430134427113,0,0,1,0,89.1
Normal,25-34,7.486868947389142,High,2592.8096581695786,Low,90.52584348503206,0,0,0,0,96.2
Oily,25-34,6.634565853678975,High,1783.5347632922544,Low,64.48033602279496,1,0,0,1,73.3
Normal,35-44,6.00975387007966,Low,2627.4035338722306,High,26.825642940684347,0,0,1,0,84.0
Normal,18-24,6.968819224163648,High,2585.9110172306355,Moderate,23.583481753249906,1,0,0,1,71.5
Sensitive,18-24,9.458945702810915,High,1905.5830456230533,Moderate,59.990730462630175,0,0,0,0,95.7
Sensitive,25-34,7.802981087654942,Medium,1995.2707610385412,Moderate,99.84117045690151,0,0,0,0,99.6
Oily,18-24,7.305538417714689,Medium,2770.857042323386,Low,74.54333593379145,1,0,0,0,87.6
Sensitive,25-34,7.885961501251392,Medium,2529.180940123178,Moderate,91.67661216960131,1,0,0,0,90.0
Dry,55+,7.818415995071242,Medium,2612.3919922546174,Moderate,39.089375122864695,0,1,1,0,78.8
Oily,45-54,7.594416309830308,Medium,3292.692056025051,Low,59.80851373911183,1,0,0,1,80.8
Combination,45-54,8.470844888487303,Low,2273.633508156186,Moderate,40.04123323630841,0,0,0,1,90.5
Dry,45-54,7.775541467237137,Low,2162.8323604553943,Moderate,49.60858834177529,0,1,1,0,80.8
Sensitive,25-34,7.787827205155068,Low,2678.9687306628302,Extreme,36.929755468291845,0,0,1,0,88.6
Oily,25-34,6.742080574451764,High,2993.9104557335027,Low,28.202351620155856,1,0,0,0,79.3
Dry,18-24,6.618811265214845,Medium,1694.3030347420693,Moderate,31.84621646309102,0,0,0,0,89.8
Normal,45-54,6.177755681589777,Medium,1899.0707394066862,Extreme,56.3724947948455,0,0,0,0,91.8
Normal,35-44,5.999035591793562,High,1490.7146897264556,Low,70.51746456613732,0,0,0,0,89.0
Normal,18-24,4.592244336337702,Medium,2171.3749872055837,High,91.65719713394427,0,0,0,0,92.7
Sensitive,25-34,5.132090079782503,High,2444.629301912036,Low,55.86247142105045,0,0,0,0,87.7
Combination,25-34,5.088719705626728,Low,1525.561357682715,High,64.69833145634767,0,0,0,0,91.7
Combination,25-34,5.738982206023946,Medium,2566.8977601108354,Moderate,45.519501704639815,1,0,0,1,74.2
Dry,45-54,9.343366315957436,Medium,1773.3365437145808,Extreme,84.07187528153233,0,1,1,1,77.6
Oily,25-34,6.263657066669334,Low,1732.6046230844702,Low,18.617367264242368,1,0,0,1,72.9
Normal,45-54,7.362650334826465,Medium,2564.969126611884,Moderate,46.61067478291539,0,0,0,1,87.5
Oily,25-34,6.909979466767891,Medium,1687.429720881563,Moderate,66.57116732989384,1,0,0,0,83.9
Oily,35-44,9.381371369263551,Medium,1298.2507613884454,High,74.53928310105525,0,0,0,0,98.8
Combination,45-54,6.1366218192320625,Medium,2371.8285549545253,Low,74.99867014298113,0,0,0,0,94.5
Dry,45-54,6.666216879612907,Medium,1934.1488515534259,Low,95.23105261220373,0,1,0,0,88.7
Normal,18-24,6.840700942338725,Medium,2599.0294165885116,Moderate,6.657067121946788,1,0,0,1,72.5
Normal,18-24,8.704802283662152,Low,2416.495335381735,Moderate,18.63887331645568,1,0,0,1,79.1
Normal,25-34,8.516158540631682,High,1125.850819609183,Moderate,64.03138417265578,0,0,0,0,92.7
Oily,25-34,7.211875729540917,Medium,2657.76721169446,Low,70.33530437505328,1,0,0,0,86.8
Sensitive,35-44,8.84936406109282,Medium,2949.874976423477,High,91.3773216578746,0,0,1,0,94.7
Dry,45-54,7.266491494703484,Low,2516.801754632116,Moderate,100.0,0,1,1,1,78.6
Combination,18-24,6.7410951285747664,Medium,2536.930211773518,Low,27.10315028651192,0,0,0,0,91.3
Oily,25-34,8.268086129878434,High,1876.1639595461227,Low,59.23017946059369,1,0,0,0,83.2
Oily,18-24,7.731426512850696,High,1761.6523231827002,Low,48.22775078841553,0,0,0,0,90.8
Normal,45-54,5.896704001138627,Medium,2106.2223475130945,Moderate,75.53453858855933,0,1,0,0,85.6
Combination,55+,8.496131407186526,Low,2459.9526790102627,Moderate,59.3955909062765,1,0,1,1,74.9
Combination,25-34,6.18726105346958,Medium,2447.366804059824,Moderate,37.05993231041607,0,0,0,0,91.0
Normal,18-24,6.503764715913693,Medium,1781.1086761974148,Extreme,59.69504027910647,0,0,0,0,92.5
Dry,35-44,8.339506552299568,Medium,1730.4204507521954,Low,62.08672444040389,0,0,0,0,96.3
Oily,35-44,6.86675178873263,Medium,1254.9232768081465,High,63.2048909065201,0,1,0,0,84.6
Dry,25-34,7.083437804060434,Medium,2323.4599626777463,High,78.34453521016499,0,0,0,0,96.6
Sensitive,45-54,7.9929093761062,Medium,1805.1093629789964,Low,100.0,0,1,1,1,76.6
Dry,55+,5.8255853810914235,Low,1849.4776014432543,Extreme,2.1552457185717984,0,1,1,1,64.6
Dry,25-34,7.077275847023303,Medium,2863.937589888753,Extreme,82.22103498863235,1,0,0,1,81.1
Normal,25-34,8.524209657892435,High,2299.1944533921946,Moderate,66.0618497532409,1,0,0,1,78.3
Normal,25-34,5.065299284390585,Medium,2161.4493430845705,Moderate,31.458146493220944,0,0,0,0,87.6
Normal,25-34,7.174863333246842,High,2415.098645237842,High,40.93550817357804,0,0,0,1,83.3
Normal,25-34,5.255798398129569,Medium,2710.30700372124,Moderate,72.05157090347384,0,0,0,0,93.1
Combination,25-34,8.032096525760597,Medium,1191.2596199174673,High,51.26339198874913,1,0,0,1,76.6
Combination,18-24,8.517858375624657,High,1717.185781525778,Low,48.77509136037017,0,0,0,0,92.3
Normal,25-34,5.968516489626352,Medium,1883.932600711655,Low,32.833633927751556,0,0,0,0,89.0
Combination,18-24,10.0,Medium,1510.8290338482302,Low,31.02264514195433,0,0,0,0,96.1
Normal,25-34,8.159937963705927,Medium,1867.3892135030078,Moderate,25.857610247408136,0,0,0,0,92.6
Oily,35-44,8.060393477704254,High,1224.4325493131805,High,47.25216392543145,0,1,1,1,67.3
Oily,35-44,7.975916344159203,Low,2461.0896301495222,Moderate,56.787080295170504,0,0,0,0,98.6
Oily,25-34,7.975890363809336,Medium,1741.2477046327842,Moderate,58.86143258751314,1,0,0,0,85.3
Oily,25-34,5.00653638913376,Medium,2100.4781989430867,Moderate,29.424000552938995,0,0,0,0,87.2
Oily,45-54,7.291911397691536,Medium,2025.6543098285963,Low,78.88792789377527,0,0,1,0,88.5
Oily,25-34,7.074785578065991,Medium,2278.7097005620144,High,27.302053246683112,1,0,0,1,74.4
Sensitive,55+,6.39979590504616,Medium,769.5552124140609,Moderate,84.22237920794569,0,1,1,0,76.8
Normal,25-34,7.197192904165949,Low,2225.131860528984,Extreme,28.349735154304263,0,0,1,0,85.7
Normal,35-44,8.84754145065101,High,1862.4541399103437,Moderate,100.0,0,0,0,0,98.4
Normal,18-24,6.36734636835114,Medium,2203.431963607347,Moderate,66.20800531798457,1,0,0,0,83.8
Dry,35-44,6.9183635494430415,High,1410.2733961308281,Extreme,81.02566995826768,0,1,0,0,83.8
Normal,45-54,5.769122056219083,Low,2206.837035169903,Low,55.69995078473184,0,1,1,0,77.5
Combination,45-54,4.3195164852838115,Medium,2649.2559298621063,Low,75.17786231962437,0,1,1,0,75.5
Dry,55+,8.168398270780767,Medium,2094.8831298995847,Moderate,18.696044234188534,0,1,1,1,69.4
Dry,25-34,6.461399307741129,Medium,1641.379586684025,Moderate,25.59867373920333,0,0,0,0,88.8
Dry,25-34,6.5713691257291815,High,1663.2343035333433,Moderate,42.31624873118724,1,1,0,0,69.7
Normal,25-34,5.019839572739709,Low,2288.12065044762,Low,87.9473666780554,1,0,0,0,85.4
Normal,25-34,6.221744706445714,Medium,2284.8221560965403,Extreme,75.16426801197333,1,0,0,1,77.5
Oily,18-24,8.644890683773184,Medium,2178.270991363376,High,0.0,0,0,0,1,84.6
Dry,45-54,7.00123200516919,Medium,1981.237485002872,Low,35.34836029700439,0,1,1,1,68.5
Oily,45-54,7.043775637083119,Medium,2101.4799876755455,Low,57.83024176771673,0,1,0,0,86.1
Normal,25-34,6.811292416795133,Low,1967.5454583981436,High,81.40823646809594,0,0,0,0,97.7
Sensitive,25-34,4.645426807390316,Medium,1809.5594803667864,Moderate,71.10472568309505,1,0,0,1,73.0
Normal,18-24,7.937380696153536,Medium,2378.7384550767906,Moderate,0.0,0,0,0,0,90.6
Combination,35-44,5.1172028276262544,Medium,2155.058420570553,Low,30.683635052126508,0,0,0,0,87.6
Combination,25-34,5.090576628081461,Medium,2645.2708309611344,Low,68.00172306951292,1,0,0,0,82.3
Oily,45-54,5.426177846489253,Medium,2558.432690092016,Moderate,65.1024332538074,0,0,1,1,77.5
Normal,35-44,6.737162550054181,Medium,2138.740266172022,Moderate,63.37299623792747,0,0,1,0,86.1
Normal,35-44,6.471320944693214,High,2297.6903165981566,Low,87.79940026008998,0,0,0,0,93.3
Dry,25-34,6.498162442537618,Medium,1521.4063676320593,Extreme,41.34573793397118,1,1,1,1,57.2
Dry,18-24,5.642115760335335,Medium,1961.2052610193757,Low,67.47003439086149,0,0,0,0,92.0
Combination,45-54,8.508242980459567,Medium,2171.331415042152,High,100.0,0,0,0,1,94.4
Sensitive,35-44,8.251041353089496,Medium,1208.6319723629758,Moderate,80.61098633014879,0,0,0,0,97.0
Dry,55+,6.739279730662419,Medium,2214.7110301595685,High,27.64055904279447,0,1,1,1,67.7
Normal,25-34,5.782449925118093,Medium,1520.386512708532,Extreme,39.337303488681385,0,0,0,1,81.5
Oily,35-44,6.130963759982201,Medium,1575.2080547357507,Low,37.41912635822489,0,0,0,0,89.2
Combination,18-24,6.534782507483981,Low,1735.2572214173545,Moderate,0.0,0,0,0,0,88.5
Oily,35-44,4.899632156873235,Low,1984.7466668796712,Low,40.23627912394846,0,0,0,0,89.8
Normal,35-44,5.560589031682239,Low,1335.9857214842698,High,75.88758861789135,0,1,0,0,85.4
Combination,35-44,8.29018058797745,Medium,2428.321737306914,High,60.23492676073006,0,0,0,0,97.5
Oily,35-44,7.452718729113803,Low,2088.7091196810907,Moderate,93.97180319646307,1,0,0,0,90.5
Sensitive,18-24,9.451411728964796,Medium,2962.489515280256,Moderate,68.59809136257311,0,0,0,0,100.0
Dry,55+,6.551207274746018,Low,2150.0402277599583,Low,72.09036079447095,0,1,1,0,80.6
Normal,55+,6.4577301593396985,Medium,2285.4025889514974,Moderate,6.008275771448659,0,0,1,1,73.1
Sensitive,18-24,6.388151613184528,Low,1573.0678661236843,Moderate,54.034292155455525,0,0,0,0,93.3
Oily,45-54,6.5212532751727466,Medium,1409.0948544433586,Low,53.276195572168966,0,1,1,1,68.2
Oily,25-34,5.510068980280103,High,2309.5780612085837,Moderate,29.363855934529635,1,0,0,0,75.6
Oily,35-44,7.4064823220308,Medium,1453.3550172466232,Extreme,98.14368592358518,1,0,0,0,87.5
Normal,25-34,6.543656100722617,Medium,2320.9247427761575,Moderate,1.7517180056372368,1,0,0,0,77.9
Oily,55+,6.235128247242591,Medium,2853.2622361057497,Low,47.15299628950809,1,0,1,0,74.9
Normal,18-24,8.876723369528353,Low,2472.884343121865,Moderate,78.31276686164178,0,0,0,0,100.0
Oily,25-34,9.344874383729461,Low,2285.223308117687,Extreme,69.0839438651998,1,0,0,0,92.2
Oily,25-34,8.2498658083601,Low,2134.74855490471,High,40.50475035176659,1,0,0,1,79.8
Combination,25-34,7.337186019625093,Low,1808.020020394142,Low,27.49950707108332,1,0,0,0,83.0
Combination,35-44,8.142654589395661,Low,1942.7194304934253,High,87.27502670899631,0,0,0,0,100.0
Normal,18-24,9.784623276739502,Medium,1717.2856631359552,High,36.972433627933995,0,0,0,0,96.7
Oily,35-44,8.140478973639135,Low,1342.2978911830962,Extreme,39.23705248457979,0,0,1,0,86.9
Oily,55+,6.122221221101073,High,2017.7136712908,High,75.00202633847144,1,1,1,0,64.8
Normal,45-54,7.588408789975823,High,2553.9445307776505,Low,67.68446153117534,0,1,1,1,71.1
Combination,45-54,7.939366399094976,High,1355.6007429644576,Moderate,51.19947769173689,1,1,0,0,72.7
Combination,25-34,5.007924088946121,Low,2699.248216401663,High,58.130427601015704,0,0,0,0,93.2
Normal,25-34,6.072603772035233,High,2608.592116430789,Extreme,61.12831077299248,0,0,0,0,90.5
Oily,25-34,8.1505877360832,High,2198.4994120059478,Low,48.656325309379454,1,0,0,0,82.6
Normal,18-24,4.264760897425621,High,2202.522674137199,Moderate,53.84315105658694,0,0,0,0,85.3
Dry,45-54,5.124357182439109,Medium,1906.876800244893,Moderate,5.933061173640546,0,0,1,0,76.7
Normal,18-24,6.735389419557508,Medium,2021.0083016676429,Moderate,47.359987109586356,0,0,0,0,92.2
Sensitive,45-54,7.530519393258556,Low,1768.207263184368,Moderate,59.00996031283813,0,1,1,0,80.5
Combination,18-24,4.963551332576639,Low,2015.8190387895863,Moderate,30.016553929427587,1,0,0,0,79.0
Oily,45-54,6.809816122501088,Low,2069.9130805687537,Extreme,42.88304260058483,0,1,1,1,71.0
Dry,18-24,8.73065280863285,High,2940.622000175703,High,37.58401298264065,0,1,0,0,86.1
Sensitive,18-24,7.102977185611426,Low,2282.8080221893497,High,57.57142254710422,0,0,0,0,96.5
Dry,35-44,8.408633415446696,Low,1895.298465752961,Moderate,64.1517166795632,0,1,1,0,83.0
Normal,25-34,5.611828817997495,High,1950.5466566148236,High,31.661752418449428,1,0,0,1,68.3
Oily,35-44,5.785124714816227,Low,1643.3708658415428,Low,72.95215557483357,0,0,0,0,94.2
Combination,25-34,7.773310745427571,High,1725.7854379406667,Low,68.39662173681634,1,0,0,1,75.8
Dry,18-24,7.553898301984285,Medium,2455.3478458714576,Extreme,68.14017841851305,0,1,0,0,88.8
Dry,45-54,5.221605988338311,Low,1753.016449584678,Moderate,83.37835409978582,0,1,1,1,71.3
Combination,25-34,5.298738625755817,Low,1691.232026642695,Low,35.79108413025408,0,0,0,0,89.6
Combination,35-44,9.346871861586122,Medium,1703.743701984947,Extreme,53.23253539519816,0,0,1,0,89.4
Sensitive,25-34,5.113167170796026,High,1635.4104739116708,Extreme,71.16499788845202,0,0,0,0,87.6
Normal,35-44,8.401493120088997,High,2563.5925376717596,High,49.376294551185126,0,0,0,0,93.9
Dry,25-34,5.78271995414945,Medium,2071.3515379309924,Low,21.037625762513773,0,0,0,0,87.8
Combination,18-24,6.995236214849303,Medium,1858.8426877492457,Low,37.441004751633095,0,0,0,0,91.5
Combination,25-34,6.9418889314150585,Medium,2014.6408199283528,Moderate,90.86727291590294,1,0,0,1,80.0
Dry,25-34,3.3485281842506023,Medium,2108.645254862338,Moderate,31.42094546455627,1,1,0,0,66.1
Normal,25-34,4.305923996859051,Medium,1626.3532394617241,Extreme,30.156364883964358,1,0,0,1,67.9
Combination,35-44,7.129499528180744,Low,1305.2021963178927,Extreme,46.32697866300738,0,0,0,1,86.5
Combination,35-44,5.91353865432418,Medium,2669.251359069297,Extreme,73.92296718124217,0,0,0,0,94.6
Normal,18-24,8.494871942911933,Medium,2494.0118716282286,Low,58.7003352719194,0,0,0,0,97.8
Oily,25-34,4.090818678697813,Low,2188.9012969318183,High,67.65595837349281,1,0,0,1,74.3
Normal,25-34,7.347882584386981,Medium,2459.5969683310514,High,100.0,0,0,0,0,99.6
Oily,18-24,4.9356681693935105,Medium,2957.1820242154636,Moderate,70.52631066314484,1,0,0,1,75.8
Normal,18-24,6.471842508783357,Medium,1732.2981484219108,Low,72.48755941987935,0,0,0,0,93.7
Oily,18-24,5.403433353643054,Medium,1439.982971265469,High,100.0,0,0,0,0,93.7
Dry,55+,9.853644820706798,Medium,2330.758310638824,Low,62.23901267592097,0,1,1,0,84.6
Dry,35-44,4.990761755544947,Medium,1266.587015030715,Extreme,50.2027758261475,0,0,0,0,87.5
Dry,18-24,6.816910456946465,High,2018.9863269365896,Low,42.42832445532751,0,1,0,0,80.9
Combination,18-24,4.409745777969772,Medium,1850.7842918196216,Moderate,76.4199365460303,1,0,0,1,73.2
Oily,35-44,9.399355183105884,Medium,2336.943892204382,Extreme,28.70541337868405,0,0,0,1,89.3
Normal,25-34,7.101923624265808,Medium,1758.862601121386,Extreme,1.3351858174065327,1,0,0,1,70.9
Combination,35-44,7.205459634398002,Medium,2599.8848888517414,High,39.47337019484013,0,0,1,0,85.6
Normal,45-54,9.211469408937589,Low,1626.5582472343851,High,80.49645220038886,0,0,1,0,93.7
Sensitive,25-34,6.721133662133918,Medium,2352.9003306860177,Extreme,79.81815623016402,0,0,0,0,96.1
Combination,18-24,7.329357034211615,Medium,1666.7931446692908,Extreme,46.00018528620047,0,0,0,0,92.6
Dry,35-44,7.197587932097727,Medium,2274.2272476124363,Moderate,86.72971468545529,0,1,0,0,89.6
Sensitive,55+,7.845451488164679,Medium,1492.6771066528147,High,80.20739274654606,0,1,1,0,80.7
Normal,25-34,5.761337924118106,Medium,1987.943078414291,Moderate,58.599375651299184,0,0,0,0,91.4
Oily,35-44,6.678569038955001,Low,2661.0457950804143,Moderate,59.568237925380195,0,0,0,0,96.6
Dry,25-34,7.715501942686169,Medium,2057.502600070871,High,72.4087968270463,0,1,0,0,88.8
Oily,25-34,6.9160594273368226,Medium,2591.538590558824,High,68.88273366121285,1,0,0,0,85.9
Sensitive,35-44,6.8286341288468115,Medium,1986.8627600362913,High,68.17360053242813,0,0,0,0,94.4
Normal,45-54,4.8992164134539316,Medium,1747.475369844928,Low,80.33528136724584,0,1,1,0,75.3
Dry,35-44,9.247075426804892,Low,2085.9912472812252,Moderate,43.65699726833711,0,0,0,0,99.0
Dry,35-44,6.007818835073844,Medium,2309.198327941651,Moderate,65.87197454471634,0,0,0,0,93.2
Dry,18-24,8.480855857628885,Medium,1047.2300561659213,Moderate,60.01010844107469,0,1,0,0,87.1
Oily,18-24,7.2636304775321285,Medium,2261.1425221793397,Moderate,41.62447690331463,0,0,0,0,93.2
Oily,25-34,4.559824215905195,Medium,1530.0824135860003,High,53.352651630591396,1,0,0,0,77.5
Combination,18-24,8.878413216295922,Medium,1405.78110851965,Low,65.20101748976906,0,0,0,0,97.1
Normal,35-44,7.381810969599309,Medium,2269.2883334142175,Low,32.93917018090744,0,0,0,0,92.6
Combination,25-34,8.503018035105564,Medium,2669.2514637397358,Extreme,54.5999534262334,0,0,0,0,97.8
Dry,35-44,6.726386948896121,Low,2108.2030924064093,Extreme,100.0,0,1,0,0,91.7
Combination,45-54,8.056076844950582,Low,1322.2963240734507,Low,39.34163397967779,0,0,1,0,86.7
Combination,25-34,3.8562093329824787,Low,1664.7197448554855,Moderate,75.74924124442666,1,0,0,0,80.6
Oily,18-24,6.249676204609364,High,1790.866412570442,Low,47.6088150367581,1,0,0,0,77.8
Dry,35-44,5.090510001653092,High,2098.048470114368,High,89.57478864789248,1,1,0,0,72.3
Combination,55+,6.437824224942412,Low,1964.060075831853,Moderate,31.91395787999745,0,0,1,1,77.0
Oily,35-44,7.707717609259218,Medium,2247.614901721753,Moderate,60.151671782916054,1,0,0,1,78.9
Sensitive,18-24,6.093129868518782,High,2499.9864153214667,Moderate,100.0,0,0,0,0,94.2
Oily,18-24,8.295763140458172,Medium,2172.3722890954773,Moderate,45.66991405552395,1,0,0,0,85.5
Normal,25-34,5.2150810346749825,Medium,2449.0403462890517,Low,65.83549492534988,0,0,0,0,91.9
Oily,18-24,8.327854920474968,Low,1865.1448444876448,High,64.86312388240005,0,0,0,0,98.9
Sensitive,45-54,8.964635748811054,Low,3647.9522299637756,High,24.28652836326014,0,1,1,1,76.7
Oily,45-54,8.520289202636478,Medium,2276.590296918127,High,71.15570901766202,1,0,0,1,81.7
Combination,25-34,5.983716422255341,Medium,2342.0243157268196,Extreme,19.06174239150033,1,0,0,0,78.6
Combination,25-34,3.3118196030837854,Medium,2878.8404051939183,High,65.82255899324696,0,0,0,0,89.0
Oily,18-24,7.873250495106022,Low,2044.0894014293879,Low,52.94286062680108,1,0,0,0,87.1
Normal,45-54,6.812147927927044,High,1677.245844299857,Low,32.121564506397824,0,0,0,0,87.2
Combination,25-34,5.03241058980897,High,2653.2170229594694,High,20.23867771103905,1,0,1,1,59.4
Oily,35-44,6.165581402694384,Low,2682.5714833006305,Low,58.181066967054846,1,0,0,0,85.5
Combination,25-34,8.651637974667203,Low,2076.7531525289573,Moderate,100.0,1,0,0,0,93.5
Oily,35-44,5.293989699084769,Medium,2879.8137689221016,Low,100.0,1,0,1,0,78.3
Oily,25-34,7.202463763431818,Low,1958.3570953774386,Extreme,58.98858164085733,1,0,0,0,86.2
Combination,25-34,6.826937263456106,Low,2466.141474561574,Moderate,62.88295268134761,0,0,0,0,96.9
Oily,35-44,6.463918503005152,Low,2757.7661983768357,Low,75.04056301294926,1,0,0,0,87.9
Oily,25-34,7.46679903096957,High,2049.1645077114076,Extreme,36.638743100950336,1,0,0,0,79.7
Oily,25-34,8.948367888348297,High,2228.3990549181067,Moderate,32.68447470029568,1,0,0,0,82.6
Oily,18-24,6.5560427441707025,Low,2513.00755552688,Low,71.2767327192174,0,0,0,0,97.3
Dry,25-34,6.135228577884348,High,1816.9075458938928,High,34.95754246749113,0,1,0,1,71.4
Combination,25-34,7.4330973574853,Medium,1592.9241422407538,Low,86.01380704441354,0,0,0,0,96.7
Oily,35-44,8.377364232152502,Medium,2666.4909050887727,High,26.1679539250593,1,0,1,1,69.7
Dry,45-54,6.808439189277047,High,2153.3829173310464,Moderate,37.46045916161502,1,1,1,0,62.7
Dry,18-24,6.5419393958595276,Medium,1747.2052300012276,Low,85.391596589925,0,1,0,0,87.1
Oily,18-24,3.6735302189203596,High,2047.058385840367,High,42.8286881086944,1,0,0,1,65.7
Oily,18-24,5.83298663145017,Medium,2254.266147983272,Moderate,46.93504168098012,0,0,0,0,90.9
Sensitive,25-34,4.791032491898674,Medium,1215.3503308855243,Moderate,81.13579554194207,0,0,0,0,90.1
Combination,25-34,7.5269374944678376,Low,2357.9964487920474,High,78.96930647874163,1,0,0,1,82.7
Dry,35-44,6.634145577098737,Medium,2204.223101920954,Low,75.24446288783477,0,1,0,0,87.2
Dry,18-24,6.575467591691607,Medium,2827.5495405547886,Moderate,57.18159139356726,0,0,0,0,94.5
Normal,25-34,6.486415604565528,High,1890.5043414206928,Extreme,70.01678359143501,0,0,0,0,90.8
Dry,45-54,5.6947352948119,Medium,2688.558716754129,Moderate,70.22863417781683,0,1,1,0,77.8
Dry,45-54,9.329870780033131,Low,1977.6772293340937,Moderate,87.1278772439893,0,1,0,0,95.3
Dry,55+,8.947290867544917,Low,2069.5870443296944,Low,100.0,0,1,1,1,81.0
Oily,35-44,9.427160174571531,High,2140.475624428998,Moderate,72.63338716724854,0,0,1,0,89.4
Normal,45-54,8.025125846858337,Medium,3046.626662714061,Moderate,38.50389825388414,0,0,1,0,88.0
Normal,18-24,6.955782827467094,Medium,1380.2547011862048,Low,75.9686559716331,0,0,0,0,94.3
Sensitive,18-24,9.422093954510327,High,2247.537589415434,Low,61.34398808526564,1,0,0,1,79.5
Oily,18-24,5.978549746130531,High,2021.115718628614,Moderate,58.42861918404716,1,0,0,0,78.8
Oily,35-44,5.693186531450481,Medium,1985.7324194125138,Low,69.16666430793673,0,0,1,0,84.3
Normal,45-54,6.097732727845211,Low,2291.505379635145,Moderate,45.45935633990877,0,1,0,1,78.3
Normal,18-24,7.784306900371448,Medium,2553.0005356511274,High,40.729834275680076,0,0,0,1,87.7
Combination,35-44,5.856842209918491,Medium,2265.8160432909444,Low,2.2910935072432395,1,0,1,0,68.5
Dry,35-44,6.766940517673002,High,2617.6023504980176,High,57.464245364204324,0,1,0,0,83.5
Dry,45-54,4.597217059172836,High,1874.5194036853964,Moderate,74.02001052681771,0,1,1,0,71.3
Oily,35-44,7.721646498142366,Medium,1975.7238906544858,Extreme,60.365861550725036,0,0,0,0,95.4
Combination,55+,4.724344949225337,High,1499.5644237956094,Extreme,38.49940201798442,0,0,1,1,68.3
Normal,25-34,5.101758417701957,Low,2991.4528450457688,High,59.42764983545334,0,0,0,0,94.1
Normal,25-34,8.325750702344966,Low,1906.6437654617212,Moderate,26.437254583849885,0,0,0,0,95.1
Oily,25-34,8.270477475479165,Medium,1851.392561732402,Extreme,23.550925487463044,1,0,1,1,67.6
Oily,25-34,7.061469634319747,High,2303.3313618134325,Extreme,63.14592709792158,0,0,0,0,92.0
Oily,18-24,7.413495372602846,Low,2553.539730361522,Moderate,64.52238306538473,1,0,0,0,88.4
Dry,35-44,6.203560529268611,Medium,1653.9593844410106,Moderate,72.77630687872677,0,0,0,0,93.0
Dry,35-44,5.840644504386698,High,2593.3437386139835,Low,52.48678360516181,1,0,0,0,79.1
Combination,35-44,6.45663745336393,Medium,1848.3490889003133,Low,87.33982784004928,0,0,0,0,95.3
Oily,25-34,4.229518738306523,Low,2715.309777113719,Moderate,21.906161760406306,1,0,0,0,78.1
Normal,25-34,6.878672832430495,Medium,1729.545498158222,Moderate,42.574873653776656,0,0,0,0,91.5
Oily,25-34,6.573246687212615,Medium,2367.7236623641966,Moderate,68.69523770840928,1,0,0,0,84.8
Sensitive,18-24,5.5998680999346,Medium,2021.3549099572315,Low,86.48979879720646,0,0,0,0,93.9
Dry,25-34,8.853022878262037,High,1436.8110781525286,High,30.690403560703103,1,1,0,0,72.6
Combination,18-24,7.910370565430572,Low,1292.017773683423,Moderate,100.0,0,0,0,0,100.0
Normal,18-24,8.037762706013284,High,1628.5235696886964,Moderate,46.73720151780829,0,0,0,0,91.0
Dry,35-44,6.268990110941252,Medium,2496.2784459569157,Moderate,62.19550667003037,0,0,1,0,85.8
Normal,18-24,6.998004882960515,Medium,1028.4224021169039,Moderate,74.45302658487668,0,0,0,0,93.5
Dry,55+,7.941059005281133,High,2166.9729866129574,Low,88.79839377936486,0,1,1,0,80.1
Sensitive,25-34,6.729173550650353,Low,2123.445261256992,Moderate,66.5383716680164,0,0,0,0,96.4
Sensitive,55+,9.402851177154808,Low,1158.852184235379,Moderate,94.3316433902882,0,1,1,0,86.6
Dry,18-24,6.694318645874874,High,1601.5524279892836,High,38.595925568233575,1,0,0,1,70.5
Oily,25-34,5.743159201645834,Low,1600.607572156816,Low,91.71079185547205,1,0,0,0,85.9
Sensitive,25-34,7.451379314707139,Low,2026.3457355528706,Low,65.96495635888331,1,0,0,0,87.6
Dry,45-54,5.103029091570232,Medium,2733.1678913688543,Moderate,67.86079408686217,0,1,1,0,76.5
Normal,25-34,7.886445398462168,Low,2537.4809636489126,High,41.3306373255294,0,0,0,1,90.0
Oily,25-34,4.548932299112026,High,1819.8457757839785,High,55.39968757983131,0,0,0,0,85.3
Oily,45-54,7.9578769990878255,High,1585.2912553430506,Moderate,41.74125787884984,0,1,0,0,82.3
Oily,25-34,5.527589668741006,Medium,1220.8130838603124,Moderate,48.438731072778914,0,0,0,0,88.3
Oily,18-24,7.71487622047509,Medium,1810.6957582258833,Low,50.42814524963565,1,0,0,0,84.1
Dry,25-34,7.861014419091527,Medium,1550.6063902702836,High,23.601858245946683,0,1,0,0,83.2
Oily,35-44,7.230131793255878,Low,1981.926009147243,Low,45.72054383434597,1,0,0,0,85.0
Normal,25-34,4.70056857253898,Low,2000.8719315387348,High,0.0,0,0,0,1,78.4
Dry,25-34,5.154837133239273,Low,1762.2070337680477,Extreme,18.98329358983658,1,1,0,1,62.7
Combination,18-24,5.907011288449326,Medium,1772.677909754872,Extreme,49.648509416590386,1,0,0,1,73.3
Dry,25-34,3.657489659603339,Medium,1653.1025894823858,High,73.98722296322056,0,1,0,0,80.0
Oily,35-44,8.691216788097893,High,1743.7602517282,Low,51.075003185771266,1,0,0,0,83.0
Sensitive,25-34,6.665161378634493,Medium,2717.9576753527067,Moderate,64.23584893329094,0,0,0,0,95.2
Sensitive,25-34,4.7967229322165075,Medium,2258.9040209181435,Low,94.04233996825963,0,0,0,0,93.5
Oily,18-24,9.183512286187536,Medium,2265.6751377223577,Low,70.83064838661416,1,0,0,1,83.0
Normal,18-24,5.948007849792755,High,2505.9714539966644,Low,70.46861977086598,0,0,0,0,91.0
Combination,18-24,7.375858733612307,High,2461.7612996009757,Moderate,52.980442260917684,1,0,0,0,82.0
Combination,25-34,5.262094182205697,High,2712.3821959864517,Moderate,37.746878074023556,1,0,0,0,76.7
Sensitive,25-34,3.472609770006458,Low,2294.209054758271,Extreme,74.89404012820678,0,0,0,0,91.0
Combination,45-54,4.953339161723109,Medium,2102.5722203568207,Moderate,92.06299375076435,0,1,0,1,78.3
Dry,18-24,6.327264353700353,Medium,1704.614351059848,Moderate,95.1862175854854,0,1,0,0,87.6
Dry,25-34,7.847445306809071,Low,1587.9240041090245,Moderate,100.0,1,1,0,0,82.9
Normal,25-34,7.019799720228868,High,2441.1286308648896,High,88.24245199849086,0,0,0,0,94.7
Oily,25-34,6.710307689256868,Low,1944.472511197716,Extreme,51.092300865165434,1,0,0,1,77.4
Oily,45-54,3.9849585658826774,Low,1320.0601244670906,Moderate,29.93935480567191,1,0,1,1,60.6
Dry,18-24,8.905129221520141,Medium,953.4839511965979,Low,65.04973328035616,0,1,0,0,88.2
Dry,18-24,7.335519544743334,Medium,3073.8139093907403,Low,77.41467443570781,0,1,0,0,90.6
Combination,35-44,6.82087349516176,High,1507.0318881645994,High,0.0,1,0,0,0,73.7
Oily,25-34,8.198634664983343,Medium,1656.8806413402824,Moderate,13.022347136322423,1,0,0,0,81.0
Dry,18-24,8.87124508535241,Medium,2614.038961481161,High,38.57928400678849,0,1,0,0,88.8
Normal,25-34,8.231885371413787,Medium,1395.712683334908,High,30.777601075903643,0,0,0,1,85.3
Oily,25-34,6.129370254945068,Low,2265.70500119774,Moderate,9.773574985323194,1,0,0,0,79.8
Combination,35-44,5.494785158823706,Medium,2910.98841602438,High,69.50120468304229,0,0,0,0,93.8
Dry,18-24,8.48338437571311,Medium,3056.9151438705867,High,81.02973656931675,0,0,0,0,100.0
Sensitive,25-34,4.452418335394374,Medium,1776.275857741624,Moderate,60.289830691819915,1,0,0,0,78.5
Oily,25-34,9.420885107996423,High,1993.9815535870396,Low,8.497773967821445,0,0,0,0,90.7
Oily,25-34,6.541999317791844,Medium,1801.8080634892067,Moderate,55.15713184333591,1,0,0,0,82.2
Oily,55+,5.408673616450624,Medium,1991.0248526569355,Moderate,22.25079958787161,1,0,1,1,62.0
Oily,18-24,5.152197168765085,High,2649.13578345493,Extreme,24.78449005915875,1,0,0,1,68.1
Combination,55+,5.08359276391591,Medium,1300.343762865062,Moderate,73.99343897679915,0,0,1,0,82.2
Dry,25-34,6.710544360081265,Medium,2323.9783980126203,Moderate,80.0054547828056,1,1,0,0,78.1
Combination,35-44,6.990411519910319,Low,1902.2511834553839,Moderate,52.767685608746376,1,0,1,0,77.1
Oily,25-34,4.646116739736211,Medium,2684.250540014096,Low,68.27770127033038,0,0,0,0,91.5
Combination,25-34,5.965316320166147,High,2657.709950704516,Moderate,23.143562058177736,1,0,0,0,76.6
Normal,45-54,4.948096920862986,Medium,1796.4342504394722,Low,73.22711988778346,0,1,1,0,74.8
Combination,45-54,7.883952708916259,Medium,1944.6094741323138,Low,50.40314370355766,0,0,0,0,94.7
Oily,18-24,6.91811010083093,Medium,2446.3813717165685,Moderate,16.860745858625513,1,0,0,0,80.4
Oily,18-24,6.432396241123828,Medium,2491.6604969735913,Moderate,27.3215054592215,1,0,0,1,73.6
Dry,25-34,4.567833904898709,Low,763.7553451368199,High,60.25140902638072,1,0,0,0,78.7
Sensitive,45-54,6.549766599665852,High,2444.775248076331,High,37.98494078373013,0,1,1,1,65.8
Normal,25-34,5.87790817798051,High,2823.2409461037932,Low,42.958184661310625,1,0,0,0,78.7
Oily,35-44,7.476590051814395,Medium,2127.804683056913,Low,86.71002640487231,0,0,1,0,89.9
Combination,35-44,7.250526967175441,Low,2475.088211327784,Moderate,47.67935663454122,0,0,0,0,96.2
Oily,35-44,8.188090153119013,Medium,2639.3780634341074,Moderate,21.46841075334668,0,0,0,0,93.8
Normal,25-34,5.773135184742406,Low,2110.7968546873913,Moderate,43.07504304453785,0,0,0,0,92.1
Oily,25-34,3.7093827467052582,Medium,2407.1154049376887,Moderate,66.94131907197024,1,0,0,0,78.9
Oily,55+,8.48663931489706,Low,2006.343248681621,Low,17.558165564344243,0,1,0,1,79.7
Sensitive,35-44,5.59595123042773,Medium,1973.9159241982982,Moderate,100.0,0,0,0,0,95.1
Combination,35-44,5.339624420477117,Medium,1669.2292862355928,Moderate,79.08330471603466,0,0,1,0,83.9
Dry,25-34,6.435325182329372,High,2086.5112234671046,Moderate,58.752920824193524,1,0,0,0,79.9
Sensitive,35-44,7.453405769431775,Medium,2943.4284175547514,Moderate,89.4333409400023,0,0,0,0,99.7
Oily,25-34,5.703745391427976,High,1548.7525459710541,Low,53.17925550046132,1,0,0,0,76.8
Normal,18-24,6.19196097779781,Low,2308.43646229235,Low,58.35682210171068,1,0,0,1,77.8
Oily,35-44,6.4134605233516675,Low,2160.477538724555,Moderate,61.7864901437072,0,0,0,0,95.3
Oily,25-34,8.624810526489714,Medium,2737.4138844977842,Low,72.0730613252648,0,0,0,0,99.9
Normal,35-44,6.995982868662802,Low,2831.4466551080914,Low,92.32194835497216,0,0,0,0,100.0
Sensitive,25-34,5.048055740807306,Low,1537.8612482232181,Low,44.4792707779129,0,0,0,0,89.6
Combination,25-34,5.063324964645549,Medium,1712.8922740468483,Moderate,32.45419597274445,1,0,0,0,76.8
Oily,25-34,6.123673730626446,Medium,1740.2068687516833,High,40.21810776492892,1,0,0,1,72.7
Dry,25-34,6.856786901042011,Low,1757.9003061613366,Low,34.78054191729143,0,0,0,0,92.7
Combination,25-34,7.225970242949286,Medium,1800.7757566412292,Low,78.34541468810592,1,0,0,1,78.9
Sensitive,35-44,7.186237905770823,Medium,2173.532259585181,Moderate,37.50965575779967,0,0,1,0,84.5
Combination,45-54,5.737189973624367,Low,1574.3065125779162,Moderate,73.56762820601199,0,1,1,0,78.0
Dry,25-34,5.864088050658826,High,1644.6042528479124,Moderate,84.66750437751344,1,1,0,0,72.5
Combination,25-34,7.6008618227969365,Low,1604.7048447433065,Low,35.531554655823385,0,0,0,0,94.0
Dry,35-44,5.280862059320357,Low,2246.3122463497643,Moderate,96.80157016571351,0,0,0,0,96.7
Dry,35-44,6.301369910383807,Low,1968.1158291643337,Low,88.9333542718116,0,1,1,0,81.4
Normal,35-44,7.896194286822029,Low,1879.349272411418,Moderate,51.269049690972835,0,0,0,0,96.7
Normal,35-44,8.312922139952764,High,1579.0601510817803,High,80.46984322464559,1,0,0,0,84.8
Dry,25-34,6.210626943362926,Low,1197.9729641631259,High,29.334568921740136,0,0,1,1,74.8
Oily,25-34,5.883189784143776,Medium,2815.7668636715416,Moderate,22.45660227045817,0,0,0,0,89.6
Normal,25-34,4.51682308783439,Medium,1855.6361560926086,High,38.40528563650138,1,0,0,0,76.6
Combination,18-24,7.788459884090642,Medium,3355.246222141517,Extreme,83.75774765268952,1,0,0,0,90.7
Normal,35-44,8.978169527720183,High,2386.3956954504924,Low,48.54234588610385,0,0,0,0,94.6
Dry,18-24,10.0,High,2914.6264165087864,Low,51.04189076881171,0,1,0,0,89.9
Dry,45-54,7.57966927527707,Low,2496.7436397570555,High,34.89059868450995,0,1,0,1,80.6
Sensitive,45-54,6.9236805225340285,High,2079.2580788434843,High,96.66630564514207,0,0,0,0,94.7
Oily,45-54,5.620284080273639,Medium,1701.17122097001,Moderate,80.7864984818045,1,0,1,1,67.7
Normal,45-54,4.181714629385276,Medium,1511.58004230176,Extreme,42.392513167402456,0,0,1,1,70.6
Dry,25-34,6.76543887460975,Medium,2559.825508492968,Low,0.0,0,1,0,0,80.7
Combination,45-54,10.0,High,2132.5170245203312,Moderate,50.956805693309484,0,0,1,0,88.4
Sensitive,18-24,8.906218344485369,Low,2308.2505203917362,Low,76.06330112374292,1,0,0,0,92.0
Oily,18-24,8.674846403670697,Medium,2407.3117524743684,Low,49.6701203259424,1,0,0,0,87.1
Oily,35-44,7.368404225586874,Low,2177.987193862899,Low,62.012017721683,0,0,0,0,97.3
Sensitive,18-24,7.5392847404204835,Medium,1764.0712258492995,Moderate,73.73819324907106,0,0,0,0,96.0
Normal,55+,3.3643790225830337,High,2506.3512355078,Moderate,37.226100173369886,0,0,1,1,67.5
Dry,35-44,8.143765871145995,Medium,1900.906576348841,Low,28.616905365625495,0,0,1,0,85.0
Oily,35-44,6.130989145636276,Low,2045.2846323588196,Moderate,78.47512363477738,1,0,0,0,86.2
Normal,18-24,5.94740898010617,Medium,2358.695303318859,Moderate,27.87752012313734,1,0,0,0,79.4
Oily,35-44,6.515114570427089,Medium,1970.5182965755298,Low,29.959560388015817,1,0,0,0,80.0
Oily,18-24,6.464493265823478,Medium,1091.0760708350704,Low,62.50161809594174,1,1,0,0,73.4
Dry,45-54,5.923546612042506,Low,2520.293752276774,Low,32.35464742273,0,1,1,0,76.1
Sensitive,18-24,7.020808108263964,Medium,2627.4644149575256,Moderate,44.54532353804245,0,0,0,0,93.8
Oily,35-44,6.16258360568792,High,1084.4419541997781,Moderate,99.51445158321903,1,1,1,0,65.4
Combination,18-24,7.150484433634219,Medium,1478.354397169231,Moderate,89.71408367939073,0,0,0,0,96.2
Normal,18-24,4.7692332781749505,Medium,3011.9398087427553,Low,79.78165623445905,0,0,0,0,93.5
Dry,25-34,6.178913344051974,Medium,2116.017339251956,Extreme,68.9841557717522,0,0,0,0,93.5
Normal,18-24,5.355556615470624,Low,2001.7756366351825,Moderate,78.90994967575782,0,0,0,0,94.6
Sensitive,35-44,6.037826022253201,Medium,1786.8082964752148,High,100.0,0,0,0,0,95.6
Combination,18-24,7.215098264550296,Medium,1484.648674571683,Low,77.35329190208168,1,1,0,1,70.1
Dry,25-34,4.0940035778675625,Low,1902.7911788468082,Moderate,56.28195986677796,1,1,0,0,71.6
Combination,25-34,5.266388934091794,Low,2487.2113695828557,Moderate,71.82372480116244,0,0,0,0,94.7
Dry,25-34,7.353446577254501,Medium,1992.1610203095004,High,38.376463120073595,0,1,1,0,76.5
Sensitive,25-34,4.380233237201299,Low,2305.1420429465243,Moderate,68.65801651926327,1,0,0,0,82.2
Combination,45-54,9.666800710418212,Medium,2882.8535742532813,Moderate,64.76985875116945,0,1,0,0,93.6
Sensitive,18-24,8.80661193419597,Low,1709.7609097769036,Low,61.54792121412142,0,0,0,0,99.2
Dry,18-24,6.258209373321582,Low,2151.437450329221,Extreme,42.1289087109304,0,0,0,0,93.0
Normal,25-34,5.319185468322405,Medium,2502.196780467839,Low,82.19654341090529,0,0,0,0,93.9
Dry,25-34,6.8029098550032225,Medium,1533.5481832667017,Low,26.17556233291754,0,1,0,0,81.3
Normal,25-34,4.3288066144592605,Low,2089.0264140329023,Moderate,53.69434007673013,0,0,0,0,90.2
Dry,25-34,3.496785912751351,Low,2936.1622623131807,Moderate,17.766776366717515,0,1,0,0,78.6
Oily,35-44,6.31099731392115,Medium,1829.8748097700923,Low,9.807110910910055,0,0,0,0,87.3
Dry,18-24,6.798926850246713,Medium,2534.173269001895,High,79.8796137106371,1,0,0,0,86.7
Normal,25-34,6.6416408365302955,Medium,1929.4315613951142,Moderate,82.14673903530405,0,0,0,0,95.4
Normal,25-34,5.577889075823173,Low,2899.793508658495,Moderate,37.864825405248894,0,0,0,0,92.7
Oily,35-44,8.910920094212422,High,1177.2660555814473,Extreme,61.26580999330399,1,0,0,0,83.3
Sensitive,55+,4.757290512274174,Medium,2032.4780955051422,Moderate,57.76766067518637,0,0,1,1,74.4
Oily,25-34,4.792606797562852,Medium,1260.5726524270551,High,42.79388573728949,1,0,1,1,61.4
Oily,55+,7.729953934217217,Low,1649.5615918595531,Moderate,37.7992417347631,1,1,1,0,68.5
Combination,25-34,4.757528921544289,Low,1646.5906073524027,Moderate,61.50191891437035,0,0,0,0,91.0
Dry,18-24,5.199519321704025,Medium,1866.5218464330728,Low,40.470989364669435,1,1,0,1,63.2
Oily,18-24,7.185032188310745,Low,1405.85432465234,High,60.37532097819964,0,0,0,0,95.2
Oily,25-34,4.919716069525952,Low,1964.130221220244,Extreme,91.69273062105157,1,0,0,0,84.9
Oily,25-34,6.300373358118969,Medium,2230.233252240589,Low,59.73891921851669,0,0,0,0,93.0
Sensitive,18-24,5.950215160513365,Medium,1234.048433689217,High,68.11998798934573,0,0,0,0,91.2
Normal,25-34,5.2075044449408905,Medium,1682.5337549852643,Moderate,35.71291674910994,0,0,0,0,87.4
Oily,25-34,3.3465419129825893,Medium,3270.4960663815114,Low,49.64030336016359,1,0,0,0,78.2
Normal,18-24,7.209344729232006,Medium,2164.6185694329242,Extreme,8.238692294522956,0,0,1,1,74.6
Oily,25-34,4.629215011830607,Medium,1091.1293979091165,Low,88.4918271628692,1,0,0,1,73.3
Combination,45-54,6.74763669470422,High,1299.7670676201062,Low,36.04860993513864,1,0,0,0,76.7
Oily,25-34,5.731842652477153,Medium,2112.952122686431,High,2.0349056312987415,0,0,1,0,77.9
Normal,35-44,6.690237911950176,Medium,2050.333019287119,Moderate,57.3862612319946,0,0,0,0,93.2
Oily,35-44,6.775486938980109,Low,1706.27859914956,Moderate,68.85551482147201,1,0,0,1,78.8
Normal,25-34,6.790442376377395,High,3096.657478443988,High,83.11264152455463,0,0,0,0,95.1
Normal,18-24,5.908361047762836,Low,3309.3644104343266,Low,56.11975454741245,0,0,0,0,96.0
Combination,25-34,8.364044718910053,Medium,1867.8083200751382,Low,73.13721356855726,1,0,0,0,87.8
Combination,25-34,3.7288999087166346,Medium,2436.4784329633694,Extreme,73.24580834181575,0,0,0,0,89.7
Sensitive,25-34,6.160113322209156,Medium,2461.583085660501,Low,85.7994843435148,1,0,0,0,85.8
Combination,18-24,8.254346464616301,Medium,2527.9365697387884,Moderate,21.659021421479522,0,0,0,0,93.7
Dry,18-24,7.715158829503906,Medium,1679.957339113048,Low,62.77347378248107,0,0,0,0,95.1
Normal,45-54,5.537746635207105,Low,2969.7246086102687,High,25.37403928613042,0,0,1,1,76.6
Combination,25-34,5.287631760517964,Medium,1965.7014018827954,Extreme,99.85985129675905,0,0,0,0,94.5
Combination,35-44,5.489811161010094,High,2210.9960405125557,Low,77.4412320837327,0,0,0,0,90.1
Combination,25-34,7.398841445996584,Low,2001.0217551141552,Moderate,34.38012803970307,0,0,0,0,94.2
Dry,45-54,5.890114407226737,Low,1930.1569138506206,High,69.39636296434492,0,1,0,0,86.6
Oily,25-34,6.882684632185175,Medium,2139.2022299689297,High,24.73591399622662,0,0,0,0,90.5
Combination,25-34,6.896452121113932,High,1407.0572131032413,Moderate,11.132846790852135,1,0,0,0,74.7
Combination,45-54,10.0,Low,1014.4234904131754,Low,81.91952159459326,0,0,1,0,94.2
Sensitive,35-44,7.469876889702555,Low,1893.3097619931366,Moderate,50.47865237433165,0,0,1,0,87.8
Normal,18-24,5.783283977874305,Medium,1559.7861815383653,High,45.474638230385025,0,0,0,1,82.2
Oily,18-24,4.809774606900401,Low,2273.7518389933202,Extreme,55.138771596823986,0,0,0,0,91.7
Oily,35-44,6.586220928043382,Medium,2216.8950793558242,Moderate,55.4394968185904,1,0,0,0,83.2
Combination,45-54,6.821371236359022,High,2006.740009848351,Low,34.29910856572623,0,0,0,0,88.1
Normal,25-34,3.1839507089141668,Low,2740.7873952771924,Low,51.51759975326641,0,0,0,0,89.0
Normal,25-34,5.42921875956048,Medium,1996.8861605685152,Extreme,53.700624679853895,0,0,0,0,90.2
Sensitive,35-44,7.44602881424133,Medium,1270.9245785270518,Moderate,96.78272560845217,0,0,0,0,97.1
Normal,25-34,5.701466494600738,High,1888.177879172792,High,100.0,0,0,0,0,92.2
Combination,35-44,8.452935678558756,High,2585.483883427505,Moderate,10.592010820901265,0,0,0,0,90.1
Oily,18-24,4.66246533291922,Medium,1057.8726635197286,High,30.036971379617274,1,0,1,1,59.4
Combination,55+,8.015324230229826,Medium,1952.9818364750117,Low,55.57354988870912,0,0,1,1,80.5
Dry,35-44,8.37083461228893,Medium,2287.731017279478,Moderate,85.26922592529074,0,1,1,0,83.8
Sensitive,35-44,8.434744713762305,Medium,3326.121167263892,Extreme,83.6583987868832,0,0,0,0,100.0
Sensitive,25-34,4.1512154230184315,Low,2604.128818463803,Moderate,93.07481635406113,0,0,0,0,94.8
Normal,18-24,7.471829193786077,High,2066.308191682243,Low,13.004509321316384,0,0,0,0,87.4
Normal,25-34,5.496868822217728,Medium,2260.3796131734734,Low,42.05836923086563,0,0,0,0,89.7
Oily,35-44,4.890786337025649,Low,1051.1523198575371,Low,96.54008546413229,1,0,0,0,83.5
Dry,35-44,6.379198412539438,High,1475.1389070470186,Extreme,38.493758563325684,0,1,0,0,78.6
Combination,25-34,5.142533012148786,Medium,2325.4778355553153,Low,0.0,1,0,0,0,74.9
Oily,35-44,8.381125702245804,Low,2080.583698328159,High,39.58071622121621,0,0,0,1,89.9
Dry,45-54,7.769595014520354,Low,2144.3705932986963,Low,70.93304545750988,0,1,1,1,75.9
Normal,18-24,5.271333297836699,Low,2017.0573268386806,Low,48.22986531569216,0,0,0,0,91.4
Combination,25-34,5.413668029253607,High,1997.4545512092427,High,17.878153012806592,1,0,0,1,66.6
Sensitive,35-44,6.4289538615750645,High,2051.465324239399,High,56.961810827897295,0,0,1,0,81.7
Oily,25-34,6.3913922790231545,Medium,1471.9824078675974,Low,16.735470640392997,0,0,0,0,87.4
Oily,35-44,8.509567412205671,High,1885.5365138275338,Low,29.67468989811078,1,0,0,0,80.8
Normal,25-34,7.53617348972095,Medium,1377.9476842855793,Moderate,28.025131347700093,0,0,0,0,90.6
Dry,55+,7.07708795346226,Medium,1690.2017716308794,Low,52.63706426920879,0,1,1,0,76.8
Dry,18-24,6.609026725157617,Medium,2597.9525046022663,Extreme,0.0,0,0,0,1,81.4
Normal,25-34,3.839968948088792,Medium,1909.6238447512183,Moderate,84.14348427424821,0,0,0,0,89.9
Oily,18-24,8.937996439189085,Low,2297.919737640404,Moderate,47.41219959432397,1,0,0,0,89.2
Oily,18-24,6.3293551032015145,Low,2057.647277056275,Low,22.333528618422747,1,0,0,1,74.0
Dry,25-34,8.832260360639385,Low,1807.5541665533628,Low,25.66160407135854,0,1,0,0,87.8
Dry,18-24,7.294163938197753,Low,1495.7156466957883,Moderate,34.13159567095422,0,0,0,0,93.0
Normal,55+,10.0,High,1799.972173795321,Low,50.15616139281683,0,0,1,1,80.6
Combination,45-54,7.909482300049474,High,2091.5892229902624,Moderate,63.78354195843273,0,0,0,0,93.4
Combination,25-34,4.351970553168682,High,2290.07672206213,High,45.15410672466703,1,0,0,0,74.8
Oily,35-44,6.078376779608182,Low,2061.168432278643,Low,41.11464931690064,0,0,0,0,92.4
Normal,25-34,6.246297558992053,Medium,2324.740158972855,Moderate,49.725931451636114,0,0,0,0,92.1
Combination,45-54,5.689325669337514,Medium,1239.914948720147,High,8.150291011746575,1,0,1,1,59.7
Sensitive,35-44,6.434408774226934,Medium,2433.3312787917507,Moderate,44.616072431746765,0,0,1,0,84.2
Oily,18-24,4.949591262126836,Low,1435.8718296490233,Extreme,33.09472948285455,1,0,0,1,71.1
Oily,35-44,7.008581921648684,Medium,2491.752308579011,Low,26.444298986835904,0,0,0,0,91.6
Normal,35-44,7.356117923516409,Low,2251.2029217064214,Moderate,54.53211974515682,0,0,0,0,96.7
Dry,25-34,4.993835889190822,High,1064.905218927517,Low,16.548472800840145,0,1,0,0,72.8
Normal,45-54,9.910381440222867,Medium,2368.481412092465,Extreme,100.0,0,1,1,1,81.6
Oily,45-54,7.0952698919206885,Medium,2497.5486699164558,Low,23.559573604599706,1,0,1,1,66.5
Dry,25-34,5.274888700815632,Medium,2628.9392301729526,Moderate,87.78097748657632,0,1,0,0,86.6
Dry,35-44,4.555691050052174,Low,1615.7008579469884,High,9.869243922401566,0,1,0,0,77.3
Oily,55+,7.089914334095752,Low,2089.705421035263,Extreme,100.0,1,0,1,1,75.4
Oily,25-34,6.10926720077997,Medium,2347.224691524354,Extreme,64.59994395904924,0,0,0,0,93.4
Dry,25-34,7.6745613609296655,Medium,2368.1634337060395,Moderate,69.78974822374987,1,0,0,0,87.1
Normal,18-24,6.784944602542048,Low,2204.760380931484,Moderate,15.867169805125151,1,0,0,0,81.6
Normal,45-54,5.209421826596909,Medium,1786.681878271689,Moderate,51.933207108397326,0,0,0,0,89.2
Combination,35-44,9.50607744426637,Low,2493.9718770545737,Moderate,53.56391868146619,0,0,1,0,93.4
Normal,18-24,7.653437319260778,Low,2496.909983407258,Moderate,47.48084046902186,1,0,0,0,87.0
Combination,55+,6.618836932602462,Low,1922.8608469516987,High,81.81506942113853,1,0,1,1,72.3
Sensitive,35-44,7.246957797174607,Medium,1608.2225979794694,Moderate,92.282951545911,0,0,0,0,96.9
Oily,45-54,7.711062934842487,Medium,1636.048330400928,High,55.856965361178325,0,1,0,0,86.3
Oily,18-24,4.856715079159848,Medium,2682.408857666106,Low,74.9775129824908,1,0,0,0,82.6
Dry,25-34,6.736541329944215,Low,2475.3391924592133,Moderate,79.57858185748313,0,1,0,0,90.4
Combination,35-44,6.324814790059163,Low,1989.9801086399852,Moderate,45.801327422618094,1,0,0,1,76.2
Sensitive,25-34,7.260949978444628,Medium,1900.4133962395015,Low,50.06886123717462,0,0,0,0,93.3
Combination,35-44,5.889727113090583,Low,1115.9066195721612,Low,100.0,0,0,0,0,96.0
Normal,45-54,6.092947217354376,Low,1957.799447810954,Low,54.0038058318959,0,0,0,0,93.5
Dry,25-34,8.994306647846086,Medium,1404.4424227229129,Extreme,33.925728618415405,0,1,0,1,79.2
Oily,45-54,8.846368136323203,Medium,2079.499738245879,Extreme,56.13730836288619,1,0,1,0,79.5
Oily,18-24,3.0,Medium,2592.6236233807203,Low,76.86155371055226,0,0,0,0,88.9
Normal,25-34,8.235142973696467,Low,1509.7742235137794,Moderate,67.95952107095123,0,0,0,0,98.3
Normal,18-24,6.889521960613365,Medium,2119.293380194017,Moderate,46.86043625704196,0,0,0,0,92.7
Combination,25-34,5.437726905651482,Medium,2498.889881004963,Moderate,65.28972000794221,1,0,0,0,82.4
Oily,25-34,4.9892378964385244,Medium,2110.1476976361255,Low,56.2571084709687,1,0,0,0,79.8
Oily,45-54,5.576323557580017,Low,1738.0085190748714,Extreme,56.44459582177701,0,0,0,1,85.3
Oily,35-44,5.980096082862377,Medium,2005.1932026360566,Extreme,52.49928213136204,1,0,0,1,74.2
Combination,25-34,4.809301124477235,Medium,2478.6243561139386,Low,53.701020777169724,1,0,0,0,79.9
Combination,35-44,4.968100508391037,Low,2131.288929948721,Moderate,49.59614178078262,0,0,0,0,91.2
Oily,18-24,5.439429773734133,Medium,1998.3147087198286,Low,51.765938884716014,1,0,0,0,80.1
Normal,18-24,7.4850907825985304,Medium,2578.071563105813,Moderate,48.76162180459117,0,0,0,0,95.0
Oily,35-44,7.075135222856195,Medium,2257.4589349752114,High,23.734711187232854,1,0,1,1,66.0
Sensitive,35-44,7.833784677327785,Low,1398.5487855250267,Moderate,61.76783756647886,0,0,0,0,96.6
Dry,35-44,6.900445241184919,Low,2315.7063309909972,Moderate,53.54001714365605,0,0,0,0,95.8
Dry,25-34,4.539981004032812,Medium,2474.779377391133,Extreme,96.49287299988602,1,1,0,0,75.7
Dry,35-44,7.741661385240409,Medium,1381.341806456256,High,55.99945053767095,0,1,0,0,85.8
Oily,35-44,5.492966081687628,Medium,865.6302520666891,Low,66.83101390702195,1,1,1,1,56.4
Combination,55+,7.969921452983401,Medium,1479.0336656108243,Moderate,100.0,0,1,1,0,82.9
Dry,18-24,5.251119995564559,Medium,1948.7501561581926,High,10.519247815415795,0,1,0,1,70.5
Normal,25-34,5.468785060394712,Medium,2504.8941725239674,Low,11.639948309757223,0,0,0,0,87.1
Normal,35-44,6.457912539148127,Low,1554.5239829084358,Low,40.541860550909334,0,0,0,0,92.1
Dry,55+,8.011607201585424,Medium,2277.560133327234,High,41.67326409867757,0,1,1,1,71.7
Sensitive,18-24,7.263995878191093,Medium,553.8094326090941,Low,59.19716670991432,1,0,0,1,74.6
Oily,25-34,6.530001983226387,Low,2090.15336018004,Moderate,37.22815910146825,0,0,0,0,93.0
Combination,25-34,9.328503177582958,Low,1796.629773057285,Moderate,19.158324859790817,0,0,0,0,96.2
Combination,25-34,3.744525258162282,Low,3049.2993908196995,High,74.34970507152387,1,0,0,1,76.0
Oily,18-24,5.442433535949173,Medium,1053.9568563836729,High,38.64938309061666,0,0,0,0,86.9
Normal,18-24,5.378217282941513,Medium,1992.7492585978855,Extreme,79.60837820011653,0,0,0,0,92.7
Normal,25-34,3.844021535116589,High,1050.8893241877945,Low,24.574111932691434,0,0,0,0,79.2
Combination,25-34,5.420720730670959,High,1725.1461334187748,Moderate,98.99224608683892,1,0,0,0,81.2
Normal,18-24,8.03165374569506,High,1149.4225171980197,Moderate,8.35569292732076,1,0,0,0,76.2
Oily,25-34,5.612528902226373,Medium,3150.394370045414,Extreme,49.63771032510227,0,0,0,1,85.5
Dry,18-24,6.500495542020536,High,1822.226065969506,Low,25.04067942476737,0,0,0,0,86.1
Combination,55+,4.4161677581795775,Low,1894.4852533449914,Low,50.88908566152257,0,0,1,0,81.7
Normal,25-34,5.305211637259479,Medium,1978.6331374473482,Low,25.512202119858394,0,0,0,0,87.1
Oily,45-54,6.307451926618624,Medium,1433.861603606208,Moderate,6.366261521145603,1,1,1,1,53.1
Oily,25-34,7.463600633820671,Low,2527.6193668303877,Moderate,30.482738773570087,1,0,0,1,78.0
Dry,45-54,4.487625403122668,Low,2320.0970727431713,Moderate,99.902677470822,0,1,1,1,72.6
Combination,25-34,5.817486881418293,Medium,2458.9691813358904,Low,24.999430848275694,1,0,0,0,79.1
Normal,25-34,8.130227045103336,Low,1391.019058981855,High,62.711122762712094,0,1,0,0,89.3
Combination,25-34,5.832375071565104,Medium,2567.6576076220254,Moderate,50.14239284377619,0,0,0,0,91.8
Dry,35-44,3.8266578788219814,High,2509.920639663154,Moderate,48.63308225215978,1,0,0,1,67.5
Dry,25-34,8.418763666022286,Low,1883.8034825045913,Moderate,100.0,0,0,0,0,100.0
Dry,25-34,7.6023454138075,Medium,2447.510537771782,High,42.13688773001838,0,1,1,0,78.3
Oily,18-24,8.304095762618186,Medium,2136.3358116471436,Low,54.23593911432412,0,0,0,0,96.3
Normal,35-44,4.3843245298819085,Low,1203.0002339295124,Extreme,62.14157033722315,0,0,0,0,89.4
Dry,25-34,8.768683588770822,High,1908.59704904398,Low,89.37504112021982,0,0,0,0,97.3
Dry,18-24,5.840085872333203,High,1759.2449811101762,Extreme,12.535226062026453,0,1,0,0,75.5
Dry,25-34,5.735841583669654,Low,2042.7096440239472,High,100.0,0,1,0,0,89.6
Oily,25-34,5.445834251011995,Low,2510.563143866654,Moderate,87.98618483075239,1,0,0,1,79.7
Sensitive,45-54,8.42040577293281,High,1179.3293322347272,Low,84.94166583193814,0,1,0,1,79.7
Dry,18-24,6.730302471242057,High,1778.2110459797816,Extreme,65.45392836291173,1,0,0,0,80.6
Normal,25-34,7.222611548881439,Medium,1589.08128351933,Low,44.29831934321023,1,0,0,0,82.1
Oily,45-54,7.113851534326552,Low,1610.5543473446467,High,63.75213827467528,0,0,1,0,87.8
Combination,35-44,6.8574369944606195,Medium,1588.4454755832162,High,70.49979044918517,0,0,1,0,85.9
Combination,25-34,5.079823904380706,Low,2034.0851777402186,Low,27.284796978499962,0,0,0,0,89.0
Oily,45-54,9.71821088096165,High,2261.5877264186697,Extreme,97.98502223928632,0,0,1,0,92.8
Combination,25-34,4.304909557242157,Medium,2174.1624794447625,Moderate,55.60303078258464,1,0,0,1,71.5
Oily,25-34,7.118380961052027,Medium,2092.834103779578,Moderate,53.54018954970354,0,0,0,0,93.8
Oily,55+,7.564984888160918,Low,2310.8722439128214,Extreme,28.332682247866025,1,0,1,1,69.6
Combination,45-54,8.731534429228638,Medium,3190.1630667551944,Moderate,89.24356158307849,0,0,0,1,95.8
Combination,25-34,8.582135048568917,Low,2067.9457071569436,Moderate,48.85143638655416,1,0,0,1,81.2
Dry,18-24,6.793917100874836,Low,2510.5692014066367,Moderate,36.87066250590854,1,1,0,0,76.3
Combination,25-34,7.295591458887129,Medium,2482.0917172855934,Moderate,22.849415329449872,0,0,0,0,91.8
Normal,18-24,9.647310565678765,Medium,2888.8970815153084,Low,45.96177899358922,0,0,0,0,99.7
Combination,18-24,6.9022348496166215,Medium,2280.259432475036,Low,20.757269919369737,0,0,0,0,90.4
Oily,25-34,4.900349787402235,High,1577.8419095130328,Low,58.64578468861086,0,0,0,0,85.8
Normal,45-54,6.423297830950868,Medium,2152.4409605109395,Low,79.35939181704987,0,0,1,0,87.1
Oily,45-54,5.043031002078299,Medium,2125.569371708774,High,50.17433554198806,0,0,0,1,82.4
Oily,25-34,7.057725216492084,Medium,2407.591304393888,Low,55.90266915420565,1,0,0,0,84.5
Oily,25-34,8.096684312210954,Medium,1563.3016652502893,Moderate,80.50324315053287,1,0,0,1,80.4
Oily,18-24,6.818437761898692,Medium,2633.1605369798094,Moderate,45.679088667261766,1,0,0,0,83.5
Normal,18-24,4.568559925819539,Medium,2002.61857457006,Extreme,47.36458035242954,0,0,0,0,87.9
Oily,18-24,8.532476252586516,High,2419.689626965866,Moderate,50.13782802726283,1,0,0,0,83.9
Dry,35-44,4.335551557651332,Medium,2154.8365790368166,High,48.98530325291913,0,1,1,1,64.9
Oily,18-24,4.6810678331154385,Low,2061.295389160001,Moderate,41.20866698422407,0,0,0,0,89.6
Oily,45-54,6.732492418757921,Low,2116.9282052418853,Low,40.78115301905187,1,0,1,0,75.8
Combination,35-44,7.377677868513249,Medium,2335.9960056906116,Low,70.73705340947453,0,0,1,0,88.5
Combination,18-24,7.633371248137531,Medium,2979.3273970357095,Moderate,48.21096316232933,0,0,0,0,96.0
Combination,18-24,6.90079067193029,Medium,991.3113075855229,Low,64.97074119684059,1,0,0,0,82.3
Oily,35-44,9.640065647702286,Low,2270.0014744620275,Moderate,85.54405054279647,0,0,1,0,96.4
Combination,45-54,7.097752511624803,High,2021.9838980003735,Moderate,33.73332104722581,0,0,1,0,80.6
Normal,35-44,8.552002152629404,Low,1911.4467163976979,High,39.08141562209319,0,0,0,0,96.8
Normal,25-34,7.6804318461420475,Medium,818.3608884362329,Low,67.29705734818194,0,0,0,0,93.7
Oily,25-34,4.560689401693206,Low,2290.103840627509,Moderate,43.640777774547445,1,0,0,0,80.1
Combination,25-34,6.2454042690717175,Medium,1937.5146815593432,Low,52.017840373410806,0,0,0,0,91.6
Oily,55+,10.0,Medium,1582.7857661618136,High,52.08932409192775,0,1,1,0,82.4
Normal,35-44,6.243473719089614,Medium,2021.2399863587425,Moderate,36.299544270037245,0,0,1,0,82.2
Normal,35-44,5.988069213464964,Medium,1853.60488446756,Moderate,72.65117770778177,0,0,0,0,92.9
Combination,25-34,6.755863372215534,Medium,1128.8034164909209,High,56.22300397537069,1,0,0,0,81.4
Dry,35-44,6.297220106109922,Medium,2044.0923595790628,Moderate,34.78810856201983,0,1,0,0,82.2
Oily,25-34,5.309443130746642,Medium,2290.036764850007,Low,45.87056847861791,1,0,0,0,79.8
Dry,18-24,6.27507490855362,High,1725.3832926596367,High,47.27438703115488,1,0,1,1,62.7
Dry,25-34,8.648014507052938,High,2130.8564163425617,Moderate,68.68895474729825,1,0,0,0,85.4
Dry,45-54,6.795071962783641,Medium,2054.055987280082,High,89.32813193584374,0,1,0,1,81.6
Oily,35-44,5.007887450867932,Low,2522.746111285388,Moderate,59.79090556306656,1,0,0,0,83.0
Combination,18-24,4.732380192867754,High,1948.153803165663,Low,7.9824483753721225,1,0,0,1,64.2
Oily,45-54,10.0,High,2400.545919580115,Moderate,78.15289513672346,0,1,1,0,83.6
Dry,25-34,6.1649984458488465,Medium,1843.323622090571,Low,100.0,0,0,0,0,96.0
Normal,18-24,7.651867751448128,Medium,2983.6609807475943,High,67.94761685616055,1,0,0,0,88.1
Oily,25-34,5.342934160490586,Low,1781.5792006800564,Moderate,43.17975929973797,1,0,0,0,80.6
Oily,25-34,6.981478953907124,Medium,1657.5004378338492,Low,60.02592262625664,0,0,0,0,93.3
Dry,25-34,8.688994477402298,High,1949.7539402780312,Moderate,70.00632748124355,0,0,0,0,95.3
Normal,25-34,5.521605224384368,Medium,1635.9905472447135,High,52.825110696931596,0,0,0,0,89.6
Combination,35-44,7.687880169922874,Medium,1375.6717830530827,High,92.87337138141413,0,0,1,0,89.4
Oily,25-34,4.391380586164418,Low,2363.8011771289375,Moderate,21.691644529110288,1,0,0,0,77.7
Dry,35-44,10.0,Medium,500.0,Low,49.8992524304885,0,0,0,0,96.0
Combination,18-24,7.402803895366862,Medium,1641.2333220003027,Moderate,61.47798672446879,1,0,0,0,84.2
Dry,35-44,6.380809233471562,Low,1329.1180427241234,High,77.45799238007834,0,1,0,0,87.2
Combination,35-44,6.5531888150707545,Medium,2071.084700096931,Moderate,46.32158830273339,0,0,0,0,91.9
Dry,35-44,6.234942738228497,Medium,905.4421651343994,Moderate,48.682570221766724,0,1,0,0,81.1
Oily,25-34,5.81164225381476,Medium,2273.92542247246,Moderate,33.33558026863615,1,0,0,1,72.5
Combination,35-44,3.32875728647551,Low,2328.0449634137613,High,41.38470355376528,0,0,1,1,72.5
Oily,18-24,6.8530514018548665,High,1183.6909773824627,Moderate,62.975211020906436,1,1,0,1,64.4
Dry,45-54,6.7901819790914315,Low,2095.301351416459,Low,59.06240766826117,0,0,1,1,80.7
Combination,18-24,7.732992305890716,Medium,2258.029641910098,Low,82.43157946802435,0,0,0,0,98.2
Oily,18-24,6.21528438033771,Medium,2470.150187208094,Low,22.65921948147518,1,0,0,0,79.6
Oily,25-34,5.343445528788466,High,1265.5353316917692,Extreme,46.07007315717897,1,0,0,1,67.8
Oily,35-44,6.988337583320537,High,1195.2026787483776,High,78.39579363401842,1,0,0,0,81.2
Combination,18-24,4.581447822864274,Medium,2751.324610835046,High,58.60663493943615,0,0,0,0,90.5
Sensitive,45-54,7.2151347813018765,Medium,1589.0551473401904,Moderate,47.54475712608087,0,0,1,1,77.4
Dry,55+,4.207271110717419,High,1736.297912495723,Moderate,78.80352336890596,0,1,1,1,63.8
Dry,35-44,8.681227973246195,Medium,2316.547261876439,Low,62.39691905992007,0,1,0,0,90.2
Sensitive,25-34,7.526404933491163,Medium,1415.3994883652595,Moderate,100.0,0,0,0,0,97.9
Normal,35-44,5.61072118536398,Medium,1867.075293456937,High,56.697417966078305,0,0,1,0,82.6
Oily,25-34,7.4917070200070555,Medium,2445.872146376529,Low,78.95018125595473,0,0,0,0,97.8
Combination,25-34,6.667271336380821,Medium,1289.4488913287394,Low,41.040701967876245,1,0,0,0,80.0
Combination,45-54,5.48648465337271,Medium,1749.9978353022454,Low,54.09750330844121,0,1,0,1,74.9
Combination,55+,3.965685764156366,Medium,1436.6381900054523,Low,62.350684486005676,0,1,1,1,64.0
Oily,45-54,7.474653525139678,High,1613.0322905541323,High,17.444441194007425,0,0,1,0,78.9
Normal,25-34,5.308577229297448,Medium,2592.824290065336,Moderate,0.0,0,0,0,0,85.8
Oily,18-24,8.64245435454412,Low,2702.5318169830334,Moderate,33.07498803152674,1,0,0,0,88.0
Oily,25-34,6.521050600822777,Medium,2128.9170647127316,High,17.51102037077711,0,0,1,0,81.1
Oily,25-34,5.450625955254025,Medium,2266.1048423137363,High,0.0,0,0,0,0,85.4
Combination,25-34,9.196758099635707,High,2252.427450617046,High,68.56312685477081,0,0,0,0,96.8
Normal,25-34,7.3646697389045075,Medium,1663.8320119554107,Moderate,30.22241773664181,0,0,0,0,91.1
Combination,35-44,3.0,High,2119.075252091755,Low,51.40801243464604,0,0,0,0,82.4
Oily,35-44,6.2704123468137,High,1352.3458049297033,Low,63.479679097789976,0,1,1,0,72.6
Dry,35-44,4.923866511981365,High,1520.7152550426908,Moderate,72.61301733547329,0,1,0,0,79.2
Normal,45-54,5.8003030934195365,Low,1956.5992267946137,Low,67.07250589327674,0,0,1,0,86.2
Oily,18-24,6.782901401622196,Medium,1469.5145031763195,Extreme,55.052181015708165,0,0,0,0,92.0
Normal,18-24,7.531072762881319,Medium,1363.6364584154007,Moderate,61.736708049882736,0,0,0,0,94.0
Sensitive,35-44,7.392048613170361,Medium,1644.0510862715255,High,62.506933941080554,0,0,0,0,94.3
Combination,25-34,8.116809614847202,Medium,2573.1668625959474,High,32.18260754997934,0,0,1,1,79.6
Oily,25-34,7.454897566263,Medium,2778.569576946858,High,0.0,1,0,0,1,73.5
Oily,18-24,7.862120393688258,Medium,1983.7199865228679,High,65.95773102447123,0,0,0,0,96.3
Sensitive,25-34,6.802238484699911,Medium,2291.0994622724093,Low,47.86079446465003,0,0,0,0,93.0
Oily,35-44,8.930198279088852,Medium,1718.2529389276306,High,100.0,0,0,0,0,100.0
Normal,45-54,6.5255851852136235,Medium,967.176603390225,Low,78.44641822930188,0,1,1,0,76.8
Dry,45-54,6.564545096897214,High,1553.2387596824722,Extreme,83.75214581393769,0,0,1,0,83.6
Sensitive,25-34,3.6416399705412044,Medium,1845.8279836628994,High,82.64350319701586,0,0,0,0,89.2
Normal,25-34,8.084246065715053,High,2070.4846409997326,Low,63.26722214268454,1,0,0,1,76.6
Oily,45-54,6.884611366331268,High,1949.5119475409074,Extreme,71.89970244791827,1,1,0,0,73.9
Sensitive,25-34,10.0,Medium,1859.1771927412667,Low,79.22684107124543,0,0,0,0,100.0
Normal,25-34,5.891700962356313,Low,1712.6834839972553,Moderate,54.37415820375267,0,0,0,0,92.6
Normal,45-54,7.132867194125103,Medium,2171.9312723561325,Moderate,44.58884617485488,0,0,1,0,85.1
Dry,35-44,7.81975743041262,Medium,1318.0541108131806,Extreme,30.532880907962355,0,1,1,0,75.3
Combination,45-54,5.347150040516931,Medium,2401.0313556657443,Extreme,70.57086810497778,0,0,1,1,77.6
Oily,18-24,7.537821570818841,Low,1706.824555616798,Moderate,82.2882443821793,1,0,0,1,81.7
Sensitive,25-34,6.551992148085778,Medium,3033.549126346973,Moderate,61.86479604251667,1,0,0,0,85.4
Dry,45-54,6.5444677154847435,Low,1842.3422301201417,Low,63.785425051564914,0,1,1,0,79.2
Normal,18-24,8.75890593811451,High,1759.9121383133102,Moderate,17.06109502076893,0,0,0,0,89.7
Sensitive,35-44,5.644376923134017,Medium,1718.6569054455476,Low,63.65056822598576,0,0,0,0,91.1
Oily,18-24,7.412353169623333,Low,1764.8986953889346,Moderate,19.278721496178424,1,0,0,1,75.3
Oily,45-54,9.181996437077569,Low,2303.6140292123664,Moderate,31.01508201405384,0,0,0,0,98.1
Dry,35-44,5.940067366065552,Medium,1978.8618993047642,High,62.46836457339917,0,1,1,0,76.1
Oily,18-24,6.554671025961551,Medium,2493.5408329807465,Low,48.56036237686109,1,0,0,1,76.0
Normal,25-34,10.0,Medium,2232.21073346689,Moderate,69.69141938719993,0,0,0,0,100.0
Normal,35-44,7.711586597734086,Medium,2015.7462297419754,Low,79.1550765680879,0,0,1,0,89.4
Oily,35-44,6.240703785036073,Medium,2186.477167799329,Moderate,38.15069382243026,1,0,1,1,65.7
Combination,25-34,7.703937140117716,Medium,2598.1734440818605,Moderate,1.6102877684001342,1,0,0,0,80.8
Dry,45-54,6.147859672613461,High,2328.3479815254977,Moderate,36.288323283194046,0,1,1,0,71.6
Sensitive,25-34,4.152626113759894,Medium,2140.2784967202733,Moderate,47.23544432097502,0,0,0,0,87.3
Oily,25-34,8.558545917897755,Low,2211.3712775042964,High,63.8011022870819,1,0,0,0,89.9
Oily,18-24,5.345411103803478,Medium,1423.6575821740898,Moderate,65.31046485435634,1,1,0,0,72.1
Normal,45-54,10.0,Low,3285.8480931274817,Low,58.83579395017421,0,1,0,0,96.5
Normal,18-24,6.266001436806691,Medium,2264.0628603155724,Moderate,68.50366740755226,1,0,0,0,83.9
Oily,25-34,9.699897022342784,Medium,2313.957346277502,Moderate,100.0,1,0,0,0,94.0
Combination,45-54,4.946993397219913,Low,1985.65380597769,Low,57.03836507342263,0,0,0,0,91.6
Sensitive,18-24,8.53824037939938,High,851.2159481577737,Low,59.17143013131427,0,0,0,0,91.7
Sensitive,25-34,7.249589409476975,Medium,1867.3282073679704,Low,43.984031637766094,1,0,0,0,82.6
Oily,18-24,8.256619338332728,Low,2037.9735680306578,Low,57.96984766927658,0,0,0,0,98.4
Combination,35-44,8.452034060014391,Medium,1588.58108905691,Low,88.43491085542283,0,0,1,0,90.9
Oily,25-34,5.753382286578242,Medium,1584.22339593293,Low,37.53387709516185,1,0,0,0,78.4
Normal,45-54,5.036734236995502,Low,1830.3740187203582,Low,50.221906946773935,0,0,1,1,75.8
Combination,45-54,6.923623404491173,Low,2385.764421774024,High,46.96071045166298,0,1,1,1,72.3
Dry,35-44,7.334545386377701,Low,2627.8771375204096,Moderate,31.23010111701828,0,0,0,0,95.0
Normal,35-44,6.292233068266743,Medium,2085.481477469846,Moderate,63.35516189559553,0,0,0,0,93.1
Oily,25-34,6.9163309552397925,Low,1716.3106370495311,Low,54.248799351270186,0,0,0,0,94.7
Oily,25-34,6.994438296762111,Low,1818.807729927111,Extreme,48.96633775259729,1,0,1,1,69.5
Combination,35-44,5.634960330184201,High,2049.7670011300224,Moderate,100.0,1,0,1,0,74.4
Oily,45-54,7.592456922535699,Low,2109.0150621712705,Moderate,70.00412598300213,0,1,1,0,82.4
Sensitive,25-34,6.099181964458031,Medium,2217.4795930870496,High,37.08997337740956,1,0,0,0,80.3
Normal,25-34,5.450028649694943,Low,1780.320058041766,Moderate,65.80794909811327,0,0,0,0,93.0
Oily,25-34,7.68106270733599,Low,2264.6455662523995,Extreme,41.513493762228734,1,0,1,1,71.0
Oily,25-34,5.334513182459683,Medium,2225.118617379172,Low,41.77790079012543,0,0,0,0,89.3
Dry,18-24,6.31499861514291,Low,1802.453621730442,Moderate,45.66286852862695,1,1,0,0,74.8
Oily,25-34,6.608076275279984,Low,1140.2544888785046,Low,42.86764740240356,1,0,0,0,81.8
Combination,25-34,8.561467430981358,Medium,1557.53165923403,High,56.74830720894307,1,0,0,1,78.9
Combination,25-34,6.7891761165864475,Low,2783.7976630637013,Low,100.0,0,0,0,0,100.0
Sensitive,25-34,7.292432498712001,Medium,1153.2142034757553,Moderate,55.791158736387,0,1,0,0,84.5
Combination,35-44,6.553536196005256,Low,2658.761120986611,Low,62.22631654703741,1,0,0,0,86.6
Combination,45-54,6.882265563435489,Medium,1135.7095499835427,Moderate,65.85783704361071,0,1,1,0,76.6
Dry,55+,6.926684149720609,Low,1613.4248864552592,Low,37.18337582398851,0,1,1,1,69.8
Combination,25-34,6.939959354025537,High,1812.640506877391,Extreme,39.96394859951677,1,0,0,1,71.5
Oily,18-24,6.55604864042761,Medium,2891.151541476553,Low,74.83760243779874,1,0,0,0,86.4
Oily,55+,9.009999828214314,Medium,2013.0654788500904,Moderate,37.24287039747959,0,0,1,0,87.8
Oily,35-44,6.440250642246787,Medium,1892.9974196191517,Moderate,37.79885403652277,1,0,1,0,72.4
Oily,25-34,3.939138297191949,Medium,1532.3269833864967,High,94.57316901983089,1,0,0,0,80.4
Oily,18-24,10.0,Medium,2260.9804733779583,High,19.869172219326575,1,0,0,1,79.5
Sensitive,18-24,6.508946963584372,Medium,1743.6407777145143,Extreme,87.08432467887901,0,0,0,0,95.2
Oily,18-24,8.96975468063702,Medium,1885.4980537782153,Low,44.96470728143688,0,0,0,0,96.2
Normal,18-24,9.107186262939639,Medium,1820.8227475073938,Low,19.618794450958198,0,0,0,0,93.8
Dry,45-54,8.417821468375573,High,2359.9310872929395,Moderate,50.58054894973976,0,1,1,0,77.6
Normal,25-34,6.202959170603896,High,2380.893776240293,Moderate,44.359004671177395,0,0,0,0,88.6
Normal,35-44,7.430027229811515,Low,1554.805756917832,Moderate,19.246782566384418,0,0,0,0,91.9
Oily,45-54,5.088234686042609,Medium,1686.3710042963908,High,70.69624873650726,0,0,0,0,90.6
Oily,35-44,9.985221660727415,Medium,1637.0606873279444,Low,68.17876250745351,1,0,0,0,90.1
Oily,45-54,5.722291002725996,Low,2091.6760188770418,Low,51.29156846302486,0,0,0,0,92.8
Combination,55+,6.619148555888687,High,2453.347426229111,High,61.83564949003106,0,0,0,1,84.3
Combination,25-34,6.648479730560377,Medium,2098.332663045052,High,55.102486966644605,0,0,0,0,93.0
Oily,55+,6.8388403677445595,Medium,904.6761527536587,High,82.34182364397513,1,1,1,1,60.7
Oily,35-44,6.0146900765599085,Low,2379.8765931334765,Low,33.05088259763462,0,0,1,0,84.1
Oily,18-24,9.091508578082033,Low,1325.5045660564451,Extreme,42.68491622801859,0,0,0,1,90.1
Combination,35-44,8.42541892523242,Low,1642.3798047730197,Moderate,85.0277955299316,0,0,1,0,92.6
Normal,35-44,7.48307080648854,Low,2099.2156825252105,High,73.53326858940142,0,0,1,0,90.5
Normal,45-54,6.400670416004875,Medium,1958.0570713820534,Low,2.4603760561707873,0,0,1,1,72.0
Combination,25-34,8.096413807766705,High,2436.3676003470637,Moderate,8.269279801497262,1,0,0,1,71.9
Oily,25-34,5.803297050833652,Medium,1694.623683850536,Moderate,50.01904814218527,1,0,0,1,73.0
Normal,18-24,9.355587760506722,Low,1516.6931085549788,Extreme,90.99543854597414,0,0,0,0,100.0
Oily,25-34,6.666831373225142,Low,1844.178637457125,Moderate,39.206650868700336,1,0,0,0,82.9
Sensitive,18-24,8.844672290459073,Medium,2488.5096678214068,High,81.2234378386719,1,0,0,1,83.8
Combination,25-34,6.329269510724625,Medium,2314.8364355410768,Moderate,52.065041185603974,1,0,0,1,75.5
Combination,45-54,7.107299773061417,High,2043.5740039612085,Low,74.47236809262662,1,0,1,1,67.7
Oily,18-24,8.838131592187999,Medium,2662.9815940014287,Moderate,76.76839226011022,1,0,0,0,90.7
Dry,25-34,9.790887727706668,High,2572.4281214025787,Moderate,73.60489755010165,0,1,0,0,91.1
Sensitive,18-24,9.34055022625732,Low,2394.2411180713834,High,87.72551895680583,0,0,0,0,100.0
Sensitive,18-24,8.315701929066774,Medium,1411.0080883257078,Moderate,49.626450502214674,0,0,0,0,94.4
Oily,25-34,7.383925149436395,Low,2391.6195186539358,High,46.21933459891146,1,0,0,1,79.2
Combination,18-24,6.239576964610561,Medium,1898.8208767709104,Moderate,62.962743512795576,1,0,0,0,82.6
Normal,25-34,6.942844611658149,Medium,1802.5278846454578,Low,62.06102728803265,0,0,0,0,93.7
Oily,18-24,5.630426224004903,Medium,1658.7242643613968,High,64.86789037465817,1,0,0,0,81.1
Dry,18-24,7.563673200527161,Low,1914.1417180578285,Extreme,5.781407199759251,0,1,0,1,76.5
Oily,25-34,7.16007599104036,Medium,1687.1231224246421,Moderate,79.92659781005683,1,0,0,0,85.7
Sensitive,25-34,3.558732287797713,Low,2084.8771499755358,Moderate,22.417238908098703,1,0,0,0,75.5
Normal,18-24,7.05810791378756,Low,1913.5284194939982,Moderate,31.22762840808248,0,0,0,0,93.1
Dry,25-34,7.122312348633658,Medium,2110.269246322531,Low,54.88291250577011,1,1,0,0,76.0
Sensitive,45-54,6.874435214291466,High,2276.635768994034,Moderate,74.26471609702253,0,0,0,0,92.7
Sensitive,35-44,7.537073258284856,Medium,1852.8174142390922,Moderate,100.0,0,0,0,0,98.8
Normal,18-24,4.987416634965529,Medium,1631.3533859753165,Low,20.730363137740515,1,0,0,1,68.3
Oily,25-34,5.336203541659612,Low,996.7986844680889,Moderate,40.89766640898784,1,1,0,1,63.8
Dry,35-44,8.552407244745899,Low,2385.326858283751,Low,10.7678877113064,0,0,0,0,95.0
Normal,18-24,7.000857498468665,Low,2039.382631540243,Moderate,53.29000948808199,0,0,0,0,95.4
Sensitive,45-54,7.509818471972363,High,1911.9118097941923,Low,69.7978366501332,1,0,0,1,75.8
Sensitive,45-54,6.180218258937131,Medium,2585.9581912636545,High,44.000054407322594,0,0,1,1,76.9
Normal,45-54,7.029241034915285,High,1355.7394033073379,Moderate,92.72956345348265,0,1,1,0,77.0
Normal,45-54,3.546981729797202,Medium,2028.1198809557272,High,86.99983094364684,0,1,1,1,66.9
Normal,35-44,8.269017907631149,Medium,1517.970679764701,Moderate,61.80215708307104,0,0,0,0,95.8
Sensitive,35-44,9.711899258428705,High,2328.002927088108,Low,100.0,0,0,0,0,100.0
Normal,35-44,5.4024736761780385,Low,886.9293604454431,Low,57.68914916919009,0,0,0,0,90.3
Oily,45-54,5.589501718735648,Medium,2402.0078313679323,High,77.84371952133804,0,1,0,1,78.8
Oily,35-44,7.661319847356223,High,2381.3300935831367,Moderate,81.57749371396088,1,0,0,0,85.2
Dry,25-34,8.71081893576012,Medium,1538.4937834322952,Moderate,23.284925867741673,0,0,0,0,92.8
Normal,25-34,6.496854023925583,Low,2033.1698545347188,Low,60.81153018239516,0,0,0,0,95.1
Oily,45-54,5.156022968781244,Low,1549.2383299901373,Low,64.20972764565069,0,1,0,1,76.8
Sensitive,18-24,6.687074145043191,Medium,2213.7982303060344,High,39.397586747356094,0,0,1,0,83.7
Sensitive,35-44,5.455101879532311,Low,2410.114553856334,Low,43.06338276653075,0,0,0,0,92.0
Combination,55+,5.996730560696835,High,1497.5101670811987,Low,62.44746775644509,1,1,0,1,63.2
Normal,35-44,6.543938351270025,Low,1351.62567156159,Low,52.95214575622357,0,0,0,0,93.1
Oily,55+,5.606013117637559,Medium,2548.2185753501185,Moderate,13.377611197360025,1,0,1,1,62.6
Dry,35-44,5.8331414137381525,Medium,2970.5852957557304,Extreme,74.48701228050793,0,0,1,0,87.1
Oily,18-24,7.111801000333365,Medium,2247.223528301046,Low,73.3708982390061,0,0,0,0,96.1
Sensitive,45-54,7.322553718205845,Medium,2284.2207442460603,Moderate,45.72347238320555,0,0,0,0,93.8
Dry,25-34,4.3640294992685496,High,1833.9797104205757,Moderate,49.96139164112023,1,1,0,1,59.4
Normal,25-34,7.0945725837640055,Medium,2090.0140029400964,High,87.96063119137257,0,0,0,0,97.2
Sensitive,25-34,5.927099205302904,Medium,2175.360642619785,Moderate,42.21497298186844,0,0,0,0,90.4
Sensitive,25-34,7.580392285328912,Low,1908.713532102592,High,100.0,0,0,0,0,100.0
Normal,25-34,7.670746281031789,Low,2674.9302610072527,Moderate,41.90470006039508,1,0,0,1,79.9
Dry,25-34,5.683188228567427,Low,2088.372378017248,Moderate,48.24558360247671,0,0,0,0,92.4
Oily,35-44,7.9212215410566,Low,2152.8000050741452,Moderate,25.133416979498563,0,0,1,0,86.7
Oily,45-54,5.744565940451755,Medium,1919.0184748300767,Extreme,26.04600391293061,1,1,1,1,54.9
Normal,25-34,8.485643094252936,Medium,1969.8303622829449,Moderate,33.60094115419704,0,0,0,0,94.3
Dry,18-24,5.801295698715303,Medium,2609.3551355711506,Moderate,72.14157832328662,1,1,0,1,69.0
Sensitive,35-44,7.52912441293827,Low,2072.9530155141106,Moderate,100.0,0,0,0,0,100.0
Dry,35-44,6.71858628303358,Medium,2084.6475262559698,Moderate,100.0,0,1,0,0,89.6
Normal,45-54,5.474658228643598,High,2091.1010389463722,Moderate,56.918777685944704,0,0,1,0,79.8
Dry,18-24,8.351373642677963,High,1817.7436815429137,High,41.089282234918976,0,1,1,0,75.4
Oily,45-54,6.078802286699814,High,1296.0299921730561,Moderate,35.39384756952553,1,0,0,1,68.3
Combination,25-34,3.9498917525325403,High,2786.2870735558076,Low,77.8673544832946,1,0,0,0,78.3
Oily,35-44,3.0,Medium,2534.1470059500134,Moderate,41.848772971034904,1,0,0,1,68.3
Normal,18-24,5.687432958358044,High,2624.5218261424443,Low,44.07013226698018,0,0,0,0,88.0
Normal,25-34,8.56386262894846,Medium,1463.7405654737272,Low,62.42393185548529,0,0,0,0,96.3
Combination,18-24,8.886607701255489,High,2722.460127321301,High,61.28345409101328,1,0,0,0,86.3
Oily,25-34,5.422102396478702,Low,2983.4353935126396,Low,34.73733611986582,0,0,0,0,92.3
Combination,25-34,5.9383176279479315,High,2522.4112071363957,Moderate,47.62157157133075,1,0,0,1,71.7
Oily,45-54,6.302630386665966,Medium,2823.911206260156,Extreme,45.404206837526445,0,0,0,1,85.8
Oily,35-44,4.999851781825647,Low,2398.9243041298855,Low,39.18804217006316,1,0,0,1,73.7
Oily,25-34,5.076752192564985,Low,1576.696198310026,Low,24.369737553809195,0,0,0,0,87.7
Sensitive,25-34,7.971724279101178,High,2253.815935216104,High,28.210529359677075,0,0,0,1,83.3
Sensitive,25-34,7.255831807069101,Medium,1489.8286501123835,Low,74.04789412365392,0,0,0,0,94.9
Oily,55+,7.409633287794834,High,1701.3129307501429,High,43.98362784204119,0,0,1,0,81.6
Oily,25-34,4.497280082508713,Low,2158.1402142946345,Low,21.611772895048826,1,0,0,0,77.5
Normal,25-34,6.651054821050966,Medium,2091.009235440049,High,19.302822810163196,0,0,0,0,89.4
Dry,18-24,3.5442325457679678,Medium,2231.5377031680314,Low,18.911410307975864,0,1,0,0,75.4
Oily,35-44,8.2642040368908,Medium,1103.9555031377618,Extreme,44.6962094241685,0,1,1,1,70.2
Sensitive,25-34,6.887862351105713,Medium,1922.8810266212322,High,93.1417915934442,0,0,0,0,96.9
Sensitive,18-24,4.982151321850255,Medium,2274.499248832769,Moderate,47.9679425295812,0,0,0,0,89.3
Oily,45-54,9.42463833623506,Low,2374.1868362796213,High,73.94092313718417,1,0,1,1,78.0
Oily,35-44,4.305753011247128,Low,2406.886490291634,Low,99.01360532404982,0,0,1,0,87.3
Combination,35-44,7.795459273374403,Low,2125.629130528312,Low,64.2118854647492,0,0,0,0,98.3
Combination,18-24,7.832757653467993,High,1810.387925011272,Moderate,30.878835400209855,1,0,0,0,79.4
Normal,25-34,4.640494340971279,Medium,2250.735442588019,Moderate,47.762687591646724,1,0,0,0,78.6
Oily,45-54,6.943223963784825,Medium,1850.1434423548917,High,58.9164126336427,0,0,1,0,85.5
Oily,45-54,4.544758236770706,Medium,2450.5281934494574,Moderate,100.0,0,0,0,1,87.0
Oily,25-34,3.0,High,2213.653976647233,Moderate,6.690216367047256,1,0,0,1,61.1
Normal,18-24,5.398185659602512,Low,1969.138926606163,Moderate,77.89039671837156,0,0,0,0,94.5
Normal,25-34,5.575062586607005,Low,1615.5024411212412,High,6.4239204023861305,1,0,0,0,77.0
Dry,25-34,7.466384271216187,Medium,2559.737720269045,High,70.29159491190231,0,0,0,0,97.1
Oily,35-44,7.10111212759123,High,2279.52472317093,Extreme,49.76710870134638,0,0,1,1,75.7
Normal,55+,7.14031818907922,Medium,3051.4848382968617,Low,95.64658516974738,0,0,1,0,91.9
Oily,25-34,4.978367565074622,Low,2263.109631996472,Low,66.84248885506119,1,0,0,0,83.2
Combination,18-24,6.20498304393792,Medium,2304.9584453917105,Extreme,64.33721050549539,1,0,0,1,76.5
Combination,45-54,5.605110085196259,High,1267.3655923015,High,36.455040909489895,0,1,1,1,61.4
Oily,18-24,5.162538989455287,Medium,2155.24218976403,Low,95.13221211348056,1,0,0,1,77.1
Oily,55+,6.109450859519114,Medium,1841.7358733377703,Extreme,100.0,0,0,1,0,87.9
Sensitive,35-44,7.111768577644501,Medium,2413.2161442045553,High,100.0,0,0,0,0,99.0
Oily,45-54,6.141042220863695,High,2167.3422215795413,Low,34.92242285432934,1,0,1,1,62.1
Oily,18-24,6.51474599586254,Medium,2492.6365905129614,High,45.25314130078607,1,0,1,1,67.5
Oily,18-24,8.042372216367085,Medium,3066.297556980973,High,20.286148525974845,1,0,0,1,77.2
Normal,25-34,5.748868371963945,Low,1600.8188472738839,Low,34.76198480945054,0,0,0,0,90.2
Oily,25-34,4.499050053518163,Medium,2473.3532797626935,Moderate,57.08800049712639,0,0,0,0,89.7
Sensitive,25-34,7.345180282401859,Medium,2341.7965834051797,Extreme,83.2409426793724,0,0,0,0,97.7
Dry,55+,7.398774472762427,Low,2989.647393941099,Moderate,63.32703000176894,0,1,0,1,84.1
Oily,45-54,7.492989247258472,High,2352.6922850158016,High,16.98016302065586,1,1,1,1,55.4
Sensitive,35-44,7.938757986303564,Medium,2300.7051973718703,Low,74.09112328408263,0,0,0,0,97.9
Normal,18-24,7.684962290961918,Low,2425.7266155144916,High,62.93930535364048,0,0,0,0,98.5
Oily,35-44,7.043093038706956,High,2460.6330544835,Low,83.71641025370522,1,0,0,0,84.4
Dry,35-44,10.0,Low,2727.185076130418,Low,70.70419318778653,0,1,0,0,96.5
Dry,25-34,4.572546880547069,Medium,1590.3107353067564,Moderate,62.21644490835324,1,1,0,1,63.5
Normal,45-54,6.120374082267163,Medium,1803.8306111373372,High,54.04672607556566,0,0,1,1,76.3
Oily,18-24,8.45100154701725,High,2867.6430597402523,Moderate,56.79670488602593,1,0,0,0,85.3
Dry,25-34,6.713879438143362,High,1020.6425273019589,Extreme,100.0,0,1,0,0,84.5
Dry,18-24,8.136884551016857,Medium,1957.6353779009373,Moderate,80.17321653875422,0,1,0,0,90.2
Dry,35-44,7.254634644305307,Medium,2074.7799931920836,Low,69.11850830472632,0,0,0,0,95.6
Oily,35-44,9.061084826739972,Medium,1911.5440601310845,Extreme,78.21805225942485,0,0,0,0,99.8
Normal,25-34,4.988733716550131,High,2790.4740165701596,Low,51.89652244575696,1,0,0,0,77.7
Oily,18-24,9.013689834110064,Low,2237.96889100079,High,51.77473452255264,0,0,0,0,99.7
Normal,18-24,8.7564947398064,Medium,1806.3429476773813,Low,73.76084708087177,0,0,0,0,98.5
Sensitive,18-24,5.18456632865443,Low,1682.7953445013925,Extreme,50.026280263565155,0,0,0,0,90.7
Oily,25-34,7.445998114831509,Low,2140.912789246544,Moderate,46.76346473672721,1,0,0,1,78.9
Oily,18-24,6.935440101645116,Low,2582.977018601383,Moderate,15.747441907701628,1,0,0,0,82.6
Combination,25-34,5.590126971321404,Low,2069.204055683789,Moderate,69.4065254259662,0,0,0,0,94.3
Oily,45-54,4.16707121542342,High,1932.7898328710837,Low,86.74008445467615,1,0,0,0,77.9
Oily,25-34,4.983779493324025,High,1652.3581555776523,Moderate,65.07701967663795,1,0,0,0,76.8
Combination,35-44,8.062168210276884,Medium,2187.01941904465,Low,54.14285583882448,0,0,1,0,87.9
Combination,18-24,8.220761903890835,Medium,2159.2852611854614,High,48.89599830391119,0,0,0,0,95.6
Dry,25-34,6.183934279135743,Medium,1637.8907169519068,Extreme,53.67263951475134,1,1,0,0,73.0
Normal,25-34,7.725477714714927,High,2513.208087996561,High,77.37244123815282,0,0,0,0,95.2
Dry,18-24,8.417890116841207,High,2853.02165462689,Moderate,75.91116190008215,1,0,0,0,87.1
Combination,18-24,7.231959937939521,Low,2024.4989839326886,Low,14.132205597485246,0,0,0,0,91.9
Normal,45-54,5.916499564224694,Medium,2151.068821556327,Low,38.044233008456324,0,1,1,1,66.9
Oily,45-54,7.661581169223467,Medium,1447.5326896428978,Moderate,70.8612629623042,0,0,1,0,87.3
Combination,18-24,7.730477061488295,High,2368.5947626868788,Moderate,16.53771768204065,1,0,0,1,71.9
Normal,25-34,7.5109165855254645,Medium,2232.0871084637315,High,72.96591811339445,0,0,0,0,96.8
Combination,55+,8.29810490500336,High,1836.9477602605043,Moderate,43.11597761329559,0,1,1,1,68.6
Oily,18-24,4.956753142118167,High,1628.253740524,Extreme,67.67960409054184,1,0,0,0,76.9
Oily,35-44,6.235106131951387,Medium,2923.7851218108303,Moderate,60.85524447725921,1,0,0,0,84.4
Normal,55+,4.152067981468271,High,2191.3851180365004,Moderate,47.531261333786325,0,0,1,0,76.4
Combination,55+,8.120494057533021,Medium,1541.164352059635,Low,22.823665319780655,0,1,0,1,76.6
Oily,25-34,6.1815328280293755,Medium,2427.7721462076524,Moderate,36.31377737241801,1,0,0,0,80.8
Dry,18-24,7.646221106046123,Medium,2114.828656403898,Moderate,47.1176091786952,0,1,0,0,86.2
Dry,18-24,4.786481877714762,Low,2029.4461651635293,Moderate,46.288262932273774,0,0,0,0,90.3
Combination,45-54,9.101471274539575,Medium,2489.2786477688505,Moderate,78.10592846831815,0,1,1,0,85.0
Sensitive,45-54,5.208491253071088,Medium,693.6184560090535,Low,58.93172174419788,0,0,1,0,79.7
Dry,35-44,8.161844956573688,Medium,1096.480194441158,Moderate,59.25977100803807,0,1,0,0,86.4
Oily,35-44,7.176925256338812,High,2689.609362268314,Low,97.61173393053349,0,0,1,0,88.5
Sensitive,35-44,6.715835833710732,High,1935.5389417764993,Moderate,95.53888223073743,0,0,0,0,93.9
Dry,35-44,6.594759840081739,Medium,1786.6138595606672,Moderate,62.62134682225408,0,0,1,0,85.0
Oily,45-54,6.042905486025805,Medium,1331.1215058336627,Moderate,23.548595926625175,0,1,1,0,71.1
Normal,35-44,8.942794265351154,Medium,2096.9246745746523,Moderate,25.657706705825454,0,0,0,0,94.6
Combination,25-34,6.518919251528364,Medium,2158.6279028382796,Moderate,65.93460384900779,1,0,0,0,83.9
Oily,18-24,5.09616770447017,Low,2720.4073209975813,Moderate,68.49510122544683,1,0,0,0,84.5
Dry,35-44,6.42405969694774,Medium,2186.2225875946565,Moderate,11.374041712661025,0,1,0,0,80.4
Oily,25-34,6.692508540804408,Medium,1848.5960501407928,Moderate,67.49469087693511,0,0,0,0,93.8
Normal,25-34,7.8467079221679885,Low,2202.838375934809,High,35.9471193555248,0,0,0,0,95.7
Dry,45-54,6.093070419224189,High,2554.7442811223045,Moderate,49.865866754268346,0,1,1,1,66.3
Normal,35-44,6.193335166293179,Medium,2445.609840259526,Moderate,82.22256350720605,0,0,0,0,95.5
Oily,45-54,7.035148190721108,Low,2310.717395660872,Extreme,78.30908524560374,0,0,0,0,98.5
Dry,18-24,8.310137229920988,Medium,2137.2909246562763,Low,47.53212272857532,0,0,0,0,95.6
Oily,35-44,4.946868196605956,Low,1709.3363939247743,High,77.20537477110406,1,0,1,0,75.0
Combination,18-24,7.758031946487619,Low,1483.6005937524228,Moderate,40.91214837772451,0,0,0,0,94.6
Combination,45-54,6.303906204807016,High,1404.4969638111565,High,40.25453247920413,1,0,1,1,61.4
Combination,18-24,6.51335112737727,High,2196.983143937529,Moderate,81.49866702244816,0,0,0,0,92.6
Normal,35-44,10.0,Low,2249.1400349675378,Moderate,93.14424860016382,0,0,0,0,100.0
Normal,35-44,6.7052961631727115,High,2547.152241301949,Low,43.91100256624958,1,0,1,0,71.9
Dry,25-34,7.632040625462871,Low,2280.865926124931,High,36.65580270789327,0,1,0,1,80.5
Sensitive,55+,8.078370755805024,Low,2525.4357245729793,High,87.28306798370951,0,0,1,1,86.9
Combination,45-54,5.22996412885224,Low,1934.7266846790403,Low,42.6632109028208,0,1,0,1,75.6
Combination,25-34,3.731908512165644,Low,2385.42123171816,High,70.02031448935529,1,0,0,0,81.2
Oily,18-24,8.231473138625367,Medium,1499.2647440348237,Low,24.38879371838947,1,0,0,0,81.9
Oily,25-34,4.874680711327222,High,1969.9070740620375,Low,42.83398534651984,1,0,0,0,75.0
Oily,25-34,4.003725568143459,Low,1084.2571978807257,Moderate,74.46466109574692,1,0,0,0,79.6
Normal,45-54,8.539243322266296,Medium,2015.7923280528348,Moderate,35.773435623446204,0,0,1,1,79.7
Normal,55+,5.47085989933661,Medium,2612.393242020516,High,35.301871387120684,0,0,1,1,74.7
Sensitive,18-24,5.8412237864734085,Medium,2035.1053250413865,Moderate,74.40628565378758,0,0,0,0,93.2
Oily,25-34,9.461559732633944,Medium,2360.912496086612,Extreme,5.045274882593112,1,0,1,1,69.1
Oily,25-34,4.010396957927643,Medium,2136.5926070456608,High,51.821454790607625,1,0,0,0,77.5
Normal,18-24,5.115570937889611,Low,1714.7870936803195,Moderate,79.03094712921826,0,0,0,0,93.6
Sensitive,25-34,5.810452786289119,Medium,1906.676094824381,High,86.61998725786889,1,0,0,0,84.1
Dry,25-34,6.1396147402483665,Low,2589.842246825426,High,48.75926067611124,0,1,0,0,86.3
Dry,25-34,5.15938207682352,Low,2358.3370279039364,Extreme,50.51569025951324,0,1,0,0,84.1
Sensitive,35-44,5.262017354015626,Medium,1691.2020997733096,Low,100.0,0,0,0,0,93.9
Oily,35-44,9.264991486647897,Medium,1306.2642270507422,High,94.26450532469265,0,0,1,0,92.6
Dry,18-24,7.394479186157073,Medium,2103.423291782237,Low,47.635248267827805,0,1,0,0,85.8
Normal,45-54,7.877753116313782,Medium,1709.0600881151236,Moderate,44.259149061762,0,0,1,1,78.6
Normal,35-44,6.794162235162196,Medium,1911.2824951183588,Moderate,81.43234923041982,0,0,0,0,95.6
Combination,45-54,7.434182423288704,Medium,1272.7887084527608,Extreme,88.26405081545586,0,0,1,1,81.2
Combination,25-34,7.899352491664386,Medium,2520.3764287556473,Moderate,84.46834777227502,0,0,0,0,99.3
Oily,45-54,5.505551478181998,High,1951.5110963664108,Moderate,74.590165558508,0,0,0,0,89.4
Oily,45-54,7.397253994776973,High,2027.3299855673777,Moderate,51.09706127686007,0,0,1,1,76.0
Dry,25-34,7.544063470111837,Medium,1583.534892302416,Low,8.251904472596635,0,0,0,0,89.1
Normal,25-34,8.81719601957639,Low,1861.3076470701908,Moderate,98.45672456101258,0,0,0,0,100.0
Oily,45-54,9.921836469702642,Medium,2061.229888163634,Moderate,100.0,0,0,0,0,100.0
Oily,35-44,7.104789695472642,Low,1693.3713867614938,Moderate,40.8252398452634,0,0,0,0,93.7
Oily,45-54,8.707958424530702,Medium,1892.0691249666652,Low,64.76723687631844,0,1,0,0,89.7
Combination,35-44,3.0,Low,2693.1457122766624,Low,54.480517251594364,0,0,0,0,88.8
Oily,35-44,9.328424364065071,Medium,1124.9790151823443,Low,61.65555617464012,0,1,0,0,89.1
Normal,18-24,5.911174507418794,Low,2092.280850530667,High,39.99064352316423,0,0,0,1,85.0
Dry,25-34,6.138353826518164,High,1607.2669665242547,Moderate,67.28809394792394,0,0,0,0,89.2
Combination,55+,7.6616567265505315,Low,2668.2449949171914,Moderate,21.64845779152863,1,0,1,1,69.8
Oily,25-34,6.269836449026729,Medium,1909.6363495813616,Moderate,40.153524544721776,0,0,0,0,90.4
Normal,18-24,7.294680069352202,High,1476.4227128042307,High,71.83791325803831,0,0,0,0,91.7
Oily,35-44,9.381539452339215,Low,1892.194981157168,Low,10.661933965816495,0,0,0,0,95.6
Combination,35-44,6.423669931981043,High,2174.8171288676567,Low,67.71328715412207,1,0,0,0,81.0
Dry,25-34,4.86961427524917,Medium,3387.8112287884787,Moderate,36.30528830235926,0,0,0,0,90.1
Combination,25-34,9.220195785947826,High,945.0949843351975,High,90.38390997423136,0,0,0,0,96.4
Sensitive,25-34,7.290146325507016,High,1400.4419325077836,Extreme,73.22744747756195,0,0,0,0,91.7
Combination,18-24,9.883358462970195,Low,2652.609440234024,Low,30.324071231930706,1,0,0,0,90.1
Dry,35-44,8.295444865868356,High,1245.5201786836378,High,96.30088887822728,0,1,0,0,87.7
Oily,25-34,4.514608411979845,Low,2004.8159614245606,Low,50.54444114493277,0,0,0,0,90.1
Normal,45-54,7.968077007635322,Low,1758.3175604808746,Moderate,63.281431269960024,0,0,1,0,89.8
Sensitive,45-54,5.5240779011761685,Low,1679.7879766125807,Low,97.1822143594217,0,0,1,1,81.1
Oily,35-44,7.011147703659501,Low,1913.9036921957563,Extreme,44.85561550051534,0,0,0,1,87.3
Normal,25-34,6.386428394588363,Medium,1833.6586394203887,High,86.18215987035327,1,0,0,0,85.1
Dry,25-34,4.073504293050416,Medium,2528.5308071099585,Moderate,64.42662893562206,0,1,0,0,81.6
Oily,25-34,5.28078426565732,Medium,2664.147353721516,Moderate,33.96839832595781,0,0,0,0,89.3
Dry,25-34,9.80778095023865,Medium,2213.1519818303764,Moderate,39.18896694951086,0,0,0,0,98.0
Dry,45-54,7.357566107261746,High,1881.9637310808166,Low,28.59033113920297,0,1,0,1,73.3
Oily,25-34,6.236605798005572,Low,2129.2349354042085,Low,57.69310574041008,1,0,0,1,77.5
Combination,45-54,9.719335329911388,Low,2402.5127833722177,High,55.555570721544875,0,1,0,0,93.8
Oily,18-24,6.405647034896247,Medium,2500.84915320209,Low,57.817596414992856,1,0,0,0,83.6
Oily,18-24,6.86286945704632,High,2185.0234234925065,High,7.457350448132161,1,0,0,1,68.8
Dry,55+,8.486204284184275,Medium,2763.8307760213424,Low,36.9022335060205,0,1,1,0,80.2
Dry,25-34,5.898896302075475,Medium,1691.7439730375772,Low,25.44721111217136,0,1,0,0,79.7
Combination,25-34,5.380218890971248,Low,2569.9781478923774,Extreme,62.324687045732105,0,0,0,0,94.1
Oily,25-34,3.119365376958924,Low,2352.179931380319,Extreme,34.95475657782665,1,0,0,1,69.4
Dry,18-24,5.595252529925858,Medium,1694.9998116323143,Moderate,61.75845596518207,1,0,0,0,80.8
Normal,35-44,5.580958381015581,Medium,2116.3429413389867,Moderate,46.67316362205163,0,0,0,0,90.1
Sensitive,18-24,7.237850043202915,Medium,2150.7147891486666,Moderate,100.0,1,0,0,0,88.8
Oily,25-34,5.584312601408336,Medium,1928.983779821659,Moderate,51.28996791552258,0,0,0,0,90.2
Combination,25-34,9.737028516285793,Medium,1923.532250031064,High,72.89614666618981,0,0,0,0,100.0
Normal,45-54,5.413556604647791,Medium,1237.5861841572023,High,57.16588728918023,0,0,0,1,82.0
Oily,25-34,8.600970030286108,Low,1655.3663934994315,High,73.07146304858207,1,0,0,1,82.8
Oily,18-24,7.329629432691323,Medium,1880.813933905237,Moderate,30.675005417850734,0,0,0,0,91.5
Combination,25-34,7.710161053568584,Low,1713.7158051682998,High,48.950608866851766,1,0,0,1,78.7
Dry,18-24,8.119029392103805,Low,1572.1679657886334,Low,38.373945840389446,0,1,0,0,87.2
Sensitive,18-24,3.672646704531375,Medium,2530.5456765595072,Low,100.0,1,0,0,1,75.4
Oily,18-24,6.982670981535164,Medium,1948.0374566776602,Moderate,20.284779008408666,1,0,0,0,79.9
Oily,25-34,6.1066577941492515,Medium,3083.3708602682163,Low,100.0,1,0,0,0,88.4
Normal,18-24,5.300532857963099,Low,2111.3737495331316,Moderate,15.642647024697709,0,0,0,0,88.4
Combination,25-34,7.189439055823803,High,2520.0775963423484,High,68.39997399435606,1,0,0,0,83.3
Oily,45-54,9.574810473816207,Low,1895.9389775158663,Moderate,44.45385399708469,1,0,0,1,82.4
Combination,35-44,3.0,High,1669.1626170390136,Low,66.37162088583042,0,0,0,0,83.0
Sensitive,18-24,6.198295486237418,Medium,2131.424602567897,High,60.72869176025232,0,0,0,0,92.7
Sensitive,18-24,5.131350753829565,Low,2647.758035380574,Low,44.2383176535562,0,0,0,0,92.0
Dry,35-44,7.10766673935654,Low,1955.4637822728039,Extreme,62.026405034333656,0,0,0,0,96.3
Dry,45-54,6.511568075275006,Low,2223.3890918905963,Low,49.57236646169116,0,1,0,0,86.4
Combination,18-24,6.091484180864233,Medium,2128.7802157261963,High,64.28446827522401,1,0,0,1,75.9
Normal,45-54,8.034260242493588,High,1950.999538870094,Extreme,34.86291766722702,0,1,1,1,67.5
Dry,25-34,8.954271951585648,Medium,1976.587767294382,Extreme,61.81183997161425,0,0,0,0,98.0
Normal,25-34,10.0,Medium,1500.7626856398792,High,71.6028930629167,0,0,0,0,100.0
Oily,55+,5.890556427297119,High,1994.4557332483769,High,47.293925251955635,0,0,1,1,72.5
Normal,35-44,4.268686672272896,Medium,2326.6469816971653,Moderate,26.929589926423546,0,0,0,0,85.9
Normal,45-54,7.83879465111751,Medium,2147.85605907185,Moderate,100.0,0,0,0,0,100.0
Oily,25-34,8.915727102984805,High,2092.090263818227,Moderate,61.674716940838934,1,0,0,1,78.2
Oily,25-34,7.720534950561092,Low,2362.505723110431,High,31.973221851346263,1,0,0,1,78.4
Dry,35-44,9.409520559295466,Medium,2097.4674551759417,High,72.34637172290273,0,1,0,0,92.2
Normal,25-34,6.161769994096821,Medium,2006.9579694259103,High,8.108370808799066,0,0,0,1,80.1
Dry,25-34,5.585638340340307,Low,2367.5802034805156,Moderate,79.40919000911646,0,1,0,0,87.8
Normal,18-24,7.1731538611019685,Medium,2068.299809174484,Moderate,100.0,0,0,0,0,98.5
Dry,18-24,6.5041702189496675,Low,1881.702352928779,Extreme,70.60223255407121,0,0,0,0,95.8
Dry,25-34,7.494641032010516,Low,2234.1351275734673,Low,24.923420296917044,0,1,0,0,85.9
Dry,35-44,8.454651667005237,Low,1982.3907972163893,Low,10.2731255454568,0,0,1,0,85.9
Combination,45-54,8.57212549685783,High,1859.2432714063987,Extreme,94.10050098236654,0,1,1,0,81.3
Oily,25-34,7.265889006206585,High,2077.711112600372,Moderate,46.313187913390124,1,0,0,0,80.3
Combination,35-44,7.368733490012949,Low,2083.5454229603656,Moderate,50.21425547490725,0,0,0,0,95.9
Oily,18-24,8.191640033876272,Low,1448.1876380325077,High,79.1246027317219,1,0,0,0,89.2
Oily,45-54,4.055512138520918,Medium,2166.6152336500613,High,45.24056173226735,0,0,1,1,72.0
Dry,25-34,6.815856128500913,Medium,2923.2564245425847,Low,69.05798713503118,1,0,0,0,86.4
Normal,35-44,7.0787170857556765,High,1510.1944040957478,Low,60.59306375781689,0,0,0,0,90.2
Dry,35-44,7.319620593957332,High,1748.712138180756,High,66.17394491402284,0,0,1,0,83.8
Dry,25-34,6.368564680618653,Medium,3390.013111619474,High,90.73165957919255,0,1,0,0,90.6
Oily,25-34,7.147783240192424,Medium,1588.933655839235,Low,37.777069354815616,0,0,0,0,91.3
Normal,55+,6.138095617698977,Low,2643.1950385815003,High,35.49223112506019,0,1,1,1,70.1
Normal,18-24,8.694285144180444,Low,1885.6469221546333,Moderate,44.944107035051715,0,0,0,0,97.7
Sensitive,35-44,7.710474666120211,Medium,2030.0699961548612,Moderate,44.92783198503847,0,0,1,0,86.0
Dry,55+,7.2260287868257915,Medium,1934.4160964732528,Extreme,73.41060875864915,0,1,1,1,72.7
Normal,25-34,5.45372514404582,High,2212.850310740333,Moderate,70.08848556338181,0,0,0,0,89.3
Oily,45-54,8.222975327811858,Medium,1210.1234117505123,Low,59.76607367261855,0,0,1,0,86.8
Dry,45-54,7.309989547741736,Low,2093.130228699096,Low,36.897268913757095,0,1,0,1,79.5
Combination,35-44,5.866774909694625,Medium,1798.319075317718,Moderate,0.0,0,0,0,0,85.3
Normal,18-24,6.915007686380142,High,1068.4630525280018,Extreme,29.15798975205356,0,1,0,1,70.9
Oily,25-34,7.443623928861859,Medium,2560.444513844611,Low,44.22188335770219,1,0,0,0,84.4
Combination,18-24,7.827360308229737,Low,946.248616669101,Moderate,2.5214908988597884,1,0,0,1,72.8
Normal,45-54,7.730513451712232,High,3074.2231151963556,High,100.0,0,1,1,0,82.6
Oily,45-54,7.138797087611616,Medium,2308.476592577104,Low,70.38793399918582,1,1,0,1,70.9
Sensitive,35-44,8.538729299952845,Medium,1319.5021056111416,High,88.61050402749859,0,0,1,0,90.6
Dry,25-34,8.356694755717415,Medium,2669.0468240086025,Low,46.25001235259713,0,1,0,0,88.7
Oily,18-24,8.10598392351331,Medium,1624.8102661541184,Low,68.43842160115324,1,0,0,1,79.3
Normal,35-44,6.118823087716439,Medium,1647.5880585599168,Extreme,52.47803113678135,0,0,0,0,90.8
Normal,35-44,5.412907424064223,Medium,1099.5148436153718,Moderate,55.95074000501857,0,0,0,0,88.6
Oily,45-54,6.184090349542609,Medium,1568.0185500534637,High,95.12463732941325,1,0,0,1,78.0
Combination,35-44,9.930485121965084,Low,1626.9156140507696,High,87.44993554973726,0,0,0,0,100.0
Oily,45-54,7.4225438707410305,Low,2409.0730428126044,Moderate,59.72631669954519,1,1,0,1,72.6
Combination,35-44,10.0,High,2583.5969330646285,Moderate,100.0,0,0,0,0,100.0
Sensitive,35-44,6.819702484618845,Medium,1379.605610677878,High,72.94939250875711,0,0,0,0,93.7
Oily,25-34,6.111779494260618,Medium,2135.269984678939,Moderate,37.355342849530295,1,0,0,0,80.2
Normal,45-54,6.888915195033889,Low,1079.8726733712474,Moderate,63.17393521057945,0,0,1,0,86.3
Dry,35-44,6.861738879920044,Low,2137.172387444346,High,67.52200124562813,0,1,1,0,80.8
Sensitive,25-34,5.339523632198413,Medium,3081.04009037046,High,35.18984358418528,0,0,0,0,90.4
Combination,18-24,5.276727597749985,Low,1110.0937855979012,Low,62.187065314283295,1,0,0,0,81.0
Normal,25-34,7.252004940771294,Medium,1492.6667289165835,Low,100.0,1,0,0,0,87.5
Dry,25-34,8.082351076396044,High,2363.6376072868106,Low,73.7516668198772,0,1,0,0,87.3
Dry,25-34,10.0,Low,2422.5972374850803,Moderate,66.60172685384964,0,0,0,0,100.0
Sensitive,18-24,6.349430639963466,High,1529.4416274629973,Extreme,77.01006254517279,0,0,0,0,90.5
Normal,25-34,5.971016769703888,Medium,2736.7908676790476,High,25.053809284918234,0,0,1,1,74.9
Dry,18-24,5.843156058323474,Low,1592.2107837636634,Low,25.088544128976796,0,1,0,0,81.4
Combination,45-54,8.68859114406035,Medium,2836.7338038014996,High,64.07781671946606,0,0,0,1,92.5
Oily,25-34,7.722481182194397,Low,2234.3258440204622,High,39.29505303570013,1,0,0,1,78.8
Oily,25-34,5.1845981271882104,Medium,2635.6075260185153,High,13.833697964995686,0,0,1,1,72.0
Normal,18-24,5.646702869540585,Low,2185.4140631327305,Moderate,41.23516116319365,0,0,0,0,91.8
Oily,25-34,7.928772137893846,Medium,2328.482052177165,High,61.267047844883415,0,0,0,0,96.6
Oily,25-34,7.074794226812612,Medium,2355.0662632896183,High,64.50755547382984,0,0,0,0,95.3
Sensitive,45-54,8.137583069516715,Low,2572.393271316697,High,54.18096332685475,0,0,0,0,98.8
Oily,35-44,5.675847282491631,Low,1983.5860999212841,Low,58.85210961210618,0,0,0,0,93.2
Oily,18-24,4.18341270413469,Medium,1550.0480824572758,High,60.369190502918535,0,0,0,0,87.5
Dry,35-44,5.687552474979745,Medium,1960.5304364985018,High,28.293439200377655,0,1,0,0,80.1
Normal,18-24,8.03165009501684,High,1666.2560843795334,Low,30.689131835921014,1,0,0,1,72.5
Oily,55+,10.0,Low,1698.9639460812177,Low,49.670245021537035,0,0,1,0,92.4
Combination,55+,6.355804015708587,Medium,2827.388619900204,High,27.269704298144816,0,0,1,1,76.1
Combination,25-34,9.913783822815299,Medium,2311.363945378173,Moderate,41.801564239844666,0,0,0,0,98.6
Dry,35-44,8.244729651237533,Low,2288.3687411164574,Moderate,100.0,0,1,1,0,87.1
Dry,45-54,4.910451547436761,Medium,2536.321771210563,Moderate,22.31938160843353,0,1,1,0,71.1
Normal,35-44,7.321050756716548,Low,2308.755246382697,Low,95.6164420809119,0,0,0,0,100.0
Sensitive,35-44,8.295961417617791,Medium,2933.5387474168874,Extreme,83.54163446691032,0,0,0,0,100.0
Normal,55+,3.3617756521709703,Medium,952.6778358436079,High,19.399538163620612,0,0,1,1,65.6
Combination,25-34,7.466676736870073,Low,1501.203694101611,Low,66.96474668412571,1,0,0,0,86.6
Oily,35-44,8.759081769734669,Medium,1649.6640759134145,Low,61.07249905793708,0,0,0,0,96.9
Sensitive,45-54,7.598302186196715,Medium,1312.1417612645514,Moderate,100.0,0,0,0,0,97.8
Combination,35-44,6.907418183977865,Medium,2056.4613856606466,Moderate,76.51234122935116,1,0,1,1,70.6
Combination,35-44,6.74061012549789,Low,2079.9663477149825,Low,64.9080958581832,0,0,1,0,88.1
Oily,18-24,6.653016508462267,Low,2987.6681193094396,High,42.33892082486417,1,0,0,0,85.5
Oily,25-34,4.736030294349336,Medium,2451.894570926353,High,79.22293922550344,1,0,0,0,82.3
Dry,18-24,5.968714252142549,Low,1746.236784255962,High,40.199004474020214,0,1,0,0,83.4
Combination,25-34,5.87510893152176,Medium,2247.1797402487073,High,14.995412581050601,1,0,1,1,62.7
Normal,25-34,6.670241519338614,Medium,1086.5099397856782,High,2.6031844121714514,0,0,0,0,85.8
Sensitive,55+,6.1647778635144,High,2071.1276132480343,Moderate,34.10001083137425,0,1,1,0,70.9
Combination,35-44,5.696306136253105,Medium,2044.3936573059864,Extreme,80.0741260848782,0,0,1,0,85.5
Oily,35-44,8.139656288688768,Medium,1548.951301317516,High,50.91942575793199,1,0,1,0,76.5
Combination,25-34,7.055920957921783,Medium,1899.4013156355227,Moderate,30.69981839335613,1,0,0,0,81.0
Dry,45-54,6.19115569481565,High,1653.7312553617414,High,49.16075673057947,0,1,1,1,64.6
Oily,35-44,7.759417707231381,Low,1533.727340888869,Low,80.73608789964528,0,0,0,0,98.7
Oily,35-44,6.320263159471097,Low,2337.249570263938,Extreme,75.83299889325266,0,0,1,0,88.9
Dry,25-34,6.59459754423218,Low,2516.955596907502,Low,54.050106757827244,1,1,0,1,70.6
Combination,25-34,7.962566082084301,Medium,2254.9977704907396,Moderate,35.005113191739795,0,0,0,0,93.9
Oily,35-44,6.094388360250605,Low,1780.9476652902083,Low,50.23618208527696,0,0,1,0,84.8
Dry,25-34,4.741382588249385,Low,1668.7232017006572,High,46.69174876558363,0,0,0,1,82.5
Dry,45-54,6.782298125467987,Medium,1796.500008656784,Extreme,37.63395898628361,0,1,1,1,67.9
Combination,45-54,4.954802475721807,High,1889.9960529056539,Moderate,57.23706306584985,0,0,0,1,79.4
Normal,55+,6.583827235973537,High,1563.9548709041048,High,26.330521967741756,0,0,1,1,70.9
Combination,35-44,6.579043781029815,Medium,2526.911993588011,Moderate,69.14516200080091,0,0,0,0,95.1
Oily,55+,3.3044738141416556,Medium,1898.8631343047912,Low,61.9542288010574,1,1,1,0,60.6
Oily,45-54,7.7959527456167645,High,2382.4404249892027,Low,87.9302725041498,1,0,1,1,71.1
Oily,25-34,6.225965349978019,High,1300.0395787972056,Moderate,56.511930770944474,1,0,0,1,70.7
Oily,25-34,8.272844679157904,High,1655.8297543360054,Moderate,55.71905724942882,1,0,0,0,82.4
Combination,18-24,7.323297969691124,Medium,2429.6966985762842,High,29.106866946948646,0,0,0,0,92.4
Oily,18-24,8.103412855473323,Low,2436.7729882086805,Low,48.81211910068758,1,0,0,0,88.0
Combination,18-24,8.785058129810565,Low,1398.7350275955782,Low,24.436885545622783,1,0,0,0,84.8
Normal,18-24,6.802424375843881,High,2151.5344379987228,Low,7.3928350748205816,0,0,0,0,85.6
Oily,35-44,6.998765216704147,Low,2164.657139275906,Low,53.37108760101028,0,0,1,0,87.7
Sensitive,25-34,4.139685164914653,Low,1645.8933106484424,Low,52.40588976978844,0,0,0,0,88.8
Combination,25-34,8.359306617851361,Medium,2178.498996514775,Low,65.28568269891912,1,0,0,0,87.6
Oily,35-44,6.781453900417668,Low,1209.7741501543996,Moderate,35.95714692806294,1,0,0,0,81.6
Dry,45-54,5.491404174478028,High,1536.5540735146828,High,100.0,0,0,1,1,76.1
Oily,55+,8.109583729731142,Low,2299.478972828079,Low,38.0017754357056,1,0,1,1,71.6
Oily,35-44,3.7303282120536223,Low,2014.7501293501446,High,58.241958808188876,0,0,1,0,81.3
Combination,25-34,5.8560886656902325,High,2040.7101637926592,Moderate,35.828636457936106,1,0,0,1,69.4
Combination,25-34,7.862466561817762,Medium,1912.4586576071874,Moderate,69.4455723435099,0,0,0,0,96.5
Oily,18-24,6.3434172220511424,High,2268.4512907662083,High,44.655200391843415,1,0,0,1,71.7
Sensitive,18-24,5.923117073577128,Medium,2292.548446706507,Moderate,40.518185217708975,0,0,0,0,90.5
Dry,25-34,5.875767804330574,Medium,2395.7490563779893,Extreme,4.163010513606849,1,1,0,1,62.0
Oily,55+,3.9851061032971393,Low,2062.8346001309214,Low,64.3479594941215,0,0,1,0,82.5
Dry,18-24,8.07321764767455,Medium,1805.794079784735,Moderate,66.24524704224315,1,0,0,1,79.4
Dry,18-24,6.81567093703463,Low,1721.4917952401718,Low,58.56803778496261,1,0,0,1,77.9
Dry,18-24,6.591513085007857,High,1471.5766709718544,Moderate,44.61891233783265,1,1,0,0,69.6
Oily,35-44,6.596997075386438,Low,1798.6050893157394,Moderate,52.01967077764515,0,0,1,0,86.0
Dry,25-34,6.521119697696877,Low,1696.8078384785847,Extreme,69.43782891582262,0,1,0,0,87.4
Normal,25-34,7.4801560560081,High,2800.7893771289164,Moderate,47.47371888431018,1,0,0,0,82.3
Combination,18-24,6.921904688201127,Medium,1476.531204409498,Moderate,78.113236801509,1,0,0,1,77.6
Dry,25-34,4.457545177730282,Medium,2518.6810587416985,Extreme,47.52381857499978,0,0,0,0,88.7
Normal,18-24,7.8632741823161005,Medium,1866.1310283375894,Moderate,46.61682804733609,0,0,0,0,94.1
Combination,25-34,7.247854536506339,Low,1896.7635229547454,Moderate,59.271369060530084,0,0,0,0,96.2
Sensitive,18-24,7.30829049732469,Low,2200.594045305696,Extreme,99.79352442800248,1,0,0,0,91.0
Sensitive,35-44,8.612861960441979,High,1290.731223938446,High,100.0,0,0,0,0,96.8
Oily,25-34,6.545568014619438,Low,1600.0124658599275,Extreme,48.79408011997056,1,0,0,1,76.2
Normal,35-44,8.667064133483883,Medium,1379.4306100243575,Moderate,50.65671171948426,0,0,0,0,95.2
Dry,25-34,8.610816532217594,Medium,1809.8708485782286,Moderate,19.79203751498529,0,1,0,0,84.8
Normal,25-34,7.373469328286724,Low,1545.4024291100752,Low,67.30191691721899,0,0,0,0,96.6
Sensitive,18-24,5.878099567183094,Medium,2658.5715886528965,High,20.4049642136414,0,0,0,0,89.1
Normal,25-34,6.3038214222463385,Medium,1708.328262999619,Extreme,92.63047542174067,1,0,0,0,85.3
Oily,25-34,8.35828405108756,High,810.7520798857722,Low,71.07830866824206,1,0,0,1,75.4
Oily,25-34,4.25355820089574,Low,1832.7836047009791,Low,31.350975450294534,1,0,0,0,77.3
Oily,35-44,6.412069497732087,Low,2403.7277109633915,Low,90.77230611040235,1,0,0,1,81.7
Combination,45-54,6.485552745329884,High,2815.134225728092,Moderate,73.70453358020023,0,0,0,1,86.0
Oily,35-44,5.7021840994694,Medium,1885.2533898569804,Low,71.69227626301803,1,0,0,0,82.3
Normal,18-24,8.30931842487818,Medium,1741.549965981725,Moderate,43.326858325404686,0,0,0,0,94.4
Oily,35-44,7.565222606561166,Medium,1992.7740191997366,Moderate,73.81639252144265,1,0,1,0,78.5
Dry,18-24,5.933412465099262,Medium,2207.5280697675516,Extreme,14.580572654587918,1,1,0,1,62.7
Normal,35-44,7.908269380353759,Medium,1435.557996396935,Moderate,61.57133145929285,0,1,0,0,86.8
Dry,25-34,6.262375647997673,Low,1877.7748192577576,Moderate,33.0031053370819,1,1,0,0,73.6
Dry,18-24,5.664708140166486,Medium,1975.2327181573953,Moderate,42.79862801800508,0,0,0,0,89.6
Combination,45-54,5.930622384635699,Low,2022.9016279463638,Low,42.77712438648497,0,0,0,0,92.2
Sensitive,35-44,7.65407661216391,High,1927.7285076506337,Moderate,59.05747820509996,0,0,1,0,84.1
Sensitive,25-34,7.908514817782757,Low,1532.108997252073,High,97.21114731704758,0,0,0,0,100.0
Sensitive,18-24,6.2698476505678205,High,2169.371329218502,Extreme,29.17828335067359,0,0,1,1,71.8
Oily,25-34,7.316662000503517,Medium,1977.7136169758971,Low,60.21656333794037,0,0,0,0,94.6
Normal,45-54,9.372631236366225,Low,1976.4977249522356,High,31.732771963719255,0,1,1,1,74.9
Oily,25-34,4.611694165444621,Medium,1458.735927055337,Low,83.03759560909208,1,0,0,1,73.4
Combination,55+,7.533504809257936,Low,2320.093911245156,High,60.69501819918149,0,0,1,0,89.8
Sensitive,18-24,8.245983536943113,Low,1526.032355241124,Moderate,29.882753188305173,0,0,0,0,94.5
Combination,25-34,6.357275275101754,Low,2808.218950348697,Low,58.366685471475144,0,0,0,0,96.2
Normal,35-44,8.857424816283471,High,1410.3727150803543,Moderate,42.60339207631226,0,0,0,0,91.8
Sensitive,25-34,9.798255557391926,Low,2381.107971760089,High,70.67193972343446,0,0,0,0,100.0
Oily,18-24,7.515033022579455,High,1045.908362727629,Low,16.789367223153718,1,0,0,1,68.8
Normal,25-34,6.149615401583001,Low,870.8466389689877,Low,80.77401456577513,1,1,0,0,76.1
Oily,35-44,8.465474211492936,Medium,1722.6164528292884,High,10.064761691029148,0,0,0,1,84.4
Normal,35-44,8.263103290566852,High,870.14971359631,Moderate,39.81064267084015,0,1,0,0,81.2
Dry,35-44,3.2217535676227236,High,2364.861575290381,High,32.950539738903714,0,1,1,1,58.5
Oily,35-44,6.99589666586333,Low,1989.098270444321,Low,69.48134278985734,1,0,1,0,78.9
Oily,35-44,6.408100799891329,Medium,2700.515314025576,High,47.687140788741296,0,0,1,1,78.0
Dry,18-24,7.595058537270875,Low,1916.4033009873667,Moderate,45.39000919192737,0,1,0,0,87.6
Combination,25-34,6.2095125795593145,Medium,2121.575123833305,High,33.96170601247995,1,0,0,1,73.1
Dry,35-44,6.872235861593498,Medium,1865.902726625461,Low,25.78889856745449,0,0,1,0,82.1
Oily,55+,5.705180860808378,Medium,1563.0347280118413,High,44.286448868318764,0,1,1,0,73.0
Combination,18-24,8.101793827636731,Medium,1796.612824563139,Moderate,17.427602721988933,0,0,0,0,91.5
Sensitive,25-34,8.982563332203098,Low,1398.0237373791092,Moderate,19.1990645706271,0,0,0,0,94.7
Normal,25-34,5.228492076177448,Low,2193.7092951531035,Low,65.64799521926389,0,0,0,0,93.4
Dry,18-24,4.90441746527954,Low,1846.0762916986623,Moderate,19.023347549711318,1,1,0,0,69.4
Oily,25-34,6.530004829741196,High,1949.8762050506823,Moderate,86.4278072776591,0,0,0,0,92.6
Normal,35-44,6.957016508447104,Low,3411.8651371394444,High,95.44162036586548,0,0,0,0,100.0
Dry,18-24,8.75639917918054,Medium,1798.4751055727734,High,72.14229367866054,0,0,0,0,98.3
Combination,35-44,5.156207571432201,Medium,2156.879395969896,Moderate,31.60532051152819,0,0,0,0,87.8
Normal,45-54,6.193067237463854,Medium,1972.932311724552,Low,100.0,0,1,0,1,81.3
Combination,55+,3.778445141099721,Medium,2578.797128318177,Extreme,0.0,0,1,1,1,59.7
Combination,18-24,9.062475454317735,Medium,2119.2291666389488,Extreme,27.92498968709351,0,0,1,1,80.2
Sensitive,25-34,6.875816942485045,Medium,1864.2886444035055,Low,85.83047815994449,1,0,0,0,86.1
Oily,25-34,5.804850629028805,Medium,3146.258286898348,Moderate,68.86737835714806,1,0,0,1,77.8
Sensitive,25-34,4.516592782113236,High,1570.1576773773754,Low,46.87147774986544,1,0,0,1,66.9
Oily,25-34,4.654285912734124,High,1903.0804133777856,High,30.358717715951066,1,0,0,1,66.2
Dry,35-44,7.621400349687087,Medium,2458.24121671325,Low,54.61524235332107,0,0,0,0,95.6
Normal,18-24,5.338862431598935,Low,1590.9330068765792,Extreme,47.82554360999789,1,0,0,1,73.6
Normal,55+,7.156008134722854,Medium,2382.806045967701,Moderate,38.26393552036089,0,1,1,0,76.9
Combination,45-54,10.0,Medium,1760.2642589153675,Low,100.0,0,0,0,1,96.5
Oily,35-44,6.478618565582769,Medium,2501.618130572524,High,42.90922111435067,0,0,1,0,84.3
Oily,35-44,5.557833334038431,Medium,2488.505761422627,Moderate,96.66168113850014,1,0,0,0,85.8
Normal,25-34,7.073010808179145,Medium,1954.9582360042398,Moderate,60.14827934645304,1,0,0,0,84.1
Dry,35-44,5.161312388827409,Medium,1499.7633753985526,Low,85.47973540686856,0,1,1,0,75.9
Normal,25-34,9.079976795494105,Low,1804.2621741178546,Moderate,12.62720574421229,0,0,0,0,95.0
Combination,45-54,9.105429502792504,Medium,1992.5918537697523,Extreme,85.69977932489557,0,0,0,0,100.0
Normal,18-24,6.753742571569534,Low,2444.1356058475167,Moderate,74.81507565219756,0,0,0,0,97.9
Normal,25-34,5.1540602278636705,Medium,2160.290038805715,Low,33.34920485736171,0,0,0,0,88.0
Oily,25-34,5.86134519083696,Low,2268.9537709989327,Moderate,71.19844689894671,1,0,0,0,85.4
Oily,25-34,6.056501581871857,Low,2174.6644547392475,Moderate,13.002190267561694,1,0,0,1,72.8
Oily,25-34,7.075350697560597,Low,2423.109507518921,Low,38.1342936986652,1,0,0,0,84.8
Oily,25-34,8.059448493951674,High,1899.794508739414,Low,79.17750983550864,1,0,0,0,84.8
Sensitive,45-54,5.445231053862115,Medium,2082.444980286993,Low,70.45066821694078,0,0,0,1,85.1
Dry,25-34,8.016364348014116,Medium,2014.1875310331584,Moderate,43.39422155906875,0,1,0,0,86.4
Normal,25-34,7.426528419216947,Medium,1781.0221822263743,Moderate,85.11396405077843,0,0,0,0,96.9
Oily,18-24,6.238315763790091,Medium,2505.853653940017,Moderate,1.162800238330206,1,0,0,0,77.6
Combination,25-34,4.869932156484484,Medium,2495.320987009752,Low,45.55885419077499,0,0,0,0,89.3
Oily,25-34,6.674349075938852,Medium,2602.8944019914998,High,48.34912821720257,0,0,1,0,85.4
Normal,35-44,5.410617274446874,Low,1618.1502720317833,High,40.08146732876303,0,0,0,0,90.1
Combination,18-24,8.535521273743909,Low,2175.404575538765,High,84.35370427345543,0,0,0,0,100.0
Dry,18-24,5.314175841801693,Low,2546.1835222085465,Moderate,27.248323917600867,1,0,0,0,80.4
Dry,25-34,7.321559289744716,Medium,2751.4482116271174,High,27.561795431064485,0,1,0,0,84.9
Normal,25-34,6.379075452777377,Low,1245.6842090632126,Moderate,0.0,0,0,0,0,87.2
Normal,25-34,5.659062673437198,Medium,1998.5569099302186,Moderate,77.76873665848238,0,0,0,0,93.1
Dry,35-44,6.845752740521064,Medium,1905.391888082852,Low,51.76698288897719,0,1,0,0,84.7
Oily,25-34,8.119974754451302,Low,2795.4202847050997,Low,41.8109819172963,1,0,0,0,88.0
Dry,25-34,4.711613886509316,High,895.3250909636718,Low,44.66955329140486,1,1,0,0,64.7
Dry,35-44,6.381765167212275,High,1476.3416863183563,Moderate,89.83145981482241,0,0,0,0,91.7
Oily,18-24,5.872384652969218,Low,2716.516310048184,Extreme,90.32154897903965,1,0,0,0,88.2
Sensitive,35-44,6.9420742996769285,High,1765.140047395279,Low,31.688514733496504,0,0,1,0,79.6
Combination,25-34,5.472978661231019,Medium,1349.2700601534823,Moderate,38.42697321565729,0,0,0,0,87.5
Combination,25-34,3.8478781364200785,Medium,2756.0185707660776,Moderate,21.62089951158806,1,0,0,0,75.4
Normal,45-54,5.417293679601457,Low,1284.0926513872814,Moderate,54.4084068705722,0,0,0,0,90.8
Normal,18-24,9.456632527807168,Low,2511.018027828124,Low,47.723526835697704,0,0,0,0,100.0
Oily,45-54,7.370092316929409,High,1219.871935245601,Low,17.032824615492558,1,1,0,1,60.9
Normal,25-34,6.818543080712116,High,1278.7343449648115,Low,59.21662394479215,0,0,0,0,89.1
Sensitive,35-44,6.576081414987042,Medium,2100.070661489788,High,63.770399895778695,0,0,0,0,93.7
Normal,45-54,6.922561863836246,High,1575.8454748847862,Low,79.5122052413305,1,0,1,1,66.9
Oily,45-54,6.35528211575293,Medium,2136.1675333808957,Moderate,60.75745046477792,0,0,1,1,78.1
Oily,35-44,7.790392796561598,Low,2901.022454142493,Extreme,17.094687658290013,1,0,1,1,70.1
Dry,35-44,7.15121328138906,Medium,1922.4930546181824,Moderate,75.36592433181815,0,1,1,0,79.7
Normal,25-34,4.743097684762077,Low,2813.893660196991,Moderate,16.4984399467791,0,0,0,0,88.8
Oily,25-34,6.880586754656289,Medium,2162.1458771603807,Moderate,19.21281867883437,0,0,0,0,90.0
Oily,18-24,3.311887115092674,High,2477.936212212018,Moderate,42.08040910502207,1,0,0,0,72.8
Combination,18-24,7.620788799516678,Medium,823.3835863565976,Moderate,42.87249240961668,1,0,0,1,74.2
Normal,45-54,4.885964714745218,Medium,2318.152348174424,High,16.16327266723168,0,0,1,1,71.0
Sensitive,18-24,6.855917370744886,Medium,2241.3817927329474,Moderate,61.30502590361724,0,0,0,0,94.3
Combination,18-24,5.208058595205716,Low,1819.9653740071226,Moderate,47.77509924288144,1,0,0,0,80.8
Oily,35-44,7.004234799299645,Medium,2947.7654531076278,Extreme,56.79703439122227,0,0,1,0,87.6
Combination,18-24,7.867417778914334,Medium,1753.3958078400995,High,7.800801651378762,0,0,1,1,75.0
Normal,25-34,8.75424062787437,Medium,1195.562889072335,Moderate,53.59769365846649,1,0,0,0,85.3
Sensitive,25-34,4.187963517482782,High,2390.9785218733705,Moderate,80.48815020447923,0,0,0,0,88.2
Dry,25-34,7.963209433506702,Low,1288.1618437825068,High,16.335103258187466,0,0,0,0,92.1
Oily,35-44,7.196729058066207,Medium,2038.29340365692,High,33.11112947530872,0,0,0,0,91.8
Oily,25-34,5.823999270763064,Medium,2669.932131458542,Low,69.68352153555041,1,0,0,0,84.0
Normal,25-34,7.63978475758919,Low,2249.2391573000023,Moderate,89.4994066306094,0,0,0,0,100.0
Sensitive,35-44,6.64611272337219,Medium,1876.3059089799087,Low,70.84073730291294,0,0,0,0,94.1
Normal,25-34,7.576295774601018,Low,1824.436877507552,Moderate,38.760675106797414,0,0,0,0,94.7
Dry,35-44,5.511595430308008,Medium,2632.6713143319894,Extreme,64.95553679619469,0,0,0,0,92.8
Oily,45-54,6.050504451555561,Medium,1390.0425115544867,Moderate,93.90854444533886,0,1,1,1,71.3
Sensitive,25-34,7.915400079191899,Low,2387.5275363739975,Low,43.74916286648949,0,0,0,0,97.0
Oily,25-34,8.728100785355632,High,3096.804386298851,Low,37.899347027664845,1,0,0,1,77.4
Dry,18-24,6.947452151270726,Medium,2271.7183774603586,Moderate,37.243135650809556,0,0,0,0,92.2
Oily,35-44,3.0,Low,1880.9908104074095,Low,24.582449760826563,0,0,0,0,84.2
Combination,18-24,6.701426076087317,Medium,1919.9672982274092,Moderate,71.31969170005138,1,0,0,0,84.4
Normal,25-34,6.548639176733644,High,1759.8098106927496,High,56.52843817378702,1,0,0,0,79.3
Normal,45-54,6.650839934960242,Low,1674.4774670434822,High,9.56812580952208,0,1,1,1,66.6
Oily,25-34,7.004507842498297,Medium,2058.8878487296956,Low,49.71622476532685,1,0,0,0,83.1
Combination,25-34,5.784635108604017,Medium,2339.7422669966636,High,91.5563436501747,1,0,0,0,85.4
Normal,35-44,8.25830629101704,Medium,2805.386746132693,Low,66.88524874014281,0,0,0,0,98.8
Dry,25-34,4.749930090903437,Low,1021.7300127058862,Moderate,90.09975009818999,0,1,0,0,84.6
Oily,35-44,8.855273061031212,Medium,780.476705124195,Extreme,45.996520846745426,1,0,1,1,68.9
Combination,35-44,9.32511823594164,High,2815.039716046758,Low,84.15463920946277,1,0,0,0,89.7
Sensitive,18-24,5.630410392909539,High,2028.5683802917138,Low,97.87313574076006,1,0,0,0,82.1
Dry,45-54,5.629600261595406,Low,2054.7543814274272,Moderate,58.18174996965341,0,1,0,1,78.2
Oily,18-24,7.616042970666292,Medium,2250.647894319226,Extreme,39.72154080215946,1,0,0,0,83.7
Oily,55+,5.2191693853856655,Low,1906.5701590914673,Low,77.4995108415944,0,1,1,0,78.0
Normal,18-24,6.26109569334652,Medium,2987.578294489758,Low,63.501783074571414,1,0,0,0,84.8
Oily,25-34,8.153790434684021,Low,2245.91435881164,Moderate,73.85009804099857,0,0,0,0,100.0
Dry,18-24,8.106410146715444,Low,1776.1998912996123,Low,60.32747572617848,0,1,0,0,89.8
Dry,18-24,9.970294512534384,Medium,1820.9086974809618,Low,48.00861515037704,1,1,0,1,73.4
Sensitive,35-44,7.256176221400311,Low,1928.2344827565632,Low,72.78143374060659,0,0,0,0,97.6
Oily,35-44,6.083742996582721,Medium,1611.4470941262462,Moderate,51.130325091218964,0,0,0,0,90.5
Dry,35-44,7.076865267479531,High,2844.7436852356886,Moderate,70.00678592549284,0,1,1,0,77.8
Oily,25-34,6.274117490887048,High,2061.97920307729,High,45.56686807976608,1,0,0,1,71.2
Dry,25-34,6.295164336195297,Low,1414.7496998856786,Low,56.33415073125157,1,1,0,0,75.1
Oily,35-44,6.964294437856401,Medium,2202.601032115374,Moderate,40.182507499264545,0,0,0,0,92.4
Oily,25-34,5.102349936730645,Medium,2719.521492289614,Moderate,28.709074796517367,1,0,0,1,71.5
Oily,35-44,7.423326632455964,Medium,2530.4081868611643,Low,74.60373028940215,0,0,1,0,89.4
Combination,35-44,4.887005098362113,High,1620.0947572459452,Moderate,69.71183825122068,1,0,0,0,77.0
Sensitive,18-24,5.924760088137829,Medium,1445.464351930691,High,54.25117698143993,0,0,0,0,90.2
Oily,35-44,6.821681855290274,Medium,2713.661142589018,Extreme,94.42234758770677,0,0,0,0,98.5
Normal,35-44,3.6106700310166127,Low,1187.8448210958777,Moderate,39.473094943405016,0,1,0,0,77.5
Oily,35-44,8.153487304517377,Medium,2185.4587796263663,High,70.93339789975113,0,0,0,0,97.8
Dry,18-24,3.9202682352287423,Medium,1715.7373516035184,High,61.44276683252113,1,1,0,0,69.4
Normal,25-34,7.5043815363472675,Low,2656.8215229349853,Extreme,51.337110304899724,1,0,0,1,80.5
Combination,25-34,4.560786065107757,Low,1472.6328861011195,High,81.65462338732172,0,0,0,0,92.2
Sensitive,25-34,5.892621963944751,Low,1601.7655301144212,Low,100.0,0,0,0,0,97.0
Sensitive,18-24,7.778695970424144,Low,2308.5142484347525,Low,36.23032340599379,0,0,0,0,95.8
Normal,45-54,10.0,Low,2397.7579321384023,High,3.122566870294733,0,0,1,1,82.1
Combination,35-44,7.174677966561024,Low,2679.7984002523162,Moderate,47.770391999718484,0,0,0,0,96.5
Combination,25-34,3.5260605077007376,Low,2236.4635683848082,Low,25.426615235019646,0,0,0,0,86.1
Oily,18-24,8.43054269895366,Medium,2174.742303806336,Moderate,39.07252632169524,0,0,0,0,95.1
Dry,45-54,6.6521223927114725,Medium,2524.558069646942,Extreme,100.0,0,1,1,0,82.4
Combination,18-24,7.104859981688235,Medium,1314.6953609721054,Moderate,100.0,0,0,0,0,96.8
Oily,35-44,7.836794544831421,High,1560.1743008195242,Moderate,36.29560702070248,1,0,0,0,79.4
Oily,55+,3.6619330646414285,Medium,1356.6017253077923,Moderate,55.606486973758784,1,1,1,1,52.6
Oily,35-44,7.009805271602794,Medium,657.1558959773085,Low,65.04264503567424,0,0,0,0,91.8
Dry,55+,6.385459165070957,High,2421.0788687756244,Low,58.64390194355724,0,1,1,1,67.5
Normal,35-44,8.832752359008278,Low,2714.8425576987484,High,25.73799968079173,0,0,0,0,97.7
Sensitive,18-24,8.090670645008114,Medium,2277.997482188438,Extreme,95.89484003846383,0,0,0,0,100.0
Dry,18-24,4.5594971158276785,Medium,2190.0370702498262,Extreme,72.54866305878433,0,1,0,0,82.8
Dry,25-34,8.393938778523573,Medium,2042.4812192046777,Moderate,37.99905744510248,0,1,0,0,86.7
Normal,18-24,7.674287632240317,Low,2027.571922985406,Low,80.76902733470871,0,0,0,0,99.5
Dry,35-44,4.679137603820172,High,2847.611715888621,Extreme,23.952789835117102,0,1,1,1,61.4
Normal,25-34,6.58362965523916,Low,2774.592482939793,High,7.668287913466166,0,0,0,0,91.5
Normal,45-54,8.552239170783782,High,1707.4847118235325,High,66.62114591918395,0,1,0,0,86.2
Dry,25-34,4.678934191139909,Medium,2554.4011713251325,Moderate,60.781159376281316,0,1,0,0,82.5
Oily,25-34,8.566366003768126,Medium,2614.7137347661474,Moderate,45.904457706880905,1,0,0,1,80.0
Dry,55+,4.731056838808712,Low,2325.1966648728185,High,77.68377493613755,0,1,1,1,70.9
Normal,18-24,5.813159235029524,Medium,2193.7903563914433,Moderate,33.56274989224769,0,0,0,0,89.4
Oily,35-44,5.585693746915462,Low,2176.6364767441187,Moderate,90.10953955418036,0,0,0,0,96.5
Normal,35-44,9.065400597382993,Low,1258.9928192154548,High,79.70240095948033,0,0,1,0,92.6
Sensitive,18-24,6.263475795176205,High,1214.6583271796817,High,100.0,1,0,0,0,82.0
Dry,25-34,4.755774496008503,Medium,2391.6456939051795,Low,5.6771224808990794,1,1,0,0,66.9
Dry,25-34,7.167816318371093,Medium,1449.8103582858523,Moderate,37.84145935255624,0,1,0,0,83.0
Oily,35-44,7.991771485889078,High,1305.35731682066,High,37.34498514900312,0,1,1,1,66.3
Normal,35-44,8.001304142191197,Low,962.2647481553329,Low,79.42388051933965,0,0,1,0,89.9
Sensitive,25-34,6.092991252160986,Medium,1762.1464691339677,Extreme,100.0,1,0,0,0,85.7
Oily,35-44,7.381801451555422,Medium,2187.168088356265,High,50.69912819738763,0,0,1,0,86.2
Oily,18-24,6.0246503706560715,Medium,2227.4604066569473,High,64.9849152654285,1,0,0,0,83.0
Dry,35-44,9.512202516903596,High,2425.297553779551,Low,96.09047481523177,0,1,1,0,84.5
Normal,45-54,8.716307737986897,High,1804.2506634033534,Low,68.15588475749738,0,0,0,1,87.9
Combination,45-54,8.624435243561013,Medium,2053.63955645923,Low,77.53643782458404,0,1,0,1,84.1
Dry,35-44,8.191173901860319,Medium,2422.909027611659,Moderate,10.418728991832552,0,1,1,0,76.3
Oily,25-34,7.2795999589925025,Medium,2231.989014913128,Moderate,89.14614724398723,0,0,0,0,97.9
Normal,55+,5.133456273775318,Medium,1707.5654469958633,Low,42.53084051075268,0,1,1,1,64.9
Normal,25-34,7.449951854383473,Medium,2149.822488328357,Low,100.0,0,0,0,0,99.2
Combination,35-44,7.1713978450949805,Low,1007.8842958363656,Moderate,38.72905531965871,0,0,1,0,84.2
Dry,18-24,8.89504612742638,Low,2000.061527435467,Moderate,61.864262285294814,1,0,0,0,90.0
Oily,55+,8.211128773573643,High,1690.7989946325063,Moderate,70.63870757836705,1,1,0,1,68.9
Normal,35-44,7.8255707052295325,Low,2759.2883564920285,Low,0.0,0,0,0,0,93.2
Dry,35-44,4.473662803704766,Medium,1511.387942446333,Extreme,100.0,0,1,1,0,76.0
Dry,18-24,6.866499195087294,High,2058.3392927059213,Moderate,68.57749085757995,1,0,0,0,81.7
Oily,35-44,6.163161610144515,Medium,1785.5836241810555,Low,22.638859998027137,1,0,0,0,78.2
Oily,35-44,7.3785488862746105,Medium,1720.8874602561189,Low,69.24366336062224,1,0,1,0,77.1
Oily,35-44,6.376677592836034,Low,2188.665937760745,Low,69.09892851125977,1,0,0,0,86.0
Dry,25-34,6.086081335860041,High,1790.8983368475588,Low,46.640995077052054,0,1,0,0,79.4
Sensitive,25-34,7.188550857360056,Low,2925.9952523259662,Moderate,50.098663958671835,0,0,0,0,97.2
Normal,18-24,6.351792829646836,Medium,1012.7035453070101,Extreme,48.29945595489495,0,0,0,1,82.6
Dry,25-34,6.682387309361019,Medium,2315.5853960810564,Low,71.53328794187016,1,1,0,1,70.1
Oily,18-24,4.7208821636885405,Medium,1957.602620171951,High,70.5219578438867,1,0,0,1,73.4
Oily,25-34,5.251397784859912,Low,1974.842077202132,Extreme,50.21218066143013,1,0,0,0,81.5
Oily,18-24,7.984065350804441,Medium,2151.061253964873,Moderate,55.71628279039018,0,0,0,0,95.8
Combination,18-24,5.154711824955289,Low,2498.876375243798,Low,46.82404715431258,1,0,0,0,82.0
Oily,18-24,8.868587616404495,Medium,2132.536525366141,Moderate,25.67560825612179,0,0,0,0,94.6
Dry,45-54,8.46159903295198,Medium,2500.6649848540096,High,58.567841065077936,0,1,1,0,81.8
Oily,25-34,6.09765509699032,Low,2023.2010152258395,Low,31.635492516578832,0,0,0,0,91.4
Normal,25-34,10.0,Medium,1482.9451498534402,Moderate,25.111640033860226,0,1,0,0,87.5
Normal,25-34,8.364655366772439,High,1955.4280441294352,High,0.0,0,0,0,0,87.6
Combination,35-44,5.576080739941397,High,2576.462977244646,Moderate,49.779112430184554,1,0,0,1,71.3
Normal,45-54,8.119261080550071,Medium,1794.6593858858682,Moderate,79.63681172508913,0,1,0,0,89.8
Dry,18-24,7.0987945994796355,Medium,1458.5981965451094,Moderate,80.57794883078249,0,1,0,0,87.2
Oily,25-34,5.334931863710883,Medium,2309.7272451833637,Moderate,61.15449248309555,1,0,0,1,74.4
Oily,55+,5.395136285250686,High,2168.3057604012774,Moderate,17.612230148637202,0,0,1,1,68.9
Oily,25-34,7.992340002332568,High,1614.5631556209648,Moderate,46.13217251196873,1,0,0,1,73.8
Oily,18-24,6.1030818030638,Medium,1883.471178580433,Moderate,21.127858394719183,1,0,0,1,71.1
Normal,18-24,6.847185467444422,High,1909.1645361424016,Low,97.73530598314781,0,0,0,0,94.3
Oily,18-24,5.618461107660208,High,2003.190967792775,Extreme,40.318507708411445,1,0,1,1,61.3
Dry,55+,5.8777630940521135,High,2323.282854909607,Low,37.64287043331056,0,1,0,0,79.2
Dry,25-34,6.309606199892792,Medium,1797.398367397665,Low,73.07106808489893,0,0,0,0,93.5
Oily,45-54,7.582273439086228,High,2349.122147182771,Low,59.022624073138125,0,1,1,0,76.8
Oily,55+,3.1174612546728273,High,1733.255369784542,Extreme,76.7910262531681,0,0,1,0,76.4
Normal,25-34,6.525379698750125,Low,2833.153706523502,Moderate,21.921810747285864,1,0,0,1,75.9
Oily,18-24,5.880818481122446,High,2843.926892715541,Moderate,52.225513667313265,1,0,0,0,79.7
Normal,18-24,9.103543980175338,Medium,1571.796837679515,Extreme,62.68192827039411,0,0,0,0,97.6
Combination,25-34,10.0,Medium,1387.2489692570794,Extreme,0.0,0,0,0,0,92.8
Oily,25-34,5.961081447569427,Medium,2489.103906916162,Moderate,32.93364586364153,1,0,0,0,80.2
Oily,35-44,4.416657158930208,Medium,2128.94173489241,Moderate,44.65428965198362,0,0,0,0,87.6
Oily,25-34,6.6753154548778495,High,2275.8341035508406,Extreme,51.380870909904885,1,0,0,0,80.0
Normal,45-54,6.691856005760193,Medium,1672.6224014016086,Moderate,52.2465273729563,0,0,1,1,77.0
Dry,25-34,9.457025973501935,Medium,1933.773006921867,Moderate,57.40140521228868,0,0,0,0,98.5
Normal,35-44,9.499884015063314,Low,1827.5829135948065,High,54.13805067722757,0,0,1,0,92.1
Normal,45-54,8.298062455894847,Medium,2152.100492775737,Moderate,88.68527798735244,0,0,0,1,92.8
Dry,18-24,6.119958878181013,Medium,1377.139992503152,Low,100.0,0,1,0,0,87.0
Oily,18-24,8.016649849271205,Medium,1950.332776987929,Low,12.48601233457478,1,0,0,0,81.2
Combination,18-24,7.397509538602456,Medium,1372.110782579109,High,50.617304783158325,0,0,0,0,92.6
Dry,18-24,7.361984804949087,Low,1742.2181114496289,Low,77.15852475470842,0,1,0,0,89.9
Oily,25-34,4.1626552271481945,Medium,1951.3260938648793,Extreme,32.42689292214078,1,0,1,1,60.5
Dry,25-34,8.09269300768047,Low,2253.7168648887605,Low,56.99608677563771,0,0,0,0,98.4
Normal,25-34,6.661712492466853,Medium,2295.160125837676,Moderate,40.50440763604084,1,0,0,0,82.0
Dry,55+,6.848737978683137,Medium,2380.457408580431,Moderate,24.91431337935604,0,0,1,0,82.9
Oily,18-24,6.099765257486759,Low,1258.6049685780804,Moderate,24.58090792742011,1,0,0,0,79.2
Oily,25-34,5.309575250519933,High,2632.0431980616995,Low,0.0,1,0,0,1,65.9
Dry,18-24,7.475887871918473,Medium,1677.6002737546821,Low,54.149927493874586,0,1,0,0,85.7
Combination,25-34,3.8762557972128775,Medium,1714.104200913752,Moderate,55.79549360479218,1,0,0,0,76.8
Sensitive,25-34,7.684248139475063,Medium,2134.3737742836047,Moderate,41.20407011726891,0,0,0,0,93.8
Dry,45-54,5.418841844506472,Medium,1831.499272819896,Moderate,53.004370602785976,0,1,1,1,66.8
Oily,25-34,3.4119789706920622,Medium,2180.912909857498,Low,13.943872962785157,1,0,0,0,72.6
Oily,18-24,9.732842973889031,Medium,2273.696283003427,Moderate,63.31330525013557,0,0,0,0,100.0
Oily,25-34,5.212869425981633,Medium,1618.4121684152585,Moderate,39.98522204379652,1,0,0,0,77.7
Oily,18-24,5.916761257717456,Medium,1908.136973925799,Low,69.26475234319675,1,0,0,0,82.6
Oily,18-24,8.701807496512112,Low,1922.9415221107643,Low,41.94697765815877,0,0,0,0,97.4
Sensitive,35-44,9.781646350774961,High,2479.136291157414,Moderate,50.30750376366236,0,0,1,0,88.6
Oily,18-24,4.700497632094855,High,1767.4185663972899,Moderate,36.602015818043114,1,0,0,0,73.6
Oily,25-34,5.065747909623996,Medium,1745.6522666012513,Low,87.70252936172946,0,0,0,0,92.4
Oily,35-44,5.675981766759105,Low,1489.1910227469227,Moderate,100.0,0,0,0,0,96.3
Combination,25-34,7.9022024940434825,Low,1545.2430037237682,High,12.324336796336837,1,0,0,0,82.1
Dry,18-24,9.4586981918943,Medium,1324.6971283227733,High,72.64296997227162,0,1,0,0,90.8
Dry,55+,5.379621157632881,Low,1648.4680987435054,Moderate,22.2933120132014,0,1,1,0,72.3
Oily,25-34,8.62211800695233,Medium,2796.782505679357,Moderate,31.002907175686623,1,0,0,0,85.9
Combination,35-44,5.936448832706947,High,2345.4536712521785,High,65.22450756272337,0,0,0,0,90.1
Normal,25-34,7.004184354418358,High,2638.6731711226093,Extreme,62.23347358230792,1,0,0,1,75.5
Combination,25-34,4.592819450858274,Low,1524.9246314646161,Moderate,31.79495369443824,0,0,0,0,87.4
Dry,25-34,6.317104379627003,High,1026.1346158545134,High,65.25371328526505,1,0,0,0,78.2
Oily,25-34,6.333330928890926,Medium,2158.190999489629,Moderate,79.60557675476048,1,0,0,0,84.9
Oily,18-24,6.527262540527089,Low,2926.798947091781,Low,68.2119084236847,0,0,0,0,97.7
Dry,25-34,7.077456471979546,Medium,1757.3321373322851,Moderate,25.844368740068777,0,1,0,0,82.3
Normal,45-54,5.489453702721211,Medium,2050.9081776411663,Moderate,48.88258839078241,0,0,0,1,83.0
Combination,35-44,5.674415052719738,High,1215.2324218883791,Low,81.881137153568,1,0,0,0,79.0
Oily,18-24,7.656808217424033,Low,2014.103211870076,Low,88.78475514892565,1,0,0,0,90.2
Oily,25-34,8.513052996463593,Low,1937.5061073430713,High,18.22634591327198,0,0,0,0,94.7
Normal,45-54,6.9657794589281155,Medium,953.4778217949595,High,67.56904726023127,0,0,1,1,77.6
Oily,35-44,7.755506160193258,High,1481.331819850693,Low,78.35746966867269,1,0,1,0,75.3
Oily,18-24,8.13712001544601,High,1441.634933666765,Moderate,15.087394938768888,0,1,0,0,79.7
Oily,45-54,8.245757782950237,Low,1210.1367414334682,Low,85.472036392778,0,1,0,0,91.5
Dry,25-34,5.069712911245042,Medium,1637.5726582199575,Moderate,100.0,0,1,0,0,85.4
Oily,25-34,5.334484654692644,High,2254.3851833323843,Extreme,66.59569767429957,1,0,0,0,78.8
Sensitive,25-34,5.464888109084698,Medium,1683.4087708833617,Low,79.1422471253227,1,0,0,1,75.2
Dry,45-54,9.892950701340947,High,2574.2446350241717,Moderate,41.21906330343408,0,1,1,1,73.1
Combination,45-54,7.762289408757856,High,1818.6201684737937,High,47.741335852294654,1,0,1,1,65.9
Normal,45-54,7.694973580577525,Low,2163.1090841479536,High,43.81910226074183,0,0,1,1,81.1
Oily,18-24,7.549353629775608,Medium,2248.739841021452,Moderate,27.88949241352874,0,0,0,0,92.4
Oily,45-54,5.018809894570751,Low,2766.9399806129854,High,53.94641884671846,0,1,0,1,78.0
Dry,18-24,9.907285706165558,High,1641.9450274598294,Extreme,57.72990285267423,0,0,0,0,95.9
Combination,25-34,7.218781296180441,Medium,2221.179753744161,Moderate,28.560105362005885,0,0,0,0,91.7
Normal,25-34,7.584740168982428,High,1526.68662372153,Low,41.3149678565185,0,0,0,0,89.4
Normal,25-34,3.8517180666262973,High,2861.047844047204,Moderate,57.97351476049873,0,0,0,0,86.2
Combination,35-44,8.169465778542277,Low,1480.1555279295094,High,7.080893585926184,1,1,0,1,67.0
Oily,25-34,5.96568132480856,Low,2191.8381145783237,Low,73.73182902009255,1,0,0,0,85.7
Dry,45-54,5.0158255379106444,Medium,2779.730183365776,Low,65.32605409530622,0,1,1,0,76.1
Dry,18-24,5.569354501192304,High,1401.7391519151513,Low,55.66762795446523,1,1,0,1,61.5
Combination,25-34,4.60265868731995,High,2297.5486033702673,Low,78.90888715118159,1,0,0,0,78.7
Normal,45-54,5.077323707328085,High,1503.610016318802,High,83.45361982884955,0,0,1,0,80.5
Normal,18-24,7.090821730546315,Medium,3164.18222586944,Low,65.18207997024338,0,0,0,0,97.0
Dry,35-44,6.4198558169025235,Low,1054.3144381690613,High,66.99100376019504,0,1,0,0,85.6
Sensitive,35-44,7.501104043242081,Low,1241.3453282145438,Low,74.75574543606281,0,1,1,0,81.0
Oily,25-34,9.013963806602007,Low,1439.2392250253308,Extreme,35.477569063495665,0,1,1,0,80.5
Oily,35-44,6.8057444295589935,Medium,1455.34017562898,Moderate,35.98087765046332,1,0,0,0,80.1
Dry,18-24,3.6326660590623594,High,2260.434983039982,Low,59.68300331724884,0,0,0,0,84.8
Sensitive,45-54,6.637062682678275,Medium,2899.8401364214615,High,84.85256087097551,0,1,1,0,81.6
Combination,18-24,8.790091654596807,High,2577.564542754973,Moderate,53.52859666246507,1,0,0,0,85.1
Sensitive,25-34,6.371090791254756,Medium,2116.951143377075,Moderate,31.399955624991478,0,0,0,0,90.1
Normal,18-24,9.293995980537552,Medium,2004.7914478381956,Extreme,0.0,0,0,1,1,77.6
Normal,25-34,7.179412389706728,Medium,1696.8188556648797,Moderate,51.38992487327578,0,0,0,0,92.9
Dry,35-44,4.242595398403917,Medium,2195.536495267719,High,14.15245458536922,0,1,1,1,61.3
Combination,45-54,7.164373375657537,High,1895.5980883752402,Moderate,67.9477617143361,0,0,1,1,76.9
Oily,35-44,7.445501941397094,Medium,2094.705453002376,High,100.0,0,0,1,0,91.1
Oily,25-34,8.120533701910466,Low,1629.5475342901218,Low,58.280620962448,0,0,0,0,97.3
Combination,45-54,9.729454857417352,High,1399.0856988644011,High,49.086785207206255,0,1,1,1,71.2
Normal,25-34,7.861588279563048,High,2012.7346718984281,Low,23.85412481345859,0,0,0,0,89.1
Oily,25-34,7.160719696080825,Medium,2001.6849127581597,Moderate,35.58296696941772,1,0,0,0,81.9
Dry,25-34,7.514282407367519,Low,1702.0335688239657,Extreme,49.07744677469364,0,1,0,1,80.3
Dry,25-34,6.247989790325649,Low,1616.744953591554,Low,76.82290576081022,0,1,0,0,87.4
Combination,45-54,4.805683244788856,Low,2279.203144537068,Low,63.50620793709315,1,0,0,1,75.5
Oily,18-24,7.062244129334291,Low,2227.4740978771874,Moderate,42.7070561486648,0,0,0,0,94.9
Dry,25-34,7.047935491188358,High,2938.2750783199112,Extreme,66.82659416906652,1,1,0,1,68.7
Dry,35-44,5.194513561132116,Low,2690.46491322743,Moderate,96.90119128524238,0,1,0,0,89.5
Dry,45-54,8.989932459249912,Medium,1403.0787617093551,Low,67.83845749961884,0,1,0,1,82.6
Dry,45-54,8.508116523223647,Medium,1904.5870870550657,High,64.78072133100596,0,1,0,0,89.3
Oily,25-34,4.442357877068196,High,1317.615641931095,Moderate,8.501169874613048,1,0,0,1,62.4
Normal,35-44,9.048748433184812,Low,1080.3820654652368,Extreme,25.955283947017705,0,0,1,0,86.9
Normal,25-34,6.037528446185229,Medium,3097.7445438216937,Moderate,12.754575877632611,1,0,0,0,79.5
Oily,25-34,5.332262652322477,Low,2740.1482518892435,Moderate,45.217946101143475,0,0,0,0,92.7
Dry,45-54,8.61891653911979,Low,1685.0980422852597,Moderate,39.15531534640299,0,1,1,0,80.5
Combination,45-54,6.923418380859912,Medium,2621.6880694763054,Moderate,47.59884023836344,0,0,1,0,85.9
Combination,45-54,9.848777981255305,Medium,2695.8601563225543,High,38.83816208820204,0,0,1,0,91.0
Combination,18-24,5.720667934169874,Low,1039.7679149338965,Low,31.045611789588797,1,0,0,1,71.6
Oily,45-54,4.402513714041018,Medium,2425.3018285086255,Low,13.646753090258827,0,0,1,0,77.0
Oily,45-54,6.579342578250788,Low,1754.1731994207084,Moderate,65.49982723123458,0,0,1,1,80.2
Oily,25-34,7.683833748590709,High,2191.547514188823,Moderate,67.50385150332437,1,0,0,0,83.5
Normal,25-34,5.109285521696686,Medium,3504.931097893958,Moderate,51.74286651860545,1,0,0,0,82.4
Normal,35-44,5.004849425800181,High,2792.6812027107158,Low,69.1220095962808,0,0,1,0,81.5
Dry,25-34,6.843391104054131,Low,1935.8939354951665,Extreme,61.62698707274073,0,0,0,0,95.7
Sensitive,55+,4.804469184748726,High,2710.8367519977865,Low,75.62969682997924,0,1,1,0,73.6
Normal,25-34,6.9600390494201205,Medium,1038.944430680839,Extreme,71.16277030017955,0,0,0,0,93.1
Normal,35-44,6.489065423157735,Low,2251.7864155383263,Extreme,89.76772760633186,0,0,1,0,90.5
Combination,35-44,7.74169973252856,Medium,2263.7383615143312,Moderate,99.45838824041346,0,0,1,0,92.0
Oily,25-34,4.424256794113097,Medium,2352.8465156452544,Low,1.8560091253193107,1,0,0,0,73.7
Combination,45-54,8.947244727165856,High,1745.7566270713974,Low,71.67928252631074,0,0,1,1,80.6
Combination,25-34,6.225448272509465,Medium,2190.986885060808,Extreme,19.74823717080449,0,0,0,0,88.8
Sensitive,25-34,7.645284001857235,Low,2427.9863483972154,Extreme,100.0,0,0,0,0,100.0
Oily,18-24,8.439813191927334,Medium,838.5190608421137,Extreme,51.65145055249526,1,1,0,1,68.7
Dry,25-34,4.763832571451067,Medium,1841.9116139348118,Extreme,56.90829840533134,0,1,0,0,80.9
Oily,35-44,8.323386264412115,Low,1548.343866325239,Low,62.93047190441069,1,0,0,0,88.0
Dry,45-54,4.862399837283512,Medium,2331.069775246826,Moderate,65.25941372536563,0,1,0,0,82.9
Oily,25-34,4.4447933858601605,Medium,2688.9191597524023,High,91.18387570594848,1,0,0,0,83.4
Normal,25-34,9.445998853982651,High,1694.0736520919775,Moderate,80.99101293389145,0,0,0,0,97.4
Dry,18-24,8.667780053194937,Medium,1455.6532324381021,Moderate,90.11168302976337,1,1,0,0,81.3
Dry,35-44,10.0,Medium,2058.5819727171556,Low,55.132597074457266,0,1,0,0,91.6
Combination,55+,6.444678954088134,Low,1423.3944941033446,Low,0.0,0,0,1,0,79.7
Combination,35-44,7.153642996117013,Low,1886.7835114931186,Low,78.68237172736683,0,0,0,0,97.9
Dry,35-44,7.791032120128545,High,1834.0588881377166,Low,32.088073969785356,0,1,0,0,81.5
Normal,25-34,6.4817066501091585,High,2290.051373300843,Moderate,40.94879696062269,1,0,0,0,78.6
Combination,18-24,5.880795968956143,Medium,2157.597792377601,Moderate,48.446804320091076,1,0,0,1,73.9
Dry,35-44,5.6558729531799266,High,2080.698456789223,Moderate,60.05066803141244,0,0,1,0,80.5
Combination,35-44,7.3207933492434245,Medium,2818.4252556452316,High,76.09434013165567,0,0,0,0,97.9
Sensitive,35-44,5.399710237506543,High,2134.864763543731,High,51.915039295817174,0,0,1,0,79.3
Normal,45-54,5.357704761449721,Low,1791.0811119439074,Low,75.66321271821391,0,0,1,1,78.9
Combination,35-44,7.590358016731889,Medium,1852.4047942817801,Low,55.24320038375131,1,0,0,0,84.4
Normal,35-44,6.857260972771577,Medium,1617.8476247871115,Moderate,100.0,0,0,0,0,97.0
Oily,45-54,8.405809405872528,Medium,1490.6818556679664,High,20.245774435870153,1,0,0,1,74.8
Dry,55+,6.362632884875737,Low,1305.3287897574237,Moderate,53.18730692256497,0,1,1,0,76.7
Normal,25-34,5.628116075036697,Medium,2567.116223353371,Moderate,65.37126022475559,0,0,0,0,92.9
Combination,18-24,7.635330094053207,Medium,1640.8464713566082,Low,39.71985535979875,1,0,0,0,82.5
Normal,25-34,5.281962688169259,Low,2157.9577375866347,Moderate,35.654654798993526,0,0,0,0,90.4
Normal,35-44,6.012808411664972,Medium,1850.066883022956,Extreme,93.11375644739017,0,0,0,0,95.0
Dry,18-24,6.072318414430878,Medium,1985.388002372051,Moderate,71.02412300666217,1,1,0,0,75.2
Combination,18-24,6.68544684055667,High,2576.900559031961,Moderate,30.030423782068418,1,0,0,1,71.5
Sensitive,18-24,9.658654814943855,Medium,2088.3282141810246,Low,27.926953980861796,0,0,0,0,96.3
Combination,35-44,4.934816762564264,Low,1538.6626250605843,Low,74.71087130616738,1,0,0,0,82.4
Dry,25-34,8.443261373176188,Medium,1717.9437306065047,Moderate,58.06941711213447,0,1,0,0,88.1
Oily,25-34,7.606680134434875,Low,2429.973013976694,Moderate,64.27339552394275,0,0,0,0,98.5
Normal,18-24,9.35046827105499,Medium,2241.5892687174855,Moderate,46.719911153173555,0,0,0,0,97.9
Normal,35-44,10.0,Low,2461.2066604028705,Low,81.46932575705374,0,0,0,0,100.0
Dry,25-34,8.647179531181783,Medium,1880.7492832780215,High,90.0092903519286,0,1,0,0,92.1
Dry,25-34,7.888500421861792,Low,1301.978092292799,Low,88.26138618470402,0,1,0,0,91.2
Oily,35-44,5.031255472562474,Low,2253.323994345624,Moderate,39.52706271370424,0,0,0,0,90.5
Combination,25-34,4.7206666077334365,High,2126.4094524709903,Extreme,100.0,1,0,0,0,80.7
Dry,25-34,7.0402852765478325,High,2139.5044435802324,Moderate,66.4544826122947,1,1,0,0,74.0
Normal,35-44,4.4528857781206534,Medium,1309.1281793456037,Low,24.33752955975313,0,0,0,0,84.0
Normal,25-34,7.423158876936829,Low,1679.8917668828706,High,60.93306844142014,0,0,0,0,96.3
Combination,35-44,3.797617163858483,High,1530.8158745293752,Moderate,65.73769743671483,1,0,0,0,74.2
Combination,18-24,8.728350078346924,High,2199.683321545098,Extreme,47.085309589166684,1,0,0,0,83.6
Combination,18-24,6.517449532099603,High,2216.897037110073,High,44.915999037658075,1,0,0,1,72.0
Normal,35-44,7.189895418205284,Medium,1978.2560543838981,Moderate,77.55515247739345,0,0,0,0,96.1
Sensitive,35-44,5.877441555369277,Low,2483.792359323581,Moderate,92.65309443097591,0,0,0,0,98.0
Oily,18-24,4.152210384666142,Low,2745.355828284973,Low,35.33311182235232,1,0,0,0,79.3
Normal,18-24,8.852042918791392,High,2176.5281863390687,Moderate,36.60388669233746,0,0,0,0,92.7
Sensitive,45-54,9.00355209243207,High,2335.5355149621455,Moderate,60.62493335453709,0,0,1,0,87.7
Oily,35-44,6.4727683521944535,Medium,1729.22498008769,Moderate,55.63043814896788,1,0,1,0,74.0
Dry,25-34,7.492894347101012,Medium,1637.2857591901627,Moderate,72.1611474382365,1,1,0,1,70.5
Normal,35-44,6.413662869684394,Medium,2504.8719428698155,High,90.06358671562221,0,0,0,0,96.8
Dry,18-24,7.43273476639937,High,1562.6288714991815,Low,44.642770006879154,0,1,0,0,81.5
Sensitive,25-34,7.638708798380165,Medium,2348.5316769990973,Low,92.47321723782275,0,0,0,0,99.2
Oily,18-24,7.8326273868608105,Medium,2859.735583269472,Low,61.042347614097295,1,0,0,1,80.5
Dry,25-34,8.511454420114017,Low,2326.740939051765,High,53.32611134168715,1,1,0,0,81.0
Normal,18-24,7.778321013558003,Low,1959.5337707606711,Low,96.68828970156778,0,0,0,0,100.0
Dry,25-34,6.542126925557893,Medium,1329.83786880541,Low,58.227880699951925,0,1,0,0,83.6
Oily,25-34,5.3578715481838675,High,2081.6513955731407,Low,46.61517512565135,1,0,0,0,76.5
Oily,25-34,5.782241929514119,Low,2504.548067196198,Moderate,70.8925237171452,0,0,0,0,95.7
Oily,18-24,8.215077095087524,Low,1910.5200285621252,Moderate,19.228680999057335,1,0,0,1,77.2
Normal,25-34,4.247260221628822,Medium,2510.7469639258884,Low,44.51628908978778,1,0,0,0,78.0
Sensitive,35-44,8.658710955119194,Medium,2182.5120146150716,Moderate,81.54414398781888,0,0,0,0,99.8
Oily,25-34,6.0782844109782,Medium,2145.670274293289,Moderate,67.98428418676541,1,0,0,0,83.2
Oily,35-44,5.772091143388165,Medium,1841.6058691079907,High,66.02655820495292,1,0,1,1,66.8
Oily,25-34,4.851913734827799,Medium,1271.9780846917465,Low,17.77369009831284,1,0,0,1,67.0
Oily,25-34,7.51155167847258,High,1787.444581169528,High,27.876153762608286,1,0,0,1,71.4
Combination,25-34,6.4780379692950225,Low,1783.4728379305834,Low,39.22482900597218,0,0,0,0,92.4
Sensitive,55+,9.38314783484473,Medium,2287.7204130430196,High,71.03934897548001,0,0,0,0,100.0
Oily,18-24,5.105386524211118,Low,1992.3876869639628,Moderate,17.57688863345524,0,0,0,0,88.0
Combination,18-24,6.132754565407206,High,2541.5840106124497,Moderate,85.2273372797334,1,0,0,0,82.9
Dry,35-44,6.86166826280888,High,2140.6765117497494,Low,67.82270110997524,0,1,1,0,75.8
Normal,45-54,5.872214884045099,Low,1747.8250884304325,High,67.1430868225554,0,0,1,0,86.0
Dry,55+,7.0091779962127045,Low,1592.562111758305,Low,45.67093404362824,0,1,1,0,77.8
Dry,25-34,6.979251149623279,Low,1698.312654915318,High,13.916932486471175,1,1,0,1,65.7
Dry,25-34,7.22672635869461,Medium,2080.384467996434,High,52.27028283157842,1,0,0,0,83.8
Combination,35-44,9.259250696326692,Low,1813.6033958397795,High,78.70585059021226,0,0,1,0,94.0
Oily,25-34,4.544791356827629,Medium,1461.780356636156,High,46.16835935064598,1,0,0,1,69.6
Sensitive,35-44,7.506640479902966,Medium,2503.357928011095,Low,100.0,0,0,0,0,100.0
Combination,45-54,6.02958577061775,Medium,2076.1556788999983,Extreme,58.441875623869336,1,0,1,0,74.1
Oily,35-44,7.645020070035377,High,2137.3597474800536,High,77.40065293328723,0,0,0,0,94.3
Dry,25-34,7.14699827952957,Medium,1588.6881177153064,Moderate,47.2318195344057,1,1,0,0,74.2
Oily,25-34,5.019620925151504,High,1479.2011305221065,High,59.48368047027629,1,0,0,1,68.9
Sensitive,35-44,5.648271486048868,Low,1918.88200508902,High,96.70314345103613,0,0,0,0,96.8
Dry,25-34,7.267464595204363,Low,985.892290270649,High,22.98963761613784,0,0,0,1,83.8
Normal,25-34,6.535106766116196,Medium,2389.906654982171,Low,66.18292417975533,0,0,0,0,94.5
Oily,18-24,6.670567238902594,Medium,1647.9883130609091,Moderate,76.35775748005253,1,0,0,0,84.3
Dry,18-24,7.98698024466246,Low,1866.1476280021448,High,100.0,0,1,0,0,93.7
Normal,25-34,7.597577713793198,Medium,2213.459649126301,High,51.77879529639078,1,0,0,1,77.8
Normal,45-54,6.205554830947445,Medium,1887.6824611969648,Moderate,7.519843620507871,0,1,0,1,71.9
Oily,25-34,5.22192029353625,High,1415.8127721140825,Moderate,5.479082534973145,1,0,0,1,63.8
Oily,25-34,4.607121534743537,Medium,2752.850179905394,Extreme,27.82109249523629,1,0,0,1,70.5
Oily,25-34,6.550181180302228,Medium,1233.7089957319856,Moderate,82.06055248630122,0,0,0,0,93.8
Oily,18-24,4.865259584277153,High,881.7274463077179,High,100.0,1,0,0,1,71.5
Normal,55+,7.149142687343551,Medium,2437.300168060694,Moderate,39.83866953070587,0,0,1,0,85.2
Dry,45-54,8.825255187136658,Medium,1270.2844047262424,Moderate,61.331293506749326,0,1,1,0,80.3
Dry,18-24,6.469810344570574,Medium,2626.3914372670783,Moderate,0.0,0,1,0,0,80.2
Oily,35-44,6.195693579189754,Medium,2188.4441021891607,High,76.28419267048528,0,0,0,0,94.4
Oily,25-34,9.496767160440717,Low,2141.5018629208307,Extreme,53.36036459594234,1,0,0,0,90.6
Dry,55+,9.264552728781469,Low,1715.4858495178432,Low,43.749227870597345,0,1,1,0,82.3
Normal,25-34,5.353103194166879,Medium,1587.2997742692655,High,25.910778749519512,0,0,0,1,79.5
Normal,18-24,7.208519771588462,Medium,1811.872913785655,Moderate,41.18988148281396,0,0,0,0,92.2
Normal,25-34,6.9930173635221236,Low,1561.391059247563,Low,16.36912641655084,1,0,0,1,73.7
Combination,45-54,7.305490634089267,Low,2603.834002463431,High,38.48101912881817,0,1,1,1,72.7
Combination,18-24,9.722010171569181,Low,1628.6256192423393,Moderate,18.234384479810252,1,0,0,1,79.5
Combination,35-44,7.13084483862913,Medium,2253.173630285591,High,34.576564241745444,0,0,1,0,84.2
Combination,18-24,7.355852313446525,Medium,2502.6038640656907,Low,21.12136597903839,0,0,0,0,91.8
Dry,45-54,8.032993442719624,Medium,1559.4077299899511,High,74.42665359650232,0,1,1,0,80.6
Oily,18-24,8.784879574071502,Medium,2188.29570920825,Moderate,21.254300424568264,1,0,0,1,77.1
Dry,45-54,8.40534879145616,High,1553.060092446409,Low,58.69241247405709,0,1,1,0,76.8
Normal,25-34,7.307127179467459,Medium,1913.2371380834406,Low,22.701114967606866,0,0,0,0,90.7
Dry,25-34,4.161950291909138,Medium,1770.682531774684,Moderate,23.681531309090474,1,0,0,0,74.2
Combination,55+,6.2677934139123614,High,1652.2797477632753,Moderate,22.69716786464442,0,0,1,0,77.1
Dry,55+,8.229131810807907,High,2078.8931859578734,Low,74.44033988951013,0,1,1,0,79.1
Oily,35-44,7.3755980459189585,Medium,1392.9415823547552,Low,55.43639848376114,0,0,0,0,93.1
Oily,18-24,8.239192950734427,High,2464.612956137914,Moderate,31.320730630234525,0,0,0,0,91.5
Dry,25-34,9.330749092506872,Medium,1459.2311491358166,High,24.897096430980554,0,0,0,1,87.1
Dry,25-34,4.734555192411014,Medium,1366.4557222089284,Extreme,16.39166952581175,1,1,1,1,50.8
Combination,25-34,8.206865262206875,Medium,1873.8517321925367,Moderate,32.04100060309453,0,0,0,0,93.4
Oily,25-34,6.004454806259553,Medium,1813.7488229915068,Moderate,14.085852688613606,0,0,0,0,87.0
Combination,18-24,8.403024728912099,Medium,2177.7786031280266,Extreme,39.13445628757006,0,0,0,0,95.1
Dry,35-44,6.938168884947824,Medium,2042.4162128284606,Extreme,42.30450130882538,0,0,1,1,77.2
Combination,35-44,10.0,High,1186.3197581856675,Low,40.51939245408119,0,0,1,0,85.4
Dry,18-24,7.195130404392607,Medium,2493.2834122903123,Moderate,80.95566061292561,0,1,0,0,89.5
Dry,25-34,5.539228663466029,Low,1861.3302717297645,High,43.899335671223795,0,1,0,0,83.2
Dry,25-34,7.129811934187652,Low,2120.7296493000513,High,45.44790171634584,0,1,0,0,87.0
Combination,35-44,7.485914171077405,High,3101.077609834415,Moderate,92.04951153652891,1,0,0,0,87.4
Sensitive,18-24,8.707145641165672,High,2643.2211399285243,Moderate,31.031491574093003,1,0,0,0,82.8
Normal,35-44,7.672079197907388,Medium,2105.2646316055007,Moderate,47.824074593710534,0,0,0,0,94.3
Normal,25-34,10.0,High,1313.4650831451027,High,11.269186413246402,0,0,1,0,82.8
Sensitive,25-34,6.332893796896592,High,1321.832514947948,Low,66.75684591486655,1,0,0,0,79.0
Dry,35-44,6.85057007532929,High,2581.0221687539097,Moderate,75.17859644563661,0,1,0,0,85.4
Dry,35-44,6.094170924920419,Medium,1799.0921263399039,Moderate,0.0,0,0,0,0,85.8
Oily,18-24,7.128502507531265,Medium,1915.7925710689651,High,71.49978388181057,1,0,0,0,85.2
Normal,25-34,6.846588681624431,Low,1427.2657659323468,Moderate,57.77596197151114,1,1,0,1,69.3
Combination,55+,7.421815794933816,High,2222.925613934454,Moderate,50.91212412191854,0,1,1,0,75.4
Combination,18-24,7.100781513240999,High,2570.70641021314,Low,18.953842254815136,1,0,0,0,78.2
Oily,45-54,6.085268174909052,Medium,2761.7750629106645,High,79.29858829957573,0,1,0,1,80.6
Oily,35-44,5.677502307876467,Medium,1775.9250903847171,High,100.0,0,0,0,0,94.9
Combination,35-44,6.437239412746665,Medium,2322.439232939568,High,49.81278012629205,1,0,1,1,67.5
Normal,25-34,8.21230649035267,Medium,1952.456590606785,Low,42.06369445294981,1,0,0,0,84.5
Combination,25-34,8.535199528237218,Low,2440.1392839230416,Moderate,50.568663125571454,1,0,0,0,89.0
Oily,45-54,6.884553195339348,Medium,1998.0163997031186,Low,50.01357301528483,0,0,0,1,85.8
Dry,25-34,5.087625550298863,Low,1587.9369519085703,Moderate,45.54589248030169,0,1,0,0,81.9
Sensitive,18-24,6.878239584524813,High,2660.078796497128,Moderate,90.71239951171361,1,0,0,1,78.1
Dry,35-44,10.0,Medium,2049.2695771391145,High,58.34219274433506,0,0,0,0,99.9
Oily,18-24,8.498451752974931,High,1824.2701236282103,Low,57.25122899748891,1,0,0,1,76.4
Dry,35-44,7.826114037298821,Medium,2088.8900669459626,Moderate,100.0,0,0,1,0,91.8
Oily,35-44,8.444027375578854,Low,1631.6798475595283,Low,96.60767244673451,0,0,0,0,100.0
Oily,45-54,9.31084991701197,Low,2207.6260632765348,Moderate,33.83297096142347,0,0,1,0,90.4
Sensitive,35-44,5.27070069767932,High,1901.8501286017145,Moderate,100.0,0,0,0,0,91.3
Combination,18-24,6.4119401969543155,Medium,1602.6025467006443,Moderate,84.42245657532953,0,0,0,0,94.5
Dry,25-34,5.706917550744777,Low,3188.44966647823,Low,87.35967505551992,0,1,0,0,90.5
Oily,35-44,7.880671595606475,Low,1496.3538361290748,Low,44.36258850669854,0,0,0,0,95.2
Normal,25-34,6.740166335959396,Medium,2176.6418357077614,Moderate,55.288861023040724,0,0,0,0,93.4
Normal,55+,8.134466936034112,Medium,2028.398269435649,High,40.20945316044027,0,0,1,1,79.3
Dry,35-44,6.239668975199166,Low,1487.2013618273302,High,63.02577575568151,0,1,0,0,85.8
Combination,18-24,9.057928076018735,Medium,1831.3346549525015,High,93.79443470847521,0,0,0,0,100.0
Dry,45-54,6.895999437776047,Medium,1328.724220760124,Extreme,63.501455353879805,0,1,0,0,84.8
Combination,18-24,8.041818327937275,Medium,3033.2446099698363,Moderate,7.001900687393494,0,0,0,0,92.9
Normal,18-24,8.79310974838441,High,1866.0211875816078,Moderate,40.67226086287145,0,0,0,0,92.4
Oily,35-44,8.672686473242452,Medium,1908.5933571147261,Moderate,43.63671452451814,1,0,0,0,85.5
Oily,45-54,7.541242612602695,High,2972.60149893088,Extreme,100.0,0,0,0,0,98.0
Oily,25-34,7.729020359573818,Low,1588.011572795851,Moderate,29.672143518925147,1,0,0,0,83.6
Normal,25-34,9.11249099595843,Low,2647.204511280356,High,39.82038055756557,0,0,1,1,84.5
Sensitive,25-34,7.270401850962044,Low,2296.263239461453,Low,55.68536619272748,0,0,0,0,96.7
Oily,25-34,5.40553039690763,Medium,1010.5073884608903,Moderate,89.99016293746932,1,0,0,0,81.8
Sensitive,25-34,7.374576096445828,High,1814.454638147115,High,89.00947449362394,1,0,0,0,84.3
Oily,18-24,6.944078172970614,High,2218.302995632009,Low,64.19943113005665,1,0,0,1,74.7
Sensitive,35-44,3.4779982983934836,Medium,2017.785914087906,Low,80.82237084856843,0,0,1,0,81.1
Dry,45-54,7.692997035554638,Medium,2019.130031887924,High,65.37702640740677,0,1,1,1,73.0
Sensitive,25-34,6.67497597502341,Medium,1696.4176289469942,Moderate,66.90370797691119,0,0,0,0,93.4
Normal,18-24,8.734626657246157,Medium,1643.5637533701117,Moderate,100.0,0,0,0,0,100.0
Combination,45-54,5.87485951376754,Low,1845.7966380784942,Moderate,28.32332935965857,0,0,1,0,82.3
Sensitive,35-44,4.7414355064310385,Medium,2980.6546937724765,Low,5.863790261183027,0,0,0,0,86.0
Normal,45-54,7.253021289115765,Medium,1546.1622146038826,Low,71.07552499103339,0,0,0,0,94.7
Normal,18-24,7.570266081408169,Low,1758.897159999278,Extreme,85.06815096228678,1,0,0,0,89.2
Oily,18-24,7.140749418078354,Low,2014.4232346597646,Moderate,54.63883095704814,1,0,0,0,85.8
Sensitive,25-34,6.5310630255281055,Low,1268.42317001885,Low,15.497891106274764,0,0,0,0,89.1
Dry,35-44,5.396909568690511,Medium,2215.9741115695297,Low,78.64545984122809,0,1,0,0,85.1
Dry,25-34,6.291624294537615,Low,1355.9976875034333,Low,23.377877486701493,0,1,0,0,81.6
Normal,25-34,5.9773912557433775,Medium,1456.3788941730402,Moderate,17.909327165835926,0,1,0,0,78.7
Normal,18-24,8.60906311115116,Medium,1432.3729075215044,Moderate,25.555651606602865,0,0,0,0,92.6
Combination,25-34,7.068988046045921,Medium,1179.7094803333068,Moderate,9.7836237974618,0,0,0,0,87.5
Normal,35-44,6.5830043173822075,High,2634.1639762902696,High,65.08344643155053,0,0,1,0,83.9
Dry,25-34,9.085827314634148,Medium,2260.7943819009297,Moderate,33.80403611462707,0,0,0,0,96.1
Sensitive,35-44,6.596638485677486,Medium,2461.1936159555326,Moderate,41.73764308135757,0,0,1,0,84.3
Oily,25-34,7.3366800858292445,High,2415.6315171895985,High,100.0,0,0,0,0,96.5
Dry,25-34,6.249617999616077,Medium,1915.944902914168,High,36.715423050290894,0,1,0,0,82.0
Normal,25-34,8.946728772542006,High,1985.2395696797503,Moderate,51.29300342228479,0,0,0,0,94.0
Dry,25-34,6.630289663720417,Medium,2506.856286991766,Low,88.85074925800953,0,1,0,0,89.2
Normal,18-24,7.17462134183601,Low,2819.2145547213386,Moderate,66.93732221810917,0,0,0,0,98.7
Combination,35-44,6.79019446184093,Medium,1370.9546795891088,Moderate,100.0,1,1,0,0,78.3
Oily,45-54,7.294767889001822,Low,3259.981775639987,Low,42.59716629264843,0,0,0,1,90.4
Oily,25-34,8.299306757971864,Low,1342.1744007572652,Low,76.18570741823535,0,0,0,0,98.9
Dry,18-24,8.268765767027032,Low,1769.022475561931,Extreme,62.26345814722478,0,0,0,0,98.3
Normal,55+,7.042114271674256,Low,2037.0341458873495,High,74.8759308779382,0,1,1,0,81.6
Combination,25-34,9.05198765968498,Medium,2082.9523571819213,Low,71.10932962387733,0,0,0,0,99.4
Oily,18-24,8.309478462013853,High,2981.9160433699385,Moderate,30.70090080018931,1,0,0,0,82.7
Dry,25-34,5.8427283212039764,High,2505.953533246189,Low,100.0,1,0,0,0,83.7
Normal,35-44,4.929477469399092,Low,2206.4174454287972,Low,3.4834427049782164,0,0,0,0,86.6
Dry,25-34,5.877479297305145,Medium,2517.746654348635,Moderate,28.39409634548197,1,0,0,0,79.6
Normal,25-34,7.120023167825379,Low,2172.876134972788,Moderate,67.02826244010468,0,0,0,0,97.3
Oily,25-34,7.39580055594714,Medium,1662.2924477471088,Extreme,57.26619277898111,0,0,0,0,93.8
Oily,18-24,9.038706524953028,High,2242.8192337549144,High,53.34780316713565,1,0,0,0,84.9
Combination,25-34,4.8581810373215,Low,2033.7766295094816,Low,67.8890260283043,1,0,0,0,82.6
Oily,35-44,6.341266999079784,High,1578.5721010974603,Moderate,38.930612032567225,1,0,1,1,61.7
Combination,35-44,5.23353599518823,High,2631.3951199258127,Moderate,80.99784858309793,1,0,1,0,72.8
Combination,18-24,4.991801182630832,Medium,1972.772228439881,Low,46.77018790552185,1,0,0,0,78.6
Normal,18-24,6.058271881070022,Medium,1439.7496645946553,High,85.02398194322753,1,0,0,1,76.5
Dry,35-44,7.549918366441032,Medium,1518.6724352056099,Low,52.384466876850055,0,1,0,0,85.4
Normal,45-54,8.157091652335474,High,2267.498017685832,Low,71.69515071540216,0,0,1,0,87.0
Oily,25-34,5.077468840067488,Medium,2524.7161450038416,Moderate,65.9366177622953,1,0,0,0,81.8
Combination,25-34,5.2860861209191405,Medium,2240.826142078257,Low,72.6294912641739,0,0,0,0,92.3
Dry,18-24,4.330265237014849,Medium,2243.1157091758687,Moderate,50.9343113577185,0,1,0,0,80.2
Dry,25-34,6.821528312415493,Medium,1594.8382825819588,Extreme,42.83704224693756,1,1,0,1,66.1
Oily,18-24,5.9017916470438925,High,2046.4422749974897,Moderate,30.624760460854432,1,0,0,0,76.0
Oily,35-44,9.494547067317772,High,1834.9448451845292,High,72.15413094011286,1,0,1,0,78.9
Normal,25-34,7.114713199474392,Medium,1902.5169101986257,Moderate,2.567074672650854,0,0,0,0,88.3
Combination,45-54,6.742831384814838,Medium,1944.1038716389041,Moderate,67.72276278526223,0,0,0,1,87.1
Dry,35-44,6.038331358683322,High,1670.032128389269,Moderate,69.5823633286747,1,1,0,1,64.4
Combination,45-54,4.757994669708657,Low,2375.8332813089596,Moderate,100.0,0,0,0,0,96.3
Oily,25-34,4.4481923345818535,Medium,1495.4420316234994,Moderate,33.48357882734429,0,0,0,0,85.2
Oily,18-24,6.0667885681417975,Medium,1350.6860240773801,Moderate,54.69295519010036,0,0,0,0,90.3
Oily,55+,5.951645676963543,Medium,1607.3986447100856,Low,53.97657004929928,1,1,1,1,57.5
Normal,35-44,5.5012422357310085,Medium,2441.697553012088,Moderate,32.34871084346223,0,0,1,0,81.1
Oily,45-54,7.565642091163516,Medium,2169.579281332366,High,59.86231824881159,0,0,1,0,87.5
Combination,18-24,7.771398388622289,Medium,1108.3790480016678,Low,16.461101540274285,0,0,0,0,89.4
Combination,25-34,5.812051404047407,Low,2298.636843650599,High,74.07411589582678,0,0,0,0,95.6
Dry,35-44,9.902728402397976,Low,1975.745960238931,High,74.76825428029866,0,0,0,0,100.0
Oily,18-24,4.3799059502258615,Low,1791.3086649360016,Low,60.78923655965828,1,0,0,1,73.4
Normal,25-34,6.5872458484583944,Low,1879.0099885089737,Moderate,34.075979578597185,0,0,0,0,92.3
Combination,25-34,6.172129693868112,Medium,1333.1855295206299,High,85.46911793748461,1,1,0,0,75.6
Normal,18-24,6.173948677049115,Medium,2086.620399968647,Moderate,22.879962217758905,0,0,0,0,88.8
Sensitive,18-24,5.953505730980411,Low,1366.2242470345377,High,66.25048889854457,0,0,0,0,93.3
Oily,25-34,6.489560175631463,Medium,1824.9969846979225,Low,20.770193271277137,1,0,0,1,71.7
Oily,18-24,6.661708259017407,Medium,1825.6448104055303,Low,45.41978184685718,1,0,0,1,74.5
Sensitive,35-44,6.412185209331161,Low,2384.9547124770334,Low,100.0,0,0,0,0,99.6
Normal,18-24,5.051920547515938,Medium,2019.872124593415,Extreme,61.810196915784154,1,0,0,0,80.3
Dry,25-34,4.072832273284252,Medium,2352.9955204213525,Low,26.97440168477981,0,0,0,0,85.5
Dry,45-54,6.567225287206652,Low,1402.1287014601403,High,46.9481771839592,0,1,1,1,69.6
Oily,25-34,5.896855843255205,Low,1946.099925704794,Moderate,40.51306157877485,1,0,0,0,81.7
Oily,25-34,6.204444709584759,High,2265.158222462044,Low,29.142507029874093,1,0,0,0,76.9
Dry,35-44,6.837067303165737,Medium,2621.149569899966,Low,66.81472016931241,0,0,1,0,87.6
Combination,45-54,6.216246487175773,Medium,1430.4072557773843,Moderate,100.0,0,1,1,1,72.3
Normal,18-24,6.681388864272692,Medium,1579.5243321681482,Low,36.01426028402261,0,0,0,0,90.1
Sensitive,25-34,5.219707537844759,High,2252.6434898516004,Extreme,100.0,0,0,0,0,91.9
Normal,35-44,9.285918713744925,High,2805.7966483443142,High,59.90959686720432,0,0,0,0,97.2
Oily,25-34,5.300389777775047,Medium,2142.9399081131883,Low,58.05422459959175,0,0,0,0,90.7
Oily,35-44,6.443528935801989,Medium,1445.0196410968922,High,66.52159381676405,1,0,0,1,75.4
Normal,55+,5.91431681632918,Medium,1454.7779147650367,Moderate,7.5911850556748846,0,1,1,1,62.5
Normal,45-54,5.889127689692645,Low,2067.422610192133,Extreme,71.36731327637602,0,0,0,0,95.0
Sensitive,25-34,6.53696234995692,High,2178.788314241205,Low,4.19904246633881,0,0,0,0,84.9
Oily,18-24,6.846648685175482,Medium,1889.3632013548745,Moderate,55.23055427891751,1,0,0,0,83.0
Normal,55+,6.310809414437185,Medium,1460.4646535757993,Low,54.06968609866472,0,0,1,1,75.9
Normal,25-34,6.0747860126685325,High,2550.7076170827363,High,11.627127380959138,1,0,0,1,68.4
Combination,18-24,5.920279673510095,Low,1825.6400932319555,Low,51.61927277207531,0,0,0,0,92.7
Combination,35-44,7.602588456589241,Low,2263.482583884073,Moderate,52.6779451540679,0,0,0,0,97.0
Oily,25-34,9.58278911388607,Medium,1113.416031094601,Extreme,46.15782031988872,1,1,1,1,63.0
Normal,25-34,5.187738084150173,Medium,2600.5772029641475,Moderate,46.41071626444507,1,0,0,0,80.2
Oily,45-54,7.590944835601907,Medium,1657.5949225518,Moderate,45.27354813842619,1,0,1,0,75.0
Normal,18-24,7.067423435531065,Low,2672.342187723589,Moderate,51.892489318600624,0,0,0,0,96.7
Normal,18-24,8.002944637198885,Medium,2306.3687619388365,Moderate,71.64157763928593,0,0,0,0,97.8
Oily,25-34,7.545189440744107,Low,1285.6300187366055,Moderate,44.02616788080517,1,0,0,0,84.1
Oily,35-44,7.308119045827991,Medium,2122.763372819832,Moderate,58.74370402978891,1,0,0,1,77.7
Dry,18-24,6.94026913582735,Low,2828.26637277985,Extreme,66.22900102173378,0,0,0,0,98.2
Oily,25-34,5.84832470052733,Medium,1701.0413251455461,Low,100.0,1,0,0,0,85.1
Sensitive,35-44,5.852559470337047,High,2829.162771300145,Low,70.17986507787907,0,0,0,0,91.4
Sensitive,45-54,6.854731508572323,High,2192.8667718467345,Low,32.443161760252046,1,1,0,1,63.3
Dry,18-24,5.07311675287348,Medium,2670.178876974333,Moderate,27.582811612088204,1,1,0,0,70.2
Oily,45-54,6.109216014823797,Medium,2079.7428820990444,Low,75.06109158334192,0,0,0,1,86.9
Oily,18-24,8.660280436708852,Medium,1938.0120381851023,Extreme,87.81560682607004,1,0,0,1,83.0
Oily,35-44,7.147768331619536,Medium,2918.5814166460445,Moderate,36.35736727495643,1,0,0,0,83.8
Combination,25-34,7.838996628403324,High,2360.7009546125646,High,48.91450443131132,1,0,0,0,82.3
Oily,18-24,9.204465829987637,High,1882.338983535375,Moderate,50.48215223996798,1,0,0,0,84.2
Combination,35-44,6.734455816127774,High,2211.943459148306,Low,40.779472713398064,0,0,1,0,81.0
Sensitive,18-24,7.310988751290463,High,1717.5772747930696,Low,100.0,1,0,0,0,85.1
Oily,18-24,6.547231158770867,Low,2053.9419535783377,Moderate,79.1018905552062,0,0,0,0,97.1
Dry,25-34,5.281091359286591,Medium,2597.810909605145,Low,58.603833489252054,0,1,0,0,83.6
Normal,35-44,5.570547611001393,High,1919.0731800496355,High,49.502388295430514,1,0,1,0,68.9
Oily,18-24,8.264725558894737,High,1562.739443234186,High,73.90567934573,1,0,0,0,84.0
Oily,18-24,7.312940920728472,High,1516.558665833657,High,62.8483998783673,1,0,0,0,80.9
Oily,18-24,9.769904608121578,Medium,2036.8090451172889,High,39.073963801868594,0,0,0,0,97.5
Combination,25-34,7.958078019385837,Medium,1596.22344422358,Moderate,74.28670629370666,0,0,0,0,96.5
Normal,25-34,5.403180515695448,Low,1283.6294728707396,Moderate,59.23082119174646,1,0,0,0,81.3
Oily,18-24,8.260513270340157,Medium,1400.7058861583591,Moderate,8.48269896514877,1,0,0,0,80.2
Dry,18-24,6.542386691346617,Medium,2587.549851945022,Low,25.194342822994575,0,1,0,0,82.8
Dry,25-34,8.325289563693502,High,1928.813798716288,Moderate,16.765259959586615,0,0,0,0,89.2
Oily,35-44,6.27049918413547,High,2028.8819133265315,Moderate,85.78001270956966,1,0,0,0,82.2
Combination,35-44,5.421361059635991,Medium,1516.6953981624793,High,42.446286512613725,0,0,0,1,81.1
Dry,45-54,5.806367384407886,Low,1709.2529766567966,Moderate,75.67929793704698,0,1,0,0,86.6
Oily,18-24,5.88300264637763,Medium,1693.1226782503693,Low,100.0,0,0,0,0,95.2
Normal,55+,5.739622353072004,Medium,1861.615431467822,Moderate,69.85336726651676,0,0,1,0,84.2
Oily,25-34,5.64108758659234,Low,1170.800583020777,High,39.5257722379478,1,0,0,1,72.6
Combination,55+,8.285037805487857,Low,2544.8374832222808,Extreme,31.408092804515913,0,1,1,1,73.8
Dry,25-34,9.194066312399276,High,1991.7874278478253,Low,42.34131328311037,0,1,0,0,85.6
Combination,25-34,4.504715726669744,Low,2101.0430424810206,High,24.305957786489497,1,0,0,0,77.6
Oily,25-34,8.395269564249723,Low,2457.1691920322965,Moderate,21.387949598922653,0,0,0,0,95.8
Normal,25-34,5.783444426038357,Medium,2418.8712736141424,Low,29.87588294946459,0,0,0,0,89.4
Normal,45-54,7.521823796803351,High,1712.4595372337683,High,73.30524501747156,0,0,1,1,77.8
Oily,35-44,4.518780954140054,High,2302.2337123805332,Low,46.97854911475511,1,0,0,0,75.3
Dry,55+,7.786052526017284,High,2297.0894189531887,High,44.367902811820294,0,1,1,0,75.6
Combination,35-44,3.992031404775906,Medium,2157.990465808633,High,71.72966279716302,1,0,0,0,79.5
Oily,25-34,6.970902608465248,Medium,2530.5603387713027,Moderate,68.18093587088418,1,0,0,0,85.8
Oily,18-24,7.385884070544004,High,2399.7660805336973,Low,1.7672369400780568,1,0,0,0,76.7
Oily,55+,7.286511451443201,Medium,2363.684806626544,Extreme,6.916681788627287,0,0,1,1,75.0
Oily,25-34,5.397634774050606,Medium,2682.6405614931214,High,40.34920093724643,1,0,0,1,73.2
Oily,35-44,7.824290011644465,Medium,2014.3297286923316,Extreme,32.12961276137456,1,0,0,1,75.9
Normal,25-34,7.086622264125076,High,2028.8844496788738,Moderate,71.363395713442,1,0,0,1,75.4
Normal,25-34,6.185070824538321,High,2409.601759110317,Moderate,38.403779607287845,0,0,0,0,88.0
Normal,45-54,8.00777546076279,Medium,1910.7730874699848,Low,100.0,0,1,0,0,91.8
Normal,18-24,6.8565937801517425,Medium,2240.803836073584,Low,37.80206550181447,0,0,0,0,92.0
Normal,25-34,7.293165738363143,High,1719.9463464928795,Low,57.71556754271403,0,0,0,0,90.8
Dry,18-24,6.811181008908865,Low,860.2516473573021,Moderate,33.323494685004924,0,1,0,0,82.7
Oily,35-44,7.325052986664311,Medium,2298.9369901077475,Moderate,72.18992508270274,0,0,1,0,88.5
Sensitive,18-24,7.8620844116128925,Medium,1225.65983137177,Moderate,77.74001786801665,0,1,0,0,87.9
Normal,18-24,6.403131139572947,Medium,1650.4419362987705,Moderate,72.19375570310157,1,0,0,0,83.3
Oily,25-34,4.649245120618707,Medium,2410.005869004387,Extreme,46.64298072591596,1,0,1,1,63.8
Oily,25-34,6.914118508322232,Medium,2415.881298957378,High,81.75867440519907,1,0,0,0,86.8
Normal,25-34,8.284087067919394,Medium,2587.6359438440036,High,57.490775429428815,0,0,0,0,97.5
Combination,18-24,7.448726459436169,High,990.1390212918249,High,33.9212036495596,1,0,0,1,70.3
Normal,55+,7.477213472044559,Medium,2148.0067092378176,Low,34.09981519502429,0,1,1,1,69.7
Sensitive,55+,6.936735840255039,High,1871.1573830266284,Low,83.22056407080356,0,0,1,1,77.9
Combination,25-34,7.6086779791598005,Medium,2494.1079827473222,Moderate,81.60649709615541,0,0,0,0,98.4
Dry,35-44,6.721096875793094,Medium,2738.1799607803046,Moderate,31.94843832565601,0,1,1,0,76.1
Dry,25-34,5.819151828309708,Medium,1345.5425185488684,High,68.77452466113596,0,1,0,0,83.2
Dry,18-24,8.657947379312299,Medium,2007.9413205935662,Moderate,12.84110013875894,0,1,0,0,84.6
Oily,25-34,5.704192522560977,Low,2416.3160747432757,Extreme,34.562918219406995,1,0,0,1,74.7
Dry,25-34,7.834206419677624,Medium,1831.0008274182712,High,62.24334269954262,0,0,0,0,95.6
Normal,25-34,8.158903192936563,High,2872.8473598068076,Low,28.81218257666278,0,0,0,0,91.9
Normal,25-34,7.350225398093091,Medium,1799.2652269394316,Moderate,86.64384993913063,0,0,0,0,97.0
Oily,45-54,5.126146720641051,Medium,1849.8991316715499,Extreme,75.21449830868052,0,1,1,0,75.5
Dry,25-34,6.5407323638337465,Low,1463.3462721735464,Moderate,20.46192321713,1,1,0,0,72.1
Combination,35-44,6.697000004412074,Low,2076.9603263334698,Moderate,76.38664069828667,0,0,1,0,89.2
Normal,18-24,6.25600111699703,Medium,500.0,Low,16.99078958556983,1,0,0,0,75.2
Combination,25-34,6.714127381019641,Low,1876.117826240718,Moderate,50.092491274858425,0,0,0,0,94.2
Oily,25-34,7.6538095212463215,Low,2634.4847429627016,High,71.93299248762605,0,0,0,0,99.8
Oily,25-34,5.812171009803202,Medium,1301.6168253632231,Low,67.73246253191262,1,1,0,0,73.0
Oily,35-44,6.742925988589488,Medium,1190.8486565256285,High,57.841213162569844,1,1,1,0,65.7
Oily,35-44,6.638411599252018,Low,2558.111673793881,Extreme,51.39275464158716,0,0,0,0,95.5
Normal,25-34,8.245806568316468,Low,2625.8514279395913,High,21.05499581379999,0,0,0,0,95.8
Dry,35-44,6.61434907328412,Low,1322.1562391607988,Extreme,64.56483124709959,0,1,0,0,86.3
Combination,45-54,5.148391513357382,Low,2866.373012532378,Low,80.1122025949432,0,0,1,1,81.0
Oily,35-44,4.639847741514229,Low,2216.2258824230303,Moderate,100.0,0,0,0,0,95.7
Oily,18-24,7.5440943498489546,Medium,2524.3719317453815,Low,38.59668409615948,0,0,0,0,94.0
Combination,35-44,5.858977390171147,Medium,1604.0650841842526,High,81.16660906266259,0,0,1,0,85.0
Combination,18-24,8.003086757908719,Medium,2744.529490621055,Extreme,69.11190181817022,1,0,0,0,88.4
Oily,45-54,5.003170017239302,High,1865.9918717101077,Low,48.08771707054948,0,1,1,0,69.5
Oily,25-34,5.691631750084088,Medium,1843.9825387239462,Moderate,68.02415075304145,0,0,0,0,91.9
Combination,25-34,4.504146725719778,Low,2241.1889596531314,Low,29.59114526159212,1,0,0,0,78.4
Dry,18-24,7.651916073323385,Low,1803.987436548592,Moderate,56.42552469333918,0,1,0,0,88.6
Oily,25-34,7.473271310936975,High,1239.6468791571576,Moderate,44.717662617188466,1,0,0,0,78.9
Oily,45-54,7.507937736454901,High,2065.8837461294274,High,71.0887442260317,0,0,0,0,93.3
Combination,18-24,5.371095519394236,Low,1840.878482607345,Low,63.079207588007456,0,0,0,0,92.7
Normal,25-34,5.381354383834001,Low,1616.0443597382132,Low,36.7819466301828,0,0,0,0,89.7
Sensitive,45-54,7.351470982917331,Medium,2620.2635774744067,Low,74.75816695879197,0,0,1,0,89.4
Normal,25-34,3.9683878878134538,Medium,3196.163340412868,Low,46.78417858982659,0,0,0,0,89.0
Combination,25-34,6.1382975834181455,Medium,1540.4374054117689,Moderate,22.763473574322475,1,0,0,1,70.6
Oily,25-34,8.775358030003822,Medium,2098.7205423834707,Low,40.75548265838633,0,0,0,0,95.8
Oily,25-34,6.230066676229438,Low,1800.780202472059,Moderate,35.52377813280862,1,0,0,1,74.6
Combination,18-24,4.767183041452073,Low,3144.19968800049,Moderate,21.822354055305937,1,0,0,0,80.0
Oily,18-24,6.088886128485797,Medium,2245.867392692731,Moderate,29.904404352255177,1,0,0,0,79.7
Dry,35-44,6.053961511483637,High,2463.477856219995,Extreme,53.54357844614221,0,1,0,0,81.4
Normal,45-54,10.0,Low,2590.916278576466,High,61.375602718718994,0,0,1,1,88.3
Normal,18-24,9.498518620770843,Medium,2065.0769274183453,Low,18.908113280960677,0,0,0,0,95.0
Oily,18-24,8.096403151152368,Medium,1906.808329650102,Low,80.0074828512404,0,0,0,0,98.0
Dry,25-34,5.985386103887903,Low,2759.466157326003,High,65.33369415429746,0,1,0,0,88.0
Normal,45-54,8.800944491469584,High,2388.9441880974528,Moderate,57.86999606759382,0,0,1,0,87.2
Normal,25-34,4.799810541424312,Medium,1577.0502458650258,Moderate,19.526891394509345,0,0,0,0,84.7
Oily,45-54,8.614862972866389,Medium,1637.8943180580395,High,54.68629370253475,1,0,1,1,71.0
Dry,18-24,8.391960306130066,Medium,1805.1734132347815,Low,43.16854755247615,0,1,0,0,86.7
Combination,45-54,6.772981398026079,Low,2579.609278608221,Moderate,32.98804873524591,0,0,0,1,87.0
Normal,25-34,8.208779470026158,Medium,2736.7237382832977,High,20.956107299025124,1,0,0,1,77.0
Normal,35-44,6.329168305804226,Medium,3075.8641495452093,High,79.16144811862222,0,0,0,0,96.7
Sensitive,25-34,4.602371602852649,Low,1645.6483536688766,High,56.90002352286851,1,0,0,0,80.2
Oily,35-44,8.466947519499882,Medium,2070.1032621031036,Moderate,82.13924576372075,0,0,0,0,99.3
Combination,18-24,6.872135606290811,Low,1799.899108395218,High,49.67075585224987,0,0,0,1,87.3
Combination,18-24,7.9026709049480015,Low,1908.8271618055194,Low,68.79198943477695,0,0,0,0,98.5
Combination,25-34,9.23132988733911,Medium,2464.939427189863,Moderate,67.95816971602645,1,0,0,0,90.2
Normal,45-54,5.916618891405555,Low,1977.060494739099,Low,71.6664781561867,0,1,1,0,79.0
Combination,35-44,6.784930742740037,Medium,2657.928835786408,Low,89.56556824474221,0,0,0,0,97.8
Combination,25-34,8.85445175686657,High,1741.850776377919,High,52.50821059045299,0,0,0,0,93.4
Dry,25-34,7.503097596282926,Low,2370.7081753722605,Low,12.631614315118462,1,0,0,0,83.0
Oily,18-24,5.950325883693106,Medium,1778.6216912388322,Moderate,16.619621801436807,1,0,0,0,77.1
Oily,45-54,5.567473444690782,Medium,1081.387849788387,Moderate,43.68001978221848,1,0,1,0,69.7
Normal,35-44,6.207879039844982,Medium,1489.2657664966127,Low,78.54869402471031,0,0,0,0,93.2
Dry,35-44,5.892377942795683,Medium,2062.064865173261,Moderate,49.998615051708256,0,1,0,0,82.9
Dry,25-34,6.856022179234296,Medium,2960.748910650747,Moderate,55.13269934561121,0,0,0,0,95.1
Oily,55+,7.1176517607964,Low,1770.20622703187,High,63.39192394517389,0,0,1,0,88.1
Oily,45-54,7.418856631413027,Low,1915.4057855502595,High,64.11007153191017,0,0,0,1,90.1
Oily,35-44,5.7387807976603264,Medium,2244.8348793974187,Moderate,2.7218039745289957,0,0,1,0,78.2
Dry,25-34,6.393749138712117,Low,1700.2893401632537,Extreme,20.327174407829578,0,1,0,1,75.2
Sensitive,35-44,3.9164503390656753,High,1758.1204642339055,Low,100.0,0,0,1,0,80.3
Normal,25-34,6.71750947604205,Medium,2036.057238938423,Moderate,58.151501197334966,0,0,0,0,93.3
Oily,25-34,8.263160967433798,Low,1781.7168318775184,Extreme,0.0,0,0,0,0,92.1
Normal,25-34,4.36288113598073,Low,1108.5035489349848,Low,51.743029901988955,0,0,0,0,88.1
Dry,25-34,7.225142345971192,Low,1674.9149800729651,Low,95.06589099400202,0,1,0,0,91.3
Combination,25-34,5.583478472359156,Medium,2307.4598432789885,Moderate,56.8449073306408,0,0,0,0,91.5
Sensitive,25-34,7.703751730540054,High,2323.0015470646294,High,66.10990264734713,1,0,0,1,76.7
Oily,25-34,6.7379711768184185,Low,2668.116850179651,Moderate,4.290947703045035,0,0,0,0,91.2
Sensitive,35-44,7.6070561689906615,Low,2627.7680059921267,High,68.22795514288103,0,0,0,0,99.3
Normal,25-34,6.5972358481331606,Medium,1549.906187834449,Low,8.919452086558401,0,0,0,0,87.2
Dry,18-24,8.99249770957653,Low,1627.2917754445527,High,19.438590445850195,0,1,0,1,80.2
Normal,25-34,7.021115716542654,Medium,1649.359453418871,Low,13.720592379219191,0,0,0,0,88.7
Combination,45-54,5.941864428996324,Medium,1923.9691897408397,Moderate,100.0,0,1,1,0,79.7
Dry,35-44,7.148072578481505,Medium,1688.3649420049983,Moderate,78.20092106666966,0,1,1,0,79.5
Dry,25-34,5.946678435550926,Medium,1912.736483410226,Moderate,85.02456901284815,0,1,0,0,86.2
Combination,45-54,7.243599859779383,Medium,1563.9015043887384,Moderate,26.91328483021899,0,0,1,0,82.3
Normal,18-24,6.370345431449781,Medium,2392.2027153925997,Moderate,54.76913241403355,1,0,0,0,83.0
Normal,55+,5.984783896680528,Low,1525.968185820331,High,24.797659119221226,0,0,1,1,74.5
Combination,18-24,7.298908319122669,Medium,1501.2140416884906,High,27.47201032331457,1,0,0,1,73.3
Oily,18-24,7.08368444292483,Medium,2260.1145595955586,Moderate,61.736079890766696,0,0,0,0,94.9
Normal,25-34,8.095933767568772,Low,2361.1499853120254,Low,54.47008133527913,0,0,0,0,98.4
Oily,25-34,5.8775661813007805,Low,1887.4388090727532,High,57.155750983882086,1,0,0,0,83.2
Dry,25-34,3.528719228757039,Low,2434.494077626515,High,18.596873157125156,0,1,0,1,70.8
Normal,35-44,6.4541938023050305,Low,2398.3938031991793,Moderate,63.189793125838975,0,0,1,0,88.0
Oily,45-54,4.560353861625135,Medium,2949.569395061759,Moderate,68.69265396033225,1,0,0,1,74.9
Normal,25-34,7.123507961144864,Low,2366.4630673096362,Moderate,33.12000328921813,0,0,0,0,94.3
Oily,25-34,3.9891531074768185,Medium,2853.6015423907315,Low,43.201607655603496,1,0,0,1,71.0
Combination,18-24,5.517443406378848,Medium,2030.9645857114847,Moderate,8.867647459790888,1,0,0,1,69.0
Sensitive,18-24,6.456498312587706,Medium,2699.8130880543035,Moderate,11.10710339499289,0,0,0,0,89.4
Dry,35-44,9.315925907141718,Medium,2710.3831907529457,High,100.0,0,1,0,0,96.1
Normal,18-24,5.390664826427624,Medium,1928.6931300949318,High,55.120906032085855,1,0,0,1,73.2
Sensitive,35-44,7.01860747471988,Low,1655.7298093608706,Low,66.02707012834684,0,0,0,0,96.0
Dry,25-34,7.369964865435889,Low,1743.6620859073273,Moderate,69.9558721228523,0,1,0,0,89.2
Normal,18-24,9.226090829831046,Low,2207.5620820479953,Low,28.24724101366279,0,0,0,0,97.7
Sensitive,25-34,7.666692127582115,Medium,1425.1464959357934,Moderate,67.7538726575975,0,0,0,0,95.0
Combination,18-24,8.640860427448699,Low,1773.1345671718802,Low,77.65626919933685,0,0,0,0,100.0
Combination,25-34,7.796460588277313,Medium,2598.6151686406447,Moderate,22.44836176440138,0,0,0,0,93.0
Combination,35-44,5.186315542905792,High,2333.416982722712,High,47.69995707328205,0,0,1,1,71.8
Oily,25-34,7.039538156475571,Low,823.6804949032169,High,15.480927054910097,1,0,1,1,64.3
Oily,18-24,8.272991428258335,High,1333.6764677568158,Low,70.88052364022845,1,0,0,1,76.3
Dry,35-44,5.56524956548897,High,3079.443189853684,Low,65.13438891596724,0,1,0,0,82.8
Oily,18-24,6.130360184913966,High,2589.7837039658616,Low,79.29222679626571,1,0,0,1,75.4
Oily,35-44,5.795211557309416,High,1708.5363926378031,Moderate,81.07059372643229,1,0,0,1,73.1
Combination,25-34,7.65893447895205,Low,1255.7839150857817,Low,43.46456547336918,0,1,0,0,86.2
Combination,25-34,6.396078319506302,Low,1375.2464687394124,Low,60.26950297099041,0,1,0,0,85.6
Oily,45-54,6.518731158497355,Low,2254.580521420854,Extreme,70.53673471617674,0,0,1,0,88.6
Combination,35-44,5.077495125020518,Low,2988.4641784784544,Moderate,78.33641332236624,0,0,0,0,96.0
Combination,18-24,6.898908620209311,Medium,2956.6287551135456,Moderate,86.66039667341646,0,0,0,0,98.4
Dry,25-34,5.648617467522876,High,1212.1572532554044,Low,22.738017744814847,1,1,0,0,65.0
Oily,45-54,7.365009347896244,Low,1852.1143615394199,Moderate,13.09201374851942,0,0,0,0,91.7
Oily,18-24,5.285549202031824,Low,1571.4761421143794,Moderate,23.719374240057455,1,0,0,0,78.1
Oily,25-34,6.7668593892593005,Medium,2068.475153484612,Moderate,61.819540708971715,1,0,0,1,76.9
Normal,35-44,6.341573844251769,Low,1334.4695938797026,Moderate,70.34396675731519,0,0,1,0,86.4
Oily,35-44,5.12605461139728,Medium,1727.0908114109184,Extreme,45.779682690978035,0,0,1,0,80.3
Oily,35-44,5.00907394318278,Low,1566.369441048485,Low,53.2056968662224,0,0,0,0,90.5
Oily,35-44,5.2344694179659585,High,2261.8022929600893,Moderate,39.142575575930934,0,0,1,0,77.9
Sensitive,35-44,6.6904014138391865,Medium,1742.5705643185279,Moderate,72.32264389015205,0,0,0,0,94.1
Normal,45-54,7.181493151545251,Medium,1814.4111526209522,Moderate,42.65681259673969,0,1,0,0,84.3
Combination,35-44,7.404735448565772,Low,2255.45923428582,Low,100.0,0,0,1,0,93.3
Dry,25-34,6.961329376592672,High,2821.2604190622064,Moderate,83.07095919336852,0,1,0,0,86.9
Normal,25-34,5.362215108531199,Medium,3057.8877523557367,Low,68.09471849808475,1,0,0,0,83.6
Sensitive,35-44,8.587604362142763,Medium,2228.006337690429,Moderate,75.78124099472495,0,0,1,0,91.2
Dry,45-54,6.33666171098777,High,1955.7130040953612,Moderate,88.47996855423588,0,1,1,1,69.4
Oily,25-34,7.175224640089598,Medium,2658.1236533953397,Moderate,52.46846757120223,1,0,0,0,84.9
Combination,25-34,6.253766849759275,Medium,2583.58227350578,Moderate,54.029403340855254,0,0,0,0,93.1
Oily,45-54,7.563431847554562,Low,2440.9054662544386,Low,16.80052441000109,0,1,0,1,78.7
Dry,25-34,6.17850790078263,Medium,1210.329784392939,Moderate,56.51692982395172,0,1,0,0,82.4
Normal,18-24,7.5904523148618495,High,2604.0877015850047,Low,17.72061471431571,0,0,0,0,89.2
Combination,35-44,6.9889166951795145,Low,2179.1006793055217,Low,49.929267656615934,0,0,0,0,95.3
Oily,55+,8.220760855976033,High,1553.1488448972927,High,54.22413795579122,0,0,1,1,77.0
Dry,45-54,5.771972435183203,Medium,1664.0619712625085,High,37.53268572878382,0,1,1,1,65.6
Oily,35-44,4.345162996164133,Medium,2291.0161444363985,High,71.96786979491995,0,0,0,0,90.5
Dry,18-24,5.5399638708488546,Medium,744.1806781063462,Moderate,76.2932637657162,1,1,0,1,65.2
Combination,45-54,8.603377622857051,Low,1937.26341781517,High,37.90472455351953,0,0,1,1,81.9
Oily,25-34,6.2681617701683905,Low,1672.4687204089541,Low,52.934790454012074,1,0,0,0,83.2
Dry,45-54,7.1380934433198435,Low,1621.5295442202382,Moderate,28.838450615949863,0,0,0,1,85.4
Oily,25-34,4.919545078930419,Medium,1771.403437235896,Low,20.82690604999512,0,0,0,0,85.5
Combination,18-24,7.0983305877254175,High,1260.2998142916156,High,57.75087326117605,1,0,0,0,79.5
Oily,25-34,4.965781033890956,Medium,2526.240021907937,Moderate,67.83591411764434,1,0,0,0,81.8
Combination,25-34,5.1863280874208675,Medium,936.0525776873715,High,12.269107437058082,1,0,1,1,58.5
Combination,35-44,6.396274475764179,Low,2084.6437709004376,High,100.0,0,0,1,0,91.0
Oily,55+,7.667645886763218,Medium,1576.221060641695,Moderate,37.57808517152309,0,1,0,1,77.2
Oily,35-44,7.827771370963765,Medium,2991.7893400002285,Moderate,65.18504519346516,0,0,1,0,90.2
Oily,45-54,7.868567346906755,Medium,2011.3432192420842,Low,46.647066522990045,1,0,1,0,76.4
Combination,25-34,4.1178738274334385,High,938.3335948214731,Moderate,42.890137873714565,0,0,0,0,81.4
Oily,35-44,6.990003249414608,High,2273.4105382593107,Moderate,97.95866458011542,1,0,1,1,70.3
Dry,45-54,6.704827249925896,Medium,1453.711644477777,Low,97.63678235453064,0,1,0,1,81.1
Combination,35-44,4.701726375877817,High,2492.444530543251,Extreme,18.738973106588574,0,0,1,0,75.3
Oily,25-34,6.5239756500832975,Medium,2308.8613327666794,Extreme,35.90839141383012,1,0,0,1,74.3
Dry,35-44,6.624359173844858,High,2736.29774869301,Low,100.0,0,0,0,0,95.7
Oily,35-44,7.767288508176831,Medium,2093.51587519363,High,49.17453519840463,1,0,0,1,77.6
Normal,25-34,6.621870614359704,Low,2409.574396423302,Low,60.56703218681107,0,0,0,0,96.1
Combination,45-54,6.1760192045751205,High,2021.377078221207,Moderate,88.40966317755586,1,0,1,1,67.2
Normal,55+,8.388643675685467,Low,1705.1731048648053,Moderate,71.33127413444528,0,1,1,1,76.3
Oily,25-34,3.1681497488373136,Low,2532.877465902836,High,0.0,1,0,0,1,66.4
Combination,35-44,6.903602307355585,Low,1384.7580145373001,Moderate,68.34910032646164,0,0,0,0,95.4
Oily,35-44,4.355123602012096,Medium,1981.8463896637656,High,100.0,0,0,0,0,92.7
Sensitive,35-44,5.63171009319082,Low,1715.7172139104837,High,75.73494116565439,0,0,0,0,94.3
Sensitive,25-34,7.2872205545140245,Medium,2421.0470334789607,Moderate,38.970484043598816,1,0,0,1,76.3
Oily,45-54,5.088703779338795,High,1526.6596775028393,Moderate,34.447157688185996,0,1,1,0,67.7
Normal,25-34,4.364423271944098,Low,1795.5837036875052,Moderate,45.02327636516629,0,0,0,0,88.8
Combination,18-24,10.0,Medium,2021.9567510212478,High,66.88052740011764,0,0,0,0,100.0
Oily,45-54,4.961066422869753,Low,2743.8615260075694,Extreme,100.0,1,0,0,0,87.4
Normal,35-44,9.475781354631959,Low,1733.7418464184254,Low,52.75528438970119,0,0,1,0,91.7
Combination,45-54,6.74169675313111,Medium,1799.5539625353329,Moderate,74.04919807430112,0,0,0,0,94.5
Normal,18-24,6.212756317841537,High,1325.8991536484732,High,11.385454270031644,0,0,1,0,75.2
Combination,18-24,7.850179585882307,Low,1508.502618121217,Moderate,7.876124856362381,0,0,0,0,91.5
Normal,45-54,9.004891113316749,Medium,2206.490626207669,Moderate,47.57724824532518,0,1,1,0,81.2
Normal,18-24,5.2808980868375075,Low,2016.0342545993508,Low,61.13595186889206,0,0,0,0,92.7
Normal,45-54,6.234625315407205,High,2024.0515741000645,High,57.841854488269576,0,0,1,0,81.3
Sensitive,45-54,8.270304602026378,Low,2870.6074657714917,Moderate,76.33150742516247,0,0,0,0,100.0
Dry,35-44,7.4319914686405,Medium,1163.861043414683,Moderate,53.13771792493782,0,1,0,0,84.5
Combination,18-24,8.652876745962073,High,3158.9108217448384,High,49.30646580196006,1,0,1,1,70.6
Oily,35-44,7.7726679316476694,Medium,2589.1373402773834,High,52.654080611175424,0,0,1,0,88.0
Oily,45-54,9.712336013723721,High,1837.1034995628954,High,26.258958316260056,0,0,1,1,77.7
Oily,25-34,6.767882898250475,High,2195.616393425589,Low,12.712374608072054,1,0,0,0,76.2
Oily,25-34,6.832716722496443,Medium,1658.5774578766427,High,83.98503583547182,1,0,0,0,85.4
Dry,25-34,6.982582058023699,Medium,2159.6166047212732,Moderate,29.419450934969195,0,1,0,0,83.2
Dry,18-24,6.786266722410163,Low,3074.9216992862175,Moderate,43.986359164886714,0,1,0,0,88.1
Oily,45-54,8.272130738201387,High,1676.8558958739845,High,89.74874311229483,1,0,1,0,77.9
Sensitive,45-54,7.355561835794539,Low,1883.9971958908245,Moderate,68.25943302562558,0,0,0,0,97.3
Normal,55+,8.182270013717716,Medium,1621.6168897010602,Moderate,71.9370882298191,0,0,1,0,88.8
Sensitive,25-34,7.9167497804362394,Medium,1701.9431941892012,High,42.79916629677676,0,0,0,0,93.5
Normal,35-44,7.642682022340491,Medium,1798.6529843321919,Moderate,98.88467230768669,0,0,0,0,98.8
Oily,18-24,7.752574486351295,Low,1452.5572056630208,High,55.67542020581884,1,0,0,0,86.0
Oily,35-44,5.4845053186051995,Medium,1868.1939665930977,Low,59.32891952946325,0,0,0,0,90.6
Oily,35-44,6.174469618270268,Low,2027.1161979246895,High,55.87962090556588,0,0,0,0,94.0
Dry,45-54,8.265075179486097,Low,1798.4250473473976,Low,79.126070213258,0,1,0,0,92.0
Oily,45-54,9.13544677272777,Low,850.452325392255,Low,65.90574045212713,1,1,1,0,72.6
Oily,45-54,4.08935466173746,Low,1922.841146314719,Low,0.0,0,0,0,0,84.0
Combination,45-54,6.148205279122878,Medium,1976.3641889777546,Low,48.79904124610633,0,1,0,0,83.1
Dry,45-54,7.035430903621975,Medium,2948.770847471745,High,68.04946079685817,0,1,0,1,81.8
Combination,18-24,5.6810883068789835,Low,2013.409360090219,Moderate,25.794817751922764,0,0,0,0,90.0
Oily,45-54,5.766220533727475,Medium,2467.79303626633,Low,47.40390036857859,0,0,0,0,91.2
Dry,35-44,7.712379810690707,Medium,1787.150145821963,Low,50.29977478521728,0,0,0,0,94.0
Dry,25-34,8.87206395375715,Medium,2649.087169327,Low,89.87441989109021,0,0,0,0,100.0
Oily,18-24,3.952264665516789,High,1527.7284263330212,Moderate,64.9452751159285,1,0,0,1,67.5
Oily,35-44,6.744285776527455,Low,2252.4946005593756,Moderate,68.22610162422191,1,0,0,0,86.8
Oily,25-34,7.194920512685582,High,2420.1826905408197,Low,20.855339163044384,1,0,0,0,78.3
Normal,25-34,7.670320958300362,Medium,2346.8030627505796,High,32.88274222796761,0,0,1,1,78.3
Oily,35-44,7.478691014603558,Medium,3082.074905090253,High,81.25653107492789,0,0,0,0,99.2
Normal,45-54,9.642103824904172,Medium,1707.8176708200758,Low,76.50264886910067,0,0,1,0,92.4
Dry,45-54,7.043359889988691,Medium,2706.8916551406633,Low,24.486966257970877,0,0,0,1,84.9
Dry,25-34,8.467989185588145,Medium,2577.8225613627746,High,84.98516985847789,0,0,0,0,100.0
Sensitive,25-34,5.530448494481046,Medium,2024.733204007019,High,43.48393601091962,0,0,0,0,89.5
Combination,18-24,7.0869744198832745,Low,2919.630520062445,Low,58.95770203831761,0,0,0,0,97.9
Normal,25-34,4.680927386301724,Medium,1926.7209230160659,Extreme,100.0,0,0,0,0,93.2
Combination,18-24,8.351296660823492,Medium,2011.1582782796193,Low,39.540551622427,1,0,0,0,84.7
Combination,55+,6.819335706038236,Medium,1997.2581809753713,Moderate,54.18833863749252,0,0,0,1,86.1
Oily,25-34,7.036731593779847,Low,1363.4071544471992,Low,36.03024153388935,1,0,0,1,75.4
Dry,18-24,6.529947053072389,Low,2380.7570171308557,Extreme,54.38134741112171,1,1,0,0,77.3
Sensitive,25-34,7.3796427524885235,Low,2302.699070912804,Moderate,100.0,0,0,0,0,100.0
Dry,25-34,7.096150960783628,Low,1947.6603400960719,Moderate,45.13641752072903,0,0,0,0,94.6
Sensitive,25-34,5.0080228550431904,Low,2881.267273733677,Low,57.64232240297283,1,0,0,0,83.5
Normal,18-24,5.594848851125485,Low,1781.3899713024089,Moderate,77.58875362336354,1,0,0,0,84.5
Normal,55+,6.958346904487972,Low,1135.1012926944625,High,18.419231022084098,0,1,1,1,67.0
Oily,25-34,7.4893609361099855,Medium,2951.1029857007698,Extreme,52.07795066460771,0,0,0,0,96.1
Dry,18-24,9.79434332967077,High,2505.5546536014917,Extreme,31.807651456432513,0,0,1,0,86.8
Combination,18-24,7.454486284998594,High,2313.0208312257923,High,44.05054492044151,1,0,0,1,73.9
Sensitive,25-34,8.01129710373281,Low,1830.2773165425722,High,42.816341722420155,1,0,1,1,71.0
Oily,18-24,4.580723597853747,Low,2171.045800535167,Extreme,14.279690582198647,1,0,0,0,76.9
Normal,18-24,10.0,Medium,1369.8108531773778,Low,0.0,0,0,0,0,92.7
Combination,25-34,7.408529316693789,Low,1887.4285078386606,Low,38.68191888451811,1,0,0,1,77.5
Dry,35-44,6.92559323326183,Medium,1548.1512284061098,Low,65.69870162656599,0,1,0,0,85.5
Normal,18-24,6.752955928813112,Medium,2130.9406318571773,Moderate,70.33098922614894,0,0,0,0,94.8
Oily,25-34,4.839200303211502,Medium,2461.73422925286,Extreme,16.61326126301804,1,0,1,1,61.3
Combination,25-34,5.268069806419744,High,1476.1874069125142,Moderate,53.80758741560329,0,0,0,0,85.9
Combination,18-24,9.86565344820012,High,2362.45634038421,Moderate,63.98137125558732,0,0,0,0,97.9
Oily,25-34,5.016493342570981,High,2099.874130193828,High,59.00495759508393,1,0,0,0,77.1
Oily,18-24,5.487598363200482,Low,2341.92619081278,Extreme,56.4437693686146,0,0,0,0,93.3
Sensitive,18-24,5.946669270886631,High,1878.8876173193892,Moderate,10.941771610477922,1,0,0,1,66.7
Dry,25-34,4.702728870558091,Medium,2352.007701333387,High,47.01014615846754,1,0,1,1,63.8
Oily,18-24,7.022959862268265,Medium,1652.0967176760287,Low,47.94303582153304,1,0,0,1,75.1
Oily,18-24,8.633365768997859,High,1158.8739517386043,Moderate,63.63455553521347,1,0,0,0,82.9
Combination,25-34,5.58426151059195,High,1273.0339973323269,Moderate,84.6873425547588,0,0,0,0,89.2
Oily,45-54,4.940013580358768,Medium,1748.6168394146202,Moderate,53.52171175015614,0,0,0,1,81.7
Normal,35-44,7.437791969521981,Medium,1193.73825611356,Low,51.37614657318924,0,0,1,0,84.4
Dry,45-54,6.91633849348028,Medium,2775.186282526978,High,63.263260599014274,0,1,1,1,72.7
Oily,45-54,8.504086825122437,Medium,1958.584418625293,Moderate,60.54454097749448,0,0,1,0,89.0
Dry,55+,6.318237551046594,High,2459.6362903665463,Moderate,60.81162136387941,0,1,1,0,74.6
Normal,35-44,6.609764830559987,Medium,2393.534177754622,Low,73.22702408935302,0,0,1,0,87.3
Dry,35-44,6.775704453185097,Medium,2003.2085708784896,Extreme,55.59711015745282,0,0,1,0,85.1
Oily,25-34,6.633506165830223,Medium,3768.265827436683,Moderate,62.480999572570354,0,0,0,0,97.1
Normal,18-24,6.411157483963615,Low,3463.8226179344156,Low,44.5306757930512,0,0,0,0,96.2
Normal,35-44,6.168033837930986,High,2695.94623936841,Low,23.7387720575134,0,0,0,0,87.1
Sensitive,55+,4.224433472677238,Low,1547.40569710411,Extreme,36.09451636137416,0,0,1,1,72.2
Combination,25-34,5.651919186319825,Medium,2716.4834313006145,Extreme,0.0,1,0,0,1,69.7
Oily,35-44,8.072834902122628,High,1125.7337792724438,Moderate,100.0,0,0,0,0,95.4
Combination,25-34,7.775368279053328,Medium,2698.3732090075673,Moderate,82.13136905741479,1,0,0,0,89.2
Dry,25-34,5.7933304646130495,High,721.9391092911701,Extreme,75.86758558442617,1,1,0,0,69.6
Sensitive,25-34,8.449228997272643,High,1840.521731931443,High,59.590326217759696,0,0,0,0,93.5
Oily,25-34,6.456943892449468,Low,2604.562117431162,Extreme,74.41692696085222,1,0,0,1,80.6
Dry,25-34,4.493230442276078,Medium,2192.5999890920993,Moderate,72.44466372561277,1,0,0,0,80.6
Normal,35-44,4.521423915318616,Medium,1260.7124987494487,Extreme,23.64566389692878,0,0,0,0,83.9
Oily,45-54,8.82738688392959,Medium,2085.1493414675474,Moderate,40.34416839820939,0,0,1,0,87.9
Sensitive,45-54,6.440494412108389,Medium,2192.8119566537316,Moderate,88.43711499771965,0,1,1,0,80.1
Dry,18-24,5.178903215391132,Medium,2102.392723392436,Low,37.77271898841249,1,0,0,0,78.3
Oily,45-54,3.6110857428466976,Low,1796.359972019344,Moderate,42.31901461227548,0,0,0,0,87.0
Normal,25-34,5.906425833687286,Medium,2427.5407247090184,High,70.59042030253747,0,0,0,0,93.7
Combination,25-34,7.107126288494542,Low,2572.4557936629817,Moderate,29.292227113431977,1,0,0,0,84.3
Dry,35-44,5.953463283930693,Low,1922.9049659937452,Moderate,100.0,0,1,0,0,89.8
Oily,25-34,4.9201322597991926,Medium,2759.8274169873857,Moderate,89.85680947785713,0,0,0,0,94.3
Sensitive,18-24,6.175936347089909,Medium,1921.8696361167094,Extreme,59.663483175545885,0,0,0,0,92.2
Normal,25-34,8.364788028717284,Low,1755.0928223633118,Moderate,81.24016238643567,0,0,0,0,100.0
Oily,35-44,4.910527573487214,Medium,2678.455013711435,Low,64.66335151500937,0,0,0,0,91.6
Sensitive,25-34,5.537448454366224,Medium,2660.211511488614,Low,54.604192504827665,0,0,0,0,91.9
Oily,35-44,8.816136609426387,High,1689.9455996509018,High,100.0,1,0,0,1,81.0
Oily,35-44,7.74126443413563,Medium,1617.3745521803664,Moderate,69.76175544400753,1,0,0,0,85.7
Dry,35-44,7.268691720668435,Low,2882.192450071315,Low,37.63755695656402,0,1,1,0,80.1
Combination,45-54,6.027330796875627,Medium,1948.669019287593,Moderate,71.50148139615857,0,1,1,0,77.1
Normal,25-34,6.545757221750642,Medium,2001.6428672080422,Extreme,91.9363463870722,1,0,0,0,86.3
Sensitive,18-24,6.193256397320049,Medium,1873.876281326032,Extreme,65.05881068163902,1,0,0,0,82.6
Combination,25-34,5.210920803393874,Medium,2660.8054186220093,Low,55.23924031821462,0,0,0,0,91.3
Normal,25-34,4.879913787047389,Low,3072.0857487612275,Low,42.50673474737032,1,0,0,1,75.2
Combination,35-44,8.176143394558748,Medium,2034.9933146480437,Low,68.79936176981292,0,0,0,0,97.3
Oily,18-24,6.909390801675797,Low,3208.861028375575,High,25.55524398077387,1,0,0,1,77.8
Oily,25-34,6.971770615704044,Medium,1722.7462253907438,Low,30.11193429232172,1,0,0,0,80.4
Combination,35-44,7.227509778702106,High,1858.5989817855252,Low,51.44134744294128,0,0,0,0,90.3
Sensitive,35-44,7.661378241712539,Medium,2336.5437967600883,Low,79.1920900526016,0,0,0,0,97.9
Normal,35-44,6.6179218150211625,Low,1591.504635108331,Extreme,87.81084780283693,0,0,0,0,97.2
Oily,45-54,6.277513823418139,High,2330.1061597246476,Moderate,56.32087333962699,1,1,0,0,71.8
Oily,35-44,5.777079505913316,Medium,1740.7526600151193,Moderate,80.6861640208844,1,0,0,0,83.1
Oily,35-44,4.87904629988933,Low,1227.937209999056,High,48.992934790599435,1,0,1,1,64.1
Oily,25-34,4.816950244065625,Medium,1128.7484891047511,Moderate,64.71749007810384,1,0,0,0,78.4
Normal,55+,6.451873418349668,Medium,1838.1048378093308,High,79.97457881423817,0,0,1,0,86.6
Dry,25-34,4.095440773346782,Low,2208.8058479155975,Low,47.12127666869665,1,1,0,1,64.3
Oily,18-24,4.926571143795955,Low,1319.4051273207745,Moderate,58.78168171544557,1,0,0,0,80.4
Normal,25-34,8.063209838952766,Medium,2089.295711247838,High,35.341541391775614,0,0,0,0,93.8
Combination,35-44,7.336269227280688,Low,2090.710860030642,Moderate,74.66101922888933,0,0,0,0,98.3
Combination,45-54,6.322244907694719,Medium,1916.1789671219356,Low,0.0,0,0,0,1,79.5
Oily,18-24,10.0,Medium,1536.8765090954982,Low,9.351292916253087,0,0,0,0,94.0
Oily,18-24,4.527625421930457,Medium,2120.118462075157,Extreme,64.31999073070531,1,0,0,1,72.7
Dry,45-54,8.463416914692733,Low,1928.83208082446,High,19.10113868410435,0,1,1,1,71.7
Oily,45-54,6.832800875830876,High,2490.871670615749,Moderate,47.77650565270248,1,0,0,0,80.4
Oily,25-34,7.677570534369218,Medium,1353.5967399674976,Moderate,85.08447264944678,0,1,0,0,88.6
Combination,25-34,6.663430575906211,Medium,2056.982466656682,Low,71.59779359627282,0,0,0,0,94.6
Normal,35-44,4.191632406632113,Medium,1364.0784583442573,Low,100.0,0,0,0,0,91.1
Normal,25-34,6.643190701338242,Low,1881.4630048506212,Moderate,51.88471228268034,0,0,0,0,94.2
Normal,45-54,7.503333781959397,Medium,1452.4600058156684,Moderate,57.93161476732261,0,0,1,0,85.7
Normal,18-24,3.712022052213379,Medium,1541.3603834279372,High,50.25361490410194,0,0,0,0,85.5
Normal,18-24,9.916072440702848,Medium,1998.0769252806956,Low,26.878990731648273,0,0,0,0,96.5
Sensitive,18-24,7.466811391259158,Low,1717.1868501766103,Low,59.6706464857061,1,0,0,1,79.3
Oily,25-34,7.507981610204743,Low,2733.3474167670556,Low,18.486826680445457,0,0,0,0,94.3
Normal,18-24,5.251705915635533,Medium,2589.5823982161783,Moderate,79.32722855080848,0,0,0,0,93.6
Oily,18-24,8.035926283218426,High,2402.3761388269077,Low,68.46120505885692,1,0,0,1,77.7
Sensitive,35-44,8.634256689344584,Medium,2392.4777304474774,Low,45.988030325723216,0,0,0,0,96.7
Dry,18-24,7.380352342206769,Low,2065.131952232161,Low,33.37406322196618,0,1,0,0,86.2
Oily,45-54,6.985942662218854,High,2652.398013468226,Low,69.76435367542936,1,0,0,1,76.3
Combination,25-34,5.1596178126523755,Medium,1852.9786079133405,Moderate,56.77787594607007,0,0,0,0,89.7
Oily,35-44,6.675689623325011,Medium,3059.6859682389686,Moderate,33.76238433929354,1,0,0,0,82.8
Oily,18-24,6.23195572861108,Medium,1528.9042567618974,Moderate,51.65268682936465,0,0,0,0,90.7
Oily,18-24,7.8579934560890266,Medium,1435.5872035711495,Low,64.28279886795303,0,0,0,0,95.0
Oily,25-34,5.225186112323896,Medium,1302.5129160279514,Moderate,65.00055219824561,0,0,0,0,89.6
Oily,25-34,7.3469760822553365,Low,1389.566680380066,High,92.11640008521735,1,0,0,1,81.7
Dry,35-44,5.741521655905515,High,1185.3220839018595,Low,66.25155133193327,1,1,0,0,69.5
Oily,35-44,6.606471168759972,Low,2107.048262689612,Extreme,28.978611451291016,0,0,0,0,92.3
Dry,35-44,7.924066595519225,Low,2426.9109429344444,Moderate,33.386625456835276,0,0,0,0,96.0
Normal,25-34,5.444304920020934,Low,2017.0687055555575,Low,81.40451653063946,1,0,0,0,85.1
Normal,45-54,7.975804733466402,Medium,1307.3545456109346,Low,100.0,0,1,1,0,82.6
Oily,35-44,7.829491236507052,Medium,1765.1602586406184,Low,59.12825655579871,1,0,0,0,85.1
Sensitive,55+,6.593573989934585,Medium,2420.7429751420555,Moderate,74.55946292154331,0,1,1,0,79.5
Oily,45-54,8.742674802033683,Medium,1829.0356108181713,Moderate,62.326400812889545,0,0,1,0,89.4
Dry,18-24,7.116676512965672,Low,1600.8093183077258,High,42.54748949701378,0,0,0,0,93.7
Oily,25-34,8.153414789878024,Medium,1243.1078348662509,High,12.72358208389808,1,0,1,1,65.1
Normal,25-34,9.190197387315768,Medium,1788.6281297930327,Moderate,61.931832280770855,0,0,0,0,98.2
Normal,35-44,6.638048467448033,Medium,1648.7186895228374,Moderate,100.0,0,0,0,0,96.6
Oily,25-34,7.467432476041095,Low,1956.8134225777928,Moderate,54.25540448703447,1,0,0,0,86.3
Normal,35-44,6.043648112015687,High,2238.18970133992,Low,52.451203986133834,1,0,1,0,70.8
Normal,25-34,4.950778385737703,Medium,1858.764343826997,Low,39.20806800405538,0,0,0,0,87.5
Combination,18-24,6.706810513920358,Medium,2092.4035981928337,Moderate,62.4230152613056,0,0,0,0,93.8
Normal,18-24,4.956099580375806,Medium,2236.002574753968,Low,78.77764257020306,0,0,0,0,92.3
Dry,25-34,5.093588330529036,Medium,1385.0955242668708,Moderate,63.31684143236498,0,0,0,0,89.3
Oily,35-44,7.887148898981602,Low,2943.0206485574713,Moderate,13.25832652903813,0,0,0,0,95.0
Dry,25-34,5.729526476826742,Medium,1629.286196241379,Moderate,93.55936539143335,1,1,0,1,69.1
Dry,35-44,8.065771130682792,Low,2258.2781248529236,Low,80.8316237602807,0,0,1,0,92.7
Oily,18-24,7.449117907026231,Low,1432.0078665598862,Low,45.497309987230935,1,0,0,0,84.3
Oily,18-24,9.776731093028673,Low,2055.071306837495,Low,36.74211846403399,1,0,0,0,89.3
Combination,35-44,7.786505928364068,High,2073.365977286388,Low,48.831423908783826,0,0,0,0,91.6
Combination,25-34,8.171327105418971,Medium,2829.5496576855576,Moderate,71.566153138094,1,0,0,0,89.2
Normal,35-44,7.60282699469132,High,1883.690497520737,Moderate,10.613262738886142,0,0,0,0,87.0
Normal,45-54,7.467090251617109,Low,2649.73477459718,Low,72.84268053541477,0,1,1,0,83.5
Combination,45-54,8.747099563169973,Low,2145.229134698639,Low,67.01366505543545,0,0,1,1,85.5
Oily,18-24,8.003196198797896,High,2926.0535091063725,Moderate,56.664697773275805,1,0,0,0,84.5
Dry,25-34,6.815095419436142,Medium,1109.9503498598433,Low,20.930318709682417,0,1,0,0,79.9
Oily,35-44,7.308481998894576,High,2241.0845911719853,Low,17.398499380606445,0,0,0,0,87.8
Normal,35-44,7.807343967745624,Low,663.5525935776345,Moderate,100.0,0,0,0,0,98.9
Dry,35-44,5.992939720810172,High,1970.9652650379721,Low,63.32333385684536,0,1,0,0,81.3
Dry,18-24,5.929300800791952,Medium,2510.4962351907343,High,98.39889849750107,0,1,0,0,88.7
Oily,18-24,9.138108898559398,Low,2722.808439350277,Moderate,72.58360647711864,0,0,0,0,100.0
Oily,25-34,9.296620495789996,Medium,2369.3122768016265,Moderate,52.81035374077685,0,0,0,0,98.6
Combination,35-44,5.606676312384751,Medium,1854.7188952241193,Low,65.79746350839939,0,0,1,0,83.5
Dry,25-34,5.496508351340443,Low,2272.5644187957178,Low,77.00836593093914,0,0,0,0,95.2
Normal,18-24,8.713784229256216,High,3258.187928158811,Low,79.81980293598772,1,0,0,1,81.9
Dry,35-44,7.800279989713594,Medium,2037.6893452963673,Low,71.89980407235828,0,0,0,0,96.9
Combination,25-34,7.514642157981383,Medium,2480.518217812047,Moderate,77.31930078507412,1,0,0,1,80.7
Combination,18-24,8.344901942279586,Low,1785.3238552424825,Low,78.50837693638277,0,0,0,0,100.0
Dry,18-24,6.638901757383887,Medium,2535.2139018529483,High,58.241205916430744,0,0,0,0,94.2
Normal,25-34,6.99495488748528,Low,2453.0279791725948,Extreme,34.90512635844185,1,0,0,1,77.4
Combination,25-34,6.878288226047138,Medium,1694.743166662328,Moderate,62.42812821638882,1,0,0,0,83.4
Dry,25-34,5.212262599631809,Medium,2388.653060801795,High,31.29269769534588,0,1,0,1,73.3
Normal,18-24,7.472636414823556,Medium,2412.3919461441697,Low,40.49001693322618,0,0,0,0,93.8
Oily,18-24,8.856566044224502,Medium,2369.971358134171,Moderate,59.93868471022949,0,0,0,0,98.4
Oily,25-34,5.998800141734958,Low,1979.4270291134935,Low,48.01937315990792,0,0,0,0,92.8
Dry,35-44,7.228853873111401,High,2614.546128902364,Extreme,92.88828624068935,0,0,0,0,96.0
Oily,18-24,7.310063374016284,Low,1532.5373468916732,Moderate,33.489487339632674,0,0,0,0,93.0
Dry,25-34,6.073003174347094,Low,2004.8740234407019,Moderate,0.0,0,1,0,0,80.2
Sensitive,18-24,8.015351856541537,Medium,2055.7012543083642,High,97.75088748992233,0,0,0,0,99.9
Combination,18-24,5.979901553117519,Medium,2585.686471213101,Low,51.1878956983112,0,0,0,0,92.2
Sensitive,18-24,8.9989682780439,High,1516.7623865739984,Moderate,67.37660018598883,1,0,0,1,77.8
Sensitive,18-24,7.939308342448368,High,2120.5475714542176,High,45.28964264283729,0,0,0,1,84.6
Normal,35-44,5.594847098990658,High,1753.8334779707216,Low,12.909127208353368,0,0,0,0,83.0
Dry,25-34,9.047014527329381,Medium,2054.726334032775,Moderate,29.529122822369832,0,1,0,0,87.2
Oily,45-54,7.252152191892393,Low,2196.146675555509,Moderate,74.25019321950599,0,0,0,0,98.3
Combination,18-24,5.915578724147423,Medium,1360.7868296609063,Moderate,44.97105624603398,0,0,0,0,89.0
Oily,18-24,8.656831787486787,Low,2632.0302299363943,High,41.68603430247536,0,0,0,1,91.7
Sensitive,25-34,7.242007279172038,Low,2213.9156714995097,Extreme,22.517208753560375,0,0,0,1,86.2
Dry,35-44,4.3420604436489425,Low,1570.7019903345058,Low,100.0,0,1,0,0,85.8
Combination,25-34,5.71150952413422,Low,1829.410398583286,Low,48.51760760490712,0,0,0,0,91.9
Normal,25-34,6.918646005832316,Medium,2747.0982365805885,Moderate,100.0,1,0,0,1,82.3
Normal,25-34,3.2606499835360117,Medium,2207.9254681365774,Moderate,59.16935380898323,1,0,0,1,69.9
Combination,18-24,7.127605128081091,Medium,1517.5601282414877,Moderate,88.77686809494116,0,0,0,0,96.2
Normal,45-54,7.2369690590578895,High,1608.2474530844554,High,42.055242345412765,0,0,1,1,73.9
Combination,25-34,4.724762176436267,Medium,2312.3959912323066,High,12.140590228383438,1,0,0,0,75.3
Normal,35-44,7.405967329389945,High,2372.3977205656392,Moderate,55.33757009516093,0,0,1,0,84.1
Dry,35-44,7.01119575868755,Medium,2181.4327181523918,Low,74.00025903684123,0,1,0,0,87.8
Oily,25-34,4.713058841172478,Low,1854.2683849268574,Low,66.71527168477523,0,0,0,0,91.8
Dry,18-24,8.379340820294239,Low,2404.841760480846,Moderate,59.86311575518054,1,1,0,0,81.6
Dry,35-44,8.256780692151708,Medium,1844.0545257681526,Extreme,100.0,0,0,0,0,100.0
Oily,18-24,6.565394369721458,High,1572.6543040275465,Moderate,59.795768121985404,1,0,0,1,72.3
Normal,25-34,6.202128014912264,Low,2793.3072798653084,Moderate,42.24793567977648,1,0,0,1,77.2
Normal,35-44,8.089395906393019,High,2244.3980721153616,High,54.16130613774624,0,0,0,0,93.1
Dry,35-44,6.69900528533229,Medium,1607.6045441283934,Low,39.86691934938415,0,1,0,0,82.6
Dry,35-44,4.103637699219768,Low,2067.127618339087,Low,67.32935166991005,0,0,0,0,91.1
Combination,35-44,7.730404836099891,Medium,2013.6472215001393,Moderate,87.03913260760676,0,0,1,0,90.2
Dry,18-24,5.780111018892237,Medium,1825.04125332649,Extreme,85.224540825686,0,1,0,0,85.7
Oily,25-34,5.9152354183736096,Low,2116.7749387144904,High,42.57934982147808,1,0,0,0,82.3
Oily,18-24,9.186805851927215,Medium,1535.7361695212467,Moderate,48.678591948137814,0,0,0,0,96.3
Normal,35-44,6.799032288986803,Medium,2436.8200662841305,Moderate,43.960184379298454,0,0,0,0,92.9
Oily,55+,7.00260240381081,Medium,1996.9194135481728,Moderate,74.2079341516175,0,0,0,0,95.4
Sensitive,25-34,7.264500913195397,Low,1195.272838435943,Moderate,34.13551126131486,1,0,0,1,75.3
Combination,18-24,7.758000915811048,High,1885.92389704029,Moderate,31.950028187046616,1,0,0,1,72.5
Oily,25-34,5.121203348933324,Low,1692.066761077272,Moderate,0.0,1,0,0,1,68.6
Dry,45-54,6.909552226698438,Low,504.7968477155898,Low,30.51909015550384,0,1,1,1,66.9
Combination,25-34,6.5542287918887405,Medium,1922.0928928085075,Low,35.223423823295605,1,0,0,0,80.5
Oily,18-24,7.408040344943241,High,2518.388922372251,Moderate,37.23064547543505,1,0,0,0,80.6
Normal,55+,7.433832911374929,Medium,1946.0925065156084,Moderate,17.627963368835424,0,0,1,1,75.5
Normal,45-54,10.0,Medium,2354.0720275619906,Low,31.753676507437227,0,0,0,0,97.9
Dry,18-24,5.236210344119133,High,2004.2475086883362,High,81.53924516331443,0,0,0,0,89.6
Sensitive,45-54,8.470137430296933,Medium,1771.8146046039813,High,55.50183423797938,0,0,1,0,88.0
Dry,25-34,8.275063708749588,Low,1634.1992604116072,High,4.768354924940098,0,1,0,0,84.3
Normal,25-34,7.239175960885291,Medium,1358.602622806628,Moderate,23.928890603247073,0,0,0,0,89.6
Normal,25-34,5.524526907690388,Medium,2462.882713098071,Low,24.261097624256927,1,0,0,0,78.4
Combination,45-54,9.49700204540144,Low,2365.3743546295746,Extreme,58.2412932369586,0,0,1,0,93.5
Combination,35-44,3.712025702889703,Medium,1860.8541547662526,Low,68.99040882586479,0,0,0,0,88.0
Dry,18-24,5.975099954173261,Medium,987.8672933965797,Low,16.160468114289586,0,1,0,0,77.5
Dry,55+,8.757523295834217,Low,2236.041976520769,Moderate,57.50755665028059,0,1,1,0,83.7
Normal,18-24,6.444832594866223,Low,1547.6114600625585,Moderate,84.99347864404439,1,0,0,0,86.5
Combination,35-44,9.394696787200278,Medium,2071.9411867476574,Extreme,85.40063879692593,0,0,0,0,100.0
Combination,35-44,4.732292882982399,High,1229.376538952104,Moderate,74.48057037693773,0,0,0,0,86.4
Oily,18-24,5.331847159077988,Low,2045.99949248188,Low,60.1930619198526,1,0,0,0,82.8
Combination,18-24,6.202542744809538,Medium,1934.3414594704118,Extreme,42.0780794826177,1,0,1,1,65.5
Oily,45-54,7.626098916304793,Medium,795.1414051739571,Moderate,95.47188166210606,1,1,1,1,63.4
Normal,25-34,6.166969774429965,Medium,2808.9793472181987,Moderate,60.7309917900175,0,0,0,0,94.0
Oily,35-44,6.264401121156368,High,1837.1527593774504,Moderate,39.89053212660194,1,0,0,0,77.2
Normal,25-34,8.630594646647786,Medium,1870.363958889731,High,46.23083012630102,0,0,0,1,88.6
Oily,35-44,9.270167463083727,Medium,2267.338485581654,Low,43.10750089554683,0,0,0,0,97.4
Oily,25-34,5.878430351438666,High,1974.6662009045328,Low,46.52831231536197,1,0,0,1,70.4
Dry,25-34,3.935348289005506,Low,2181.9899933180677,Moderate,80.386681398923,1,0,0,1,75.3
Oily,25-34,3.2637742562189302,Low,1427.8087064913268,Extreme,45.59292574724294,1,0,0,1,68.9
Oily,45-54,7.3589351721705345,Medium,1928.9092205810093,Low,40.135106330540445,1,0,1,0,74.6
Normal,25-34,7.483933433328197,Medium,1045.3414069528162,Low,76.01699770802921,0,1,0,0,86.7
Dry,18-24,7.094496678367818,Low,1881.1764154053562,High,81.91320458628228,0,0,0,0,98.1
Oily,45-54,6.893637839378862,Medium,2722.5339432299993,High,40.36612120290525,1,0,1,1,68.3
Oily,35-44,5.793186077958876,Medium,1247.0067395031035,Moderate,96.9985680087297,0,1,1,0,77.8
Combination,18-24,7.982469690870758,High,1824.6258572201868,High,74.06263016148192,1,0,0,1,77.0
Combination,55+,9.517278068348364,Low,938.0342968020402,Low,36.20211629477309,0,0,1,1,81.5
Combination,35-44,3.6746834839966662,Medium,2003.9733902193934,Moderate,90.47234609481785,0,0,1,0,82.4
Oily,18-24,6.883748216818427,Low,2233.0872983146483,Moderate,19.202604799810345,1,0,0,0,82.2
Normal,18-24,5.544477475879599,Medium,2191.7378711648034,Moderate,37.957302782294555,1,0,0,0,79.3
Dry,35-44,4.764301008919222,Medium,1699.0659626260976,Low,32.62642507427282,0,0,1,0,78.2
Oily,35-44,5.305036193823376,High,927.9151131238671,Moderate,35.58414831766521,0,0,0,0,83.0
Oily,18-24,7.569509283526607,Low,1379.2205604724245,Low,71.27724713483836,1,0,0,1,80.0
Normal,25-34,7.107443296386749,Medium,2628.237764669459,High,49.6338308967387,0,0,0,1,87.4
Combination,25-34,8.6904316417622,Low,2439.4895440521013,Moderate,22.223086710425104,0,0,0,0,96.5
Normal,25-34,6.5131723207181915,Medium,1954.3302760948322,Moderate,35.259884937368135,0,0,0,0,90.5
Sensitive,18-24,4.362667555195632,High,2081.146607312283,Moderate,48.38407420812544,1,0,0,1,67.7
Combination,18-24,6.642745686436043,High,1486.1906173438033,Moderate,56.271305324843574,1,0,0,1,71.9
Oily,35-44,4.920431391676324,Medium,2645.316451955344,Extreme,100.0,0,0,0,0,95.1
Combination,35-44,5.189806170366992,High,1640.42523886952,Moderate,65.14345611226143,1,0,0,0,77.2
Dry,25-34,7.370838587609743,Low,2218.637881455795,High,56.79829878643657,0,1,0,0,88.9
Combination,25-34,6.79127135839163,Low,1336.0493330318236,Low,88.52895373140112,0,0,0,0,97.1
Oily,25-34,7.381348393152996,High,1910.896645828523,Low,36.42868382259819,1,0,0,1,72.2
Combination,25-34,5.963760729092408,Low,2624.21863599053,Low,83.32197883565826,1,0,0,0,87.5
Oily,55+,8.185794345138033,Low,1526.533451240058,Moderate,39.387451407891334,0,1,1,0,79.4
Sensitive,35-44,6.379895652564834,Medium,2374.6787103518354,High,65.99494684419727,0,0,0,0,94.1
Oily,18-24,8.67502424911337,Medium,1459.6169139074173,High,41.75759285517714,1,0,0,1,77.4
Oily,25-34,7.016958409207314,Low,1549.0444843661624,High,47.32461250244935,1,0,0,1,76.9
Combination,25-34,6.189504694273074,High,1995.512362888498,Extreme,45.626645375587415,0,0,1,1,72.9
Combination,35-44,7.318139566264145,Medium,2485.820056156967,Low,68.95638929365025,1,0,0,0,86.5
Dry,25-34,6.473208948537623,Medium,1850.9071788344065,High,39.392864492169075,0,1,0,0,82.6
Normal,45-54,9.394159772969385,Low,2309.287642070705,Moderate,62.51136440780329,0,0,1,0,93.7
Oily,35-44,7.368156433868184,Medium,2572.067641368293,Low,19.70868432160234,0,0,1,0,83.9
Sensitive,25-34,6.497580991408237,Medium,1614.4257080456177,Moderate,84.56040928834096,0,0,0,0,94.7
Combination,45-54,6.642263714423801,High,1237.4172021699633,Moderate,88.30064493377613,1,1,1,1,58.6
Combination,35-44,8.264776328867516,High,1822.2422543074501,Moderate,65.53922850615075,0,0,0,0,93.7
Normal,35-44,8.061870008580257,Medium,2636.5442503655704,Low,78.6963842994018,0,0,1,0,91.3
Oily,55+,6.589237554531058,High,1593.671443612586,Moderate,29.06419505258796,1,0,1,1,61.3
Dry,25-34,4.766537728065787,Low,2507.474869320373,Low,87.93956355364364,0,1,0,0,87.3
Combination,25-34,5.14704779243247,Low,1868.749734635204,Low,54.75486970582806,0,0,0,0,91.5
Normal,45-54,6.723756190686706,Medium,2878.1060416119603,High,19.87173624352834,0,1,0,1,76.2
Combination,35-44,9.023391259178624,Low,3122.711026744311,Moderate,90.38470396069877,0,0,0,0,100.0
Dry,45-54,6.624735056129629,Low,2515.7312569009996,Moderate,77.94334762478805,0,1,1,1,75.1
Normal,18-24,6.108814585051653,High,1176.6985943117238,Moderate,96.79079851984599,1,0,0,0,81.3
Oily,35-44,4.35892103012703,Medium,798.3857040610353,High,100.0,0,0,1,0,82.3
Oily,18-24,9.270312153403445,Low,2030.588614829541,Moderate,83.54539551492526,0,0,0,0,100.0
Dry,25-34,7.35354221897219,Medium,2453.3250040616376,Moderate,61.849494345336765,0,1,0,0,87.8
Normal,18-24,8.194014955008786,High,2250.5050028275928,High,67.82569335478816,0,0,0,0,94.7
Normal,18-24,8.442532077894063,High,1638.203528796364,Low,23.033996658754024,0,0,0,0,89.5
Combination,18-24,6.752904656861555,Medium,1257.0071539650842,Moderate,43.07493243652743,0,0,0,0,90.3
Normal,35-44,7.126885950621303,Medium,2464.895480715823,Moderate,100.0,0,0,1,0,91.2
Oily,25-34,8.73290291292799,Medium,2929.2992264839745,Moderate,6.80828877145786,0,0,0,0,94.0
Oily,18-24,7.269371333978706,Medium,1664.9720707364318,High,57.75603629430377,1,0,0,0,83.6
Dry,25-34,7.381287935095992,Medium,2412.606323543306,Extreme,49.01386303295123,0,0,1,0,86.5
Combination,18-24,8.305826075800766,Medium,3301.467020847278,High,71.33363552588163,0,0,0,0,100.0
Oily,45-54,7.9643969986339656,Medium,1905.1397987312766,Low,64.9654109212014,0,0,1,0,88.2
Combination,25-34,6.307746244600259,High,1915.2571634509438,Low,80.36427082051662,1,0,0,0,81.5
Dry,25-34,6.449174235779121,Medium,2279.8660195892044,Moderate,50.37865205443051,0,1,0,0,84.5
Normal,45-54,8.166460656963913,Low,1857.8242501298043,High,79.35662984892579,0,0,1,0,92.0
Normal,35-44,8.16400428990209,Medium,2669.6164931195594,Moderate,69.14208885322734,0,0,1,0,90.6
Oily,35-44,8.752348898529192,Low,1797.996287092876,Extreme,52.70966625074939,0,0,1,0,90.4
Oily,35-44,7.826645474964758,Medium,1984.4754824495549,Low,49.149155270975164,0,0,0,0,94.5
Combination,45-54,7.894908420388083,Low,1278.7777895503796,Low,91.94652495062834,0,0,1,1,84.5
Dry,18-24,6.3306499498233295,Medium,1882.2082416888848,Low,65.62366805463483,1,0,0,0,83.0
Oily,55+,6.128275733392147,High,1496.2101702826212,High,74.90505599768008,1,1,1,0,63.7
Normal,45-54,8.170946011527242,Medium,2173.031998950032,Moderate,91.36987272635905,0,0,0,1,92.8
Oily,25-34,5.638722397975437,Low,1167.8839059058791,Low,37.055328705200075,1,0,0,1,72.3
Dry,35-44,6.968948495324707,High,2489.943797284279,High,53.22933471512221,0,1,0,0,83.2
Oily,35-44,9.068534861456936,Medium,1564.4134827896078,Moderate,51.479902546878016,0,0,1,0,88.4
Dry,18-24,8.830855438517634,Medium,2892.0643500975557,Low,75.77822364750341,0,0,0,0,100.0
Normal,18-24,7.452683246195775,Medium,2685.3786966927455,Low,52.2718473256766,0,0,0,0,95.5
Dry,55+,6.555790630249435,High,2267.8227344114166,Extreme,54.58150977349251,0,1,1,1,67.1
Combination,25-34,6.314931634484743,Low,1231.0050843636168,Extreme,23.631363356182987,0,0,0,0,89.5
Oily,25-34,7.801490211583422,Medium,1686.0555708662337,Low,70.6009057194619,1,0,0,1,79.0
Oily,35-44,6.945251083830752,Medium,1551.8553532662204,Low,81.42867420827162,1,0,1,1,70.1
Sensitive,25-34,5.662576410484604,Low,1614.436784838823,Moderate,79.02525443953729,0,0,0,0,94.5
Oily,18-24,8.823662134611961,High,2788.3927679315743,Moderate,54.07031455161769,1,0,0,1,78.6
Dry,35-44,7.272400208693922,Medium,1923.6781044845611,Moderate,86.0811486423853,0,1,0,0,89.0
Normal,35-44,6.134116268512381,Medium,1671.0680908256916,Moderate,58.774777931522415,0,0,1,0,83.5
Dry,18-24,7.7184102833989465,Low,1626.0452598703785,High,85.489774594264,0,0,0,0,99.2
Normal,55+,8.456827619788761,Medium,1734.0811229869087,Extreme,67.8720108644657,0,0,1,0,89.2
Sensitive,18-24,5.488490402818359,High,2266.309746376195,High,33.444416496893226,0,0,0,1,78.9
Combination,25-34,6.199319129970598,Medium,1186.4548064528733,Low,46.66123498762732,0,0,0,0,89.4
Combination,18-24,6.629974948617382,Medium,2049.0893049696456,High,58.123328468193954,1,0,0,0,83.2
Combination,35-44,7.678430748675215,High,2211.773416482546,Low,42.58411090942812,1,0,0,1,74.0
Dry,25-34,7.448012484289787,High,1132.3176697412964,Moderate,76.9890072428466,0,1,0,0,83.9
Oily,25-34,5.672789133080772,Medium,1291.236537412749,Moderate,0.5980162176841546,1,0,0,0,74.0
Combination,45-54,4.760873236140963,Medium,1976.1463283405126,High,80.09481795545864,0,0,0,1,84.5
Sensitive,18-24,8.5476981318991,Medium,2720.4913236889497,Low,82.25875125061981,0,0,0,0,100.0
Oily,35-44,5.320082094134181,Low,2601.36406207302,High,10.312636909646109,1,0,1,1,63.9
Sensitive,25-34,6.906776307565816,Medium,1695.7651092996764,Moderate,67.58761433113068,0,0,0,0,94.0
Dry,55+,6.802028651903977,High,2704.644217167396,Low,39.12566338960419,0,1,1,0,73.9
Dry,25-34,6.743665857806112,High,1840.1866497743847,Low,85.43824524263539,0,1,0,0,84.7
Oily,18-24,9.476850957560288,High,1835.8965649831946,Low,29.062682448995112,1,0,0,0,82.5
Oily,18-24,10.0,Low,2047.0077513567937,High,69.9793496598919,1,0,0,0,93.1
Normal,45-54,4.549843882902087,High,2419.7324565695135,Low,84.95801479891921,0,0,0,0,89.4
Oily,45-54,8.475859232999385,Medium,1695.500902423943,Low,50.18516617731224,1,1,0,0,77.4
Dry,25-34,6.265628340983531,Low,1800.9753505837123,Low,82.44352851825337,0,0,0,0,96.4
Oily,35-44,8.571781770568828,Medium,1375.916194919543,Moderate,49.611921760472825,1,0,1,1,69.9
Oily,25-34,7.935894614268745,High,2175.5132571718814,Moderate,83.31350561298424,1,0,0,0,85.6
Sensitive,55+,9.114617210797245,Low,2466.6695949814607,Low,100.0,0,0,1,1,90.2
Oily,45-54,7.427447372744046,High,2497.312386674524,Extreme,83.25600046798871,1,0,1,1,70.2
Oily,55+,5.665635272567464,High,1316.7097555199166,High,65.30424630688805,0,1,1,0,71.5
Normal,45-54,8.39147423306443,Low,1808.551752859729,Moderate,48.17215035159107,0,1,0,1,82.2
Normal,45-54,7.176996364216096,High,2622.7339621695996,Moderate,100.0,0,0,1,0,88.6
Combination,18-24,6.649235177298801,High,2116.0845864141625,Moderate,72.20589304589834,0,0,0,0,91.8
Dry,45-54,6.285664178942557,Low,2017.0523755099114,High,48.489146438050966,0,1,0,1,78.5
Combination,35-44,8.509503353657694,Low,2005.2665961797084,Moderate,97.47787739493407,0,0,0,0,100.0
Normal,55+,9.405054238011065,Medium,2270.729273421502,Moderate,52.74712127976538,0,0,1,1,83.6
Dry,25-34,4.706971161950548,Medium,2142.957965902008,Moderate,66.92116088047811,1,1,0,0,72.4
Oily,18-24,7.932928363718396,Medium,1712.3070383495435,High,39.73992091178534,0,0,0,1,86.3
Oily,25-34,5.941419221866032,Medium,2440.5297580429515,Moderate,26.5353288248923,1,0,0,0,79.4
Normal,35-44,4.799091402711829,High,1398.5574751316135,High,37.83510442311531,0,0,1,1,68.2
Normal,18-24,7.221558731144512,High,2661.062212056,Low,40.465378415522935,0,0,0,0,90.8
Oily,25-34,5.250293329715659,Medium,1552.022894079687,Extreme,62.82946824382009,0,0,0,0,89.9
Normal,25-34,4.133370158299703,Medium,2273.9449710204876,High,42.54773867010623,0,0,0,1,80.1
Sensitive,25-34,5.327389291663199,Medium,1917.6185245184952,High,45.21763620654131,0,0,1,1,74.0
Oily,25-34,4.958339123129219,Medium,1761.8110999301693,Low,26.222209666370375,0,0,0,0,86.1
Normal,18-24,6.029969720404913,Medium,2678.785461299911,Low,81.66203405838202,0,0,0,0,95.6
Normal,45-54,5.011173884569466,Low,2371.453055547174,Extreme,56.93751172442593,0,0,0,0,92.5
Dry,35-44,6.407289837060679,Low,1970.524334883994,Extreme,11.05879674971068,0,0,1,1,74.9
Normal,18-24,5.930126307874041,Low,2872.5856898288785,Low,49.80639265015961,0,0,0,0,94.6
Combination,35-44,7.563420815718486,High,2489.8745965246135,Moderate,49.615315307777315,1,0,0,0,82.1
Sensitive,35-44,7.890308479597473,Low,1597.2613675327786,Low,80.11160879741257,0,0,1,0,91.0
Oily,18-24,7.3902228651676625,Low,869.8258524601383,Low,35.81938644726502,1,0,0,0,82.1
Oily,25-34,6.146833313189736,Medium,2053.4302491090098,Low,82.17189566450695,0,0,0,0,94.6
Normal,35-44,6.606358606461528,Low,2691.74902741117,Low,56.16521282455119,0,0,0,0,96.2
Dry,25-34,5.244387518882952,Low,2305.3253324973693,Moderate,44.740033378696346,1,0,0,0,81.6
Oily,35-44,5.780508010885095,Medium,2786.9818607167276,Low,52.09889134707425,1,0,0,0,82.3
Oily,25-34,7.555405802118104,Medium,1700.8435759730346,Extreme,61.8422187987433,1,0,0,1,77.7
Oily,18-24,4.360446102024303,Low,1941.3879180554231,Moderate,59.873318756356184,1,0,0,1,73.6
Dry,55+,6.878912592530586,Medium,1953.529196573408,Moderate,40.22893376983191,0,1,1,0,75.7
Oily,18-24,6.514706407658198,Medium,2120.6106141553228,Extreme,50.59638668375934,0,0,0,0,92.3
Normal,35-44,7.898698152062339,Medium,2383.7213911780027,Moderate,53.67465477014577,0,0,1,0,87.9
Dry,18-24,4.862482024866474,Medium,2816.184833797288,Low,71.2427026511617,0,0,0,0,92.5
Dry,25-34,6.518721058228909,Low,2921.347110834813,Moderate,17.78030171544676,0,1,0,0,84.7
Combination,25-34,7.0144765120386605,Medium,2833.285384439898,Moderate,41.48482103492901,0,0,0,0,93.8
Normal,18-24,4.142903172064008,Medium,2334.5405561309494,High,45.111285984243935,0,0,1,1,72.5
Combination,25-34,4.888508040707395,High,1828.8887547262907,Moderate,84.86705659946293,1,0,0,1,71.9
Dry,18-24,6.862315229780813,High,2112.949215887447,Moderate,79.38359945040168,0,1,0,0,84.9
Normal,25-34,7.271220361451457,Medium,2327.6163801668317,Moderate,59.803847090014585,0,0,0,0,95.2
Dry,35-44,7.27374896666905,Medium,2067.534032506155,Moderate,35.13965657091691,0,1,1,0,76.2
Oily,18-24,7.840681379424711,Medium,1543.102840129484,Moderate,51.43103824652173,0,0,0,0,93.9
Sensitive,45-54,5.380941231039018,High,1768.8141756098905,Low,100.0,1,0,1,1,66.3
Normal,18-24,4.61687447540796,High,2434.0210000750203,Extreme,46.282634420826305,0,0,0,1,78.7
Dry,18-24,7.126758708635184,Medium,1876.749688585107,Moderate,53.215454717514405,0,0,0,0,93.3
Oily,35-44,5.155970142678828,Low,2012.0865910041991,Moderate,64.66026862314618,1,0,1,1,67.8
Sensitive,25-34,5.202016510928296,Medium,1960.7893107749378,Moderate,43.75572419015989,0,0,0,0,88.7
Oily,25-34,7.898417532239559,Low,1553.900324352746,Low,29.775616799179605,0,0,0,0,93.9
Sensitive,18-24,7.283649335150277,High,1914.3646363514388,Moderate,44.74993481395464,0,0,0,0,89.9
Sensitive,45-54,6.147782642116878,Low,1771.0913712142524,High,67.54318579513873,0,1,1,0,78.6
Oily,35-44,5.952952743038555,Low,1654.0964029635898,Moderate,71.05505672735782,1,0,1,0,76.3
Combination,18-24,7.931382335333748,High,1470.845510392956,Moderate,54.24839978428612,1,0,0,1,74.2
Sensitive,25-34,6.817956403474975,Low,1949.6983857873586,Moderate,77.68446951629619,1,0,0,0,87.3
Oily,45-54,5.1781650365159635,Low,2309.0850507354776,High,100.0,1,0,1,0,79.0
Oily,25-34,3.578264400348579,Medium,2560.2900475964816,High,100.0,1,0,0,0,82.3
Dry,18-24,9.822702748960225,Medium,1302.9261538449568,High,52.34597972265337,0,1,0,0,89.5
Oily,25-34,4.6662811620236635,Medium,2803.20189680198,Low,73.07972417249572,1,0,0,0,82.2
Normal,18-24,7.791544754950184,Medium,2146.4727444903356,Moderate,66.47762325575736,0,0,0,0,96.5
Oily,25-34,8.76603939850726,Low,1436.4856379906037,High,76.92351780970655,1,0,0,0,90.1
Oily,45-54,7.221396353249734,Medium,1798.151083272221,Moderate,86.04231002470995,1,0,0,0,86.6
Oily,25-34,5.599344985299193,Medium,1061.30711605754,High,36.79470648489708,1,0,0,1,70.0
Normal,25-34,4.360926437456432,High,1189.1207982324358,High,99.53312616565505,0,1,0,0,80.1
Combination,45-54,4.839984195519954,Medium,2860.712511011973,Low,98.27745593662533,0,0,1,1,80.2
Combination,25-34,7.065042273014579,Medium,1650.3495281802607,Moderate,74.1644104765609,1,0,0,1,77.8
Normal,25-34,8.676464484424976,Medium,2268.446192154396,Moderate,67.14164718982983,0,0,0,0,98.6
Dry,25-34,5.906811354943207,Low,1944.4044463630178,Low,59.9600023965274,0,1,0,0,85.7
Dry,35-44,6.166419306775953,Low,2008.9048634815497,Extreme,65.13081400885227,0,0,0,0,94.9
Sensitive,25-34,7.54622163621678,Medium,2184.013569584499,Low,84.69128217483359,0,0,0,0,97.9
Normal,25-34,5.47107911914288,Low,957.9896824103334,Moderate,56.343838862148274,0,0,0,0,90.5
Oily,55+,7.411724361442632,Medium,2659.2710684958324,Extreme,59.449392103312206,1,0,0,0,86.1
Sensitive,45-54,7.062702175128269,Low,1950.645003692762,Low,75.58989024590218,0,0,1,0,89.6
Sensitive,35-44,6.385797912132917,High,1747.8597634099685,Moderate,71.66241712701704,0,0,0,0,90.4
Combination,25-34,6.47669276189522,High,2234.0032353318757,Moderate,97.89339159107897,1,0,0,0,84.2
Combination,25-34,9.144728171974968,Medium,1639.4406015547527,High,55.26649625072649,1,0,0,0,87.1
Normal,18-24,7.906799416151435,Medium,2104.1059851415894,Moderate,42.88306458620467,0,0,0,0,94.3
Dry,25-34,8.138751206383969,Medium,1917.3004364840415,Low,57.271143565732515,0,0,0,0,95.8
Oily,35-44,5.6219584586199085,High,2355.5050551109457,Extreme,32.93127588095832,1,0,1,1,61.2
Normal,25-34,8.143904221411361,Low,1893.026850074187,Moderate,76.66060645686484,0,0,0,0,99.7
Combination,45-54,7.958530713203477,Medium,1484.9898771336316,High,63.449090525964664,0,1,1,1,72.2
Normal,18-24,4.7506058551609485,Medium,2181.1709329423406,Low,44.95714128170694,0,0,0,0,88.4
Oily,25-34,7.309686100056649,Medium,1864.6927377873849,Low,42.395991766813566,1,0,0,1,75.6
Sensitive,35-44,6.230088794807984,Low,1089.5013768745398,High,38.678609772906384,0,0,1,0,82.5
Normal,25-34,4.181294485511575,Low,2098.8281462585314,Low,98.781360855314,1,0,0,0,84.4
Sensitive,45-54,7.194663598491429,High,1731.2781170409528,Moderate,83.11760382314526,0,1,0,0,85.2
Sensitive,55+,7.808563886593915,Low,2172.8783182266848,High,100.0,0,0,1,0,94.0
Dry,18-24,7.227412102966844,Medium,1572.4736716902883,Moderate,46.87293563423622,0,0,0,0,92.3
Normal,18-24,6.836292122731367,Medium,1396.8082189894299,Moderate,64.74161015383507,1,0,0,0,82.9
Oily,18-24,6.504121992312502,Low,2590.0621489945347,Low,71.72819868218193,1,0,0,0,87.4
Oily,35-44,10.0,Medium,2421.5739913891252,High,75.601540761513,0,0,0,0,100.0
Oily,25-34,4.726145917207031,High,1996.7102067539718,Low,42.06650635823071,1,0,0,1,67.7
Oily,35-44,8.309382973535804,Medium,2218.8835438343413,High,19.075417896922467,1,0,0,0,83.0
Sensitive,25-34,6.523134456333476,Medium,2405.2073332673062,Moderate,100.0,1,0,0,1,80.9
Normal,35-44,5.718300240599452,Medium,1994.9051498949293,High,45.072060690125575,0,0,0,0,89.9
Combination,35-44,6.927401424057131,Medium,1395.7468557988936,Low,100.0,0,1,1,0,80.6
Normal,25-34,4.410601043617074,Medium,2149.734659057904,Moderate,38.245201135915465,0,0,0,0,86.9
Dry,25-34,5.60676438978972,High,2501.110840604171,High,87.7982938550043,0,0,0,0,92.0
Sensitive,18-24,6.929598511246591,Medium,2296.590691070903,Extreme,82.95764283930923,1,0,0,0,86.7
Oily,25-34,4.173324412101305,Medium,2029.6519184434433,Low,69.10126954072766,0,0,0,0,89.3
Normal,25-34,7.259573807732087,Medium,2282.6455224432525,High,37.622654969155164,0,0,0,1,85.8
Dry,25-34,5.054358438632701,Medium,1888.3775349394848,Low,43.1649731991907,0,0,0,0,88.2
Combination,45-54,4.822418562979672,Low,2522.087607661278,Moderate,53.51984221505484,0,0,1,0,84.0
Dry,45-54,5.379373396257444,Low,2673.590290244909,Extreme,66.86922166612025,0,1,1,0,78.8
Oily,45-54,10.0,Medium,1351.908723641482,Extreme,57.88161506873896,0,0,1,0,90.5
Oily,25-34,3.532903787196741,Low,2557.967210767063,Low,39.83208550747101,1,0,0,1,71.2
Sensitive,35-44,7.654184633154686,Medium,3118.6421924007777,Low,54.611836157428506,0,0,0,0,97.0
Sensitive,25-34,5.37254559347107,High,2262.7941677197564,Low,47.07529876351519,1,0,0,1,70.0
Oily,18-24,6.474807742723658,Medium,2491.8786469050783,Moderate,63.34356676669167,1,0,0,0,84.3
Combination,25-34,7.405896393020499,Low,1676.4517342850436,Low,32.45358851164673,0,0,0,0,93.4
Oily,18-24,7.83222807225838,Medium,1748.146581401636,Moderate,22.523892826656983,0,0,0,0,91.4
Oily,25-34,5.478955371257314,Low,1895.245192470547,Low,53.52525341391776,1,0,0,1,75.1
Normal,25-34,4.463263990050059,Medium,1798.775341877686,Low,0.0,1,0,0,0,72.5
Oily,55+,7.933211460550959,Medium,1344.0880471075611,Extreme,49.84006035098268,0,0,1,1,78.5
Dry,25-34,7.328565789514016,Low,1913.6693095708717,Moderate,51.970943991703386,1,0,0,1,78.7
Normal,45-54,6.572545736817718,Low,2418.1915252124554,Low,74.07243707962645,0,0,0,0,97.4
Oily,18-24,7.6629165757125675,Low,1350.7381080798696,Moderate,58.52754883208432,1,0,0,0,85.9
Combination,18-24,6.331255778536697,Low,2089.5659441884236,Extreme,18.052145045177063,0,0,0,1,83.6
Dry,25-34,5.259443652447818,Low,2074.225303800723,Moderate,45.344492449301825,0,0,0,0,91.2
Dry,35-44,7.005943271681613,High,1849.3421189493379,Moderate,76.3194887271061,0,1,0,0,84.3
Sensitive,18-24,7.778549111637276,Medium,2248.2627206557263,Extreme,75.45100806094824,1,0,0,0,87.6
Normal,18-24,7.46387540432865,High,2201.329625598878,Moderate,30.45323948631938,0,0,0,0,89.4
Dry,25-34,7.263744020115008,Medium,1813.783576508598,Moderate,60.397586856611014,0,0,0,0,94.2
Combination,25-34,5.359131690066311,Medium,2530.445309698451,Moderate,72.87223129511099,1,0,0,0,83.1
Dry,35-44,9.372821687137378,Low,2280.3052134386344,Extreme,35.59252409473875,0,1,1,1,75.9
Oily,25-34,5.986428716992063,Low,2786.737558802649,Moderate,0.9941565346857786,0,0,0,0,89.6
Normal,18-24,6.821626522785113,Medium,1966.7857052227582,High,94.35158466017964,0,0,0,0,97.0
Combination,45-54,5.022016136173198,High,1839.1177391687502,Moderate,67.88337285194359,0,0,1,1,72.5
Oily,25-34,6.2092172655540745,Low,1895.7669736006385,Moderate,38.56770427772013,1,0,0,1,75.1
Combination,35-44,7.7983566052772755,Medium,2589.1584387165544,Moderate,47.711117625984436,0,0,0,0,95.5
Dry,35-44,8.143765919038998,Low,1925.6514833905796,Extreme,63.669763438094314,0,0,0,0,98.5
Dry,55+,9.342911105780173,Medium,1956.1781059413115,Moderate,76.02546026303898,0,1,1,0,84.2
Combination,25-34,7.280352343738191,Medium,2980.4865615492863,Low,12.25529657821285,1,0,0,0,81.7
Dry,35-44,7.415369793699555,Medium,1327.7606972206825,Low,49.9763860044064,0,0,0,0,92.5
Oily,25-34,5.830557332728521,Low,2178.4100634890024,Moderate,91.34918549886434,0,0,0,0,97.2
Dry,35-44,6.007389387650489,Low,1969.2721262436496,Low,80.61547389550252,0,0,0,0,96.0
Combination,25-34,7.955372772002233,Medium,1874.6955213828026,High,68.48269301386898,0,0,0,0,96.5
Oily,25-34,7.926605527608363,High,1523.3186853954312,Moderate,60.192412784472346,1,0,0,0,81.9
Oily,45-54,5.384480948726841,Medium,1668.0403000096687,Moderate,67.7620319133126,1,0,0,1,73.9
Normal,18-24,8.084643830730222,Medium,1795.9546514356439,Low,38.29562240445638,0,0,0,0,93.6
Sensitive,45-54,7.975575537093763,Medium,2247.8702562744184,Low,61.04458706089936,0,1,1,1,73.6
Normal,45-54,5.329286672478709,Low,2426.2205562969657,Moderate,80.15331118900914,0,0,0,0,95.5
Dry,25-34,7.310685207183765,Medium,1110.595258042419,Moderate,36.509810902818096,0,1,0,0,82.5
Oily,25-34,4.925680310777289,Low,1399.2175220641207,Low,57.09581454487155,1,0,0,0,80.4
Oily,25-34,3.0,Medium,2273.944430589104,Low,53.79338728312655,1,0,0,0,75.9
Dry,55+,6.7598463794619255,Medium,2316.129596698397,Low,100.0,0,1,1,1,75.2
Normal,18-24,7.3867220578824835,Medium,1268.170102054653,High,45.98944259158278,1,0,1,1,66.9
Dry,25-34,6.3273937926753305,Low,2437.1443535338767,Moderate,79.21158280630006,0,1,0,0,89.5
Combination,35-44,10.0,High,1993.014303167226,Moderate,77.68262764159786,0,0,0,0,98.8
Combination,45-54,7.568276843852462,Low,2373.5359516407816,Extreme,57.06892781469169,0,0,0,0,97.6
Normal,35-44,7.22071272894805,Medium,1574.1314471120913,High,28.900316605986013,0,0,1,0,82.5
Combination,35-44,7.644386954971136,Medium,1304.9881392134848,Extreme,58.675911047258815,0,0,0,0,93.8
Dry,18-24,6.338021493399854,Medium,1845.673171638442,Moderate,72.48091066867998,0,0,0,0,93.6
Combination,25-34,7.894218593140309,Medium,1867.8621985750701,Low,19.37956049427089,0,0,0,0,91.5
Oily,18-24,7.541502919265652,High,1839.911039129134,Moderate,70.89273753838252,1,0,0,0,82.9
Dry,45-54,7.4727575558387365,Low,1804.9013478109655,Low,93.57217176052936,0,1,0,0,91.9
Sensitive,35-44,6.063819665699591,High,2846.4446074302723,Moderate,77.40017674779747,0,0,1,0,84.6
Combination,35-44,4.653504510326361,Low,1150.096738262745,Moderate,82.8424175355876,0,0,0,0,91.9
Oily,35-44,6.247920866384064,Medium,1577.5629746760744,Low,63.50636207314824,0,0,0,0,92.0
Oily,25-34,6.923950784389838,Low,1790.7081506476288,Low,64.28453602316318,1,0,0,0,85.9
Oily,18-24,6.33295078038258,Low,2011.9925327054532,Moderate,87.33950714387925,0,0,0,0,97.4
Oily,25-34,6.937590750601056,Low,2355.506949633817,High,11.15060124388598,1,0,0,0,81.7
Oily,18-24,6.651457184715543,Low,2432.680942137985,Low,30.869527679904582,1,0,0,0,83.3
Oily,35-44,7.645869226939785,High,2538.2618057232758,Low,91.26703594808384,0,0,0,0,96.5
Combination,18-24,5.5347638111870285,Medium,2240.7271419059625,High,85.87801478259732,0,0,0,0,94.1
Normal,35-44,7.2893350178276215,Low,1134.989585763578,Moderate,24.80185156578832,0,0,0,0,91.3
Dry,35-44,6.038568780472905,Low,1167.8160651777134,Extreme,99.05758994518455,0,0,1,0,88.3
Normal,25-34,4.192575586804046,Medium,2573.644986084856,Moderate,0.0,0,0,0,0,83.5
Oily,18-24,6.7522688154574375,Medium,2541.313258840283,High,65.63973796737696,0,0,0,0,95.2
Normal,25-34,8.80447636072707,High,2318.0105364724827,Low,55.469857133375086,0,0,0,0,94.8
Oily,25-34,4.3121353882310265,Medium,1589.8650727898043,Low,31.672183944341253,1,0,0,0,75.0
Combination,35-44,7.179088375591299,Medium,1838.7392732794506,High,43.21134690898143,0,0,1,0,84.4
Combination,18-24,8.196365594896337,Medium,1800.567774259558,Extreme,34.1329073039355,0,0,1,0,85.4
Oily,45-54,10.0,Medium,1487.6343364992695,High,54.89618948240791,0,1,1,1,75.5
Oily,35-44,6.260600526329968,Low,2129.5243169659625,High,100.0,1,0,1,0,80.8
Oily,18-24,6.051999093093531,Medium,3077.734823980817,Low,70.57759093684689,1,0,0,1,78.3
Combination,35-44,5.2499617060911,Low,1752.1864224456508,High,95.86010325173089,0,0,0,0,95.6
Combination,35-44,8.710774502269329,Medium,2648.3871498812223,Moderate,51.948071127881775,0,0,0,0,97.9
Dry,35-44,5.698878506141387,Medium,1557.330142014427,Moderate,65.75647310142907,0,0,1,0,83.1
Dry,18-24,6.444105352336975,Medium,1231.6684473574496,Moderate,23.210134072079025,0,1,0,0,79.7
Combination,18-24,4.226593183943117,Low,2493.747871230645,Low,43.038881981032446,0,0,0,0,89.7
Normal,18-24,8.325957764017788,Medium,1890.5929452160979,Moderate,36.18751057338666,0,0,0,0,94.1
Oily,25-34,8.237387421167039,Low,2635.624378055683,Low,62.21598060420518,0,0,0,0,100.0
Sensitive,35-44,8.268662595376547,Medium,2735.4467265981884,Moderate,57.3286402556877,0,0,0,0,97.7
Combination,35-44,4.592012077969423,High,1860.7960178319197,Low,39.07837670081361,1,0,1,1,58.8
Dry,45-54,7.91072656116896,Medium,2671.508118411642,Moderate,69.90877298112872,0,1,1,1,75.2
Dry,18-24,4.490994422913999,High,1561.9725562127403,Low,48.66207582820447,1,0,0,0,74.0
Oily,18-24,7.087060453096361,High,1554.1004340947175,Low,32.486648535747726,1,0,0,0,77.5
Dry,35-44,7.307616369975696,Medium,2536.1372146249905,Low,38.83389672197123,0,0,0,0,93.6
Dry,25-34,6.965274827162397,Low,1226.0963417717667,Low,32.47825561230043,0,1,0,0,83.6
Oily,25-34,7.301954798956203,Low,1999.2205648860775,Low,70.3653631724674,1,0,0,0,87.6
Combination,25-34,6.4879495946610914,Medium,2624.8267219542267,Low,60.43820355906501,0,0,0,0,94.3
Combination,18-24,4.056355730907171,High,2658.395257306829,Moderate,31.12057187058926,0,0,0,0,83.5
Normal,35-44,7.802681513199298,Medium,1783.6661003253355,Low,42.115229476550965,0,0,0,0,93.4
Oily,25-34,6.646412211691622,Low,2504.6152922641536,Extreme,21.31666744907411,1,0,0,1,75.4
Oily,35-44,5.64607031294315,High,1438.5344532701715,Low,50.16854335889033,1,0,0,0,76.2
Dry,45-54,4.645903868295086,Medium,1666.3151504907028,High,63.07385631872478,0,1,1,1,65.9
Oily,18-24,9.310033278886538,Medium,2115.204767722506,Moderate,28.02646647467266,0,0,0,0,95.7
Dry,45-54,8.846950807436023,Medium,2188.8755566141895,Moderate,100.0,0,1,1,0,86.1
Combination,25-34,7.558936110961183,High,1476.1365495576742,Low,65.59456087617495,1,1,0,0,73.6
Oily,45-54,5.985550133147945,High,2931.1383276893093,Low,59.19561141994985,1,0,1,1,65.8
Sensitive,18-24,3.2245066716827235,High,1061.2685818576695,High,67.12681562457396,1,1,0,0,64.3
Sensitive,35-44,8.147018763152852,Medium,2027.1019399776224,Moderate,40.21488556124861,0,0,1,0,86.4
Normal,25-34,7.050030160782613,Medium,2097.953747502361,Moderate,20.0243060407166,1,0,0,0,80.3
Oily,35-44,6.438006536391735,Medium,1126.5201673777688,Moderate,93.07230286049585,0,0,1,0,86.4
Sensitive,35-44,8.687209460046814,High,2662.0647008953365,Moderate,100.0,0,0,0,0,99.7
Sensitive,25-34,7.771996300944275,Medium,1629.761800747299,High,9.61521425449758,0,0,0,1,82.8
Normal,45-54,7.2641432323462745,Low,2049.2275944365924,High,71.75960405232894,0,0,1,1,82.8
Normal,25-34,6.5525876268066705,Medium,2164.0191488367027,Moderate,84.54096256781466,0,0,0,0,95.9
Normal,18-24,7.0764515763995215,Medium,1272.8710209257515,High,41.456447498547384,0,0,1,0,82.8
Sensitive,35-44,8.01990980925212,Low,1463.9308571839729,Moderate,100.0,0,0,0,0,100.0
Normal,35-44,5.713785480185518,Medium,2781.5139136275584,Moderate,79.18368923900833,0,0,0,0,94.9
Dry,25-34,7.138974682677555,Low,1967.0841787770014,High,61.27275498679058,0,1,0,0,88.3
Combination,25-34,5.119113583295614,Low,651.4712576075551,Moderate,43.88354923241317,1,1,0,0,69.9
Normal,55+,9.004832757628352,Low,1849.039174968389,High,52.30274806705413,0,0,0,0,98.9
Dry,35-44,7.798192857362852,Medium,1983.5490544798874,Moderate,48.814650074848714,0,1,0,0,86.4
Oily,18-24,5.9676576075416055,Low,2109.6853240189557,Moderate,57.411429079401614,0,0,0,0,93.9
Combination,18-24,7.120893736044625,Medium,1000.561131934045,High,56.32009834446895,1,0,0,1,74.9
Oily,55+,5.719320429957939,High,1985.3456893743944,Low,39.142808947379265,1,1,1,1,53.3
Dry,35-44,9.256169256551194,High,1583.673962583718,Moderate,11.324140898238909,0,0,0,0,89.8
Dry,45-54,9.434313976706814,High,2110.517271506233,Low,55.12529759099188,0,1,1,0,79.6
Oily,25-34,7.544335523844271,Medium,2253.1680023177432,Low,24.553168587016856,1,0,0,0,82.1
Normal,35-44,9.334984851481867,High,2199.9970647798987,Moderate,31.978193297933224,0,0,0,0,93.3
Oily,35-44,7.227693923308751,Medium,2701.986628155694,Moderate,42.75004643516273,0,0,0,0,94.1
Oily,25-34,7.645268850762196,High,3095.285067131392,Low,70.6720594476709,1,0,0,0,85.5
Combination,25-34,8.337086782864633,Low,1433.1982403514467,Extreme,22.221719124908567,1,0,0,1,76.8
Combination,35-44,6.9913846067261245,Low,1809.0098249289515,Moderate,37.81469459663992,0,0,0,0,93.4
Oily,25-34,6.6066557859760175,Low,2371.530871759634,Moderate,67.66934496504325,1,0,0,0,86.7
Dry,45-54,8.400484902143347,High,1936.601942910264,Moderate,40.858832746193585,0,1,1,1,68.8
Dry,45-54,7.96974694839399,Medium,638.6069772496146,Low,31.81999988807602,0,1,0,0,82.4
Combination,45-54,5.866808919698421,Medium,1903.7266446992476,Moderate,80.22091073884074,1,0,1,1,68.6
Oily,45-54,3.7197559430927964,Medium,2617.0734937309808,Moderate,56.76336197108181,0,0,0,0,88.3
Oily,25-34,6.236707906104428,High,1302.6292788368442,Moderate,51.633498192845344,1,0,0,1,70.2
Oily,25-34,3.354628731162231,High,2110.252256638371,Low,44.40330522572094,1,0,0,0,72.4
Dry,45-54,5.513473995841677,Medium,1046.3192668673512,Low,70.58271526614004,0,1,1,0,74.2
Oily,25-34,5.188569564199423,Medium,2435.014820949653,High,67.13682403710104,1,0,0,1,75.0
Oily,18-24,6.1470365335898105,Medium,2120.7821405935406,Low,46.92533563967313,1,0,0,1,74.2
Normal,25-34,7.730657216245312,Medium,1715.9581107236531,Low,12.546339681460864,0,0,0,0,90.1
Combination,18-24,8.556519311095391,High,1791.0252343826717,Low,57.43703448834176,1,0,0,0,83.4
Oily,35-44,7.763111079710811,Medium,1250.465964391308,High,51.49984382741299,0,0,0,0,93.2
Normal,25-34,7.448760464092707,Medium,2503.8160331003264,Moderate,71.43211942596146,0,0,0,0,97.0
Oily,25-34,7.484180684552969,Low,1600.3246041214131,High,27.60972822185669,0,0,0,0,92.9
Oily,55+,3.254755013168614,Low,2250.149384513888,Extreme,42.14013361647939,0,0,1,1,72.2
Dry,35-44,7.015296523010675,Low,1519.0448130616737,Extreme,22.95332873042142,0,0,1,1,76.4
Oily,35-44,4.305311918244993,Medium,3099.2013832455013,Moderate,79.5788885102044,0,0,0,0,92.8
Oily,35-44,7.763709213507311,Medium,2779.832369165483,Moderate,90.63374480233458,0,0,0,0,100.0
Dry,45-54,3.8603377790204547,High,3036.872307739823,High,47.80005610538379,0,1,1,1,62.6
Oily,35-44,6.729342196973951,Medium,3095.2646147791565,Moderate,55.147954659077875,0,0,0,0,95.2
Normal,25-34,7.3216546640293805,Low,1682.739570128602,Low,29.758021369163146,1,0,0,0,83.0
Combination,55+,5.323363077525531,Low,1557.9343655675261,Moderate,32.16864258313055,0,0,1,1,74.0
Oily,18-24,8.44257394076983,High,3013.0672602978398,High,67.33901767830943,1,0,0,0,86.6
Oily,45-54,7.7599332549276205,Medium,1929.4645139831764,Low,47.396209169944456,0,1,1,1,71.1
Normal,25-34,7.071237043756865,Medium,2416.608968889959,High,61.878748446669185,0,0,0,0,95.2
Oily,25-34,7.5470023812657985,Medium,1689.6593588636583,High,49.61924899138438,1,0,0,1,76.4
Dry,18-24,6.4611998683500165,Low,1697.8834541603494,Low,68.76405797980972,1,1,0,0,77.2
Dry,25-34,6.727878295635213,Low,2414.979165900838,Low,40.19004088336834,0,1,0,0,86.3
Combination,35-44,7.015077358351299,Medium,1015.0631081177082,Low,87.13273952956249,0,0,0,0,94.8
Normal,55+,6.981176583075783,Medium,2391.587487269538,Moderate,96.88626692014947,0,0,1,0,90.4
Oily,55+,5.991953385029384,Medium,2262.236899891179,Moderate,7.491254466143467,0,0,1,1,72.3
Combination,55+,5.136201827915942,Medium,1734.9227923250394,Moderate,47.69576674222826,0,0,1,0,80.5
Sensitive,25-34,5.9947124760657875,High,2012.0916230282228,High,62.680446572425055,0,0,0,0,89.3
Normal,55+,6.4120781392085995,High,2090.427266144745,Low,32.107176325092595,0,0,1,0,79.2
Oily,25-34,5.394903518724665,Medium,2118.5138260984627,Moderate,60.18769385367555,1,0,0,0,81.0
Oily,45-54,8.278080672715037,Medium,2345.071528987211,Moderate,88.01493078547462,0,0,1,1,85.0
Normal,18-24,5.2416900732165805,Medium,1592.5087546965779,High,0.6495182937965254,1,0,0,1,66.7
Oily,25-34,6.242736261663138,Low,3348.8628155471083,Moderate,0.0,1,0,0,0,81.2
Normal,55+,8.749509567341878,High,1897.2029760004934,Moderate,91.43571397697727,0,1,1,1,74.4
Combination,45-54,8.363694028899328,Medium,1934.6528938674974,Low,54.00992281128613,0,1,0,0,88.0
Dry,35-44,8.824440827645924,High,2972.344634443149,Low,62.236428684807635,0,0,0,0,96.8
Normal,35-44,6.113829133938659,High,1085.4764348716394,Moderate,33.28823111665298,1,0,1,0,66.7
Normal,18-24,8.17643218859156,Medium,2967.1281238778124,Moderate,51.108294009532024,1,0,0,0,87.4
Combination,35-44,5.405544404532803,Low,2046.730054030422,Low,94.22188598851062,0,0,1,0,88.3
Normal,35-44,6.58618906627519,Medium,1734.9117718731175,High,72.41060877621112,0,0,0,0,93.9
Dry,18-24,6.727366283829711,Medium,1440.1738300703691,Extreme,54.818609141794866,1,1,0,1,66.8
Oily,18-24,6.1362396817029845,Medium,1365.4491391340084,Moderate,5.750051425987998,1,0,0,0,75.6
Dry,18-24,6.457279017873212,Low,1829.0882172696554,Low,68.56731111166332,0,0,0,0,95.4
Oily,35-44,6.259936108753971,Medium,2138.9916385178053,High,60.239672119414145,0,0,0,0,92.8
Normal,18-24,5.526409283347457,High,2311.2482697366063,Low,34.80008624520789,0,0,0,0,86.2
Oily,25-34,7.784620259008687,High,2133.0080912883595,High,66.06271265056154,1,0,0,1,76.4
Normal,25-34,6.226324995688596,Low,1744.8960980571453,Moderate,28.803603328060586,0,0,0,0,90.8
Oily,25-34,6.802154815875928,High,2669.7562384562325,Low,64.01933187527159,1,0,0,0,82.3
Dry,35-44,7.245665306789282,Low,3336.901553743704,Low,90.42214684580642,0,1,1,0,86.2
Oily,35-44,7.082089637665032,High,2747.3124930191975,Moderate,63.8553614517041,1,0,0,0,83.0
Normal,25-34,6.6392068190846425,Low,1820.3544544851347,High,39.400135139618776,0,0,0,1,85.9
Dry,25-34,6.041874169953468,High,2251.0393667090048,Low,35.696213213625576,0,1,0,0,79.2
Dry,25-34,8.627595302772294,Medium,2283.0874178742056,Low,59.56713359344398,0,0,0,0,97.8
Sensitive,45-54,8.141117142453037,Medium,2801.838204544829,Low,64.19928601893405,0,1,1,1,75.3
Dry,25-34,6.52757304915653,Low,1830.9096163468316,Moderate,100.0,0,0,0,0,98.7
Oily,25-34,5.829418346050905,Low,1517.5412828150581,Moderate,14.622093284085494,0,0,0,0,88.2
Dry,35-44,6.821768735906379,Medium,2566.9256457504475,Extreme,56.75594666037749,0,0,1,0,86.5
Sensitive,25-34,7.126432274557619,High,2203.188547492798,High,71.81428448596596,1,0,0,0,82.8
Combination,45-54,9.249910138804468,Medium,1445.6193433816302,High,63.83793287792296,0,0,1,1,82.8
Oily,25-34,4.440428683002433,High,2352.7868295074645,Low,35.98116517509368,1,0,0,0,74.2
Oily,35-44,7.989662137962666,Medium,2919.127730630877,Low,90.80656356367965,1,0,1,0,82.9
Oily,18-24,8.690085455167951,High,1653.1202307342658,Moderate,66.67132251607521,1,0,0,0,84.4
Dry,25-34,4.269922295142152,Medium,1554.4992076529552,Low,68.49467282542548,1,1,0,0,70.5
Combination,25-34,6.228273684903088,Low,2015.031875848621,High,33.3018565905445,0,0,0,1,84.8
Dry,45-54,5.403223040375441,Medium,2340.14974726979,High,49.93156411225747,0,1,1,1,67.5
Normal,55+,7.6457944175155514,Medium,1962.5433341178696,Low,62.20623798847472,0,0,1,0,87.4
Combination,25-34,5.962473601466671,High,2567.2126378989547,High,22.487364829796352,1,0,0,0,76.3
Combination,45-54,6.804791399679812,Medium,2130.3536453872566,Low,76.63915004341477,0,0,1,1,80.5
Oily,35-44,6.383416289082288,Low,2505.82683511448,Low,57.47623762139476,1,0,1,0,77.5
Dry,55+,8.080245149152402,Low,1639.587643551858,Low,76.61489033796934,0,1,1,1,76.1
Oily,45-54,7.343549440897207,Medium,1386.1391994640985,Moderate,49.309510891799775,0,0,1,0,84.4
Combination,18-24,7.346390146059483,Low,1829.9831539032152,High,95.3544347581816,0,0,0,0,99.9
Combination,35-44,7.24093273762218,High,1326.776664735839,Low,70.26257632921312,0,1,0,0,83.2
Dry,25-34,7.358736320678205,Low,2204.662237217559,High,63.01079974691239,0,1,0,0,89.4
Dry,18-24,6.607042217715515,Low,991.648047390707,Low,32.685717267702316,0,1,0,0,82.5
Combination,25-34,9.05116218131139,Low,1773.6363926736828,Extreme,56.33350773812563,0,0,0,0,99.3
Oily,45-54,5.147807873172221,Low,1857.0212797772904,High,46.269171698804655,1,0,0,1,73.6
Oily,45-54,4.411122327745527,Medium,1476.6817596920673,High,21.49124920452418,0,0,1,1,68.9
Combination,35-44,4.28697914708714,Medium,1846.8231555764496,Moderate,55.108648039206756,0,0,0,0,87.8
Oily,55+,3.8806178210613465,Low,2002.135790350324,Low,79.07043300281389,0,0,1,1,76.7
Oily,45-54,8.009754722230378,Low,2634.6163968896176,Low,58.39699253457473,1,0,1,0,81.1
Combination,18-24,7.827051548923961,Medium,1479.6320274808545,Moderate,42.64638007158916,1,0,0,0,82.9
Combination,25-34,8.311664737663392,Medium,2178.668645587046,Moderate,42.314567320847374,1,0,0,0,85.2
Oily,18-24,5.415042677941717,Medium,2277.879389428587,Moderate,100.0,1,0,0,0,85.4
Oily,18-24,8.118192182118252,Low,1989.4157244148546,Low,65.21055440424357,1,0,0,0,88.7
Oily,18-24,7.085236093223959,Medium,1750.9791519028058,Moderate,10.24985145625729,1,0,0,0,78.7
Oily,25-34,6.749879748733789,Medium,1430.5040677180032,Moderate,36.4213595602165,1,0,0,1,73.0
Normal,45-54,7.9384343430244115,Medium,2949.2827293420005,Low,49.97956895498275,0,0,1,0,88.8
Combination,45-54,5.865577373406334,Medium,2036.3202513242306,High,41.96982331179891,1,0,1,1,65.0
Oily,35-44,10.0,High,1842.2220050561948,Moderate,61.60891623599751,1,0,1,1,71.8
Oily,45-54,8.99782045641303,Low,3060.7750457714965,Low,45.65264511927047,0,0,0,1,93.7
Oily,25-34,5.70244106900696,Low,2111.1432929979555,Low,37.18116055088541,1,0,0,0,81.3
Sensitive,45-54,5.363892913414978,Low,3271.7488811917256,Low,78.83796809064316,0,0,1,1,82.2
Oily,25-34,6.3681437572929624,Medium,1291.8405772176438,Low,11.48194530734763,0,0,0,0,86.5
Normal,25-34,6.773387665373063,Low,1881.4305666344271,Moderate,0.0,0,0,0,0,89.3
Normal,45-54,8.598422889562466,Medium,1314.9903765484692,Extreme,91.07054744330945,0,1,1,0,82.9
Dry,25-34,4.746918632647511,High,1938.9383599311645,High,70.93071752358036,0,1,0,0,79.5
Dry,25-34,6.928230414798749,Low,1936.5460380811671,Moderate,59.22230720653606,1,1,0,0,77.7
Oily,25-34,4.206477463377817,Medium,1770.9840397908486,High,57.61670886626876,1,0,0,0,77.7
Oily,35-44,7.654536390116678,Medium,2026.9443034112849,Extreme,55.26868579860009,0,0,0,0,94.9
Normal,55+,6.838743669312924,Low,1795.3514385415676,Low,100.0,0,1,1,0,83.3
Dry,18-24,9.905019643428645,Low,1944.8133317607835,Extreme,54.823861725685084,0,0,0,0,100.0
Dry,45-54,4.6809961836704845,Medium,1622.1038875876225,Extreme,100.0,0,1,1,0,76.6
Normal,18-24,9.055912572235158,Low,2721.4107373757356,High,100.0,0,0,0,0,100.0
Normal,25-34,3.944252997250672,High,1445.625295782053,Moderate,61.54126350149109,0,0,0,0,83.9
Normal,18-24,5.0091845883902435,Low,2106.1818730144246,Moderate,44.75027812108774,0,0,0,0,90.7
Normal,35-44,4.484358162291752,Medium,1403.6774185654117,Moderate,60.40028610596667,0,1,0,0,79.8
Dry,18-24,7.3755289126765815,Medium,1582.5274754691036,Extreme,39.97932229157314,0,0,0,1,84.9
Normal,25-34,4.7394517838693995,Low,1635.8676730218008,Low,61.52504806244744,1,0,0,1,73.9
Oily,25-34,4.477502742079193,Low,1934.1098145380831,High,66.84487036406506,1,0,0,0,81.5
Normal,18-24,7.304151402435071,Low,2087.7109107065357,Low,19.395274726861444,0,0,0,0,92.7
Sensitive,35-44,7.677663078812036,High,1446.6364544581556,Low,100.0,0,0,1,0,87.2
Combination,18-24,7.059773956225489,Medium,1793.2467701369762,Extreme,30.47543687218475,1,0,0,1,73.8
Oily,18-24,6.756671276467671,Low,1504.4272935420202,High,0.0,1,0,0,1,71.5
Oily,25-34,9.243364448655768,Medium,1482.3451149976695,Moderate,47.95505557298216,1,0,0,0,86.2
Oily,25-34,6.718754399362956,Medium,2566.7798160804427,Extreme,21.28898220371797,0,0,0,0,90.7
Oily,35-44,8.208537210883375,High,1304.0073319537723,High,58.66429770513091,1,1,1,0,65.9
Normal,18-24,7.2143831885349385,Medium,2037.3423506598874,Extreme,51.773128409520965,0,0,0,0,93.7
Dry,18-24,5.353185567617974,High,2849.036683137961,Moderate,61.1320370379621,1,1,0,0,71.5
Dry,25-34,7.324831522853025,Medium,2603.0792133674986,Extreme,75.14637364541097,0,1,0,0,89.4
Combination,25-34,5.516304032795311,High,2212.6792675980437,High,24.813131719472175,1,0,0,1,67.9
Normal,45-54,6.863520792941146,Low,1991.8730134722348,Extreme,50.916601748335665,0,0,0,0,94.8
Combination,35-44,7.458104022840139,Low,2368.321031182648,Low,76.96366842241316,0,0,0,0,99.3
Combination,35-44,4.087872899670035,High,2184.696950784349,Moderate,43.564668678342116,0,0,1,0,75.9
Normal,25-34,4.085746814162407,High,2711.3128701712867,High,3.065100963399189,0,0,1,0,72.9
Oily,35-44,8.364188758746344,Medium,1933.1405382392004,Moderate,75.48484023230152,0,0,0,0,98.1
Normal,45-54,6.004380330101584,Medium,2500.5508472977194,High,45.868666989614425,0,1,1,1,68.6
Oily,25-34,5.5755170163367085,Medium,1837.1370731251448,Extreme,34.20468868035969,1,0,1,0,70.2
Oily,35-44,7.24965759605623,Low,2946.7481603585256,High,63.001648705323134,0,0,0,0,98.7
Dry,35-44,6.421491104317196,Low,1919.076792488939,Moderate,60.103457092342424,0,0,0,0,94.7
Oily,25-34,7.126382572464184,Low,1190.5325439059902,Low,74.93049035624412,0,0,0,0,96.1
Sensitive,25-34,6.423317316900434,Medium,2038.8525668479456,Low,33.773621478217905,0,0,0,0,90.3
Normal,35-44,7.297904425270673,Low,2382.3009031783176,Moderate,100.0,0,0,0,0,100.0
Sensitive,18-24,5.9472124146366205,Low,2814.3406177499714,Low,29.646475620801183,0,0,0,0,92.5
Oily,35-44,7.290392234921391,High,1501.9242620860732,Low,50.3062713723721,0,0,0,0,89.6
Combination,45-54,8.657633630253166,Low,1127.7888603902297,Moderate,38.286907687795775,0,1,0,0,87.4
Oily,45-54,6.148377675828702,Medium,2248.3565899753016,High,61.38850608708717,1,1,0,1,67.9
Normal,25-34,7.872977450408227,High,2232.885030134504,Low,50.46935313171619,0,0,0,0,92.3
Combination,18-24,6.922659522516026,Low,1294.4640367298687,Low,54.15917736897924,1,0,0,0,83.9
Oily,18-24,8.101722483966906,Low,1835.2011610249945,Moderate,56.53325212476409,0,0,0,0,97.5
Dry,35-44,7.193156977529666,Medium,1857.6233103627278,Low,92.65992352644518,0,0,0,0,97.4
Dry,45-54,6.949883619853111,Medium,2411.5600129732366,Low,63.916040216247026,0,0,1,1,80.1
Oily,35-44,7.5245945231145495,Medium,1793.1471820641636,Low,94.70900728126705,0,0,0,0,98.1
Oily,18-24,8.820396343453373,Medium,1782.244550062093,Moderate,6.240071166770555,1,0,0,0,81.8
Combination,45-54,7.354145941322614,High,2057.3132088493116,Low,5.391509918823694,0,1,1,0,70.4
Normal,55+,7.717796246362596,Low,1310.9443713113008,Extreme,53.17588788036139,0,0,0,1,88.4
Dry,25-34,5.947272629634948,Medium,2950.3909700552995,Low,58.17490293974751,0,0,0,0,93.6
Combination,25-34,8.856329710992538,Low,2467.0340999580603,Extreme,36.653536698921734,0,0,0,1,91.3
Normal,35-44,7.960505666394507,Medium,1649.100991951373,High,59.74656318362233,0,0,0,0,95.2
Normal,35-44,7.116562690037509,Low,1441.1807017924934,High,86.88322778062711,0,0,1,0,89.8
Combination,55+,6.816019491617988,Medium,1479.9203029257856,Low,66.75866443266227,1,0,1,1,68.3
Oily,18-24,8.466862403909666,High,2293.370739513398,Moderate,41.75088894486084,1,0,0,1,75.7
Oily,25-34,5.590693884432111,Low,1494.8097473934645,High,54.946739493150304,1,0,0,0,81.7
Normal,35-44,4.325687475593001,Low,1875.3363716552633,Moderate,78.97209737855832,0,0,1,0,84.3
Dry,45-54,7.108599399136683,Medium,1154.588753577364,Moderate,29.261305123455337,0,1,1,0,73.5
Normal,45-54,8.785006859671515,Low,2270.633134354705,Low,39.875403094901586,0,0,0,0,98.1
Oily,55+,9.386963216777012,Medium,2289.3747398696696,Moderate,73.08385707443396,0,0,1,1,85.7
Combination,25-34,6.33905908484918,Medium,1907.715562686061,Low,6.758366611982851,1,0,0,0,77.2
Oily,45-54,7.065381495912675,High,2096.778951994678,Extreme,32.7413200652576,0,0,1,1,73.6
Oily,25-34,7.279295648773933,Medium,2397.8705043997966,Moderate,19.665838752690817,0,0,0,0,91.3
Sensitive,25-34,6.103475871704353,Medium,2083.3383475280116,Low,87.94594483650812,1,0,0,0,85.2
Dry,25-34,7.274608922586723,Low,2390.426503893326,Moderate,22.879104107579952,0,1,0,0,85.6
Combination,45-54,6.871897373397598,Medium,1416.0116846531357,Moderate,79.79732080416262,0,1,0,0,86.6
Oily,55+,8.51705238578527,Medium,2189.3471186684596,Low,41.16702683836009,0,0,1,0,87.5
Combination,25-34,7.584470769646735,High,2096.7256913663186,Moderate,94.4676370998508,0,0,0,0,95.8
Normal,18-24,8.21534174845365,High,2600.9924713374976,Low,53.20815718220188,0,0,0,0,94.0
Normal,45-54,6.692023532796868,High,2015.1864279366603,Moderate,86.6735427778829,0,0,0,1,86.1
Oily,35-44,9.888890980753391,Medium,1951.3195860919318,Moderate,71.50897569708513,0,0,0,0,100.0
Oily,55+,7.725867913569209,Medium,1721.433654300092,Moderate,38.72920759842478,0,1,0,0,84.8
Combination,25-34,6.8709410802302475,High,2745.6143227416887,Moderate,49.68637516491697,1,0,0,0,81.2
Oily,18-24,5.858585529149543,Medium,821.9083428652955,High,50.209458337719624,1,0,0,1,71.4
Dry,25-34,6.354392269777169,Medium,2255.5852621771214,Moderate,38.45375188299033,0,1,0,0,83.1
Combination,18-24,7.171569641053954,Low,1989.8087782098862,Moderate,72.19769572537861,0,0,0,0,97.5
Dry,25-34,5.31848405536355,High,1908.193888808603,High,100.0,0,1,0,0,83.5
Oily,18-24,6.561524281346368,Medium,1835.3387804465308,Low,52.89632783886945,1,0,0,0,82.1
Dry,18-24,6.751299972845485,Medium,1972.072497928581,Low,67.91528008643691,1,1,0,1,69.2
Oily,18-24,7.083880991384827,High,2239.273135357885,High,63.2200872682858,1,0,0,1,75.0
Normal,55+,4.355939514937594,Medium,1602.4804318755987,Moderate,0.0,0,0,1,0,73.9
Sensitive,25-34,6.297094188943603,Medium,2067.513613916623,High,77.28919153797908,0,0,0,0,94.5
Normal,25-34,5.933980725380103,Medium,2175.380436663065,Low,61.038051884373886,0,0,0,0,92.3
Normal,45-54,6.96867377556265,Medium,1523.1245853425044,High,28.785349325559103,0,0,1,1,74.9
Combination,35-44,8.552914849270383,Low,2251.935810176498,Low,15.287268544961869,0,0,0,0,95.1
Oily,35-44,10.0,Medium,2179.4613699645597,High,70.67871740963567,0,0,0,0,100.0
Dry,35-44,8.01756579946694,Medium,1600.517497538946,High,100.0,0,1,0,0,91.2
Oily,45-54,5.148366741900496,Medium,1405.959595084727,Moderate,50.76671177067516,1,0,1,1,63.2
Oily,45-54,6.481889572251198,High,1593.9435612712662,Moderate,51.70836951869274,1,1,1,0,62.3
Oily,35-44,7.893944963246637,Medium,2067.688448515935,Moderate,100.0,1,0,0,1,82.9
Oily,45-54,7.724935744643535,High,1962.0342288232646,Low,82.39972201243782,0,1,0,1,79.6
Oily,25-34,7.980988603179611,Medium,2696.961706958144,Moderate,19.643350316699827,0,0,0,0,93.3
Combination,25-34,6.353973508564106,Medium,1816.4354772578781,Moderate,32.1748915967884,0,0,0,0,89.6
Dry,45-54,6.454749633451741,Low,1555.4506084847274,Extreme,100.0,0,1,1,1,75.0
Sensitive,25-34,9.128636005874059,Low,2328.51031457747,High,48.42420252162893,0,0,0,0,99.8
Normal,45-54,7.088005905054456,Medium,1509.987439762666,Moderate,46.66915051082595,0,0,1,1,76.9
Dry,18-24,5.474988435968328,Low,1604.5826890753551,High,66.76591713503574,1,1,0,0,74.8
Dry,25-34,8.712700485549382,High,1611.1274481668397,Low,43.411996970247145,1,0,0,0,82.0
Sensitive,45-54,4.755856762908333,Low,501.3233909644837,Moderate,86.08564137295217,0,1,0,1,76.1
Normal,18-24,3.0,High,2283.433332423486,Moderate,57.1969140193514,0,0,0,0,83.3
Dry,45-54,8.154080137056361,Medium,2469.990497476779,Extreme,56.37146684672849,0,1,1,1,73.9
Combination,55+,8.366051456536947,Medium,2458.343298663392,Moderate,80.2336899482112,0,0,1,1,84.7
Oily,45-54,7.621019412917036,Low,2942.7141834265726,Low,28.11802833395652,0,0,1,0,87.9
Combination,25-34,4.546315874011926,Medium,2753.5152963245346,Low,52.937426278069154,0,0,0,0,89.9
Normal,35-44,6.9116952171365185,Low,1833.0166666207604,Moderate,45.49409954470051,0,0,0,0,94.0
Combination,45-54,6.582747139669193,Medium,2554.62018396268,Low,100.0,1,0,1,1,73.3
Sensitive,35-44,6.194066483661416,Medium,1951.1798433582842,High,70.63864283770212,0,0,0,0,93.4
Dry,35-44,9.11810414621392,Medium,1787.0151168903917,Moderate,100.0,0,1,0,0,93.8
Oily,55+,5.430000912052467,High,1622.2111267503496,Moderate,39.456234232904116,1,1,1,1,52.1
Normal,35-44,7.4741566796595995,Medium,1866.1880306821333,High,62.72859042827014,0,0,0,0,95.0
Sensitive,55+,8.791070475493862,Low,2164.4861249051896,Moderate,92.20262007000821,0,1,1,0,87.1
Oily,18-24,7.572162287978557,Medium,2790.568995691166,High,26.110842595777225,0,0,0,0,93.3
Normal,18-24,8.861677558743061,High,2364.3225391926526,High,87.72747495009318,1,0,0,1,81.2
Dry,25-34,7.345572083643394,Low,1614.345832458809,High,50.65292513782357,0,1,0,0,87.0
Oily,25-34,7.144024505738043,Medium,1477.9357297314527,High,60.28902069471683,1,1,0,0,75.3
Normal,35-44,7.550252303248221,Low,2284.272028565174,High,73.65051294953756,0,0,0,0,99.0
Oily,18-24,7.920164899975226,Low,2451.187181384007,Moderate,48.09862752322198,1,0,0,0,87.6
Normal,55+,6.421691353881609,Medium,2613.738036777145,Extreme,29.75504711457792,0,0,1,1,76.0
Dry,25-34,4.54718922219082,Medium,1865.6244348035345,Low,52.35578868450803,0,1,0,0,80.1
Dry,25-34,7.931065117194963,Medium,2234.7514288990365,Extreme,0.0,0,0,1,1,75.3
Dry,25-34,8.242613450758649,Medium,2427.9133278884574,Low,17.232996394856762,0,1,0,0,85.1
Combination,25-34,6.877968216359065,Low,1324.4703751937668,Low,46.49743228598727,0,1,0,0,85.1
Combination,18-24,6.177436570548444,Low,2138.8857590815014,High,88.68380261761098,0,0,0,0,97.5
Dry,18-24,4.663424325205543,Medium,2452.173637433215,Moderate,87.92689893705209,0,1,0,0,85.0
Normal,35-44,7.1287106498850825,Medium,2255.1957227046423,Moderate,84.48665585316716,0,0,0,0,97.2
Dry,18-24,4.976574482923043,Low,1959.6766658211072,Low,11.523548096261536,1,1,0,1,62.0
Oily,18-24,4.766518746043111,Medium,3304.9725836618436,Low,57.51907050686193,1,0,0,1,74.9
Dry,35-44,6.968902707976461,Medium,2965.259333773209,Low,38.48486805999824,0,1,0,0,85.7
Dry,18-24,5.854345748217979,Low,2004.6978723381544,Low,48.3197475778628,0,1,0,0,84.6
Oily,25-34,7.017964334247155,Medium,1905.1366029911414,Moderate,73.86258220879715,0,0,0,0,95.2
Sensitive,18-24,6.7610565961571885,Medium,2350.139324101316,High,81.4470563465022,0,0,0,0,96.4
Normal,25-34,5.590048150666085,Low,1971.2355846121916,High,82.07950469581664,1,0,0,0,85.3
Dry,35-44,4.442627378906551,Medium,2635.7712043062947,Moderate,24.769446738629817,0,1,1,0,70.6
Normal,18-24,5.720667811254463,Medium,1366.3732936909337,Extreme,24.429354813801453,0,0,0,1,79.6
Sensitive,45-54,5.775795264923364,High,1879.6501760614071,Moderate,100.0,1,0,1,1,67.3
Normal,45-54,5.162038489727557,Medium,2342.6230186855273,Low,98.04463241413333,0,1,1,0,78.8
Normal,18-24,6.506433557136423,Medium,2501.8741240731238,Extreme,49.59542022040251,1,0,0,0,83.0
Oily,55+,5.279122013238022,Low,1259.5411471373677,Moderate,49.415809929769566,0,0,1,1,75.0
Oily,25-34,6.254385879063177,High,1522.9685389327265,Extreme,79.32026108655934,1,0,0,0,80.5
Oily,18-24,7.360616820502984,High,1161.8702895021497,Moderate,63.303285349048316,1,0,0,0,80.4
Dry,18-24,5.760745068416233,Low,1563.410776345037,High,65.15840194169161,0,0,0,0,93.2
Oily,25-34,7.138112944127877,Low,1361.392776683355,Low,26.87961792981342,0,0,0,0,91.7
Normal,35-44,4.957963193128444,Medium,2269.565548981498,High,88.7340257879726,0,0,0,0,93.3
Oily,25-34,4.831733902405564,Medium,2114.5022761453242,Low,45.008480856328035,1,0,0,0,78.4
Combination,45-54,6.830174053562846,Low,1923.085443692871,Low,25.19111587757901,0,0,0,0,92.0
Dry,35-44,8.030561637832957,Medium,2013.0474007316766,Low,40.466378382945635,0,0,0,0,94.1
Combination,25-34,7.8010993122339,Low,2597.1197844535723,Moderate,35.07299154172961,0,0,0,0,96.3
Dry,35-44,9.41858593323634,Low,1478.8654568386883,Low,96.95037853621771,0,1,0,0,95.5
Oily,45-54,6.435116687773735,Medium,1034.8992071933299,Extreme,42.58420142031361,1,1,1,1,56.2
Normal,18-24,6.808748021982543,Medium,2355.2559402565144,High,59.617235427558704,1,0,0,1,77.3
Oily,25-34,4.950986706473019,High,1804.5181477698652,High,0.0,1,0,0,1,63.5
Combination,25-34,4.619350502013465,Medium,1490.7824033183197,High,73.42010595864042,1,0,0,1,72.6
Sensitive,25-34,6.842858129491288,Low,2277.005656078199,High,45.210358138690005,0,0,0,0,94.8
Oily,25-34,5.3361927508306355,High,1016.1768974591666,High,59.770540588730256,1,0,0,0,75.7
Normal,25-34,8.348568800025935,Low,1571.2057839240579,Extreme,59.760794758629125,1,0,0,0,87.8
Normal,35-44,4.8064214021989144,Medium,805.6718585285473,Extreme,75.82469824124105,0,0,1,0,80.8
Oily,35-44,7.729529808737045,Medium,2129.5476015742634,Low,68.30765723657132,1,0,1,1,71.5
Dry,25-34,4.991391141774456,Low,2786.8450858109036,Low,97.86323462506866,1,1,0,1,72.3
Normal,18-24,5.7693272998418745,Low,1713.4106618688859,Moderate,55.21842150750508,1,0,0,1,75.5
Sensitive,25-34,7.308668097878046,High,1604.227893440158,Low,100.0,1,0,0,0,84.8
Oily,25-34,5.486179345838138,Medium,2892.276863272093,Low,65.94332030785036,1,0,0,0,83.4
Sensitive,25-34,5.72632389872015,Low,2313.717625159293,High,71.8678300381732,0,0,0,0,95.3
Combination,45-54,5.781762454672647,High,3190.21958023508,Moderate,82.28775715240977,1,0,1,1,68.2
Combination,25-34,9.177544687420163,Medium,2080.4013715136894,Moderate,54.91805859614925,1,0,0,0,88.0
Dry,18-24,6.073770533379985,Medium,2113.318596617071,Extreme,61.22896745881147,0,1,0,0,84.5
Dry,25-34,6.577328326149145,Medium,2722.414755428092,Moderate,58.682331569246465,1,1,0,0,76.5
Dry,45-54,6.697129599578389,Medium,1925.6859182644369,Moderate,66.18783563021447,0,1,1,1,70.9
Dry,35-44,7.332125592586392,Medium,2123.5980089573745,Low,100.0,0,0,0,0,98.9
Dry,25-34,5.5778945795510975,Low,789.3506314801027,Moderate,100.0,0,1,0,0,86.7
Sensitive,18-24,6.698774148187525,Medium,2868.851911594812,Low,73.17579649771122,0,0,0,0,96.5
Combination,25-34,7.0909280134909025,Medium,2195.437074068843,Low,81.48647419172514,0,0,0,0,96.7
Combination,25-34,5.205489292995512,High,1946.3119501644019,Low,80.02372529754362,1,0,0,0,79.3
Combination,55+,8.633982034942232,Medium,2453.6725039394055,High,77.31882340872167,0,0,1,0,91.9
Oily,35-44,8.77822077856245,Medium,1409.269456642475,High,73.62628811550167,0,0,1,0,89.7
Normal,35-44,7.9097389392381094,Low,1724.3107209676862,Moderate,76.5849776727402,0,0,0,0,98.9
Oily,25-34,6.604814575394725,High,2276.667786647488,Extreme,64.28027604435793,0,0,0,0,91.2
Dry,25-34,3.0,Medium,2022.013080705762,Low,32.03616642447021,1,0,0,0,73.2
Combination,45-54,7.636436698981694,Medium,2223.3157659203994,Moderate,58.367166229542576,0,0,0,1,88.6
Oily,25-34,5.9130043921567035,High,2124.6518920871317,Low,20.080070741210054,1,0,0,0,75.1
Dry,55+,6.6305883828736905,High,2315.2716081315075,High,64.41105759542636,0,1,1,1,68.3
Dry,25-34,3.6539340042157757,Medium,1339.598819105228,Moderate,60.77931069167476,0,1,0,0,78.1
Normal,18-24,7.740382728811289,Medium,2639.0724010860777,Low,67.48305765769669,0,0,0,0,97.5
Dry,35-44,4.8271284297595685,High,1758.056872940386,Low,40.63025585482934,0,0,0,0,84.2
Combination,18-24,7.177636818987091,High,2028.8662312577374,High,74.1122058005312,1,0,0,0,82.8
Normal,25-34,7.856986222864762,Medium,1699.6121122369182,Low,61.78284404942504,1,0,0,0,85.3
Dry,25-34,5.796007728023672,Medium,1856.2973896235194,Extreme,100.0,1,0,0,1,78.3
Dry,35-44,8.82407758784266,Low,2114.5469680310393,Moderate,80.15124713392387,0,0,0,0,100.0
Normal,25-34,5.37951443268923,Medium,2367.584357028286,Low,35.055731190245176,0,0,0,0,89.0
Normal,18-24,7.900649615096502,Medium,2450.615543097189,Moderate,16.243550115483607,0,0,0,0,92.3
Sensitive,35-44,5.042821372812209,Medium,2216.2556429138585,Moderate,80.45392848754113,0,0,1,0,84.6
Oily,25-34,8.046695652020786,Medium,1702.1024446561225,Moderate,24.269452644744167,1,0,0,0,81.9
Oily,45-54,8.313985573868935,Low,2184.723223810795,Moderate,41.6371013690092,0,0,0,1,90.2
Normal,25-34,7.202536884445594,Low,2120.1446732988634,Moderate,25.851104462898014,0,0,0,0,93.2
Dry,35-44,6.410073795079283,Medium,2029.5325576242549,Moderate,45.47181800210245,0,0,1,0,83.4
Dry,18-24,4.896999064857832,Medium,2267.111652978378,Low,86.40510707205073,0,0,0,0,93.0
Dry,35-44,6.4140395271708135,Medium,1362.1212149585767,Moderate,35.81644715095314,0,0,0,0,89.1
Normal,35-44,8.665460763622184,High,986.540034814666,Moderate,49.38282881380433,0,0,0,0,91.2
Combination,45-54,7.194942807353673,Medium,2594.9996107443067,Moderate,24.23600686365623,0,0,1,0,84.0
Oily,18-24,4.670444605731325,Medium,1934.3131049418892,Low,7.339837280547073,1,0,0,0,73.9
Oily,25-34,4.8129085408700885,Low,2207.9642543919867,High,43.01451216290533,1,0,0,1,73.3
Oily,35-44,8.87972710127842,Medium,1566.2171665372753,Moderate,65.18710977306202,0,0,0,0,97.4
Oily,18-24,7.731869128191828,Medium,2631.1121060010664,Low,21.24114090031442,0,0,0,0,92.9
Combination,25-34,4.6489998188901085,Medium,2175.039608607829,Moderate,12.014133705403012,0,0,0,0,84.8
Sensitive,45-54,4.351252755738109,Low,1910.2412012736042,Extreme,28.216689821522458,0,0,1,1,72.3
Oily,25-34,5.5624367980999,Low,2142.8958581786433,Low,53.63596470039366,1,0,0,0,82.8
Combination,55+,4.222961938015121,Low,1129.1496971777933,High,73.37349563621606,0,0,1,0,82.0
Combination,18-24,6.766248264989499,Medium,2186.564498682849,Moderate,14.292694388731192,1,0,0,1,72.3
Sensitive,35-44,10.0,Medium,2743.413599157871,Moderate,58.80611549145512,0,0,1,0,93.4
Oily,25-34,4.104565886451242,High,2157.6396409486174,Moderate,77.05684617285154,1,0,0,1,70.2
Dry,25-34,6.220961505190678,Medium,2093.0715047586837,Moderate,44.661261803577915,1,1,0,0,73.1
Oily,55+,8.967889862996877,Medium,1841.4843821562067,Low,47.4903352983315,0,0,1,1,81.4
Combination,18-24,8.123631787450144,High,2541.3808074976628,Extreme,59.50763580106759,1,0,0,0,84.3
Normal,45-54,6.776888927801292,Medium,2615.504655290321,High,48.92079795850878,0,0,1,1,78.7
Dry,35-44,6.780476994747704,Medium,1784.027982549139,Moderate,40.55741541587102,0,1,0,0,83.2
Oily,25-34,4.766135326363131,High,2179.323429019891,Moderate,57.683469401638284,1,0,0,0,76.7
Oily,45-54,6.59851634499167,Medium,2116.107218210359,Moderate,25.468632261260126,0,0,0,1,83.0
Dry,25-34,6.865161071360195,Low,2200.8855862284754,High,9.694634778393457,0,0,0,0,91.1
Combination,45-54,8.657670314911135,High,1613.6373471936486,Low,42.698915803180356,0,1,0,0,83.8
Dry,25-34,5.569736564727866,Medium,2571.388212566672,High,67.80142010399706,1,1,0,1,68.1
Combination,45-54,6.715247307904806,Medium,2282.609223911036,Low,89.0616420185521,0,1,1,0,80.9
Oily,35-44,5.576179778864976,High,2601.2026784873515,Moderate,48.12733288440886,1,0,0,0,78.2
Dry,18-24,7.337987769310757,Medium,1442.3280645956481,Moderate,70.7572767810543,0,0,0,0,94.6
Oily,35-44,8.175669175463446,Medium,1471.7067127867335,Moderate,94.54258990239882,1,0,0,0,88.7
Normal,18-24,7.944472020144842,Medium,3029.6974947297167,Low,50.943822022530505,0,0,0,0,97.0
Dry,25-34,4.744719386836467,Low,2573.5646451357634,Moderate,65.91060826825326,0,1,0,0,85.2
Dry,18-24,7.220294814184622,Low,1592.4561733711098,High,96.66404139649924,0,0,0,0,99.3
Dry,18-24,5.984031207624717,Medium,2434.0763056068454,Moderate,32.38027234016137,1,1,0,0,72.1
Combination,18-24,8.51657502347925,Low,1767.0928887623095,Low,43.959319081056584,0,0,0,0,97.0
Dry,25-34,6.258030915839693,Medium,1150.6452370515428,Low,90.01275850497876,0,1,0,0,85.8
Normal,25-34,4.220729992638374,Low,949.8747181881927,Moderate,26.49430178823218,1,1,0,0,67.0
Normal,25-34,6.1702959415884004,Medium,1989.0055820423229,Low,53.88799847649287,1,0,0,0,81.7
Dry,18-24,7.687708853798322,High,2780.400578415046,Low,34.29289611855664,1,1,0,0,73.4
Oily,35-44,7.366009094714199,Medium,2760.6940481429097,Moderate,94.09263303985153,1,0,0,0,89.7
Normal,35-44,6.23230597952203,Medium,2630.072477484282,Low,30.380038451016368,0,0,0,0,90.8
Oily,25-34,5.622089915193281,High,2415.005553274655,Low,48.32140306735865,0,0,0,0,87.9
Dry,45-54,5.5187434026755255,Low,2158.682330206071,Moderate,33.82595377794294,0,0,0,0,90.7
Oily,35-44,6.40787556949704,Medium,2575.982044672799,Low,23.33605711267488,0,0,0,0,90.3
Combination,35-44,5.716481550211296,Low,994.556823712909,Low,12.547420853733485,0,0,0,0,86.7
Dry,25-34,7.955128979265972,Medium,2494.8939594519416,Moderate,45.883283508827894,0,1,0,0,87.5
Oily,18-24,5.648293913902576,Low,1439.4974206497204,Low,62.091275468221895,0,0,0,0,92.4
Combination,45-54,7.183426693543302,Low,1543.6384737750343,Low,60.458012473773856,0,0,1,0,87.5
Dry,45-54,7.081455854989499,Low,2347.926079776621,Moderate,65.86520773418097,0,1,0,0,89.4
Dry,18-24,8.418501171827367,Medium,2464.3653434235375,Moderate,39.13992528751861,0,1,0,0,87.7
Dry,25-34,8.134052433437557,Medium,1695.1457872065944,Low,74.60946600056184,0,1,0,0,89.1
Normal,35-44,8.043954914921992,Medium,2323.096480376109,Moderate,78.19497206661916,0,0,0,0,98.6
Dry,35-44,7.529392514935195,Medium,2281.46596746812,Extreme,63.138159210595276,0,1,0,0,87.9
Oily,45-54,5.427030780858913,Low,1844.6763652771542,Extreme,65.13589050492459,0,0,1,1,78.1
Sensitive,18-24,5.396694868392614,High,2076.9254302023487,Moderate,53.35557113963475,1,0,0,0,77.3
Combination,25-34,5.231463770352576,Medium,3040.442024011746,Low,98.63567753344735,1,0,0,0,86.4
Dry,18-24,8.127881499441873,Low,1859.2159859738867,Moderate,70.20523643881096,1,1,0,0,81.0
Oily,25-34,6.609994892375954,Low,1876.4540050365547,Low,47.42977187984745,0,0,0,0,93.7
Oily,18-24,8.302985861103345,Medium,2075.0035714427695,Moderate,45.684356910018366,1,0,0,0,85.3
Oily,45-54,8.504204101480124,Medium,1908.5233019047728,Extreme,50.2573905047754,0,0,1,0,87.9
Oily,25-34,5.411072149551128,Medium,2395.251199042199,Moderate,42.53323263579562,0,0,0,0,89.9
Oily,45-54,7.0481114913357805,Medium,2734.6219797095287,Moderate,66.15997822834854,0,1,0,0,88.2
Dry,18-24,6.9805094819746145,Medium,1876.665630433552,Low,7.333225854258643,0,1,0,0,80.4
Normal,18-24,6.508318465563677,Medium,1571.6074277842467,Low,43.77231702271212,0,0,0,0,90.5
Sensitive,25-34,5.6977357182129325,High,2987.4539715055025,Extreme,61.72262064568765,0,0,0,0,90.5
Normal,25-34,8.277133255116585,Medium,2059.9047381269406,Moderate,49.792215943673654,0,0,0,0,95.7
Sensitive,45-54,7.077957590073251,Low,1147.736128799334,Low,79.36530593835528,0,1,1,0,80.4
Sensitive,25-34,6.519717182839652,Low,2931.1370638484495,Moderate,65.79702761166615,0,0,0,0,97.5
Dry,18-24,5.795833487697106,Low,2563.093832827284,High,60.12748944172317,0,1,0,0,86.7
Combination,18-24,8.012818645620257,Medium,2800.6712613558907,Low,46.62581111312615,1,0,0,0,86.3
Oily,18-24,5.492338748742977,Low,2717.123762027957,Moderate,74.70008502818854,1,0,0,0,85.9
Dry,35-44,7.682358293267023,Medium,3322.4940310636885,Moderate,76.44577888109478,0,0,1,0,91.7
Oily,25-34,7.223344040082743,Medium,1481.5316488210915,Moderate,100.0,0,1,0,0,89.4
Oily,35-44,6.381227426014647,Medium,1602.1759626476678,Low,77.5435010316385,0,0,0,0,93.7
Dry,35-44,7.47647812177477,Medium,1753.8681599552742,Moderate,41.37087002090197,0,1,0,0,84.6
Oily,18-24,7.278504338566731,Medium,1739.5768967771742,Low,46.08038984038302,0,0,0,0,92.6
Dry,18-24,6.940959062784776,Medium,2061.4755910315976,High,37.31731419949566,0,1,1,1,68.7
Oily,35-44,7.019415970217849,High,1755.0506481707075,Moderate,60.19913372417116,0,0,0,0,90.6
Oily,35-44,7.092672734790282,Medium,1405.224698917953,Extreme,87.44657914538871,0,1,0,0,87.7
Normal,25-34,6.6948675090080725,Medium,1562.7812382695815,Moderate,41.90372655329145,0,0,0,0,90.7
Normal,18-24,7.090363047015559,High,1853.1234576023546,Low,35.78714705721055,1,0,0,0,78.5
Oily,18-24,5.344203714681788,Medium,2572.150225370374,Moderate,62.90718356081924,1,0,0,0,82.1
Normal,25-34,6.271683573491593,Medium,1712.3449036739491,Moderate,29.618468213772907,1,0,0,0,78.9
Normal,18-24,7.397422901795308,Medium,2404.9839095277835,Moderate,28.141847317801965,0,0,0,0,92.4
Combination,18-24,7.145933092808938,Medium,1339.3605381306627,Moderate,59.54936376914759,0,0,0,0,92.9
Normal,25-34,7.930625389092707,Medium,500.0,Low,5.211217922780506,0,0,0,0,87.4
Dry,18-24,7.930129884249181,Medium,1933.412451338763,High,37.931952065523994,0,1,1,1,70.5
Oily,18-24,5.694385697420296,Low,1694.9956342690803,Extreme,71.39592055067298,1,0,0,0,83.9
Combination,45-54,6.750059337918408,High,1559.1314012975333,Moderate,14.159978452167927,1,1,0,1,60.0
Oily,25-34,6.032995019829218,Medium,1500.5748642859778,High,5.978564716788306,1,0,0,1,68.7
Oily,45-54,6.993477270059224,Medium,1646.2424264085028,Low,24.15033037003817,0,0,0,0,89.7
Dry,25-34,6.49552790024195,Medium,1506.325034244635,Low,0.0,0,0,0,0,86.0
Oily,35-44,7.917282503859774,Medium,1551.6319758504123,Moderate,100.0,1,0,0,0,88.9
Dry,18-24,7.2659925447117155,Medium,1320.576324205838,Moderate,53.012106587827276,0,0,0,0,92.5
Normal,35-44,8.845817507812825,Medium,935.2996844375084,Moderate,43.23861067499149,0,0,0,0,93.9
Sensitive,18-24,7.36150470649354,Low,895.2962559291857,Moderate,32.746128537267715,0,0,0,0,91.8
Oily,18-24,5.754114219494085,Low,3230.5445659180536,Low,100.0,1,0,0,0,90.0
Oily,45-54,6.299079069747671,High,1968.3766044330218,Low,76.3754736561629,1,0,1,1,66.2
Combination,25-34,7.405683606097638,High,2762.271223152093,Low,46.79033662815722,0,0,0,0,92.0
Oily,45-54,4.578747603241472,Low,1911.2044356887054,Extreme,90.48797931946716,1,1,0,1,69.0
Combination,25-34,4.481179377859933,Medium,1927.8617207767843,Moderate,59.71900064058775,0,0,0,0,88.8
Oily,25-34,6.516045810687846,Low,2153.3353120662214,High,37.45051051154959,1,0,0,1,76.1
Combination,25-34,7.926383177781748,High,2320.0353240723452,Moderate,34.83969146767534,1,0,0,1,74.0
Normal,35-44,8.960553147932316,Low,1376.665273539976,Low,45.24002178043507,0,0,0,0,97.2
Combination,25-34,6.174341379467343,Low,1810.1125764508904,Moderate,24.599426019071856,1,0,0,0,80.4
Combination,45-54,8.591243030478825,Low,2152.3908807431135,Moderate,87.78938604761353,0,0,1,1,87.3
Oily,18-24,7.108401864653347,Medium,1033.237130440004,Moderate,37.05046737499475,0,0,0,0,90.0
Normal,35-44,4.702877526635154,High,2648.669160451478,Moderate,93.82961690451832,0,0,0,0,91.1
Oily,25-34,6.487885195282446,Medium,2531.3787088713066,Moderate,29.282844411378033,0,0,0,0,91.0
Sensitive,18-24,6.071637813067674,Low,949.1118097801432,Moderate,50.02450158818448,0,1,0,0,83.0
Oily,25-34,7.877346320716612,Medium,1560.4997624191021,Low,38.68963905545004,0,0,0,0,92.7
Oily,25-34,6.46148710946827,Low,2052.424870796914,High,27.523089986868065,0,0,0,0,91.8
Normal,18-24,5.083130340165294,Low,2420.921155002163,Moderate,35.339310038858926,0,0,0,0,90.5
Oily,18-24,4.750427783637161,High,2763.063598103645,Moderate,63.76439508212368,1,0,0,1,71.4
Dry,25-34,6.468530063878323,High,1681.3293133925733,High,80.04982367479523,1,1,0,1,66.3
Sensitive,25-34,3.0,High,3169.085337903728,Low,72.47664524244928,1,0,0,0,76.6
Dry,25-34,5.722752065258149,Medium,1975.620337767208,Extreme,20.232941042036718,0,1,0,0,79.4
Combination,18-24,7.346545488614263,Low,1887.936048879501,Low,35.01242951089716,1,0,0,0,84.0
Dry,18-24,5.4144752439169626,Medium,2280.8623769577935,Low,35.53449414194004,1,0,0,0,78.9
Normal,55+,8.490980735357994,Low,2155.395258348383,High,92.51264446986475,0,1,1,0,86.5
Oily,45-54,8.786509824626037,Low,2127.4419374465947,Moderate,84.63888242652767,0,1,1,1,79.3
Dry,25-34,4.974948570872073,Low,2998.080570804465,High,80.35526845278683,0,0,0,0,96.0
Sensitive,55+,6.55293373870527,High,2123.685304287786,Moderate,47.276220076025936,0,1,1,0,73.1
Combination,35-44,8.492039726982206,Medium,1507.8628599805909,Moderate,28.163678059116823,0,0,0,0,92.8
Oily,18-24,6.998038698617367,Low,1580.1225571747932,Low,64.33443276836957,0,0,0,0,95.6
Oily,18-24,4.90828213285147,Low,2736.312341013396,High,38.494689928290725,0,0,1,0,83.1
Oily,45-54,6.78501839715347,High,2341.914576968554,Low,67.28964495597106,0,0,1,0,84.0
Sensitive,35-44,5.720607516556241,High,1221.8255194296967,High,85.31170475362157,0,0,1,0,81.4
Combination,45-54,8.662296844638828,Medium,1197.2373848467805,Moderate,50.12218898987532,0,1,1,1,71.7
Combination,45-54,7.908898141486883,Low,2012.5272755664519,Moderate,85.10277140001622,0,0,1,1,85.4
Oily,25-34,6.029364582101558,Medium,2308.244187394091,Low,13.490011018263182,1,0,0,0,78.0
Dry,18-24,7.213222018795061,Medium,1660.976178276801,Extreme,52.73491178712377,0,0,0,0,93.0
Oily,18-24,5.037817634541271,High,1159.9148753548195,High,66.96225381781014,1,1,0,1,61.1
Oily,18-24,5.869333812163583,Low,1437.414132543846,Moderate,92.55665932377809,0,1,0,0,87.9
Dry,18-24,9.32991878153874,Medium,2822.8755486538557,Extreme,53.37036004754284,1,0,0,1,82.6
Normal,25-34,6.580271978869501,Low,2248.485006016292,Extreme,81.43571943314363,0,0,0,0,97.8
Normal,18-24,8.395128707187048,Medium,2500.041031689208,Moderate,79.7940030286741,0,0,0,0,99.8
Combination,18-24,7.348019632612043,Low,2582.4966588177676,Low,100.0,0,0,0,0,100.0
Combination,25-34,8.471422764544286,High,1686.9968961228224,Moderate,58.093367334894914,1,0,0,0,83.1
Oily,25-34,3.5017437011011703,Low,1813.4824998565348,Moderate,100.0,1,0,0,1,75.6
Dry,25-34,6.21767362397149,Medium,1915.9973072058922,Moderate,70.25162815638393,0,1,0,0,85.3
Oily,25-34,8.967172469324584,Medium,2208.3424178740356,Extreme,11.646558418786206,1,0,0,1,76.5
Combination,35-44,8.434260153340967,High,2544.7524217147134,Low,60.71838191715004,1,0,1,1,70.0
Combination,45-54,8.988058388185287,Medium,2934.9407261940737,High,37.086211004918816,0,0,1,0,89.6
Combination,18-24,6.989853109515264,Low,2407.151084867599,Extreme,88.25641740322536,0,0,0,0,99.6
Combination,18-24,6.194340376879925,Low,2410.792920840019,High,54.21443712073136,0,0,0,0,94.6
Oily,45-54,5.459253310468108,Medium,2963.3154433305413,Moderate,27.011130478373907,0,0,1,0,81.5
Oily,25-34,4.854607862507734,Medium,1897.4706187806478,Moderate,72.06928266985365,0,0,0,0,90.7
Oily,35-44,8.21059084331278,Low,2594.501482944238,High,93.03874262892217,1,0,0,1,85.9
Oily,18-24,7.769816575631278,Medium,2289.1412550632763,Low,39.920658366396204,0,0,0,0,94.1
Combination,45-54,6.90013982600446,Low,2307.4760253201976,High,48.82399783844453,0,0,1,1,80.3
Oily,45-54,7.762285982277521,High,1892.7360378630024,Moderate,65.04169936139465,1,1,1,0,66.8
Normal,35-44,7.213677638578091,Low,1302.8836960669303,Moderate,14.733012070846868,0,0,1,0,82.5
Oily,18-24,8.443326552099226,Low,2172.4171546868056,High,67.7429892635398,1,0,0,0,90.0
Sensitive,45-54,8.429030132362255,Medium,2174.541801031886,Low,100.0,0,0,1,1,86.2
Oily,35-44,5.401188849272737,Medium,1712.2784632949674,High,43.73266141217245,1,0,0,1,71.6
Dry,35-44,7.410468981204685,Low,1951.6325800224952,Moderate,100.0,0,0,0,0,100.0
Oily,18-24,4.496699874708877,Medium,1559.0532712131112,Moderate,74.87061692535896,0,0,0,0,89.6
Normal,35-44,7.199531107135894,Medium,1563.2945009288785,Moderate,58.07442845193901,0,0,1,0,85.3
Oily,18-24,7.906456419552378,Low,1759.518293354606,Low,65.8708943330403,0,0,0,0,97.9
Combination,18-24,5.029420982810259,High,1335.7808762228628,Moderate,89.94221471637178,0,0,0,0,88.7
Dry,25-34,5.875305896808752,High,1708.2609214878485,High,53.54545363438031,0,1,0,0,79.5
Combination,25-34,6.514289565829704,Medium,2356.867303086538,Low,59.81428350209842,0,0,0,0,93.7
Oily,35-44,7.350872374560084,High,2728.0589586666956,Moderate,46.613073185128904,1,0,0,1,74.8
Normal,35-44,6.582094445162747,Low,3037.7189056960174,High,57.003089283794594,0,0,0,0,96.9
Sensitive,18-24,5.241567771392992,Low,1799.933311748564,Moderate,82.5200023300285,0,0,0,0,94.3
Oily,35-44,6.918989197121112,Medium,2600.053411980839,Moderate,55.491222456539596,0,0,1,0,86.6
Dry,45-54,4.521634649588533,High,2168.0869636302364,Low,47.41405593139046,0,1,0,0,77.1
Combination,18-24,6.651037844976782,Medium,1881.3229602311883,Moderate,78.77466321009493,1,0,0,1,77.9
Oily,25-34,5.837939579454606,Low,2201.1015320011315,High,62.062586158763395,1,0,0,1,77.3
Combination,25-34,6.298601489840869,Medium,2551.0628540506905,Moderate,37.997172603275686,0,0,0,0,91.5
Normal,25-34,5.661017033786475,Low,1750.8494626667512,Low,93.82007437736203,0,0,0,0,96.2
Oily,25-34,4.238478742765699,Low,1739.3398258808365,Low,100.0,1,0,0,0,84.0
Normal,25-34,5.950485019115732,Medium,1795.1099845603576,Moderate,75.36500538202613,0,0,0,0,93.0
Combination,18-24,8.396230187555979,Medium,1686.612976220521,Moderate,20.133583923885535,0,0,0,0,92.2
Oily,55+,8.892191205983206,Low,2599.441257395028,Low,60.17588029395531,1,0,1,0,83.0
Combination,35-44,10.0,Low,1618.0753974603779,Moderate,74.71551098479011,0,0,1,0,94.7
Sensitive,25-34,9.037475612596495,Medium,1706.1924268474968,Moderate,25.375925957368622,0,0,0,0,94.0
Dry,25-34,4.704593109997844,Medium,2155.6015508036703,Low,79.80174760058398,1,1,0,0,73.7
Dry,25-34,5.887343598091011,Medium,2115.1629015891826,Low,55.228998063386626,0,1,0,0,83.5
Oily,25-34,6.465821547743334,Medium,1795.0749791506273,Moderate,78.06436180863209,1,0,0,0,84.3
Oily,25-34,6.371660248649451,Low,2841.8106695380843,High,42.361623770064355,1,0,1,1,69.7
Oily,25-34,6.604299994844339,Low,1684.6820936548654,Moderate,62.105517149371295,1,0,0,0,84.8
Dry,25-34,10.0,High,1914.457021364352,High,63.29774684301959,1,1,0,0,79.2
Sensitive,18-24,5.376922681311404,Medium,1036.6247307937551,Moderate,69.71469408899836,1,1,0,1,64.8
Sensitive,25-34,5.429703295678552,Medium,1847.5011480805458,High,77.28458245573077,0,0,0,0,92.3
Combination,45-54,9.46573889513364,High,1338.5217204574617,High,56.57230192387063,1,1,1,1,61.3
Combination,18-24,6.076027985372722,Medium,1541.8674732710874,High,20.42403933416208,1,0,0,1,70.3
Oily,18-24,7.590370975503574,Low,1022.0701861900883,Moderate,0.0,1,0,0,0,79.2
Dry,18-24,8.551986054802313,High,1553.7478368877576,Extreme,34.566270892517224,0,1,0,0,82.7
Combination,55+,7.729748525098045,Low,1962.4693899622039,Low,69.7703395802736,0,1,1,1,75.4
Oily,45-54,7.287648449653738,Medium,1877.9091141938516,Low,34.028922739131126,1,1,1,0,65.7
Sensitive,25-34,7.907916154540976,Medium,1792.6139807366528,High,91.52013012213615,0,0,0,0,98.6
Oily,45-54,5.660397165242545,Medium,1837.5481252588495,High,94.77964565456637,0,1,1,0,78.5
Dry,25-34,5.755455305755998,Medium,1747.5047936946937,High,61.81795974082948,1,1,0,0,73.2
Combination,55+,7.803456382697745,Medium,1982.6982351203517,High,45.85110099176998,1,1,1,1,61.2
Sensitive,25-34,3.3958411111786235,Medium,1944.8868033544131,Moderate,90.61770627216893,1,0,0,1,72.7
Oily,18-24,9.124875735017039,High,2137.4902610933254,Extreme,78.92545364689201,1,0,0,1,80.4
Combination,35-44,7.455088562796671,Low,1899.5188747677,Low,54.372323981956335,0,0,0,0,96.1
Dry,25-34,6.7295476291717256,High,1783.170153221931,Extreme,52.120316729109234,0,0,0,0,89.2
Oily,35-44,4.554230683538414,Low,2389.11115846871,Moderate,39.66259623136003,1,0,0,0,79.9
Combination,25-34,4.570086311900393,Low,2301.4367397168517,Low,57.15501591520837,1,0,0,1,74.5
Dry,35-44,6.402124503548707,High,1983.7871541288687,High,8.32606654288665,0,0,0,1,77.6
Dry,25-34,7.7111447754433975,Medium,2597.5517123832888,Low,42.68659411883729,1,0,0,1,77.9
Oily,18-24,3.885075981702122,Low,2041.3244961220498,Low,28.669347965337906,1,0,0,0,76.7
Oily,45-54,8.182547201166035,Medium,1919.4136779646685,Low,57.79792276664661,1,1,0,1,71.0
Dry,45-54,6.45995301383745,Low,1965.7042552725466,Low,40.119876401176796,0,1,1,1,69.9
Oily,55+,6.664864790887522,Medium,2082.55864831296,High,2.173049826527617,1,0,1,1,62.7
Normal,35-44,7.38038941253621,Medium,1541.399968606733,Moderate,43.65273719871005,0,0,0,0,92.2
Sensitive,35-44,7.403975856769617,High,1063.1860375489218,Extreme,63.108180923596834,0,1,0,0,82.2
Dry,25-34,5.431357115095104,Low,2140.73556909141,Moderate,76.63074286762463,1,1,0,1,69.8
Combination,18-24,7.937365132703264,Low,2417.0179057483174,High,33.973167784337036,1,0,1,0,78.1
Oily,18-24,3.5209027901553425,Low,1499.5207805456043,Extreme,28.811883095384665,1,0,0,1,67.9
Oily,25-34,5.824371670148518,Low,2536.536383511749,Low,20.2026918272368,1,0,0,1,73.7
Oily,45-54,7.230522644765356,High,1176.7720826695913,Low,88.5637345326191,1,0,0,0,82.7
Oily,18-24,6.482576027178288,High,1720.6058636306925,Moderate,44.424587628835845,1,0,0,0,77.8
Dry,45-54,4.2596345440510275,Medium,2853.007911108746,High,66.80818836323772,0,1,1,0,74.9
Dry,25-34,7.637041068140707,Medium,2177.968242935596,High,11.405356789654363,0,0,0,0,90.8
Oily,35-44,5.127418281809422,High,1848.7612288080823,Moderate,16.128945115694023,0,0,0,0,82.6
Normal,18-24,6.898728988707566,Low,2126.142917649114,Low,27.45310683026761,0,0,0,0,92.8
Oily,25-34,6.729551895601435,Low,2598.1715996253797,High,90.58059136784689,0,0,0,0,99.7
Normal,55+,7.029740730648051,Medium,1277.4200388189017,Moderate,22.714811398869195,0,1,1,1,65.9
Normal,25-34,8.253516388795724,High,2658.929875139345,Low,34.34707651333796,1,0,0,0,82.3
Sensitive,25-34,6.42010616000947,Medium,1754.9817344524101,High,65.32281395572052,0,0,0,0,92.9
Dry,18-24,7.641183107045411,Medium,2354.192463148139,Extreme,34.37106186368181,1,0,1,0,75.4
Dry,18-24,6.916143950273138,Low,1692.8882203917187,Low,61.96159750811205,1,0,0,0,85.4
Oily,18-24,7.919434126249412,Medium,2841.8616607776585,Low,29.223046275488187,1,0,0,0,84.4
Sensitive,35-44,9.090242945571285,High,1984.4184984169551,High,47.474706849839706,0,0,1,1,78.9
Dry,25-34,6.706312744208291,Medium,1335.5916257135823,Moderate,100.0,0,1,0,0,88.1
Combination,25-34,7.6727755363745,Medium,2235.038212477546,Extreme,26.580987076960344,0,0,1,1,77.5
Oily,18-24,9.182993402323296,Medium,2650.6149908968746,Extreme,69.87904998346532,0,0,0,0,100.0
Sensitive,45-54,9.035776370461408,Medium,2594.131587686184,Low,51.444060646318704,0,0,1,0,90.4
Combination,35-44,6.422065894583184,Medium,2046.7501850908989,Moderate,21.476324171027628,0,0,0,0,89.1
Combination,18-24,8.554648533617751,Medium,2406.037661778322,Moderate,47.7435259804359,0,0,0,0,96.7
Normal,25-34,6.873156740070789,Medium,1789.2159604801225,Low,16.47738076435663,0,0,0,0,89.0
Oily,18-24,8.67584499660087,Low,2295.5188272755067,Low,40.17136571254293,1,0,0,0,88.0
Oily,35-44,7.852951875344425,High,2181.406458064139,Moderate,40.10386181174854,1,0,0,0,81.1
Oily,35-44,7.413502114054282,High,552.3669900654872,Moderate,91.29628051119738,0,1,1,0,76.1
Combination,45-54,7.650958120519531,Medium,1499.6972460593688,Moderate,21.451529024261347,0,0,1,0,82.4
Normal,18-24,7.382856934058397,Low,2103.922300549237,Low,66.89715606028939,0,0,0,0,97.7
Normal,25-34,6.941499567704765,Medium,2082.497365878175,Moderate,57.127652724962886,0,0,0,0,93.8
Oily,18-24,6.761751459127137,Medium,1985.4612544870092,Moderate,44.272892894369285,1,0,0,0,81.9
Normal,25-34,6.122413489088724,Low,2044.687309321151,High,31.04611245059364,1,0,1,1,66.4
Oily,25-34,9.144762394059004,Low,2603.8338267100244,Moderate,54.30692127355309,0,0,0,0,100.0
Combination,18-24,7.716291866666776,High,2177.061109324174,High,55.63216799062743,1,0,0,1,75.3
Dry,35-44,6.1400426166529005,Medium,833.6869088305875,Moderate,69.84369646127347,0,0,1,0,82.9
Normal,25-34,6.083873852855534,High,2973.8548212371197,Moderate,43.27164131609085,0,0,0,0,89.4
Oily,45-54,8.584387680171927,Medium,1046.7269480077898,Low,31.374426916015786,0,0,0,1,85.4
Oily,25-34,5.395719934867071,Medium,2479.071312854362,High,71.96160556836924,0,0,0,0,92.9
Normal,45-54,4.776958477283484,Medium,1217.8405807543168,High,59.91393365184987,0,1,1,0,72.0
Dry,55+,4.887326289096933,Medium,2711.7199884349106,High,34.67795344200798,0,1,1,1,65.7
Combination,45-54,4.406536599692818,High,1861.0004769584248,Moderate,34.96003895286632,1,1,0,1,58.0
Combination,35-44,5.051777712603313,High,2192.1387780580467,Moderate,83.061685543582,1,0,1,1,64.8
Combination,45-54,5.2287010902987845,High,1006.9200357640117,Moderate,94.60895354119481,0,0,1,0,80.9
Normal,25-34,8.577856069412208,Medium,2364.7815826465703,Extreme,64.38346602738598,0,0,0,0,98.3
Sensitive,18-24,6.930731181011097,Medium,2208.151106038335,Moderate,81.06122627165152,1,0,0,0,86.4
Combination,35-44,6.455104691294924,Medium,2308.6616333953257,Extreme,89.30959797743449,0,0,0,0,96.5
Sensitive,35-44,4.8348804054721395,High,2474.8083118024138,Moderate,65.95354266495696,1,0,0,0,78.2
Normal,55+,6.78531040379299,Medium,2089.254434749317,High,100.0,0,0,1,1,82.7
Sensitive,25-34,3.8940079061537114,Low,1894.645964985832,High,38.510765179012935,0,0,0,0,87.4
Combination,25-34,5.9458742430704525,Medium,1594.5465767002092,High,43.9158944034075,1,0,0,1,72.5
Combination,35-44,10.0,High,1778.4428947615415,High,40.71106358954319,1,0,0,1,77.6
Normal,55+,7.995705368059547,Medium,2603.2473097609923,Moderate,51.58970628650122,0,0,1,1,81.4
Combination,18-24,6.685302759468204,Medium,1581.1051880507423,Moderate,93.27280876538248,0,0,0,0,95.9
Sensitive,25-34,7.547185408109534,Low,1078.4521138133405,Extreme,59.039871421360374,0,0,0,0,95.2
Dry,25-34,5.717685232808647,High,1506.2335366339578,Moderate,60.53961808138899,1,0,0,1,70.5
Dry,18-24,5.798983385681218,Medium,2303.021339845518,Extreme,0.0,0,1,0,0,78.2
Sensitive,18-24,9.556194444299264,Medium,1848.5738781979499,Low,75.6922641109679,0,0,0,0,100.0
Oily,25-34,4.7865880191195895,Medium,2302.246828154323,Low,74.96178003596948,1,0,0,1,74.7
Dry,45-54,6.468818146483974,High,999.7694597843074,Moderate,63.0735356896844,0,1,1,0,72.2
Oily,18-24,7.459049923545265,High,508.7290437983095,High,23.34251143128564,1,0,0,1,68.3
Sensitive,25-34,5.095648691363827,High,2132.0542848532486,Low,34.98837490235624,1,0,0,1,68.0
Normal,35-44,7.975907430447115,Low,2502.346443367499,Moderate,46.13654691865014,0,0,0,0,97.6
Dry,55+,6.540108213036621,Low,1144.5023887014947,Moderate,19.77903014913565,0,1,1,0,73.3
Dry,55+,7.995865491350285,High,2263.021609669913,Low,89.39989378482787,0,0,1,0,88.5
Combination,25-34,7.3789762696257775,High,2595.131786789355,Low,61.68751297420889,0,0,0,0,93.1
Dry,55+,6.635481804061255,Medium,1997.8082290445645,Low,86.11704923796475,0,1,1,0,79.9
Sensitive,18-24,9.565988008886478,Low,2450.5454196681017,Moderate,57.77247129113732,0,0,0,0,100.0
Sensitive,35-44,6.001996294849838,Medium,2095.20381707569,Moderate,55.88718427615903,0,0,1,0,83.8
Normal,35-44,9.023305705823105,Medium,1868.532812363222,Low,42.42678576537378,0,0,0,0,96.0
Oily,18-24,8.762399863942061,Medium,2410.5077705044396,Extreme,38.44490716648608,1,0,1,1,71.2
Normal,25-34,9.15632331149066,Low,2956.3987927912417,High,37.6413238606616,0,0,0,0,100.0
Oily,18-24,7.261084059014531,Low,1721.079428891055,Moderate,80.54479393042809,1,0,0,0,88.0
Dry,45-54,5.817121432108015,High,1956.1341664918837,Moderate,82.84115669290425,0,1,1,0,74.8
Sensitive,25-34,9.61519487799432,Low,1504.6572726033744,Low,71.77193981330598,0,0,0,0,100.0
Combination,35-44,6.497947798035454,Medium,2077.6067722230673,Moderate,18.506570477675673,0,0,0,0,89.0
Normal,18-24,5.779686140941696,Medium,1921.8003152747915,Extreme,57.37638825473044,0,0,0,0,91.1
Normal,18-24,6.715319881142781,Medium,2579.225971685094,High,42.23008626129362,0,0,0,1,85.8
Dry,55+,5.527463925764383,Low,2709.8740843324395,Low,85.15587759855454,0,1,1,0,81.0
Dry,35-44,7.789223237685019,Low,2393.992726643538,Low,82.3857986431903,0,1,0,0,92.6
Oily,55+,6.091497427362231,Medium,2523.382172190694,Extreme,53.554070032629596,0,1,1,1,69.6
Combination,25-34,6.068773745142692,High,1647.581891660624,Low,0.0,1,0,0,1,65.4
Sensitive,18-24,8.451668292497443,Medium,1522.5340409499,Moderate,61.5976113283482,0,0,0,0,96.1
Oily,25-34,7.4355398152642875,Low,2218.408687862258,Low,33.66738282924038,1,0,0,0,84.7
Combination,25-34,6.523376858854488,High,2010.0101286306428,High,60.13352409945395,0,0,0,0,90.1
Oily,18-24,7.256310293120473,Low,2999.594440658824,Low,21.44694618962012,1,0,0,0,84.7
Combination,35-44,7.018383145947312,High,1039.1777585356238,Moderate,66.55856197891299,0,0,1,0,81.8
Oily,25-34,5.853267400373953,Low,2309.7904031019766,Low,0.0,0,0,0,0,88.3
Normal,18-24,6.996210008728319,Medium,2301.525392574471,Low,15.359597725305719,0,0,0,0,90.1
Sensitive,25-34,7.236262438239415,Low,1619.0211018751272,Moderate,43.00362588436158,1,0,0,0,84.0
Oily,25-34,6.3107568065317405,Medium,1516.2114174984201,Low,36.345429855243225,1,0,0,0,79.3
Combination,35-44,7.629651445345411,Medium,1830.3690808805495,Low,69.7228964692144,0,0,0,0,95.9
Oily,25-34,5.2449968323654295,Medium,1179.2443923761923,Low,8.623704745155777,1,1,0,0,65.7
Normal,25-34,5.5941595232814425,Low,2728.6664020675553,Low,33.97060422219293,0,0,0,0,92.0
Normal,18-24,5.898519245089037,High,3350.3644733402693,Extreme,34.60651593839827,0,0,0,0,89.0
Oily,45-54,6.15230294231139,High,1829.3578358148898,Moderate,77.19997131463754,1,0,1,0,72.7
Dry,45-54,8.930771570059136,Medium,1680.3524104002133,High,55.206876905009764,0,1,0,1,81.7
Oily,35-44,8.08905818966554,Medium,1344.570824768948,Moderate,35.815588056345746,1,0,0,0,82.4
Dry,18-24,5.384615321973482,Medium,1451.9316222415696,Low,23.029252960779857,1,1,0,1,61.0
Dry,25-34,7.156247444612682,Low,1705.2777891651147,Moderate,36.18054368987919,0,1,0,0,85.3
Combination,35-44,6.414126531027145,High,2604.383970423817,Low,18.78957857298898,0,0,0,0,86.9
Oily,55+,5.976423121792651,Low,3596.503642708154,Moderate,90.6468788713667,0,0,1,0,92.2
Sensitive,55+,4.771390801416239,Medium,1638.5870179374401,Low,64.89103922649885,0,1,1,0,73.3
Oily,45-54,8.457878040730366,Medium,1548.9733013508694,Moderate,37.16129790107347,1,0,1,1,68.7
Oily,18-24,4.954205275499293,Medium,1416.0033950437792,High,23.638379403509568,1,0,0,1,68.1
Normal,55+,6.922055232985189,High,2225.394714537915,Extreme,19.817051032984402,0,0,1,0,79.3
Oily,35-44,5.580533131412697,Low,2172.1104559189753,Moderate,69.27945385368821,0,0,0,0,94.4
Normal,45-54,8.163765920604886,Medium,2050.4629011570682,Moderate,18.665572614959494,0,0,1,0,84.3
Dry,25-34,5.998472260529074,Medium,1777.848141465561,Low,45.55023387283484,0,0,0,0,90.1
Oily,25-34,6.298306016719483,Low,2679.602349581846,High,64.34061967960952,1,0,0,0,86.4
Oily,25-34,6.348898605604951,Medium,2382.13051465389,Extreme,35.351043383403834,0,0,0,1,84.0
Combination,18-24,7.453855502403675,High,2360.4319099243835,Moderate,24.703223319110375,1,0,0,0,79.1
Oily,25-34,6.5195071459749645,Medium,2185.119313497914,High,70.94245931341219,0,0,0,0,94.5
Oily,45-54,6.935090216558326,Medium,1905.305588790034,High,31.7016491788273,0,0,1,1,75.9
Normal,18-24,6.222397037117833,Medium,1642.4158679321663,High,43.05778951057093,0,0,0,0,90.0
Combination,18-24,4.63790593998686,Medium,2259.952507771765,High,52.88050682217828,1,0,0,0,79.1
Normal,18-24,5.322173560687217,High,2211.581328802297,Low,34.89675796864964,1,0,0,0,75.6
Oily,25-34,7.577719608020969,Low,2283.5955683094094,High,20.04038016402605,1,0,0,1,76.7
Dry,55+,6.541270805010553,Medium,1217.7830075845502,Low,36.037257738987485,0,1,1,1,66.1
Dry,18-24,6.0039853334162805,Medium,2169.639071485497,High,58.508142956538265,0,1,0,0,84.2
Dry,18-24,4.891407783372933,Low,1845.6665763293274,Low,31.786224354766897,0,0,0,0,88.7
Combination,45-54,4.420529289864472,High,1560.7013968648703,Extreme,71.37405700121553,1,0,1,1,61.1
Normal,45-54,5.945189679807703,Low,2364.2134721099947,High,53.61929877548228,0,0,1,1,79.0
Oily,18-24,8.332079281067886,Low,2088.6351951494416,Moderate,34.87353465700131,1,0,0,0,86.3
Oily,35-44,6.164394709566523,Medium,3177.0616931968884,Low,41.86450662758642,0,0,0,0,92.9
Normal,35-44,7.600728287862172,Low,2242.241080549676,High,65.80164367798179,0,0,0,0,98.3
Oily,35-44,6.095410255903063,Medium,1851.3896860419457,High,88.17366699456171,1,0,0,0,84.7
Oily,25-34,7.458300044043273,High,1945.8572487780507,Moderate,53.0461210146555,1,0,0,0,81.1
Dry,55+,6.472373797286997,Low,1414.0493651835932,Extreme,25.881087124585385,0,1,1,0,74.4
Dry,18-24,5.1521736316742555,Low,2615.4240892598546,Low,77.32929354498523,0,0,0,0,95.3
Oily,18-24,6.596570398150835,Low,2157.4926428529775,High,27.86913457993236,0,0,1,0,84.3
Combination,25-34,9.251000627420611,Low,2166.0648401465724,Moderate,93.22299847750921,1,0,0,1,87.2
Oily,25-34,9.184826473326282,Low,1467.8907679051626,Low,45.97861332767091,0,1,0,0,89.9
Oily,45-54,7.729799954169047,High,2389.5005913793134,Moderate,38.03956027181705,0,0,1,1,76.0
Dry,25-34,6.294411776879446,Medium,1532.3010157832687,High,63.96882807651185,0,1,0,0,84.1
Normal,18-24,7.455852703142625,Low,1723.0452444132463,Low,42.21413858863287,0,0,0,0,94.6
Normal,25-34,6.975278508099935,High,2062.7189501316343,High,61.07133519834634,0,0,0,0,91.2
Oily,25-34,6.440169871449347,Low,1709.5272660189748,Low,52.30007597596055,0,0,0,0,93.5
Sensitive,55+,7.661416029883926,Medium,1603.8348447372105,Moderate,30.520610647516634,0,0,1,1,76.6
Combination,25-34,6.812340293230345,Low,1974.9323507839651,High,48.248157240623826,0,0,0,0,94.4
Normal,35-44,6.526041421953529,Low,2505.0034018670317,Low,72.5352105413088,0,0,0,0,97.3
Combination,35-44,5.207114800924535,Medium,2447.538131661431,Moderate,62.81283866669812,1,0,1,0,73.6
Combination,35-44,6.309911136669752,Medium,2353.707774138778,Moderate,91.39600865973308,0,0,1,0,88.5
Dry,35-44,8.199278273610396,Medium,2243.1199167789023,Moderate,67.79695213630472,0,1,0,0,89.7
Combination,18-24,6.952806663256953,Medium,1762.217970379318,Moderate,43.95235521497149,0,0,0,0,91.8
Oily,45-54,7.450430337381258,Low,2560.4362913963114,Low,65.25635513313867,0,0,0,1,91.5
Oily,35-44,6.575476708443381,Medium,1132.0487315232483,Low,47.688960726092255,1,0,1,1,65.2
Dry,35-44,5.410603742484063,High,2216.894635818874,High,69.01237393309785,0,1,0,0,81.2
Dry,55+,6.642055427692266,Low,2420.647492057827,Low,58.97798282429067,0,1,1,0,80.0
Dry,45-54,5.466316148875973,Medium,1954.8542155494106,Low,29.030960205229146,0,1,1,1,64.7
Dry,45-54,5.370566239594673,Medium,1638.8541176236665,Low,79.31491646963461,0,1,1,0,76.0
Sensitive,55+,8.808454913304114,Medium,1981.470488640144,Low,100.0,0,0,1,1,86.6
Sensitive,18-24,6.369870992598676,Medium,1621.2024846426043,Low,78.64997542809249,0,0,0,0,93.8
Combination,25-34,5.387772911809949,Medium,2257.130328841572,Low,0.0,1,0,0,0,75.3
Combination,25-34,8.926939526571358,High,2472.866828996487,Low,39.33037878775566,1,0,0,0,83.7
Sensitive,25-34,7.722477553106362,Medium,2223.344890984328,Low,33.01481006292501,0,0,0,0,93.2
Normal,45-54,6.442736161747243,Medium,2193.567775161322,Low,52.70506901723169,0,0,0,1,85.5
Oily,35-44,7.641454488328552,Medium,2380.158778404494,Low,77.14863102788348,0,0,0,0,97.8
Oily,35-44,6.646317522608946,Medium,2437.94465329446,Moderate,42.043014466185085,0,0,1,0,84.4
Combination,55+,5.9609804810806,Medium,1610.8631452397499,High,97.11758713641814,0,0,1,0,86.9
Dry,25-34,7.212036836727506,Medium,1231.0033616862668,Moderate,0.0,0,1,0,0,78.9
Combination,35-44,6.513547172019695,Medium,2138.9433286270023,Moderate,53.79733491139571,1,0,0,0,82.7
Normal,25-34,6.613247013499105,Medium,2462.192848880384,Moderate,59.48165529279495,0,0,0,0,94.1
Oily,25-34,8.032044852349507,Low,1209.5507758277784,Moderate,19.513976184605745,0,0,0,0,92.4
Combination,18-24,8.366819655693064,Medium,2034.4160381748472,Extreme,22.804196729025357,0,0,0,0,93.1
Normal,45-54,6.174860062215886,High,2564.1678398639756,Moderate,78.90719692957484,1,0,0,1,75.4
Oily,25-34,7.229047403430629,High,1941.7709519150126,Low,98.20996448080452,1,0,0,0,85.2
Oily,45-54,5.3082156307813655,Medium,2760.567147369842,Moderate,100.0,1,0,0,1,79.1
Oily,25-34,7.175621241973557,Medium,2666.9194620726657,Moderate,41.33540834158674,0,0,0,0,93.8
Combination,18-24,7.222742958701659,Low,1908.6437266213609,Moderate,83.78330255019358,0,0,0,0,98.6
Oily,25-34,7.0684690435451465,Medium,1816.1301482088725,Moderate,48.28052323478716,1,0,0,0,82.6
Dry,25-34,6.053832868033651,Low,1825.3320016683763,Moderate,72.91745267012479,0,1,0,0,87.1
Normal,55+,10.0,High,2067.4274645129544,Low,44.733848413744326,0,0,1,0,87.6
Combination,18-24,5.648050438569529,Low,1413.2482687087017,Moderate,21.63288724926387,1,0,0,0,78.3
Oily,55+,8.457327566452692,Medium,1320.8144677146256,High,90.04567051948149,1,0,1,1,73.6
Dry,55+,5.452452520347503,High,864.2526174184379,Moderate,96.56288842325209,0,1,1,1,66.3
Combination,55+,7.756516261943982,High,1989.4235133937234,Low,39.48024840455372,0,0,1,0,82.4
Oily,25-34,7.363684965877674,Medium,3019.442467577614,High,73.41570525552774,0,0,0,0,98.1
Combination,55+,7.082463807343428,Medium,1004.7410255284224,Extreme,46.374815156412744,1,1,1,1,57.8
Dry,25-34,5.757013384184444,Medium,1907.9185612628614,High,100.0,1,1,0,0,77.3
Oily,18-24,7.211702336117948,Medium,1892.8962995878312,Moderate,12.677263772625885,1,0,0,1,72.5
Normal,18-24,7.400515500145262,Low,1923.966874737875,Moderate,45.542819340728954,0,0,0,0,95.2
Sensitive,45-54,9.684904729459424,Low,2628.4006246983463,Moderate,38.81857501535288,0,0,0,1,93.5
Combination,18-24,5.691489572049556,Low,1555.798562128345,High,10.33284770764,1,0,0,1,70.5
Oily,25-34,5.666129755528997,High,1026.8734034996821,Moderate,47.102688416471395,1,1,0,1,60.1
Oily,18-24,7.427103335604005,Low,1732.8584742520602,Low,38.739258116096444,0,0,0,0,94.2
Combination,25-34,6.115919314407122,Medium,1666.0828319758264,High,24.71722640897006,0,0,0,0,88.0
Dry,18-24,6.8499384434041,Low,884.5434959796153,High,70.92981346066514,0,1,0,0,86.6
Combination,45-54,8.60552775304564,High,2122.74336475176,Moderate,92.46872126015634,0,0,1,1,82.7
Oily,25-34,3.0,Medium,1406.9936863963499,Low,62.82171457373099,1,1,0,0,67.1
Combination,45-54,6.103075982473283,Medium,1958.4502425550986,Moderate,13.08095041018003,0,0,1,0,79.4
Oily,35-44,4.386446160623126,Medium,1818.5799705909158,Moderate,68.48741243375703,1,0,0,0,79.3
Oily,55+,5.2062753446438945,High,1462.9920143051595,High,58.24316569096777,1,1,1,1,53.2
Dry,25-34,10.0,Low,2445.3135880950917,Moderate,28.943850789197892,0,1,0,0,91.8
Sensitive,35-44,7.897252200929135,High,1859.2700481292466,Low,83.6463957884718,0,0,0,0,94.9
Oily,25-34,7.927347387587156,Medium,2027.1357835144388,High,37.3258436213629,1,0,0,0,83.6
Oily,25-34,6.379205525320353,Low,2293.203128251389,Moderate,29.491572021017966,1,0,0,0,82.3
Dry,45-54,8.138070737247865,Low,2144.2508228580714,Low,30.432037724872888,0,1,1,1,72.6
Dry,35-44,4.350153238719626,Medium,2072.500056291589,Moderate,80.85854412424312,0,1,0,0,82.9
Combination,45-54,8.5574476176544,Low,1587.904018155613,High,92.33574405877522,0,0,0,1,94.5
Combination,35-44,5.77023382216015,High,1443.8773671728268,Low,56.46693851682857,0,0,1,0,79.1
Normal,18-24,6.20302627101113,Low,2078.923755794589,Extreme,74.61796575334628,1,0,0,1,79.0
Sensitive,35-44,7.757726605681978,Medium,1519.0422447013982,Moderate,100.0,0,0,1,0,90.6
Combination,18-24,7.474670137873323,Medium,2397.220554496364,Extreme,53.282670566758966,1,0,0,0,85.1
Combination,25-34,6.626930072590323,Medium,1935.230129423937,Low,48.064754021152076,0,0,0,0,91.9
Dry,35-44,4.955355769629522,Medium,2324.3060124919384,Moderate,71.74073797009348,0,1,1,0,75.7
Combination,55+,7.149720503232463,High,1507.113931864027,Moderate,29.056231562304323,0,1,1,0,71.2
Normal,18-24,8.440842030224843,Medium,1429.4009345029126,Extreme,63.672127888664136,0,0,0,0,96.1
Oily,18-24,6.201269355850309,Medium,2839.4365612507186,Moderate,53.77738785344019,0,0,0,0,93.5
Combination,18-24,8.972405568010444,Medium,1925.2656527989434,Low,17.332595471145815,0,0,0,0,93.5
Oily,25-34,5.190962096128986,Medium,2456.6081293568077,High,17.625214555405336,1,0,0,1,70.1
Normal,45-54,7.009821837577561,High,1294.039795712879,Low,35.36744108604003,0,0,0,1,80.1
Combination,45-54,9.302991600064919,High,1858.4858627848157,High,72.81616968404136,1,0,0,1,79.6
Combination,35-44,5.9779001309505855,Low,2651.1804424509996,Low,51.56634842206696,1,0,0,0,84.4
Normal,45-54,8.58097822506561,Low,1217.6885768589927,Moderate,59.37417940898988,0,0,0,0,97.5
Combination,25-34,9.461978543332714,High,3137.6577197154947,High,84.15797865513039,1,0,0,0,90.6
Dry,18-24,7.256566103386225,Low,2101.2693919005283,Moderate,61.07038684329502,0,0,0,0,96.8
Dry,18-24,6.20947451892504,High,1590.532574611374,High,33.93721976421524,1,0,1,1,61.0
Combination,45-54,5.840891795574965,Medium,2175.9743632053005,Moderate,35.32258759622043,0,0,1,0,81.6
Oily,35-44,8.956904055020988,Low,2554.567851186428,Moderate,67.62764383527377,0,0,0,0,100.0
Normal,35-44,8.915041299009474,Medium,1587.219787801743,Moderate,35.723272931418514,0,0,0,0,94.6
Oily,25-34,8.673963684303013,Medium,1658.9855815789992,Low,81.32569603258163,0,0,0,0,98.8
Dry,25-34,6.45074247401608,High,2124.5650257411176,Moderate,56.14433561984153,1,1,0,0,71.8
Dry,55+,8.556710412290657,Medium,2231.5103990003613,Moderate,53.229328970977576,0,1,1,0,80.9
Combination,18-24,6.926740913310895,Medium,1900.78122280504,Moderate,26.12593505814596,0,0,0,0,90.3
Combination,35-44,5.675417317587462,High,2201.169865078361,Extreme,75.48427107006766,1,0,1,0,72.3
Dry,25-34,8.18626517766853,Low,2426.7746116515073,Low,78.21112994966676,0,0,0,0,100.0
Combination,18-24,9.450805417417307,Medium,2086.653868243042,High,46.593224714385165,1,0,0,1,80.7
Normal,35-44,5.46909704082802,Medium,1654.262409913744,Extreme,83.20565733670857,0,0,1,0,84.6
Normal,25-34,4.940853555648995,Low,1989.5315256315164,High,39.87910630214419,0,0,1,0,81.8
Combination,35-44,7.059972901345187,Low,2878.1197901484657,Low,58.442999998302646,0,0,1,0,89.7
Normal,35-44,8.4341929086115,Medium,2166.535108290489,High,100.0,0,0,0,0,100.0
Oily,25-34,4.79927120936907,Low,2620.1178516374544,Low,40.71299535718885,1,0,0,0,80.9
Dry,35-44,7.340523605433859,Medium,1742.8305949416435,Moderate,73.49212460053224,0,1,0,0,87.5
Oily,25-34,5.6143595689103725,Medium,2131.320485106439,Extreme,40.2726186185607,0,0,0,0,89.5
Combination,25-34,7.551243649737502,Medium,2397.157521225773,Moderate,57.010996774812526,1,0,0,0,85.6
Oily,35-44,5.803169767756165,Medium,2748.878839365704,Moderate,77.40319716178843,1,0,0,0,84.8
Normal,25-34,7.657704500411269,Medium,2613.7943648697465,Moderate,27.479273429419052,1,0,0,1,76.3
Oily,18-24,6.762677783773437,Low,1440.366348442284,Moderate,32.37033454225256,1,0,0,1,74.6
Dry,45-54,5.594289214478436,Low,2575.926187928401,Moderate,74.1916704426765,0,1,1,1,72.8
Oily,25-34,6.595534933140333,Medium,2843.0001224067146,Extreme,54.04070265281335,1,0,0,1,77.3
Dry,45-54,4.093040028267471,High,1712.5527585816917,Low,89.31187209602149,0,1,1,0,71.5
Combination,45-54,6.16135814184259,Low,1552.7665101308116,Low,66.74797964065544,0,0,1,1,79.1
Sensitive,25-34,7.006101605486992,Medium,1987.7826917190007,Low,100.0,0,0,0,0,98.0
Oily,25-34,3.842367831452157,Medium,2089.748851541528,Low,67.42046056958849,0,0,0,0,88.6
Oily,25-34,3.0,Medium,1824.965419245945,Low,96.9662750571654,0,0,0,0,89.3
Dry,25-34,3.0,High,1406.632588811217,Low,92.23803336114287,1,1,0,0,67.0
Sensitive,45-54,8.990692833250556,Low,2736.2030070390892,Moderate,58.94993120854832,0,0,1,0,93.3
Sensitive,35-44,6.884861480855906,Low,1570.0196520322575,Low,100.0,0,0,1,0,90.9
Oily,18-24,6.201301908989219,Medium,1746.5362127991264,Moderate,73.5067430366565,1,0,0,1,76.2
Combination,35-44,8.417732103500244,Low,2054.562726382681,Low,81.75774243735495,0,0,1,0,93.1
Oily,55+,6.393325476296333,Medium,1263.7599514532872,Extreme,79.62525284213916,0,0,1,1,78.3
Normal,25-34,6.902692849800098,High,1225.5529491521015,Moderate,42.27050122417384,0,1,0,0,79.5
Normal,35-44,7.038633026384894,Medium,1784.1571500342181,Low,68.21154733954484,0,0,0,0,94.5
Oily,35-44,6.293500868870533,Low,2412.815092304544,High,49.48632478244396,1,0,0,1,77.4
Oily,25-34,6.9412188258336585,Low,2094.001756524197,Moderate,100.0,1,0,0,0,90.1
Normal,25-34,7.659891832130217,High,970.3020202396206,High,31.178765666245233,0,1,0,1,72.4
Dry,35-44,6.722640074474518,Medium,2694.7417537581796,Moderate,28.039030476444793,0,1,0,0,83.6
Oily,25-34,5.809166640268078,High,2398.7046841859537,Moderate,29.56161366938516,1,0,0,0,76.4
Dry,25-34,5.98623138800082,Medium,2095.5069127304614,Moderate,48.625007540902196,0,0,0,0,91.0
Oily,35-44,3.5531312008214027,High,2082.0970328056464,Moderate,58.454905904530065,1,0,0,0,74.1
Normal,35-44,7.424589319763368,High,2336.708113709131,Moderate,82.25383617202588,0,0,0,0,94.7
Oily,25-34,4.686333066517173,Medium,3163.1594289201366,Moderate,50.774865569065966,1,0,0,0,80.8
Oily,18-24,7.944578086178386,Medium,2440.2620991536805,Moderate,37.63014446667692,1,0,0,0,84.5
Dry,25-34,6.364363848987059,Medium,2148.083779936543,Moderate,62.07342824816064,1,1,0,0,75.2
Normal,25-34,6.657681644795661,Low,1386.449493455923,Moderate,79.12084951322305,0,0,0,0,96.0
Dry,25-34,7.550493755909304,Low,2082.2595160310657,High,55.17826995898939,0,1,0,0,88.8
Normal,25-34,5.110214350488597,Medium,2386.6560870765625,High,71.71635700912051,0,0,0,0,92.2
Dry,18-24,7.553872665026436,Low,1942.4079381270656,Moderate,52.08453526071086,0,1,0,0,88.2
Combination,25-34,6.901431578843997,Low,1738.607245563425,Low,43.50438536078581,1,0,0,0,83.6
Normal,25-34,6.22282875103581,Medium,2276.822892118234,High,67.45871023904965,1,0,0,0,83.7
Oily,25-34,5.107720698854694,High,1505.9712157245635,Extreme,55.71578200714794,1,0,0,1,68.8
Normal,25-34,7.392857546082746,Medium,2433.9818437067865,Moderate,75.11049452176537,0,0,0,0,97.2
Dry,25-34,7.5551818166289735,Medium,1782.2182812236301,Moderate,88.55544823147989,1,1,0,0,79.5
Oily,45-54,7.1704030389668265,Low,938.768478297316,Moderate,57.16685029655039,1,1,1,1,60.9
Dry,18-24,5.394546376428033,Low,1772.6230172451549,Moderate,66.17255533731752,1,1,0,0,75.0
Dry,35-44,6.208826450611818,Medium,1971.4376260711665,Extreme,86.7003761752749,0,0,0,0,95.0
Sensitive,45-54,6.9095009163699,High,2276.2469291697994,Low,85.25751774132922,1,0,1,1,68.9
Dry,25-34,7.53274182497314,Medium,2218.5255993005235,Low,62.753375751257074,0,1,0,0,87.8
Dry,45-54,4.624765898330325,Medium,1354.7747175867391,Extreme,63.58481121928084,0,1,1,0,72.3
Oily,18-24,6.154294803543435,Medium,2061.0470162567303,Moderate,56.385582494308494,1,0,0,0,82.1
Sensitive,25-34,5.895991160086696,Low,1732.9974800758696,Moderate,78.04669289206858,1,0,0,0,85.1
Combination,25-34,6.375167630895456,Medium,1819.8893655499057,High,34.80535196351518,0,0,0,0,89.9
Oily,18-24,5.048012073962729,Medium,1500.883952252926,High,7.540284163099294,0,0,1,1,68.9
Combination,25-34,6.17370083244,Medium,1974.5464981920354,Moderate,47.80716877148039,1,0,0,1,74.1
Oily,25-34,6.034274653531115,Low,3566.217347428923,Moderate,45.77112837917049,0,0,0,0,95.8
Combination,35-44,5.4436121927655154,Low,2928.2211577919024,Moderate,100.0,1,0,0,0,88.7
Combination,45-54,6.823048623746974,Medium,1500.6471570722344,High,67.40439226234426,0,0,1,1,78.4
Normal,18-24,6.1882463548217475,Low,2032.9721680020039,High,64.05059537612378,0,0,0,0,94.8
Combination,25-34,7.243379213764561,High,1843.0071982804607,Low,39.71100722065146,0,0,0,0,89.1
Oily,25-34,5.172008658493493,Low,2071.0133284828808,Low,35.103184664034615,1,0,0,0,80.0
Oily,25-34,6.634751183192683,Low,2458.15455325173,Moderate,29.133992505155543,1,0,0,0,83.1
Oily,35-44,5.787416744156098,Low,1935.33877378613,Moderate,28.49472289263996,1,0,1,0,72.3
Combination,25-34,5.600368642761781,High,1643.8844626690923,Moderate,68.16073638409858,1,0,0,0,78.3
Oily,18-24,7.445937441558108,Medium,2578.242027559317,Low,57.66576905989757,0,0,0,0,95.8
Normal,35-44,7.352076599263233,High,1382.983873772175,Low,96.9315276541733,0,0,0,0,94.2
Combination,45-54,6.374466726132459,Medium,2094.651929310221,High,73.74293134722126,0,0,1,0,86.3
Normal,25-34,6.095884072500998,High,1256.9484752142794,Moderate,56.07189565183528,0,0,0,0,87.3
Normal,25-34,4.319590332335714,High,1486.9634203130659,Moderate,0.4656869338447933,1,1,0,0,60.7
Oily,18-24,9.10414646587105,Medium,2372.394391682106,Moderate,97.70774543492502,0,0,0,0,100.0
Oily,18-24,8.031184596817042,High,1660.304282475024,Low,50.97910435825297,1,0,0,0,81.5
Oily,18-24,7.97717207630666,High,1061.719145098331,Moderate,0.0,0,0,0,0,85.1
Normal,25-34,4.107451674565677,High,1638.6547717043773,High,55.64462963616543,1,0,0,0,74.1
Sensitive,45-54,6.10676501126607,High,1585.1145146937743,High,54.72748664864365,1,0,0,1,70.9
Combination,25-34,5.998180956614566,Medium,1368.8171136504502,High,28.835032602640993,0,0,1,1,72.6
Oily,18-24,4.103407761948981,High,2275.043357037716,Moderate,56.662579378934126,1,0,0,0,75.4
Oily,25-34,7.8349251441141305,Medium,1226.593659219018,Moderate,35.31318287380183,1,0,0,0,81.7
Oily,25-34,8.680826732822204,Medium,1706.0312590616963,High,75.6672190829393,1,0,0,0,88.3
Dry,35-44,10.0,Low,2066.703919381794,Low,57.11342369902617,0,1,0,0,93.8
Normal,25-34,4.931174258723395,Medium,1828.6050494886113,High,59.99754261432339,1,0,0,0,79.5
Normal,25-34,6.675985245251411,Medium,1797.904693193523,High,64.1647176403951,1,0,0,1,76.4
Combination,25-34,8.484227403725631,Medium,1638.646932148623,Low,56.295869252638575,0,0,0,0,95.9
Oily,18-24,6.619572281579569,High,1390.6066884380484,Low,55.358077857414436,1,0,0,1,71.6
Oily,18-24,6.149518129235983,Medium,1681.6195825889663,Moderate,53.54082569594346,1,0,0,0,81.0
Combination,18-24,4.200973489683264,Medium,2328.7797046856017,Low,87.33758218920246,0,0,0,0,91.8
Dry,25-34,8.198933686657623,Low,1782.9774162125748,High,71.09736379240172,0,0,0,0,99.1
Oily,18-24,6.971108865889953,Low,2083.4604413856687,Low,32.729530727914465,0,0,0,0,93.4
Dry,25-34,5.405987211555407,Medium,2558.559027179886,Moderate,22.21242972541119,0,0,0,0,88.2
Normal,35-44,7.42578593474329,Medium,2299.9020632529305,High,40.1496809276326,0,0,1,0,85.5
Combination,35-44,7.229508059767998,Low,1361.8600690773196,Low,70.69536400296596,1,0,0,0,86.3
Oily,35-44,7.252388653531887,Low,2223.979941173744,High,32.39032159005309,0,0,1,0,86.2
Combination,45-54,6.674352906509987,Medium,2523.834757534494,Low,43.68008045376874,0,0,1,1,77.8
Sensitive,25-34,8.933537238145048,Medium,1708.900372615607,Extreme,31.424518275047987,0,0,0,1,87.4
Sensitive,45-54,6.799510400106366,Medium,1207.1879301594608,Moderate,98.28956033070614,0,0,1,1,80.8
Sensitive,25-34,8.928983114484957,Low,1779.6522086771538,Low,81.57079816723608,0,0,0,0,100.0
Dry,25-34,7.346175389600297,Medium,2094.0278561061787,Moderate,71.96656919345375,0,1,0,0,88.1
Oily,25-34,7.026755214142597,Low,2296.2039970296123,Moderate,38.13015243900163,1,0,0,1,77.5
Oily,18-24,6.830087870082767,Medium,1739.6268474129772,Low,6.030707967840328,1,0,0,1,70.7
Dry,55+,8.46093504031888,Low,982.2557721313458,Moderate,29.12864399872798,0,1,1,0,77.8
Combination,18-24,7.1694876513669925,High,1361.7957886143827,High,16.31861170584211,1,0,0,1,68.7
Oily,25-34,5.101803177329702,Low,2179.960466746331,High,16.055459010879495,1,0,0,1,71.2
Sensitive,25-34,5.0517617135029464,Medium,2995.337344560722,High,93.42353419465218,0,0,0,0,95.4
Combination,18-24,7.633726932901408,Medium,1989.0267939796015,High,43.82811751198205,1,0,0,1,76.6
Sensitive,18-24,5.638931672250257,Low,2656.438647150145,Low,72.2336350905362,1,0,0,1,78.8
Combination,18-24,6.906653414541251,Low,1471.522416515339,Moderate,77.57936182044885,1,1,0,0,78.5
Oily,25-34,8.085776807826637,Medium,1676.180600628604,Low,24.511677104894037,1,0,0,0,82.0
Normal,45-54,7.4559552668415,High,829.857772470923,Low,75.35611745569129,0,1,1,1,68.1
Normal,25-34,5.4167976945068785,Low,2184.823717978149,High,13.68649692167611,1,0,0,1,71.6
Oily,18-24,9.11498126742421,Medium,1553.1876404152208,High,56.312268031092756,1,0,0,1,80.0
Dry,35-44,7.821812855492052,Medium,2299.5505065415387,High,86.69080060836282,0,1,0,0,90.9
Combination,55+,8.526689480806134,Low,1748.8419494991638,High,21.517026341070228,0,0,1,1,79.7
Combination,18-24,3.598662485186046,Low,3010.9065025675136,Moderate,70.71385055612573,0,0,0,0,92.3
Dry,25-34,6.996279317394119,High,2896.600823235654,Extreme,55.62128708361452,1,1,0,1,67.3
Normal,55+,8.26323675456984,Medium,848.3146338237923,Moderate,38.64169846398485,0,0,0,0,92.1
Normal,18-24,9.550432963446989,Low,2295.6054089784843,High,19.988136336452428,1,0,0,1,80.7
Normal,25-34,4.304272123773438,Medium,1628.3509238994984,Low,56.04514150592898,1,0,0,1,70.5
Oily,18-24,8.8091718837918,Low,2323.4432779069807,Low,62.346003876270814,1,0,0,0,90.5
Dry,45-54,9.466570428551867,Medium,1328.1266890480363,Moderate,52.06417318504817,0,1,0,0,88.8
Normal,55+,3.974066534081531,Low,2720.6169432219967,Low,25.474975917292504,0,0,1,1,72.9
Oily,45-54,7.717886664804614,High,2515.3461495486754,Low,79.06159637887197,1,0,1,0,77.4
Normal,25-34,7.426431221511053,Medium,1293.1238550565124,Low,79.61367756607027,0,0,0,0,95.4
Dry,25-34,6.009488506022141,High,1909.3446895662162,High,73.8412194707889,1,1,0,0,72.2
Oily,18-24,6.264858309900565,Medium,2081.198029627392,Extreme,89.72665718946344,1,0,0,0,85.7
Oily,45-54,8.001780869931734,Medium,2359.659141466759,Moderate,43.71117180709927,0,0,0,1,88.1
Oily,45-54,6.077527369884052,High,1994.025938797769,Extreme,24.62001109931024,0,1,1,1,62.6
Sensitive,25-34,6.174126007372854,Medium,2393.186093390036,High,75.2651866742478,0,0,0,0,94.7
Oily,35-44,8.218652351235882,Medium,1964.617002695374,Low,49.92603161272302,1,0,0,0,85.4
Dry,18-24,9.631064575490296,Low,2305.8861425376836,Moderate,74.69119519152555,0,0,0,0,100.0
Combination,25-34,7.306976408813027,High,1316.0674328228818,Extreme,24.075544532789777,1,0,1,1,61.7
Dry,35-44,7.2002267431217675,Low,1987.004226390819,High,35.903953072492904,0,1,0,0,86.0
Sensitive,25-34,5.7254037730088445,Medium,2575.061315192277,Moderate,66.70160545302839,0,0,0,0,93.3
Oily,25-34,4.984099939023416,Medium,2705.5436557534986,Moderate,54.3748378832769,1,0,0,0,80.8
Oily,18-24,8.664367362251424,Low,2086.519817472835,High,66.87018649489357,1,0,0,0,90.2
Normal,45-54,6.769825223309673,Low,1950.4324355661763,Moderate,57.540923623214184,0,0,1,0,87.2
Dry,45-54,8.726054912000093,High,2684.0171513091186,Low,12.071281146395485,0,1,1,1,68.0
Oily,55+,6.505672183006808,Medium,1949.5358121314919,Moderate,100.0,1,0,1,1,71.9
Normal,35-44,6.026067007958483,Medium,2572.2635777196515,Moderate,60.838091847494226,0,0,0,0,93.3
Dry,25-34,7.131198333241274,Medium,1946.6783384325643,Low,100.0,0,1,0,0,90.2
Dry,25-34,6.3851960910973995,Low,2019.999286626443,Moderate,46.85136863602228,0,1,0,0,85.5
Normal,55+,5.1917070930838936,Medium,1447.6408134181945,High,23.67886588629989,0,1,1,1,62.6
Dry,25-34,9.226052494672771,Medium,1375.3587214014985,Low,42.06675544612351,0,1,0,0,87.4
Dry,35-44,6.059524339342544,Medium,2489.0647288999107,Moderate,87.51269843129015,0,1,1,0,79.8
Normal,35-44,8.39138728176132,Medium,2861.4095377209287,Extreme,75.48148544620165,0,0,0,0,100.0
Oily,45-54,8.262784944094722,High,2052.8562597666973,High,67.69027804437009,1,0,0,0,84.4
Combination,18-24,5.110805852628465,Low,1916.9042466194555,High,48.466975118832714,1,0,0,1,73.9
Dry,18-24,5.496418533075273,Low,2511.3207887669573,Moderate,53.23354817181744,0,1,0,0,85.3
Oily,35-44,6.547735990449809,High,2168.6824995738993,Low,56.27592129833529,1,0,1,0,72.1
Oily,45-54,5.701530183132525,Medium,800.8387071864079,Moderate,89.92081535962558,1,0,1,1,67.0
Dry,35-44,9.589684557818032,Medium,2496.836172230981,High,82.89886223905123,0,1,0,0,94.5
Sensitive,25-34,6.199736544802232,Medium,1331.547868395844,Low,41.44044678282031,0,1,0,0,81.2
Dry,25-34,7.834623564221102,Medium,1994.1398331936025,Low,13.064658499341775,0,1,0,0,83.0
Normal,35-44,7.7704560835003065,Low,1779.256792592323,Moderate,29.347834776792993,0,0,0,0,94.0
Oily,35-44,7.3960336734945304,Medium,1679.6707119313317,Moderate,51.09311922561665,0,0,0,0,93.3
Combination,35-44,7.060481816109382,Low,2023.4687756274034,Extreme,65.5287207540247,0,0,0,0,96.7
Normal,25-34,8.355696061683046,Low,2446.8137687477983,Low,48.628104538115466,0,0,0,0,98.5
Sensitive,45-54,5.762360539997475,Low,2015.6605565055352,Moderate,90.75426911833392,0,1,1,1,73.6
Sensitive,25-34,9.08950296568488,Medium,2704.9473800268147,High,64.63670698265139,0,0,0,0,100.0
Normal,35-44,5.069165229243858,Low,2767.0004390903787,Moderate,99.89269994759059,0,0,1,0,89.7
Sensitive,18-24,8.172267588433636,High,2762.435485629727,Moderate,77.71989076387342,0,0,0,0,96.6
Oily,25-34,4.392254210090326,Medium,1972.0762935937119,High,50.448963399308944,1,0,0,1,70.8
Combination,45-54,6.52644167165956,Low,1760.891065530449,Low,22.22986634149055,0,0,0,0,90.8
Oily,18-24,7.13996490709145,Medium,1983.1512378976488,Extreme,58.75727612591298,0,0,0,0,94.1
Oily,25-34,5.769956976755729,High,2562.66108622283,Low,62.47855500926931,1,0,0,0,79.9
Dry,25-34,6.227495645574663,Medium,2532.6817209194633,Low,32.15890814032265,0,1,0,0,82.7
Combination,35-44,4.91954432810381,Low,702.396160812345,Moderate,31.094221978575394,0,1,1,0,70.4
Normal,25-34,5.018824296914673,Low,2152.9246369791845,High,77.36825056622429,1,0,0,1,77.1
Dry,18-24,7.747397060793824,High,815.9937752364885,Low,25.785940193487956,0,1,0,0,78.7
Normal,45-54,7.0445077374661675,Low,1990.465870616335,Low,64.13920206418132,0,0,0,0,96.5
Oily,25-34,5.464207961267739,Low,1735.4981597356875,Low,50.748106296357335,0,0,0,0,91.5
Oily,18-24,8.986416644694508,Medium,1581.5400857471905,Low,61.164354931913984,1,0,0,0,87.3
Oily,18-24,5.170103650014676,Low,2424.6278195751543,Low,25.9690156247523,1,0,0,0,79.8
Oily,55+,6.457614301203906,High,1676.3569532980414,Moderate,46.98667240425266,1,0,1,1,63.0
Normal,18-24,6.241515582732292,High,1995.2476759108008,Low,25.814151569880426,0,0,0,0,86.1
Normal,35-44,7.922556441641566,Medium,1533.8160739869431,Moderate,61.85308906217568,0,0,0,0,95.1
Normal,25-34,6.5722455367057915,High,2036.860945342462,Moderate,62.60177833207627,1,0,0,0,80.5
Oily,45-54,6.837752130198105,Medium,2479.8652064591333,High,82.38537155191675,0,0,1,0,88.9
Sensitive,35-44,4.233674944199142,Medium,1561.0616562596124,Low,100.0,0,0,1,0,83.6
Normal,25-34,7.797551720948139,Medium,2319.9682569161273,Moderate,43.41055137436736,0,0,0,0,94.6
Sensitive,18-24,6.6732612777523945,Low,2028.243122104447,High,57.96877140181689,0,0,0,0,95.2
Combination,45-54,7.17349152641563,High,2023.6598690220026,Extreme,91.81589654360675,0,0,1,0,86.6
Dry,25-34,5.377155169859184,High,1824.7960747640134,Moderate,64.3775584992397,0,1,0,0,79.8
Dry,45-54,5.64125685577439,High,2386.7036063543073,Moderate,90.92779588716265,0,1,1,0,76.1
Combination,25-34,8.74893163771353,Medium,2335.458904718962,Moderate,98.81295234740237,0,0,0,0,100.0
Normal,35-44,4.340142132606381,Medium,1933.2825818905287,Moderate,38.90967229983402,0,0,0,0,86.4
Dry,18-24,5.418701458325843,Low,2101.3391448904445,Low,70.2324297239108,0,0,0,0,94.1
Dry,35-44,9.22073822900362,Low,2371.488080610545,Moderate,45.019800831939484,0,1,0,0,91.7
Dry,25-34,7.4611195714979806,Low,2270.7596084438183,Extreme,89.08676330414818,0,1,0,0,92.4
Combination,25-34,6.011806202386371,Low,1846.681662973126,Moderate,20.305706033770086,0,0,0,0,89.7
Normal,18-24,8.86989447143298,Medium,2582.8539205512234,Low,72.94130788238934,0,0,0,0,100.0
Dry,18-24,7.6702901745940135,Medium,2432.068909322924,Extreme,36.15965778190464,0,1,0,1,78.8
Dry,18-24,7.348990137961629,Medium,3055.619509400275,Moderate,63.86059487192211,1,0,0,0,87.2
Oily,25-34,6.838343025653627,Medium,1215.2152894563997,Moderate,81.7028715057234,1,0,0,0,84.3
Oily,45-54,7.69785732582174,Medium,2350.9928196580777,Moderate,43.899971068316646,0,0,1,1,79.5
Dry,25-34,7.25853875194618,Medium,2576.044775125048,Moderate,13.291114736473872,0,0,0,0,91.0
Combination,35-44,10.0,High,2502.5835557964283,Low,53.52537219390429,0,0,0,0,97.4
Oily,18-24,6.707660782490992,Medium,1873.6434715593746,Moderate,40.31463445261999,0,0,0,0,91.2
Combination,25-34,6.253929217777694,Low,1318.421701092312,Moderate,17.888460843639166,0,1,0,0,80.9
Oily,25-34,4.64466021864393,Medium,2769.8273054170822,High,0.0,1,0,1,1,59.8
Normal,55+,6.922153919768473,Medium,1759.1279448092046,Low,80.41654409242577,0,0,1,0,87.4
Normal,45-54,9.794330349317228,Medium,1852.2775570089666,High,97.2904089997254,0,0,1,1,88.0
Normal,25-34,7.9767275036519845,High,3033.2743972422304,Low,34.95262511395789,1,0,0,0,82.5
Oily,35-44,6.184498384187008,Low,1363.4428998873873,Moderate,52.68470473069465,1,0,0,0,82.4
Oily,18-24,7.045062046781927,Low,2409.443980142604,Moderate,70.19435483839246,1,0,0,1,80.9
Combination,25-34,4.555342436622508,Low,1623.1061725144773,Extreme,70.58743295883392,0,0,0,0,91.4
Combination,18-24,5.54632098355254,Medium,1612.133588323018,Moderate,94.47803393434836,0,0,0,0,93.8
Normal,25-34,6.724161728920576,Medium,2083.826364362185,High,65.54046614667875,0,0,0,0,94.2
Oily,18-24,6.2583180957693205,Low,2338.187399464128,Moderate,24.36601590085919,1,0,0,0,81.6
Oily,35-44,5.433100315932373,Low,2475.1003526125464,Extreme,79.7769238803895,0,0,0,0,95.8
Dry,25-34,7.2347611471068385,Medium,2540.736585265132,Low,32.5547448555801,0,0,0,0,92.8
Normal,35-44,6.876624870020014,High,1646.7062003895867,Moderate,58.359808288926885,0,0,1,0,81.9
Normal,25-34,4.148674442463442,Medium,1428.236529748946,High,77.81334537532331,1,0,0,0,78.9
Sensitive,18-24,3.8872795507483175,Low,1828.6780513363854,Moderate,42.3650255244314,0,0,0,0,87.7
Combination,35-44,6.144982752138619,Medium,2173.7393290242144,High,58.169866413599884,0,0,0,0,92.5
Normal,45-54,4.617602284837709,Medium,1897.180928844479,Moderate,29.355612558580663,0,0,0,1,79.0
Oily,45-54,4.196632890294019,Medium,500.0,High,35.28309623724017,0,0,1,1,67.9
Oily,25-34,8.193453802103129,Medium,1086.4100877569113,Low,36.32841560401283,1,0,0,0,82.2
Combination,35-44,6.85343366520206,Medium,1879.7634476848102,Low,100.0,1,0,0,1,80.5
Dry,35-44,6.601830432661745,High,2427.6004264597796,Moderate,60.83426131474221,0,1,0,0,83.1
Normal,18-24,6.717391275773877,Low,1547.676646040239,High,100.0,0,0,0,0,98.5
Combination,18-24,5.293251773810545,High,2366.5355724825326,Moderate,73.87248711852247,1,0,0,0,79.7
Oily,18-24,7.616464247521252,High,1251.9481687622263,Moderate,74.55193701434747,0,0,0,0,92.2
Oily,25-34,6.303949509901189,Medium,2127.7842606463705,Moderate,22.652073691076392,1,0,0,0,79.1
Oily,25-34,5.3638870160308825,Low,2131.426021336708,High,46.16268549675436,1,0,0,1,74.6
Oily,55+,6.0885569732125004,High,2234.3694741733298,Low,21.42496149383004,1,0,1,1,60.8
Oily,25-34,4.658811930181557,Medium,1495.8592624527168,Moderate,42.25445879186284,0,1,0,0,78.5
Oily,35-44,6.3906356906472475,Low,1226.183471100251,Moderate,48.57463905320399,1,1,0,0,74.1
Oily,35-44,6.640558178826229,Medium,2363.025962358406,Moderate,58.95234727604483,1,0,1,0,75.9
Normal,18-24,6.351575006305054,Medium,1236.9206441258953,High,70.63822084500015,0,0,0,0,92.2
Combination,18-24,7.082731836012379,Low,1614.5451527547013,Low,43.45185914663333,0,0,0,0,93.7
Normal,25-34,6.382232442857366,Medium,2695.8413125799857,High,71.08834566464297,0,0,0,0,95.3
Normal,35-44,7.346152807996911,Medium,2084.944474108315,Moderate,23.35227693315774,0,0,1,0,83.2
Dry,55+,8.414645555382391,High,2184.37699590824,High,61.20660013465875,0,1,1,0,78.3
Combination,25-34,7.389535215819621,Medium,2312.367869618338,Moderate,39.10707565225812,0,0,0,0,93.3
Combination,45-54,8.431884760765504,Medium,2294.5598291056685,Low,66.33711703522182,0,1,1,0,82.1
Oily,25-34,5.228398655260657,Medium,1989.3584174318617,Moderate,71.57319098078122,1,0,0,0,81.6
Oily,35-44,6.2370776588670145,Low,1549.2891447514985,High,23.961961931124627,1,0,1,1,65.0
Combination,25-34,7.480395025918952,Medium,3342.028907683807,High,86.72725681455178,0,0,0,0,100.0
Dry,18-24,8.00721650714813,Medium,1853.682643652273,Moderate,45.15878321044537,1,1,0,1,69.2
Oily,18-24,5.982069073694677,High,2165.523255485364,Extreme,96.54819156436344,1,0,0,0,83.0
Sensitive,18-24,7.9173758886726135,Medium,2220.069582756249,Moderate,66.77530597325276,0,0,0,0,97.0
Normal,25-34,5.084701825031088,Medium,1733.524770881363,Moderate,83.02219828981335,0,0,0,0,91.9
Sensitive,35-44,7.721583586212691,Low,1787.1555177974158,Low,76.49384632368998,0,0,1,0,90.7
Combination,18-24,6.960555698701539,High,2744.116358748899,Low,56.68071493029873,0,0,0,0,92.1
Dry,35-44,4.9233465941404955,Medium,1630.51124519402,Moderate,62.90558083181221,0,1,0,0,81.4
Sensitive,25-34,5.84888926736089,High,2206.214922813824,Low,59.51182272623612,1,0,0,1,72.1
Combination,35-44,10.0,Medium,2447.926950760362,Moderate,53.566331047743546,0,0,0,0,100.0
Normal,35-44,7.3041705442074925,Low,1892.9287055418047,High,65.63909092895109,0,0,0,0,97.0
Oily,35-44,10.0,High,1953.0580342794603,Moderate,73.7085883197004,1,0,0,1,81.3
Normal,25-34,4.334110205187446,Medium,2478.452573517964,Moderate,55.83919024019902,0,0,0,0,89.2
Oily,25-34,7.626112688995763,Medium,1931.3252640665162,Low,62.979431014647446,1,0,0,0,85.4
Combination,45-54,3.1984957122893265,Low,961.3958651261078,Low,22.04678867132872,0,1,1,0,66.5
Oily,18-24,6.999646772627825,High,2751.941672604458,Low,72.59966112895441,1,0,0,0,83.8
Oily,25-34,7.446826066476982,Medium,1512.262260048652,Moderate,31.43552941235803,0,0,0,0,91.1
Dry,18-24,8.256835142494415,Medium,2107.738379709715,Moderate,8.814581446010259,0,0,0,0,91.6
Combination,35-44,5.801095413129381,High,1341.1108433329168,Low,100.0,0,0,0,0,91.3
Normal,35-44,8.558635632965103,Medium,1744.560323355492,Moderate,95.25496478431997,0,0,1,0,92.1
Oily,35-44,6.199427859932959,Low,1781.7570518057996,Moderate,59.73791729551028,0,0,0,0,93.9
Normal,25-34,6.253854123331405,Medium,2087.0855471445825,High,76.74074838822963,0,0,0,0,94.4
Dry,18-24,6.350016670965049,Medium,1561.4338652668116,Moderate,41.71933296966111,0,0,0,0,90.0
Normal,45-54,5.295415973901503,High,2991.4173174572884,Low,48.26486765414102,0,0,0,1,81.4
Dry,25-34,8.854579381131288,Low,2012.266072798108,High,35.14190892402252,1,1,0,1,72.2
Oily,25-34,6.572026725737115,Medium,2440.520909550736,Moderate,34.006479149771806,1,0,0,0,81.4
Normal,25-34,8.130977567987943,Medium,1995.5727956054536,High,43.52302386309104,0,0,0,0,94.6
Sensitive,18-24,8.5670668626469,Low,2498.634044828846,Low,47.151251133036865,0,0,0,0,98.8
Normal,18-24,5.548089678590525,Low,949.6749902701056,High,0.0,0,0,0,1,78.0
Oily,25-34,8.324190871507401,Medium,1647.6272495291555,Low,45.41432198409157,1,0,0,0,84.5
Normal,18-24,7.755121365323983,Medium,1739.1020387361884,Moderate,25.76993368772656,0,0,0,0,91.6
Oily,18-24,5.4386472032906665,Medium,1735.057250482774,Low,57.431753295278995,1,0,0,0,80.1
Dry,45-54,7.673276247012257,High,2259.33891877144,Low,54.004396306447966,0,1,0,0,84.3
Oily,25-34,4.965548172697899,Medium,2293.582486432252,Moderate,65.87032403145444,1,0,0,0,81.1
Normal,25-34,8.909687551967961,Medium,1962.9742589612845,Moderate,50.3263289839138,1,0,0,0,86.8
Oily,35-44,8.220680117383145,Low,1975.3518109282886,Moderate,28.339359214797362,1,0,0,1,78.2
Dry,55+,6.893277156713447,Low,3220.255831035128,Moderate,18.346615541331406,0,1,1,0,78.1
Combination,18-24,8.897205427325776,Medium,2162.2967221006093,Moderate,18.97512408056218,0,0,0,0,94.0
Dry,45-54,4.627018532944693,Medium,887.3963655211803,Moderate,38.404788459612064,0,1,1,0,68.9
Dry,25-34,5.375988049819938,Medium,2385.056199442032,Low,32.43230503240483,0,0,0,0,88.8
Oily,18-24,6.621370417389443,Medium,2279.7326100364544,High,72.9835257254792,1,0,0,0,85.1
Oily,25-34,9.853527022138277,Medium,2579.672455822143,Moderate,54.657073921595206,1,0,0,1,83.3
Normal,25-34,4.8942756486898915,Low,2299.199114098386,Moderate,3.4741135459183923,0,0,0,0,86.7
Oily,35-44,4.43904108738899,Medium,1547.6226913475766,Low,38.11086352891678,0,0,0,0,85.8
Oily,18-24,4.833421728252594,Medium,2445.0022767171936,Low,49.08392486645198,1,0,0,0,79.5
Dry,25-34,7.859323803808401,Medium,2049.652977873409,Low,24.89311676420059,0,1,0,0,84.3
Dry,35-44,6.108711594191715,Medium,2523.0821572397717,Low,62.02564467614051,0,1,1,0,77.5
Sensitive,25-34,6.26137000344708,Medium,2773.9495234185647,Extreme,44.02461276303126,0,0,0,0,92.5
Normal,45-54,8.144248962511726,Medium,1939.0668686645643,Extreme,56.646021391181755,0,0,0,1,88.8
Dry,45-54,6.762873058063133,Medium,2437.898483120215,Moderate,45.77443267913642,0,1,1,0,77.0
Combination,25-34,6.806219906762084,Medium,2516.826739745831,Low,52.80467428240616,1,0,0,0,83.9
Dry,55+,7.802822721414543,Medium,2079.3749338981534,Extreme,86.01942341135293,0,1,1,0,82.4
Oily,18-24,6.353985412059677,Medium,2979.0451151223515,High,72.3239039718211,0,0,0,0,95.9
Oily,18-24,6.7505244101054735,Low,2522.771679192675,Low,22.969836848777664,1,0,0,1,75.8
Normal,25-34,6.8629331034815175,High,1707.3059942882205,Moderate,100.0,0,0,0,0,94.1
Oily,35-44,8.30226890957983,Medium,2130.039675907529,Moderate,89.51962404428897,0,0,1,0,91.8
Combination,35-44,5.811446103729026,Low,2430.0844515010276,Low,42.852275471682084,0,0,0,0,92.8
Normal,25-34,3.0,Medium,2960.04471021323,Low,28.3421926885691,0,0,0,0,84.8
Oily,18-24,8.019374724078471,Medium,2310.428294816443,Moderate,58.512287317842315,1,0,0,1,79.5
Combination,18-24,8.391573878125127,Medium,2144.730060070633,Low,67.61038006194867,1,0,0,0,87.8
Combination,45-54,7.3000512431952576,Medium,2631.907168235986,Low,100.0,0,0,1,0,91.9
Oily,45-54,7.402439828434804,Low,1890.272870594278,Low,72.71136334393802,0,1,1,0,81.9
Dry,35-44,6.153535158789744,Medium,1505.008947480737,Extreme,43.4062853753546,0,1,0,0,81.7
Oily,35-44,7.750275132302386,Low,2351.8781791140764,High,47.31601370263368,1,0,0,0,86.9
Normal,25-34,7.779750229526282,Medium,1810.9158708710108,Moderate,65.66533663025012,0,0,0,0,95.7
Oily,18-24,7.084744512127727,Medium,3357.8844685602085,Moderate,16.488636680150584,0,0,0,0,92.5
Dry,25-34,10.0,Medium,2126.4849670308795,Moderate,87.36627245462569,0,1,0,0,95.0
Sensitive,35-44,4.654388368492931,Medium,2354.9344938989148,Moderate,61.38426917287096,0,0,0,0,90.2
Normal,25-34,6.74444250628452,Medium,1685.8374518938967,Low,73.98786489063943,0,0,0,0,94.3
Dry,18-24,5.238470556524028,Medium,2632.3002114158626,High,79.98565708937615,0,0,0,0,93.7
Oily,55+,8.319768885935336,Low,1986.525471784571,Low,100.0,0,1,1,0,86.6
Dry,45-54,4.627786857936728,Low,1937.7318060847808,Moderate,52.36797639771131,0,1,1,1,67.4
Normal,25-34,4.499117685923452,Low,1949.7389444181097,High,43.052615710742046,0,0,0,0,89.2
Oily,35-44,6.050219589176193,Medium,1354.2978500193358,Low,51.75963704782708,0,0,1,0,82.0
Combination,45-54,7.398748254783099,High,1874.7366897424258,High,64.3431947778279,0,1,0,0,84.0
Dry,18-24,6.106792917007574,Medium,2273.082900145669,Low,33.88575654842579,0,0,0,0,90.1
Oily,25-34,5.62183810610136,Medium,1227.3068802812911,Extreme,80.29804757938224,0,0,0,0,91.7
Oily,25-34,6.228664317610872,Medium,2510.834511998543,Moderate,75.20404919023956,0,0,0,0,95.0
Oily,25-34,6.136639761407741,Medium,1865.830772935938,Extreme,43.575158796407706,1,0,0,0,80.4
Oily,45-54,9.231174082477786,Medium,2122.3633670756303,Moderate,42.232983636441205,0,0,0,1,89.9
Combination,25-34,7.528866679503452,Low,882.9928017299592,Low,39.095295208868656,0,0,0,0,92.7
Sensitive,18-24,6.513134890323034,High,2112.493530328691,Extreme,53.27235480010245,1,0,0,0,79.6
Oily,18-24,10.0,Low,1478.4265588712203,Moderate,62.34475391885188,0,0,0,0,100.0
Oily,18-24,7.737491762284014,Medium,1824.270817514541,Moderate,54.82697983340472,0,0,0,0,94.6
Combination,25-34,5.046556917029677,Medium,1216.2672287414612,Moderate,70.54749534567415,1,0,0,0,79.6
Oily,35-44,7.384770609987767,High,1559.0592184189536,Low,97.18376179691289,0,0,0,0,94.6
Dry,18-24,7.803268817297972,High,1918.2208426127677,Moderate,57.46641665767618,1,1,0,0,74.2
Oily,35-44,5.968562921407978,High,1864.1237883060862,Moderate,74.82642767228388,0,0,0,0,90.1
Combination,35-44,5.421236633790941,Medium,2442.265175243828,High,100.0,1,0,0,1,78.7
Dry,25-34,6.629688635063663,Medium,1065.9644378375601,Low,64.2669136724762,0,0,0,0,91.8
Combination,35-44,6.459667343040946,Low,1974.31535224955,Moderate,47.758159900589426,0,0,0,0,93.6
Combination,35-44,9.218691832683163,Medium,1950.4586882831738,High,58.29189526854674,0,0,0,0,98.2
Oily,25-34,7.611733736127372,High,1771.0964681409105,Low,8.35434006910127,0,0,0,0,86.6
Combination,25-34,5.538837088870129,Medium,1543.3970564844415,Low,63.63661256061161,1,0,0,1,73.5
Combination,35-44,7.638907166422883,Low,2551.088541089898,Low,46.26225622513381,1,0,0,1,80.0
Oily,55+,8.90069221408711,Low,3023.8567829831595,Moderate,27.730639804135638,1,0,1,1,73.6
Normal,25-34,4.409293331150526,Medium,1142.969404518859,Moderate,28.372915572861796,0,0,0,0,83.9
Normal,25-34,4.965832638518371,Low,1537.9075056418449,Extreme,78.58640026072047,1,0,0,0,82.9
Oily,25-34,6.483247074080703,Medium,1497.8197311676427,Moderate,43.52888906305675,1,0,0,0,80.3
Oily,18-24,7.053402951857551,Medium,1859.2391493179462,Moderate,69.10808817526305,1,0,0,1,77.7
Dry,25-34,6.421703741805709,Medium,2627.9228366120988,Extreme,59.64350820539055,0,1,0,0,86.1
Normal,25-34,6.033834231818483,Low,2263.8352361373795,Low,55.00876158029866,1,0,0,0,84.1
Combination,18-24,6.51090951632197,High,1923.0737135310862,Moderate,40.41903175240041,1,0,0,0,77.9
Oily,25-34,7.076387205232443,Medium,2008.181280811812,Moderate,62.39352637409691,0,0,0,0,94.4
Oily,18-24,8.70091383045876,Medium,1840.493673008026,Low,39.352465909149146,1,0,0,0,85.0
Oily,25-34,5.77857090546736,Medium,2369.32341498163,Extreme,53.91146402181496,1,0,0,1,74.7
Oily,18-24,10.0,Medium,2430.1675642870005,High,77.6560361146262,1,0,0,1,85.6
Oily,18-24,9.941037153610475,High,2295.648957656939,High,82.92534548602573,0,0,0,0,99.8
Oily,45-54,8.993883444370123,High,901.7293556856198,Extreme,49.09908316759011,1,1,1,1,58.7
Normal,45-54,7.933725001842342,Low,2006.570378628098,Moderate,69.30461727376674,0,0,0,1,91.8
Combination,18-24,10.0,Low,1906.732149821173,High,64.60683198077864,1,0,0,0,92.3
Combination,25-34,6.064826952500887,Medium,2495.6518062872015,Moderate,55.93578856401201,1,0,0,1,75.7
Oily,25-34,5.251093382014648,Low,2119.55327314476,Extreme,69.08908199830738,0,0,0,0,93.7
Combination,25-34,5.711041910894023,High,2278.369271466197,Low,69.36633085735357,0,0,0,0,89.9
Combination,25-34,4.995585795364878,Medium,1752.351476914781,Low,95.94107585251481,1,0,0,1,76.1
Normal,25-34,6.6827019834700545,Medium,2469.699189469047,Low,100.0,0,0,0,0,98.3
Sensitive,35-44,7.449745696191615,Medium,2616.9073649194033,Low,70.87928762023323,0,0,0,0,97.2
Combination,18-24,7.3012597580216605,Medium,1186.5043112499088,Moderate,91.50748054825215,1,0,0,0,86.1
Oily,18-24,6.981352971727301,Low,1351.9054899559735,Low,60.977368423616625,1,0,0,0,84.8
Normal,35-44,7.199731792257423,High,2381.2268485595955,Low,55.56277903576546,0,0,1,0,83.7
Normal,35-44,9.604485713274833,Low,1913.8038526358785,Low,75.17724412570091,0,0,0,0,100.0
Normal,25-34,7.430077801458626,High,2514.356843315515,Moderate,44.17492178648339,0,0,0,0,91.3
Combination,25-34,7.883763194907232,Low,2120.910397093824,Low,48.93301703694751,0,0,0,0,96.9
Oily,25-34,6.786184905030182,Medium,2346.433856928015,Moderate,22.58653852165393,0,0,0,0,90.5
Combination,25-34,4.076616952297884,Low,1626.3813101321994,Low,52.01061558095428,1,0,0,1,71.6
Combination,25-34,3.779176294295733,Medium,2169.8969210134387,Moderate,73.31694207562978,1,0,0,0,79.2
Dry,25-34,9.624214985312772,Medium,2171.3159482707274,Low,68.01398955523348,0,1,0,0,92.4
Dry,25-34,5.702266587153168,Low,1655.553000170371,Low,59.092353614896965,0,0,0,0,92.6
Normal,35-44,6.074872983772101,Medium,2500.846738387602,Moderate,100.0,0,0,0,0,97.2
Oily,35-44,7.368494862065874,Medium,1052.3391800915929,High,100.0,0,0,0,0,96.8
Dry,25-34,7.325604467494891,Medium,2103.8535182976293,High,62.45675808331142,0,1,0,0,87.1
Normal,25-34,7.515293206001619,Medium,1352.9613302484047,Extreme,89.9428890545102,0,0,0,0,96.7
Normal,25-34,9.161627799320005,Medium,1488.849179122469,Moderate,58.72947708337993,0,0,0,0,97.2
Combination,25-34,8.751104573986911,Low,2492.99344414812,Moderate,52.19977836016845,0,0,0,0,99.7
Dry,25-34,5.283600163041768,Low,1450.0375817246204,Extreme,74.02119884273822,0,1,0,0,84.9
Oily,45-54,8.453101860132683,Medium,1428.9304976864414,Moderate,58.23748845476223,0,1,0,0,87.6
Dry,35-44,6.423863622683802,High,2290.1611033553486,Low,1.0088916003237927,0,0,0,0,84.5
Combination,45-54,6.793736883353835,High,1444.6079579891052,High,53.531473306408564,0,0,1,0,80.8
Oily,35-44,5.359016191072956,Medium,2509.104763445266,Low,22.359221765248037,0,0,0,0,88.0
Normal,55+,4.460390719252886,High,2322.3025910143233,High,40.3025832705744,0,1,1,1,61.6
Sensitive,35-44,6.952657431051566,High,1611.1780688163503,Low,61.37018129988155,0,0,0,0,90.3
Oily,55+,5.5660271258331315,Low,2490.1878410965287,Low,36.51963685894407,0,0,1,0,83.8
Normal,18-24,8.391720517858055,Low,1030.7154244891149,Moderate,23.71033987930463,0,0,0,0,93.2
Oily,18-24,6.5783826347198175,Medium,2236.245690732789,Low,20.02855041224253,0,0,0,0,89.6
Combination,25-34,6.96288532842481,Low,1376.884237877155,High,33.825227806850265,1,0,0,0,82.1
Oily,55+,9.051288630873147,Medium,1738.350293567246,High,40.72510071197655,0,0,1,1,80.7
Oily,25-34,4.2720572273268385,Medium,1770.6450333494868,Moderate,42.54738056921308,0,0,0,0,86.3
Oily,18-24,5.913073917175469,Medium,2640.6986590090596,Moderate,56.472909746006025,1,0,0,0,82.8
Sensitive,25-34,6.771325436848775,Low,1749.3603707410523,High,82.65925979734993,1,0,0,0,87.3
Normal,35-44,7.468787223734891,Medium,1960.6903011322547,High,34.75506744107793,0,0,1,0,84.3
Dry,25-34,8.155246251908489,Medium,1780.913263293599,Moderate,28.13351968495537,0,0,0,0,92.7
Sensitive,35-44,8.300729693560896,Medium,1508.6799265970799,High,100.0,0,0,0,0,99.6
Normal,55+,7.145400438596109,High,1484.8493773302816,Extreme,68.93353728028748,0,0,1,0,83.2
Sensitive,45-54,7.455107005895883,Low,2154.3641637654528,Low,55.60970295372054,0,0,1,1,81.8
Sensitive,25-34,6.996613836485735,Medium,1986.8055231379844,Extreme,33.6644428729521,1,0,0,0,81.3
Combination,25-34,4.295431452989367,Medium,2381.258290269763,High,37.53781223170376,0,0,1,0,79.1
Oily,25-34,6.265436783967558,High,1878.9682786526414,High,43.670916114197524,1,0,1,1,62.7
Dry,25-34,6.872709826995639,Low,1895.1705617012483,Moderate,67.04657223839789,1,1,0,0,78.2
Combination,18-24,7.68782628817766,Medium,2382.8764700388915,Moderate,0.0,0,0,0,0,90.1
Sensitive,35-44,5.613454839903762,High,1813.9462044974518,Low,50.884359113024644,0,0,0,0,86.9
Normal,25-34,4.596803131206663,Medium,1280.2048007894732,High,94.99889077836022,1,0,0,1,74.3
Combination,45-54,6.648201111222879,Low,2423.7734944450935,Moderate,60.40574373919465,0,0,0,1,89.2
Oily,45-54,9.95104916663724,Medium,1661.4294894012369,Moderate,61.558550503696665,0,0,0,1,92.4
Normal,18-24,5.771128730906997,Low,2033.4432800133918,Moderate,35.88925992049882,0,0,0,0,91.2
Oily,55+,8.760892371032213,Medium,1686.7431220010453,Moderate,69.7169504952067,0,1,0,0,89.9
Combination,35-44,9.37710946456768,High,1513.7491408255526,High,14.90649367851205,0,0,1,0,82.3
Oily,25-34,6.568199789349791,Medium,1050.6391368292525,High,39.3756963339879,1,1,1,1,56.2
Dry,25-34,5.480228098019824,Low,2169.582827565757,High,0.0,1,0,0,1,70.3
Sensitive,25-34,7.2692293454873385,Medium,500.0,Moderate,64.50471579205933,1,0,0,1,75.0
Oily,25-34,6.792485438149244,Medium,2649.172388081134,Extreme,38.84860161789676,1,0,0,1,75.8
Dry,35-44,5.711344029714537,Medium,2516.0080467704383,Moderate,19.253126189890395,0,1,0,0,80.4
Oily,18-24,6.011795760442336,Medium,1545.2488989897515,Moderate,75.26355433036397,1,0,0,0,82.6
Oily,35-44,7.6803697782179965,Medium,2794.1264550338933,Low,77.25200410640753,0,0,1,0,90.7
Dry,25-34,7.900160612252822,Medium,3030.3995964671067,Extreme,75.7442705756728,0,1,0,0,91.4
Sensitive,18-24,6.515814698026919,High,1863.341764396911,Moderate,27.333377971481355,0,0,0,0,86.5
Dry,25-34,6.3962996526679206,High,2205.4852202595343,Low,24.908245683615917,0,1,0,0,78.7
Combination,25-34,7.5029578557666206,Low,2068.1348172649427,Moderate,80.0519914769715,1,0,0,0,89.1
Normal,25-34,6.2412696737390965,Low,2756.8079906733046,Moderate,70.2627194544547,1,0,0,1,80.0
Oily,18-24,6.551009540056174,Medium,1303.6838277236857,Extreme,85.08859073869306,1,0,0,1,77.2
Dry,45-54,5.8669887704091614,Low,1886.3152136498213,Moderate,54.001339983954225,0,1,0,1,77.9
Normal,35-44,5.840973064938954,Medium,2459.6989290303422,Moderate,57.26639149245959,0,0,0,0,92.3
Oily,18-24,10.0,Medium,2406.7669375977002,High,65.40315272385624,0,0,0,0,100.0
Dry,25-34,6.205697509881377,Low,1978.5959108892544,Moderate,16.22187398697531,1,1,0,0,72.0
Normal,25-34,8.547587482268336,Low,2696.1555364847045,Low,54.89519597310225,0,0,0,0,100.0
Oily,18-24,9.525990006278606,Low,2116.739164155401,High,100.0,1,0,0,0,95.3
Dry,35-44,6.7246265657602615,Low,2056.8500916912635,Extreme,51.05404277139136,0,1,1,0,78.7
Dry,45-54,7.552644712652153,Medium,2348.521511927839,Low,19.91412667968882,0,1,1,1,68.8
Sensitive,35-44,7.153717723049549,Medium,1969.552339037069,High,85.27745737167078,0,0,0,0,96.8
Dry,18-24,4.581726474011985,High,2025.1307832579444,Moderate,27.47100147596472,0,0,0,0,83.0
Oily,45-54,4.672040481627756,Low,1606.354002100538,Low,57.32540937327288,0,0,0,0,90.3
Sensitive,25-34,6.5732727003564095,High,3466.701496605525,Low,92.18921755086693,1,0,0,0,86.3
Combination,45-54,6.362629692087106,Low,1763.293561917706,Low,73.95275899198771,0,0,0,1,88.6
Oily,18-24,9.837370507590386,Medium,2364.6222252341677,Moderate,37.786997593728856,1,0,0,0,88.2
Normal,25-34,6.145140591958072,Low,2954.3619247129013,Low,70.96230567523844,1,0,0,1,80.3
Dry,25-34,9.426393495602188,High,1328.590068077226,Low,8.30174555446063,1,1,0,0,71.3
Dry,18-24,6.285412905796684,Low,2305.58728112137,High,54.927677028204954,0,1,0,0,86.7
Combination,35-44,9.868300630913401,High,2011.5813507348037,Moderate,50.400063643147746,1,0,0,0,85.8
Combination,35-44,7.7596367454210196,Low,2897.365804440786,High,1.0076273441937502,0,0,1,1,78.4
Dry,18-24,7.844937843656796,Low,1545.394443036765,Low,19.732188736752526,0,0,0,0,92.8
Sensitive,35-44,6.232354064899526,Medium,1623.872629469548,Low,74.63464277651646,0,0,1,0,85.2
Dry,25-34,7.365375770605533,Medium,1975.0459162299414,Moderate,68.66769848603525,0,1,0,0,87.5
Normal,18-24,9.539070149621876,High,1753.2428050452063,Moderate,50.544285099785846,1,0,0,0,84.6
Combination,55+,6.782758758909794,Medium,1770.3611900460758,High,42.598289173590764,0,0,1,1,76.4
Oily,45-54,6.490904776950073,Medium,3014.2146614129106,Moderate,80.24459945525764,1,0,1,0,79.0
Combination,25-34,6.129856191709868,Medium,2063.5213509114233,Extreme,56.85608831081639,1,0,0,0,82.1
Sensitive,25-34,8.930167407509655,Medium,1607.6572832511022,Low,89.93186533905815,0,0,0,0,100.0
Dry,25-34,7.78302681050163,Medium,1804.9916246513546,Moderate,64.36075248954623,0,0,0,0,95.6
Dry,35-44,9.171519985706677,Low,2202.445779675091,Moderate,42.1993635170916,0,0,1,0,91.0
Oily,45-54,7.470434065726405,Medium,2168.6837923655635,Low,76.77270100087547,0,0,1,1,82.0
Oily,25-34,6.558979035166748,Medium,1711.3681247919758,Moderate,74.02366568962341,0,0,0,0,93.9
Oily,45-54,7.6359160586059485,Medium,1185.98415431984,Low,95.00437419446013,1,1,1,1,64.1
Dry,25-34,8.10523780161881,High,1974.7298702748967,High,36.82154576141146,0,1,0,0,82.8
Combination,25-34,6.129322636118203,High,1961.202537313515,Low,40.92184680280752,1,0,0,0,77.3
Dry,45-54,9.053015490035179,High,1676.9348894502054,High,82.00978457979235,0,1,1,0,80.7
Normal,25-34,7.048745835598815,Low,2639.889883032911,Low,71.0388618628991,0,0,0,0,98.5
Oily,25-34,3.0,Low,2287.288950425106,Moderate,37.242015165377026,1,0,0,0,76.3
Combination,35-44,8.325240140657792,Low,2067.4091824508537,Low,43.18929081546487,0,0,0,0,97.1
Oily,25-34,4.591542480107027,High,1819.6443537349635,Low,39.17430705874935,1,0,0,0,73.7
Dry,25-34,7.788759141010981,Low,2866.5143117393554,High,51.98143632354265,0,0,0,0,98.5
Combination,45-54,8.352276997357249,Medium,1422.7635795729102,High,37.804715791074884,0,1,1,1,70.3
Dry,35-44,7.494838896071812,Low,1751.7019680308,High,70.49328692024402,0,0,0,0,97.5
Oily,45-54,7.81552134831504,Low,1773.8159576807673,Moderate,16.82991445424959,1,0,0,1,75.9
Combination,25-34,8.14830618176598,Low,2149.4803066934796,Extreme,29.20779100125387,0,0,0,1,88.5
Normal,25-34,5.756558489283909,Low,2330.4424151872345,Moderate,54.60047213987761,0,0,0,0,93.6
Sensitive,55+,8.190144489553719,Medium,1331.7126905150403,Low,42.01591516232916,0,1,0,0,85.2
Normal,25-34,8.244534954435554,High,1657.6949876728536,Extreme,39.54073353108088,0,0,0,0,90.8
Normal,18-24,9.640123896307717,Medium,2223.8221965383573,Extreme,46.817502578014654,0,0,0,0,98.4
Combination,25-34,4.841329570910445,Medium,1667.426696851924,Moderate,100.0,0,0,0,0,93.0
Oily,25-34,7.112774097481652,Medium,1799.1119566685045,Low,17.34742346059042,1,0,0,0,79.6
Combination,18-24,5.557766201407803,High,2086.3223510849703,Low,55.89204894207997,0,0,0,0,87.9
Combination,45-54,5.4941169734477535,High,1510.0372596550314,Moderate,34.37914158323708,0,0,0,1,77.4
Combination,55+,7.53854165860897,High,2138.8056613563504,High,23.441564494461183,1,0,1,1,63.7
Sensitive,25-34,6.616183722194208,Low,2306.279918367914,Low,43.1240336799624,0,0,0,0,94.2
Oily,35-44,8.717502217782977,High,2019.1933893579153,Moderate,56.08674558423967,1,0,1,0,76.1
Combination,45-54,6.480735325608686,Low,2712.69190755019,Low,95.84503762228087,0,1,0,1,85.0
Normal,35-44,6.7989228457044835,Medium,2362.7112560315345,High,89.37090153844242,0,0,0,0,97.3
Oily,18-24,7.317256393507277,Medium,1979.5391339024857,Moderate,38.545511027664375,1,0,0,0,82.4
Combination,18-24,5.707256722845316,Medium,1839.2876088342655,Extreme,43.33806501315783,0,0,1,0,81.4
Oily,18-24,5.915395232476103,Medium,2877.359619802849,High,64.78336700243987,1,0,0,0,84.1
Dry,18-24,8.67414799865883,Low,1669.2714481211874,Moderate,51.44142871472897,0,0,0,0,97.8
Dry,25-34,5.676567438078337,Medium,1863.9137221420451,Low,34.08379364601272,0,1,0,0,80.5
Dry,25-34,8.273714849674528,Medium,1795.091652311935,Moderate,66.5354079278135,0,0,0,0,96.8
Sensitive,18-24,7.910968871002442,Low,2198.901694882921,Low,100.0,0,0,0,0,100.0
Normal,18-24,4.678703461766597,Medium,3127.578147256547,Extreme,76.46067400080436,0,0,0,0,93.3
Dry,25-34,7.2955680377566825,Medium,2123.3363549544265,Low,83.91450955102232,1,0,0,0,87.2
Combination,25-34,7.283719734641191,Low,1838.9629703377034,High,46.51556483778262,0,0,0,0,94.9
Oily,35-44,7.634392912766928,Low,2094.3357863367237,Moderate,32.93412788320962,1,0,0,1,77.8
Normal,18-24,6.787184910425484,High,1343.5706957739776,Low,0.0,0,0,0,0,83.3
Dry,45-54,5.589898816912222,High,1906.107796190464,Moderate,8.200725596808269,0,1,1,1,59.8
Oily,55+,9.01931914916893,Low,2852.0421445625243,High,44.9162766797622,0,1,1,1,77.2
Normal,35-44,6.847630616915747,Medium,2330.9949989819725,Moderate,72.6706556057535,0,0,1,0,87.6
Combination,35-44,5.674890759496948,Medium,2615.4836603688286,Low,81.07705202514445,0,0,0,0,94.7
Dry,45-54,7.686203029132012,Medium,2506.673202545996,Low,66.07735813663135,0,1,1,0,81.0
Sensitive,18-24,5.885830043900114,Medium,1645.6001870648402,Moderate,46.95971674038253,1,0,0,0,79.8
Combination,55+,5.576370957572318,Low,2955.9941190987406,Moderate,66.3624910762048,0,0,1,1,80.7
Dry,35-44,6.436791081696342,Medium,1111.975727436646,High,30.046168204255178,0,0,1,0,80.1
Normal,35-44,6.001903353522888,Low,2166.248694280846,Moderate,32.406337727490396,0,0,0,0,91.6
Oily,25-34,5.131636622023138,Medium,970.1749696158627,Low,65.32344293725681,1,0,0,0,78.7
Normal,25-34,7.709617643392638,High,1143.3461937250295,Low,19.170505543831815,0,0,0,0,86.6
Sensitive,35-44,6.829258278306401,High,2467.7825754206033,Low,55.86820220791223,0,0,1,0,83.2
Normal,35-44,8.878419918273838,High,1654.3336137319593,High,35.557842033793264,0,0,0,1,84.6
Oily,35-44,5.718235783405096,High,2622.442788867758,High,64.22839616909025,0,0,0,0,90.1
Dry,18-24,4.408658443545496,Low,912.8162772764449,High,64.70513780996434,0,0,0,0,89.1
Oily,25-34,6.723155523874125,Medium,1955.7458997398298,High,65.3488953209879,1,0,0,0,83.9
Oily,25-34,9.283968382709624,Low,1392.0287708210733,Low,35.492160239738084,0,0,0,0,96.9
Dry,25-34,7.296480244043003,High,1835.7393412498936,Extreme,45.803896736143045,0,0,0,1,82.8
Normal,18-24,10.0,High,2774.174307658771,Low,68.37673804300776,0,0,0,0,99.4
Normal,18-24,7.498088681423633,Medium,2895.901106764454,High,36.740619395978484,0,0,0,1,87.5
Oily,25-34,6.853328316932136,Medium,2256.4644576248766,Low,27.17715289240374,1,0,0,0,80.9
Combination,25-34,3.2669559934131236,Low,1202.690193276067,Low,33.96066188205812,1,0,0,1,67.3
Dry,18-24,7.641921160882792,Low,1396.6575571128706,Moderate,34.80340686606054,0,1,0,0,85.6
Oily,45-54,7.253001640028937,High,2080.0274810666388,Low,60.76743457843198,0,0,1,1,76.7
Dry,35-44,6.388868202693194,High,1597.0455477351018,Moderate,59.32814899404895,0,1,1,0,72.9
Oily,35-44,6.794831699411395,Low,2328.9862691310755,Moderate,55.814610911770146,1,0,0,1,78.8
Sensitive,18-24,6.897849138486731,Low,2837.9625633416763,Moderate,44.997572415334965,1,0,0,1,79.0
Normal,35-44,6.730106270601904,Low,1508.6650529880146,High,36.69349662566982,0,0,1,1,77.1
Dry,25-34,9.634572444688942,High,1552.4692201207147,Low,66.22986351519233,0,1,0,0,88.0
Combination,55+,6.443706958292487,High,1409.7824101723613,Low,58.57874323127035,0,1,1,1,65.6
Combination,35-44,7.253970585780786,Medium,1872.8705371078743,High,49.12959165769355,1,0,1,1,68.2
Normal,25-34,5.8941483749206895,Medium,2026.1137399324432,Moderate,48.57790910123776,0,0,0,0,90.7
Oily,45-54,8.175146779965822,Medium,2010.790741490946,Moderate,90.30340251914603,1,0,0,1,82.4
Combination,18-24,7.26514554995831,Low,2448.8426436486207,Extreme,48.201936544976036,0,0,1,0,88.2
Normal,18-24,6.580134140244278,High,2196.4858065484095,Moderate,49.84368897016725,1,0,0,1,72.5
Combination,35-44,4.111048081139225,Medium,1970.6429241539427,Low,98.18491442126914,1,0,1,0,74.0
Combination,18-24,7.364962337933125,Low,2020.4577042422998,Moderate,76.75860998370983,0,0,0,0,98.4
Combination,18-24,6.535635589630374,Medium,2042.7560582385565,High,33.97928926968203,1,0,0,1,73.6
Normal,35-44,6.908889014669348,Medium,1971.0979886044775,Moderate,86.75982720766041,0,0,0,0,96.4
Combination,25-34,4.726313079132,Medium,1661.442667333834,Moderate,45.75161215553671,1,0,0,0,77.4
Dry,35-44,9.149923259080293,Medium,1398.4646805678867,Moderate,33.7349817184159,0,1,1,0,78.5
Combination,45-54,8.285114763765808,High,2071.138574279811,Moderate,92.60418543769853,0,0,0,1,90.0
Normal,25-34,8.646058996460948,Medium,1750.3498889487114,Low,32.26234613058213,0,0,0,0,94.0
Normal,18-24,8.720468951171432,Medium,2262.551959720107,Low,37.250994522794485,0,0,0,0,95.7
Oily,18-24,7.888475953191192,Medium,2035.991340198928,Moderate,40.46680533584758,1,0,0,0,83.9
Normal,18-24,5.286576236910336,Low,2007.4572247777046,Moderate,100.0,1,0,0,0,86.6
Dry,18-24,9.765080746107788,Medium,2492.2368535328783,High,26.200916598385707,0,0,0,0,97.1
Sensitive,18-24,5.6085472736687345,Low,1297.6941644223252,Low,49.9341156367625,0,1,0,0,82.8
Oily,25-34,6.097388563887558,High,2884.6245738605844,Low,41.44256133308461,0,0,0,0,89.1
Combination,25-34,7.56035342094038,High,907.5102344057384,Low,63.18028598016507,0,0,0,0,90.3
Normal,35-44,8.134811180781107,Low,2725.3978476462944,Moderate,58.26260504115465,0,0,0,0,99.5
Normal,45-54,7.858355090416837,High,2100.4184986881414,Moderate,43.31716275160548,0,0,0,0,91.2
Normal,35-44,6.399567278006366,Medium,1737.978213841904,Moderate,75.59481750146362,0,0,0,0,93.8
Oily,25-34,5.589602558966788,High,1264.1818156207723,Low,83.91249059991216,1,0,0,1,72.1
Sensitive,18-24,10.0,Medium,1700.255185484287,Moderate,24.421202766108443,0,0,0,0,95.8
Normal,35-44,6.9410290922502496,Medium,1918.1614710747208,High,42.961691498544766,0,0,1,1,77.0
Dry,25-34,6.257342923041746,Medium,2097.459026777582,Moderate,62.79842461176619,0,0,0,0,93.0
Oily,18-24,5.92966526359187,Low,2722.7986943072024,Moderate,19.179246683548136,1,0,0,0,81.2
Sensitive,45-54,7.367005523606436,Low,2036.707099607498,Low,71.12767253250666,0,0,0,1,90.9
Normal,25-34,6.797034200867106,Low,2159.827012422378,High,81.7683188298497,0,0,0,0,98.1
Oily,18-24,6.975660686943557,Low,2175.056896157675,Moderate,65.56636950413565,1,0,0,0,86.9
Normal,45-54,7.572589970181829,Low,1836.231166328741,High,73.02514478586653,0,0,0,1,91.1
Oily,45-54,9.64530625366353,Medium,1903.896537062178,Moderate,78.68348578185872,0,0,1,1,86.0
Oily,25-34,5.607420940563652,Medium,1946.5237747957226,Low,58.12313015830394,0,0,0,0,90.9
Combination,25-34,6.56462561330318,High,2313.2273046005434,Moderate,41.56909976668309,1,0,0,0,78.9
Dry,25-34,5.528227321174167,Medium,1543.5356248161584,Moderate,74.12166782180694,0,0,0,0,91.6
Dry,35-44,7.442047541238442,High,1746.7114438707424,Moderate,48.10418973070302,0,1,0,0,82.2
Dry,18-24,6.147295747938371,Medium,2178.169613522393,High,45.962159177847084,0,0,0,0,91.2
Normal,25-34,5.711835512848715,Medium,1461.7582470468813,Low,8.602532827448023,0,0,0,0,85.2
Oily,55+,4.810714938916561,Medium,2056.8250936569284,Low,38.05588961937732,0,0,1,1,72.5
Sensitive,25-34,6.646692174229512,Medium,1727.1612182154477,Low,66.96566412991615,0,0,0,0,93.4
Combination,45-54,7.6446544328574655,Low,2252.643114966011,Extreme,60.66040389341317,0,0,1,0,89.9
Combination,55+,9.790714529788442,Medium,2686.9114913950643,Low,73.09580236920449,0,1,1,0,86.3
Combination,25-34,7.2042537217847675,Medium,1727.6864039652555,Moderate,39.053165039919364,1,0,0,0,81.8
Normal,35-44,6.32547381505402,High,2378.8504206501016,Moderate,50.061065813285296,0,0,0,0,89.4
Oily,18-24,4.960481368470865,High,2100.301592665558,Moderate,36.470896303970264,1,0,0,0,74.8
Normal,35-44,5.168069491501782,Medium,1808.0897243587895,High,66.03401945556892,0,0,0,0,90.6
Oily,35-44,5.056557490792041,Medium,2003.3158649225395,Low,98.65758377992549,1,0,1,0,76.0
Normal,18-24,9.817063053174072,High,2648.978420117522,Low,0.0,0,0,0,0,91.9
Oily,35-44,7.431715745389555,High,1914.0900819537328,Moderate,47.80819247115738,0,0,1,0,82.5
Dry,45-54,6.125550671107161,High,2654.5537604265123,Moderate,51.22542270346675,1,1,1,1,56.7
Combination,25-34,5.060210592270104,Medium,1940.0167504457263,Moderate,0.0,0,0,0,0,84.0
Combination,18-24,5.715838239409118,Low,1293.786432775028,Moderate,46.898320694469675,0,0,0,0,90.7
Sensitive,18-24,6.086050908240432,High,1926.629811148383,High,56.16718528742612,1,0,0,0,78.6
Normal,25-34,8.47438282438273,Low,1254.8471574277253,High,39.0283512305858,0,0,0,0,95.4
Normal,55+,6.955084829413376,Medium,1841.143952747489,High,22.41609563362478,0,1,1,1,66.8
Dry,45-54,4.828800374089076,Medium,1821.940799498433,High,57.81551186943668,0,1,0,0,81.1
Oily,25-34,9.965688912095558,Medium,2908.4278289539307,Low,20.838831034329402,1,0,0,0,87.8
Oily,25-34,4.789758290951154,Medium,2804.6838204586884,Low,28.9486501652152,1,0,0,0,78.1
Oily,25-34,5.613747035114199,High,2042.69889153753,High,45.013952895565524,1,0,0,0,76.8
Oily,18-24,8.965216581450823,Medium,2605.6782157353437,Moderate,75.53996588957895,1,0,0,1,83.7
Dry,25-34,7.1227244489136,Medium,1801.1287549871695,Moderate,60.258312261121645,0,1,0,0,85.9
Oily,25-34,5.795115500563686,Medium,1286.37802403787,High,65.34656562356768,1,1,0,0,72.7
Dry,25-34,4.652949610859248,High,2263.913276373787,Extreme,99.04000149992203,0,1,0,0,82.7
Dry,55+,5.54996483661246,Medium,2180.6913639007435,Moderate,61.01218960791141,0,1,1,0,75.6
Oily,35-44,5.640255821385301,Medium,1531.2352210009274,Low,33.82939326917291,0,0,1,0,79.7
Oily,35-44,7.010547696774324,Medium,1553.3486951764542,Low,45.931260107112266,0,0,0,0,91.7
Normal,18-24,7.286592725921955,High,2469.783381946155,Moderate,28.57255434016911,0,0,0,0,89.4
Oily,55+,6.777018057052986,Medium,1158.2349985133624,High,46.6068511699528,0,1,1,1,67.5
Combination,35-44,6.941179279113506,High,2279.090537860296,Low,49.71515863218585,0,0,0,0,90.4
Combination,45-54,5.423915207208519,Medium,1842.7621014264125,Low,36.43408768340879,1,0,1,0,70.2
Dry,25-34,6.939704159335833,Low,2279.7818033650483,Extreme,73.10063982995726,1,1,0,1,72.7
Oily,25-34,8.420777955255495,Low,2494.1528636453518,Moderate,74.88874193708214,0,0,0,0,100.0
Dry,25-34,6.255812477375647,Medium,1562.8380926621726,Low,54.485489449605474,0,1,0,0,83.1
Dry,18-24,6.72656994035579,Medium,1429.9137591001981,Low,24.951294611359554,0,1,0,0,80.8
Oily,35-44,7.124501578079272,Medium,2733.1432106483708,High,63.03904224240281,1,0,0,1,79.0
Dry,45-54,8.677307289639087,Medium,1971.4068029882567,High,44.704857076411585,0,1,1,1,72.8
Oily,18-24,5.657915500842039,Medium,2163.873918026608,Moderate,82.14460743729354,1,0,0,0,83.9
Dry,18-24,9.176271003598202,High,2455.3853517259213,Moderate,20.108112063816797,1,1,0,0,74.3
Combination,35-44,7.631833359152856,High,1519.3559868593118,Extreme,76.44019371796543,0,0,0,0,92.9
Normal,25-34,6.543021043548301,Medium,2450.9809368461733,Low,65.91229018148843,0,0,0,0,94.6
Combination,35-44,8.819858254996479,High,2320.0766030225213,Moderate,82.41116646006557,0,0,1,0,89.5
Normal,35-44,5.226906889185316,Medium,2735.0114325745562,Low,64.9073762830354,0,0,0,0,92.4
Normal,25-34,7.283068304367062,Low,2726.291489657053,Moderate,41.74742784619349,1,0,0,0,86.2
Sensitive,45-54,7.645464346759926,Low,2031.718266741034,Moderate,100.0,0,0,0,1,94.4
Sensitive,25-34,5.096817403409311,Medium,2376.528088311597,Extreme,43.073498497136995,0,0,0,0,89.3
Normal,45-54,7.690957184430731,Medium,2022.2756023188665,Moderate,77.95269624988377,0,0,1,0,89.2
Oily,35-44,7.42495776907073,High,2072.6220777994445,High,60.46080218998546,0,0,1,0,84.0
Normal,45-54,6.731892820465099,High,1435.5704113688962,High,68.57234583828964,0,0,0,1,83.2
Oily,18-24,8.294226332845499,Low,1887.7524168636514,Low,58.43851372404376,0,0,0,0,98.2
Combination,18-24,6.142368621463503,Medium,1102.6173993912385,Extreme,22.937758103901896,0,1,1,0,70.8
Sensitive,18-24,7.405481868765054,Medium,1931.2597685495837,Moderate,31.4431790750034,0,0,0,0,91.8
Dry,25-34,6.302489326317022,High,2660.0213806757824,Moderate,18.070123277448236,0,1,0,0,78.7
Oily,45-54,6.0779547654884984,Low,2388.9646258681887,Low,48.849371574911935,0,0,1,1,78.8
Dry,25-34,7.254327027678157,Medium,2056.124068920001,Moderate,56.2054668778381,0,0,0,0,94.2
Oily,45-54,6.688396378976273,High,1898.9775715305534,Low,42.81603362303163,0,1,1,0,72.5
Sensitive,25-34,4.290490311935679,High,1729.8400224957043,Low,29.09035598671852,1,0,0,0,71.9
Combination,25-34,3.798400842923023,Medium,1540.7449422617917,Low,72.96380590456141,0,0,0,0,88.0
Dry,45-54,8.183586202124802,Low,2409.3344590648217,Moderate,21.534027224716972,0,1,1,0,79.3
Oily,25-34,4.669099839159754,Medium,1232.4830413558666,High,61.99401843277747,1,0,0,0,78.0
Oily,35-44,7.419076740100909,High,1220.9954629438744,High,41.214998237434706,1,0,0,1,71.4
Normal,18-24,7.082427840442225,Medium,2452.178906470006,Low,80.43933054445682,0,0,0,0,97.1
Combination,45-54,6.44720233454365,High,2103.926550857096,High,46.859878117331796,1,0,1,1,63.8
Oily,25-34,9.43500268582301,Medium,2022.4126494016105,Moderate,5.98582251901216,1,0,0,0,83.5
Oily,35-44,7.269511027690669,Medium,2103.5302920148674,Low,59.01077426696781,0,0,0,0,94.6
Oily,18-24,8.133450224023099,Medium,3005.0428564000354,Low,28.990785475547113,1,0,0,0,85.2
Combination,25-34,6.927224323009714,Medium,2028.0194108377705,High,70.27110860646893,1,0,0,0,84.9
Normal,45-54,6.652690865323779,Medium,2146.645269399126,High,68.24343620565304,0,0,1,1,79.4
Combination,45-54,6.971366874646088,Medium,3029.029017630576,Low,44.2729199228188,0,1,0,0,86.4
Combination,18-24,9.187814148490725,High,1968.2044036767297,Low,24.93261739952441,0,0,0,0,91.8
Sensitive,25-34,8.132157938900644,Low,2863.1589716456456,Low,37.56076815146619,1,0,0,1,80.7
Oily,25-34,9.4279796475329,Medium,946.4939491458715,High,35.35229769154631,1,1,0,1,69.3
Oily,18-24,7.332463139459326,Medium,1419.0599183251352,Extreme,84.09326159777636,1,0,0,0,85.9
