skin_type,age_group,avg_sleep,avg_water,sunscreen_rate,avg_uv,avg_stress,health_score,concern_acne,concern_dry_skin,concern_wrinkles,concern_dark_spots
Oily,under 18,7.745071229516849,1930.8678494144076,94,Moderate,Low,90.0,0,0,0,0
Oily,55+,7.971532807151039,2761.514928204013,94,High,Low,84.68217320518217,1,0,0,0
Dry,45-54,6.648769937914996,1882.9315215254096,77,Low,High,65.7115999358292,0,1,1,0
Oily,18-24,9.368819223261088,2383.717364576454,89,Moderate,Medium,90.0,0,0,0,0
Dry,25-34,6.295788421097572,2271.2800217929826,13,Low,Medium,90.0,0,0,0,0
Combination,45-54,6.304873460781307,1767.1351232148716,33,Low,High,77.56973540029104,1,0,1,0
Combination,55+,7.362943407349051,1043.359877671101,79,Moderate,High,73.40397488816961,0,0,1,0
Oily,18-24,4.412623251230451,1718.8562353795137,12,Moderate,Medium,76.6588957335925,1,0,0,0
Combination,18-24,5.480753319498364,2157.123666297637,85,Moderate,High,72.66395290654357,1,0,0,1
Dry,18-24,5.637963886718183,1293.8481493323543,59,Moderate,Medium,57.873860333829114,1,1,0,1
Dry,under 18,9.19847315338233,1887.1118497567322,40,Moderate,Medium,79.32819948521498,0,1,0,0
Combination,18-24,7.101292307031886,1287.6259068932716,83,Moderate,Medium,78.57148129799576,1,0,0,0
Dry,18-24,6.183425913212226,2055.461294854933,95,High,High,76.02177116397523,0,1,0,0
Sensitive,25-34,5.273509633866546,2187.849009172836,28,Low,High,71.67797182792131,1,0,0,1
Dry,55+,6.099041965121793,1854.1531251033616,54,High,Low,70.26990391666152,0,1,1,0
Normal,under 18,6.097440081655905,2926.139092254469,87,High,Low,79.63029669591205,1,0,0,0
Combination,55+,6.979754162893099,1471.1445355220499,43,Low,Medium,62.32496883103502,0,1,1,0
Combination,45-54,8.233817368154783,1389.5781750144888,97,Low,High,62.160261130059745,1,0,1,0
Dry,25-34,7.313295392507133,1020.1649380601123,97,Low,High,64.78621334921496,1,1,0,0
Sensitive,under 18,5.007720926652354,2098.4306179345617,14,Moderate,Medium,90.0,0,0,0,0
Normal,under 18,8.107699869993116,2085.6841405949854,10,High,Medium,58.59950399189508,1,0,1,1
Dry,25-34,6.826527576417639,1849.4481522053557,67,High,Medium,75.71086506997823,0,1,0,0
Dry,55+,4.782217014448859,1640.0778958026458,39,Moderate,High,58.18710010697759,1,1,1,1
Dry,under 18,6.309041843560319,2528.561113109458,9,High,High,90.0,0,0,0,0
Normal,18-24,7.515427434352692,1118.479922318633,35,High,Medium,67.51125647866697,0,0,1,1
Sensitive,18-24,7.486125954092192,1807.4588597918419,12,Low,High,80.76421376980079,1,0,0,0
Sensitive,55+,5.984616999541062,2305.8381444204338,6,High,High,67.68300053795454,1,0,1,1
Dry,45-54,8.546499283743927,2465.6400595580994,57,Low,Medium,71.8827106889413,0,0,1,0
Oily,35-44,5.741173715166042,1845.3938120743928,70,Low,Low,79.59412061899695,1,0,0,0
Oily,18-24,7.496895147105346,2487.7725635611796,21,Moderate,Medium,76.35349605969785,1,0,0,0
Oily,18-24,6.281238643232065,1907.1705116680914,48,Low,Medium,90.0,0,0,0,0
Sensitive,25-34,5.340497538990958,1401.8966879596646,54,High,High,72.89434851320317,1,1,0,0
Oily,45-54,8.218788733591296,2678.1200142854113,94,High,Low,71.88559152713248,1,0,1,0
Normal,18-24,6.891984817629499,2501.766448946012,7,High,Low,77.29590891637068,1,0,0,1
Normal,18-24,7.542454037571451,1677.4401226974378,74,High,Low,80.80775084664127,1,0,0,0
Normal,45-54,7.5420934082626205,2769.0182832329847,66,Moderate,Medium,74.25712298815878,0,0,1,0
Dry,25-34,6.946260941335073,2782.3218279070034,50,Low,High,66.07041139984725,1,1,0,0
Oily,35-44,3.0703823438653837,2410.9512521876118,79,High,Low,90.0,0,0,0,0
Combination,18-24,7.130570602357257,1850.4963247670662,44,Low,Low,83.42253167642768,1,0,0,0
Normal,55+,7.137641164803253,1006.2155426995536,38,High,High,57.68147796107775,1,1,0,1
Oily,55+,6.670492168243732,2178.5562857558734,70,Low,Medium,79.85679568310113,0,0,1,0
Combination,45-54,9.216841067112274,1740.8648908631762,62,Moderate,Low,90.0,0,0,0,0
Sensitive,25-34,5.787259595660219,1749.1214782077318,5,Low,Medium,81.8144331134931,0,0,0,1
Combination,18-24,8.373103176553112,2164.3755548298423,94,Moderate,High,79.39093135225254,1,0,0,0
Oily,under 18,6.205359694349442,2256.633716556678,88,Low,High,90.0,0,0,0,0
Combination,45-54,7.14561632402206,2484.3224952664445,70,Low,Medium,90.0,0,0,0,0
Combination,25-34,5.946920359183972,1836.1689267011159,5,Moderate,Low,81.66533294682229,0,0,0,1
Combination,45-54,6.411837770301764,1268.2425259339407,52,High,High,59.19236723869441,0,1,1,0
Sensitive,under 18,7.444180415596864,2130.5276360899447,22,High,Medium,64.85700525206633,1,0,1,0
Dry,55+,7.0076701849636915,1882.7064333124265,13,Moderate,Low,70.87111430435922,0,1,1,0
Combination,18-24,4.876943886924378,1789.6773386173204,28,Low,High,90.0,0,0,0,0
Oily,25-34,6.485928225209846,1598.8613653891905,44,High,High,56.099946023146664,1,0,1,0
Oily,25-34,6.758071432500986,2202.0254284072694,22,High,Medium,72.63272390544995,0,0,1,1
Normal,under 18,9.829278851815795,2087.2889064159194,49,High,Low,84.97463082672056,0,0,1,0
Normal,55+,7.386325586084147,1962.7770421169164,92,High,High,81.35778528218736,1,0,0,0
Combination,45-54,4.121843177051438,1986.7430622753916,40,High,Low,80.49516597683103,0,0,1,0
Sensitive,25-34,7.09034531491154,3231.621056242643,51,High,Medium,90.0,0,0,0,0
Normal,18-24,6.711458552828316,2150.7736711668063,24,Moderate,High,78.22682054727267,1,0,0,0
Dry,45-54,6.947932345442135,1415.660981190234,72,Moderate,Medium,73.5476183531796,0,1,1,0
Normal,45-54,8.71423422177253,2375.966516343387,83,Moderate,Medium,74.8655915021485,0,0,1,0
Normal,35-44,8.186547920564571,1545.3062726026305,94,Low,High,90.0,0,0,0,0
Normal,55+,9.10419146640415,1299.0744686038597,81,High,Medium,81.47697102209975,0,0,1,0
Combination,18-24,7.880285640700405,3095.227812904989,25,Low,Low,90.0,0,0,0,0
Sensitive,45-54,5.514195512303967,1716.851135198614,98,Low,Medium,75.5535192889343,0,0,1,0
Sensitive,35-44,7.1494770476314615,1748.2621729419004,51,Low,Low,90.0,0,0,0,0
Oily,under 18,4.674004853400801,2034.2814874030137,99,Moderate,Low,82.41021124778129,0,0,0,1
Oily,45-54,5.406544429410843,2236.796215317591,31,Low,Medium,70.44653192483943,0,0,1,1
Sensitive,45-54,5.620863648649295,2774.96720250877,92,High,Medium,68.06364353003966,0,0,1,1
Sensitive,35-44,5.825120061495644,1838.9692418971622,33,Low,High,82.57701491464867,0,0,0,1
Dry,25-34,8.220275826054504,1384.5678417830222,56,Low,High,90.0,0,0,0,0
Combination,45-54,7.341189901906194,2653.571377141214,10,Low,Low,74.59075281551422,0,0,1,0
Dry,under 18,4.588775148158159,2092.3169292661523,53,Moderate,Medium,71.31806526726756,1,0,0,1
Normal,55+,7.389824191372635,2390.9114358886554,2,High,Medium,70.85887513848854,0,0,1,0
Sensitive,35-44,5.144573933682877,1339.7716934578618,68,High,High,78.96747411058759,1,0,0,0
Sensitive,35-44,7.782912348425347,2148.492336616593,3,Moderate,Medium,90.0,0,0,0,0
Sensitive,55+,7.375739275518815,2173.2241047484877,21,Moderate,Low,76.98814555701243,0,0,1,0
Sensitive,45-54,5.979962917632264,2116.1268485805017,72,High,Low,80.66574322202435,0,0,0,1
Dry,under 18,7.439608709948022,1642.824290986816,33,Moderate,Medium,77.38770292105973,0,1,0,0
Sensitive,25-34,9.798661766717135,2236.9164604558937,96,Moderate,Medium,90.0,0,0,0,0
Oily,35-44,5.2130447541960265,2328.276804316915,2,High,High,81.63666751420378,0,0,1,0
Oily,under 18,5.5379774946590175,2393.542301871226,31,Low,Low,77.04260335056442,1,0,0,1
Dry,35-44,8.737893368511106,1589.6588408241448,89,Moderate,Medium,90.0,0,0,0,0
Normal,55+,8.445064193866482,2206.390463468249,91,Low,Low,83.3785187551359,0,0,1,0
Oily,25-34,8.233090239991736,2948.396491326974,73,High,Medium,77.84985294950532,1,0,0,0
Oily,45-54,6.631917825995695,1623.1319178212552,88,High,Low,72.24560141366806,0,0,1,0
Normal,under 18,5.665728355561715,1592.0948575172808,72,Low,Medium,78.38478659312644,1,0,0,0
Combination,under 18,6.884347435878844,2170.575987408322,53,Moderate,Low,81.37811961504929,1,0,0,0
Sensitive,55+,7.415036198995028,2413.591624518012,19,Moderate,Low,70.51789403142884,0,0,1,0
Combination,45-54,7.0195028378168605,2726.7670385786587,68,Moderate,Medium,74.03460678542316,0,0,1,0
Combination,25-34,6.603014750143066,3360.0845832948094,31,Low,Medium,90.0,0,0,0,0
Sensitive,18-24,7.938501021647509,1571.4212217918587,96,Moderate,High,81.21010695871736,1,0,0,0
Oily,35-44,5.393661252908331,2241.2362076215927,41,Low,Medium,83.29830578417858,0,0,0,1
Normal,55+,6.664805822011224,2357.000247046046,35,High,Low,82.13415364709351,0,0,1,0
Sensitive,35-44,7.709856436860317,1963.5855436715635,71,Low,High,77.88157593527278,1,0,0,0
Sensitive,under 18,5.729809422897393,1242.5763876570677,11,Moderate,Low,67.15795688389105,1,1,0,1
Normal,25-34,6.330227571899468,2428.199397161736,45,High,Medium,81.22894485698588,0,0,1,0
Oily,55+,7.321140616195306,1377.130610644006,24,Moderate,Low,59.42832026142986,1,1,1,0
Normal,45-54,7.259771388776773,2192.658689864418,76,Moderate,Low,80.55630305102284,0,0,1,0
Combination,18-24,5.674213845698301,2076.8625529727638,38,Low,High,74.49009189817428,1,0,0,1
Dry,55+,7.087313077669,1428.5148510846884,96,Moderate,Low,67.65232583169652,0,1,1,0
Dry,under 18,7.536681040522425,2280.3922631841174,32,Moderate,Low,80.9929255774806,1,0,0,0
Oily,18-24,8.624576864762915,2526.9010260174514,19,High,Medium,68.64827025368544,0,0,1,1
Normal,18-24,4.933495948064364,1531.0874800424385,99,High,Medium,70.62263365747272,1,0,0,1
Combination,45-54,7.77255290081299,2256.8929754561045,79,Low,High,69.62493879615306,1,0,1,0
Combination,55+,7.772571529459071,3926.365745327361,10,Low,Low,90.0,0,0,0,0
Oily,18-24,7.85633576603975,2567.7828200902995,0,Moderate,Medium,80.30087520992313,1,0,0,0
Oily,18-24,8.431002645239804,2325.6956256528993,36,High,Medium,53.47573103287023,1,0,1,1
Dry,35-44,6.527096133039482,2379.4846102466336,14,High,Low,69.84473799503672,0,1,1,0
Combination,45-54,5.840762178193643,1881.5906966299956,95,High,Medium,77.96953044585757,0,0,1,0
Sensitive,25-34,6.2719546782563445,2040.9370696931612,64,High,Medium,90.0,0,0,0,0
Sensitive,under 18,10.0,1066.367403704126,76,Low,Medium,78.96286359054089,1,0,0,0
Dry,55+,8.029390285561771,1193.642064405174,73,High,Low,72.67370905979837,0,1,1,0
Dry,35-44,6.29210220131585,2544.475298483683,66,High,Medium,83.18510852776873,0,1,0,0
Normal,35-44,7.096420028643194,1461.127611035347,81,Moderate,Low,80.91651906569984,0,1,0,0
Combination,55+,5.927044436110048,2339.798874467338,13,Low,Medium,70.56570341146664,0,0,1,1
Normal,under 18,5.904450052424295,2108.2292947909873,58,Low,Medium,90.0,0,0,0,0
Sensitive,45-54,7.06835775985572,1674.1998261970914,0,High,High,62.90824627859573,1,0,1,1
Oily,18-24,10.0,2316.9595111590056,34,High,Low,65.75308946342709,1,0,1,1
Dry,55+,3.962286120013589,2093.227157384714,20,Moderate,High,67.81252819295969,0,1,1,1
Dry,35-44,6.007320302847418,2426.216667398112,91,Moderate,High,71.12289875161238,1,1,0,0
Sensitive,45-54,5.811218892350949,1942.6317792665504,18,Moderate,Low,68.05625195396365,0,0,1,1
Combination,35-44,7.757480918470685,2432.8775970850606,43,High,Medium,80.7574152507576,0,0,1,0
Combination,45-54,5.199555389416336,1832.7493820795257,74,High,Medium,71.63958932579834,0,0,1,1
Normal,35-44,6.287582033258566,1673.335383713144,58,Moderate,Low,90.0,0,0,0,0
Dry,45-54,9.648181360421646,2202.490855480478,49,Low,Medium,74.42158178462496,0,0,1,0
Sensitive,35-44,5.108674068497432,2458.9309735273882,84,High,Low,84.81490194327212,0,0,0,1
Normal,45-54,10.0,2516.2326302755737,42,Low,Medium,90.0,0,0,0,0
Sensitive,under 18,4.72094505106898,1757.8829635668744,92,Low,Medium,75.30043205958894,1,0,0,0
Combination,25-34,8.900366723779934,1646.1652671906097,79,High,Medium,90.0,0,0,0,0
Oily,25-34,7.665729142219343,2387.3170267146684,86,High,Medium,78.73200820992012,1,0,0,0
Sensitive,45-54,5.609604292632875,1970.2373219690999,4,High,Low,74.73400638391125,0,0,1,0
Dry,55+,3.0,1487.8061793328552,11,Moderate,Low,77.96109170670962,0,1,0,0
Combination,under 18,6.62114777291026,1376.1084090175752,5,Moderate,Low,83.54430204300601,0,1,0,0
Normal,35-44,9.448616955897453,1284.9293110196836,72,High,Low,90.0,0,0,0,0
Oily,45-54,6.339933269954525,2065.3702886430456,48,High,High,82.85323419807236,0,0,1,0
Sensitive,55+,9.161909933599173,1282.0689244102803,32,Moderate,Medium,66.6964396967702,0,1,1,0
Normal,18-24,8.74474562823244,2005.1165305097936,9,Moderate,Medium,82.00845750876228,1,0,0,0
Sensitive,55+,5.527737023428074,2231.0517371316355,32,Moderate,Medium,90.0,0,0,0,0
Sensitive,under 18,7.298589543360205,1699.8915614206026,30,Moderate,High,82.04127609784216,1,0,0,0
Combination,under 18,7.1047031274850285,1807.3432015691199,84,Moderate,Medium,90.0,0,0,0,0
Oily,45-54,7.170276017876872,2331.0653372605234,95,Moderate,Medium,74.41374800637425,1,0,1,0
Dry,45-54,9.379025224218028,1381.0922505865756,32,High,High,72.99433618837568,1,0,0,1
Sensitive,under 18,10.0,1023.9561002387491,74,Moderate,High,81.7328087428599,0,1,0,0
Sensitive,18-24,6.772322357446625,2294.1586032422883,25,Low,High,81.34142469384877,1,0,0,0
Normal,25-34,7.421487801602549,1688.6502400897032,21,Moderate,Medium,90.0,0,0,0,0
Combination,55+,6.687816624464087,1753.4995326705837,43,Low,Medium,82.88864477491175,0,0,1,0
Dry,55+,6.115952864583683,2424.8010485105124,92,High,Medium,60.09389403096032,0,1,1,0
Oily,25-34,7.535523228947571,1653.545202369673,68,Low,Medium,77.5098839646324,1,0,0,0
Combination,45-54,8.349399813149876,2153.649760438305,48,High,Medium,90.0,0,0,0,0
Dry,35-44,8.21929317825844,2314.8144209618063,3,High,High,46.44560165193704,1,1,1,1
Oily,under 18,5.7565074836168915,1719.9094799015152,38,Moderate,Low,84.32167975646831,0,0,0,1
Sensitive,25-34,8.120940407684893,2305.1851327167324,85,High,High,80.80873246585277,1,0,0,0
Dry,35-44,6.968647609053778,2058.663691654391,83,Low,Medium,75.60946934286345,0,1,0,0
Combination,under 18,8.916497343682638,1704.214305582085,88,Moderate,Low,75.49444830148573,1,0,0,0
Combination,under 18,7.820646071755057,1898.903673783053,87,Moderate,High,78.55173190245972,1,0,0,0
Oily,35-44,6.67347819515917,2549.388425993595,35,Low,Low,76.75808918068428,1,0,0,0
Oily,55+,8.238124523482044,2406.754818000319,27,High,High,76.13289199517594,1,0,1,0
Normal,18-24,8.958218210731493,2010.5019208163794,8,High,Low,52.27403334584501,1,0,1,1
Combination,18-24,8.022929456942446,1844.866621703272,16,High,Medium,76.92368807767718,1,0,1,0
Dry,45-54,7.486249528732663,1934.9284728161576,41,Low,Low,90.0,0,0,0,0
Sensitive,45-54,7.1454939474890775,2297.5785127184568,14,High,Low,67.78447436026774,0,0,1,1
Normal,18-24,5.7726689751497915,3046.19363784273,78,Low,High,69.0399783119132,1,0,0,1
Oily,under 18,5.4909739277504475,1392.9056936061338,61,Moderate,Medium,74.36240430089325,1,1,0,0
Normal,18-24,8.737166310250101,2395.831346981468,8,Low,Medium,79.14635311451879,1,0,0,0
Combination,35-44,7.936179725578233,2314.17275463214,76,High,Medium,90.0,0,0,0,0
Sensitive,45-54,6.981629840729628,1551.3728142570842,77,Moderate,Low,83.2837889135488,0,0,1,0
Normal,55+,7.113706837290589,1661.4191442439442,27,Moderate,Medium,78.7927964323463,0,0,1,0
Sensitive,35-44,8.462679600126627,1926.4713092489308,53,High,Low,90.0,0,0,0,0
Combination,35-44,5.761754204811233,1839.3070791735033,40,High,Medium,77.37474958778591,0,0,1,1
Oily,under 18,7.6193971814134365,1718.1377235980126,55,Low,High,76.88230714722607,1,0,0,0
Normal,under 18,5.766669406650353,2121.843605745956,75,High,High,83.77768714645441,1,0,0,0
Sensitive,55+,7.367449856663084,1746.5284123144352,6,Moderate,High,76.64304170287976,1,0,1,0
Sensitive,18-24,6.2934425415725155,2116.0249686788184,13,Moderate,High,77.3739436806315,1,0,0,0
Normal,18-24,4.8278734877540135,1296.2681128117224,54,High,High,69.42570441190337,1,0,0,1
Combination,under 18,5.922333668121346,1893.2764241440764,23,Moderate,High,75.78462478966827,1,0,0,0
Dry,18-24,7.466361348397007,2737.678108474776,72,High,Medium,75.2818968124198,0,1,0,0
Oily,55+,8.286489434803029,1920.0307350182864,67,Low,Medium,65.76710066616657,1,0,1,0
Normal,45-54,6.971475688145967,1498.7353176810957,10,Low,Low,74.8904693408033,0,0,1,0
Combination,35-44,6.972230296011415,1855.6706805399308,84,Moderate,Medium,90.0,0,0,0,0
Normal,35-44,7.484077840507134,1586.3845282238385,53,Moderate,Low,90.0,0,0,0,0
Normal,under 18,7.779019771361758,2766.369456501289,44,Moderate,Low,90.0,0,0,0,0
Normal,35-44,6.8368597773147135,2200.8558610494706,67,High,Medium,90.0,0,0,0,0
Oily,18-24,8.03521598756667,1799.389764057082,50,High,Low,90.0,0,0,0,0
Combination,18-24,7.336138722715625,2006.2962003908974,98,Low,Medium,90.0,0,0,0,0
Oily,under 18,7.146514147823248,1613.4951080722667,63,High,Medium,90.0,0,0,0,0
Sensitive,45-54,7.036765261388414,2248.999145622725,90,Low,High,67.36345066883811,1,0,1,0
Oily,35-44,9.176715411692562,2479.6354130426034,2,Moderate,Low,79.24240839263169,1,0,0,0
Normal,35-44,10.0,1616.3262185559752,90,High,Medium,90.0,0,0,0,0
Combination,under 18,8.308480955081016,2091.671002869176,51,Low,Medium,90.0,0,0,0,0
Normal,35-44,10.0,1595.8508573224242,88,Moderate,Low,90.0,0,0,0,0
Sensitive,under 18,5.740417236728836,1700.303677277989,31,Moderate,High,75.48450499284839,1,0,0,1
Dry,25-34,3.8141564135352897,1737.1224891596194,99,Low,Low,74.33011994371422,0,1,0,1
Combination,25-34,5.861301007669454,2075.1968932381037,93,High,Low,90.0,0,0,0,0
Dry,25-34,7.512633963665739,2938.085419607943,25,Low,High,84.24646726420923,0,1,0,0
Sensitive,35-44,8.425635757279075,1711.5481721687984,96,High,High,75.7584574161434,1,0,0,0
Normal,55+,5.652377992977463,2245.9595857532527,81,High,Medium,75.59173889650343,0,0,1,0
Oily,35-44,5.019650189469036,2915.7293829271766,56,High,Medium,79.08580243168979,1,0,0,0
Oily,25-34,8.769160181081931,1765.4121739476477,59,Moderate,Low,90.0,0,0,0,0
Combination,under 18,4.430298206363684,2676.9361870827065,82,Low,High,71.38401785056139,1,0,0,1
Oily,35-44,6.828190232121073,2618.908155986731,73,High,Low,80.2437097205693,1,0,0,0
Dry,under 18,4.608358511808449,1700.3124885231136,57,Low,Medium,68.81035730451318,1,1,0,1
Normal,45-54,7.007865549577275,2023.490296882371,78,Low,Medium,80.75659632078373,0,0,1,0
Sensitive,25-34,6.324901792781135,2311.4249661737495,86,High,Low,90.0,0,0,0,0
Combination,under 18,5.398569355926108,1928.8102574893533,42,Low,High,73.87570982916647,1,0,0,1
Normal,18-24,7.180443447567848,2257.2194170293747,42,Low,High,75.8325354494288,1,0,0,0
Combination,55+,8.067422317133335,1437.6789540810655,89,High,Medium,83.72921481993997,0,0,1,0
Normal,35-44,4.698828743896566,2638.8384109492545,82,Moderate,Low,80.85520513552768,0,0,0,1
Normal,under 18,7.498471017969387,1625.756731721723,82,High,Medium,84.81769462208467,1,0,0,0
Combination,18-24,9.326727963283783,2057.8373171464295,27,Moderate,Medium,90.0,0,0,0,0
Dry,18-24,8.76894577609574,2033.7592407050545,9,Moderate,Low,69.33697612040734,1,1,0,0
Combination,45-54,10.0,2877.6704212216023,16,High,Medium,90.0,0,0,0,0
Normal,18-24,6.62655377728139,2485.785475477178,92,Moderate,Low,78.23637077811468,1,0,0,0
Dry,35-44,7.968063924377722,2684.3157787661744,78,Moderate,High,82.65997055664576,1,0,0,0
Sensitive,18-24,5.552614809129843,2343.0257299992195,47,High,High,59.82377293669971,1,0,1,1
Dry,45-54,8.587636730274381,1120.6302567884427,17,Moderate,Low,69.7199845732515,0,1,1,0
Normal,under 18,5.225112231001337,980.3839111199497,36,Low,Low,73.79444712502516,0,1,0,1
Dry,35-44,6.595889748333163,2358.7711278979814,44,Low,Medium,90.0,0,0,0,0
Normal,25-34,9.253535578144042,2037.0473902098877,30,Moderate,Low,90.0,0,0,0,0
Combination,18-24,9.442923318356938,1309.9492708925543,3,Moderate,Low,72.12439727979947,1,1,0,0
Combination,35-44,4.4449263409672675,1972.2261505516906,89,Low,High,73.75149800380967,1,0,0,1
Dry,18-24,7.576098173408961,1983.6526259529535,70,High,High,83.88813139675761,1,0,0,0
Combination,under 18,3.898836849940185,1955.4399802436058,6,Low,Medium,78.7718943165903,1,0,0,0
Sensitive,45-54,5.04329574924272,2334.836274415019,68,Low,High,74.50657074191031,1,0,0,1
Dry,45-54,7.549897369145272,1530.0601068363223,53,Low,High,48.43493260568299,1,1,1,0
Normal,45-54,6.22919962399496,1470.3932390555242,2,Moderate,Medium,79.40046419348751,0,0,1,0
Oily,25-34,6.905981354090242,2477.571160250619,100,Low,Medium,90.0,0,0,0,0
Oily,45-54,5.5214109304966845,2252.023257758922,94,Moderate,Low,72.79736701665868,0,0,1,0
Sensitive,55+,6.204613572441339,1603.563583868828,61,High,Low,84.05349194451664,0,0,1,0
Sensitive,under 18,6.839454460068163,1482.378838790313,37,Low,Low,68.04133731445003,1,1,0,0
Sensitive,45-54,6.169526041979227,1401.061053705576,60,Moderate,Low,66.37634218798452,0,1,1,0
Combination,25-34,9.947087699374585,2017.6317759858644,15,Moderate,Medium,90.0,0,0,0,0
Sensitive,55+,5.950411738011121,2106.989955367111,56,Moderate,Medium,67.93539926880985,0,0,1,1
Normal,25-34,6.831507925463756,1889.5152002333884,10,High,Medium,80.88829360230056,0,0,0,1
Normal,25-34,7.9212500500651375,2378.7538550236527,41,Low,Low,90.0,0,0,0,0
Combination,55+,6.204248278584209,1712.09087967766,37,Moderate,Medium,78.60825890675432,0,0,1,0
Sensitive,25-34,6.587422454272534,849.0394176322077,57,Low,High,73.7288532961666,1,1,0,0
Oily,under 18,4.727213406702171,2683.4371337222624,85,High,Medium,67.22509326298027,1,0,0,1
Dry,45-54,9.467451570251924,1875.4819802218108,86,Moderate,Low,75.32255686450804,0,0,1,0
Combination,35-44,7.864835444583649,2155.625077271768,72,Low,High,90.0,0,0,0,0
Sensitive,25-34,10.0,2559.787455717288,47,Moderate,Low,90.0,0,0,0,0
Normal,18-24,6.80812361277885,1522.229779699787,67,Moderate,Medium,82.21310233700189,1,0,0,0
Oily,under 18,4.590330519613641,2101.7318179336116,94,Low,Medium,75.86457494186813,1,0,0,0
Combination,55+,5.865473882073545,1288.873145201163,57,Low,High,72.82778462123078,0,1,0,1
Sensitive,under 18,6.03014067363621,1459.2259981928025,87,Moderate,High,70.4372923933004,1,1,0,0
Dry,55+,9.530712452608848,2440.819878474725,90,High,High,65.87659874337332,0,1,1,0
Dry,35-44,6.988041038025074,2739.972069445013,3,Moderate,High,74.02822930994554,1,1,0,0
Oily,under 18,7.116052461471427,1569.3578993358683,39,Moderate,High,79.74304345169699,1,0,0,0
Sensitive,45-54,9.284686115904485,2269.455021842329,9,Low,Medium,78.25038256505506,0,0,1,0
Normal,25-34,5.444130768510315,1904.830660958196,16,High,High,67.9811254893265,1,0,0,1
Oily,45-54,5.686572619922864,1308.600134517832,19,Moderate,Low,69.96183025178225,0,1,1,0
Oily,25-34,8.389266321297463,2954.708320235065,25,High,High,75.78357582537703,0,0,1,0
Dry,45-54,4.902148639271289,2281.4846183452855,74,Low,Low,51.02954091729328,0,1,1,1
Oily,under 18,6.024036146317259,1756.437308117652,5,High,High,71.26651247040188,0,0,1,1
Normal,25-34,6.111409113641696,1568.004615160092,82,Moderate,Medium,90.0,0,0,0,0
Dry,55+,7.072782441917241,1584.524941794481,51,Moderate,Medium,90.0,0,0,0,0
Sensitive,35-44,7.405685238669758,1974.8809452754315,61,Moderate,Low,90.0,0,0,0,0
Combination,45-54,6.641577929700386,1546.218168979201,18,Moderate,High,64.13901719771873,1,0,1,0
Combination,45-54,6.134843004147501,2377.695612912878,71,Low,Medium,83.1621713637406,0,0,1,0
Sensitive,18-24,7.751375781436571,1511.2223776007245,18,Low,Low,90.0,0,0,0,0
Sensitive,45-54,7.148998458143839,2375.6935616858946,53,Low,Low,70.99372697125892,0,0,1,0
Combination,18-24,4.495892078317942,2271.6800961899676,97,Low,Medium,72.84499745738896,1,0,0,1
Oily,35-44,6.00606436158123,2285.2993342965797,64,Moderate,Low,90.0,0,0,0,0
Combination,under 18,5.855111265186225,1097.5589496677405,6,Moderate,Medium,68.7140197164602,1,1,0,0
Oily,35-44,4.558686343175256,2024.0424733306909,17,Moderate,High,80.96745927885641,1,0,0,0
Oily,45-54,7.389583752582222,1547.8416874477957,71,Low,Medium,67.798620781963,1,0,1,0
Combination,45-54,7.957888688166061,1169.23996886552,87,High,Low,90.0,0,0,0,0
Combination,25-34,6.900880302029025,1394.4919001187718,71,Moderate,Low,90.0,0,0,0,0
Normal,35-44,6.022245838296762,2023.699335658207,64,Low,Low,90.0,0,0,0,0
Oily,18-24,5.709379952074071,1807.7222278850872,91,Moderate,Medium,77.81168842537377,1,0,0,1
Normal,25-34,8.509439213821661,1711.5540652384257,20,Moderate,High,82.00765657471682,1,0,0,0
Combination,45-54,8.253538168097712,1435.1465726711908,65,High,Medium,71.47672720463932,0,1,1,0
Oily,35-44,7.794706266872924,2720.78431032895,74,Moderate,High,78.70739519397563,1,0,0,0
Normal,35-44,3.292533249809066,1601.5523722647617,33,High,High,62.12963892333159,1,0,1,1
Sensitive,18-24,7.86560819077081,1898.4773069785037,87,Low,Low,77.99479088858548,1,0,0,0
Dry,under 18,7.556718810056963,1698.0074066420898,56,Moderate,Medium,80.89622590677295,0,1,0,0
Normal,35-44,7.12988468120935,1922.1613823039602,94,High,Low,90.0,0,0,0,0
Dry,45-54,8.75167309248971,2127.2104216506063,26,High,Medium,53.20037246075165,0,1,1,1
Normal,25-34,7.506403993112803,1794.0615169387663,86,High,High,78.0668668997018,1,0,0,0
Normal,35-44,6.26859066389126,1783.7209060901896,24,Low,Medium,90.0,0,0,0,0
Normal,25-34,7.591678213567445,1789.5077595898686,28,Moderate,Medium,90.0,0,0,0,0
Dry,55+,7.434662285344619,3037.7003993227195,90,Moderate,Medium,63.570158418723445,0,1,1,0
Combination,under 18,8.306687055147538,1836.9882339160795,73,High,High,75.19839462678638,1,0,0,0
Combination,18-24,8.801820883245917,1795.9623134892242,37,Low,Medium,84.2097056399015,1,0,0,0
Sensitive,55+,3.942813197233219,1495.9568445412979,32,High,Medium,74.57490183650162,0,0,1,1
Oily,45-54,4.193812118461216,1824.2432579793456,94,High,Low,71.7719221198107,0,0,1,1
Sensitive,25-34,7.027627568784328,2838.218656137641,91,Moderate,Low,90.0,0,0,0,0
Dry,under 18,7.490391060646244,1890.449735595568,70,Low,Medium,64.68813850895646,1,1,0,0
Combination,25-34,8.244108371775233,894.4323454960575,36,High,Low,61.39476174272764,0,1,1,1
Dry,35-44,7.353421837162849,2385.4325969434835,22,Low,Medium,83.13688368077511,0,1,0,0
Combination,under 18,4.782120631330238,2571.8770216034645,1,Moderate,High,75.71545153982983,1,0,0,0
Sensitive,55+,7.5077446112416215,1792.3560430495993,69,High,Medium,82.98700080986399,0,0,1,0
Normal,35-44,7.949172799159427,3135.3464289021977,34,Low,Low,90.0,0,0,0,0
Combination,18-24,7.272799382587743,2124.110293150168,93,Moderate,High,90.0,0,0,0,0
Dry,under 18,6.310958650689634,1575.0778152676041,94,Moderate,Medium,77.4271724974244,1,0,0,0
Sensitive,35-44,8.245503724816368,1571.9580870455663,65,Moderate,Low,90.0,0,0,0,0
Sensitive,55+,7.107349355829089,1761.1712766174417,12,Low,Low,70.96261919497917,0,0,1,0
Oily,25-34,7.7184697386195875,2166.8310526434743,49,Low,Medium,75.45965177345087,1,0,0,0
Combination,45-54,8.556309916386848,1744.9918005726265,92,High,Low,79.60671864158266,0,0,1,0
Dry,under 18,6.595187597059943,1510.6181421088463,85,Low,Medium,66.99465017215348,1,1,0,0
Combination,55+,6.333560109885832,2188.650246522426,15,High,Medium,74.29635190179306,0,0,1,1
Sensitive,55+,8.135482924968027,1538.9173379111874,77,Moderate,Medium,71.30804667575345,0,0,1,0
Normal,55+,8.30440888015849,2677.8189294024755,27,Low,High,76.26864941512267,1,0,0,0
Sensitive,45-54,7.620152354835551,2938.397906279033,90,Moderate,Low,83.31686812694095,0,0,1,0
Normal,45-54,5.839316201344641,1377.6726483442915,25,High,High,79.79658458815213,0,1,0,0
Normal,35-44,4.331919626643582,2748.0221557445916,11,High,Medium,70.9145231187439,0,0,1,1
Oily,45-54,7.9815484845310865,1972.2076645447726,59,High,Medium,64.85344565799019,1,0,1,0
Normal,under 18,7.419952939479731,1437.2554763508117,5,Moderate,Medium,79.58836495920094,1,0,0,0
Oily,35-44,10.0,2064.6105909876137,4,Moderate,Medium,90.0,0,0,0,0
Dry,55+,7.164092191907339,2362.883311949346,93,High,Medium,57.32993779758881,0,1,1,0
Sensitive,35-44,7.7215138476050695,2111.9420121395656,10,High,High,69.92531126844392,1,0,1,1
Dry,55+,5.814288316832032,2235.734178567998,28,Low,Low,69.00804054205118,0,1,1,0
Dry,18-24,9.82303674471255,2672.7100230774886,58,Moderate,Low,77.74976054091081,0,1,0,0
Oily,under 18,9.389779939959094,1744.3921617844073,84,Moderate,High,76.16243378154626,1,0,0,0
Oily,18-24,5.5155927696121285,1937.1065399501758,26,Low,Low,71.17452724858202,1,0,0,1
Dry,55+,7.083587368433042,2547.0957592354744,5,Moderate,Medium,72.04404635994916,0,0,1,0
Oily,18-24,4.461303055427771,2764.7751597303068,64,Moderate,Low,77.68482516883982,1,0,0,0
Normal,55+,6.762988152131516,1786.55946502629,41,Low,Medium,70.21456658912311,0,0,1,0
Normal,18-24,5.481843437109749,1172.5716640671153,52,Moderate,Medium,68.07289540211951,0,1,0,1
Sensitive,45-54,8.234755875942872,2036.658983594202,63,Low,Medium,74.92986212881416,0,0,1,0
Normal,25-34,5.065058650388419,1352.4606139681919,89,Moderate,Medium,90.0,0,0,0,0
Normal,35-44,6.4963229510648075,2834.5107626446966,30,Low,Medium,90.0,0,0,0,0
Dry,35-44,6.610612972954593,1248.428523440947,7,High,Medium,79.42713241800726,0,1,0,0
Dry,25-34,6.631385403871084,1863.6382151261648,82,Low,Medium,84.07536003473136,0,1,0,0
Dry,under 18,3.0,1972.8525667410938,34,Moderate,High,76.66660601379178,1,0,0,1
Normal,18-24,6.653598204686983,2348.103182406709,61,Low,Medium,75.91005839293199,1,0,0,0
Dry,18-24,9.773434142418019,2563.2825147738786,94,Low,High,80.21079123657634,1,0,0,0
Normal,55+,6.596666964167754,1446.7370456291649,26,Moderate,Low,64.24010926811836,0,1,1,0
Combination,25-34,10.0,2029.609217007244,33,Moderate,High,80.3399593309605,1,0,0,0
Sensitive,25-34,7.0208939378694195,1987.9374564449984,26,Moderate,Medium,90.0,0,0,0,0
Sensitive,under 18,7.297127141151782,1927.8197940380287,72,Low,High,90.0,0,0,0,0
Combination,45-54,6.139506989679646,1726.570529379804,74,High,High,72.77828927704125,1,0,1,0
Dry,35-44,6.950870094676002,1728.2876144331176,70,High,High,65.13081427937102,1,1,0,0
Sensitive,35-44,5.930731325984254,2053.2151138459485,21,High,Medium,82.55841839372934,0,0,0,1
Normal,55+,6.617534173868717,2751.9964942913443,7,High,Low,78.64247185737256,0,0,1,1
Oily,35-44,3.023545287410482,2545.7534259612307,17,High,Low,90.0,0,0,0,0
Sensitive,25-34,8.869127788746443,963.3048837959252,7,High,High,63.89700770848645,1,1,0,1
Normal,55+,6.485968608879476,1814.2795670021042,35,High,Medium,81.62983523940395,0,0,0,1
Dry,under 18,4.888732457923268,1611.0916562045622,12,High,Low,65.55177305560119,0,1,1,0
Sensitive,35-44,5.334136231801256,2876.1352217118115,72,Low,High,80.76066448984233,0,0,0,1
Oily,under 18,8.403517589721192,2635.7775474970795,51,Moderate,Medium,84.43885060871034,1,0,0,0
Oily,55+,8.082508096064853,1435.4741143913852,21,Low,Medium,45.355767165528576,1,1,1,0
Oily,18-24,6.21321960058034,2244.687280613959,27,High,High,75.03782203825753,1,0,0,1
Normal,55+,5.166808286662082,2356.499215086194,4,Low,Medium,90.0,0,0,0,0
Dry,55+,6.639511902762798,1812.5895962252011,50,Low,Medium,72.48024159862372,0,0,1,0
Sensitive,55+,8.066439952305238,2222.13165574302,69,Moderate,Medium,82.90074108647204,0,0,1,0
Oily,45-54,6.45855075127138,2579.664901682124,95,Moderate,Low,83.85972630151443,0,0,1,0
Normal,45-54,5.378405008600154,2307.967803472132,76,Moderate,Medium,90.0,0,0,0,0
Sensitive,35-44,7.889651886952576,1845.226780343005,29,Moderate,High,80.68152053760456,1,0,0,0
Normal,55+,7.489199533363177,1374.4432118073487,48,Low,High,90.0,0,0,0,0
Combination,18-24,8.386040528810351,1907.5489317785054,48,High,High,79.5894965782891,0,0,1,0
Oily,under 18,6.215915469221441,2524.5046129184448,39,Moderate,Medium,83.97768585886755,1,0,0,0
Oily,18-24,5.943484464185861,1295.76935181822,55,Moderate,High,80.91955824916863,1,0,0,0
Oily,45-54,4.665056239714144,2303.00497567282,76,Moderate,Medium,65.51478068682157,0,0,1,1
Dry,45-54,5.079355971255575,2877.3970909921823,66,Low,High,66.57484828943535,1,1,0,1
Sensitive,under 18,3.877105888174417,2848.228184145019,46,Moderate,Low,72.75266746824289,1,0,0,1
Dry,25-34,7.316526200803928,1951.6434440648038,0,Moderate,Medium,81.20110043852952,0,1,0,0
Combination,35-44,6.182621369786576,2199.5680571760354,42,Moderate,High,83.63875528421735,1,0,0,0
Combination,45-54,6.943547946362727,2551.650941008261,88,Low,Medium,70.53138065357808,0,0,1,0
Combination,25-34,7.17134147299306,2075.1508807309388,94,High,High,79.24120718375039,1,0,0,0
Dry,25-34,6.454581681679216,1971.5271881394663,48,Moderate,Medium,75.67932847411555,0,1,0,0
Dry,45-54,7.461702653338088,1144.9158036716872,69,Low,High,53.33580694359776,1,1,1,0
Oily,35-44,4.9777218668414305,2371.6320470113574,86,Moderate,Low,74.00360636679488,1,0,0,1
Sensitive,under 18,7.256298157191913,1908.0083318236605,57,High,Medium,79.65632598797883,1,0,0,0
Sensitive,45-54,7.02765089959809,2173.7908526808355,4,Moderate,High,73.3562111289893,1,0,1,0
Dry,55+,6.190360479535958,1610.8476372988437,85,Moderate,Low,69.39495462675872,0,1,1,0
Sensitive,25-34,7.293767882646522,1510.813611192484,55,Low,Low,90.0,0,0,0,0
Oily,25-34,7.612379133571707,1148.7081978810797,28,High,High,45.64956913467573,1,1,1,1
Combination,under 18,8.543733455988466,2236.2987412065213,61,Low,Medium,75.3827213432003,1,0,0,0
Oily,55+,7.384044601470814,2491.345491972757,18,Moderate,Medium,66.93279557517835,1,0,1,0
Oily,35-44,9.498211666693866,2507.1850325090654,92,High,Medium,81.9973591681806,1,0,0,0
Oily,under 18,4.238688653002532,1360.2115166321491,43,High,Low,75.91732960597304,1,1,0,0
Normal,35-44,6.062772133456482,2013.0455251054168,59,Low,Medium,90.0,0,0,0,0
Dry,18-24,7.776488530703684,1637.1280934232673,81,High,Medium,68.13036619079783,1,1,0,0
Sensitive,35-44,7.280150146715617,1622.3085338233386,0,High,Low,68.4022988122468,0,0,1,1
Oily,45-54,6.082723295512078,1296.6694515758888,23,Moderate,Medium,77.65774031791295,0,0,1,0
Combination,45-54,5.615150130833643,1324.1576971918332,49,High,Medium,58.73037163085618,0,1,1,1
Combination,45-54,5.536190120534001,2526.82089830392,75,Low,High,90.0,0,0,0,0
Dry,25-34,5.5759016667520855,3316.1910324186956,88,Low,High,62.11845765483845,1,1,0,1
Dry,45-54,7.739976851321334,2092.418061847437,21,Moderate,Medium,78.23498543880024,0,0,1,0
Oily,25-34,5.7124633297281795,2350.1549397044955,1,Moderate,Low,90.0,0,0,0,0
Normal,45-54,6.136543260643339,2061.0049073226805,83,Moderate,Medium,78.76554347088832,0,0,1,0
Sensitive,35-44,10.0,1951.9700501376751,21,Low,High,90.0,0,0,0,0
Dry,25-34,8.723909989428513,1648.4117874370563,4,Moderate,Low,83.31791022563426,0,1,0,0
Sensitive,45-54,6.947517264254557,2885.400317817755,95,Moderate,High,66.1262667291514,1,0,1,0
Combination,45-54,6.059549413318349,2906.2242789984643,96,Low,High,66.77475018539417,1,0,1,0
Dry,25-34,8.061627903183213,1718.766612052866,4,Moderate,Medium,76.83271414883562,0,1,0,0
Sensitive,under 18,7.948611608583281,2486.277224813365,99,Low,Low,79.12076103023189,1,0,0,0
Combination,55+,7.932714943325795,1214.8876400547717,78,High,Medium,90.0,0,0,0,0
Dry,18-24,5.9092942362626975,1876.2406822242476,7,High,Medium,59.87991594509953,1,0,1,1
Normal,55+,6.88834985634993,2310.336048775339,12,Low,Medium,70.11270661532988,0,0,1,0
Dry,55+,7.2665515013998805,1332.3278206449495,16,Low,Low,61.57166366751448,0,1,1,0
Sensitive,18-24,7.570296776508945,2305.2928726419113,73,High,Medium,81.24827672153774,1,0,0,0
Oily,55+,7.83968567189656,2540.3903627773107,98,Low,Medium,71.68167551035083,1,0,1,0
Sensitive,25-34,8.250883231823355,2229.5900396142183,74,Low,High,90.0,0,0,0,0
Sensitive,55+,6.894751432812029,1169.5195332420044,85,High,Medium,57.521292032384196,0,1,1,0
Dry,35-44,7.644427328698879,2103.8438435815556,34,Moderate,Medium,79.22066359739048,0,1,0,0
Normal,35-44,7.4073682557930605,1361.6257120898454,100,Moderate,High,71.17354895478812,1,1,0,0
Oily,under 18,5.378415189387606,2526.576426666452,20,Moderate,Medium,83.988408968013,0,0,0,1
Dry,55+,6.940667269215018,2340.7503486863125,38,Low,Medium,83.7636920394178,0,0,1,0
Dry,under 18,7.042477564195692,2014.8780697478726,50,High,Medium,71.53568655715571,1,1,0,0
Oily,under 18,8.407425708963997,1741.9776358913132,27,Moderate,Low,90.0,0,0,0,0
Dry,45-54,7.144181165411475,1768.8623556474788,87,Moderate,Low,83.19109320772944,0,0,1,0
Sensitive,55+,6.348255658851526,1845.4139382656804,16,Moderate,Low,83.66003378509394,0,0,1,0
Oily,under 18,7.333200657450569,1760.6256891682613,40,Moderate,Medium,90.0,0,0,0,0
Dry,55+,8.883634188360281,1552.696348890248,86,Low,Low,73.31376126877214,0,1,1,0
Dry,55+,6.719692533757962,1780.1344708629126,95,Low,Medium,62.12726712147443,0,1,1,0
Dry,under 18,9.1704668265306,2098.277388255787,75,High,Medium,73.22824883524542,1,1,0,0
Oily,18-24,8.547766809202953,1257.219813481514,70,High,High,76.8825478384747,1,1,0,0
Combination,18-24,7.4005753988038885,2444.8153978117184,66,High,High,90.0,0,0,0,0
Sensitive,25-34,7.123425983913136,2532.7401875326755,82,Low,Low,90.0,0,0,0,0
Sensitive,35-44,6.224067324849441,2704.67372009279,14,Low,Medium,90.0,0,0,0,0
Normal,under 18,10.0,1818.5807197801705,67,Low,Medium,83.68017119267299,1,0,0,0
Normal,35-44,6.331746217898842,2726.6922385588505,46,High,High,70.18950602743398,0,0,1,0
Oily,under 18,9.36935821859607,1738.569986423366,75,Low,Low,90.0,0,0,0,0
Oily,under 18,6.369719774356215,1859.1076955697463,50,High,Medium,79.98951034492924,1,0,0,0
Sensitive,35-44,4.9833242334485846,1540.674026757901,89,Moderate,Low,82.31172320931975,0,0,0,1
Dry,25-34,5.493788849871898,1616.1012174479358,10,Moderate,Low,75.28607419597444,0,1,0,1
Sensitive,45-54,6.947972668919828,2117.10736626826,81,High,High,62.59688541528746,1,0,1,0
Dry,under 18,9.325750739221116,1500.8229796306046,31,Low,Medium,84.4497138031356,0,1,0,0
Dry,under 18,8.476483597714875,1893.0055778872456,1,High,Low,57.320137291959966,1,1,1,0
Dry,55+,6.925804435521351,2337.409746083302,99,Moderate,High,68.20598816978345,1,0,1,0
Oily,25-34,5.315916967656552,2191.204873092025,91,High,High,83.19938052239124,0,0,0,1
Sensitive,45-54,7.249678312319584,2246.2256320040747,21,Moderate,Low,83.45642627467195,0,0,1,0
Normal,55+,7.433752965861727,3227.650069955447,92,Low,Low,84.96147240951234,0,0,1,0
Oily,18-24,6.043390023623026,1734.5015224990912,5,Moderate,Medium,83.4991533175885,1,0,0,0
Oily,45-54,6.065289210362853,1722.2614404198725,91,High,High,65.97766103385644,1,0,1,0
Combination,under 18,6.0439193090402235,2594.508265553776,73,Moderate,Low,75.98058990741728,1,0,0,0
Dry,18-24,9.130756371984782,1714.6268531252617,66,Low,Medium,82.17693129379097,0,1,0,0
Combination,25-34,5.751466640343657,2235.707778193202,11,High,Medium,90.0,0,0,0,0
Normal,25-34,6.171665433578543,2316.4659088777553,94,High,Low,90.0,0,0,0,0
Sensitive,25-34,7.304384531276949,1242.127942501384,75,Moderate,Low,79.53440757390244,0,1,0,0
Dry,18-24,9.321257801995092,2897.9388365477607,0,Moderate,Low,76.60425993103826,0,1,0,0
Oily,25-34,6.080816964273421,1806.1492200320079,0,High,Medium,71.53701163698595,1,0,0,1
Sensitive,under 18,7.428798086087357,2167.2283949935127,18,High,Medium,63.03645337253471,0,0,1,1
Combination,35-44,7.987816409009246,3005.1022693831746,95,Low,High,90.0,0,0,0,0
Dry,55+,6.734579158758926,1600.851377730773,50,Low,High,63.557320137084815,1,1,1,0
Sensitive,55+,4.9310211579782095,1634.5349800290405,94,Moderate,Medium,75.81527236834171,0,0,1,1
Normal,under 18,6.950309540689305,2897.278931758894,19,Low,Low,81.85966712187883,1,0,0,0
Oily,45-54,6.223583051445743,2111.893975819449,45,Low,Medium,82.34992073085292,1,0,0,0
Dry,55+,6.975365655890872,2594.196636724042,38,High,High,56.84055406892659,1,1,1,0
Oily,55+,10.0,1734.5656135398397,38,Moderate,Low,78.21698245898406,0,0,1,0
Normal,18-24,6.265840836222667,2522.080438534536,12,Moderate,Low,83.60206960726877,1,0,0,0
Oily,under 18,8.022837234439468,2923.3536628680167,99,Low,Low,90.0,0,0,0,0
Sensitive,25-34,7.875892277988946,1820.3539546064703,87,High,High,90.0,0,0,0,0
Normal,25-34,7.885982246038464,2554.3517902914537,9,Low,Low,90.0,0,0,0,0
Dry,55+,8.230723271796046,2253.637015553649,56,Low,Low,71.06599344146936,0,1,1,0
Sensitive,under 18,8.600012034383731,2584.6477952228365,21,High,Medium,75.18597705862686,1,0,0,1
Dry,18-24,9.07323848655629,2324.3549437948213,35,Moderate,Medium,77.19565777023249,1,1,0,0
Combination,35-44,6.749322879524718,2073.356843216661,52,High,Medium,90.0,0,0,0,0
Oily,under 18,8.809763449762535,1591.5321645063818,35,Moderate,Low,78.57347474361565,1,0,0,0
Normal,18-24,7.553009963309352,1803.3305938363196,80,High,Low,77.18084233154575,1,0,0,0
Combination,35-44,7.043117234402226,2639.2259313036493,69,Moderate,Medium,90.0,0,0,0,0
Normal,45-54,7.286648602029855,2023.2182740780745,41,Moderate,Medium,90.0,0,0,0,0
Combination,45-54,4.960215788530121,2373.1267830136103,28,Low,Medium,82.35283854017284,0,0,0,1
Normal,18-24,7.968226271711613,3081.62736165273,20,Low,Low,82.33472998934317,1,0,0,0
Oily,18-24,6.538332647570499,2109.5751638319693,73,Moderate,Medium,75.08458079060756,1,0,0,0
Dry,18-24,7.374075525566133,2788.7266398817374,30,High,Medium,45.71274318636229,1,1,1,1
Dry,35-44,6.857056701419572,2139.5107628851697,69,Moderate,Low,84.09742623149097,0,1,0,0
Dry,45-54,7.911844764574809,2093.304561578179,28,Low,High,60.956307841348874,1,1,1,0
Combination,under 18,6.330349578174207,2097.0449964491536,2,Low,High,83.58347335648786,1,0,0,0
Oily,45-54,8.610447624789657,1486.7423502944698,46,Low,Medium,50.375083689867225,1,1,1,0
Sensitive,55+,7.199454511220314,1649.9395925304134,62,High,Medium,90.0,0,0,0,0
Normal,55+,8.792569943387264,1238.4065476081128,78,Moderate,Low,60.8455330350921,0,1,1,0
Combination,18-24,6.161617229092617,2188.60593753226,22,High,Low,50.43685772865107,1,0,1,1
Normal,25-34,9.34828604385151,1967.124869463506,78,Low,High,75.63312206445745,1,0,0,0
Dry,25-34,6.167200709960202,2940.578534720295,95,Low,Low,81.8048132085884,0,1,0,0
Oily,55+,4.8279791493756345,900.5970216899591,85,High,High,74.51677895805855,1,0,1,0
Oily,55+,7.6600216750799985,1748.9728878236945,0,Low,Medium,80.80346770814793,1,0,0,0
Sensitive,35-44,5.46815077430393,2354.1782236496765,48,Moderate,High,68.82165276967183,1,0,0,1
Dry,18-24,7.365701070656798,1717.9606846316358,57,Low,Low,75.48337868565879,0,1,0,0
Oily,25-34,5.079543401993659,2436.2286641400724,21,Moderate,Low,74.06401398697426,1,0,0,1
Normal,45-54,7.975301766937991,1950.4120681103086,61,High,Low,75.19547237101973,0,0,1,0
Normal,35-44,9.7699554940715,1464.9576168369238,20,Low,Low,75.25601579323528,0,1,0,0
Sensitive,55+,4.711712243612892,1654.0459650593777,70,High,High,71.95528225183664,1,0,1,0
Normal,35-44,6.931620975466753,2121.6697246613458,19,Low,Medium,90.0,0,0,0,0
Oily,35-44,6.638145913215505,2176.0276982571486,11,Moderate,High,80.19671602549592,1,0,0,0
Oily,under 18,5.122690863714334,2721.88230203663,26,Low,High,90.0,0,0,0,0
Oily,25-34,6.876773232411146,2558.647915794064,100,Moderate,Medium,78.38959945253995,1,0,0,0
Oily,55+,7.5140880195665565,2228.376609576892,69,Moderate,Low,81.18554812897729,1,0,0,0
Oily,25-34,7.8546509203483055,2223.8542800086575,56,Moderate,Medium,90.0,0,0,0,0
Combination,45-54,7.964084139801316,2664.5762650662155,7,Low,High,71.0211917915105,1,0,1,0
Normal,18-24,7.294781754552205,2354.5018787942563,70,Low,Medium,80.8136792506555,1,0,0,0
Normal,55+,6.86539645856916,2720.0586077247362,60,High,Low,83.81567425338875,0,0,1,0
Oily,45-54,5.985411546911095,2900.470216455408,73,High,High,72.9328739924745,1,0,0,1
Dry,18-24,6.939763074033485,1284.6124489409758,24,Low,Low,60.144508368843084,1,1,0,0
Dry,45-54,7.192156622366184,1659.4741712625596,33,Moderate,High,66.21331822733478,1,1,1,0
Sensitive,under 18,8.260965323483086,1673.6880103488045,100,High,High,77.18314339074539,1,0,0,0
Oily,35-44,6.33072485017783,1055.2296345272343,19,Low,High,63.166944453830546,1,1,0,0
Normal,under 18,6.321540521126385,788.0603366855216,100,Moderate,High,76.22106437303945,1,0,0,0
Sensitive,45-54,4.624145764771415,2380.207328072149,77,Moderate,Low,81.90877755699101,0,0,0,1
Sensitive,under 18,8.178700237976248,2212.7287808924825,50,Moderate,High,90.0,0,0,0,0
Sensitive,25-34,5.549535785306181,1976.1443219290102,47,Low,Medium,83.48472523275952,0,0,0,1
Combination,35-44,6.994596191364147,1420.8176554037286,89,High,Low,82.72042586398233,0,1,0,0
Combination,55+,9.255097452650727,2438.6811452878355,56,Moderate,Medium,75.92531301317123,0,0,1,0
Oily,18-24,6.668553739255504,2013.4429194972654,56,Low,Medium,77.40506704773743,1,0,0,0
Combination,under 18,7.312574211921329,979.1325657878547,65,Low,Low,79.93204724763444,1,0,0,0
Normal,45-54,6.629233926219104,1659.0078760011006,3,Low,Low,81.98909835849219,0,0,1,0
Oily,18-24,5.497569985157627,1859.4498535570226,4,Moderate,Low,77.95366054779963,1,0,0,0
Sensitive,45-54,9.696529790274283,2320.4214306335048,50,High,Low,81.37092858115582,0,0,1,0
Sensitive,45-54,6.143231515325805,2286.291390678079,57,Low,Medium,79.75360147533019,0,0,1,0
Dry,25-34,9.099033154879002,2462.3168414563843,95,High,Low,90.0,0,0,0,0
Sensitive,under 18,7.089445554880261,1676.531611147213,20,High,Low,64.3896856058532,1,0,1,1
Oily,35-44,8.047334970420385,2196.742692710875,16,High,Low,67.839079190919,1,0,1,0
Combination,35-44,8.342789830041598,2317.585900840985,48,Moderate,Medium,90.0,0,0,0,0
Combination,18-24,8.574329072979003,1732.382394219716,59,Moderate,High,78.7639390381312,1,0,0,0
Normal,under 18,8.976091098451489,2098.7998023461996,0,High,High,62.69962766857408,1,0,1,0
Oily,35-44,10.0,1655.406090955216,8,Moderate,Medium,76.3850839974817,1,0,0,0
Combination,55+,9.603945704747874,2098.9553917313237,91,High,Medium,90.0,0,0,0,0
Normal,18-24,6.022872994578328,1758.0570829728392,7,High,Medium,57.06430257562961,1,0,1,1
Sensitive,35-44,6.519479037708519,2212.0829732009583,49,High,Low,70.07869404866818,0,0,1,0
Dry,25-34,7.784253232053249,1713.1499980307105,92,High,Low,78.61686410122387,0,1,0,0
Sensitive,55+,6.963468111608526,3071.135179305932,45,High,Medium,72.390419581054,0,0,1,0
Normal,18-24,9.591314755151068,2218.161834837016,37,Low,Medium,90.0,0,0,0,0
Combination,55+,7.057005217252301,2060.0156633591305,71,Low,High,70.10573467570434,1,0,1,0
Combination,35-44,7.9202769590956255,1488.6037174007972,100,Moderate,Medium,90.0,0,0,0,0
Combination,35-44,6.613935193864982,1165.7079630612052,15,Moderate,Low,79.1642538025742,0,1,0,0
Normal,under 18,7.598834683907919,2323.5979698513706,60,Low,High,90.0,0,0,0,0
Sensitive,45-54,6.275220306550939,2786.9933816450166,38,Moderate,Low,82.73832323357107,0,0,1,0
Dry,25-34,5.161351505496488,1267.8125598950899,52,High,Medium,84.09821615446577,0,0,0,1
Oily,35-44,7.336677727839958,2523.5491513060774,42,High,Low,76.27912859272186,1,0,1,0
Dry,45-54,9.525891537186803,1770.55786856553,97,Low,Medium,77.20247543692281,0,1,0,0
Sensitive,55+,8.618021250146944,1980.7457652496464,54,Moderate,Medium,79.25025369919808,0,0,1,0
Oily,45-54,6.74105905008877,2441.8299687433364,25,High,Medium,63.11442929446115,1,0,1,0
Oily,55+,7.978484317620129,1211.8039215078752,93,Low,Low,67.72644193684572,1,0,1,0
Dry,under 18,9.214810524588843,2690.0456770737255,5,Moderate,Medium,70.46046357718528,1,1,0,0
Dry,25-34,6.061655947735706,2197.9017667187045,62,Moderate,Low,90.0,0,0,0,0
Sensitive,under 18,7.7410452794241085,2130.3368829119536,29,Low,High,82.88809770836855,1,0,0,0
Oily,45-54,6.174542269231869,1664.1883160309742,64,Low,Low,78.49459619878775,1,0,0,0
Combination,45-54,6.961668893512832,2586.3645096296823,79,Low,High,73.08417434390887,1,0,1,0
Oily,35-44,7.8154002318916485,1814.692833956947,56,Moderate,Low,80.25603661672262,1,0,0,0
Dry,18-24,8.157548065972517,575.7286896849623,88,High,High,83.99020152818538,0,1,0,0
Normal,25-34,8.723148550558156,1130.1431106109503,79,High,High,83.95085763099902,0,1,0,0
Normal,under 18,6.456338587895302,1440.165052686928,36,Low,Low,65.59499370136146,1,1,0,0
Dry,25-34,5.0579777864186415,2580.4133936892595,90,Moderate,Medium,80.44821686268993,0,0,0,1
Sensitive,25-34,6.298448198032163,2173.251940865358,30,Low,Low,90.0,0,0,0,0
Oily,under 18,6.929619131681224,2238.520413611561,73,High,Medium,90.0,0,0,0,0
Oily,45-54,7.115232836590383,1358.5038879057151,9,High,High,70.17001103863593,0,0,1,0
Sensitive,under 18,8.49440022917071,1753.1217084193438,12,Low,Low,81.39785335946112,1,0,0,0
Combination,35-44,4.665127152010373,1785.9424195170436,94,Low,Low,80.54853994228358,0,0,0,1
Oily,18-24,9.251139685951467,2425.1108710567464,84,High,Low,76.05472382622104,1,0,0,0
Normal,25-34,6.477021798388211,1825.3711478407856,93,Low,Medium,90.0,0,0,0,0
Combination,18-24,6.5175474231739265,3038.3739917804205,14,Moderate,Medium,82.2816690924981,1,0,0,0
Sensitive,55+,7.57290317834733,2215.0208235955347,61,Moderate,High,83.33221270791765,1,0,0,0
Oily,18-24,8.545425181047763,2119.3945795132568,13,Moderate,High,79.31056568932584,1,0,0,0
Sensitive,18-24,6.611436781268945,1901.8250754575108,78,Moderate,Medium,76.37424225475907,1,0,0,0
Dry,35-44,6.892598110878904,1981.3888817450793,62,Low,Medium,84.3666395350089,0,1,0,0
Combination,under 18,8.091444315455469,2025.9729429036497,90,High,High,79.2335099187662,1,0,0,0
Normal,18-24,8.098960115823369,1959.641709945709,85,Moderate,High,77.99419815702446,1,0,0,0
Oily,35-44,7.117952785474136,1000.8996577339461,84,High,Low,71.87634903823373,1,1,0,0
Normal,45-54,8.374491512053723,2173.244237948996,6,Low,High,67.50680031977824,1,0,1,0
Dry,under 18,8.497015164789477,551.8723109031553,96,Moderate,Medium,84.49649285473456,0,1,0,0
Dry,45-54,10.0,1930.2051859224132,82,Moderate,Medium,70.61617008363883,0,1,1,0
Oily,35-44,8.662274225106275,1480.0470364372345,57,Moderate,Low,77.54761035342716,1,0,0,0
Sensitive,35-44,7.919160857593854,1473.292218413172,4,High,High,75.71400769380426,0,0,1,0
Normal,45-54,6.064346558956292,2957.015676933393,26,High,High,57.68276456908919,1,0,1,1
Normal,45-54,6.71397639885498,2108.7164365898616,60,High,High,80.47467543825333,1,0,0,0
Dry,under 18,8.305101596033131,2247.840943986302,43,Moderate,High,70.05920382931733,1,1,0,0
Oily,18-24,7.225628357715364,2182.4805012331126,63,Low,High,80.90789242781986,1,0,0,0
Combination,45-54,10.0,1971.1906014832073,25,Low,Low,79.1065526512724,0,0,1,0
Sensitive,18-24,7.301648570072452,2525.327198003806,91,Moderate,Low,84.5349963809083,1,0,0,0
Normal,under 18,8.658288899436975,2593.51515278019,98,Moderate,Medium,75.4380967837425,1,0,0,0
Dry,35-44,7.958095333043777,1428.4975436347581,0,High,High,58.10083321462185,0,1,1,1
Normal,18-24,9.450147298451643,1426.827303490656,93,Low,Low,68.95343858841424,1,1,0,0
Sensitive,35-44,7.453953197858549,1622.8620749903212,77,High,Low,90.0,0,0,0,0
Combination,35-44,6.9037924801105115,2164.3812051517402,43,Moderate,Medium,90.0,0,0,0,0
Dry,18-24,7.482035823175409,2210.9603771176426,52,High,High,69.39899406137908,1,1,0,0
Combination,55+,9.420566903587972,2226.76715075699,94,High,High,74.28423196555158,0,0,1,0
Combination,55+,6.633765047064027,2482.0435841441786,16,High,High,59.86483636024711,1,0,1,1
Normal,35-44,8.784205733386962,1386.1960924315038,74,High,High,67.9185371075722,1,1,0,0
Sensitive,under 18,7.896100104774787,2350.5863711554493,66,Low,Low,84.46935000492229,1,0,0,0
Oily,18-24,6.553654744960012,2687.8534066558095,34,Low,Medium,83.53571609859304,1,0,0,0
Oily,55+,6.77491661945121,2062.7882267357713,100,Moderate,Low,78.13973607250708,1,0,1,0
Normal,18-24,6.740392263574195,2007.7895237907337,95,High,High,79.89077696321107,1,0,0,0
Combination,55+,5.355587369657197,1279.9745587028528,85,Low,Medium,60.67834439808904,0,1,1,1
Combination,18-24,9.391757594837458,1576.519325840836,79,Moderate,Low,77.95370931107212,1,0,0,0
Combination,45-54,5.512911475815539,923.3049431981426,69,High,High,63.313223025339404,0,1,1,0
Dry,55+,6.041557378465747,1338.4551032962509,65,Low,Medium,81.03640607035906,0,0,1,0
Dry,45-54,9.463022740204554,2504.908544671317,32,Low,Medium,75.62505549529152,0,1,0,0
Combination,45-54,5.9677744822334144,3126.217902672154,6,High,High,68.73604912104611,1,0,1,0
Combination,45-54,8.47264823048739,1837.5843082456888,28,Low,High,78.76103134344368,0,0,1,0
Normal,35-44,3.2508914276896403,3145.471286295371,11,Moderate,Low,81.68332761779861,0,0,0,1
Combination,25-34,4.915641299854606,1177.300626521554,37,Low,High,60.22235719780365,1,1,0,0
Combination,35-44,8.53385564801446,3219.8762031696365,30,High,High,75.65486532324083,1,0,0,1
Oily,35-44,9.076409227765778,2281.95456002618,32,High,High,72.6683640364005,0,0,1,0
Normal,35-44,7.892131512497929,2426.707779390154,62,Low,Medium,90.0,0,0,0,0
Dry,25-34,8.138392884680147,2140.595711984688,65,Low,Low,90.0,0,0,0,0
Normal,45-54,7.156301655927814,1968.703436050239,0,High,Low,75.55728274134,0,0,1,0
Sensitive,under 18,5.869053116699986,1859.662461566613,26,High,High,60.334934429464234,1,0,1,0
Dry,under 18,4.460564778706922,1950.830186602625,58,High,Medium,90.0,0,0,0,0
Combination,45-54,5.517113339273624,1448.2053413921144,9,High,Low,69.85695190447791,0,1,1,0
Sensitive,55+,7.269841226730218,2696.0011431722996,15,High,Low,67.79671954977402,0,0,1,1
Oily,25-34,8.37747490900347,1214.7496981884115,64,Low,Medium,81.98649290155129,1,0,0,0
Sensitive,35-44,5.515557795144494,2470.385593994108,50,High,Low,82.33266118094825,0,0,0,1
Dry,55+,5.5262689096925355,1887.6834250014876,50,High,Medium,56.20008799656669,0,1,1,1
Combination,under 18,7.825078148536828,1515.8277725681824,70,High,Low,90.0,0,0,0,0
Oily,45-54,7.15806325921894,1332.9872525408978,76,Moderate,High,68.2596712320694,1,0,1,0
Dry,35-44,6.097948534073179,2159.8909670712683,82,High,Low,90.0,0,0,0,0
Dry,45-54,4.6105093997024955,2220.2373689801993,32,Low,Low,62.55438375647212,0,0,1,1
Normal,35-44,6.970543301609978,2276.244977208574,82,High,Low,90.0,0,0,0,0
Combination,55+,7.335871201096992,2682.070214986922,8,Moderate,Low,90.0,0,0,0,0
Normal,35-44,7.187836753971861,1785.2972294373735,42,Moderate,Low,90.0,0,0,0,0
Dry,under 18,7.183446254548426,2271.649014518194,36,High,Low,50.07370015399711,1,1,1,1
Combination,35-44,7.073290105488557,2020.2958456019412,21,Low,Medium,90.0,0,0,0,0
Dry,18-24,5.947012468289866,1668.549541224526,91,High,High,67.20947026465365,1,0,0,1
Sensitive,35-44,4.89609209230046,2874.7883715934695,45,Moderate,Medium,84.12114919552387,0,0,0,1
Normal,under 18,5.1342051469130725,1653.5474011020465,35,Low,High,81.86690557463234,0,0,0,1
Oily,under 18,5.922389101646203,2447.4621884722205,64,High,Low,73.14718869639292,1,0,0,1
Oily,45-54,6.557575482561958,2623.871036336867,33,High,High,60.23229376119588,1,0,1,1
Combination,18-24,5.9897640636341976,2139.497081111901,59,High,High,90.0,0,0,0,0
Oily,55+,5.746979420110364,3072.5745638866942,30,High,High,78.30669334241497,0,0,1,0
Normal,55+,5.218602371455731,2154.9103551135136,18,High,High,69.09741238593722,1,0,1,0
Combination,18-24,7.950665321398148,2206.899548725749,5,High,Low,53.117342775053416,1,0,1,1
Combination,under 18,6.722068511683437,1935.089650133287,90,High,High,76.65127733782606,1,0,0,0
Combination,45-54,7.065717207968665,1926.4989991857558,69,High,Low,79.32222224414757,0,0,1,0
Normal,55+,8.445818675192365,3105.2615007956756,9,High,Medium,64.62687356449908,0,0,1,1
Combination,35-44,6.16376232248825,1315.098510210461,61,High,Low,83.6103169292287,0,1,0,0
Dry,18-24,6.8675769274731175,3289.854668827159,9,High,High,80.9152246222522,0,0,0,1
Dry,35-44,5.794488148045404,2819.558402722034,42,High,Low,67.68092948408834,0,1,1,1
Oily,18-24,9.51655122111466,1723.2058791460026,73,High,Low,90.0,0,0,0,0
Normal,under 18,7.853474618777913,2814.198311564269,73,Low,Low,90.0,0,0,0,0
Dry,45-54,6.43130838851877,1898.2098199488191,51,High,High,54.75297580087133,1,1,1,0
Normal,35-44,6.127478629077034,1492.6216346535666,61,Low,Low,78.99161285588801,0,1,0,0
Normal,18-24,6.026083682400989,1388.029866618872,79,High,High,81.57328725439669,0,1,0,0
Sensitive,45-54,7.051125202388839,1615.013384470679,75,Low,Low,83.01680202313847,0,0,1,0
Oily,18-24,7.350678867686121,1222.0521768981862,66,High,High,83.50438806373543,1,0,0,0
Sensitive,45-54,7.496320348321685,2416.7644808044624,76,Low,High,76.86990332259482,1,0,1,0
Normal,45-54,4.009396536142817,2187.028284923786,0,High,High,55.63640955341964,1,0,1,1
Sensitive,35-44,8.841503488709938,1395.1794906543973,44,High,High,50.885317535746104,1,1,1,0
Oily,25-34,9.508858580256554,2209.5095046830224,76,High,Medium,90.0,0,0,0,0
Oily,55+,5.942482216362387,1972.115461171147,95,Low,High,64.67687571644939,1,0,1,1
Oily,18-24,7.837490368782584,2038.0026957062057,54,High,High,90.0,0,0,0,0
Normal,35-44,7.808133988669554,1539.663203460317,72,Moderate,High,90.0,0,0,0,0
Sensitive,18-24,7.254041236054117,1293.1427515475098,52,High,High,73.76009385678157,1,1,0,0
Combination,45-54,6.83316090797695,1548.046179267605,44,High,Medium,72.17501615764604,0,0,1,0
Oily,55+,5.89670508611535,2618.0465876052185,29,Moderate,High,59.13587014595839,1,0,1,1
Oily,18-24,8.636965180891403,2304.5690604535885,49,High,Low,62.763763718426624,1,0,1,0
Oily,under 18,5.361530852991132,1841.7957751525992,33,Low,Medium,90.0,0,0,0,0
Sensitive,35-44,8.819646549968775,2070.858456819952,78,High,High,90.0,0,0,0,0
Normal,under 18,10.0,2196.658919697186,99,Low,High,84.89289602624571,1,0,0,0
Normal,25-34,7.288073674735047,1845.4417678987493,24,Low,High,78.01550267400809,1,0,0,0
Normal,18-24,7.200311357173423,1923.7650818097281,86,Low,Medium,90.0,0,0,0,0
Oily,18-24,8.062163015032885,2478.3511583972922,11,Moderate,Medium,81.04856882948793,1,0,0,0
Normal,18-24,5.821015809238076,1334.3835232211109,66,Low,High,55.632176615746445,1,1,0,1
Combination,25-34,4.245691940345055,2253.995663456272,28,High,Low,78.94065295440257,0,0,1,0
Dry,35-44,5.344950090739189,923.5547035237585,64,Low,High,80.98528878713822,0,0,0,1
Combination,45-54,7.582867906796446,3246.4997587163953,73,Moderate,High,72.58009834592205,1,0,1,0
Combination,35-44,6.99089363269016,2419.245387225821,87,Moderate,High,80.18029837934164,1,0,0,0
Combination,under 18,7.122744037821348,1950.5551734044286,48,High,Low,63.36901330725806,1,0,1,0
Normal,45-54,8.378614724481652,1854.8627279056743,1,High,Medium,74.49948510010597,0,0,1,1
Oily,45-54,7.401088471107855,2160.8489030980068,22,Moderate,Medium,56.85006583534577,1,0,1,0
Dry,35-44,5.997864319535427,2496.0211747682615,94,Low,Low,76.27257501591703,0,1,0,0
Dry,18-24,6.737560364956887,1622.1274202535776,79,Moderate,Low,83.80121507345228,1,0,0,0
Sensitive,45-54,7.804764765355605,1550.7660091044813,0,High,Low,79.43205196924498,0,0,1,0
Normal,25-34,7.042271736053692,1995.4405016778983,62,Low,High,90.0,0,0,0,0
Dry,45-54,8.628843348747367,2237.3491164399766,16,Low,High,54.89696741470701,1,1,1,0
Dry,35-44,6.962459561882284,2408.8831496001435,15,High,High,64.39277122471181,1,0,1,0
Normal,25-34,9.08531132352597,2278.905153175931,23,High,Medium,71.10019877331352,0,0,1,1
Sensitive,35-44,7.015528929765071,1344.0818838249202,26,Moderate,High,71.8419302229423,1,1,0,0
Normal,18-24,5.402329505386941,1847.3876478226662,73,High,Low,70.01514516874713,1,0,0,1
Sensitive,18-24,6.0857316967610755,1906.514348507277,18,High,Low,69.73224189665515,1,0,1,1
Normal,55+,7.084974887345661,2264.8463771783654,40,Moderate,Medium,72.12247026326122,0,0,1,0
Oily,35-44,6.894251832911364,2243.250821913101,12,High,Low,70.60263453939899,0,0,1,1
Combination,25-34,7.096711622215181,1012.2667168230644,46,Moderate,High,67.78223213710245,1,1,0,0
Combination,55+,5.590996909271869,1927.9562221391923,77,Low,High,71.73314528904979,1,0,0,1
Normal,35-44,5.185457885738339,2299.964364998102,99,High,Medium,83.09464500793577,0,0,0,1
Combination,35-44,9.296126248515545,2609.380925848658,80,Low,Low,90.0,0,0,0,0
Combination,35-44,6.679835693604688,2745.363068424976,80,High,High,75.92926948731065,1,0,0,0
Oily,18-24,7.2230011858031675,1831.4570144409804,43,Low,Medium,82.0864364720558,1,0,0,0
Combination,45-54,6.079896004688591,1848.7651567559358,82,Moderate,Medium,73.28538944615352,0,0,1,0
Combination,55+,6.417734772188156,2085.2081111877437,75,High,Medium,82.24170701344924,0,0,1,0
Oily,18-24,7.240860971574797,2001.5230100767071,93,Low,High,90.0,0,0,0,0
Oily,18-24,7.655407254619525,2595.323137393171,21,Moderate,Low,90.0,0,0,0,0
Sensitive,45-54,8.424331203161985,1257.5510157750482,6,Low,Medium,75.03986268615341,0,1,0,0
Normal,18-24,3.169118297647068,2467.159955619637,10,High,Medium,68.12882453745523,1,0,1,0
Dry,under 18,4.949681952376869,1887.6172990536581,4,High,Medium,48.06424364207683,1,1,1,1
Normal,18-24,5.244830460910961,1099.0097812099903,75,High,Medium,61.85858395162658,1,1,0,1
Combination,35-44,7.812194092307182,2379.5775801513237,69,Low,Low,90.0,0,0,0,0
Sensitive,25-34,6.135234398909921,704.4788539275451,46,Moderate,Medium,90.0,0,0,0,0
Oily,under 18,6.180633327621276,2195.9020027012734,66,Low,Medium,90.0,0,0,0,0
Normal,under 18,4.781632646838807,2091.6799598895777,88,Moderate,Medium,81.01017611872693,0,0,0,1
Normal,18-24,6.977035226240507,2289.6457498005443,0,High,Medium,78.44340450375317,0,0,1,0
Sensitive,35-44,7.17937055262123,1513.4655295592222,28,Moderate,Low,90.0,0,0,0,0
Sensitive,55+,8.794857252496737,1920.735213486515,30,High,High,54.945174331681294,1,0,1,1
Oily,18-24,6.959043190735102,1533.366020463402,17,Moderate,Low,78.82270586097485,1,0,0,0
Combination,55+,6.335076623212735,1557.5986429865495,79,Moderate,Low,82.71776042323947,0,0,1,0
Normal,under 18,6.740580910114866,2855.8542400711717,23,Low,Medium,90.0,0,0,0,0
Sensitive,55+,4.942148285602966,1193.2193010616293,1,Low,Low,79.8713071919706,0,0,1,0
Sensitive,25-34,9.206755491240413,1895.338161424067,59,High,Low,90.0,0,0,0,0
Combination,under 18,5.996390892010125,2519.952343698038,96,Low,Low,90.0,0,0,0,0
Normal,35-44,6.091576690394704,2913.004856773468,23,Low,Medium,90.0,0,0,0,0
Sensitive,under 18,8.016888807008904,1756.0442959271486,15,High,Low,55.33224672129554,1,0,1,0
Oily,45-54,10.0,1697.1425384983309,85,Low,Medium,68.00868948877932,1,0,1,0
Oily,55+,8.11314305801396,2149.646290203246,70,High,Low,82.01914552296401,0,0,1,0
Oily,55+,8.952611934098197,2780.7555983634265,27,Low,Low,81.75486512369903,1,0,0,0
Combination,45-54,7.04800622359865,1623.2910648269083,15,Moderate,Low,90.0,0,0,0,0
Oily,45-54,7.689958214408675,1661.142315123947,100,High,Medium,74.71924672961634,1,0,1,0
Sensitive,under 18,10.0,2068.267665541369,87,High,Medium,75.03026897016464,1,0,0,0
Oily,under 18,6.452017673031837,2092.340152932454,45,High,Low,77.08533755634787,1,0,0,0
Dry,25-34,4.979310565705456,1514.1929807446743,71,High,Medium,80.61281101903403,0,1,0,0
Sensitive,25-34,8.800620861916638,1671.5528605143022,92,Low,Medium,90.0,0,0,0,0
Oily,35-44,5.42963352597709,2268.326376263643,90,Moderate,High,84.05112081890174,0,0,0,1
Dry,45-54,8.778556231994495,2359.4766553325335,44,Moderate,High,62.71777299151794,1,1,0,0
Normal,18-24,8.494071528708725,1621.6024557152696,57,Moderate,Medium,80.45921020204426,1,0,0,0
Normal,35-44,4.867283999887235,2750.6668259777434,93,Low,Low,83.17962401449618,0,0,0,1
Normal,18-24,6.515980241736797,1874.5834917724762,41,High,Low,66.74938825190915,1,0,1,0
Sensitive,45-54,8.992291212773587,2278.11500470033,19,High,Medium,75.3864410532239,0,0,1,0
Normal,55+,7.683831658122411,3082.501172450542,8,Low,Low,90.0,0,0,0,0
Oily,18-24,6.034722654429785,2463.9200640406184,13,Moderate,Low,90.0,0,0,0,0
Normal,55+,7.085519687345627,2134.2961394316285,49,High,Medium,74.48028967637931,0,0,1,0
Combination,under 18,9.292702639618797,2253.9178781448118,46,Low,High,84.86913890166498,1,0,0,0
Dry,55+,7.807444118574449,2536.253668654901,62,Low,Medium,65.31934025164158,0,1,1,0
Sensitive,25-34,6.452570905685672,1580.3951663304967,90,Low,High,90.0,0,0,0,0
Oily,55+,5.43278620896845,1016.8217053119992,9,Moderate,Low,62.41921677459166,1,0,1,0
Normal,55+,10.0,1448.3958171391585,31,High,High,44.79347447125057,1,1,1,1
Sensitive,under 18,6.6681195646213425,1861.5933500555398,21,Low,High,81.6248712943843,1,0,0,0
Dry,45-54,7.461110046713651,2407.8686062696484,76,Moderate,Medium,61.82637635253056,0,1,1,0
Sensitive,55+,8.290710232539618,1708.4612807155308,55,High,Medium,76.55282945793574,0,0,1,0
Dry,35-44,6.749317429320382,2141.28997524415,98,High,High,80.52500211001751,0,1,0,0
Sensitive,under 18,6.62696331072468,2803.672788009996,92,Low,Medium,79.82390641159671,1,0,0,0
Combination,under 18,7.7364624274573774,2367.438893024909,38,Low,Low,84.782986285424,1,0,0,0
Combination,45-54,7.994321903001119,2586.7369287426627,65,High,High,83.45285213781244,1,0,0,0
Combination,18-24,7.27153233805556,1351.5840260220766,17,Moderate,Medium,82.50143094115003,1,0,0,0
Combination,under 18,7.599531927628963,1674.3215531040855,73,Moderate,High,77.65734046122421,1,0,0,0
Combination,35-44,6.207074977375365,2293.182009377547,22,Moderate,High,76.80484735163631,1,0,0,0
Oily,45-54,8.857424607150453,2010.6357883680307,82,Moderate,Low,79.23716303843662,1,0,0,0
Oily,25-34,7.463249518898445,2851.107472317619,44,Moderate,Medium,83.7945947148065,1,0,0,0
Dry,55+,7.361129769232853,3300.8415570901975,83,High,Low,78.67806379627534,0,1,0,0
Normal,under 18,7.848264468447316,1119.6186204220912,40,High,High,82.79202825179715,0,1,0,0
Sensitive,35-44,8.130012431656798,2190.579192441389,96,High,High,82.77914371848586,1,0,0,0
Combination,35-44,8.934629131124119,2336.590675634979,18,Low,Medium,90.0,0,0,0,0
Oily,35-44,6.792316024024339,1387.850881855317,73,High,Low,73.02950912275135,1,1,0,0
Dry,18-24,6.686465114070963,1574.73977289535,61,High,Low,78.47751561020831,1,0,0,0
Normal,55+,6.129214825292916,2294.2892022103047,67,Low,Low,90.0,0,0,0,0
Sensitive,25-34,9.50485675652711,2197.3357649114905,87,High,Low,90.0,0,0,0,0
Oily,55+,5.2061754069472235,2222.3013341100705,52,Moderate,Medium,76.42951391644426,1,0,1,0
Combination,45-54,8.794947229968477,1695.1085478403088,56,High,Low,71.13680189644859,0,0,1,0
Dry,18-24,6.798974249990623,2007.3440973645986,87,Moderate,Low,76.47235854820799,1,0,0,0
Oily,18-24,5.82265253037664,2324.1402169219296,79,Low,Medium,84.44361003841765,0,0,0,1
Sensitive,35-44,6.818577777088327,2209.766221953514,2,Moderate,Low,90.0,0,0,0,0
Normal,18-24,5.66876173329685,1781.270849838295,26,High,High,51.28616461871254,1,0,1,1
Sensitive,45-54,8.083572036741657,1813.5834239541166,84,High,Low,84.09834925636498,0,0,1,0
Dry,55+,9.590445776850107,1800.1819071926989,79,Moderate,Low,75.54823517737283,0,1,0,0
Combination,55+,7.337027088627829,2466.295415936545,84,Moderate,Low,90.0,0,0,0,0
Sensitive,18-24,4.872451400600452,1119.5955940096121,48,High,High,61.246080422717114,0,1,1,1
Oily,under 18,4.711515528144858,2631.292051713591,31,High,Medium,81.06600182172726,1,0,0,0
Combination,25-34,6.172212781161329,3279.099642834126,80,Moderate,Low,90.0,0,0,0,0
Normal,25-34,6.153628602013917,2092.2756515985184,7,High,Medium,66.49663921654253,0,0,1,1
Normal,25-34,9.313164928851814,3003.0464440795613,28,Low,Medium,90.0,0,0,0,0
Sensitive,55+,10.0,2604.1831152965715,17,Low,High,61.01107405813188,1,0,1,0
Dry,35-44,8.536093788717194,2296.2634746005915,30,High,Low,70.13863457567348,0,1,1,0
Dry,45-54,8.167541614249956,1724.4071418357332,69,High,Low,69.0529337858501,0,1,1,0
Dry,35-44,5.772701674866539,1998.312771294524,98,Low,High,59.66353935874425,1,1,0,1
Combination,18-24,6.744723066212607,1773.3859753363624,93,Low,Medium,80.85959844580321,1,0,0,0
Sensitive,25-34,8.044581171185072,2477.652604285255,56,High,High,82.26203835368476,1,0,0,0
Dry,under 18,7.132610329437771,2738.765040527631,16,Low,Low,78.88018402330977,1,0,0,0
Normal,45-54,5.287466328799742,1903.1702703601409,29,High,Low,84.60873260804325,0,0,1,0
Sensitive,18-24,5.924766519095792,1066.73169146347,64,High,Medium,71.34595001803166,1,1,0,0
Dry,18-24,6.875978971235951,1939.1262458083581,4,Moderate,Low,75.49801957510084,1,0,0,0
Dry,18-24,9.270174614863198,2315.4058422773887,8,Low,Medium,70.52512172047423,1,1,0,0
Dry,35-44,5.463719763506193,2927.046283167094,51,Low,High,62.112180558784324,1,1,0,1
Normal,55+,8.83155054328803,2291.048851734308,90,Low,High,71.83349549296321,0,0,1,0
Dry,45-54,6.660273851725252,1520.2803816382602,68,Moderate,High,69.50064617638158,0,1,1,0
Sensitive,35-44,6.4416898358934205,2544.374309852093,38,Moderate,Medium,90.0,0,0,0,0
Dry,35-44,9.826879458901914,2771.6217641360945,37,High,Low,61.27172091455857,0,1,1,0
Normal,under 18,6.266725867320589,1440.1912833554943,23,High,High,47.95820687795198,1,1,1,1
Oily,25-34,7.211329370366806,1115.780317218574,41,High,High,70.79969560688843,1,1,0,0
Sensitive,55+,7.484751571277172,1926.1987068506658,46,Low,High,63.55017362418045,1,0,1,0
Dry,35-44,6.300945247197637,1202.6484663666024,70,Moderate,Low,75.87747221177868,0,1,0,0
Normal,55+,7.770400159854574,1733.6495801690444,19,Low,Low,90.0,0,0,0,0
Oily,35-44,5.245124746434568,563.8688933591754,39,Moderate,High,74.36187787448448,1,1,0,0
Dry,under 18,6.958727642424045,2886.125798334872,79,Moderate,Low,71.38838394681915,1,1,0,0
Sensitive,18-24,9.491888821821805,1771.451871706864,27,High,High,74.67492048569326,1,0,0,1
Normal,25-34,6.096681909457329,2234.387128037512,79,High,High,82.92362399034808,1,0,0,0
Dry,18-24,5.502421841217563,2150.895949909733,7,High,Medium,63.60825455716229,0,1,1,1
Sensitive,18-24,8.149120417577036,2613.4666119421536,20,High,Medium,61.27525012618954,1,0,1,0
Sensitive,55+,6.849768885280071,1898.1631249115171,74,Moderate,Low,90.0,0,0,0,0
Combination,25-34,5.683026119865159,1586.5598229800698,47,Moderate,Low,80.78345184957716,0,0,0,1
Oily,25-34,6.66028166214771,2183.682753408089,60,Low,Low,82.25581457248266,1,0,0,0
Normal,35-44,8.370376939349875,1598.4105246598276,67,Low,High,90.0,0,0,0,0
Oily,under 18,9.239032853439284,1864.4381994787157,73,High,High,84.12330258759387,1,0,0,0
Normal,55+,6.967949058477346,1626.3941604260883,36,Moderate,High,68.05473740725434,1,0,1,0
Dry,45-54,3.363639609590588,2442.022698180525,72,Moderate,High,56.82863108286286,1,1,1,0
Oily,under 18,8.10526584563865,1859.3362214408933,59,High,Low,82.9266916364756,1,0,0,0
Normal,35-44,7.100486075837308,2257.9696088520495,52,Low,Medium,90.0,0,0,0,0
Combination,45-54,4.656181214670186,1735.4736613268526,81,Low,Low,74.64974407684505,0,0,1,0
Oily,25-34,8.19139701943274,1372.8552884153753,38,High,High,62.28517137839979,1,1,1,0
Dry,18-24,7.440336898249944,1321.7090976882973,42,Moderate,High,80.25499546548319,1,0,0,0
Dry,35-44,7.699644973650289,1982.1792588512583,19,High,Medium,54.15756582132059,0,1,1,1
Normal,25-34,4.577302276141736,2582.3696772285857,72,High,High,79.64114524284614,1,0,0,0
Combination,25-34,5.898112634802926,1594.8737814928095,8,Low,Medium,83.30423791022528,0,0,0,1
Sensitive,55+,7.300853795846415,2574.3186747143577,68,Low,High,83.12621089851916,1,0,0,0
Combination,55+,5.476267271532405,2030.8399249239858,40,High,Low,76.84011534068475,0,0,1,1
Combination,18-24,7.643224750495859,2346.552803631572,67,Moderate,Low,90.0,0,0,0,0
Oily,18-24,7.2646623329158375,1816.4860804583388,11,Moderate,High,90.0,0,0,0,0
Sensitive,45-54,5.758614669026921,2043.0719415231874,19,Low,Medium,65.13571795266213,0,0,1,1
Dry,under 18,5.39179148202159,539.3247582526963,66,High,Low,90.0,0,0,0,0
Normal,under 18,7.654839706236501,2451.9674205430974,0,Moderate,Low,79.05712419212796,1,0,0,0
Oily,25-34,3.455601346687242,1495.1346476450312,59,Low,Low,67.63455878913041,1,1,0,0
Dry,25-34,7.928731391507797,3028.7477348558496,25,Low,Medium,90.0,0,0,0,0
Combination,35-44,7.031190561513112,1635.998529385433,85,Low,Medium,90.0,0,0,0,0
Dry,18-24,6.72565533834274,2687.4382095740925,35,Low,Low,79.40374236449148,1,0,0,0
Normal,25-34,6.031053731313197,1600.4039966748733,70,Moderate,Medium,90.0,0,0,0,0
Dry,55+,6.275884716726951,1523.3356958706438,36,High,Low,66.36272251061013,0,0,1,1
Oily,35-44,7.184005473992193,2812.3392292347803,86,Low,Low,84.13880419533955,1,0,0,0
Sensitive,18-24,7.484618909674044,1873.823248936856,90,High,High,78.09875103090961,1,0,0,0
Sensitive,45-54,6.562283096626684,1218.4045956516716,45,Moderate,Medium,64.86873921929143,0,1,1,0
Sensitive,45-54,8.32466466572074,1961.081401493599,16,Low,High,64.79091976134987,1,0,1,0
Sensitive,35-44,6.729280129614062,3596.5537839224307,29,Low,Low,90.0,0,0,0,0
Normal,25-34,7.44812936254853,1624.1044749524078,46,Moderate,Low,90.0,0,0,0,0
Combination,25-34,6.360463605691685,2574.222854598377,58,Moderate,Low,90.0,0,0,0,0
Oily,35-44,7.1699056158066465,1280.8610108413168,14,Moderate,Medium,72.24758223765078,1,1,0,0
Dry,45-54,8.378843401862806,1665.9279572305031,13,Moderate,High,57.804746199840906,1,1,1,0
Sensitive,18-24,9.809946664326318,2540.0240328573245,79,Low,High,90.0,0,0,0,0
Sensitive,35-44,6.329017156511873,2640.5081808675563,8,Moderate,Low,90.0,0,0,0,0
Normal,35-44,7.101783265791105,2426.3868375611096,100,Moderate,High,79.55473119809231,1,0,0,0
Dry,18-24,7.727099225941712,1576.8216725045631,84,High,Low,71.73768317950135,1,1,0,0
Normal,35-44,6.034675251523807,2514.9804087905804,41,High,Low,82.35738996699054,0,0,1,0
Sensitive,under 18,6.497837001840189,1798.1757683790017,76,Low,High,77.2865662112932,1,0,0,0
Sensitive,25-34,5.5673161309759704,2211.7995327967305,63,High,High,90.0,0,0,0,0
Dry,45-54,10.0,1466.2335428728636,96,High,Low,69.01863725973737,0,1,1,0
Normal,45-54,7.036329185009137,2706.110277707715,57,Low,Low,80.25103424119928,0,0,1,0
Normal,55+,6.880537913131428,2226.185898124867,38,Moderate,High,81.5573537356936,1,0,0,0
Oily,45-54,5.40640970777968,2214.153548603824,65,Moderate,Low,64.85740166538106,1,0,1,0
Normal,25-34,6.719283602493177,2492.8649978399317,14,Moderate,Low,90.0,0,0,0,0
Dry,35-44,8.781079077347126,3294.781821009307,89,High,Medium,77.88226348289925,0,1,0,0
Sensitive,35-44,7.869449759820363,2162.8981582910833,55,High,Low,90.0,0,0,0,0
Dry,35-44,7.291576452366004,1823.4168535946558,17,Low,High,69.21250666314671,1,1,0,0
Dry,18-24,7.507725765192537,1852.2992949304853,1,Low,High,80.13298663065383,0,1,0,0
Sensitive,18-24,7.252691464404421,2658.79876780398,10,Low,High,76.39847237944389,1,0,0,0
Normal,35-44,5.490186152080538,2569.939280564523,79,Low,Medium,82.2397498480949,0,0,0,1
Sensitive,35-44,8.975672601009798,1940.9657365044607,45,Low,Low,90.0,0,0,0,0
Sensitive,45-54,3.817217651487108,1696.089006452784,0,High,Medium,74.39456142250619,0,0,1,1
Normal,45-54,8.945491819841664,1988.5659688505589,46,Low,Low,74.42676186167688,0,0,1,0
Oily,45-54,5.501046651557633,1747.6125393858913,61,High,Low,61.351964441781035,0,0,1,1
Sensitive,45-54,8.260930039756829,2273.3667841006895,10,High,High,68.48429874795359,0,0,1,1
Normal,45-54,6.641601851245459,1816.5877940926562,39,High,Low,76.97450107576023,0,0,1,0
Sensitive,45-54,6.412362776434267,1538.7949077507487,60,High,High,72.05158539903209,1,0,1,0
Dry,under 18,9.423063534204163,1838.83976539433,88,High,High,77.14978444846673,1,0,0,0
Sensitive,45-54,8.825737781238244,2760.6580259612256,21,High,Low,75.48721143180494,0,0,1,1
Sensitive,under 18,8.497466347221941,1784.1898436409758,16,High,Low,82.22151203065731,1,0,0,0
Combination,under 18,7.605595135504914,1987.902196804542,94,Low,High,90.0,0,0,0,0
Normal,55+,5.644447208904808,2162.1796408608016,19,High,Medium,76.18803012115224,0,0,1,1
Dry,45-54,5.231440313260296,2593.839694230782,4,Moderate,Low,54.41560640461384,0,1,1,1
Sensitive,18-24,6.30307405405241,2100.57982793642,84,Moderate,High,82.89143252538462,1,0,0,0
Combination,under 18,7.424931807319213,1870.5475131479614,82,Moderate,Low,90.0,0,0,0,0
Sensitive,35-44,7.880040702212912,1762.5481716887377,60,Moderate,Medium,90.0,0,0,0,0
Normal,18-24,8.306945946185866,1327.0101598766257,48,High,High,56.0667695231554,1,1,1,0
Sensitive,55+,7.189569369319618,2969.4644995291424,40,High,High,73.71893537402245,1,0,1,0
Sensitive,45-54,5.499503013091638,1661.1275147375743,83,Moderate,Medium,72.96525458638257,0,0,1,0
Normal,35-44,7.770861774488372,2089.790890969799,59,High,High,90.0,0,0,0,0
Normal,18-24,7.525945148910338,2244.593565073832,66,Moderate,High,83.20083347609119,1,0,0,0
Normal,under 18,7.9520822028426545,2554.8499209781116,86,Low,Low,90.0,0,0,0,0
Oily,45-54,7.6147279853927685,1879.3711726907288,13,High,Medium,66.95245744376626,1,0,1,1
Normal,55+,8.008860551804098,2949.940967447608,27,High,High,76.824412188466,0,0,1,1
Normal,18-24,6.801049380426139,1512.7353476646792,14,High,Low,61.34379214710036,0,0,1,1
Combination,35-44,8.660621003930459,1939.8094180232008,88,High,Medium,90.0,0,0,0,0
Combination,18-24,3.740995680978946,2423.710838575211,99,Low,Medium,81.17200997556817,1,0,0,0
Oily,25-34,6.197007721069116,1954.7333588479196,33,Low,Medium,90.0,0,0,0,0
Dry,45-54,7.497970495853522,2095.249839889533,50,Low,High,57.688270671891345,1,1,1,0
Combination,under 18,8.064177725708559,1782.2568147150782,4,Low,Low,82.49403649738154,1,0,0,0
Sensitive,under 18,7.769658697264124,1870.2266612080414,63,Low,High,75.67106276468667,1,0,0,0
Sensitive,25-34,8.108215721331254,2307.6837420065267,19,High,Medium,66.68084085799374,0,0,1,1
Sensitive,35-44,5.596841946933107,2542.991058087516,55,Moderate,High,72.12964614761535,1,0,0,1
Sensitive,under 18,6.196054832328928,2404.0288991405723,72,High,Medium,81.971719235136,1,0,0,0
Oily,55+,7.550930970102011,2919.0918383975613,82,Low,Medium,75.39074477999935,1,0,0,0
Sensitive,25-34,6.6648010264422215,1825.3416019409012,82,Low,Low,90.0,0,0,0,0
Normal,under 18,6.970870591168401,1848.4101085828622,49,High,Low,83.39847974882085,0,0,1,0
Combination,35-44,8.199912852913075,1191.844695781706,10,High,Medium,75.63584333993936,0,1,0,1
Sensitive,35-44,5.419476371280469,1466.0985392104035,8,High,High,64.61188655790272,1,1,1,0
Oily,35-44,8.425461387960365,2855.3066862909627,15,Low,High,80.41629635243939,1,0,0,0
Normal,18-24,6.843326172193793,1915.5891384049946,94,High,Low,84.63122332576962,1,0,0,0
Dry,35-44,7.105078244669772,2580.9391513040955,83,Low,Medium,78.81627916948484,0,1,0,0
Dry,55+,5.608970298714139,2119.1844913673926,83,Low,Low,90.0,0,0,0,0
Oily,35-44,8.462796444673645,2250.5470849699227,78,Low,High,90.0,0,0,0,0
Oily,under 18,7.284372424898115,2500.5230462835707,63,High,High,90.0,0,0,0,0
Dry,35-44,3.0,2338.9376597654536,43,High,High,53.862741790500635,1,1,1,0
Oily,45-54,6.0188864753088644,1084.6835515717717,22,Moderate,Low,74.55556321480192,0,0,1,0
Normal,18-24,7.766803899287471,2686.829272581479,56,Low,High,90.0,0,0,0,0
Oily,55+,6.793827228058462,2476.4372736014693,78,Moderate,Low,84.90475632169574,0,0,1,0
Dry,under 18,9.418417386982968,2657.457226792024,90,High,High,68.1121504925552,1,1,0,0
Dry,18-24,9.459946794057089,2371.063745535946,18,High,Medium,69.77430686869269,1,1,0,0
Sensitive,45-54,7.113150458352389,1199.0170940514158,11,High,Medium,72.71326297170846,0,1,1,1
Combination,45-54,6.630906267805077,1578.376702341904,64,Low,Medium,75.11009262411572,0,0,1,0
Combination,under 18,10.0,1912.0570937838318,24,Low,Low,75.31426162187127,1,0,0,0
Sensitive,35-44,7.184807210176729,2275.742688020234,22,Low,High,84.45972385668301,1,0,0,0
Combination,25-34,7.06540366955868,2847.5255202153767,26,Moderate,Medium,90.0,0,0,0,0
Combination,45-54,6.066025957398322,2097.3037276186215,97,Moderate,Low,90.0,0,0,0,0
Oily,45-54,5.886294121452927,1339.988744389647,22,Low,Low,61.73573362497392,1,1,1,0
Combination,18-24,6.082346363642072,1981.481601475794,99,Low,Medium,90.0,0,0,0,0
Dry,55+,6.35604666322411,1653.789510063072,52,Low,Medium,78.44961249778245,0,1,1,0
Sensitive,18-24,4.890523804492249,1958.4472136856525,27,High,Medium,78.13389710487934,0,0,1,0
Combination,25-34,4.742919438953496,2380.027981844801,25,Moderate,Low,90.0,0,0,0,0
Normal,under 18,7.123659629401755,1271.2242502675347,35,Low,Low,80.41421075029494,1,0,0,0
Combination,18-24,6.536186384425205,1623.9217972047084,37,High,Low,61.795955491453896,1,0,1,1
Oily,35-44,7.478761765628771,2670.2252230115723,66,Moderate,Low,76.63010973760763,1,0,0,0
Combination,under 18,4.187241295531383,2057.5130395737087,93,Moderate,High,76.40965251079149,1,0,0,1
Normal,18-24,6.7598008066500395,2335.670038225233,73,Low,Medium,84.59941320186306,1,0,0,0
Sensitive,55+,7.319794942356534,1624.0153341305904,98,High,Low,79.08519765593827,0,0,1,0
Oily,35-44,6.521419096500073,1601.9870715982556,63,Low,Low,84.87577008506955,1,0,0,0
Sensitive,18-24,8.614010707897897,2010.6558243359711,16,Moderate,Medium,90.0,0,0,0,0
Oily,under 18,9.851786028629512,1969.6695930926896,61,High,Medium,90.0,0,0,0,0
Sensitive,45-54,5.937389849634306,1243.1428036935863,95,High,Low,74.43766488382487,0,1,0,1
Combination,55+,4.295290485616082,1207.932028497255,59,High,High,68.18740241657899,0,1,1,0
Combination,55+,7.400689976517225,2254.362511614967,78,High,High,77.12308155859522,1,0,0,0
Combination,55+,4.628213946951799,2447.5191570380575,7,High,High,72.50408108981946,1,0,1,0
Combination,18-24,6.2754084224748405,2073.3965059927746,82,High,High,90.0,0,0,0,0
Dry,18-24,9.418330942383136,2448.419657932766,42,Low,High,75.6085206752809,0,1,0,0
Normal,55+,6.597204028141252,1554.4038872923563,26,High,Low,64.41635880324174,0,0,1,1
Oily,under 18,3.7722768980060426,1640.4233403787898,47,Moderate,Medium,79.73317400890889,1,0,0,0
Normal,55+,6.6833046417584585,1506.4102364244081,68,Moderate,Medium,73.00144199207725,0,0,1,0
Oily,18-24,6.803114549361543,2038.4259414793842,58,Low,Low,83.21188179490174,1,0,0,0
Oily,under 18,6.662716027287882,1674.9987095882702,21,Moderate,Low,80.03671265017256,1,0,0,0
Dry,45-54,7.2529820079500915,2220.9703247847046,80,Low,Medium,66.06739248622318,0,1,1,0
Sensitive,35-44,5.364401383835731,2705.466189873135,94,High,Low,90.0,0,0,0,0
Oily,under 18,6.852117801573607,2009.424811472424,29,High,High,54.08131177122266,1,0,1,1
Normal,45-54,8.062321634884835,2116.608065631751,56,Moderate,Medium,71.52577115714384,0,0,1,0
Combination,18-24,8.429704950869867,2143.562082600912,33,Low,Medium,82.11853707062082,1,0,0,0
Oily,18-24,6.0813439380393435,2180.751762603051,45,Moderate,Medium,78.81369770138475,1,0,0,0
Dry,55+,5.2844106890190075,2054.2798528882618,68,Moderate,Low,61.61134374143205,0,1,1,0
Dry,under 18,6.950155014033308,1895.9415713637302,5,Moderate,High,90.0,0,0,0,0
Dry,18-24,6.807193732841604,1059.0754772511805,71,High,Low,75.21977436960883,1,0,0,0
Sensitive,45-54,6.176912638388558,2046.4224505705574,20,High,Medium,90.0,0,0,0,0
Sensitive,18-24,7.239784587996101,1486.162429537021,58,Moderate,Low,75.24398963843218,0,1,0,0
Combination,55+,8.898561761297051,1566.9125758927496,90,Moderate,Medium,70.45591664194954,0,0,1,0
Normal,55+,8.454185800790105,2213.5971809358425,18,High,High,58.90722037135359,1,0,1,1
Normal,under 18,6.0306590352342955,2887.655446304756,39,Low,Medium,82.79635202542151,1,0,0,0
Combination,under 18,5.2095447523652805,2459.577086805001,41,Low,High,79.16568558466182,1,0,0,0
Combination,18-24,8.500873477064466,1664.6898954616777,2,Low,High,78.22936611834483,1,0,0,0
Oily,45-54,9.088697950096494,1874.9767427005236,50,Low,Medium,60.32251752825786,1,0,1,0
Combination,35-44,7.4330404439197855,2130.16091938561,18,High,Medium,79.40753273529663,0,0,1,0
Combination,25-34,6.798536887794178,2405.404136579891,57,High,Low,90.0,0,0,0,0
Dry,55+,8.19023308082832,1125.7340133809096,56,High,Medium,62.55824971866789,0,1,1,0
Sensitive,55+,8.956510364317229,1168.7540059821629,53,Low,High,58.64853175919627,1,1,1,0
Normal,35-44,8.548819306512486,2563.3525684137917,11,Low,Medium,90.0,0,0,0,0
Combination,35-44,5.363550354677203,1794.5928560227076,22,High,Medium,73.67134378311722,0,0,1,0
Dry,35-44,5.341442997271097,1892.5394848556323,37,High,Medium,72.48122197554913,0,0,1,0
Normal,55+,6.537948573721388,2389.8302661346697,59,Low,Low,82.68964045539383,0,0,1,0
Combination,55+,8.965463119179413,2697.8419053949783,81,Moderate,Low,71.60970211539168,0,0,1,0
Sensitive,18-24,6.156747960132547,1895.389063127736,62,High,High,90.0,0,0,0,0
Oily,25-34,4.4748427116685745,1597.0649667519056,63,Low,High,69.84761270810353,1,0,0,1
Sensitive,55+,8.447277449646187,2807.7914117741157,15,Moderate,High,71.09973174087364,1,0,1,0
Dry,25-34,5.148476692180116,1703.767870423553,59,High,Low,84.47111671621573,0,1,0,0
Combination,under 18,6.96039136456161,2140.0805794098032,37,Moderate,High,84.23173319445056,1,0,0,0
Dry,55+,5.785594720117531,2212.030522232045,23,Low,High,48.33683883726213,1,1,1,1
Oily,45-54,6.289240979393626,1992.7738645608604,74,Moderate,Low,79.40478707341762,0,0,1,0
Sensitive,35-44,7.819426372005549,2003.211134905469,43,Low,Low,90.0,0,0,0,0
Dry,18-24,6.345421164210147,1945.1950980370846,64,Low,Low,64.88849571801117,1,1,0,0
Normal,55+,6.867455561191997,1814.994485058936,70,High,Low,71.25953259955344,0,0,1,0
Oily,18-24,6.611805905999346,2799.3235852523585,2,Moderate,Medium,81.37431434251263,1,0,0,0
Sensitive,45-54,7.841379171911858,1852.25984098542,66,Moderate,Low,84.56860694164855,0,0,1,0
Oily,18-24,8.045431606766103,1833.0902551219951,16,High,Low,53.393954810852826,1,0,1,1
Oily,under 18,8.759686956379962,2184.821096099047,2,Moderate,Medium,90.0,0,0,0,0
Oily,under 18,6.839046783993656,2223.858462905139,84,High,High,90.0,0,0,0,0
Oily,25-34,4.6436857718972515,1436.6162655450973,5,Low,Medium,63.25351657731119,1,1,0,0
Dry,18-24,5.2091124904014166,2071.4715473818533,85,Moderate,Low,68.84236749608239,0,1,0,1
Dry,45-54,9.598772499227637,3115.650073096316,99,High,High,78.79917848014499,0,1,1,0
Dry,55+,7.957076652161136,2250.4222374722285,24,Moderate,Low,73.1484493322166,0,1,1,0
Dry,45-54,4.298413398770892,1728.6631001329893,90,Moderate,Medium,66.63236901903554,0,1,1,1
Sensitive,18-24,5.818324372137642,1689.576200874442,65,Low,Medium,84.38192298762867,0,0,0,1
Oily,45-54,6.747784272122816,1763.9547111514364,17,Moderate,Medium,79.42867877169427,1,0,0,0
Combination,35-44,4.0310502844363185,2373.955128058767,14,Moderate,Medium,81.31912789076542,0,0,0,1
Sensitive,18-24,5.39088546139029,2119.623432055575,70,Moderate,Medium,71.24661012669547,1,0,0,1
Sensitive,55+,10.0,1540.3077042067882,47,Low,Low,77.62527439682609,0,0,1,0
Oily,35-44,3.204568715880505,1856.9978890599446,56,High,High,83.80782156114522,1,0,0,0
Normal,under 18,8.651439452497856,2979.173727110297,94,Low,Low,83.00913614491883,1,0,0,0
Dry,45-54,5.155675608321374,2248.349611618261,51,Low,Low,55.68072393341215,0,1,1,1
Sensitive,25-34,6.30203431482992,1947.0258228479322,60,High,High,75.12476798262202,1,0,0,0
Normal,25-34,10.0,1248.5148358024235,18,Moderate,Low,90.0,0,0,0,0
Sensitive,35-44,7.38060949224186,2233.8465858827167,29,High,Low,80.84843765690071,0,0,0,1
Sensitive,55+,8.62867948740902,2048.991576735448,3,Low,Medium,80.09566171250455,0,0,1,0
Combination,45-54,7.462075809256153,1804.1757162891045,79,Low,Low,77.2007663062693,0,0,1,0
Sensitive,35-44,7.403690411867661,1828.4038622512949,25,Moderate,High,79.95205243962516,1,0,0,0
Normal,25-34,7.932357834784076,1815.194831978183,69,High,Low,90.0,0,0,0,0
Oily,35-44,7.56565059085328,1985.3685931575108,15,Moderate,Medium,81.23663437049417,1,0,0,0
Sensitive,under 18,8.689075376158252,1974.3031382057568,4,Low,High,77.20617530472245,1,0,0,0
Dry,35-44,4.340451297689678,2630.960750356996,55,Low,Medium,80.12545073300517,0,1,0,0
Sensitive,55+,5.641401548706072,1673.11683067559,70,High,High,67.64061371640406,1,0,1,0
Sensitive,45-54,6.106508058934762,2687.2190465854087,48,High,High,69.79996575637664,1,0,1,0
Oily,18-24,3.796488679031957,3568.874266829997,46,Moderate,High,70.44519290774927,1,0,0,1
Sensitive,25-34,8.584085213599078,2111.61945706458,45,Moderate,Medium,90.0,0,0,0,0
Oily,55+,6.91765899907557,2142.7770374288284,31,Low,Low,73.09217979100707,1,0,1,0
Combination,under 18,7.781683642569007,2322.6077929750286,43,Low,Low,84.62622378312726,1,0,0,0
Sensitive,45-54,7.833406699005173,2044.7903406276243,65,Moderate,Medium,90.0,0,0,0,0
Sensitive,45-54,6.7039923695390105,1924.3633581732443,2,Moderate,Medium,80.16367946872056,0,0,1,0
Oily,35-44,6.707637579470979,2566.885048433532,12,High,High,66.99500624427425,0,0,1,1
Combination,25-34,7.890335083421293,529.8056826678599,55,Low,Medium,75.25892736113447,0,1,0,0
Oily,45-54,7.9838511647946415,2097.3680973593873,27,Moderate,Medium,78.96958971717174,0,0,1,0
Dry,45-54,6.971936865331154,1805.740773455557,95,Low,High,66.25094057627382,1,1,1,0
Dry,25-34,8.68616907997902,2473.763231061429,9,High,Medium,66.04429132897347,0,1,1,1
Normal,35-44,5.840683498264586,2203.5261435622674,85,High,Low,81.8607803172122,0,0,0,1
Normal,18-24,5.542514898188071,1310.1909176055347,73,Moderate,Low,60.036893078194396,1,1,0,1
Sensitive,45-54,6.059924163115053,2431.1967361913794,93,High,Low,79.53587996261344,0,0,1,0
Dry,18-24,8.42968756806413,2256.5427100486463,19,High,High,42.11333442607556,1,1,1,1
Combination,55+,8.087643680271995,2258.089143557479,20,Moderate,High,80.9413406075177,1,0,0,0
Dry,under 18,6.037777607165571,2215.9612723369705,31,Moderate,Medium,61.030512714897355,1,1,0,0
Dry,18-24,8.200614287841523,2377.1456649067873,34,Low,Low,78.41329287359818,0,1,0,0
Dry,55+,8.783370057211965,2354.151923600532,5,High,Medium,74.73815565839531,0,1,1,0
Oily,35-44,7.527172311312374,2535.075119158214,46,High,High,63.38979548558575,1,0,1,0
Dry,under 18,6.96021811112641,1559.0626743861412,73,High,High,65.2836794078847,1,1,0,0
Normal,25-34,6.755399554084354,1627.5486775967754,63,Low,Low,90.0,0,0,0,0
Normal,under 18,5.987232587538427,1927.740664642241,98,Moderate,Medium,68.90784159243705,1,0,0,1
Sensitive,18-24,5.811370118500058,1846.0192351804799,18,Low,Low,90.0,0,0,0,0
Sensitive,25-34,4.159577999569322,2106.6468536864695,75,Low,Medium,81.50191135895584,0,0,0,1
Oily,25-34,7.001808213043336,1591.4556844659046,69,Moderate,Medium,75.36684660034375,1,0,0,0
Dry,25-34,7.988868502648607,2468.7850688132794,60,High,Medium,84.78925789554435,0,1,0,0
Normal,under 18,4.588660203446539,1618.6376107168928,94,High,Low,77.11197289291034,1,0,0,0
Normal,35-44,5.846286475319053,1530.0484494455677,39,High,High,67.58926131528246,1,0,0,1
Sensitive,under 18,8.244212262897623,1903.0869306135983,50,Moderate,Medium,90.0,0,0,0,0
Dry,25-34,6.603227738034084,998.0688177966233,26,Low,Medium,76.20532752482237,0,1,0,0
Sensitive,under 18,7.95312704531384,1380.3708025732637,35,Low,Medium,68.6965266355229,1,1,0,0
Oily,18-24,7.089898945399493,2138.688468979096,89,Moderate,High,90.0,0,0,0,0
Sensitive,45-54,9.040987893757976,1345.589800440444,93,High,High,66.63417103372936,1,1,0,0
Sensitive,55+,3.0,2091.9247723768476,17,Low,Medium,74.86264593530493,0,0,1,1
Dry,45-54,9.700766772266281,2619.4731764697185,91,High,Low,68.35147927794225,0,1,1,0
Sensitive,55+,7.314489122911938,1754.1819071839764,17,Moderate,Low,72.5984708598725,0,0,1,0
Combination,18-24,8.210683894955965,1513.2269001477657,10,Moderate,Medium,90.0,0,0,0,0
Sensitive,45-54,7.714536654034329,2252.7350795833136,28,Low,Low,75.29339966043794,0,0,1,0
Dry,under 18,8.59031486124832,3379.8300194555386,59,Low,Medium,74.02340675516608,1,1,0,0
Combination,18-24,7.5886239507681506,1745.5181871462505,11,Moderate,Low,83.82649481191375,1,0,0,0
Normal,35-44,6.961638531712008,1115.462047555441,98,Moderate,High,82.75516050207885,1,0,0,0
Combination,25-34,5.957930303366412,1795.358780943448,95,Moderate,Medium,90.0,0,0,0,0
Dry,45-54,6.213867403098111,2076.177436016861,27,Moderate,High,65.430269609215,1,1,1,0
Normal,35-44,5.766370101426699,2560.5153336622357,31,Moderate,High,80.41835888581434,1,0,0,0
Dry,25-34,7.000310597377296,1995.3498394306928,88,Moderate,High,80.76709048926054,0,1,0,0
Normal,25-34,6.508157925230623,2077.5953419294897,9,Low,High,90.0,0,0,0,0
Combination,18-24,8.237647397001453,1566.4348921445498,60,Moderate,High,75.32790155692037,1,0,0,0
Normal,55+,6.012825266387115,1848.1369856116676,95,Low,Low,75.70513184581648,0,0,1,0
Combination,35-44,4.981193614790177,1590.371070139251,85,Moderate,Low,82.20219805683475,0,0,0,1
Normal,18-24,6.285668689683011,2437.1945903563637,33,Low,High,81.6082326413768,1,0,0,0
Sensitive,18-24,7.393841993502887,2096.794955683772,11,Moderate,High,83.58204265978888,1,0,0,0
Oily,25-34,8.276346943251959,1931.3141058003016,5,Low,Medium,76.65195962183172,1,0,0,0
Combination,35-44,7.5856972748933345,1948.389123533752,36,Moderate,High,75.7328311902465,1,0,0,0
Normal,25-34,7.398043524099442,1708.620671194209,55,Low,Medium,90.0,0,0,0,0
Sensitive,18-24,3.341774262585356,1932.8604189068478,71,High,High,84.46777811729014,1,0,0,0
Dry,18-24,9.13412220414991,2463.1077011207963,4,Moderate,Medium,83.83975952899443,0,1,0,0
Sensitive,under 18,8.448096226886756,2618.0653609031087,56,Moderate,High,80.42240295611407,1,0,0,0
Oily,55+,7.132986386442156,2098.6578537027976,18,Low,Medium,82.290175538329,0,0,1,0
Dry,55+,6.073522156848474,1841.963571986475,65,Moderate,High,50.865135268317516,1,1,1,0
Sensitive,under 18,7.923656724656713,2601.9422185844082,31,Moderate,High,90.0,0,0,0,0
Combination,under 18,6.790830586478501,1774.9053675742941,36,High,High,71.06277335980313,0,0,1,0
Combination,18-24,7.0007919382848955,2300.6033744645574,3,Low,Medium,78.40460676849968,1,0,0,0
Sensitive,55+,4.834217775799687,851.9095234313809,34,High,High,59.892942607631426,0,1,1,1
Normal,18-24,6.174194725762625,1389.6437870429208,27,Low,High,77.56200007567375,0,1,0,0
Normal,45-54,6.2377897035290335,1926.1098405912642,48,Low,Medium,81.39879800769882,0,0,1,0
Sensitive,under 18,6.3201273864654794,2726.233767235373,2,Low,Low,80.97603765987337,1,0,0,0
Dry,under 18,7.49011714690348,2150.237179805414,38,Moderate,Medium,64.74786583770901,1,1,0,0
Combination,55+,7.933310716065103,1430.5834411096155,12,Moderate,High,67.1139934948798,0,1,1,0
Oily,35-44,8.558667681130403,1962.11785673227,47,High,Low,80.73982901178692,1,0,0,0
Combination,35-44,8.00572092586182,1464.0713834799221,86,Low,High,72.15370717809401,1,1,0,0
Normal,under 18,4.669361850975903,2408.944829012514,37,Moderate,Medium,83.4980337266398,0,0,0,1
Dry,55+,7.564614289146275,1548.974222821245,38,Low,High,52.48184925092805,1,1,1,0
Sensitive,under 18,5.695505378087958,2562.717392207385,59,High,High,82.4661966893481,1,0,0,0
Oily,45-54,5.2158821606990085,2821.336476627982,2,Low,High,83.20447804136745,1,0,0,0
Oily,35-44,5.649068898028197,2319.1959628041914,90,Moderate,Medium,72.33096654256647,1,0,0,1
Combination,25-34,6.507072286376523,2301.5937155411716,23,Low,Low,90.0,0,0,0,0
Oily,55+,6.183828996828711,1918.603546963853,77,Moderate,High,84.9122939562499,0,0,1,0
Oily,under 18,7.061378763093582,1498.9062721092637,21,High,Medium,50.8808918611123,1,1,1,1
Sensitive,25-34,8.11123651813019,1743.3932167642074,11,Low,Low,90.0,0,0,0,0
Oily,18-24,6.657100126989972,1502.8253126957438,14,Low,High,76.40987969735151,1,0,0,0
Dry,35-44,3.1564995118070343,1904.4861186999156,83,Low,High,70.98763868656229,0,1,0,1
Sensitive,18-24,10.0,2392.302143949012,60,Moderate,Low,90.0,0,0,0,0
Dry,55+,6.971109430398408,1868.554585395866,89,Moderate,Medium,68.38195924522256,0,1,1,0
Normal,35-44,7.0336988392180695,2273.559557587605,6,Moderate,Low,90.0,0,0,0,0
Oily,55+,5.228780777036732,2557.160847334436,91,Moderate,Medium,64.3146489875614,1,0,1,0
Sensitive,35-44,8.073071973161866,2359.0928628539673,62,High,High,75.64719046066196,1,0,0,0
Sensitive,18-24,7.657713608214591,2009.808328846995,91,Low,High,90.0,0,0,0,0
Normal,25-34,8.00929185395023,2295.907066870689,70,Low,Medium,90.0,0,0,0,0
Sensitive,35-44,6.468938933588464,1713.1991135515495,14,Moderate,High,81.53235886630972,1,0,0,0
Sensitive,under 18,7.15278444289298,2774.510075747594,20,Moderate,High,90.0,0,0,0,0
Combination,35-44,5.141339386519149,1266.2373671237801,29,High,Low,53.00611587849014,0,1,1,1
Combination,55+,7.247141261854775,2025.443850928009,91,Moderate,Medium,74.90339059541,0,0,1,0
Combination,35-44,7.260012496555612,2121.97659895425,20,High,Low,68.11570270240804,0,0,1,1
Dry,18-24,6.665196618047792,2744.931719301041,77,Moderate,Low,68.22226396179198,1,1,0,0
Normal,under 18,4.598644032285227,1585.7514876098771,2,Moderate,Medium,73.94165799569679,1,0,0,1
Oily,under 18,6.845117859776429,1178.4055944229162,43,Moderate,Low,83.79311967179318,1,0,0,0
Combination,25-34,6.736218393351893,2830.735082864009,100,Moderate,Low,90.0,0,0,0,0
Normal,25-34,7.031329732443942,2115.3504528593417,19,High,High,74.96364534385705,1,0,0,1
Oily,under 18,5.1097528522411295,1691.8192959802614,100,High,High,70.3163178745269,1,0,0,1
Oily,18-24,6.437205429514094,1841.142451621883,80,Low,Low,83.429674526427,1,0,0,0
Combination,55+,8.922465692505654,2278.8455303625624,56,High,Medium,83.51058641586873,0,0,1,0
Combination,25-34,5.332813064594452,2123.2523892160025,17,Low,Low,82.92125080640542,0,0,0,1
Oily,18-24,7.747332622745178,2570.074519260633,60,Moderate,Medium,84.14766138300183,1,0,0,0
Combination,55+,9.370811029852561,1492.4529040860657,96,Moderate,Medium,69.6007330876444,0,1,1,0
Dry,18-24,5.783713733184493,1371.211070542692,54,Moderate,Medium,56.446714752394186,1,1,0,1
Oily,55+,6.6489702113395275,2233.1791872231674,66,Low,Low,69.47240713431333,1,0,1,0
Sensitive,under 18,8.481001774883653,1962.0244881787387,84,High,Low,84.42190170453988,1,0,0,0
Normal,25-34,6.520228715117734,2075.87899612437,53,Moderate,High,76.26453635809399,1,0,0,0
Combination,25-34,5.747285647554966,3044.7693608473865,1,Moderate,High,75.31198514231579,1,0,0,1
Normal,45-54,4.588508459322912,2092.3702894478624,100,High,High,57.411265362411804,1,0,1,1
Oily,under 18,10.0,2003.399922279999,68,Moderate,Medium,77.5994777768943,1,0,0,0
Dry,45-54,6.7149414474977585,1821.2772885947863,69,Moderate,Low,77.17996202326839,0,0,1,0
Dry,under 18,6.729412477356388,2686.424237338265,3,High,High,60.17354308972794,0,1,1,1
Combination,55+,3.6822071330057398,2766.716850648163,64,Moderate,Low,84.37625097301837,0,0,0,1
Combination,45-54,4.864064271324782,1866.6738353827927,94,Low,Medium,73.55057098039389,0,0,1,1
Normal,45-54,6.3561333695520075,2294.2766348853597,29,Moderate,Medium,73.22816105763474,0,0,1,0
Normal,55+,4.602813472174379,2231.0863330409716,17,High,Medium,81.28550003038046,0,0,1,0
Normal,18-24,10.0,1318.4129977035948,99,Moderate,Medium,76.7156237056812,0,1,0,0
Oily,under 18,7.284559251415594,1669.0089111016955,7,Moderate,Low,80.53835912957246,1,0,0,0
Combination,55+,7.638830809289553,2009.573888707876,67,Moderate,High,63.44719613767986,1,0,1,0
Sensitive,35-44,6.037769636433536,2243.936142435537,88,Moderate,High,76.76188169696609,1,0,0,0
Dry,45-54,9.706522164680115,1904.5481041363507,16,Moderate,High,53.19678526128708,1,1,1,0
Oily,55+,8.079636913222274,1353.3635210644181,20,High,Medium,62.77640808607462,1,1,1,1
Combination,25-34,5.565345434772987,2236.2031389401886,38,Moderate,Medium,90.0,0,0,0,0
Dry,18-24,9.226174042803947,2177.80667439283,100,High,Medium,76.1094279376058,0,1,0,0
Dry,18-24,6.530412954215269,1999.6457027116771,94,Moderate,Low,76.29573464060705,0,1,0,0
Sensitive,35-44,5.124388399045424,2302.2576631776833,73,Moderate,High,81.62176752229412,1,0,0,0
Normal,18-24,8.323499593485113,1773.9548335834597,97,Low,High,77.38321219012667,1,0,0,0
Sensitive,18-24,6.294936778360748,2132.9391148260243,93,Moderate,Low,78.3549768758126,1,0,0,0
Sensitive,35-44,6.3449203959391065,1966.9336926870888,29,Moderate,Medium,90.0,0,0,0,0
Normal,under 18,10.0,1876.4871496270016,85,Moderate,High,90.0,0,0,0,0
Oily,18-24,6.462489771968166,1676.2290971824204,90,Low,High,77.28404859398314,1,0,0,0
Combination,45-54,8.116287957249906,1909.3879133909486,82,Low,High,69.42289891901679,1,0,1,0
Oily,45-54,6.025940442517861,2660.652016136506,66,Low,Medium,71.83546774909658,1,0,1,0
Oily,25-34,9.129404506770456,1699.7882171306474,100,Low,Low,76.61082559170903,1,0,0,0
Normal,35-44,4.200190072959076,2503.756844918461,10,High,High,60.103337982305995,1,0,1,0
Dry,35-44,5.973055261359994,2395.3127995813843,3,High,Medium,70.96306004621994,0,1,1,0
Dry,25-34,4.044844273432247,2446.2986691496544,98,Low,Low,80.92723565708037,0,1,0,0
Normal,25-34,5.183242106078828,2365.3820595332622,23,Low,High,90.0,0,0,0,0
Combination,18-24,7.021409601754651,1523.0302903016775,52,Moderate,Medium,76.72258601341386,1,0,0,0
Oily,under 18,6.389445530609829,2343.1592284783505,25,Low,High,80.07020559097668,1,0,0,0
Normal,35-44,7.158841679672851,2292.206490236242,14,Moderate,Low,90.0,0,0,0,0
Combination,35-44,9.964660876773229,1217.8791941444742,70,Moderate,Low,80.9250621025606,0,1,0,0
Dry,under 18,9.425818862452935,2052.1779687616063,34,High,High,58.58350835311985,1,1,1,0
Normal,18-24,5.6518239275153075,1334.8431871305052,100,Low,Medium,73.51135613487884,1,0,0,1
Normal,35-44,6.71631941383445,2460.8250559622297,5,Low,Medium,90.0,0,0,0,0
Normal,25-34,6.808676319433698,2755.577465123674,83,Low,Low,90.0,0,0,0,0
Oily,35-44,4.823236464922662,1993.9555260769728,34,High,Medium,59.16371863640631,1,0,1,1
Oily,18-24,5.121409833380321,2181.815941312484,94,High,High,90.0,0,0,0,0
Oily,18-24,8.33033108514595,1789.6191031594733,92,High,Medium,82.89149823707004,1,0,0,0
Normal,25-34,3.0936792150592987,2099.474073398247,87,Moderate,High,82.73640959437887,0,0,0,1
Dry,55+,7.655107827600264,2202.1473774808487,41,Moderate,Low,79.00486332711151,0,1,0,0
Dry,55+,8.853673287733232,1464.4731601754756,0,High,Medium,90.0,0,0,0,0
Normal,55+,8.020324158175674,2596.2537562389875,90,Moderate,Medium,73.1904214758366,0,0,1,0
Oily,45-54,4.332118623990224,2159.8259129594885,3,High,Medium,64.05805015012582,1,0,1,0
Dry,55+,6.243730253488493,1959.238663449177,1,Low,Medium,83.07009142305124,0,1,0,0
Oily,25-34,7.5215147253075045,1756.3857179432239,87,High,Medium,90.0,0,0,0,0
Normal,55+,5.986437881257582,2017.0762087440123,38,High,Low,77.59286992617363,0,0,1,0
Combination,35-44,5.369131091705796,1457.0874355574074,90,High,High,83.01956910226693,0,0,0,1
Combination,45-54,8.019059924434755,1425.602982420672,64,Moderate,Low,63.16586176728653,0,1,1,0
Normal,18-24,7.999468751363818,2231.2956464269755,8,High,Low,57.24901218021672,1,0,1,1
Combination,18-24,4.411289906814105,1661.2176738321725,86,Low,High,69.43992480785518,1,0,0,1
Oily,35-44,8.79116410457106,1509.4172344301592,82,High,High,90.0,0,0,0,0
Combination,35-44,6.303393606535918,2231.030446625948,52,Moderate,Low,90.0,0,0,0,0
Normal,35-44,8.175085763923892,1874.2305569777523,63,Moderate,High,76.16197558334319,1,0,0,0
Dry,under 18,6.103734707962538,2711.1849308492538,35,Moderate,High,84.94840715886214,1,0,0,0
Oily,45-54,9.608349495696368,2489.4290253908976,3,High,Low,80.76179743127706,1,0,0,0
Dry,25-34,7.127977213847536,1595.867139179537,39,Low,High,79.4810371791946,1,1,0,0
Combination,25-34,5.7543333901651526,2261.2570526328786,31,Low,Medium,90.0,0,0,0,0
Combination,under 18,7.627597331333026,2700.799296473215,42,High,Low,60.78102672521242,1,0,1,0
Sensitive,45-54,7.975675138804209,1248.459849120091,15,Low,Low,65.82559366443591,0,1,1,0
Dry,under 18,8.577921426584378,1500.9696863427935,56,Low,Medium,80.68161010252012,1,0,0,0
Oily,45-54,6.424043092071472,2125.1001031258475,6,Moderate,Medium,60.858239073207436,1,0,1,0
Normal,under 18,9.993501234675946,3554.9592780026805,58,Moderate,Medium,76.20061832515816,1,0,0,0
Normal,under 18,7.910084588704274,1908.401690639806,43,High,High,72.57201260483096,1,0,1,0
Oily,under 18,7.801758472720826,2443.827712936918,76,High,Low,76.59220537590872,1,0,0,0
Normal,18-24,6.518998561664213,2897.6056779561613,81,High,Medium,80.18600696886904,1,0,0,0
Normal,35-44,7.345106138787103,2248.8715445456974,23,Low,Low,90.0,0,0,0,0
Oily,under 18,7.998886378081692,2210.793305307228,16,Moderate,High,75.40258648606353,1,0,0,0
Combination,25-34,8.258410750704417,1691.3734067265384,74,High,Low,90.0,0,0,0,0
Dry,35-44,6.162547369080954,1449.9228835141525,39,High,Medium,71.51178923187265,0,0,1,1
Dry,45-54,7.659251845930339,2389.468251756057,71,Low,Medium,67.21597374392542,0,1,1,0
Oily,25-34,7.686659299227829,2837.2462166737687,24,High,Medium,55.39826147904651,1,0,1,1
Normal,25-34,6.99160597175643,2334.3708277962564,53,Moderate,Low,90.0,0,0,0,0
Oily,35-44,5.362448685791028,1806.4501487627995,5,Moderate,Low,71.27964570857695,1,0,0,1
Dry,18-24,8.043306636348666,2424.551055371572,61,High,Medium,67.98003873264831,1,1,0,0
Oily,25-34,6.559049578503727,1964.2003740709665,1,Low,Medium,90.0,0,0,0,0
Oily,18-24,4.723189379978786,1821.4853995966953,37,Moderate,Low,75.87291234988476,1,0,0,0
Oily,18-24,8.33557474527968,2287.602508053283,25,Moderate,Low,90.0,0,0,0,0
Combination,55+,7.750998582071815,2024.88684359048,22,Moderate,High,90.0,0,0,0,0
Dry,25-34,7.010594737942265,1669.8394302632764,12,Low,High,76.14988475211196,0,1,0,0
Combination,18-24,8.048242630303802,2210.486472194695,39,Moderate,Low,81.27649741911078,1,0,0,0
Dry,45-54,7.738028271989199,1736.9825786662097,79,Moderate,High,73.07652825232881,0,0,1,0
Dry,45-54,3.7699856201931334,2548.5763558768476,48,High,Medium,53.95276508176138,0,1,1,1
Normal,25-34,6.281743815987394,1568.6121179784398,19,Moderate,Low,90.0,0,0,0,0
Oily,55+,8.04021836787099,1803.9936800404353,35,Low,High,69.92054159447638,1,0,1,0
Sensitive,55+,8.589904576069934,2308.5029747883486,78,Low,Low,73.730379430679,0,0,1,0
Normal,25-34,8.025353984800716,1317.022144399733,63,High,Medium,90.0,0,0,0,0
Combination,45-54,8.8179159780796,2130.625265616928,88,Moderate,High,65.69083443655721,1,0,1,0
Normal,55+,6.4460842911306955,2071.6942336711254,4,Low,Low,78.2187989507055,0,0,1,0
Dry,35-44,4.33564715065252,2204.3264057403353,27,Moderate,Medium,72.41575935598657,0,1,0,1
Normal,under 18,5.455942737726893,1323.6648570782327,17,Low,Medium,64.70120765507107,1,1,0,1
Sensitive,35-44,4.716461220673163,2556.3441874949626,52,Moderate,Medium,90.0,0,0,0,0
Sensitive,under 18,6.056104909460817,2766.8638549582497,22,Moderate,Low,90.0,0,0,0,0
Oily,25-34,6.196297805421553,1146.3210212035265,10,Moderate,High,64.29739681587364,1,1,0,0
Oily,under 18,5.325213340077012,2617.9058100034695,9,Moderate,Low,75.412303369641,1,0,0,1
Combination,18-24,6.766152733094999,1725.8563517546995,90,High,Low,77.47616643338014,1,0,0,0
Normal,25-34,7.240027338779181,2250.8913680837727,1,Moderate,Medium,90.0,0,0,0,0
Combination,35-44,8.67609822385369,2724.249614946463,51,High,High,90.0,0,0,0,0
Normal,18-24,6.460347031316371,1336.976156958981,50,Low,Low,82.90124979060603,1,0,0,0
Normal,45-54,6.379802258315086,2130.140253291443,96,Moderate,High,81.59340427876153,1,0,0,0
Dry,35-44,5.554361610684084,1521.4245425524787,98,High,Medium,82.2077659133783,0,0,0,1
Combination,18-24,7.5156818223248285,1975.6738242147744,73,Low,Medium,84.90318845959007,1,0,0,0
Combination,25-34,7.04919549311738,1620.7523326499652,28,Moderate,Medium,90.0,0,0,0,0
Sensitive,55+,6.654398928691349,1537.8834278658478,68,Moderate,Medium,76.48633858725155,0,0,1,0
Oily,18-24,8.33529761668718,2517.624667361876,19,Moderate,High,78.96997214006244,1,0,0,0
Normal,45-54,4.230718206642859,1535.2445699037949,50,Moderate,Low,84.0443612782854,0,0,1,0
Sensitive,under 18,4.755206117364882,1674.988032796551,42,High,Medium,76.06536488165922,1,0,0,1
Normal,35-44,6.874843045314459,1275.177390150735,3,Low,Low,90.0,0,0,0,0
Sensitive,25-34,5.6172102803120305,1498.0213139592506,26,Low,Medium,84.30020567367497,0,1,0,0
Normal,under 18,7.310900994098416,2034.6721685181253,21,Moderate,Medium,75.10404876539529,1,0,0,0
Dry,45-54,5.91739366999412,2088.410436069699,53,Moderate,High,76.34300506066683,0,1,0,0
Sensitive,55+,6.179979873119102,1864.1724448369735,85,Moderate,Low,70.91268617917072,0,0,1,0
Normal,18-24,9.510178135447806,2670.2305258951737,64,High,High,82.98297271077013,1,0,0,0
Dry,35-44,5.050628144608604,2414.866208939587,8,Moderate,High,58.068377275810214,1,1,0,1
Oily,25-34,8.217094831737388,1425.8683556236908,82,Moderate,Medium,77.88352066335479,1,0,0,0
Normal,18-24,8.228166465632292,2768.9659592062762,53,Low,Low,77.66756047069455,1,0,0,0
Sensitive,35-44,5.316182790633379,1541.2485894928682,84,Low,High,74.86601053614798,1,0,0,1
Dry,25-34,8.526492200265254,2135.747655412824,80,High,Medium,84.33256136640578,0,1,0,0
Dry,35-44,7.827214412859285,2170.294608200248,52,High,Low,84.23466363881552,0,1,0,0
Oily,45-54,7.586043881392216,1336.7639358444585,98,Moderate,Medium,72.85065895064994,1,1,0,0
Sensitive,35-44,8.570976559932173,2584.794996213887,43,High,Medium,79.04988508249357,0,0,1,0
Oily,25-34,6.655913883897958,1978.2615250930687,14,High,Low,65.27821410858189,1,0,1,1
Sensitive,18-24,4.703338746166416,2257.1273780089173,60,Moderate,Low,90.0,0,0,0,0
Oily,18-24,7.858086162571216,1968.9044915003444,37,Low,High,83.31546626407018,1,0,0,0
Oily,55+,8.686530039805755,1832.9613845100298,34,Low,Medium,82.83327566724924,1,0,0,0
Normal,18-24,7.8469088888404,1490.1678306539422,56,High,Low,64.7207774085615,1,1,0,0
Oily,35-44,6.964671773688643,1912.822871048582,88,Moderate,Medium,90.0,0,0,0,0
Oily,under 18,7.337961883061412,1815.2365355833208,98,Moderate,Low,81.25355296516743,1,0,0,0
Dry,18-24,6.802791106492498,2413.023585720753,11,Low,Medium,90.0,0,0,0,0
Dry,55+,6.344853644142674,1196.7114496306604,85,Low,Low,69.07233662540104,0,1,1,0
Dry,under 18,9.62437585630813,2690.727039345243,53,High,Low,70.52647070816357,1,1,0,0
Normal,35-44,5.0616059573415715,2344.853902622597,54,Low,Low,90.0,0,0,0,0
Combination,25-34,6.245537844172985,2131.74360766553,22,Low,Medium,90.0,0,0,0,0
Combination,under 18,7.4413361935202404,1882.796099841839,49,Low,Medium,90.0,0,0,0,0
Combination,55+,5.824351501620406,1654.7294738418702,79,Moderate,Low,90.0,0,0,0,0
Combination,45-54,5.6257121267781365,1584.0888958847777,63,Low,High,59.5234647421307,1,0,1,1
Sensitive,55+,6.899232564925967,1642.120005444624,98,High,Low,75.46969822476996,0,0,1,0
Combination,55+,8.02307809856893,2743.6230776679636,61,Low,Medium,90.0,0,0,0,0
Normal,35-44,6.129920137944936,2119.7022502676887,48,High,High,74.7664243402796,1,0,1,0
Oily,45-54,7.7495276654544005,2236.001135459637,97,Low,Medium,81.34681404161086,0,0,1,0
Oily,under 18,7.113932901874131,2371.3412091798614,17,Moderate,Medium,90.0,0,0,0,0
Dry,35-44,7.7233734290209854,1381.168788836351,26,High,Low,60.785069794717444,0,0,1,1
Dry,25-34,8.30373409658391,2443.6454186333713,40,High,Low,65.89749838853481,0,1,1,0
Oily,18-24,5.855070843732127,2018.968917723801,93,Moderate,Medium,80.46683971145458,0,0,0,1
Dry,55+,8.024993489216603,1895.3430902103191,89,High,Low,69.54972744240271,0,1,1,0
Oily,under 18,8.609467071649018,3181.9362473096803,62,Low,Low,90.0,0,0,0,0
Dry,18-24,5.821020951047526,1309.4776984231125,16,Low,Low,69.32468993196952,1,1,0,0
Sensitive,25-34,7.455727893407314,2360.7812525630716,21,High,Low,82.35346742654019,0,0,1,0
Combination,45-54,6.653700439232846,2726.630331660517,57,High,Low,73.28066611872941,0,0,1,0
Oily,25-34,4.992091300415127,2346.4593115158054,50,Moderate,Low,73.60587497163901,1,0,0,1
Dry,35-44,6.09120876886166,2859.6889531036486,2,Moderate,Medium,77.41141677599721,0,1,0,0
Combination,45-54,9.988773029752178,1616.6717061083261,68,Low,High,70.62303619047337,1,0,1,0
Sensitive,45-54,6.17566429613713,2429.793943489901,77,Moderate,Low,74.2770494368756,0,0,1,0
Dry,18-24,6.4193040253157285,1977.2943910338809,24,Low,Low,68.6507609746578,1,1,0,0
Sensitive,35-44,7.038082630813615,1040.163421901172,95,Moderate,Medium,78.5895127812384,0,1,0,0
Normal,under 18,6.9792433808586445,1655.136112967913,52,Low,Low,79.34391407949013,1,0,0,0
Dry,35-44,6.260315766400342,2721.816001734407,32,High,Medium,55.03435660648668,0,1,1,1
Dry,18-24,5.115239658581116,2406.6025933739884,61,Low,Medium,66.78240864156632,1,1,0,0
Sensitive,55+,6.581555604502287,1860.1199157520828,18,Moderate,Low,70.72332631841995,0,0,1,0
Dry,under 18,8.185557844077566,2170.0256472844453,14,Low,High,66.41506677130889,1,1,0,0
Oily,45-54,7.855919495829296,2484.0923302664305,24,Moderate,Low,62.95603618088076,1,0,1,0
Sensitive,45-54,6.503037425225016,1693.881632746125,39,High,Medium,65.58882076967,0,0,1,1
Normal,25-34,5.372274210163303,1587.2947350105223,18,Moderate,High,81.5049550195001,0,0,0,1
Oily,18-24,10.0,2622.3397903683936,62,Low,Low,90.0,0,0,0,0
Sensitive,45-54,4.973388450687968,1338.7710216282148,53,High,Medium,67.7329494895116,0,1,1,0
Dry,45-54,7.722799092577738,2273.6323986889834,14,Moderate,High,83.1436195819869,1,0,0,0
Dry,25-34,7.8233257529760465,1872.5221032231511,52,Moderate,High,78.10994750548247,1,1,0,0
Oily,35-44,6.811818609995649,2163.9397620796785,15,Moderate,Low,79.14353599885254,1,0,0,0
Sensitive,35-44,7.128839509439995,890.3498136262324,86,Low,Low,90.0,0,0,0,0
Oily,55+,6.6553005541372094,1574.2967828698431,74,Low,Low,79.36501295086165,0,0,1,0
Normal,25-34,7.262817128362768,3492.629501301705,62,Moderate,Medium,90.0,0,0,0,0
Normal,35-44,7.551222498211457,1843.2351569138011,43,Moderate,High,75.00554864740195,1,0,0,0
Dry,25-34,8.382702252965878,2241.3439436046065,85,Moderate,Medium,75.246949392853,0,1,0,0
Combination,under 18,7.630141735677762,2303.4252966078357,0,Moderate,High,76.64578840971213,1,0,0,0
Dry,under 18,10.0,1434.5557823370423,77,Low,High,76.84948241349029,0,1,0,0
Combination,35-44,7.710448115217182,1536.8094350092308,79,High,High,79.85085998377751,1,0,0,0
Dry,under 18,7.833268969513372,1540.6567442569528,81,Moderate,Low,63.90752476667766,1,1,0,0
Sensitive,18-24,6.373949779592373,1852.455042881047,77,Moderate,Medium,77.06039621819785,1,0,0,0
Combination,35-44,8.463725079017063,2459.2272219712067,60,High,High,77.65722257011693,1,0,0,0
Combination,45-54,5.131423935330423,2027.4670554999243,24,High,Low,63.273161753255344,0,0,1,1
Oily,18-24,5.935630217876241,1370.7475446623328,63,Low,Medium,55.59366604129681,1,1,0,1
Sensitive,55+,6.674474424363444,1845.75860577209,69,Low,Low,73.70121218887607,0,0,1,0
Oily,under 18,10.0,2216.479912680348,55,High,Low,90.0,0,0,0,0
Combination,35-44,4.933573748868644,1717.612997914529,98,Moderate,Low,81.67033659382528,0,0,0,1
Oily,55+,8.532074943144098,3044.2213864349624,17,High,High,57.184786417098834,1,0,1,1
Normal,under 18,4.621025031643063,1060.0378074304776,82,Moderate,Medium,56.199885323183594,1,1,0,1
Sensitive,18-24,9.806447763057673,2194.807088685452,28,Moderate,Low,90.0,0,0,0,0
Oily,under 18,5.69756090218545,2267.3145430612176,43,High,High,77.5538224770123,1,0,0,0
Combination,35-44,3.0463783914746836,2001.6877532985804,73,High,Low,90.0,0,0,0,0
Normal,45-54,7.491731759264628,2462.135069768915,24,Moderate,Medium,79.52464236346802,0,0,1,0
Dry,45-54,5.479156071561194,2042.8435807016795,84,High,High,63.260475495007924,0,1,1,1
Sensitive,55+,5.611863060910619,2127.6918778371587,58,Low,High,67.09136862297521,0,0,1,1
Combination,25-34,5.656980516455464,1795.9495804198896,64,High,Low,90.0,0,0,0,0
Normal,35-44,5.506276907814657,2325.5681209118284,80,Low,Medium,90.0,0,0,0,0
Sensitive,under 18,8.287676674984997,1882.689715021293,42,Low,High,90.0,0,0,0,0
Dry,55+,7.0573569924400426,1275.7042926832278,94,Low,Low,60.500862942585094,0,1,1,0
Dry,under 18,6.5504850279898195,1974.8976914791276,70,Moderate,Medium,71.35215667028893,1,1,0,0
Oily,45-54,10.0,1444.0164871129182,93,Moderate,Medium,74.1113536955097,1,1,0,0
Normal,under 18,9.196265858128656,2498.429386732904,90,Moderate,Medium,79.22842590976052,1,0,0,0
Sensitive,55+,7.420954606735204,2879.3102420975665,61,Moderate,Low,72.93462335150139,0,0,1,0
Dry,55+,7.558158208910294,2194.5795978339643,83,Low,Medium,59.41591621267841,0,1,1,0
Dry,35-44,6.920319020473682,2611.7844412093136,54,High,Low,84.03952268096926,0,1,0,0
Sensitive,18-24,8.644703850716326,1687.1613562518937,6,Low,High,79.06607609735269,1,0,0,0
Dry,55+,5.021129208101849,1898.5096813021714,92,Moderate,Low,67.8978347748311,0,0,1,1
Sensitive,55+,5.7999421534035305,1968.2377126923225,85,High,Low,65.65048295680737,0,0,1,1
Sensitive,25-34,8.856157202026209,1771.349172456605,1,Low,Low,90.0,0,0,0,0
Oily,under 18,6.935764928032638,2029.0113674041977,62,High,High,82.75064959950546,1,0,0,0
Normal,45-54,8.272646323307928,876.5553330076973,73,Moderate,Medium,73.29506944711275,0,1,1,0
Sensitive,25-34,6.089949557852055,2105.6418461397366,73,Low,Low,90.0,0,0,0,0
Combination,under 18,8.800118434640291,1754.0487762468974,91,High,Low,77.99258090408546,1,0,0,0
Sensitive,45-54,4.185170940937189,2309.855722983068,68,High,Medium,82.30509107136172,0,0,0,1
Oily,18-24,6.046956416761556,1405.1666704548193,84,Low,Low,78.04784110337961,1,0,0,0
Sensitive,25-34,6.063481915430164,1907.7373211720753,15,Low,Low,90.0,0,0,0,0
Normal,18-24,6.09288300319268,897.2169714504655,83,Low,Low,76.48549893848086,1,0,0,0
Oily,45-54,8.345599295330699,2637.437520639361,38,Moderate,High,75.12760948388812,0,0,1,0
Dry,25-34,7.977282987009259,1431.1571647875917,5,High,Medium,55.19417709800172,0,1,1,1
Combination,45-54,6.697762699078723,1996.739342385271,68,High,Low,75.06074505078458,0,0,1,0
Oily,18-24,7.898191584342865,2334.17024435904,4,Low,Low,90.0,0,0,0,0
Dry,18-24,5.898739301832256,2040.9977782067801,77,High,Low,66.7025204827083,1,1,0,1
Dry,35-44,7.685920606922862,2727.9111610733835,58,Low,Medium,75.59800671826933,0,1,0,0
Dry,45-54,8.056759809737084,2394.5283436877594,26,Low,High,53.260362310765586,1,1,1,0
Normal,45-54,7.125739941894041,2705.229572601752,20,Moderate,Low,73.18323901664908,0,0,1,0
Sensitive,under 18,7.614644193939246,1569.4560449132148,77,Low,Low,90.0,0,0,0,0
Normal,under 18,9.105054955187786,2348.951636269514,87,High,Medium,90.0,0,0,0,0
Oily,25-34,6.335433968307276,1760.2535163003784,42,Moderate,Low,82.7423453127111,1,0,0,0
Oily,under 18,7.4448633177111425,2231.592397633792,48,Low,Medium,77.17266381340951,1,0,0,0
Oily,18-24,7.295938398446809,2155.6543367214426,67,High,Medium,76.93201836275915,1,0,0,0
Oily,45-54,9.549936061864571,2535.7715761174427,44,High,High,61.036024030819625,1,0,1,0
Dry,25-34,7.285953386897536,2470.655290383742,96,Moderate,Low,77.58702861682983,0,1,0,0
Normal,45-54,5.451214144708691,2198.9635249734047,76,Moderate,Medium,72.54797122687162,0,0,1,1
Dry,18-24,9.713959524599666,1890.977052303813,48,High,High,61.94514268277829,0,1,1,0
Normal,35-44,5.728549107071373,1673.9555557034696,90,Moderate,Low,83.22999291872722,0,0,0,1
Sensitive,45-54,5.365550443986417,1607.6190459361483,36,Moderate,Medium,68.07917732934092,0,0,1,1
Oily,25-34,6.444237852114957,1297.216490410679,52,Moderate,Low,84.23306787535898,1,0,0,0
Oily,18-24,7.023427500924405,2451.1385868933235,73,Low,Low,79.45840225148282,1,0,0,0
Sensitive,under 18,5.638365729779619,2759.6419618208843,54,High,High,75.21010685871295,1,0,0,1
Normal,55+,7.766188132791392,2515.2902928120284,15,Moderate,Low,71.33670391536533,0,0,1,0
Oily,55+,6.013248169221795,2427.262613533308,54,High,High,63.29471168108953,1,0,1,0
Normal,55+,5.3620991494070305,2445.1237504182545,77,Low,High,60.98494887371673,1,0,1,1
Combination,18-24,7.257759009690297,2276.6256099923917,65,Moderate,Low,81.20905234139532,1,0,0,0
Combination,under 18,5.236608091562722,1552.4650788616977,43,High,Low,60.81750446396217,1,0,1,1
Oily,55+,7.895842327380077,1525.8259978878996,80,High,Medium,71.00332834283245,0,0,1,0
Normal,under 18,7.694809438148685,1316.431096769877,59,High,Medium,90.0,0,0,0,0
Sensitive,25-34,8.272261319000002,1383.7383426157453,38,Moderate,Low,90.0,0,0,0,0
Dry,35-44,7.8284499065192845,2312.8154668230004,45,Low,Low,83.02455566192093,0,1,0,0
Normal,45-54,5.954842272355638,2291.0132835423633,19,Moderate,Low,78.64566945683262,0,0,1,1
Sensitive,35-44,7.390663395000334,1730.5790719036308,47,Moderate,Medium,90.0,0,0,0,0
Sensitive,18-24,5.487167973885688,1018.6871541637105,68,Moderate,Low,67.00940844619917,1,1,0,1
Dry,under 18,7.52447507094954,1217.5986143189725,24,Moderate,Low,81.6878648921104,0,1,0,0
Oily,18-24,7.143016299161962,1868.2758919588755,85,Low,Medium,75.17071297274532,1,0,0,0
Oily,35-44,8.018714163157293,1848.977250255068,62,High,Medium,77.85679041389868,1,0,0,0
Combination,35-44,6.505828320479363,2365.9353521441476,64,High,High,81.11151493106651,1,0,0,0
Oily,under 18,7.502587043626177,2158.077978591389,2,Low,Low,84.86351044719034,1,0,0,0
Dry,under 18,7.70390138471279,1232.2139383964472,86,Moderate,Medium,69.73101814908891,1,1,0,0
Sensitive,under 18,8.135183019980474,2306.2343970068014,97,Moderate,Low,77.70751427775325,1,0,0,0
Dry,18-24,5.474975307135255,1877.9597631628994,35,Low,Medium,66.492569357771,1,1,0,1
Normal,45-54,6.9410390685585535,1932.7516077991336,23,Low,High,83.51273900051532,1,0,0,0
Sensitive,under 18,7.500789949852802,2715.6833909155916,35,Low,Low,78.83532641830716,1,0,0,0
Oily,under 18,8.622650091509243,1343.890403284297,48,Moderate,High,78.66690024881629,1,0,0,0
Combination,35-44,7.933104985459073,2664.4666597677046,61,Low,High,84.48344511506781,1,0,0,0
Oily,25-34,7.580212781033804,2545.4902125929834,46,Moderate,Medium,82.53031363190406,1,0,0,0
Oily,18-24,10.0,2511.8547730534906,5,Low,Low,81.7836039355414,1,0,0,0
Combination,35-44,7.373962893462593,2522.5442370423766,35,High,Low,74.54464356789957,0,0,1,1
Oily,under 18,7.217331749645337,2011.9515216424777,85,Low,High,76.38025729877441,1,0,0,0
Combination,25-34,6.472878646429401,2781.706679416054,94,Moderate,High,79.71137936378167,1,0,0,0
Combination,18-24,5.7723570010869985,2766.183862339058,83,Moderate,Low,84.12768826729105,1,0,0,0
Normal,under 18,7.749796185610557,1300.346912599029,5,High,High,62.799195290067296,1,1,1,0
Sensitive,18-24,7.551473939487132,949.986746174188,68,High,Low,90.0,0,0,0,0
Normal,55+,7.938262025246553,2442.6157414944955,32,High,Medium,68.71852080055626,0,0,1,1
Oily,35-44,6.11146606652192,2061.7738479777913,53,High,High,83.33064872032749,1,0,0,0
Combination,55+,9.93123615062543,1747.1266478690316,16,Moderate,Low,84.08809913757551,0,0,1,0
Dry,55+,5.411638619415099,2740.831701231299,50,Moderate,High,60.27471302090671,1,0,1,1
Normal,25-34,9.943880785796193,2001.8478359239236,26,Low,Low,90.0,0,0,0,0
Dry,45-54,8.517194553112535,2670.7379577654406,27,High,High,64.06335575557867,0,1,1,0
Dry,25-34,5.886273651192424,1757.3470823160658,90,Moderate,High,83.540783523057,0,0,0,1
Dry,25-34,8.846311769732102,2842.507139354255,17,Moderate,Low,82.50991925675152,0,1,0,0
Dry,45-54,7.844321290261532,1560.0928232489728,14,Low,High,59.876816994346385,1,1,1,0
Dry,35-44,9.980591667549161,1734.5145510940179,78,Moderate,Medium,78.7404469537793,0,1,0,0
Oily,25-34,6.497293328242822,2171.168917244811,28,High,Medium,68.04823961440587,0,0,1,1
Normal,under 18,9.331240631072161,2426.987988276112,92,High,High,78.46175281276217,1,0,0,0
Normal,45-54,7.622298250542865,2231.644265059053,26,Moderate,Low,81.94122050907495,0,0,1,0
Sensitive,18-24,7.065272002965199,2279.069757259253,57,Low,High,81.31359993306293,1,0,0,0
Sensitive,under 18,3.2056598834585452,1851.696270465101,63,Low,Medium,84.05570039266132,0,0,0,1
Sensitive,55+,7.361982902375171,1424.4929581902466,23,High,Medium,90.0,0,0,0,0
Sensitive,55+,7.57948497671734,1897.7643895069393,77,Low,Low,90.0,0,0,0,0
Sensitive,18-24,9.633213547473236,2786.509862607428,58,High,Medium,90.0,0,0,0,0
Normal,18-24,6.301291646322756,1924.5811442166523,93,Low,High,90.0,0,0,0,0
Sensitive,under 18,6.889078651587411,1774.1702619201888,14,Low,High,83.67820953962632,1,0,0,0
Oily,25-34,7.29253747604219,1620.858965556205,18,High,High,70.63573463354327,0,0,1,0
Combination,55+,5.304076997593711,2311.3556119501345,10,Low,Low,70.7415092742236,0,0,1,1
Combination,35-44,7.944294376332716,1597.842120170004,19,Low,Low,90.0,0,0,0,0
Normal,55+,8.343033146143899,1684.2111354173344,34,High,High,83.45777032397962,0,0,1,0
Normal,35-44,7.379747857056972,2410.172006306228,18,Low,Low,90.0,0,0,0,0
Oily,18-24,6.949581152944431,2227.3704560705673,54,Moderate,Low,82.13153792724874,1,0,0,0
Sensitive,55+,6.225355534168642,1901.7667082859514,91,Low,Medium,90.0,0,0,0,0
Oily,18-24,6.69121085367949,1626.7108267298804,13,Moderate,Medium,90.0,0,0,0,0
Combination,under 18,6.734838755326327,1225.6908505681267,46,Low,Low,72.22320738360332,1,1,0,0
Sensitive,18-24,6.263269379286843,1857.5622533151645,85,High,Medium,82.12994446244943,1,0,0,0
Oily,25-34,6.61573037125693,1879.2512770646106,63,High,Medium,76.89280585147554,1,0,0,0
Oily,under 18,6.907353700209806,2239.720759043032,19,High,Low,58.9742446714799,1,0,1,1
Normal,35-44,8.311775611198783,1675.1173865758665,93,Moderate,Low,90.0,0,0,0,0
Oily,25-34,5.195198716916283,1478.9777938784487,16,Low,Medium,57.14642565663836,1,1,0,1
Dry,55+,6.269195618207609,1824.0393410917454,31,Moderate,Medium,66.56933916614378,0,1,1,0
Dry,35-44,5.845005900703814,1351.9416678750526,10,High,High,58.21050457369604,1,1,1,0
Oily,25-34,6.315818758788717,2090.713310056986,71,Moderate,Low,84.40422610108838,1,0,0,0
Combination,25-34,7.892544198753347,1721.2884734458394,99,Low,Medium,90.0,0,0,0,0
Sensitive,18-24,6.380503266784849,1536.6508455763446,70,Moderate,Low,90.0,0,0,0,0
Dry,under 18,6.952841244437836,1575.7856829045927,95,Low,Low,72.6969026148916,1,1,0,0
Sensitive,25-34,7.8596917198618,1107.0667540329446,6,High,Low,66.20514238520815,0,1,1,0
Combination,18-24,6.460555491321307,2150.553669595871,10,Low,Low,90.0,0,0,0,0
Sensitive,18-24,7.275751774483757,3346.516831990248,97,Low,Medium,77.51892875675485,1,0,0,0
Combination,35-44,7.524700036851861,1497.972701578995,52,High,Medium,78.55152847653277,0,1,0,0
Oily,25-34,6.85680362936639,1111.8768332667742,14,Low,Low,74.64585469927471,1,1,0,0
Oily,35-44,6.879100376054859,1583.4719714996206,54,High,Medium,76.70481769308043,1,0,0,0
Normal,45-54,8.373085413340242,1725.2298627022326,39,High,Low,75.04048521842647,0,0,1,1
Dry,55+,6.82485112630713,1682.2210792977983,27,Moderate,High,62.69869927253089,0,1,1,0
Oily,55+,9.608277027779998,1839.3786169410441,59,Moderate,Medium,75.12892637161444,1,0,1,0
Combination,55+,9.748835565218803,2407.0758810591333,54,Low,Medium,90.0,0,0,0,0
Oily,25-34,7.723100091003079,2184.36657365876,77,Moderate,Low,90.0,0,0,0,0
Dry,45-54,7.590695947324377,1036.163710327195,13,Low,Low,64.15941493866772,0,1,1,0
Oily,18-24,6.5816749087738655,2422.5789855921607,34,Low,High,79.36260677974715,1,0,0,0
Sensitive,under 18,6.926654224788842,1297.4050765982124,6,Moderate,Low,77.09119089400167,1,1,0,0
Sensitive,45-54,6.9213933241337955,2852.0527581277456,24,Moderate,Medium,70.39223885578846,0,0,1,0
Oily,25-34,8.870337573302079,1968.997995316984,52,High,High,90.0,0,0,0,0
Dry,under 18,8.42717391558713,1816.7464898159742,75,Moderate,Medium,76.47972903867004,1,0,0,0
Dry,55+,4.444192619759922,1537.7670059352229,59,Low,High,55.53744193735351,0,1,1,1
Normal,45-54,9.344333152762296,1863.003459085348,93,High,High,70.34567424282832,1,0,1,0
Combination,25-34,6.634924030937473,1850.0809018625598,79,Moderate,Low,90.0,0,0,0,0
Sensitive,18-24,9.85620488435951,2812.979457681032,26,High,High,82.51238587880857,0,0,0,1
Oily,18-24,10.0,1920.4773947999743,98,Moderate,High,77.02616968889195,1,0,0,0
Oily,35-44,7.443436733120643,1241.6787252896045,12,Moderate,Medium,90.0,0,0,0,0
Oily,25-34,9.215401639177411,1416.1102243660325,73,Moderate,Medium,90.0,0,0,0,0
Sensitive,25-34,7.325163345643944,1451.348736183578,60,Moderate,Medium,83.59552756400187,0,1,0,0
Oily,45-54,6.116699759891956,1581.3687844751498,62,Low,Medium,62.23350611106229,1,0,1,0
Dry,35-44,6.088187108986273,1730.4386484255106,46,High,High,53.070697894658515,1,1,1,0
Oily,45-54,6.177596807612384,2416.6669558901535,82,Low,High,70.68411353224332,1,0,1,0
Oily,25-34,5.34270581040622,2110.2707135069336,48,Low,High,84.2702132297269,1,0,0,0
Sensitive,55+,8.826938728458337,1743.401817743302,11,Moderate,Medium,76.9732636697449,0,0,1,0
Sensitive,under 18,5.9231216638785975,1884.7376874098745,10,Low,High,83.01527560620693,0,0,0,1
Sensitive,18-24,8.769587812541065,2097.0538154766787,51,Moderate,Low,75.03561767903199,1,0,0,0
Sensitive,18-24,6.203178558088602,2241.9383255940197,89,High,Medium,90.0,0,0,0,0
Sensitive,under 18,5.346561775245365,2340.679755221474,69,Low,Medium,90.0,0,0,0,0
Normal,under 18,7.612910961552651,1846.095764430558,76,Moderate,Low,81.38507241088456,1,0,0,0
Sensitive,35-44,5.742121302329154,1556.6595388582714,27,Low,Low,80.23677495276122,0,0,0,1
Sensitive,25-34,7.802226004518865,2614.490251244531,32,High,Low,90.0,0,0,0,0
Sensitive,under 18,6.044038379456808,2229.193351775742,38,High,Medium,65.39830588268485,1,0,1,1
Sensitive,25-34,3.8694594720968967,1707.6911346714003,96,Moderate,Low,90.0,0,0,0,0
Sensitive,35-44,6.953411600693647,1545.1582915090833,60,High,High,75.34410166020021,1,0,0,0
Sensitive,25-34,5.595240437815606,1666.1102217655568,88,High,Medium,82.19545778695225,0,0,0,1
Normal,18-24,7.43828909248956,1906.3354907968126,9,High,High,57.07509561624037,1,0,1,1
Combination,under 18,3.642653150012542,939.6499236824668,19,Moderate,Low,70.09646851420452,1,1,0,0
Oily,35-44,6.089702233214237,2228.843293026776,16,High,Medium,73.27794512305155,1,0,0,1
Normal,18-24,3.0,1750.1349119241847,76,Moderate,Low,67.5920490422315,1,0,0,1
Oily,25-34,6.210628215223869,2694.168889104224,46,Low,Medium,79.9791479990593,1,0,0,0
Oily,55+,6.422467282430705,2191.4944923704643,63,High,Medium,70.09497227989391,1,0,1,0
Combination,under 18,7.211885710131195,934.7167600963996,22,Moderate,Medium,79.47246427872093,1,0,0,0
Sensitive,35-44,8.152310824947605,2107.698252728144,36,High,High,54.09427932138493,1,0,1,1
Oily,under 18,7.762402959511885,3963.118853218163,11,High,Low,59.112791616009446,1,0,1,1
Sensitive,45-54,3.8738305907521173,2862.348324880554,74,Low,High,74.75141028146662,0,0,1,1
Dry,35-44,6.568828720899466,2143.6644522015044,15,Moderate,Medium,76.79582024776494,0,1,0,0
Sensitive,under 18,6.931731632048137,1787.8818333009783,47,Low,High,90.0,0,0,0,0
Combination,25-34,6.145250607641862,2164.7543677865046,53,High,Low,90.0,0,0,0,0
Oily,35-44,4.724239454992482,2375.289583760883,4,Low,Low,90.0,0,0,0,0
Normal,55+,6.375708392672119,1434.9653304798212,76,Moderate,Medium,78.54970471093456,0,0,1,0
Normal,35-44,6.32498071300628,2628.5746084312864,24,High,High,66.09559491401053,1,0,1,1
Dry,35-44,6.196997369475666,2179.22680910481,40,High,Low,71.44036506208897,0,1,1,0
Normal,35-44,5.90356558642679,2378.9609249618097,97,High,Medium,84.20473415595664,0,0,0,1
Combination,18-24,8.028261608185307,2924.304416648206,11,Low,Low,78.71105873808025,1,0,0,0
Normal,18-24,6.736654081751177,2334.327402378953,3,High,High,59.979582062428065,1,0,1,1
Combination,18-24,7.147101309308417,2647.935890931507,30,High,Low,72.39094273906034,0,0,1,1
Combination,55+,5.921751418586904,2372.5026564386408,6,Moderate,Low,67.69165698675954,0,0,1,1
Oily,under 18,6.7079540558249775,1967.9059114457511,58,High,Low,90.0,0,0,0,0
Combination,25-34,7.137628726672559,2126.120198213339,23,Low,Low,90.0,0,0,0,0
Sensitive,25-34,6.825656435317063,2107.3565915852632,26,Moderate,Low,90.0,0,0,0,0
Sensitive,under 18,9.367177086343277,2492.724842807609,52,Low,Medium,84.23687314910472,1,0,0,0
Sensitive,35-44,8.303731888745345,1772.2302369880647,40,High,Medium,82.3029034623405,0,0,1,0
Oily,18-24,5.666138757657514,2477.6502791188764,84,High,High,74.71679737488932,1,0,0,1
Sensitive,45-54,8.314070188794691,2736.335337875491,76,High,Low,90.0,0,0,0,0
Combination,under 18,6.094029061046156,1885.2256723198266,24,High,Low,71.57545284837067,1,0,1,0
Dry,under 18,4.540773756211848,1803.7644469695636,41,Low,Low,83.7341975221343,0,1,0,0
Dry,under 18,8.49485576586917,1766.752310385901,44,High,High,52.133721146923875,1,1,1,0
Combination,18-24,7.960719692801236,1904.7484470010943,25,High,High,69.68735052104618,0,0,1,1
Dry,55+,7.486085542332341,1426.1543050921664,62,Moderate,Medium,63.18554286412801,0,1,1,0
Normal,35-44,7.127814174450852,504.4320145496383,54,Low,High,66.52701938152704,1,1,0,0
Oily,45-54,6.719655762757022,1184.76337814243,32,High,Medium,68.26522025854602,0,1,1,0
Dry,25-34,8.808991774820225,2388.7036763822557,54,Low,Medium,90.0,0,0,0,0
Dry,55+,7.700006472949122,2760.50311357969,47,Moderate,Low,78.61344858371936,0,1,1,0
Combination,18-24,5.576625218762744,2873.681598957779,59,High,Medium,79.38359416527784,1,0,0,0
Normal,18-24,8.398287346390577,1881.722356390527,67,Low,Low,77.83734376669642,1,0,0,0
Oily,45-54,8.703430220774417,1446.8532437941828,82,Moderate,High,62.371170004215685,1,1,1,0
Combination,35-44,5.7632287577084895,1695.7051383801497,15,Low,Medium,90.0,0,0,0,0
Combination,45-54,6.206533437903977,1471.7211786198736,49,Low,High,76.36361889675766,0,0,1,0
Oily,35-44,8.834624600642988,1870.5727998150842,36,Low,Medium,90.0,0,0,0,0
Normal,45-54,7.528757452535319,1714.8243167931596,5,Moderate,High,72.55224673421905,0,0,1,0
Sensitive,55+,4.269095049177224,2135.028679195711,38,Moderate,Medium,72.428961555171,0,0,1,1
Normal,under 18,4.131617536870335,1965.6829769572657,50,Moderate,High,70.51427465607384,1,0,0,1
Combination,45-54,4.947527441750784,2993.637999615404,13,Low,Low,90.0,0,0,0,0
Oily,25-34,8.367044083262083,2052.8768956357403,88,High,Medium,90.0,0,0,0,0
Oily,18-24,8.895560016482003,1576.842011267132,92,Moderate,High,75.65889643965355,1,0,0,0
Oily,25-34,7.815219068005139,2099.9052168593566,100,Low,Low,90.0,0,0,0,0
Combination,under 18,7.396030122000505,2636.176750053384,33,Moderate,High,76.87514473650184,1,0,0,0
Combination,55+,8.098738154169704,2144.3618314125115,21,Low,High,67.44159052554309,1,0,1,0
Sensitive,55+,4.517668845657556,1519.9768523602681,57,High,Low,73.9416290927677,0,0,1,1
Combination,25-34,6.815936599606414,2046.6861871383255,98,High,Medium,90.0,0,0,0,0
Dry,under 18,5.3046944129891145,3205.8383377892105,33,Moderate,High,67.59493528527706,0,1,0,1
Dry,55+,9.27459108288036,2301.059160196242,9,Low,Medium,90.0,0,0,0,0
Dry,35-44,7.108055291925617,1893.8955150494241,49,Low,Medium,90.0,0,0,0,0
Dry,45-54,5.572122309966646,2038.7402592594312,97,High,High,58.28427443916344,1,1,0,1
Dry,25-34,7.386628810214126,1379.119712259188,49,Moderate,High,77.19978940485382,1,0,0,0
Combination,35-44,7.501264625867346,1922.3704755876256,21,High,Medium,76.34136576409828,0,0,1,0
Sensitive,under 18,4.138288663183913,1569.807494610249,95,Low,Low,83.66621665550075,0,0,0,1
Sensitive,55+,6.379591699867533,2943.8438286700953,67,Moderate,Medium,71.09608420539972,0,0,1,0
Oily,25-34,7.834829686800637,1332.2592154500544,55,Low,Low,71.27810979034635,1,1,0,0
Combination,under 18,7.729054434126455,1226.3480055308173,6,High,Medium,59.39529766387274,1,0,1,1
Sensitive,under 18,8.62403658083061,1764.4376740910607,87,Low,High,90.0,0,0,0,0
Oily,18-24,6.859545716891244,2662.898323771095,14,Low,Low,82.61232867346351,1,0,0,0
Normal,under 18,5.069254647123625,1301.4409074435043,35,Low,High,65.29710410088555,1,1,0,1
Sensitive,18-24,6.124601010480992,2519.1894255096586,21,Low,Medium,77.9414665254717,1,0,0,0
Combination,55+,4.720980886784736,583.9222009447155,0,Low,Low,62.22232747926707,0,1,1,1
Combination,55+,6.323261712386502,2275.87039995546,8,Low,Low,78.17175520861518,0,0,1,0
Oily,55+,8.800392624608243,1768.4193189573004,60,Moderate,Medium,71.78113709274936,0,0,1,0
Dry,55+,6.382860089325996,2576.9503671278735,97,Low,High,68.1731747279139,1,0,1,0
Oily,under 18,4.195387450456869,1805.7396124084953,72,High,Medium,79.74730815714997,1,0,0,0
Dry,under 18,7.285635834887587,2224.609360642517,12,Moderate,High,69.63623076735776,1,1,0,0
Sensitive,25-34,6.235289960213676,2017.2205058529207,46,Moderate,Low,90.0,0,0,0,0
Combination,25-34,3.2675089698805158,1670.875793833076,90,Moderate,High,68.45172069167307,1,0,0,1
Oily,25-34,7.680263068831701,1508.8529828726603,87,High,High,83.52099612514395,1,0,0,0
Sensitive,18-24,7.0884763323843964,2223.436250401349,84,Low,Medium,82.55632195043681,1,0,0,0
Sensitive,25-34,6.486176198713353,2085.2318854982855,26,High,Low,81.80633123561995,0,0,0,1
Combination,55+,5.555901152073082,1896.6943601519768,86,High,Medium,71.85860739720164,0,0,1,0
Combination,25-34,7.915324254383834,2078.4864804842173,50,High,Medium,90.0,0,0,0,0
Combination,25-34,6.120203095654096,2112.1082021453967,24,Low,High,81.56725556893859,1,0,0,0
Normal,under 18,8.071914685954926,975.029360711261,55,Moderate,High,77.07659487821178,1,0,0,0
Oily,35-44,8.738611097433846,1831.872630659464,87,Low,Medium,79.76813830683594,1,0,0,0
Combination,45-54,7.638234899860345,2598.623461822614,71,High,Low,80.67610069387221,0,0,1,0
Combination,under 18,4.942489454154301,1645.2794987862267,58,Low,Low,84.7340335887534,0,0,0,1
Combination,under 18,6.567176956186443,1608.1232394377857,55,Moderate,High,84.50097953890014,1,0,0,0
Dry,25-34,9.602404863755213,1571.6139530866035,36,High,High,60.100283941751854,1,1,0,1
Oily,25-34,6.1666798307697,2102.1945158014883,28,Low,Medium,82.51271495135806,1,0,0,0
Sensitive,35-44,5.196775710885866,1802.159644121868,51,Low,Medium,82.01480603550614,0,0,0,1
Dry,45-54,7.476179891875263,1833.5697978087444,55,High,Medium,74.85792972990444,0,1,1,0
Sensitive,45-54,6.859919711650077,1735.3339437758145,25,Moderate,Medium,90.0,0,0,0,0
Normal,55+,4.72829453622885,2160.796605669619,59,High,Low,66.16812843724607,0,0,1,1
Sensitive,55+,9.632399607470862,2009.200815391719,40,High,High,69.008626282486,1,0,1,0
Sensitive,35-44,7.337896175871324,2346.36137755843,3,High,Low,70.61017792030663,0,0,1,1
Combination,18-24,5.096004255179951,2851.257329064803,74,High,Medium,82.17212699808906,0,0,0,1
Combination,under 18,7.303493194634203,2815.9284495445545,96,Moderate,Low,84.94047154018224,1,0,0,0
Normal,35-44,5.900450506714016,2909.0309612789124,6,Low,Low,90.0,0,0,0,0
Oily,25-34,8.162733241052175,2276.520042926179,76,Low,Medium,78.0940709761301,1,0,0,0
Oily,under 18,7.351036681529722,1875.7356909627754,94,High,High,77.8304862191513,1,0,0,0
Dry,45-54,8.80079748771081,2070.1799349240237,18,High,High,63.64358100515764,1,1,0,1
Oily,35-44,4.049395444619272,1441.4067691464988,79,High,Low,84.39482791275447,0,0,0,1
Oily,18-24,6.721231371710879,2154.9994915827774,26,Low,Medium,90.0,0,0,0,0
Normal,35-44,6.915117266650157,2609.4853948968316,50,Low,Low,90.0,0,0,0,0
Combination,35-44,4.073347203942063,2071.7939682525803,61,Low,Low,82.26640376224103,0,0,0,1
Normal,55+,4.273031161919268,2379.8561477420844,56,High,High,90.0,0,0,0,0
Dry,55+,6.858311928336996,2209.804986012059,84,Low,Low,65.79671640085166,0,1,1,0
Combination,55+,5.704175559115351,2639.7324658288753,12,High,Medium,80.872279771657,0,0,1,0
Oily,35-44,8.562586996088276,2291.772151505944,53,Moderate,Low,90.0,0,0,0,0
Sensitive,under 18,6.8057241297048385,2289.928642647566,72,Moderate,Low,84.65916457436167,1,0,0,0
Normal,35-44,5.939661148018977,2427.7778295103562,5,Moderate,Low,81.38467366030997,0,0,0,1
Combination,under 18,9.474221341485881,2535.305279989593,20,Moderate,High,79.96794378677158,1,0,0,0
Combination,55+,5.905596295288886,2180.7086586365513,67,Moderate,High,73.02553957599096,0,0,1,1
Dry,25-34,5.060287684362028,2286.1951555878377,100,High,Medium,76.899175598888,0,1,0,1
Sensitive,45-54,7.675905119293808,1065.0918302339178,84,Low,High,58.505156089543405,1,1,1,0
Normal,25-34,5.257324234131454,1858.4305516281165,74,High,Medium,90.0,0,0,0,0
Oily,55+,6.54871037928876,1395.2615322905972,20,Low,Low,55.19291736878631,1,1,1,0
Dry,under 18,7.583468094028276,2125.736804470256,22,High,Medium,68.7179232240269,1,0,1,1
Combination,45-54,6.7085963020322215,1622.1042499208186,80,Low,Low,74.51911410881098,0,0,1,0
Sensitive,18-24,8.573060689624846,2827.7035565441474,81,High,High,90.0,0,0,0,0
Combination,35-44,6.274657774230194,1693.9165414225895,56,High,Medium,90.0,0,0,0,0
Dry,18-24,7.736811498117994,1820.9853101265069,94,Low,Medium,76.91327782049744,1,0,0,0
Normal,under 18,6.790904199005149,2369.8265758623356,80,High,Low,90.0,0,0,0,0
Dry,under 18,4.135965868739061,2659.151162426335,46,Moderate,High,74.72540634089313,1,0,0,1
Normal,35-44,7.109020786494012,1794.25342771891,24,Low,High,79.99149714767142,1,0,0,0
Combination,45-54,6.866148768667826,1981.2146775102594,71,Low,Low,75.61793948976864,0,0,1,0
Oily,45-54,4.403198044832612,2747.469113726618,10,Low,High,90.0,0,0,0,0
Normal,45-54,7.061988448405928,2221.5010652236874,42,Low,Low,80.65155279759989,0,0,1,0
Combination,35-44,8.427324655861064,1489.41877121985,90,Moderate,Low,83.42136979340651,0,1,0,0
Combination,under 18,7.710207848552843,1866.1794545506032,68,High,Low,75.6819095007146,1,0,0,0
Normal,25-34,8.27015616282474,936.3862898242523,51,High,Low,76.08191623457711,0,1,0,0
Normal,35-44,6.851358549638096,1698.5896721080192,33,High,Low,83.9974437156863,0,0,0,1
Oily,18-24,7.648394425951233,2235.022093684101,26,High,High,62.46331442216331,1,0,1,1
Normal,45-54,5.93856115776696,1643.9130679119783,89,Low,Medium,62.68922000460013,0,0,1,1
Oily,45-54,6.834001947164006,1551.6788863423958,61,Low,Medium,75.58071222073544,1,0,1,0
Combination,35-44,8.26297554317819,1815.396399776277,61,Moderate,Low,90.0,0,0,0,0
Oily,under 18,3.0,1812.588971689097,3,Low,High,76.11564178331277,1,0,0,1
Sensitive,under 18,5.442184268734041,1184.3620922695272,49,Moderate,High,79.50455075966042,0,1,0,0
Oily,45-54,5.143860042666141,2054.7042359164852,47,Moderate,Low,69.43945195966596,1,0,1,0
Sensitive,55+,8.992961242372347,2156.59223693249,96,High,High,71.9011628568366,0,0,1,0
Dry,under 18,6.09024491767639,2227.952097585351,9,Low,Low,71.1498800889456,1,1,0,0
Dry,25-34,6.311364534671513,1652.6998154184278,16,High,Medium,83.77623642559422,0,1,0,0
Normal,18-24,5.268455997650523,1124.0855966241404,63,High,High,66.58817986933629,1,1,0,0
Combination,45-54,6.415114440160832,2079.026744960066,37,High,Low,73.46974424790758,0,0,1,1
Oily,25-34,6.855064494977666,1792.0165360263206,52,High,High,84.21553923163154,1,0,0,0
Dry,45-54,5.581380908954828,2304.1230958424844,29,Moderate,High,70.89311893922454,1,1,0,0
Sensitive,55+,5.024302120080122,2388.0139569217376,97,Moderate,Low,83.64850713767233,0,0,0,1
Normal,35-44,5.4966744716099125,1623.7823813234825,38,Low,Low,90.0,0,0,0,0
Normal,35-44,4.799822214076484,1749.2989265571816,63,Low,Medium,90.0,0,0,0,0
Oily,18-24,8.462968687716968,2257.8140442219783,26,Moderate,Low,79.67508062330934,1,0,0,0
Combination,under 18,8.467633168042052,2261.071272966968,69,Moderate,Low,77.45521926185717,1,0,0,0
Combination,25-34,5.344495257204446,1834.6053878362213,96,High,Low,83.29527807512186,0,0,0,1
Normal,35-44,5.8297013063238055,2665.28745201952,54,High,High,67.1636650733755,1,0,0,1
Combination,45-54,5.204817030360532,2446.8488446945553,59,Moderate,High,47.94223598739653,1,0,1,1
Dry,18-24,8.339430805163154,2914.8101008580434,1,Moderate,High,84.14463132628754,1,0,0,0
Normal,25-34,6.385470111055754,2356.161079790081,43,High,Medium,90.0,0,0,0,0
Combination,25-34,10.0,1691.1791615331517,34,High,Medium,67.22457548150469,0,0,1,1
Normal,55+,4.69743962870146,1059.9949830461183,41,Moderate,Low,84.82733313441952,0,1,0,0
Combination,35-44,8.069068043291997,1058.4248959707081,81,High,Low,79.20429677226885,0,1,0,0
Oily,25-34,6.441521420593116,2218.6565935194803,78,High,Medium,80.5956048384455,1,0,0,0
Combination,25-34,7.277763305244871,2212.722432092086,33,Moderate,Low,90.0,0,0,0,0
Dry,55+,7.333434783701281,2639.4329066566966,22,Low,High,64.22608731920093,1,1,1,0
Combination,under 18,5.571525428891805,1661.5024307707345,70,High,Low,83.70472624990038,0,0,0,1
Combination,under 18,5.8410108320937635,2415.095905931305,86,Moderate,High,78.9942116115468,1,0,0,0
Oily,45-54,8.350597882592595,2225.612659659254,56,Low,High,76.44451159558899,0,0,1,0
Sensitive,under 18,8.775240500334892,1410.9795663118098,82,Moderate,Medium,77.11835538146742,0,1,0,0
Combination,35-44,9.500836167326705,2761.6193108561292,83,Moderate,Medium,90.0,0,0,0,0
Combination,45-54,8.10343299586862,2890.89945438553,3,Low,Medium,90.0,0,0,0,0
Dry,45-54,4.515065188483339,1737.775931868674,3,Low,High,51.39061389412449,0,1,1,1
Sensitive,45-54,5.897044808977071,2360.7396618786715,4,High,High,65.46869299669368,0,0,1,1
Dry,45-54,5.424788890596782,2378.747574668743,64,High,High,53.949535109976836,1,1,1,1
Sensitive,25-34,9.055804215995071,2347.6014500419997,34,Low,High,90.0,0,0,0,0
Dry,25-34,7.425626535492252,1506.0633295496255,31,Moderate,Low,77.5181172063651,0,1,0,0
Oily,55+,5.729723550811953,2624.8094526483333,30,Moderate,High,75.51852302110203,1,0,0,1
Combination,55+,8.169023505857998,1980.490240311228,61,High,Low,78.71724655146562,0,0,1,0
Normal,18-24,6.373135681351164,987.0960634443115,68,Low,Medium,65.3824139814805,1,1,0,0
Combination,25-34,5.393721371973342,2955.7095435698616,15,Low,Medium,80.08376124693459,0,0,0,1
Normal,35-44,5.0793166434963,2094.7399106105404,80,Low,Low,84.92243874196816,0,0,0,1
Oily,35-44,8.511165959792798,1372.5386659988537,33,High,High,69.12122725066072,1,0,0,1
Oily,18-24,7.277065712171625,2468.9577687553274,65,High,Medium,81.45632228795789,1,0,0,0
Sensitive,55+,7.018748982860876,3434.2015278333843,71,Low,High,72.62926624361197,0,0,1,0
Combination,45-54,4.497101111682707,2529.3642649419394,77,High,Low,77.54664636510697,0,0,1,1
Sensitive,35-44,6.740797393905304,2385.9600774183377,80,Moderate,High,82.10708858388215,1,0,0,0
Sensitive,55+,7.661960727548869,1633.4219014450018,17,High,Low,68.60975810018125,0,0,1,1
Dry,under 18,7.34349458868901,1071.0492743008563,75,High,Medium,73.69750582515883,1,1,0,0
Normal,25-34,7.904871250857091,2149.079232995263,98,Low,Low,90.0,0,0,0,0
Combination,35-44,7.957990252964653,2529.059162543575,43,Low,High,79.74806356580345,1,0,0,0
Normal,35-44,7.551429760314567,2074.044709899138,36,Moderate,Medium,90.0,0,0,0,0
Combination,18-24,5.678397495008062,1643.8896181754744,18,Low,High,71.29887003464627,1,0,0,1
Normal,25-34,8.780101930265996,2718.1677028529894,12,Moderate,Medium,90.0,0,0,0,0
Dry,under 18,6.642834345531919,2023.0013736266371,36,Moderate,Medium,76.14650836815531,1,0,0,0
Combination,45-54,5.643078437509351,2586.3784226337225,96,Low,Low,82.88495312303573,0,0,1,0
Normal,18-24,7.9981252355376675,2970.6087182318747,3,High,Low,69.37283937221504,1,0,1,1
Dry,25-34,5.682515384230392,1810.9960504908913,73,Moderate,High,59.96234268970602,1,1,0,1
Oily,35-44,7.347168883788359,2323.2447688628854,55,Moderate,Medium,90.0,0,0,0,0
Dry,25-34,6.676498543678552,1563.5194547731498,93,High,Low,76.96358918554581,0,1,0,0
Dry,55+,8.322111293385356,2360.5676812727907,9,Moderate,Low,69.54625800538165,0,1,1,0
Oily,55+,5.625588849154413,2677.721400552748,88,Moderate,Low,57.607759877330125,1,0,1,1
Oily,55+,8.755298063794905,2067.1482486238965,80,Low,Low,70.85256447417183,0,0,1,0
Dry,25-34,7.1193967935640545,2277.028885557954,60,Low,Medium,77.66439314956021,0,1,0,0
Combination,18-24,5.707445394615613,2015.015739582041,25,High,Low,71.38046638110565,1,0,1,0
Normal,45-54,3.7714246830862295,2438.227822751468,26,High,Low,81.93310888930074,0,0,0,1
Normal,18-24,4.65776016633721,2751.7099142144993,81,Moderate,Medium,66.25318852841772,1,0,0,1
Combination,55+,6.504819859050325,1894.1665090344115,62,Moderate,High,74.98072278709641,1,0,1,0
Oily,25-34,6.058399140873242,1855.980563038962,53,Moderate,Medium,90.0,0,0,0,0
Sensitive,under 18,9.127797017722056,756.0956717324602,22,Moderate,Medium,75.24363558958096,1,1,0,0
Sensitive,35-44,8.915448079132283,2169.011740550854,76,Moderate,High,90.0,0,0,0,0
Combination,25-34,5.189467528214177,1462.343803475381,64,Low,Medium,83.69197373557877,0,0,0,1
Combination,35-44,9.514589540812304,1527.2465600286343,50,Moderate,Medium,90.0,0,0,0,0
Sensitive,25-34,5.269974234106061,2568.6572711823646,6,Moderate,Medium,83.30079221590361,0,0,0,1
Oily,25-34,7.5078293144288715,1531.0372117318007,57,Moderate,Low,83.3346485692253,1,0,0,0
Dry,55+,7.324937463106928,1487.1236581798612,14,High,High,61.91419477697093,1,0,1,0
Combination,25-34,8.651232097633908,2530.685482436567,98,High,Low,90.0,0,0,0,0
Oily,45-54,7.798009298232914,2180.8305306235084,26,Moderate,High,90.0,0,0,0,0
Normal,35-44,9.641782187301061,1999.8431636941127,91,Low,Medium,90.0,0,0,0,0
Dry,25-34,5.227188811868798,2224.7369564161536,42,Moderate,Low,82.51296252459184,0,1,0,0
Oily,45-54,10.0,1492.620253407074,13,High,Medium,76.13679816718401,1,0,0,1
Oily,25-34,6.457805849959021,2208.223019050726,95,Low,Medium,83.68806810540737,1,0,0,0
Combination,under 18,6.919142726491391,1508.8482098113427,9,Low,High,77.37614007796057,1,0,0,0
Sensitive,under 18,8.682786784345707,3160.0203610086296,1,High,High,66.59222433848362,1,0,1,0
Normal,25-34,7.294197188535861,1547.965855132,100,Moderate,Medium,90.0,0,0,0,0
Normal,55+,4.676559212419788,2128.9879906105903,2,Moderate,Medium,75.62380581109933,0,0,1,1
Sensitive,25-34,8.655816014974386,2237.583873247691,54,Low,Low,90.0,0,0,0,0
Sensitive,45-54,6.996394238621719,1705.364174105347,35,Moderate,Medium,77.00194144547804,0,0,1,0
Dry,35-44,5.361754550922866,2417.375663162441,2,Moderate,High,75.1895803798012,1,1,0,0
Oily,35-44,8.370657432078378,1227.1351066546335,98,Low,Medium,71.04411257410648,1,1,0,0
Oily,under 18,9.384758467271027,2287.0356104470006,71,Low,Low,80.10188537885178,1,0,0,0
Dry,under 18,9.09939196771869,1328.9361257574424,18,Moderate,High,67.1601273152633,1,1,0,0
Oily,35-44,4.951263766876842,1925.5153451163515,32,Moderate,Medium,76.6567657775721,1,0,0,0
Normal,45-54,7.754176640342791,2898.180411463482,52,Low,Medium,73.67443104508413,0,0,1,0
Sensitive,45-54,8.059118370722697,1878.6593615939832,63,Moderate,High,77.75505499753008,0,0,1,0
Normal,55+,5.460446188501162,2615.000286359575,93,Low,Low,83.83743334088258,0,0,1,0
Oily,18-24,5.552941861373927,2814.234277386161,66,High,Low,80.14041862958429,0,0,0,1
Oily,35-44,6.573423025590236,2795.291036308925,63,Low,High,80.12806623132039,1,0,0,0
Normal,35-44,8.018396935088917,1931.502255278771,51,Low,Medium,90.0,0,0,0,0
Oily,35-44,6.22090544226081,1829.5460613269602,37,High,High,65.82709523825298,0,0,1,1
Combination,45-54,7.642475038562856,2038.5782481088584,87,Low,High,69.20581637220829,1,0,1,0
Dry,25-34,6.109282887896942,1917.1842948411838,95,High,Low,90.0,0,0,0,0
Sensitive,under 18,7.1178655445787244,935.6329527925939,40,Moderate,Low,90.0,0,0,0,0
Oily,25-34,7.687252172183048,1510.1393876415966,89,Low,Low,79.62268505553949,1,0,0,0
Combination,under 18,5.270001395191382,1156.3278264446449,7,High,Medium,65.28690580514807,1,1,1,0
Combination,35-44,4.309161253198164,1322.2762484438554,74,High,Medium,69.52455012695663,0,1,0,1
Dry,under 18,5.936468563554264,2976.629568763284,75,Low,Low,82.200144665068,1,0,0,0
Normal,45-54,6.211180486157194,2088.8750531340156,82,Moderate,Medium,72.19899670122155,0,0,1,0
Normal,25-34,7.6007220797594925,2065.532593107924,94,High,High,82.90693289279197,1,0,0,0
Oily,18-24,6.8838348089110095,1402.3531182003776,27,Low,High,90.0,0,0,0,0
Oily,25-34,9.176391322418818,2903.5983218189426,9,Low,Low,80.60310978998201,1,0,0,0
Sensitive,25-34,4.476011958815971,1487.98570455681,38,High,Low,66.61624750240328,0,0,1,1
Normal,25-34,6.580284486434491,1517.7311025449044,67,Low,High,75.44639876737324,1,0,0,0
Combination,55+,7.758948330183798,1635.8638987966935,18,Moderate,High,71.24540547834168,1,0,1,0
Sensitive,55+,10.0,2595.274297171798,44,Low,Low,72.16941530264066,0,0,1,0
Combination,55+,7.3188610459483225,2513.493131659866,54,Low,High,64.28413763777054,1,0,1,0
Dry,55+,8.658850636535963,1718.0262559708783,1,Low,Medium,73.12434076169303,0,1,1,0
Combination,25-34,5.775674133187053,2039.0715314848237,64,Low,High,81.79162969891969,0,0,0,1
Sensitive,under 18,8.292454186746916,2069.530199326709,89,High,Medium,90.0,0,0,0,0
Oily,45-54,4.634505276713504,1598.587778024579,3,High,Medium,57.8229411801563,1,0,1,1
Oily,under 18,6.8890407046084325,1962.1671978370848,47,Low,High,83.46808249461355,1,0,0,0
Dry,18-24,9.958813265184713,1307.006028800501,10,Moderate,Low,84.37674527509239,0,1,0,0
Oily,45-54,7.758383862753812,2744.556554164145,35,Low,High,67.10980507119262,1,0,1,0
Combination,55+,10.0,1797.8012884080194,21,High,High,60.44079336006335,1,0,1,1
Oily,18-24,7.7371441790803,2284.8801785993237,97,High,Low,84.16031299735715,1,0,0,0
Sensitive,under 18,7.293222597329936,1950.577399380347,35,High,Low,56.71980183075075,1,0,1,1
Normal,25-34,7.653963084250069,733.8769573901573,15,Moderate,Medium,78.0370781506527,0,1,0,0
Normal,35-44,8.023104235093946,2063.0889518309837,11,Low,Low,90.0,0,0,0,0
Dry,55+,6.666287654832602,3023.4310978597787,11,Low,Medium,58.51129386307558,0,1,1,0
Dry,55+,5.9875989718141716,1798.4620054674847,47,Moderate,Low,51.03133825169867,0,1,1,1
Dry,25-34,9.987329953307102,1583.9693475750717,6,Moderate,High,90.0,0,0,0,0
Normal,25-34,6.174827075595192,1926.487288284575,52,Low,Low,90.0,0,0,0,0
Combination,18-24,8.261101723194324,2103.901253676657,22,Moderate,Medium,82.35454856660873,1,0,0,0
Sensitive,25-34,5.0610619792716065,1733.9157184364053,74,Moderate,Medium,82.38478632831301,0,0,0,1
Dry,under 18,6.088968350181683,1961.3894773884772,74,Moderate,Low,74.42415672244402,1,1,0,0
Combination,18-24,7.6387654879447435,2209.102877943986,43,High,High,64.86959532242949,1,0,1,0
Dry,25-34,4.335982368927397,2531.970493780428,27,Moderate,Medium,90.0,0,0,0,0
Dry,35-44,7.378853268994935,2692.266023796953,17,Moderate,High,65.3495567730248,1,1,0,0
Combination,55+,7.6662974909360075,2550.661478867881,13,High,Medium,78.20796307873266,0,0,1,1
Oily,18-24,7.69981796717519,2673.112878101374,45,Moderate,Low,83.13839273512026,1,0,0,0
Oily,35-44,7.783375954026668,1951.042376778548,78,Moderate,High,80.65031523026862,1,0,0,0
Sensitive,35-44,10.0,2444.518561139946,31,Moderate,High,81.62121739368456,1,0,0,0
Sensitive,25-34,7.86061663150662,1361.847791730832,5,Low,High,82.30639018461243,0,1,0,0
Normal,35-44,5.067538573804693,2146.3577410709267,75,Low,Low,80.3882320113263,0,0,0,1
Normal,55+,7.218281796652361,1692.938717495842,67,Low,High,64.30239224850338,1,0,1,0
Oily,25-34,7.21147404941809,2794.3134640217977,98,Low,Medium,83.34657918955477,1,0,0,0
Oily,55+,8.043103711825449,1429.495745123631,18,Low,Low,77.84374387779869,1,0,1,0
Dry,18-24,6.832736759285584,1597.5167595737196,87,High,Medium,90.0,0,0,0,0
Oily,35-44,6.418450125387158,1793.1921671851787,70,High,Medium,75.87166954038248,1,0,0,0
Sensitive,35-44,6.283531626093993,1372.4323140133024,90,Low,Low,81.81643301523891,0,1,0,0
Dry,35-44,6.8085179777227145,1719.696181576345,98,Moderate,Medium,77.69627892429503,0,1,0,0
Sensitive,45-54,3.0,3026.4860122508317,50,High,Low,69.81736848343233,0,0,1,1
Normal,18-24,8.633154481325008,1811.849637537502,98,Low,Medium,79.98544068461372,1,0,0,0
Oily,45-54,7.028228574610898,1414.1728263412192,76,Moderate,Low,72.08819157337955,1,0,1,0
Combination,35-44,9.543584316716299,2948.6443473865556,83,Low,Medium,90.0,0,0,0,0
Dry,25-34,7.235040592369787,2511.7653220926722,39,Moderate,High,75.43436449464131,1,1,0,0
Dry,35-44,7.262930168400886,1331.6372805620347,87,High,Low,84.17359528345713,0,1,0,0
Oily,55+,6.382264946554514,2065.9639833859787,51,Low,Low,67.43279691604127,1,0,1,0
Sensitive,55+,6.318178421884833,1890.673361282482,85,Moderate,Medium,80.4556823046899,0,0,1,0
Combination,55+,6.862900663736328,1959.5607510672694,81,Low,High,59.202838341847745,1,0,1,0
Combination,45-54,7.078387735746225,1469.6974668016996,46,Low,Low,64.56210006925282,0,1,1,0
Dry,under 18,5.924475776308096,1357.7078671500153,43,High,High,62.1322559668705,0,1,1,1
Sensitive,35-44,8.466723324529301,947.1765290798378,46,Low,High,74.51528741474925,1,1,0,0
Oily,45-54,8.730385514975389,2693.1746986314215,34,Low,Medium,70.28506956993098,1,0,1,0
Normal,under 18,6.546729119526068,698.4314560863506,45,High,Low,74.1470348955089,1,0,1,0
Dry,55+,6.458034157049064,1967.9079193555904,63,Moderate,Medium,61.63806424086175,0,1,1,0
Normal,45-54,5.48410267010663,1742.3908030958787,58,Low,Low,75.80663829751069,0,0,1,1
Oily,35-44,9.295292798295026,2332.4635811508706,65,High,Low,78.63258929928638,1,0,0,0
Combination,35-44,5.61315382843285,1201.200415202284,51,Low,Low,73.01679314961765,0,1,0,1
Sensitive,under 18,6.509474023585343,1893.2716103247808,24,High,Medium,56.69417719790441,1,0,1,1
Normal,35-44,7.744298781044974,1732.3416437161704,27,Moderate,Medium,90.0,0,0,0,0
Dry,25-34,7.767249363042792,2967.5770200301145,64,High,Low,75.90253590186981,0,1,0,0
Combination,25-34,8.223251533666394,1975.9557463346137,0,Moderate,Low,90.0,0,0,0,0
Oily,35-44,6.725274293420058,1821.6634329100643,84,Low,Medium,90.0,0,0,0,0
Normal,55+,8.770961368678217,1686.3432770243485,40,Low,Low,74.36487235226383,0,0,1,0
Dry,under 18,7.067834063499974,2025.5989509405426,78,Moderate,High,65.38252360702492,1,1,0,0
Combination,45-54,6.247323710782702,1313.7672260579498,49,Moderate,High,69.60712357579449,0,1,1,0
Sensitive,18-24,7.484461755426502,1969.4980140723083,68,High,Low,82.44307403244538,1,0,0,0
Oily,55+,7.750360704154855,1733.1998467804165,73,Low,High,75.15052800288058,1,0,0,0
Normal,25-34,8.831231948219571,1561.6131093940776,38,Moderate,Medium,90.0,0,0,0,0
Sensitive,55+,9.56806042602684,1126.1817450858694,59,Low,Low,71.85969507341426,0,1,1,0
Oily,25-34,7.652155096835337,2237.7153412633115,71,High,Medium,81.24715664079962,1,0,0,0
Normal,18-24,5.806664398088676,2212.1969689305065,48,High,Low,64.2249242143038,0,0,1,1
Dry,55+,8.919278004640239,891.5905803229678,51,High,Medium,73.63927819600066,0,1,1,0
Combination,55+,7.754117211236222,753.3645898349612,13,High,High,41.820779672428095,1,1,1,1
Sensitive,18-24,5.551502794715188,2814.5831824504726,22,Moderate,Medium,81.18532547861258,0,0,0,1
Dry,55+,6.127326949911919,1413.0600177955137,12,Moderate,High,56.81477670655626,1,1,1,0
Normal,45-54,6.703093406522977,3033.9531690817757,10,High,High,59.43643077353362,1,0,1,1
Oily,25-34,4.25247662919096,1474.3450441803277,2,High,High,57.40376772217272,1,1,1,0
Dry,18-24,9.24614752476944,2928.851171768866,60,High,Low,75.00010813456662,1,1,0,0
Sensitive,35-44,6.844853163564574,1380.4736487366788,31,High,High,58.77109735242135,1,0,1,1
Dry,18-24,10.0,2797.2211958745984,59,High,Low,90.0,0,0,0,0
Sensitive,45-54,8.01842048164335,1593.79882553129,60,Moderate,Low,70.63637775256903,0,0,1,0
Normal,under 18,6.926455988742945,1919.8199594775847,91,High,High,77.85235784771143,1,0,0,0
Sensitive,35-44,7.496276956923366,2725.500719065668,92,Low,Medium,90.0,0,0,0,0
Sensitive,55+,8.319125561706105,1461.311961507621,98,Low,Medium,64.12541388314646,0,1,1,0
Oily,under 18,9.064744675029306,2156.566070006578,18,Moderate,High,83.88216266617222,1,0,0,0
Dry,25-34,8.030598693788374,2733.2704296393013,52,High,Medium,90.0,0,0,0,0
Dry,35-44,5.332629625729673,1982.0872106467684,26,Moderate,Low,69.5174250140892,0,1,0,1
Dry,25-34,6.2028181729611775,1216.0702873172722,43,Moderate,High,66.44394861715472,1,1,0,0
Normal,under 18,7.5200649664073795,3255.778275792212,97,Low,Low,84.74059513054628,1,0,0,0
Combination,45-54,4.239883383241371,1983.8596944752649,46,High,Medium,67.73874294198333,0,0,1,1
Sensitive,55+,7.96081440261216,2061.539100828091,37,Low,High,65.82725474813088,1,0,1,0
Combination,55+,6.83030792122639,1350.3918182770879,29,Low,Low,83.51636636374631,0,1,0,0
Combination,55+,7.349180114410245,1621.6180114920369,65,High,High,78.81540008634299,1,0,0,0
Combination,55+,3.7151174425321702,2597.296110256865,19,High,High,68.97768740724449,1,0,1,0
Normal,35-44,8.437578729763064,2025.83048842554,22,Moderate,Medium,90.0,0,0,0,0
Oily,55+,7.343612032308554,2537.1590063577805,8,Moderate,Low,66.08668470805651,1,0,1,0
Oily,55+,7.336509485167124,2452.008777380657,25,Moderate,Medium,58.273317906407904,1,0,1,0
Normal,18-24,6.553776698689225,2655.9918692869733,94,Low,Medium,81.01508776646837,1,0,0,0
Oily,25-34,7.481178588899025,2097.025971802937,64,Low,Medium,79.65246127198594,1,0,0,0
Normal,under 18,5.094908366931952,2143.477927150854,7,Moderate,High,76.63965425633478,1,0,0,1
Dry,18-24,5.7520676237583235,1680.858636735753,88,High,Medium,82.34236660957518,0,1,0,0
Dry,55+,5.7769365575258185,1466.8825340503874,8,Low,High,70.76344498068146,1,0,1,0
Oily,25-34,10.0,2665.6695309942015,81,Low,Low,80.5810192910294,1,0,0,0
Sensitive,18-24,9.880551253216392,1388.552490222218,12,High,High,61.38962076104538,0,1,1,0
Sensitive,55+,7.1068806248663385,1353.246187397952,24,High,High,60.53448404649853,1,0,1,1
Normal,35-44,5.956457684204404,1540.9365082917125,65,Moderate,High,83.75488998960174,0,0,0,1
Combination,55+,8.859376009662341,1801.88516094912,71,High,Medium,83.3279491241393,0,0,1,0
Dry,35-44,8.602569000541024,2302.0604447942587,0,Moderate,High,83.36869126716292,1,0,0,0
Sensitive,55+,10.0,1260.2778884301379,38,Low,Medium,70.22647815147208,0,1,1,0
Oily,18-24,8.888849859680198,2573.2204352003637,27,Moderate,High,77.33579482656721,1,0,0,0
Sensitive,under 18,5.539931742959448,2503.56666823658,87,Moderate,High,83.3811728598033,0,0,0,1
Dry,35-44,7.504217444539343,1886.261870023296,100,Low,Low,83.42867342191329,0,1,0,0
Normal,35-44,5.764096769542,1640.445274275407,83,High,Medium,83.6530840684204,0,0,0,1
Combination,35-44,10.0,2000.3414094787413,38,Moderate,Low,90.0,0,0,0,0
Combination,25-34,8.173195002297188,1604.5503091662235,93,Moderate,High,81.91983115484581,1,0,0,0
Normal,35-44,5.830220580667541,2540.992404624971,97,Moderate,Low,82.97959446701007,0,0,0,1
Sensitive,25-34,4.975635682672702,1792.3931160473642,82,Low,Medium,84.90260188212496,0,0,0,1
Dry,18-24,7.051041116608348,2055.686300920026,84,High,Medium,81.78154204580946,0,1,0,0
Sensitive,25-34,6.731360072475765,2197.9098905479614,71,High,High,90.0,0,0,0,0
Dry,45-54,8.039283633726717,2367.318772729665,64,Moderate,Medium,80.11775444565164,0,0,1,0
Sensitive,55+,5.52129428699826,1857.9224510356014,75,Moderate,Low,70.61661148255898,0,0,1,1
Dry,25-34,8.792144292815406,2447.3235937869363,77,High,Medium,90.0,0,0,0,0
Oily,55+,4.940710822778405,2175.739950176101,43,Moderate,High,75.7639390763465,1,0,0,0
Oily,25-34,4.032662125937785,2023.4674510301847,99,High,Medium,68.39005323123807,1,0,0,1
Normal,under 18,9.846650525118966,1526.0536413655068,56,Low,Medium,77.37212839270452,1,0,0,0
Combination,45-54,5.748515431762627,2382.0148907864295,67,Moderate,High,75.42292794766895,0,0,1,1
Combination,25-34,4.685797727185531,1683.6224850574804,98,Moderate,High,75.85458125901454,1,0,0,1
Combination,18-24,7.894661706372629,1682.8570761552985,86,High,Medium,90.0,0,0,0,0
Oily,18-24,6.646045019183543,2372.092855157517,15,High,Medium,59.46423521049667,1,0,1,0
Normal,25-34,7.632319125304842,2133.409198147701,2,High,Medium,63.967826057122195,0,0,1,1
Normal,35-44,6.491316581094942,2185.0305576344776,36,High,Medium,64.11235519554658,0,0,1,1
Oily,45-54,6.814400979850365,2228.9028049628923,20,High,Low,72.45222019121852,1,0,1,0
Sensitive,25-34,6.254601962323033,1908.7155128102295,59,Moderate,High,90.0,0,0,0,0
Combination,under 18,5.515063311171979,1982.496194996882,23,High,High,57.31231477822353,1,0,1,1
Normal,25-34,5.783498704556733,1442.9767749190032,0,High,Medium,78.59275529341829,0,0,1,0
Dry,45-54,7.387991721783083,2106.3698879288304,86,Moderate,High,49.39692104622389,1,1,1,0
Normal,18-24,8.174310602422858,1784.4372152124504,24,Low,Low,83.99103507204171,1,0,0,0
Normal,45-54,7.612079270255133,2275.3987861368314,5,Low,High,65.38034866209203,1,0,1,0
Dry,18-24,7.6671607117473926,1587.173158598929,38,Low,Medium,69.94675812932499,1,1,0,0
Oily,18-24,7.224045223406783,2182.0701480273306,56,Low,Medium,90.0,0,0,0,0
Dry,35-44,7.010767700361913,956.7611708144577,6,Moderate,Medium,82.94367732323828,0,1,0,0
Sensitive,45-54,7.24073443596022,3106.265519698621,15,Low,Low,76.32544695684481,0,0,1,0
Normal,under 18,6.459941096864526,1635.9614510723395,20,Low,Low,77.5935799922907,1,0,0,0
Combination,55+,7.560022839567098,2156.1891052332858,40,Moderate,Low,83.63813532891223,0,0,1,0
Normal,25-34,8.789102748124622,1371.0659220455561,61,Moderate,High,84.92744405716441,0,1,0,0
Sensitive,35-44,8.097070378862488,2295.211030625732,12,Moderate,Medium,90.0,0,0,0,0
Combination,under 18,6.786780194589181,2169.343658960845,55,High,Medium,90.0,0,0,0,0
Oily,55+,8.544186222397535,2436.1576900142254,82,Moderate,Medium,74.05556332535748,0,0,1,0
Combination,under 18,5.285471031889407,2410.079093377742,18,Low,Low,83.72051697085634,1,0,0,0
Sensitive,under 18,6.902967092451222,2036.4370490077577,7,High,Low,67.1673325428396,1,0,1,0
Dry,18-24,7.1097954865025415,1924.87850560087,66,Low,High,64.06377700783266,1,1,0,0
Dry,under 18,8.787561245660598,1958.141020075394,63,Low,Medium,70.04902308955388,1,1,0,0
Oily,under 18,5.320680807425247,1803.2350720151355,42,Low,Medium,80.43211533100701,0,0,0,1
Oily,45-54,7.268042075215713,2614.6073921485254,48,High,High,83.41827421634531,1,0,0,0
Dry,under 18,7.90464202742325,1574.732360626478,53,Low,Low,66.3742328047681,1,1,0,0
Sensitive,18-24,10.0,2132.38765548899,77,High,Low,80.30513019118094,1,0,0,0
Combination,18-24,8.913086106998522,1924.1427832113854,41,High,High,66.69705659839255,1,0,1,0
Normal,18-24,7.800038867058174,2419.7342522592025,16,Low,High,90.0,0,0,0,0
Dry,18-24,8.827292067631383,2528.6841526891126,84,Low,High,76.13082076497267,0,1,0,0
Oily,18-24,8.308295500109466,1842.4566344029456,28,Moderate,Low,81.98891853327858,1,0,0,0
Sensitive,55+,6.142380937065908,2166.3037551620987,75,High,High,69.18856514553413,1,0,1,0
Sensitive,25-34,8.399692108511605,1888.6396496116965,84,Low,High,76.49251579983344,1,0,0,0
Sensitive,55+,8.59775794857158,2726.3083727430894,6,Low,Low,90.0,0,0,0,0
Oily,18-24,5.625518621389871,1581.5396481018602,20,Moderate,Medium,80.71159775019058,0,0,0,1
Dry,55+,6.7894374116419955,2153.8063340945982,73,Moderate,Medium,68.87011909499458,0,1,1,0
Combination,55+,6.213149479349424,2676.1013394335723,98,High,Medium,71.6120973393709,0,0,1,0
Combination,25-34,7.636100292277677,2019.7235241203698,62,High,Medium,90.0,0,0,0,0
Oily,55+,4.846135714197208,1342.0920917862463,43,High,Medium,71.6836505258613,0,1,1,0
Sensitive,under 18,7.4215138754227095,933.7021869225819,15,High,High,62.16502045378925,0,1,1,0
Normal,18-24,8.518956114466107,1920.9230778138399,50,High,Low,90.0,0,0,0,0
Dry,under 18,10.0,3153.958125308055,25,High,High,59.30167789607055,1,0,1,1
Dry,55+,6.727826396128725,1946.8314987343424,67,Low,Medium,75.47638990346574,0,0,1,0
Normal,18-24,8.493372271003045,2851.586304959019,96,High,Low,75.44869545030106,1,0,0,0
Sensitive,18-24,4.542956413845975,1106.8122673226567,35,Low,Medium,67.93989061696644,0,1,0,1
Dry,55+,6.066947791668428,2291.3687915869323,38,Low,Low,80.3259197389236,0,0,1,0
Normal,45-54,7.745310385761396,2534.885727491925,8,Low,Medium,90.0,0,0,0,0
Sensitive,18-24,5.200453707452038,841.9280685155618,97,Low,Medium,66.25278258467205,1,1,0,1
Combination,18-24,8.287021292953218,1585.9018635173827,51,Low,High,75.55658894238492,1,0,0,0
Dry,18-24,3.972268203417043,2072.531872979691,56,Low,High,71.01122914488627,0,1,0,1
Normal,35-44,8.189763532328016,1938.9714339393613,29,High,Medium,75.85519545609299,0,0,1,1
Oily,55+,6.313227420726266,1920.3188839270467,43,Moderate,Low,76.08883252326754,1,0,0,0
Sensitive,35-44,6.444125856398825,1325.9764440299164,74,Low,High,69.80910971685175,1,1,0,0
Oily,under 18,5.927978984514352,2260.6399525069073,93,High,High,75.11441504301757,1,0,0,1
Sensitive,35-44,7.48251781206475,2084.02990298341,7,High,Low,74.41761834801338,0,0,1,1
Combination,55+,5.507277277219931,1909.2484189321665,65,Moderate,Medium,81.23126398961023,0,0,1,0
Oily,under 18,3.734402430335718,2089.238331942695,91,Moderate,Low,76.45734782196081,1,0,0,1
Sensitive,45-54,9.143286561720352,1262.9339339789472,77,High,Medium,70.66454691233214,0,1,1,0
Oily,45-54,6.121108490023367,2164.5533893550646,82,Low,High,81.42078526012217,0,0,1,0
Normal,55+,8.879263951641226,1775.8876918499252,90,High,Medium,74.22566498693342,0,0,1,0
Oily,25-34,5.961624506101155,1015.5384287919584,82,Moderate,Medium,57.75258551847968,1,1,0,1
Oily,18-24,7.155157193962159,3021.038020071872,72,Low,Low,81.71037755170434,1,0,0,0
Combination,35-44,7.416037692947014,1988.8605104081435,3,High,Medium,74.4770379950052,0,0,1,1
Dry,25-34,7.483123466150478,1994.4539980256989,57,Low,Medium,75.09024309852664,0,1,0,0
Combination,18-24,5.780478441609805,2411.6399578388528,26,High,High,60.878428919276224,1,0,1,0
Sensitive,under 18,7.338642284667632,2008.8066259668287,42,Moderate,High,76.9484432163659,1,0,0,0
Dry,25-34,5.536950959082625,2651.7539659673794,39,Low,High,69.99918034758113,0,1,0,1
Dry,25-34,7.997054117999665,1723.539581316349,90,Moderate,Medium,80.62230900706498,0,1,0,0
Combination,18-24,8.502737280522906,1751.2145808073965,21,Moderate,Low,90.0,0,0,0,0
Normal,25-34,5.826994761233444,1620.1484412598566,64,High,High,70.44243806085314,1,0,0,1
Oily,18-24,4.343397170367863,2235.7711902091028,11,Low,High,69.9138192656582,1,0,0,1
Combination,45-54,4.2532826824924745,1385.7780843671187,45,Moderate,Low,60.275582152127015,0,1,1,1
Normal,under 18,3.8866179863822,1956.9651536045535,41,Low,Medium,82.54096407085753,1,0,0,0
Combination,under 18,6.774519309592192,1836.651893406818,63,Low,High,82.54648261702538,1,0,0,0
Dry,35-44,5.436133457994136,1413.8831232816801,82,Low,Low,90.0,0,0,0,0
Oily,45-54,7.696554795319861,1724.7240341457561,61,Moderate,Medium,75.01627403735476,1,0,0,0
Dry,45-54,7.474537482304217,1557.3756569378888,74,Moderate,High,57.902116448356495,1,1,1,0
Combination,35-44,7.271594114156623,2651.639018658032,47,Moderate,Low,90.0,0,0,0,0
Combination,45-54,7.879248700589175,1793.79309089176,45,Low,High,70.20616311180203,0,0,1,0
Dry,45-54,7.385798455533891,1879.6674127348936,74,Low,Low,65.02174826051711,0,1,1,0
Combination,under 18,7.0118202770420925,1837.1944739257483,77,Low,High,77.97855513952926,1,0,0,0
Normal,18-24,6.753497191171913,2106.0466765370875,59,Moderate,High,80.3976112888153,1,0,0,0
Sensitive,35-44,5.5099619506270745,1492.0605865050109,75,Moderate,Low,75.4916079828699,0,1,0,1
Oily,25-34,4.917186169253183,1199.864447748145,61,High,Low,75.45265751191461,0,1,0,0
Combination,55+,5.174075961669281,2079.731253402065,3,High,High,58.16472289273633,1,0,1,0
Sensitive,25-34,5.660818726762174,2256.8072321155482,68,High,High,75.1345818457759,1,0,0,1
Sensitive,18-24,7.052070623128842,1015.7478932809731,98,High,High,70.84295006700687,1,1,0,0
Combination,45-54,7.982463376332535,2405.399322795855,15,Low,High,82.58189170816284,0,0,1,0
Dry,18-24,5.50920598774772,2210.0957714474957,76,Low,Low,77.71332881454377,0,1,0,0
Oily,35-44,5.715252643886202,2048.8351883741675,73,High,High,75.23171061240707,1,0,0,1
Combination,18-24,5.103252389567551,1103.4467737327116,12,Moderate,Medium,82.47985865923152,0,1,0,0
Combination,35-44,6.425774215580547,1938.1355268625819,25,Low,Medium,90.0,0,0,0,0
Oily,25-34,6.403480459578094,1407.9847208887204,57,Low,High,84.39099110796973,0,1,0,0
Normal,under 18,6.400151406803294,2134.647376290367,87,Moderate,Low,90.0,0,0,0,0
Normal,under 18,6.932660454816195,2091.250515299607,0,Moderate,Medium,76.99961826911978,1,0,0,0
Normal,45-54,5.99482719931865,2585.85895735808,47,Low,Low,84.09106647464581,0,0,0,1
Dry,25-34,5.23573999516783,2243.7801485433592,12,High,Low,57.77717633548734,0,1,1,1
Dry,35-44,8.772836639439943,2240.454046374448,3,High,Low,59.63825581114335,0,1,1,1
Oily,25-34,6.696213659402755,1735.8514766685105,87,Low,High,75.99769397827077,1,0,0,0
Sensitive,18-24,8.554131476569385,1288.5125373691635,77,Low,High,65.14201303672513,1,1,0,0
Sensitive,35-44,5.544813609430534,1801.2211172541392,14,High,High,75.4254385863731,0,0,1,1
Sensitive,under 18,8.856480636267998,2189.883818020448,45,Low,Medium,75.90331936928183,1,0,0,0
Normal,under 18,5.547931362234632,1844.846147307548,66,Low,High,67.37030019661037,1,0,0,1
Normal,35-44,6.078515283855558,1645.1055038832324,96,High,High,90.0,0,0,0,0
Combination,18-24,8.468334337835168,1314.1284353682472,57,Low,Medium,74.91291911194448,1,1,0,0
Oily,35-44,9.41317128360156,2414.1148450923115,13,Moderate,High,81.11191344962288,1,0,0,0
Sensitive,25-34,8.636292505905548,1768.5302439873708,98,High,High,90.0,0,0,0,0
Oily,18-24,6.775088921381336,1283.424092737644,11,Moderate,High,79.28725089559056,1,0,0,0
Combination,55+,6.213006389399796,2246.8274238215754,6,High,Low,90.0,0,0,0,0
Dry,25-34,8.944094592672094,1446.4215915987743,68,Low,High,70.83169795445201,1,1,0,0
Combination,55+,6.451741094522101,1924.350389883739,89,Low,Low,90.0,0,0,0,0
Dry,18-24,4.9063161967112725,2295.6746208792,91,Moderate,Low,68.91707746518182,1,1,0,0
Sensitive,18-24,5.914014502386086,1902.304824411488,88,Low,Medium,90.0,0,0,0,0
Combination,18-24,6.322075942132184,1605.3307471401629,49,Low,Medium,80.98041265869463,1,0,0,0
Dry,18-24,6.989432521779168,1892.1952107159889,76,Low,High,65.47515476999058,1,1,0,0
Combination,18-24,6.442213176582001,1635.7691891598286,83,High,Medium,84.89772599817161,1,0,0,0
Sensitive,35-44,7.479287006174433,2826.8086342461424,35,Low,Medium,90.0,0,0,0,0
Combination,45-54,7.209830849258691,2498.0591074555646,1,High,High,63.095536880092645,1,0,1,0
Oily,under 18,4.914667112269806,2078.8807196468847,20,Moderate,Low,90.0,0,0,0,0
Combination,55+,5.3539475215434,1261.5375362340492,91,High,Medium,72.16737860030216,0,0,1,0
Oily,35-44,5.890942888811446,2595.949667206786,25,Low,High,77.8136423705821,1,0,0,1
Sensitive,under 18,8.425023743004468,2121.5023610271996,14,Low,Low,83.15521671745121,1,0,0,0
Oily,18-24,4.700949160165104,1901.8596743060316,55,High,Medium,78.36715338576866,1,0,0,1
Normal,18-24,7.452550013352603,2087.768114789299,98,Low,High,79.31198649002529,1,0,0,0
Dry,25-34,4.234309624778882,1554.8410759900642,32,Low,Medium,75.98437185256667,0,1,0,0
Sensitive,18-24,6.903883353776925,2268.145454758595,37,High,Low,74.83512219617612,0,0,1,1
Sensitive,under 18,3.70580826835008,1918.9380122600708,31,High,High,83.41223221060957,0,0,0,1
Oily,55+,7.214573154818429,2424.8059942581067,8,Moderate,High,78.81413774784785,1,0,0,0
Combination,25-34,8.039286376356156,2291.2856594044024,4,Low,Low,90.0,0,0,0,0
Dry,under 18,5.8000892399470985,1045.998931438346,48,Low,High,70.51957097397853,0,1,0,1
Oily,45-54,6.410420864407898,2500.81591260428,69,Low,Low,61.22003312740398,1,0,1,0
Combination,55+,9.090181791286646,2355.274551148893,78,Moderate,Medium,81.43496427503811,0,0,1,0
Sensitive,45-54,7.644011234202601,2189.8198241929827,32,Moderate,High,75.80573477606649,1,0,0,0
Normal,25-34,6.165821879858829,1934.96985322319,28,Low,Medium,90.0,0,0,0,0
Dry,35-44,9.503604288739496,1528.7209971040618,32,Low,Medium,80.68263412971419,0,1,0,0
Combination,18-24,9.422168186064777,1838.9859227539707,5,Moderate,Medium,79.58501474174234,1,0,0,0
Dry,35-44,8.988148163642618,1296.592495251231,16,High,Medium,64.4841140621502,0,0,1,1
Sensitive,35-44,7.878856301746974,1631.614932026189,46,Moderate,Medium,90.0,0,0,0,0
Sensitive,18-24,4.877099212113719,2109.2670212054727,92,High,Low,82.15806703289591,0,0,0,1
Normal,25-34,8.514207682893954,1577.5292807032517,59,High,Medium,90.0,0,0,0,0
Combination,55+,4.751476059312398,1954.0776178325225,39,Low,Medium,90.0,0,0,0,0
Sensitive,25-34,6.868847006834228,2274.1598137772494,99,High,Medium,90.0,0,0,0,0
Oily,18-24,8.424391857046732,1970.292409363753,27,Moderate,High,78.40348538873415,1,0,0,0
Normal,35-44,9.783254972191394,2112.117372267646,23,Moderate,Low,90.0,0,0,0,0
Dry,35-44,6.480360240989651,1194.216320448586,72,High,Low,90.0,0,0,0,0
Normal,18-24,6.606010719525749,1831.8065272944318,82,Moderate,High,83.02190250525749,1,0,0,0
Sensitive,25-34,8.440457194422205,2231.241812033427,59,Low,High,90.0,0,0,0,0
Sensitive,25-34,5.230946317551075,2086.127193205519,78,High,High,67.30602301150701,1,0,0,1
Oily,under 18,8.00729675759358,2764.0156796939164,1,Low,Medium,81.86706118795554,1,0,0,0
Combination,18-24,8.33125595112109,2380.4233271557387,95,Low,Low,84.33976915754825,1,0,0,0
Normal,25-34,7.090128991922746,2194.156002711725,74,Moderate,Medium,90.0,0,0,0,0
Combination,55+,8.874257351059239,1333.611301260175,22,Moderate,Medium,71.48774412864134,0,0,1,0
Dry,18-24,6.475841009174566,1613.7156256218796,53,Low,High,69.6163761893028,1,1,0,0
Combination,55+,7.568729678089186,2615.111087825394,31,Low,High,75.90815175735176,1,0,0,0
Oily,18-24,6.10453856991839,804.8478162652809,48,Moderate,Medium,62.45088854149686,1,1,0,0
Combination,35-44,6.381668882463295,2456.736866008703,74,High,Low,90.0,0,0,0,0
Sensitive,under 18,7.80644485442482,2214.093123905288,62,High,High,81.60223350019639,1,0,0,0
Oily,25-34,6.5800100471882805,1360.4846318901068,8,Low,Low,72.11655025284644,1,1,0,0
Dry,55+,7.772941482436702,1582.8590949826876,41,Moderate,High,47.97058535971032,1,1,1,0
Normal,35-44,10.0,2285.253604177258,21,Moderate,Medium,90.0,0,0,0,0
Dry,45-54,6.129027546169073,1694.307376305686,35,High,Low,75.94183346875892,0,1,0,0
Combination,25-34,6.8605836900796175,1880.2490389891252,57,Moderate,Medium,90.0,0,0,0,0
Oily,25-34,8.675250663294932,2093.2080848720234,95,High,Medium,81.67081135874434,1,0,0,0
Oily,18-24,5.902552391637208,2945.220342577891,79,Low,High,81.97289531076915,1,0,0,0
Sensitive,35-44,7.073962497280334,2384.4198379844483,49,Low,High,78.03143908268646,1,0,0,0
Combination,25-34,6.087660238832861,2181.5578138722617,65,Moderate,Medium,90.0,0,0,0,0
Combination,18-24,7.466664986714793,1055.1753539519236,44,High,Medium,61.33005408276967,1,0,1,0
Oily,55+,10.0,2645.3222304612736,40,High,Low,90.0,0,0,0,0
Oily,18-24,6.404207025781019,1448.8651297720721,9,Low,Medium,82.63054670550848,0,1,0,0
Oily,under 18,7.521342420705328,2043.3488497071983,1,High,Low,65.70468861310185,1,0,1,1
Sensitive,55+,7.533503422844844,2095.7886980970447,42,High,Low,84.15750376461287,0,0,1,0
Dry,18-24,7.759361483958889,2723.652849695903,95,Low,Low,84.96158864848545,0,1,0,0
Dry,18-24,7.852154807692969,1475.1722505450293,6,High,Low,54.590548306386154,1,0,1,1
Sensitive,25-34,9.043844279068677,2820.3072817441434,93,High,High,84.38733656387654,1,0,0,0
Dry,45-54,10.0,1438.252983380201,0,Low,Low,68.735872834699,0,1,1,0
Dry,55+,7.364323019725412,958.9506484055064,15,High,Low,73.65570638418416,0,0,1,0
Sensitive,55+,7.829723734568814,1725.8998509166136,75,Moderate,High,69.8298032565336,1,0,1,0
Combination,55+,9.88516869223743,1612.692514990709,30,High,Low,70.4779143612611,0,0,1,0
Dry,under 18,4.466225443049107,1764.3681296487403,7,Low,Medium,64.49382308941344,1,1,0,0
Sensitive,under 18,4.036768343174294,2375.549727253655,95,High,Low,68.79575902544903,1,0,0,1
Normal,55+,3.9023754306155194,2014.2287905915794,8,High,Medium,80.21404030351486,0,0,1,0
Sensitive,25-34,3.883282270215705,1839.8510977316791,63,Moderate,Medium,90.0,0,0,0,0
Dry,18-24,9.465067233706801,2180.3239457178975,75,Low,Low,72.65899826672741,1,1,0,0
Sensitive,35-44,5.704759592552599,1984.398255530458,59,Moderate,Low,90.0,0,0,0,0
Sensitive,35-44,7.02702530806667,2236.315172921703,3,Low,Medium,90.0,0,0,0,0
Sensitive,55+,4.94971245507876,2296.283636923665,19,Moderate,Medium,81.69113964194945,0,0,0,1
Dry,18-24,3.0,1685.057723818095,75,Low,Low,83.50100172527954,0,1,0,0
Oily,35-44,6.267589236322683,2316.663413035619,50,Low,Medium,76.46185341854925,1,0,0,0
Combination,18-24,7.033946279015304,1297.2184730718568,24,Moderate,High,74.0732310770117,1,1,0,0
Oily,25-34,5.522510311274477,2099.3400047737036,13,Low,Medium,78.92182348003075,1,0,0,0
Normal,35-44,6.881398987203165,1710.437945182127,27,Moderate,Medium,90.0,0,0,0,0
Oily,25-34,6.278749315732031,2348.0839985796447,80,Low,Medium,78.15942431848644,1,0,0,0
Sensitive,45-54,6.223461140696178,1955.9543779854635,15,High,Low,79.88354138380772,0,0,1,0
Dry,25-34,10.0,1288.1586815580386,72,Moderate,Low,90.0,0,0,0,0
Combination,35-44,4.222235902638012,2391.7948323993032,31,Low,Medium,80.44926938146823,0,0,0,1
Combination,55+,5.982035408058845,1840.8812361286898,60,Moderate,High,49.62600705488765,1,0,1,1
Normal,18-24,5.828265432803329,1870.0999296162438,90,High,High,82.55706039952867,0,0,0,1
Sensitive,under 18,9.397807168144512,2401.0642293090596,40,High,Low,70.5779120057808,1,0,1,0
Sensitive,45-54,8.293335267830466,1291.886472103677,93,Moderate,Low,68.08251233689167,0,1,1,0
Dry,25-34,5.273269395170696,580.4606702572864,99,Low,Medium,83.36392811104027,0,0,0,1
Normal,35-44,5.785928768375869,2478.351593192829,71,Low,Medium,82.57651142830832,0,0,0,1
Combination,45-54,7.7754197736225565,1889.243368523938,68,Low,High,75.92377884830955,0,0,1,0
Combination,55+,6.96654957442292,1655.5572287122973,7,High,Low,77.43806128027407,0,0,1,0
Sensitive,35-44,7.307138323602676,2382.9391397403074,89,Low,Medium,90.0,0,0,0,0
Combination,18-24,4.57616981888429,2149.823843918674,18,Moderate,Low,82.8928838640932,0,0,0,1
Combination,35-44,8.398652306432002,1792.4498555183152,99,Low,Medium,90.0,0,0,0,0
Sensitive,45-54,8.051050918180875,3407.3272222362766,20,High,Medium,83.38382691850107,0,0,1,0
Combination,18-24,6.843485810519662,2196.653525002662,90,High,Medium,90.0,0,0,0,0
Normal,18-24,5.892914374507913,2090.6255813010252,41,Low,Low,90.0,0,0,0,0
Sensitive,25-34,7.690407437473456,2097.421170135069,18,Moderate,High,84.74534737848562,1,0,0,0
Sensitive,55+,5.470457020436715,2103.1808856627254,41,Moderate,Low,72.45890016549846,0,0,1,0
Combination,25-34,9.193293908076456,2224.3178822572636,72,High,Low,90.0,0,0,0,0
Normal,under 18,8.442980783607762,1881.494014993686,92,High,High,90.0,0,0,0,0
Oily,under 18,8.124850359135566,2139.633919108263,17,Low,Low,75.59877211497323,1,0,0,0
Dry,under 18,5.573633905469152,2159.2605023994374,96,Moderate,Medium,63.325628381050436,1,1,0,1
Sensitive,55+,5.512455004839534,1683.559862557604,19,High,Low,78.27252781103621,0,0,1,0
Combination,18-24,7.283992460938562,2148.6221366900622,30,Low,High,84.75774801876521,1,0,0,0
Dry,35-44,5.216151302384306,2526.992885591438,5,Low,Low,69.81197421230951,0,1,0,1
Combination,25-34,7.85800941745071,1647.635782194558,49,High,High,74.54483350589874,1,0,1,0
Sensitive,45-54,4.693622805326237,1927.5477104592844,8,Low,Low,76.83168899126726,0,0,1,1
Oily,45-54,6.33108442920826,2056.5702285265115,47,High,Low,83.47744147954658,1,0,0,0
Normal,25-34,6.45532500826665,996.2715696274951,34,High,Medium,69.28708909308615,0,1,1,0
Combination,25-34,6.417479592548262,1847.1904444658435,50,Low,High,90.0,0,0,0,0
Oily,35-44,7.9504915371610885,1650.900162694475,77,High,High,80.94309179450646,1,0,0,0
Dry,under 18,9.51801201005885,1044.1797246741214,5,Moderate,Low,76.2576567973507,1,0,0,0
Normal,55+,8.966751246703936,1887.8405145609477,95,Moderate,High,65.71940364026071,1,0,1,0
Oily,55+,8.289377308515334,2039.9007420293665,80,Low,High,71.20719066134208,1,0,1,0
Oily,18-24,8.709333304038203,1806.3190177235945,23,Moderate,Low,77.80057896758827,1,0,0,0
Combination,35-44,5.352069362233282,2710.2521436355314,50,High,Low,82.5991221308399,0,0,0,1
Normal,25-34,6.8297790311767885,2110.7792368121054,85,Low,Low,90.0,0,0,0,0
Normal,under 18,8.852127871067193,1484.0223789527827,0,Low,High,90.0,0,0,0,0
Combination,under 18,7.893236346458886,1705.0526217685547,38,Moderate,Medium,75.38791603151805,1,0,0,0
Oily,under 18,6.801745966533442,2036.1394826921444,47,Low,High,90.0,0,0,0,0
Sensitive,55+,4.749667207829596,1610.5814785897826,47,Low,Medium,75.17147351009822,0,0,1,1
Combination,18-24,9.026609338619709,2443.095594292398,33,Moderate,Low,90.0,0,0,0,0
Oily,35-44,6.906040634009147,2121.5617292564466,22,Low,Low,90.0,0,0,0,0
Dry,35-44,6.558636241545313,2678.291692913991,74,High,High,90.0,0,0,0,0
Normal,35-44,6.699471133308754,2115.921046067424,8,High,High,84.85050942610349,0,0,0,1
Sensitive,35-44,8.719045216213097,1611.3142575770466,59,Moderate,Low,90.0,0,0,0,0
Oily,45-54,9.33818377674534,1234.7692951283116,5,High,Low,45.22231875117055,1,1,1,1
Dry,18-24,9.444463196669197,1813.6622080240127,88,Moderate,Low,70.98878679358472,1,1,0,0
Normal,55+,6.635951878262078,1054.9949144085285,62,Low,High,61.459436195291545,1,1,1,0
Dry,25-34,6.317807923933461,1480.096734486558,84,Moderate,High,75.07516557516807,1,1,0,0
Dry,45-54,6.088530481939791,1931.3445171055603,51,Moderate,Medium,77.32686711158979,0,1,0,0
Sensitive,55+,8.436687421709358,2103.801675700313,69,Moderate,Medium,83.70331660634072,0,0,1,0
Combination,18-24,7.461514980101671,1452.2403055772188,42,Moderate,High,70.82020532869154,1,1,0,0
Oily,25-34,5.678868865595905,2899.3625091756558,64,High,Low,73.80074973715496,1,0,0,1
Normal,18-24,5.89719844785513,2828.104126028648,26,High,Medium,78.11190849203315,0,0,1,1
Oily,45-54,6.6354082016787,2001.143968071752,0,Moderate,High,67.70668648769725,1,0,1,0
Combination,35-44,8.605547740344894,2635.946210969328,14,Moderate,High,81.26677874114732,1,0,0,0
Sensitive,45-54,6.833781159581369,1805.8784732392305,84,Moderate,Low,73.75260527342576,0,0,1,0
Oily,18-24,6.9161193272166805,2168.978764116059,81,High,Medium,90.0,0,0,0,0
Dry,55+,8.336955530304634,2002.1149294970758,0,High,Low,59.72893608007038,0,1,1,1
Dry,45-54,7.928329447034731,2819.1798661354705,81,Low,Low,90.0,0,0,0,0
Oily,18-24,7.571964418397177,2155.826428002389,23,High,Low,74.90778074902471,0,0,1,1
Oily,55+,4.721633762364898,684.6349315854684,76,Moderate,Medium,57.79656033118467,1,1,1,0
Sensitive,under 18,7.5825635938452525,1952.587884359564,63,Moderate,Medium,90.0,0,0,0,0
Sensitive,35-44,6.227825987627887,2121.765102093172,96,High,Low,90.0,0,0,0,0
Sensitive,55+,6.909394406204638,2563.8901253169493,75,High,Medium,74.72727744017075,0,0,1,0
Oily,35-44,7.129166302388467,1626.5383574649163,4,Moderate,Low,79.56265046506756,1,0,0,0
Oily,18-24,8.485249358438933,1891.4344625268986,92,High,High,80.45313802511609,1,0,0,0
Combination,18-24,7.7898050255084605,1761.2946469035999,77,Moderate,Low,79.47374233773621,1,0,0,0
Sensitive,18-24,6.025259671753846,2042.0841150928482,78,Moderate,Low,90.0,0,0,0,0
Dry,45-54,7.019242965315527,2239.9135176834166,86,Low,High,49.13325629757512,1,1,1,0
Oily,25-34,6.597031370035387,1081.8201081148013,74,Low,High,69.72526259235978,1,1,0,0
Oily,25-34,6.350839174617417,2396.909233571908,76,Moderate,Medium,90.0,0,0,0,0
Dry,under 18,6.55393588113534,1876.808298742726,25,Moderate,Medium,77.55469226786474,0,1,0,0
Dry,35-44,8.479564758858906,1644.0133863705387,5,Moderate,Low,90.0,0,0,0,0
Normal,35-44,4.68579517263565,1919.6844402372528,29,High,Medium,70.77938289437571,0,0,1,0
Dry,18-24,6.273739073126895,1516.8768401233729,16,High,High,60.160754612813655,1,1,0,1
Normal,under 18,6.736932316151964,2245.752823623392,53,Moderate,Low,90.0,0,0,0,0
Normal,55+,6.986067157648276,2153.490536343119,54,Low,Low,90.0,0,0,0,0
Combination,35-44,9.720111547773135,1828.560569221218,51,High,Low,90.0,0,0,0,0
Dry,under 18,7.417522951967005,1745.3933187004327,3,Low,Low,63.38838608991833,1,1,0,0
Combination,45-54,5.730460420169541,1707.546173291115,33,Moderate,Low,69.57681040778023,0,0,1,1
Oily,18-24,6.2818621427174675,2179.737898773563,25,Low,Medium,90.0,0,0,0,0
Sensitive,under 18,10.0,1641.9782818620797,47,Low,High,83.87247416939115,1,0,0,0
Combination,45-54,6.375062041576806,1968.4384934443758,67,Low,Medium,82.94407311981217,0,0,1,0
Dry,35-44,7.5936982730646205,2131.7754059773924,27,Low,High,80.2126564671008,1,0,0,0
Sensitive,45-54,8.926143690922176,786.8039647323958,81,High,High,70.71235830664781,1,1,0,0
Oily,35-44,3.4196051947064907,1752.0609139949254,65,Low,High,82.93245688677688,0,0,0,1
Combination,18-24,8.645950281315564,1217.1759841972018,33,Moderate,Low,75.62462256116166,1,1,0,0
Dry,55+,3.0,2285.589703109604,92,Moderate,Medium,48.276717591795425,0,1,1,1
Normal,35-44,7.365485835554072,1454.8957966002852,82,High,Low,90.0,0,0,0,0
Normal,25-34,5.521690598918605,1515.1281401826627,63,Low,Medium,82.91341781369098,0,0,0,1
Normal,under 18,7.165802976210911,1686.8423619084965,90,Low,High,90.0,0,0,0,0
Combination,35-44,7.7410958784632795,572.6866685478044,35,Moderate,High,65.47598280409139,1,1,0,0
Combination,25-34,5.714722202308301,1436.973019544475,60,High,Medium,67.81216166022409,0,1,0,1
Normal,45-54,6.615488982441262,1730.9761207549307,84,High,Low,83.63518457583069,0,0,1,0
Sensitive,25-34,8.19676566984365,1070.331614169971,68,High,High,82.48407061181058,1,0,0,0
Combination,25-34,7.068237214496128,2279.168211605853,76,High,Low,90.0,0,0,0,0
Combination,25-34,9.784971154842932,1759.1170144532625,30,High,Low,72.8164267073706,0,0,1,1
Sensitive,25-34,7.4866879065287755,1098.0686037188175,33,High,Medium,57.871410502140364,0,1,1,1
Dry,55+,3.4120656935304643,2422.38718789085,87,Moderate,High,61.59035650116893,1,1,0,1
Dry,18-24,6.9916595595278945,2589.2563448992114,76,High,Medium,80.03044311888526,0,1,0,0
Dry,35-44,4.939895666545376,2259.9510697643764,61,High,Medium,80.40920775104995,0,1,0,0
Combination,45-54,9.803226760815779,2209.852804178633,9,Moderate,Low,72.80328208014183,0,0,1,0
Sensitive,under 18,7.414872258386573,2004.278040412175,8,Low,Medium,80.45239434132345,1,0,0,0
Normal,45-54,4.643677814311132,2677.786467855174,35,High,High,62.380901183059656,1,0,1,1
Sensitive,35-44,6.083713540292401,2252.2416281915084,40,Low,Low,90.0,0,0,0,0
Dry,under 18,4.655448540143119,1410.2701677461098,46,Low,Low,64.91355783444678,1,1,0,1
Sensitive,18-24,9.152631098833353,1826.3488555210786,5,High,High,81.40214021216431,0,0,0,1
Combination,35-44,9.179913214063816,1960.8846704707412,30,Low,Low,90.0,0,0,0,0
Normal,45-54,4.237153340563214,2446.03379986586,73,Moderate,High,73.82462056266971,1,0,0,1
Dry,35-44,6.115161523366588,2349.344406758522,26,High,High,66.74026428080072,0,0,1,1
Oily,under 18,7.037816301310123,1228.4408860285648,31,Moderate,Low,76.08114822406,0,1,0,0
Dry,25-34,7.246442148055854,3098.1115710763997,13,Low,Low,80.64806717785913,0,1,0,0
Normal,35-44,7.739479687771689,1971.2411234972685,57,Low,Low,90.0,0,0,0,0
Oily,under 18,8.613015102935346,2105.3342326015554,52,High,Medium,77.60835611163688,1,0,0,0
Sensitive,45-54,7.314301345394192,1454.1874139204488,96,Moderate,Low,69.9099695786756,0,1,1,0
Normal,25-34,7.350772038684397,2517.7217082084726,41,Low,Medium,90.0,0,0,0,0
Normal,45-54,5.745906771849963,2712.2479106234737,49,Moderate,High,90.0,0,0,0,0
Sensitive,18-24,6.862440963782311,1556.1152442307298,100,Moderate,Low,90.0,0,0,0,0
Combination,35-44,8.496448115380367,1856.6028821308653,35,Low,High,90.0,0,0,0,0
Dry,35-44,8.139272331229161,1854.1206838707315,76,Moderate,Low,79.36690887480431,0,1,0,0
Oily,35-44,6.9102607847051445,2246.7801021671457,91,Low,Medium,81.40479427717842,1,0,0,0
Oily,35-44,7.436345586385009,1002.2341097741307,55,High,Medium,84.1053909482537,1,0,0,0
Dry,25-34,5.318134389858413,2464.7049923954078,46,Moderate,Medium,90.0,0,0,0,0
Normal,55+,6.801795116647679,1738.1343486142891,66,High,High,66.07239692596636,1,0,1,0
Dry,under 18,4.9621389771137885,1460.1318393620759,90,Low,Low,73.19603314424936,1,0,0,1
Dry,25-34,3.9673020400570786,1949.3596406492336,18,Moderate,Medium,77.3066553108884,0,1,0,1
Oily,18-24,6.10234362912843,1516.7060545073423,11,High,Low,52.7256718299914,1,0,1,1
Sensitive,35-44,6.897814862248071,2181.985315426369,21,Low,Low,90.0,0,0,0,0
Dry,45-54,10.0,1244.0582902183933,91,Low,Low,69.30025882992926,0,1,1,0
Sensitive,45-54,8.739071564950784,2486.550780507536,97,Moderate,High,82.19789934393243,0,0,1,0
Oily,25-34,5.831360890934949,2101.6179772930154,21,Moderate,High,73.02184074580786,1,0,0,1
Dry,under 18,6.313550125993578,2092.8442902093693,60,Low,Low,81.32809150413688,0,1,0,0
Combination,35-44,9.263696520106826,2302.8031163156566,31,Moderate,Low,90.0,0,0,0,0
Oily,55+,7.762912559850163,1784.8453400226788,31,Low,High,77.53870084375635,1,0,1,0
Combination,35-44,4.7739150026134975,1895.765894729796,67,Moderate,High,70.0528790202741,1,0,0,1
Sensitive,55+,8.809912232295872,1236.4160717051764,66,Moderate,High,61.605991570089564,1,1,1,0
Sensitive,18-24,5.417365947734957,2063.133868117034,4,Low,Low,81.32498734876916,1,0,0,0
Normal,35-44,5.5230178227291065,1603.7382764423937,48,Moderate,Medium,90.0,0,0,0,0
Combination,35-44,6.364602127407735,1317.1912979049252,25,Low,Low,78.61546324563417,0,1,0,0
Dry,35-44,5.5388172306754475,2351.713958393654,75,High,Low,81.98027861145431,0,1,0,0
Oily,18-24,5.038945326653554,1201.0639327525812,56,Moderate,Medium,70.82417302366316,1,1,0,0
Oily,18-24,6.054962530699158,2365.9777512549226,18,High,Low,83.0672157597897,0,0,0,1
Sensitive,under 18,6.704617288004665,1767.7094609421908,76,Moderate,Medium,79.48393274269193,1,0,0,0
Oily,35-44,7.06653819627341,1127.146283570174,8,Moderate,Medium,83.34054604090332,0,1,0,0
Oily,18-24,7.742058480662549,2191.717515701822,95,High,High,90.0,0,0,0,0
Oily,45-54,6.386037288856418,2502.9622558982082,27,High,High,66.32252282695111,1,0,1,0
Combination,25-34,5.308755851570442,2563.9544966267845,47,Low,High,68.9976287767129,1,0,0,1
Normal,under 18,7.231740498392877,1831.7237050609133,85,High,High,79.94052260612777,1,0,0,0
Dry,35-44,6.970189546947533,1946.3676170945291,42,High,High,77.77456480002368,1,0,0,0
Dry,under 18,8.830424344626575,1461.6604362644932,78,Moderate,Medium,70.0454868989471,1,1,0,0
Dry,35-44,5.856221141280103,2518.1514460362396,72,Low,Medium,68.32739988124219,0,1,0,1
Dry,under 18,6.106697597224211,2450.266538665796,8,Low,Low,84.3391092703421,0,1,0,0
Sensitive,18-24,9.549153974513064,1799.1024865291831,86,Moderate,Low,90.0,0,0,0,0
Sensitive,25-34,8.022043489862957,1423.1538593300706,78,High,Medium,75.4433157327381,0,1,0,0
Combination,45-54,8.132099947101715,2099.711992993384,71,High,High,63.33430708576225,1,0,1,0
Normal,45-54,7.709557423240323,1677.2139639823026,87,Moderate,High,71.03893410777354,1,0,1,0
Combination,25-34,4.508374876649241,2251.6260323747524,65,Moderate,Medium,80.04343549144608,0,0,0,1
Oily,45-54,3.904895271280818,1841.3247538787325,38,Moderate,Low,63.84383291025968,1,0,1,1
Dry,under 18,8.411772799629954,2095.948867936518,89,High,High,69.26263297357148,1,1,0,0
Oily,18-24,9.92251396718472,2512.554576290887,20,High,Medium,59.4793090671092,1,0,1,0
Sensitive,35-44,6.019152417511635,2013.6566899257193,19,Moderate,Medium,90.0,0,0,0,0
Oily,25-34,6.928943946183346,1208.9116183269364,47,Low,Medium,80.08139223398004,0,1,0,0
Sensitive,45-54,5.58940162527347,1719.61954651007,27,Moderate,Medium,74.87851399683136,0,0,1,1
Dry,45-54,3.945669245716095,2023.7467341258214,41,High,Medium,78.24317042885123,0,1,0,1
Sensitive,35-44,6.626392233020439,1163.553049344213,11,High,High,84.5097306221556,0,0,1,0
Combination,55+,7.606319297915999,2357.93637234548,87,High,Medium,83.6871971517321,0,0,1,0
Dry,25-34,7.340551718297333,1837.9659123955148,42,Low,Low,84.1765420892697,0,1,0,0
Oily,45-54,7.8871632276277825,2340.1101802383455,0,Low,Low,67.74813638005135,1,0,1,0
Combination,45-54,7.461105354579533,1587.6938747826196,67,Low,High,90.0,0,0,0,0
Normal,25-34,7.414901148266771,2597.7403254127394,20,High,High,70.78038940917446,1,0,1,0
Combination,55+,6.105056412082405,3048.9696695662155,20,High,Medium,73.15045481515665,0,0,1,1
Sensitive,35-44,6.211553599021923,2016.203506670068,30,Moderate,High,82.59318720837781,1,0,0,0
Dry,55+,5.991271605990496,2111.6354179601303,19,Low,Low,77.1542517292369,0,0,1,1
Oily,25-34,4.386667461047088,1726.9791005916395,98,Moderate,High,75.55805662423747,1,0,0,1
Normal,55+,5.361818199477149,2067.6691739461453,75,Moderate,High,84.49245806438371,0,0,1,0
Dry,25-34,8.491671063263361,2323.003093557276,8,Low,Low,76.96372618882492,0,1,0,0
Sensitive,18-24,3.4425109587116616,3021.03482646394,63,Moderate,High,69.91469094339062,1,0,0,1
Combination,55+,7.442919910931303,1611.7504297535,90,Moderate,High,60.34723888878101,1,0,1,0
Oily,18-24,7.235691878486412,2088.0949112513463,32,Moderate,Low,75.11631158481865,1,0,0,0
Dry,under 18,5.999726924572655,2098.958333671038,17,Low,High,54.36723027654083,1,1,0,1
Combination,55+,6.088791568569539,1797.8190036549886,43,High,Medium,83.43104122398812,0,0,1,0
Normal,18-24,5.9705812963673734,1283.6643551301736,27,Low,Medium,68.68779880796264,1,1,0,0
Normal,45-54,7.218754705323076,2292.649718258169,78,High,Low,70.7527458968083,0,0,1,0
Oily,35-44,7.772325394114558,2409.962626317617,92,High,High,90.0,0,0,0,0
Sensitive,under 18,7.4865103150223025,1733.6372508915483,36,Moderate,Low,78.72957267127292,1,0,0,0
Oily,35-44,8.259495796646783,1321.2412300790324,53,Moderate,High,68.54010941353062,1,1,0,0
Combination,25-34,5.64899292623128,1517.8999642883778,83,Low,Low,82.10218138046034,0,0,0,1
Sensitive,25-34,8.620084088708966,2471.394257070038,0,High,Low,82.7537503376983,0,0,0,1
Sensitive,under 18,7.7309578555674925,2535.964932605899,55,Low,Low,82.2636529404478,1,0,0,0
Normal,35-44,5.681075826382018,2174.29755993049,2,High,High,64.59612885244451,1,0,1,0
Normal,18-24,6.812238357425254,2423.441051942457,68,High,High,90.0,0,0,0,0
Oily,18-24,6.827163651171704,1807.5285557949594,49,High,High,64.27310684320679,1,0,1,0
Oily,25-34,7.8113627778414845,2438.0845835956166,82,Low,Medium,90.0,0,0,0,0
Dry,55+,5.997482207729798,1969.462164323812,93,Moderate,Low,59.69257318252574,0,1,1,0
Dry,25-34,5.412339049537521,750.9694912535304,12,Moderate,Medium,72.70329620390478,0,1,0,1
Dry,under 18,7.300689447120593,2304.452678127316,0,Low,Low,62.40429804195327,1,1,0,0
Oily,35-44,7.393100213630088,1025.2191411228164,43,Low,High,70.9836496400957,1,1,0,0
Normal,25-34,6.473725854885288,890.8261199744593,100,Low,Medium,81.46759836551558,0,1,0,0
Sensitive,18-24,9.054551661481277,1456.972708940957,69,Moderate,High,76.95624664653673,0,1,0,0
Oily,under 18,8.883105414189846,2472.934821842073,20,Low,Medium,90.0,0,0,0,0
Normal,18-24,5.649114471195908,1433.6075243661276,61,High,Medium,68.03697165005161,0,1,0,1
Sensitive,18-24,7.525555324579507,1577.8379814084644,21,Low,High,77.26536619764906,1,0,0,0
Oily,55+,7.153726963237311,1758.586204596541,29,High,Medium,64.70650867280364,1,0,1,1
Dry,under 18,4.32826237830155,884.7659904377706,73,Moderate,Low,56.65754401833898,1,1,0,1
Sensitive,under 18,7.340026372741896,1719.2211268346873,17,Low,High,77.33874849107161,1,0,0,0
Normal,18-24,6.170365274628802,2347.9319195468925,60,Moderate,High,77.7409631936562,1,0,0,0
Combination,under 18,8.760163414948668,1863.7276393190955,79,Low,High,81.87941822878409,1,0,0,0
Sensitive,25-34,6.489101939635208,2250.071516556942,4,Low,Low,90.0,0,0,0,0
Combination,55+,4.964596645450637,2111.5765273738484,17,High,Medium,70.01078883338309,0,0,1,0
Sensitive,under 18,7.827828957733231,2340.1151042088145,67,Moderate,Low,77.61371602864413,1,0,0,0
Sensitive,under 18,4.094870946246303,1619.3223650955297,3,Moderate,Medium,90.0,0,0,0,0
Dry,45-54,5.6826051207648,2049.9434772046066,77,High,Low,68.12855521289167,0,1,1,1
Dry,45-54,7.721116869651976,2748.3552037229906,10,Low,Low,76.74687418101274,0,0,1,0
Normal,under 18,6.2575517794478905,1751.213750845393,91,High,High,79.53935375085425,1,0,0,0
Normal,55+,8.72450802831812,2148.2884692651523,38,Low,Medium,84.38893854857696,0,0,1,0
Sensitive,under 18,8.90147726678196,2144.364001504918,84,Moderate,Medium,83.6310836621562,1,0,0,0
Oily,45-54,5.264325071930093,1333.4358226110967,0,Low,Medium,80.94011310175327,0,1,0,0
Normal,18-24,4.672731626411606,2331.0259173792365,10,Moderate,Low,81.49651267131074,0,0,0,1
Oily,55+,8.782895234630512,2924.6810706931906,2,Moderate,Low,66.40075125060176,1,0,1,0
Normal,18-24,8.26465799848486,2581.419288767493,52,Low,High,82.26685586745361,1,0,0,0
Dry,35-44,6.129975501019473,1421.7920916280716,70,Low,Low,78.86742042996866,0,1,0,0
Sensitive,18-24,8.27511899862633,2208.8403761197005,67,Moderate,Medium,90.0,0,0,0,0
Normal,35-44,7.1611665615113385,2193.685740316495,74,Moderate,Medium,90.0,0,0,0,0
Dry,45-54,7.484778223687309,2641.9084299267806,15,High,Medium,84.97821040699453,0,0,1,0
Normal,18-24,8.942478377225434,2272.1101761701734,95,Moderate,High,90.0,0,0,0,0
Dry,55+,8.268704308844391,2257.031276212388,74,Low,High,76.9929803092015,0,1,1,0
Oily,55+,6.308245401948072,2378.28233745657,50,Low,Low,90.0,0,0,0,0
Oily,55+,4.908257396711107,2526.9457761479416,26,High,Low,84.86240078409345,1,0,0,0
Dry,18-24,5.208215590350948,2142.9016433973666,92,High,Low,62.936622736776194,1,1,0,1
Dry,55+,5.7322690623607615,2276.6944915372133,18,Low,Medium,51.6202209020437,0,1,1,1
Sensitive,under 18,6.949112161108137,1202.6220209183339,32,Low,Medium,78.79003081249317,1,1,0,0
Sensitive,45-54,7.631049446527719,1711.0396115836447,37,Low,Medium,90.0,0,0,0,0
Combination,18-24,8.321720081220054,2000.6628443672037,36,Moderate,Low,84.86232381513462,1,0,0,0
Normal,under 18,7.593131478082057,1521.215522492394,75,Moderate,Medium,82.75684263934619,1,0,0,0
Dry,55+,6.116001652858957,1770.6806819494577,35,Moderate,Medium,78.42806064656304,0,0,1,0
Dry,under 18,8.285053720363834,2838.6885439027446,99,Low,High,72.71429399934549,1,1,0,0
Dry,under 18,5.792242372385686,2538.4240723288403,34,High,Medium,56.00750363650589,1,0,1,1
Normal,under 18,3.745483873411447,1402.9052994538554,30,Moderate,Medium,57.86807512672659,1,1,0,1
Normal,18-24,5.561832315719838,1323.7456552796389,80,Moderate,High,73.95687129509776,0,1,0,1
Normal,25-34,4.62461741531863,2206.499456068899,0,Moderate,Low,90.0,0,0,0,0
Combination,55+,6.678898453408208,2189.702698802555,97,Moderate,Medium,80.92087657158908,0,0,1,0
Dry,55+,8.03570902918227,2132.8084965862668,51,High,High,60.31420686386049,1,1,1,0
Combination,25-34,7.98664476422556,1965.2338568788653,60,Low,High,82.72422317930884,1,0,0,0
Normal,under 18,5.219509917541383,2528.9070904103983,88,Low,Low,78.4106589232546,1,0,0,1
Sensitive,35-44,6.116331800828309,1532.201850618787,68,High,Low,90.0,0,0,0,0
Oily,55+,6.733123186293403,1543.5945403517435,70,Moderate,High,81.72294314531122,0,0,1,0
Oily,under 18,6.373854427015852,2172.026960781733,32,Low,High,75.08684417006292,1,0,0,0
Normal,35-44,7.5225126088691905,1551.0849667871853,26,Low,Medium,90.0,0,0,0,0
Dry,45-54,6.268441940576883,2537.166502385122,15,Low,Medium,63.21742809502536,0,1,1,0
Oily,35-44,7.744600176600912,3037.5325196742706,88,Moderate,High,90.0,0,0,0,0
Oily,35-44,8.77019226061229,2572.1465342799693,27,Moderate,Medium,90.0,0,0,0,0
Normal,45-54,4.9181971743162975,2381.930175816711,29,High,Medium,80.3267258645259,0,0,0,1
Sensitive,45-54,6.920339797454634,1724.5090982308752,89,Low,Low,70.28942648762393,0,0,1,0
Normal,under 18,7.252023010798792,2472.6057673057417,85,Moderate,Low,90.0,0,0,0,0
Dry,18-24,7.751247386506318,1560.76309932897,94,Low,High,83.02355333174555,0,1,0,0
Combination,35-44,8.11368837038893,1681.206228962018,7,High,Medium,82.98227440213887,0,0,1,0
Dry,25-34,7.32502467844643,1848.3249662614328,80,Moderate,High,71.53014000229552,1,1,0,0
Sensitive,under 18,6.671700622396561,2383.121487520255,21,Moderate,Low,78.15560356952938,1,0,0,0
Sensitive,under 18,5.439709420276153,2972.5975371384666,10,Low,Low,82.82690770070042,0,0,0,1
Dry,25-34,4.268370896058256,1701.1661583725713,91,High,High,54.32236981277473,1,1,0,1
Combination,35-44,7.5553178349126116,2292.157083217655,20,High,High,68.03671996968771,1,0,1,1
Combination,25-34,6.849286419142443,1971.3046484992287,77,Low,High,76.64376295953782,1,0,0,0
Dry,35-44,7.615825127991425,1884.4652612711598,37,Moderate,High,71.12373452117723,1,1,0,0
Dry,under 18,9.089771886902358,2419.6745571158012,29,High,High,46.53127838761407,1,1,1,1
Dry,45-54,8.309236526508451,1516.9216383147914,29,Low,Low,61.64952498156112,0,1,1,0
Dry,45-54,6.880917363391446,1849.7670256396482,70,Low,Medium,70.83102327108918,0,1,1,0
Dry,under 18,5.491597936465801,2180.0820919728835,54,Moderate,Low,78.01224480299284,0,1,0,0
Dry,45-54,6.193531363330275,2327.7019149251187,56,Low,Medium,69.705101007856,0,1,1,0
Dry,55+,5.394712655658502,2859.5203064209104,35,Moderate,Low,90.0,0,0,0,0
Oily,55+,5.655501012111907,2109.651168600218,3,Low,Medium,75.44441205421381,0,0,1,0
Dry,35-44,8.1877889655821,1714.6797848999436,12,Moderate,High,69.74108752665396,1,1,0,0
Oily,55+,8.278702965149426,1385.4082010997918,19,Moderate,Medium,63.48029309336373,1,1,1,0
Oily,45-54,9.178176548773841,2007.0746324828792,18,High,High,61.57841265654829,1,0,1,0
Dry,25-34,6.10538288804668,1850.4091137862827,64,High,Low,80.31125612256056,0,1,0,0
Normal,35-44,8.21337890408908,1707.7723540747809,59,Low,Low,90.0,0,0,0,0
Normal,under 18,5.8759634658658335,1889.231701208131,0,High,Medium,68.51531772668883,1,0,1,1
Dry,35-44,5.234556830845047,2910.271953970908,48,High,Low,90.0,0,0,0,0
Dry,25-34,6.150408113177916,2415.8083930902017,47,High,Low,66.15433493520058,0,1,1,0
Oily,45-54,7.314205125471659,1507.732974759016,91,Low,High,66.90114319384435,1,0,1,0
Normal,45-54,6.991067936180906,2392.001389655374,58,High,Medium,84.74508455704527,0,0,1,0
Normal,55+,6.71760799737054,2596.556472925514,67,Low,Low,90.0,0,0,0,0
Combination,under 18,8.532273089172795,2459.4574273291646,15,Moderate,Medium,83.75735544486307,1,0,0,0
Normal,45-54,6.310514841590504,1460.0787761092565,94,Low,Medium,74.75170762960846,0,1,1,0
Sensitive,35-44,6.079618591955809,2098.12047033336,31,High,Low,68.22137806703297,0,0,1,1
Combination,18-24,7.818680070298534,914.2142976197763,19,High,Low,57.060222587171374,0,1,1,1
Combination,35-44,6.987830197582374,2079.044612661592,38,Low,Low,90.0,0,0,0,0
Dry,35-44,6.583683615526673,2645.6369195079396,96,High,Low,77.74771453104619,0,1,0,0
Normal,35-44,7.6326701113763065,2655.0959540404483,27,Low,Medium,90.0,0,0,0,0
Combination,under 18,6.676059219474651,2468.7387462534625,59,Low,Medium,90.0,0,0,0,0
Sensitive,18-24,9.45259959179128,2655.8467246363307,45,Moderate,Medium,84.57680805127404,1,0,0,0
Sensitive,18-24,5.361787609856901,1873.1619612288096,92,High,Medium,78.16816604234612,1,0,0,0
Oily,55+,6.482252941825306,2244.627267538164,10,Moderate,Medium,64.38436011647048,1,0,1,0
Normal,45-54,8.0295303325218,1580.553662987132,2,Low,High,74.53890746448526,0,0,1,0
Normal,18-24,7.101757770875406,990.0363339219318,35,Moderate,High,74.7278722164204,1,1,0,0
Combination,under 18,9.162917508702835,1743.8128796616531,37,High,High,75.37305755229103,0,0,1,1
Combination,18-24,7.083795909766746,1845.1751430059694,67,Moderate,High,77.91121943874803,1,0,0,0
Sensitive,55+,8.719041362520123,581.2467793013104,28,Low,Low,78.17884133835754,0,0,1,0
Sensitive,55+,6.975084486511136,1947.090621251151,100,Low,High,81.38355516717013,0,0,1,0
Oily,55+,6.319545418612476,2863.1132728178163,86,Low,Medium,80.1546974853303,0,0,1,0
Dry,under 18,5.669005811716343,2385.8980886178306,52,Low,High,81.19323207047259,0,0,0,1
Sensitive,25-34,7.534379183059126,2630.759626267758,49,Low,Medium,90.0,0,0,0,0
Normal,35-44,5.999216372833742,1633.5155504381205,99,High,High,76.08176104661956,1,0,0,0
Dry,18-24,8.644104861216098,2212.6606541650553,3,Low,High,83.87985374407914,0,1,0,0
Dry,45-54,4.682593979984862,1730.3474927683649,67,Low,Low,60.086000944852486,0,1,1,1
Normal,under 18,7.579573980772091,2418.8821107732947,92,Moderate,Low,78.19879247146086,1,0,0,0
Sensitive,25-34,5.9811540202105675,542.8720050915294,78,Moderate,Low,75.19491252505671,0,1,0,1
Normal,55+,7.78483477860555,1389.8396550280122,98,High,Medium,81.52975737336999,0,0,1,0
Normal,35-44,3.973991802816383,583.8370375079296,43,Low,High,77.26455020596082,0,1,0,1
Dry,45-54,8.220971290296612,2064.3087252024834,77,High,Low,79.97213099103108,0,0,1,0
Sensitive,under 18,6.661515428931622,2694.512181481381,11,Moderate,Low,76.42722720423883,1,0,0,0
Combination,18-24,7.9559870245346085,2808.1500213609584,66,High,Medium,84.57146563905604,1,0,0,0
Combination,55+,4.910896791749505,1982.7246880230182,2,Moderate,Low,70.11389218159893,0,0,1,1
Oily,45-54,4.574929937577979,1885.3088340722663,88,Low,Low,52.27801640788662,1,0,1,1
Oily,45-54,6.627076219349984,2313.3068186315354,26,Moderate,Medium,62.48468316128225,1,0,1,0
Sensitive,18-24,7.068345821712848,2311.703569139958,87,Moderate,Low,77.54838703476985,1,0,0,0
Oily,18-24,8.055160199708341,3077.464338691571,98,Low,Medium,81.44204660862296,1,0,0,0
Sensitive,45-54,6.527055017070813,1529.4886496668105,70,Low,Medium,77.71920815560465,0,0,1,0
Sensitive,35-44,7.369125422974613,1598.8599864302282,97,High,High,78.78821334161918,1,0,0,0
Normal,25-34,9.222941152654805,1858.3909805273838,37,High,Low,90.0,0,0,0,0
Normal,under 18,6.1516354481890145,1764.342139424441,67,Moderate,Low,82.62574326419183,1,0,0,0
Normal,55+,8.077626135207462,1921.1265083842575,67,Low,Medium,90.0,0,0,0,0
Dry,55+,6.037499769804427,2832.6759588117657,47,High,High,74.63338333808252,0,0,1,0
Oily,45-54,5.715745239007375,2017.7830370164968,6,High,Medium,79.19156374726093,1,0,0,0
Normal,18-24,7.978459227415346,1184.3324447914633,2,High,Medium,55.44877205961386,1,0,1,1
Normal,45-54,7.720390752108887,1472.4461622597753,48,High,Medium,62.39222163712254,0,1,1,0
Sensitive,under 18,8.234174171251004,1518.674494040512,66,Moderate,Low,81.33819508706931,1,0,0,0
Sensitive,55+,8.03915354777329,2552.9165331473564,72,Low,Low,83.45584027904188,0,0,1,0
Oily,45-54,8.292154788449206,2125.658324119051,39,High,High,58.073558473585955,1,0,1,0
Dry,25-34,6.65304858560545,1711.790211832578,99,Low,Medium,79.40151237244694,0,1,0,0
Oily,35-44,9.206552036225656,1650.2523899161783,79,High,Low,80.27022450007492,1,0,0,0
Sensitive,55+,5.444400889645006,2332.6844675164148,15,Moderate,Medium,75.7958122290032,0,0,1,1
Combination,45-54,5.805794795220256,1524.9682512669365,92,Low,High,53.63170942754434,1,0,1,1
Normal,18-24,4.8345936067453525,1758.5450802697412,84,High,Low,65.70437930844406,1,0,0,1
Sensitive,55+,6.87592746415526,2121.5458638303494,15,Low,High,80.6585179014996,1,0,0,0
Dry,35-44,8.426959366449225,2263.4489618328967,75,Moderate,High,80.65854425274442,1,0,0,0
Normal,35-44,6.71369167067023,1900.9021618101401,73,Moderate,Medium,90.0,0,0,0,0
Sensitive,55+,7.765236203372775,2636.2850814642848,9,Low,Low,72.86886791594843,0,0,1,0
Oily,55+,7.189471299224801,1765.4345728947956,87,Low,Low,63.005663290832956,1,0,1,0
Oily,25-34,5.510700998371682,1277.3973677938873,24,Moderate,Medium,66.35635853656592,1,1,0,1
Oily,under 18,7.999404508065284,2288.9892618197787,21,Moderate,Low,90.0,0,0,0,0
Normal,35-44,7.8660452876599924,1935.670276823972,76,Moderate,Medium,90.0,0,0,0,0
Oily,under 18,9.110402118837627,1757.9407527075912,14,Moderate,High,90.0,0,0,0,0
Oily,55+,8.432903855810808,1980.6285525052285,24,High,Medium,69.89079496872753,1,0,0,1
Oily,45-54,6.0874738529809935,2296.2651536588805,82,Moderate,Low,72.13244772653314,0,0,1,0
Combination,under 18,7.614454178025991,2178.486379633463,58,Moderate,Low,79.78192283243689,1,0,0,0
Normal,35-44,7.121917633084298,1981.0534591415847,82,Moderate,High,90.0,0,0,0,0
Combination,18-24,10.0,2592.1283225980865,81,Moderate,Medium,90.0,0,0,0,0
Sensitive,35-44,8.084240342478267,2055.899579101694,56,High,Medium,90.0,0,0,0,0
Sensitive,18-24,8.510735800895004,2258.9973881957258,7,High,Medium,66.56509634775598,1,0,1,0
Dry,25-34,7.039307129161053,1848.2178373670424,2,High,Low,67.9669686325467,0,1,1,0
Oily,18-24,6.878623993505967,500.0,72,High,High,84.77264930328138,0,1,0,0
Normal,55+,7.315901258946463,1755.76195994482,68,Moderate,Low,82.02341125875714,0,0,1,0
Sensitive,18-24,9.389004997424326,2009.672035405877,11,Low,Medium,75.69388954555627,1,0,0,0
Dry,25-34,5.216554870697557,1975.0599229359411,51,Low,Medium,84.20849170802124,0,1,0,0
Dry,55+,5.430818372406243,2236.7037078562335,13,Low,High,58.84499906849433,0,1,1,1
Sensitive,35-44,7.436421046509228,2478.919815554134,69,High,Medium,90.0,0,0,0,0
Sensitive,under 18,5.813677312458152,2017.0040481140734,24,Low,Medium,83.51635920602462,0,0,0,1
Combination,45-54,4.952467306860047,2350.7473909623573,6,High,Low,80.15466004076015,0,0,1,0
Sensitive,25-34,7.778306770660183,2247.9025105137853,65,Low,Low,90.0,0,0,0,0
Sensitive,25-34,7.002428547035412,2207.3864453943957,36,Low,Low,90.0,0,0,0,0
Sensitive,18-24,9.406508662462894,1857.452871478993,87,Moderate,Low,79.6581818082718,1,0,0,0
Dry,35-44,7.207967775565127,1456.936850409295,94,Moderate,High,75.84829470614729,1,0,0,0
Dry,55+,5.697608557602502,2048.9066465466535,11,Moderate,High,57.56639258962378,1,1,1,1
Sensitive,55+,8.655900320052861,1871.8595878742137,87,High,Medium,78.60969246924853,0,0,1,0
Dry,45-54,6.646125206031814,1796.5573777478126,31,Low,High,81.81558367547206,0,1,0,0
Dry,45-54,6.197864993733515,2147.485727854411,96,Moderate,High,67.68354608500223,0,1,1,0
Oily,35-44,4.754113532232033,2640.469788333364,61,High,Low,75.6180561709058,1,0,0,0
Sensitive,45-54,6.00186655280581,2360.951742719071,99,Low,Low,84.96622804074174,0,0,1,0
Normal,18-24,5.095002103909186,2334.4200652731092,10,High,Low,80.0816409654301,0,0,1,0
Sensitive,55+,8.007916911721747,2192.101036002948,84,Moderate,Low,76.91388212268726,0,0,1,0
Sensitive,under 18,5.508357217300311,2124.7740947990387,87,Moderate,Medium,68.82465250481697,1,0,0,1
Dry,under 18,5.225415722898417,1873.6183724519074,73,Low,Medium,53.09062496703521,1,1,0,1
Combination,18-24,8.54411965143299,2398.350963535371,55,High,High,77.1665066818352,1,0,0,0
Oily,18-24,7.02277441381065,1512.596712038579,16,Low,Medium,75.48600013515602,1,0,0,0
Dry,55+,7.96838156826129,2009.6906188490127,69,Moderate,High,70.16725958145096,1,1,0,0
Normal,25-34,3.519526602654365,2391.314913158259,94,High,High,84.33982732539842,1,0,0,0
Combination,35-44,6.963650749195462,2601.225623991536,80,High,High,76.89740607506228,1,0,0,0
Oily,55+,5.357094221735792,500.0,83,Moderate,Low,57.96957883349465,1,1,1,1
Oily,45-54,7.418625787517778,2145.7818383409863,57,Moderate,Medium,75.36476361647068,1,0,0,0
Sensitive,35-44,4.463992558590322,1510.7502270666969,78,High,Medium,90.0,0,0,0,0
Dry,45-54,10.0,1847.1946929230983,73,Moderate,High,62.307708247386486,1,1,1,0
Oily,55+,8.096438464564324,1674.670086315808,68,Moderate,High,81.01406345937033,1,0,0,0
Dry,25-34,3.864545651720265,1914.8708766020472,6,High,Medium,62.03079164874359,0,1,1,0
Normal,25-34,6.601593159570842,1800.0608806658142,87,Moderate,High,90.0,0,0,0,0
Oily,18-24,6.828038746740411,2132.1341358228183,35,High,Low,65.83973226274114,1,0,1,1
Normal,35-44,6.77482457311929,1367.996916026318,25,Low,Medium,78.88612581087918,0,1,0,0
Dry,55+,7.729277187342908,1025.3141223387884,31,High,Low,54.652382612505754,0,1,1,1
Dry,45-54,3.9244638140736994,2369.590247350784,73,Low,Medium,63.65275904004067,0,1,1,0
Combination,55+,7.760530408203035,1971.302317462982,61,Low,Medium,70.47058009630699,0,0,1,0
Dry,35-44,4.906827242867392,1646.0445296629623,75,Low,High,77.18317421626766,0,1,0,0
Dry,45-54,6.605879878470244,1202.0530157129433,13,High,High,54.02956858450353,1,1,1,1
Normal,25-34,5.891457012965151,2326.16516908834,96,Moderate,High,90.0,0,0,0,0
Oily,18-24,9.140958046433825,1790.2826236707247,39,High,High,67.68375391865585,0,0,1,1
Oily,35-44,8.134732531474148,1042.9699647062662,76,Moderate,Low,77.95313884812481,0,1,0,0
Normal,18-24,7.989176861670417,1598.0257926362594,34,Low,Low,82.89814133982877,1,0,0,0
Combination,under 18,7.461018425061955,1876.1237908801454,41,Moderate,Medium,90.0,0,0,0,0
Combination,18-24,8.980621014675751,1562.7821758300408,13,Low,High,90.0,0,0,0,0
Normal,18-24,7.941409446342747,1860.2462683517333,53,Moderate,High,79.75475221146809,1,0,0,0
Dry,35-44,6.762541782985505,1908.0730534203951,57,Moderate,Low,90.0,0,0,0,0
Normal,25-34,5.73149034325883,1992.9505170466641,19,High,High,69.97153276715491,1,0,1,1
Sensitive,45-54,6.906027666817268,2120.620124203365,67,Low,High,80.27112286079782,1,0,0,0
Dry,35-44,7.126757718539293,2398.997274806118,0,Moderate,Medium,90.0,0,0,0,0
Normal,45-54,8.385262924071053,1474.6883390860994,71,Moderate,Medium,90.0,0,0,0,0
Combination,45-54,8.303158750886157,1406.8317864450728,99,Moderate,Medium,73.40611671094965,0,0,1,0
Normal,35-44,7.881783832206603,2309.8693923514343,96,Moderate,High,82.01349825690741,1,0,0,0
Dry,18-24,4.133024662506244,2046.4896232647047,63,High,Medium,58.7078841718799,1,1,0,1
Sensitive,25-34,6.297255829959527,1620.6173710323126,40,High,High,80.43187428735139,0,0,1,0
Normal,under 18,9.026278496048509,1673.1604296812905,10,High,Medium,79.65217922181932,1,0,1,0
Dry,25-34,5.7904346063229255,2037.8474700025467,47,High,Low,76.21592274069118,0,1,0,0
Oily,25-34,8.028384619447625,1929.1757069949365,40,Low,Low,90.0,0,0,0,0
Combination,35-44,8.749555818503879,2265.487830982045,4,High,Low,70.20478282991769,0,0,1,1
Combination,25-34,3.7326830204028543,1735.266518246496,36,High,High,65.39068096709418,1,0,1,0
Dry,35-44,6.157236850972452,2239.680476714711,57,High,Medium,82.07331809080053,0,1,0,0
Sensitive,18-24,3.0627744154388323,3274.504854358861,95,Low,Low,74.00831506070416,1,0,0,1
Combination,25-34,7.796539142341315,2074.4384019588456,26,Low,High,90.0,0,0,0,0
Dry,55+,8.772351574628718,3171.827026406312,69,Low,High,65.55708546475086,0,1,1,0
Oily,55+,8.306119966882605,2474.40654823581,39,High,Low,64.64092800274702,0,0,1,1
Sensitive,18-24,7.196035036696573,1929.2371233165259,26,High,High,77.16433961796787,1,0,0,1
Oily,55+,6.286306833992648,1586.944004142729,58,Low,Low,63.996805256291815,1,0,1,0
Combination,45-54,5.969478850450754,1324.7220178285083,80,Moderate,Medium,84.83653112033628,0,0,0,1
Dry,45-54,6.886192823972465,1157.6662113868065,11,High,High,73.76498269817175,1,1,0,0
Dry,55+,7.286374786215566,1981.8346959788291,56,Low,High,61.4590168948494,1,1,1,0
Normal,55+,7.220402947580031,1738.9342149900037,74,Low,Low,82.41184206807706,0,0,1,0
Normal,45-54,10.0,2680.0579500901567,78,Low,High,83.28807421361343,1,0,0,0
Sensitive,25-34,5.1331862498729155,2116.4340437134492,84,High,Low,83.81863968248902,0,0,0,1
Normal,18-24,6.087990785594014,1492.7601366462932,30,Low,Medium,77.97529749839369,1,0,0,0
Normal,45-54,4.989891893314097,2216.108345379627,26,Moderate,High,75.0170801366543,1,0,0,1
Sensitive,18-24,5.977929647395639,2483.913012012602,20,Moderate,Medium,90.0,0,0,0,0
Combination,25-34,8.490673321795658,2686.9571926057247,32,High,Medium,74.12455337682975,0,0,1,0
Sensitive,45-54,5.721419850888845,2237.682805346005,74,Moderate,Low,90.0,0,0,0,0
Oily,18-24,7.948681324963451,1762.9109124480176,7,Moderate,Low,79.04104214396246,1,0,0,0
Normal,35-44,5.842342063910687,2804.7603328879864,92,Low,Low,80.52308638328685,0,0,0,1
Combination,18-24,7.341243813598081,2317.983875355869,74,High,High,90.0,0,0,0,0
Dry,under 18,5.766885982258109,1390.3577667389031,86,Low,Low,61.53256987763031,1,1,0,1
Oily,25-34,6.145825338261835,1937.9893063050015,97,High,Medium,75.6027311320592,1,0,0,0
Sensitive,45-54,5.403669989773977,1995.0775956748084,64,High,High,53.996620288105134,1,0,1,1
Combination,18-24,4.46724221789725,1439.976288765064,30,High,High,55.35659118371569,1,1,1,0
Combination,25-34,8.006366872415313,2301.895260138947,30,Moderate,High,90.0,0,0,0,0
Normal,45-54,6.412184851919701,1491.1178454615235,41,Low,Medium,82.55492877728184,0,0,1,0
Dry,55+,5.458894672710984,1813.365877029343,73,Low,Low,68.86174560557095,0,1,0,1
Combination,55+,7.966777737467937,2464.1228456721624,3,Low,Medium,90.0,0,0,0,0
Combination,55+,6.2552023967770465,1423.253787007608,94,High,Low,71.32518336121971,0,0,1,0
Normal,35-44,7.4017654567995,1588.2325146870753,60,Low,Low,90.0,0,0,0,0
Normal,35-44,6.222621041708196,2662.6380452185185,11,High,Low,90.0,0,0,0,0
Dry,55+,8.240673142848653,2078.987156125726,19,Low,Low,71.14018730442203,0,0,1,0
Sensitive,35-44,5.092121498330916,2105.6982837353294,59,High,Low,90.0,0,0,0,0
Normal,55+,8.59398593618129,1812.1831671172322,86,Low,Low,90.0,0,0,0,0
Sensitive,under 18,9.026671134980074,2646.3726447591034,16,Low,Low,90.0,0,0,0,0
Oily,35-44,9.49559924821521,2152.6215632656763,17,High,Medium,56.75865729137019,1,0,1,0
Normal,55+,7.881087549709019,2707.093644165545,93,Low,Low,82.11333139634336,0,0,1,0
Sensitive,25-34,7.671090905603464,1749.3829461048936,26,High,Low,69.1135551313555,0,0,1,1
Normal,under 18,6.327185745208208,2119.2774768868694,19,Moderate,Low,90.0,0,0,0,0
Combination,under 18,5.064157867080672,1928.3705423179038,71,High,Medium,83.59388784155779,1,0,0,0
Oily,45-54,8.64482067734538,904.3730744173595,85,Moderate,Low,90.0,0,0,0,0
Normal,18-24,9.301723152691773,2561.1871093515797,89,Moderate,Medium,76.60353937812332,1,0,0,0
Oily,55+,6.310353076254286,2271.695413935905,94,High,Low,68.91077710438286,1,0,1,0
Dry,55+,7.00472159035949,2614.9951842193414,74,Moderate,Low,75.58318235858691,0,1,1,0
Dry,35-44,8.474024714154911,1299.9646384084954,45,High,Medium,74.17130845599145,0,1,1,0
Oily,25-34,7.880893620196265,1897.186073178376,9,High,Low,64.2381086656564,0,0,1,1
Dry,35-44,7.12424885577715,1635.9140495150923,29,High,Medium,82.78442711685446,0,0,0,1
Oily,35-44,9.622205603681254,2520.030909951288,54,High,Low,83.70012394141534,1,0,0,0
Combination,45-54,5.890343254040549,1332.6946965448838,83,Low,Medium,67.31218172721,0,1,0,1
Oily,18-24,6.421491053533227,2217.251323045653,89,High,Medium,90.0,0,0,0,0
Oily,under 18,7.360308765919335,2626.5664123841216,2,High,Medium,55.38867113584262,1,0,1,1
Combination,45-54,8.184879583271279,2484.7845128764534,8,Moderate,Medium,73.32429509631848,0,0,1,0
Combination,25-34,7.490283100915656,1305.3506348945048,36,Moderate,Low,82.48718779686305,0,1,0,0
Oily,18-24,6.706452203279648,2530.0448699543326,32,Moderate,Medium,90.0,0,0,0,0
Oily,45-54,6.922715607213031,2251.5451843118735,7,Low,High,72.90854879713045,0,0,1,0
Sensitive,45-54,6.5218775271308,1485.0940757290775,29,Low,Medium,77.36555755561518,0,1,0,0
Dry,35-44,6.814983903930834,2154.523721516327,66,Low,High,90.0,0,0,0,0
Combination,35-44,6.0164684208078345,1882.1443775716657,13,Low,High,90.0,0,0,0,0
Oily,25-34,5.590805137021026,2559.622458782048,90,Low,Medium,82.9570658336221,0,0,0,1
Oily,18-24,6.558316363617949,2726.3777725630916,6,Moderate,High,90.0,0,0,0,0
Oily,under 18,9.293121775811363,1959.477017639128,36,Moderate,High,80.07966873793032,1,0,0,0
Dry,35-44,5.487326901178975,957.0510611333314,22,Low,High,83.25533216701106,0,0,0,1
Normal,55+,4.791944390459813,1313.0825875506698,45,Moderate,Medium,64.30115513250324,0,1,1,1
Dry,45-54,9.067704441192257,2057.912293613473,51,Low,Medium,65.0645600876015,0,1,1,0
Dry,under 18,7.584406786137982,889.7894955324371,45,High,Low,66.94303571006637,1,1,0,0
Combination,35-44,5.203050356174108,2443.5398882231434,53,Moderate,Low,90.0,0,0,0,0
Combination,55+,7.430161168573879,1926.3973606572013,75,Low,Low,84.24133668315433,0,0,1,0
Normal,35-44,7.847263537900184,2817.8989030679077,85,Moderate,Low,90.0,0,0,0,0
Combination,under 18,6.668436304694424,2034.6849013290348,2,High,High,64.37317231523497,0,0,1,1
Normal,55+,7.288895378096957,3196.054817636996,90,High,High,90.0,0,0,0,0
Dry,55+,3.8509656033714617,2341.611507394404,90,Low,Medium,65.5613459545627,0,1,1,1
Normal,35-44,6.827796626861405,2283.38586309209,50,High,High,78.61118404390807,1,0,0,0
Oily,18-24,6.013941169007913,1975.517484570775,59,High,Medium,76.86334696303484,1,0,0,0
Sensitive,45-54,8.067115869198243,3556.4551005219205,71,High,Medium,90.0,0,0,0,0
Sensitive,under 18,8.212054284103107,1575.9672009847457,19,Low,Medium,90.0,0,0,0,0
Oily,35-44,6.364360476965945,1773.292945808073,61,High,Medium,90.0,0,0,0,0
Dry,25-34,4.306535241054977,1834.9549041492814,55,Low,Low,67.35398458987913,0,1,0,1
Normal,45-54,8.099243622732617,1362.8839404616024,14,High,Medium,66.12773061147158,0,1,1,1
Dry,under 18,8.572723976575888,2243.887410542169,27,Moderate,Low,70.08658088670913,1,1,0,0
Oily,35-44,5.898650017043443,1929.2351813310763,7,Low,High,76.58685559328121,1,0,0,1
Oily,45-54,9.39748271146155,2366.773906752933,10,Low,Medium,63.55863415659258,1,0,1,0
Normal,35-44,7.013175482347222,1881.1583415195078,18,Low,Low,90.0,0,0,0,0
Sensitive,under 18,7.114913605677489,1744.1182210288482,93,High,High,75.35417807923506,1,0,0,0
Normal,under 18,3.8428757414214783,3021.0889552673652,9,High,Medium,74.70240250166464,1,0,0,1
Combination,45-54,7.232987498799102,2199.0736325612684,65,High,Low,78.39469608226577,0,0,1,0
Normal,25-34,6.913138375184637,1632.441599637706,56,Low,High,90.0,0,0,0,0
Oily,25-34,6.721113278576844,1200.3026189028444,69,Low,Medium,80.26724743346989,1,0,0,0
Dry,18-24,10.0,1382.744000788802,48,High,Low,58.34167444074912,0,1,1,0
Normal,35-44,5.452050574229231,1779.8703978067997,86,High,Medium,82.00049144512369,0,0,0,1
Sensitive,45-54,8.932113587278566,2007.254499631327,64,Low,Medium,79.11843200267151,0,0,1,0
Sensitive,55+,5.145796305954306,2627.16918037867,81,Low,Medium,90.0,0,0,0,0
Oily,25-34,8.096500940178222,2269.217478608226,11,High,Medium,71.34411026255077,0,0,1,1
Sensitive,25-34,8.07360136175626,3197.1809502912256,86,High,High,81.66693086006751,1,0,0,0
Sensitive,25-34,10.0,1656.6423284983523,13,Moderate,High,76.95188442925877,1,0,0,0
Sensitive,18-24,9.435827489216727,2191.5840948794503,37,High,Low,59.57347587140935,1,0,1,1
Dry,55+,7.748643724206624,1153.8645841783357,33,High,Medium,80.31409489158287,0,0,1,0
Oily,18-24,6.744421351917706,1593.5882048317176,71,Moderate,Low,83.40192757686776,1,0,0,0
Combination,45-54,8.242088222339964,2535.5402502014026,97,Low,High,79.57380342880548,1,0,0,0
Normal,45-54,3.888270473475533,1988.9825679978649,99,Low,Medium,68.93904715287866,0,0,1,1
Sensitive,18-24,8.682792257191378,1906.6605188432775,33,Moderate,Medium,90.0,0,0,0,0
Normal,35-44,8.093595467503548,2175.582733813542,77,High,Low,90.0,0,0,0,0
Sensitive,under 18,7.5124903479289395,1864.3425109658513,79,Low,Low,90.0,0,0,0,0
Dry,under 18,5.175128793796436,1439.2349262874864,75,High,Low,54.93079176152749,1,1,0,1
Sensitive,under 18,8.064028771682976,2009.7291277594416,29,Low,Medium,76.05557531115231,1,0,0,0
Combination,18-24,6.792231633089163,1788.0549788388237,31,Low,Medium,79.88956435811554,1,0,0,0
Sensitive,25-34,6.542216731778872,2523.4558972440695,99,High,Low,90.0,0,0,0,0
Dry,25-34,6.49713387719796,1329.4676433492157,35,Moderate,Medium,90.0,0,0,0,0
Oily,45-54,8.11547766331026,1897.5616680676414,12,Moderate,Medium,67.1655795175112,1,0,1,0
Normal,35-44,7.047093798299165,2803.789153199755,51,Low,Medium,90.0,0,0,0,0
Sensitive,55+,6.969159163974239,2144.5918365593625,8,High,Low,68.34868627618225,0,0,1,1
Oily,45-54,5.231614763052512,1890.16527382452,69,High,Low,73.92927771504404,1,0,1,0
Combination,35-44,7.914289067812902,1222.313133079379,66,Low,Low,78.77452483887166,0,1,0,0
Sensitive,55+,7.301267639673564,2050.395536322403,48,Moderate,High,59.64124948442971,1,0,1,0
Normal,35-44,7.061931183381159,2518.5794493291214,89,High,High,75.69690208832002,1,0,0,0
Sensitive,45-54,7.501657772272782,2739.035949178222,39,High,Low,67.15682069049913,0,0,1,1
Oily,under 18,5.509615726608946,2067.962283609174,15,High,Low,70.81598597184394,1,0,0,1
Combination,18-24,7.126700179584921,1465.37275312246,89,Moderate,High,90.0,0,0,0,0
Sensitive,under 18,8.434442503137019,3162.336652926409,54,High,High,90.0,0,0,0,0
Normal,45-54,6.974490888274254,2252.5105441368833,96,High,Medium,80.28417986833831,0,0,1,0
Sensitive,55+,7.126777713722991,1643.207665046412,82,Low,Low,81.10141988907152,0,0,1,0
Combination,45-54,4.268859583296976,1647.1132584523175,7,Moderate,Medium,90.0,0,0,0,0
Normal,25-34,4.912062428572403,2852.051039029559,17,Moderate,High,82.4978224799836,1,0,0,0
Sensitive,35-44,6.827335459115141,1827.0403354764146,87,Moderate,High,78.86609536149294,1,0,0,0
Sensitive,35-44,8.333730737181709,1439.124448572056,52,Low,Medium,82.37869201884945,0,1,0,0
Oily,25-34,5.849703942993171,2034.0361346243105,40,Moderate,Medium,75.42311838824139,1,0,0,1
Sensitive,25-34,8.543153487135221,2250.842522584394,98,Moderate,Low,90.0,0,0,0,0
Dry,45-54,7.372487713773824,2039.0588676180082,77,Low,Medium,79.45705500340962,0,0,1,0
Sensitive,35-44,7.600353783290163,2100.8264525646273,100,Low,High,90.0,0,0,0,0
Sensitive,25-34,5.455041587834597,2023.0396108165758,89,Moderate,Low,90.0,0,0,0,0
Combination,45-54,5.389467011623371,2040.5412714504118,77,Moderate,Low,77.7351803241431,0,0,1,1
Dry,under 18,6.279028087767638,3269.6908113914305,22,Low,Medium,80.48073653666809,0,1,0,0
Sensitive,55+,6.940158424372432,1297.8802168692055,84,Moderate,Medium,66.50975820737864,0,1,1,0
Oily,under 18,6.798729683984613,2259.679372818944,22,Moderate,High,84.07699842955849,1,0,0,0
Normal,25-34,9.510045919228785,1705.2738000306408,68,High,High,84.40031386866276,1,0,0,0
Normal,under 18,4.62635803896454,2408.4185057154905,13,Moderate,High,71.0810055762071,1,0,0,1
Dry,18-24,4.929101941150523,1781.9222792462574,10,Low,High,62.726379464892275,1,1,0,0
Combination,35-44,6.613569271733509,1965.183273349946,17,High,Medium,65.08393222211042,0,0,1,1
Dry,55+,8.033746685611504,1658.1828588568062,14,Low,Low,73.96876356455809,0,0,1,0
Sensitive,25-34,6.5894061217498585,1992.8648235253058,29,Moderate,Medium,90.0,0,0,0,0
Normal,55+,7.224396936278182,2048.9135873539612,49,High,Low,79.74468384231967,0,0,1,0
Dry,25-34,7.65400866283387,2421.9197548208685,33,High,Low,58.1050129870177,0,1,1,1
Combination,25-34,7.588951173476452,2226.7927617546093,6,Low,High,82.45535319257505,1,0,0,0
Combination,25-34,4.626665249880284,2025.1138495828402,83,Moderate,Medium,80.65064835560287,0,0,0,1
Oily,under 18,7.719261322002413,2364.4705972852253,17,Low,Low,75.15274513904382,1,0,0,0
Combination,45-54,5.961473838649309,1670.4803625556774,78,High,High,60.94429545737661,1,0,1,0
Sensitive,35-44,6.138848987074603,2268.2069499456716,97,Low,Low,90.0,0,0,0,0
Combination,55+,8.550821582386313,1796.2699463541992,82,High,High,90.0,0,0,0,0
Dry,45-54,8.361943470440574,2061.739904582297,68,Moderate,High,74.28674835570727,0,0,1,0
Normal,under 18,6.813571334256346,1894.3078850910156,8,High,Medium,61.01161155889072,1,0,1,0
Sensitive,45-54,8.119917046903236,2162.788908393535,29,Moderate,High,58.295651377068296,1,0,1,0
Combination,18-24,10.0,1573.8876785013379,39,Low,Low,76.36777194589342,1,0,0,0
Oily,45-54,7.777152553044964,1735.3994950942435,8,High,Medium,63.999529247241384,1,0,1,1
Combination,25-34,5.696069519517034,1994.566431482514,32,High,Medium,72.53620777353977,0,0,1,1
Normal,25-34,7.206028719110554,3459.086777530046,88,Low,Medium,90.0,0,0,0,0
Normal,45-54,6.723781276475197,1434.9106352576582,27,Moderate,High,56.5289545971529,1,1,1,0
Combination,18-24,7.409516076241578,962.6799812268159,82,High,Low,79.97660774644521,0,1,0,0
Combination,45-54,6.862064826093601,2008.0126411475803,94,Moderate,High,68.02676345014656,1,0,1,0
Dry,55+,8.191900574417817,2486.8111247139236,76,Low,Medium,74.86230569053393,0,1,1,0
Sensitive,under 18,6.244645571638424,1924.6929926850335,35,Moderate,High,90.0,0,0,0,0
Sensitive,18-24,5.850818754083994,1435.968722596153,4,Low,High,67.49080374834446,1,1,0,0
Dry,18-24,7.464842169070952,1363.2072257017003,71,High,Low,83.37265964437549,1,0,0,0
Normal,under 18,6.378059649142205,1502.4130200503814,19,Low,High,80.0003082282779,1,0,0,0
Sensitive,18-24,7.824524779435389,2900.7150496332442,72,Low,Low,79.85316061048555,1,0,0,0
Oily,55+,5.047618025795003,1073.4907585512155,73,High,Low,84.77645752745335,0,0,1,0
Oily,under 18,6.8126696719748985,2007.8488979788792,8,High,High,73.12067886441649,1,0,0,1
Normal,55+,7.327988960135946,1776.8397423828276,71,High,Medium,83.17445937418893,0,0,1,0
Normal,under 18,6.699041051761852,2183.7552052703013,37,Low,Medium,84.0705952578214,1,0,0,0
Oily,55+,8.560646338967258,1022.4756148408586,30,High,Medium,59.83454872635204,1,1,1,1
Normal,55+,6.446590841452807,2106.9043969705317,17,Low,Medium,72.00468145507105,0,0,1,0
Normal,25-34,5.623035843083896,2865.5848158836498,86,Low,Low,90.0,0,0,0,0
Oily,35-44,6.046885179656894,1979.3536564963586,96,Moderate,Low,90.0,0,0,0,0
Combination,25-34,7.834033145263437,1704.3576055990527,95,High,Medium,90.0,0,0,0,0
Sensitive,under 18,4.2301404282933746,1785.6727365417335,42,Low,High,80.5155660708084,0,0,0,1
Sensitive,35-44,8.544160833890562,1831.5524366074308,34,Low,Low,90.0,0,0,0,0
Oily,55+,5.730348547811532,2462.836104751361,50,Moderate,Medium,49.59936769894743,1,0,1,1
Oily,35-44,6.503837655965421,1744.9195931748914,69,Moderate,Low,76.8205509392623,1,0,0,0
Normal,25-34,7.224184134494965,2385.3751048093936,98,High,Medium,90.0,0,0,0,0
Oily,45-54,10.0,2413.6180538287117,78,Low,Medium,64.17439069613067,1,0,1,0
Combination,45-54,8.739759949582517,1747.0169005060723,18,Moderate,High,68.52776869891362,1,0,1,0
Sensitive,under 18,5.461197841045785,2031.1656748095616,67,Low,High,71.61702852106127,1,0,0,1
Sensitive,45-54,7.160754872889394,1460.7436293177016,87,High,High,62.43723892271291,1,1,1,0
Sensitive,under 18,6.737058205143981,2199.6588008595654,72,Moderate,Medium,90.0,0,0,0,0
Normal,18-24,7.54059009252712,2252.143926692136,16,Low,Low,90.0,0,0,0,0
Combination,35-44,7.436447095206164,1746.495670364972,80,High,High,76.27318231860012,1,0,0,0
Sensitive,under 18,6.229149060026735,1400.5243010030622,38,Low,High,66.67307903527082,1,1,0,0
Dry,under 18,9.677162558777642,2006.7251823096465,100,Moderate,Medium,72.25074772103329,1,1,0,0
Sensitive,25-34,6.662720416307722,1535.6039592737707,90,Low,High,80.11722249561564,1,0,0,0
Sensitive,45-54,10.0,1463.3359838885522,23,Low,Low,69.85785206740483,0,1,1,0
Oily,45-54,6.35672811159089,2207.91841814303,91,High,Medium,80.64257545275456,1,0,0,0
Dry,45-54,7.9003194486164166,2478.966027607842,61,Moderate,High,57.7257873393143,1,1,1,0
Combination,25-34,9.711412761653895,2253.0788277303564,16,Low,High,82.06351523303626,1,0,0,0
Sensitive,under 18,5.415953800049999,1871.5274374391092,40,Moderate,High,84.29232030636338,0,0,0,1
Combination,35-44,7.461748558770827,3034.113020752912,0,High,High,84.04946003495326,0,0,1,0
Combination,35-44,4.903291782363555,2601.2882526126136,35,Low,Medium,90.0,0,0,0,0
Dry,25-34,7.269871554319625,2418.9152676147405,60,Low,High,81.7190164411497,0,1,0,0
Combination,under 18,6.847007925046102,1578.7836849368368,7,Low,Medium,75.54680132028356,1,0,0,0
Normal,18-24,8.126309169101997,2327.2155135528105,20,High,Medium,75.64886487566768,1,0,0,1
Normal,25-34,8.458085448609584,1993.3476823106823,0,Moderate,Low,90.0,0,0,0,0
Oily,25-34,6.100266965020226,1220.606502488079,71,High,High,84.40998143766322,1,0,0,0
Combination,under 18,8.229059902209109,2211.944741221993,78,Low,Medium,83.90792697809228,1,0,0,0
Oily,25-34,5.551326050704061,1730.7131633516879,23,Moderate,Low,84.56380406440286,1,0,0,0
Sensitive,under 18,6.299861782072839,1258.507784008791,72,Low,Low,76.90338012351185,0,1,0,0
Normal,25-34,5.7734764050923,1433.084821596823,87,Low,Low,72.49587183945822,0,1,0,1
Oily,45-54,6.381281482168095,1630.6512508352187,73,Moderate,High,63.32083567944844,1,0,1,0
Normal,45-54,4.559492618699877,3011.295115284741,59,Moderate,High,66.30226518655293,1,0,1,1
Sensitive,under 18,8.878811096543846,1610.4902892400073,52,High,Low,77.06968466036392,1,0,0,0
Normal,18-24,7.4086320949804145,2208.7325449106474,60,Low,Medium,84.17357540032138,1,0,0,0
Oily,under 18,8.786628782160214,1590.6974866699607,33,Moderate,Low,90.0,0,0,0,0
Normal,55+,8.638160175973638,1726.0473478965325,78,Moderate,Low,83.96918891352355,0,0,1,0
Combination,18-24,4.99620639374708,2362.0682796572487,100,High,Medium,73.55003797019732,1,0,0,1
Dry,35-44,8.936137636183641,3293.954486765342,67,Low,Medium,75.20986403929666,0,1,0,0
Sensitive,under 18,5.20041210236468,2349.459842540394,95,Moderate,Medium,80.05136781492278,0,0,0,1
Combination,25-34,6.3852981343097,2391.6793552620156,69,High,Low,90.0,0,0,0,0
Normal,25-34,4.794265673153124,1368.615112150718,22,Moderate,Low,65.34079143980902,0,1,0,1
Combination,35-44,5.8361877652502745,2039.4820228340423,17,High,Low,74.56884553234099,0,0,1,1
Oily,35-44,6.038378100192467,2329.52717195671,46,Moderate,High,84.19938375322356,1,0,0,0
Sensitive,18-24,8.540341927386871,2299.788770622678,26,High,Low,75.39110161536213,1,0,0,1
Combination,under 18,9.428181459491302,2207.9133147276716,5,Moderate,High,77.69380129668443,1,0,0,0
Normal,under 18,5.17465493448975,2681.68825676917,29,Low,Low,73.43350165886532,1,0,0,1
Normal,55+,6.092265646591004,2455.209249842785,2,Low,Medium,74.43760596859126,0,0,1,0
Sensitive,55+,9.36060132483266,2228.3440053652,49,Low,High,83.31809910879687,1,0,0,0
Normal,25-34,4.755761780253025,1540.8939167451042,29,Moderate,Medium,84.58421086212293,0,0,0,1
Dry,under 18,8.984116700327704,1915.4386571785917,10,High,Low,61.737619960254065,0,1,1,1
Sensitive,55+,7.119360302413249,2379.4122080818047,6,Low,Medium,90.0,0,0,0,0
Dry,55+,8.044484293120485,2139.39990619273,23,Moderate,High,53.641101472001964,1,1,1,0
Oily,35-44,6.686997443169301,1843.6657771338214,12,Moderate,High,90.0,0,0,0,0
Dry,35-44,8.286848237937015,2276.7847655338965,76,High,Low,77.91703010028873,0,1,0,0
Normal,55+,6.614049999073315,2541.05615649657,46,High,Low,75.00359400164379,0,0,1,0
Oily,under 18,6.806448827305324,1574.1689128328035,1,Moderate,Medium,78.77959301946821,1,0,0,0
Combination,55+,5.8615439516449825,1510.629581845117,1,Low,High,76.92397751588108,1,0,1,0
Dry,35-44,6.591384975094469,2616.8621391680963,5,High,High,53.21685546524462,1,0,1,1
Combination,45-54,5.792357228454237,2094.2378805090516,78,Low,High,61.060811109696914,1,0,1,1
Combination,35-44,6.0149659815588805,1869.8454793642813,9,Low,Low,90.0,0,0,0,0
Sensitive,35-44,4.7349381820221215,1889.7308854217313,72,High,Low,83.011082687557,0,0,0,1
Sensitive,45-54,6.709441930292557,2270.143972017848,7,Low,High,63.93326807613086,1,0,1,0
Dry,35-44,7.334921369883056,1400.8039375239773,64,Moderate,High,66.21131195995146,1,1,0,0
Normal,25-34,8.626297366065314,2105.151520110998,39,High,High,69.32374258859342,1,0,1,1
Dry,25-34,7.29759027576623,1995.4088233074306,41,Low,Low,90.0,0,0,0,0
Combination,under 18,6.22336382916667,2108.901169874363,9,Moderate,Low,81.86896396762849,1,0,0,0
Dry,35-44,7.713382653892873,1126.5521543272225,23,Moderate,Low,82.4522883308105,0,1,0,0
Normal,under 18,6.191858743980856,1872.5265147982054,80,Low,High,77.97543549693388,1,0,0,0
Dry,18-24,7.384255908541418,2596.655502963563,28,Moderate,Medium,78.98307699065275,1,1,0,0
Oily,55+,5.8423887781048265,1751.019076591079,53,High,Low,64.27642232943148,1,0,1,1
Dry,under 18,6.231198834030175,1599.2362049477292,19,Low,Low,69.39661889169645,1,1,0,0
Oily,25-34,6.4792202573316064,2385.4011099939858,86,Moderate,Medium,76.23542688816619,1,0,0,0
Normal,45-54,5.4192467569534815,2213.907197576452,69,Moderate,Medium,72.08944370753304,0,0,1,0
Normal,55+,4.447146654972497,1719.331001778897,75,Moderate,Medium,90.0,0,0,0,0
Dry,35-44,6.505766049673021,2837.4298364570323,85,Low,Low,83.58534697759352,0,1,0,0
Combination,25-34,6.587796542870968,899.3782632745408,66,Low,Low,90.0,0,0,0,0
Sensitive,under 18,4.001666639708125,2017.0147931733404,88,High,Low,84.5458294525313,0,0,0,1
Combination,18-24,7.920656283684863,2187.7279288136265,28,High,High,84.15875754881745,0,0,0,1
Normal,55+,7.251355158701485,2581.1297987528333,84,Low,Low,71.34421346436073,0,0,1,0
Oily,45-54,6.190613168894303,2447.4552780134127,73,Moderate,High,83.58304994921369,0,0,1,0
Oily,under 18,4.551977672460374,1547.5260835309668,64,Moderate,Low,73.02519240643764,1,0,0,1
Combination,45-54,4.2894379076022755,1862.5773496651038,95,Moderate,High,64.05526119745008,1,0,1,1
Combination,18-24,6.930608174100486,2057.05074611326,61,High,High,82.84052773809665,1,0,0,0
Normal,35-44,7.092825029330703,1536.223334594136,77,Low,High,80.20408131933102,1,0,0,0
Dry,45-54,6.714638733380177,1251.2766656971257,35,Moderate,Medium,71.35490306853082,0,1,1,0
Sensitive,18-24,9.044843462698376,1848.1869635509995,0,Low,Low,78.84958093654025,1,0,0,0
Normal,18-24,6.266670821434463,2794.4701642220416,80,Low,Low,83.44512939012351,1,0,0,0
Combination,under 18,5.136630199676157,1437.2064429840154,35,Moderate,Medium,55.46725228312748,1,1,0,1
Oily,35-44,5.355669512697152,1966.064309150259,46,High,High,56.31529946109504,1,0,1,1
Dry,under 18,7.647447444456396,2369.837734058917,35,High,High,64.82926309625994,0,1,1,1
Oily,18-24,10.0,875.283772899618,47,High,Low,83.69357224528953,0,1,0,0
Combination,under 18,7.913103383686625,1721.4347137138843,52,Moderate,Medium,90.0,0,0,0,0
Oily,25-34,6.12037727666684,1690.113935873061,91,High,Low,80.60029637389496,1,0,0,0
Sensitive,25-34,5.63684549378804,2842.2624173017257,50,High,Low,83.87877523407269,0,0,0,1
Oily,55+,8.263445990520854,2011.5979892786875,2,High,Low,61.53895373052132,1,0,1,1
Combination,35-44,9.026523628730502,1243.735517350562,77,Low,Low,75.44213350632147,0,1,0,0
Dry,under 18,5.003942303003611,911.0161339026561,100,Low,Medium,79.58787748059794,0,1,0,0
Normal,35-44,5.950878189815069,2080.8492633523765,50,Low,Low,80.99270780128857,0,0,0,1
Dry,under 18,7.1542878668985015,2074.6709555299403,53,Moderate,Low,72.64533107171195,1,1,0,0
Sensitive,35-44,4.883414753400878,2401.577371307011,58,Low,Medium,90.0,0,0,0,0
Sensitive,18-24,7.3594412773584965,2366.527140732999,10,High,High,72.48547742193907,1,0,0,1
Combination,25-34,4.1608567336149225,2155.745429398895,83,Low,Medium,83.04241877124844,0,0,0,1
Dry,55+,5.218352140123709,1801.3383737243191,39,High,Low,63.95358401429096,0,1,1,1
Dry,18-24,7.801547347954575,2045.5468031279565,21,Moderate,Low,76.65976687390572,1,0,0,0
Dry,25-34,5.722690030331021,2003.1365780922092,27,Moderate,High,73.08764162651309,0,1,0,1
Combination,55+,4.702697027134535,2575.133697949148,19,Low,High,64.5325392909275,1,0,1,1
Normal,55+,6.692073970755623,2559.274972127663,79,Low,High,65.05903764708182,1,0,1,0
Oily,55+,6.210202469355935,1738.2120057967086,76,High,High,65.71899942605599,1,0,1,0
Dry,55+,5.8537198200432305,2438.0869658465376,36,Moderate,Low,69.79514230825214,0,1,1,0
Dry,under 18,5.935853264007286,2322.297716207588,88,Low,Low,69.48826617133201,0,1,0,1
Combination,55+,6.426321403496065,1012.0183500541901,34,Moderate,Medium,65.96886427559092,0,1,1,0
Sensitive,25-34,6.144528898320301,1410.4458928185759,58,Moderate,High,65.57702298689065,1,1,0,0
Combination,18-24,7.050854085523507,1404.796132162755,46,Low,Medium,71.34784397648369,1,1,0,0
Normal,45-54,8.388962651071925,1954.4620698234864,48,Low,Medium,80.79464203195947,0,0,1,0
Oily,18-24,6.733606007861892,2327.946068893791,43,Moderate,Medium,90.0,0,0,0,0
Oily,45-54,8.445860401113794,1989.9506241151742,42,High,Medium,76.85234052377265,1,0,0,0
Sensitive,45-54,5.843199550676064,1113.0151919439354,18,Moderate,Medium,67.10574764921347,0,1,1,1
Sensitive,25-34,5.97092536444723,1691.3938766760193,17,Low,Medium,82.05749340402711,0,0,0,1
Oily,25-34,7.160586179488445,1827.4265594309863,23,Moderate,Low,82.1408477386356,1,0,0,0
Combination,55+,8.031899458077142,1693.5083643646553,69,High,Low,71.54109066455663,0,0,1,0
Sensitive,under 18,6.914438249720587,2591.9937215984446,38,Moderate,Medium,90.0,0,0,0,0
Oily,35-44,7.51273782093245,1969.9812291557178,72,Moderate,Low,80.42102245792705,1,0,0,0
Oily,55+,6.097083337097234,1683.3843016425114,2,Low,High,64.72883985527535,1,0,1,0
Combination,18-24,5.724080120572078,1729.4965671085504,18,Low,Low,79.51017205069705,1,0,0,0
Normal,25-34,8.133498758116472,1889.0558643538657,40,Low,Low,90.0,0,0,0,0
Combination,55+,4.9753403959281535,2884.084646529892,35,High,Low,65.11353866072308,0,0,1,1
Sensitive,under 18,7.479947786717744,1296.5282997434153,14,Moderate,Low,70.20531471472987,1,1,0,0
Oily,55+,6.337226609138765,2055.4431914142087,67,Moderate,Medium,65.12579852031271,1,0,1,0
Sensitive,18-24,9.556888139946066,1445.9437708705655,73,Moderate,Medium,80.93262365547565,1,0,0,0
Oily,under 18,8.46406107903392,2699.7432134861715,35,Low,High,75.74999624764978,1,0,0,0
Combination,18-24,6.057018542388144,1861.2431905698832,56,High,Low,90.0,0,0,0,0
Combination,25-34,5.445536128939345,1898.2694294598475,83,High,High,77.21710987735655,1,0,0,1
Dry,55+,6.9451150384856035,2329.824999041185,16,Low,Medium,72.29977183654572,0,0,1,0
Dry,under 18,8.63527520653067,1625.9519676891764,54,Low,High,69.08922550507607,1,1,0,0
Dry,35-44,4.049012403661008,1989.3776103618789,67,High,High,75.9156688276617,0,1,0,0
Dry,35-44,7.440306294952961,2124.7088438425208,79,Moderate,Medium,79.8190252650108,0,1,0,0
Sensitive,18-24,6.509990128736434,2062.376049831967,92,Low,High,79.24386518252982,1,0,0,0
Sensitive,18-24,9.27316721252837,2190.8670844812546,44,Low,High,78.84629746137195,1,0,0,0
Dry,18-24,6.439947362495373,1749.9010914520022,18,Low,Low,65.29831659565642,1,1,0,0
Dry,45-54,6.745221463483404,2818.36998091532,77,High,Low,77.89477873319501,0,0,1,0
Dry,25-34,6.725048935710704,1990.102827739646,28,Low,Low,84.12892389988333,0,1,0,0
Combination,under 18,6.276529643595546,2549.4916787209822,60,Moderate,Low,79.48772922336137,1,0,0,0
Sensitive,under 18,9.939755882117012,2225.306524715694,65,Low,Medium,77.12087802889877,1,0,0,0
Oily,45-54,7.124159355678138,2018.3914165871174,20,Low,Medium,90.0,0,0,0,0
Oily,18-24,3.4235398168213815,2372.5754321424088,50,Low,Medium,69.36719110085808,1,0,0,1
Normal,55+,7.201249623993765,2214.1710253303627,71,High,Low,70.5451375403594,0,0,1,0
Sensitive,55+,5.932806708874443,1807.7715605114543,80,Moderate,High,68.62061820348771,1,0,1,0
Sensitive,25-34,6.38346259524524,2510.8114920365197,16,Low,Low,90.0,0,0,0,0
Dry,55+,6.43186024509536,3041.330161054899,19,Low,Low,63.60069752275723,0,1,1,0
Combination,25-34,7.646293628522556,1362.1586700021342,19,Moderate,High,64.24580756155748,1,1,0,0
Dry,18-24,6.807180560122065,1674.1624389217923,93,Moderate,Medium,90.0,0,0,0,0
Normal,25-34,3.7084262952699634,2799.735470056895,27,Moderate,High,90.0,0,0,0,0
Sensitive,18-24,8.054713813330006,2266.603658949656,8,High,Low,69.9077952049308,1,0,1,0
Dry,under 18,7.248105490449556,1308.9912156537812,62,High,Medium,81.95109518079681,0,1,0,0
Oily,55+,6.274574290666845,2420.8903873920062,71,Moderate,Low,81.70372686072048,0,0,1,0
Sensitive,18-24,5.423169955326246,734.1153418745932,51,High,Low,63.13840156981128,1,1,0,1
Sensitive,under 18,6.659340988328611,1929.1212229862308,40,High,Medium,71.01951614241194,1,0,1,0
Dry,55+,7.2033451246220634,2364.259321757268,84,Low,Medium,80.98497807174688,0,0,1,0
Oily,45-54,7.956408718346813,2129.384902621961,98,High,Medium,67.22592911467754,1,0,1,0
Normal,55+,8.793297082130064,1240.5151095933427,48,High,Low,63.41860399958372,0,1,1,0
Oily,35-44,7.7568727217160856,2313.269181668471,0,Low,Low,90.0,0,0,0,0
Sensitive,18-24,5.14065657087964,1248.5646956588052,85,Low,Low,73.03068331845358,1,0,0,1
Combination,under 18,5.8810868102865985,1669.229278742354,25,High,Low,61.4106988663208,1,0,1,1
Sensitive,under 18,8.130129195253646,1692.7306081544525,72,High,Medium,90.0,0,0,0,0
Dry,35-44,5.715477222578194,1694.1831316527205,62,Moderate,Low,81.1475438183034,0,0,0,1
Dry,35-44,8.677948501231317,2006.521687188476,83,Moderate,High,69.62842114843588,1,1,0,0
Normal,45-54,6.731123461964632,1944.9972506494742,79,Moderate,High,62.43629049142906,1,0,1,0
Normal,55+,8.938090501489784,1625.414136698379,88,Moderate,Low,90.0,0,0,0,0
Oily,55+,8.973262436410156,2105.248149460752,98,Moderate,Medium,68.81500973312039,1,0,1,0
Normal,55+,6.759370927036978,3250.450248967141,42,Low,Low,90.0,0,0,0,0
Oily,18-24,5.416540765302106,1823.1571202164969,15,High,Low,67.65149695114795,1,0,1,0
Combination,45-54,5.151353141254,2476.2309852680846,81,Moderate,Medium,74.3355033118343,0,0,1,0
Sensitive,45-54,9.533783400477517,2834.9613907023195,59,Moderate,Medium,75.01928078802132,0,0,1,0
Sensitive,35-44,8.835923129719006,1901.189766102017,51,Moderate,High,80.49861074064991,1,0,0,0
Combination,under 18,6.45213853376523,1164.4151137529675,53,Low,Medium,73.164380226394,1,1,0,0
Combination,under 18,10.0,2234.489039074234,2,Moderate,Low,78.00968406941065,1,0,0,0
Sensitive,18-24,6.262064642695775,2664.0284444934837,4,High,High,69.08354084459467,1,0,1,1
Normal,55+,5.540853224859998,2203.311017111337,45,Low,High,58.75669677693267,1,0,1,1
Dry,25-34,6.741056298563748,2319.3385699401506,44,Low,Low,80.37327457863648,0,1,0,0
Dry,35-44,6.904639691220818,1274.536054444388,38,Low,Low,78.85918480977558,0,1,0,0
Normal,45-54,7.113364559005057,2524.432070937681,71,High,Medium,79.76978585988992,0,0,1,0
Combination,35-44,6.9561753912190225,2387.557560794543,84,Moderate,Low,90.0,0,0,0,0
Combination,25-34,5.43170577148892,1986.869603365074,96,Moderate,Medium,83.46304224025322,0,0,0,1
Combination,under 18,6.063234317367134,2373.4904200523547,39,High,Low,59.425247235993155,1,0,1,0
Combination,25-34,7.047237343392994,2345.036838168306,74,Moderate,Medium,90.0,0,0,0,0
Dry,45-54,8.631565639236799,2345.8092875606944,34,Moderate,Medium,72.44842715665146,0,0,1,0
Normal,18-24,7.409677651440466,1500.8938707442974,18,Low,Low,79.99495741575001,1,0,0,0
Dry,45-54,6.995820833999648,1733.4547989920834,92,Moderate,High,51.949167840769874,1,1,1,0
Combination,under 18,6.48390406494366,1812.7329246248746,31,Low,Low,75.02293639673172,1,0,0,0
Normal,35-44,5.530111637826633,1021.330705433005,16,Low,High,70.87636988662402,0,1,0,1
Normal,25-34,5.99778542750835,2096.6897259620796,24,Moderate,High,80.87201450984597,1,0,0,0
Normal,18-24,4.977734431858765,2007.8411182358122,99,Low,Low,90.0,0,0,0,0
Combination,45-54,9.850402636466447,2511.5282776261197,55,Moderate,Medium,82.77427449186878,0,0,1,0
Normal,18-24,9.465312263680794,2195.563938466363,72,Low,Low,90.0,0,0,0,0
Combination,under 18,8.751264734479669,1638.0176347661063,17,Low,Low,80.38529065748166,1,0,0,0
Sensitive,25-34,6.033489599467024,630.4298969312636,67,High,High,69.91691817179822,1,1,0,0
Sensitive,under 18,8.779218211063448,2770.1619899099433,71,Moderate,Low,78.90516055983298,1,0,0,0
Oily,25-34,6.170234131979095,1873.0241468013824,90,Moderate,High,90.0,0,0,0,0
Combination,55+,5.8692068294635575,2191.3267757387457,41,Moderate,Medium,76.15916494133124,0,0,1,1
Oily,18-24,8.687398817954861,1128.6140130594795,37,Low,Low,77.06696808589447,1,1,0,0
Dry,18-24,7.614157795963378,1861.6641141404273,39,Moderate,Medium,78.4397672036453,0,1,0,0
Oily,25-34,7.170091587950034,2229.4970008371456,29,High,Medium,56.81403554106458,1,0,1,1
Normal,under 18,6.717696341840768,1948.2065732971098,4,High,High,71.01439049289988,1,0,0,1
Normal,under 18,6.6791872486680415,2485.1581008941407,19,High,Low,60.044897155412585,1,0,1,1
Oily,25-34,7.628139940191245,2110.2917688686803,26,Moderate,Low,90.0,0,0,0,0
Normal,25-34,5.0935724183615765,1810.710128393423,6,Low,Low,81.95249024986029,0,0,0,1
Combination,35-44,8.348003740508762,2018.8482865619615,50,Moderate,Low,90.0,0,0,0,0
Sensitive,25-34,7.989297204383708,2883.255900163817,93,Low,Low,90.0,0,0,0,0
Dry,18-24,8.557909103813225,2046.5791688498712,66,Low,High,84.90680723366944,1,0,0,0
Combination,35-44,6.23351624470641,723.2252019720509,73,Low,Low,90.0,0,0,0,0
Oily,18-24,6.747422616290721,1836.9937520915755,2,Low,Low,90.0,0,0,0,0
Sensitive,35-44,7.585549291593064,1923.0473865126562,8,High,High,73.25030183908035,0,0,1,0
Oily,35-44,6.5194224108448084,1110.3005347463895,54,Low,Medium,74.03503077853108,1,1,0,0
Oily,18-24,5.5900482562749,2238.325520400279,35,High,Medium,80.44882408414668,0,0,0,1
Normal,45-54,9.573861446699041,1951.2373081271883,98,Moderate,Medium,90.0,0,0,0,0
Oily,18-24,7.491716610361185,2476.2390784764025,34,High,Low,69.12543543480963,0,0,1,1
Oily,under 18,5.783659095699625,2183.4070216427212,58,High,Low,78.38082605622196,1,0,0,0
Oily,25-34,5.889264840501762,2432.4122192455056,7,Moderate,High,68.95442258639422,1,0,0,1
Oily,35-44,7.227104571927599,2149.22590699072,82,High,High,76.7515972807668,1,0,0,0
Sensitive,under 18,5.826102103872117,2353.5161798053923,79,High,Low,84.49953560633082,1,0,0,0
Normal,18-24,10.0,1496.0441522858969,68,Moderate,Low,80.30839065991921,1,0,0,0
Normal,under 18,6.490361488528714,2115.8037370840457,23,Low,Medium,76.97335549028327,1,0,0,0
Normal,55+,8.179609317993725,1720.2268573552656,43,Moderate,Medium,80.77378868543228,0,0,1,0
Combination,45-54,3.0,2679.5947470820124,92,High,Low,70.46113564369399,0,0,1,1
Oily,18-24,8.140759179376214,1128.5262347566675,12,Low,Low,90.0,0,0,0,0
Normal,35-44,6.088646812330666,2784.091214763663,65,Low,Low,90.0,0,0,0,0
Combination,55+,9.171694627686799,2469.3200113394723,70,Moderate,High,59.821790529248744,1,0,1,0
Sensitive,under 18,6.735831349060206,2041.493709406255,62,Moderate,High,90.0,0,0,0,0
Dry,45-54,6.80361129231081,2564.1198916344188,19,Moderate,Low,68.48134172077815,0,1,1,0
Normal,25-34,5.686236390257335,1597.1001725578976,94,Low,Medium,90.0,0,0,0,0
Dry,18-24,8.515411880254023,1977.8192722442193,63,Moderate,High,90.0,0,0,0,0
Sensitive,18-24,9.067701033180711,1664.2438965097272,20,Low,Medium,83.50346482214763,1,0,0,0
Oily,35-44,6.917832459491763,1538.7935075780233,22,Moderate,High,76.89091129148952,1,0,0,0
Normal,55+,7.0110440221353505,1260.7265315006007,48,Low,Low,77.05239251286602,0,1,1,0
Combination,25-34,6.268549868567556,1281.8730675359411,38,Moderate,Low,76.59382175515853,0,1,0,0
Sensitive,45-54,8.040884849786888,2358.294669879826,76,High,Medium,90.0,0,0,0,0
Sensitive,under 18,4.404605904273483,2666.9428727502864,21,Low,Medium,74.47796405839615,1,0,0,1
Normal,25-34,10.0,2023.0031933681705,24,High,Medium,68.65498455117975,0,0,1,1
Dry,18-24,6.038328609663033,3412.1652955015234,76,High,Medium,72.33984405851723,1,1,0,0
Combination,18-24,5.021547252546234,2010.0532334345492,20,Moderate,High,80.57088872792693,0,0,0,1
Combination,45-54,7.269433408947885,2672.5738102262076,10,Low,High,76.40943072082909,0,0,1,0
Dry,18-24,7.5396084626901825,1750.6830521057743,75,Moderate,Low,75.44949755602053,0,1,0,0
Sensitive,18-24,5.5732234444180655,1829.0890898769321,5,Low,High,70.41437564185738,1,0,0,1
Sensitive,18-24,5.489608958582284,2023.9126598923415,59,High,High,78.5424739563014,1,0,0,0
Normal,55+,6.15370573020927,1252.9811033551246,37,High,Low,79.97163251080602,0,0,1,0
Normal,under 18,8.882718682562356,1751.1637382854803,82,High,High,83.05468244815151,1,0,0,0
Oily,18-24,5.097794792537031,1915.8704327562293,83,High,Low,80.74166171807828,0,0,0,1
Dry,55+,7.102557348951488,1126.7666372104832,20,Low,High,67.32472333579057,0,1,1,0
Combination,55+,7.497471500688644,1476.4212156548679,37,High,High,59.072273184834856,1,1,1,1
Oily,under 18,9.566543213786181,2261.9802560383673,97,High,Low,82.37856123177171,1,0,0,0
Normal,under 18,6.400150014836025,1627.4161148413248,49,Moderate,Medium,76.62828327441065,1,0,0,0
Oily,under 18,6.842548438654564,2306.395370791645,49,Low,High,75.84433720019177,1,0,0,0
Sensitive,35-44,6.961758807122201,1891.4205964315718,81,High,Medium,90.0,0,0,0,0
Dry,25-34,7.087555436226843,1698.0705343815227,66,Moderate,High,78.62194117890846,1,0,0,0
Sensitive,55+,6.485191109735443,957.103780547498,39,High,Low,62.88023524733335,0,1,1,0
Dry,55+,8.460589346278551,2149.398890160881,55,Low,Low,90.0,0,0,0,0
Combination,55+,5.839816233949855,2949.3674906776196,8,Low,Medium,90.0,0,0,0,0
Dry,under 18,7.13052472058858,1481.9282140124014,36,High,Medium,48.627629476540264,1,1,1,1
Sensitive,45-54,8.285106132205687,2199.0241082546313,78,High,High,83.55197385120903,0,0,1,0
Dry,45-54,7.591869978226329,1787.1221976742047,89,Low,Low,73.32111129981386,0,1,1,0
Sensitive,under 18,7.675743585667052,1869.1208548894529,94,High,High,90.0,0,0,0,0
Oily,under 18,7.833912177468763,1047.5277729946806,0,Moderate,Low,79.60758631403293,1,0,0,0
Sensitive,18-24,6.349189805531216,2861.0775489040975,12,Low,Medium,81.73362539636992,1,0,0,0
Dry,25-34,5.84939881689955,1698.0808512534068,31,High,Low,60.431946658847174,0,1,1,1
Normal,18-24,6.3280579923250375,1392.5969320556783,84,High,High,79.660181276686,0,1,0,0
Sensitive,18-24,3.6875788356576216,1884.7068007381936,58,Moderate,Low,73.77921898311071,1,0,0,1
Normal,45-54,7.203789136122485,1973.7474657306739,49,High,Low,77.74521722560648,0,0,1,0
Oily,45-54,6.7826821570781695,2021.520435425194,43,High,Low,59.11461123950346,1,0,1,0
Sensitive,18-24,8.534262207326146,1904.7769070353916,50,Moderate,Low,90.0,0,0,0,0
Normal,25-34,6.138876134369095,1859.4372575559569,99,Low,Low,90.0,0,0,0,0
Oily,18-24,7.869020139635164,2706.0134392716245,19,High,High,68.8571421706229,1,0,1,0
Normal,45-54,6.057784391246233,2049.466893514442,93,Low,Medium,78.0837009023309,0,0,1,0
Normal,55+,7.507536162903939,1503.7109966355886,8,High,Medium,62.429980176964904,0,0,1,1
Sensitive,35-44,7.030625750819377,1267.1630713289524,63,Moderate,Low,80.77508063945788,0,1,0,0
Combination,45-54,4.346424544390902,2183.3732039461283,21,Low,High,73.28573214662613,1,0,0,1
Oily,45-54,6.424187888003826,2101.1402038106094,16,Moderate,High,68.35496476598313,1,0,1,0
Oily,25-34,6.973157534487475,1511.7999756681013,75,Moderate,High,78.56748497136311,1,0,0,0
Normal,55+,6.932118547053495,1383.4493474925725,38,Moderate,High,61.67749264079557,1,0,1,0
Sensitive,35-44,9.086458537002102,1322.014827570018,47,High,Medium,67.05427832656099,0,1,1,0
Oily,18-24,6.706322093547128,1478.8642059763758,41,Moderate,Low,65.40346102746693,1,1,0,0
Combination,25-34,7.855631760041193,1834.2843143592486,28,High,Medium,75.57588130573237,0,0,1,0
Sensitive,55+,6.221999920568185,2426.6007725257773,38,Low,High,72.64755910939493,1,0,1,0
Normal,35-44,7.044145887516328,2258.3222229679836,54,High,Medium,90.0,0,0,0,0
Oily,35-44,5.528011095223803,1297.5915280362465,73,High,Medium,68.4227513923398,1,1,0,0
Sensitive,25-34,7.1608119430602,1840.5768222526344,71,Moderate,High,79.29021423427562,1,0,0,0
Sensitive,25-34,7.939652008680916,1960.0457736687251,9,High,Low,67.40753729182636,0,0,1,1
Sensitive,18-24,7.307613008851945,1188.308735029378,36,Moderate,High,70.75112344751562,1,1,0,0
Normal,under 18,9.832655409421385,1917.879007483984,48,Moderate,High,82.34778901263954,1,0,0,0
Combination,under 18,8.046380455508798,1581.9541648901868,77,Low,High,76.93796460371476,1,0,0,0
Oily,25-34,7.4620148533260116,1348.5776182376273,21,Low,Low,90.0,0,0,0,0
Sensitive,under 18,7.6781017573895065,1822.0129578070837,50,Moderate,Medium,75.98268195530723,1,0,0,0
Oily,45-54,7.043785755903351,2348.9870150650486,22,Moderate,High,81.41430739163731,1,0,0,0
Dry,under 18,5.15118953316958,1657.7541346936014,71,High,High,67.95185952274554,1,1,0,0
Normal,45-54,7.685986421630148,3049.110737273373,30,High,High,55.3782629233218,1,0,1,1
Dry,under 18,6.792876498007777,2295.568058961966,19,Moderate,Medium,84.52756702895225,1,0,0,0
Combination,55+,6.83954279521228,2971.1227973781497,49,High,Medium,90.0,0,0,0,0
Normal,25-34,4.379167499552117,2047.310522334679,82,Low,Low,80.24842216233029,0,0,0,1
Sensitive,25-34,4.561683949656908,746.7142147316417,12,High,Medium,60.01110930219198,0,1,1,1
Sensitive,35-44,7.446193079676725,2069.7488980737294,72,Low,High,75.86019391409954,1,0,0,0
Oily,55+,6.572744593386698,1946.9029549801235,15,High,Medium,72.94531192240274,0,0,1,0
Dry,35-44,10.0,1870.9124309842828,47,High,Low,80.56560393761663,0,0,1,0
Combination,18-24,7.765186541875112,1675.3175901930595,76,High,Low,82.25741254797093,1,0,0,0
Combination,35-44,7.442848862560905,1880.8831624721913,71,Moderate,Medium,90.0,0,0,0,0
Dry,25-34,6.384222275905405,2909.4492661001623,4,Moderate,Low,83.73953982317231,0,1,0,0
Combination,25-34,8.765777444776509,2068.3733236996154,78,High,Medium,90.0,0,0,0,0
Sensitive,18-24,3.5436820960840496,1819.4953883737153,40,Moderate,Low,84.3755790736903,0,0,0,1
Oily,25-34,10.0,1884.669166680146,30,Low,High,82.05104787352855,1,0,0,0
Oily,25-34,8.654826358080488,2720.9712009763007,63,Moderate,Medium,81.96426007589818,1,0,0,0
Combination,55+,7.328445873783963,1579.0891840659237,100,Moderate,Medium,75.9882659349136,0,0,1,0
Combination,18-24,3.3470315023256676,2342.0816043044774,12,Low,High,90.0,0,0,0,0
Oily,18-24,5.777865995764678,2088.075225943846,36,Moderate,High,74.6744623693854,1,0,0,1
Normal,under 18,5.125269490615954,1867.381229764899,0,High,Low,59.45810552774242,1,0,1,0
Sensitive,18-24,7.05057858235158,2134.296790522149,99,High,Low,80.3668556738903,1,0,0,0
Dry,35-44,5.327766718971379,2598.455474380676,98,Moderate,High,60.52194089856462,1,1,0,1
Combination,18-24,6.104657822902043,1162.7652697733774,23,High,High,48.329633018446984,1,1,1,1
Combination,45-54,6.8364648700548045,2017.18765451323,10,Moderate,Low,90.0,0,0,0,0
Oily,45-54,7.2408841497576395,2681.0662018425396,81,Low,Medium,74.46369389726267,1,0,1,0
Sensitive,18-24,6.645326744896211,1940.1901878156143,97,Moderate,High,90.0,0,0,0,0
Dry,25-34,5.34522342815036,2410.2767514439483,56,High,High,70.37129276578591,1,0,0,1
Combination,45-54,7.276463596117155,1789.9861363529187,38,High,High,68.35490669353703,1,0,1,0
Dry,35-44,4.142987959801804,2722.2060975275435,65,High,Low,90.0,0,0,0,0
Dry,35-44,5.158480053315914,1704.3609953151472,10,Low,High,73.87724450737193,0,1,0,1
Oily,45-54,7.537516766614004,1401.7210356916567,60,High,High,68.35288564056064,1,1,0,0
Normal,35-44,4.759735332620284,938.0262086496675,25,Low,Medium,80.65205066025597,0,1,0,0
Oily,25-34,8.081495429358453,1727.406877636839,23,Low,Medium,80.91406298229734,1,0,0,0
Dry,25-34,10.0,1502.8224671845633,93,Low,Medium,77.15751070440875,0,1,0,0
Oily,under 18,5.6178234648566185,1717.3035148572992,65,High,Low,78.14440924835458,1,0,0,0
Combination,35-44,7.364701982707734,1764.8983306073444,63,Low,High,77.57693243183941,1,0,0,0
Dry,45-54,7.918498321003768,1510.7058050056728,50,High,Low,75.70688526396519,0,1,1,0
Normal,45-54,4.9276124223046285,1100.8926302954462,32,Moderate,High,63.06592723230235,1,1,1,0
Oily,under 18,3.664638748094205,1740.9654902624716,6,High,High,67.2337186644408,1,0,1,0
Combination,18-24,6.548529531410167,1684.2814862584082,12,High,Low,62.33498092034415,1,0,1,0
Combination,35-44,8.865108695780743,2614.0151048040675,35,High,High,54.88944611644577,1,0,1,1
Normal,25-34,6.4977955188332475,1103.0394434040186,56,Low,High,71.38786456342946,1,1,0,0
Normal,25-34,6.1499423379174205,1700.0893030414693,96,High,Low,90.0,0,0,0,0
Normal,55+,6.014297556582913,1651.1405480508774,14,High,Low,90.0,0,0,0,0
Normal,35-44,6.019805656412789,1806.7291920511202,93,High,High,78.37425404446361,1,0,0,0
Oily,18-24,6.046688351776665,2104.1612543127962,38,High,High,64.79120309017792,0,0,1,1
Combination,45-54,7.540553073857292,1544.677456408755,67,Moderate,Medium,72.83672223625166,0,0,1,0
Combination,18-24,8.90659798901055,1509.968849079693,54,Moderate,Low,81.08781390025895,1,0,0,0
Normal,under 18,4.573299079276994,2190.389035682526,10,Low,High,90.0,0,0,0,0
Normal,45-54,5.773887798378491,2160.645735378694,43,Moderate,High,90.0,0,0,0,0
Sensitive,45-54,3.3944970983492047,2696.2279707415337,10,Moderate,Medium,71.68738050523406,0,0,1,0
Normal,55+,8.008440112060603,1249.7617254184993,92,High,High,58.6780285095594,1,1,1,0
Sensitive,35-44,4.781834314230571,2836.132952048764,74,Low,Low,83.13165589833892,0,0,0,1
Combination,55+,5.893930144753062,1582.907575633688,64,High,Low,69.18579724730219,0,0,1,1
Combination,18-24,3.6009218587760756,1824.610897199223,16,High,Medium,83.1720919263728,0,0,1,0
Normal,under 18,6.658420577746371,2357.7465483847427,1,Low,High,90.0,0,0,0,0
Normal,35-44,4.901382357723287,1239.8566038796953,39,Low,High,73.63454378017798,1,0,0,1
Normal,25-34,7.676443952164715,2503.365035613532,68,Low,High,84.57283502195723,1,0,0,0
Combination,under 18,4.643271473323175,2540.7570431498707,17,Moderate,Low,82.93415923413181,1,0,0,0
Combination,55+,7.056312762230232,2545.9026695373227,100,High,Medium,73.63711002446074,0,0,1,0
Dry,35-44,6.894669457723575,738.8610412560249,10,Low,High,70.34029492672015,1,1,0,0
Combination,18-24,6.772048926525942,2530.0719093356347,79,Low,High,90.0,0,0,0,0
Combination,45-54,5.6593809713744285,1806.017515546274,41,Moderate,Low,64.43405304246974,0,0,1,1
Combination,35-44,6.735799744673533,550.243060065759,48,Low,High,69.36841864341807,1,1,0,0
Oily,35-44,9.507021363156214,1549.3121600514128,37,Low,Medium,78.86555678825175,1,0,0,0
Dry,45-54,7.758603148709199,1956.6494319258957,30,Moderate,Medium,90.0,0,0,0,0
Dry,45-54,8.88642858453904,2203.0280612140405,76,Moderate,High,66.33762264765342,1,1,1,0
Combination,25-34,6.647613592718538,1553.24245374036,8,High,High,77.34124482626086,1,0,0,1
Combination,55+,8.196776052073208,1063.2793480226917,26,Moderate,High,73.00905966147666,1,0,1,0
Combination,under 18,7.968835630413839,1450.4776242225637,4,Low,High,77.84784368100453,1,1,0,0
Combination,18-24,8.87842549293496,2080.6497713313474,62,Moderate,Low,75.66373073628432,1,0,0,0
Normal,under 18,7.966185651775163,2040.9944069123596,33,High,Medium,57.81071476141797,1,0,1,1
Oily,45-54,4.371434357288505,1569.635418302331,52,High,Low,55.03616568076314,1,0,1,1
Oily,45-54,8.008584006417074,2083.327908679922,22,Low,High,63.78082499208028,1,0,1,0
Combination,25-34,8.771484857958509,2201.637281518586,96,Moderate,Low,90.0,0,0,0,0
Dry,25-34,5.54994716394601,1601.967931139683,68,High,Medium,82.73243623726509,0,0,0,1
Dry,under 18,7.154376085784856,842.9779669999473,82,Moderate,High,62.57321733954805,1,1,0,0
Combination,55+,9.510162828434478,2220.873368188779,98,Low,Low,81.8760312061033,0,0,1,0
Normal,45-54,8.84055189557331,1209.6980295954154,8,High,Medium,75.2215063854218,0,0,1,0
Normal,18-24,8.866847740532883,3115.749455513874,93,Low,Low,77.390190625571,1,0,0,0
Sensitive,under 18,5.018682466934024,2385.700897451883,32,Low,Low,73.38598605368315,1,0,0,1
Combination,18-24,7.00166491703094,1227.7830758758778,65,High,Medium,83.13710290603704,1,0,0,0
Dry,25-34,7.739325957777805,2416.801602418674,33,Low,Low,84.32179922944242,0,1,0,0
Dry,18-24,6.098310170996729,2582.9582601276115,10,High,Low,70.37150582311588,1,1,1,0
Sensitive,55+,4.499854889816204,1252.621926775178,75,High,Medium,74.73817099057575,0,0,1,1
Normal,55+,7.2048960933831285,2012.6926389861358,9,Low,High,78.83874361890805,1,0,0,0
Dry,18-24,5.925139767363842,2404.797217985943,96,Moderate,High,74.13817785217977,1,1,0,0
Sensitive,25-34,7.796341471323924,2429.069535467008,73,Moderate,Low,90.0,0,0,0,0
Dry,18-24,6.815295346971599,2301.2901339891705,47,Low,Medium,77.06549077152066,1,0,0,0
Oily,25-34,6.331524545455008,3026.909345043298,88,High,High,90.0,0,0,0,0
Sensitive,under 18,5.781181344817021,3052.6487147291564,13,High,High,90.0,0,0,0,0
Sensitive,under 18,7.052331920634113,1312.2445552156287,88,Moderate,Low,90.0,0,0,0,0
Normal,35-44,9.052119025732901,2062.9506941974796,57,High,High,90.0,0,0,0,0
Dry,under 18,8.276686147570357,2611.9279592712965,4,High,Medium,67.51152784995732,1,1,0,1
Normal,45-54,7.506933331217538,1703.8795775935928,3,Low,Medium,75.92627205181995,0,0,1,0
Oily,under 18,8.463570066503875,2000.3777537272979,12,Moderate,Low,90.0,0,0,0,0
Normal,under 18,8.028786727912628,923.1347131042694,3,Moderate,Low,78.75917473108656,1,1,0,0
Sensitive,18-24,7.670472575514777,1680.707087427485,20,Low,Low,90.0,0,0,0,0
Sensitive,45-54,9.479964455767796,2311.5436739445477,5,High,High,77.10626923042962,1,0,1,0
Combination,25-34,7.359786618773945,2243.154996675111,90,Moderate,High,83.88125337669301,1,0,0,0
Sensitive,under 18,5.502338720684922,2811.628345264027,72,Low,High,70.32442627133453,1,0,0,1
Combination,25-34,9.987055627625356,2196.456755274108,31,Moderate,Low,90.0,0,0,0,0
Dry,18-24,9.385605352860459,1715.425900663733,97,Moderate,Medium,75.6932643873698,1,0,0,0
Combination,18-24,5.804329650662529,2020.4623743644615,11,High,Medium,73.00324846743082,0,0,1,1
Dry,55+,7.652411557551848,1803.0066593784397,85,High,Low,64.98154636429527,0,1,1,0
Sensitive,18-24,7.806652285552726,2153.194741036707,48,High,Low,90.0,0,0,0,0
Combination,25-34,5.502539837063417,2259.3965087258607,12,Low,Low,84.60548595892095,0,0,0,1
Sensitive,45-54,8.295292363782282,2085.7346587951956,38,High,High,73.85514589015071,0,0,1,1
Combination,45-54,8.728972154892539,1391.298103251524,69,Moderate,Low,83.68586762951547,0,1,0,0
Oily,25-34,7.701925633197778,1414.8596468016126,68,High,Low,76.19157780672585,0,1,0,0
Combination,55+,5.328877962650369,1684.534583131105,77,High,Medium,67.11845642832874,0,0,1,1
Normal,55+,5.586909724638632,1726.0020906294312,53,Low,Low,62.51209152110364,0,0,1,1
Combination,25-34,6.6787745339332165,2418.5772431656924,58,Moderate,Low,90.0,0,0,0,0
Normal,55+,6.518261441941446,1207.1871466152038,29,Moderate,High,59.09975340375261,1,1,1,0
Normal,18-24,8.71010176974274,1581.4549331924802,10,Moderate,Medium,90.0,0,0,0,0
Sensitive,45-54,6.911919359343057,2223.268253470356,94,High,High,69.29065048819103,1,0,1,0
Normal,55+,7.299415627604175,2547.089773760738,80,Low,Low,70.3052887808016,0,0,1,0
Combination,45-54,7.718504715089138,1569.345210151446,34,High,Medium,70.83176632032723,0,0,1,0
Dry,under 18,10.0,2097.1667316691164,28,High,High,77.1108643201029,1,0,1,0
Dry,18-24,6.778989660067741,2481.9627115277854,95,High,Medium,68.98176751650522,1,1,0,0
Combination,under 18,7.374176418895108,2199.6140964696633,26,Low,Low,90.0,0,0,0,0
Oily,45-54,10.0,1862.4392858724766,66,Moderate,Low,65.76067722788257,1,0,1,0
Normal,under 18,6.5233586589739065,2058.289256006232,78,Low,Low,79.28262712298945,1,0,0,0
Normal,under 18,8.607273903371558,1246.7329849048006,15,Moderate,Low,71.41475924301614,1,1,0,0
Oily,35-44,4.051666162785242,1706.4423646899263,72,High,High,90.0,0,0,0,0
Sensitive,18-24,4.549115561411069,1787.584326237181,58,High,High,68.25013480012561,1,0,0,1
Normal,under 18,7.753749544193935,1554.6255682238682,49,Low,High,81.63161595909285,1,0,0,0
Normal,under 18,4.859760134827987,2034.668580857674,70,Moderate,Medium,81.11492125355126,1,0,0,0
Oily,45-54,8.293815226922755,1152.5132807416937,75,High,Medium,82.5095882688044,1,0,0,0
Dry,35-44,8.230348597458976,2408.653101869163,10,Low,High,71.26363271935071,1,1,0,0
Combination,55+,8.431127653234942,2609.240107435843,33,Moderate,High,72.9271620539152,0,0,1,0
Dry,under 18,10.0,1821.9539756904724,24,High,Medium,61.91310589233052,1,0,1,0
Sensitive,under 18,7.164357370116787,1791.7807833759873,57,Moderate,Medium,78.92790439745556,1,0,0,0
Combination,25-34,7.002965267133717,2766.4366778181557,74,High,Medium,90.0,0,0,0,0
Sensitive,35-44,4.982478274103997,1569.4751639172123,56,Low,High,90.0,0,0,0,0
Dry,25-34,9.065771404756841,2510.018253451045,82,High,Low,77.93660031482645,0,1,0,0
Normal,under 18,6.455302529774383,2427.2010005603597,88,High,Low,78.47381739150791,1,0,0,0
Normal,35-44,7.51182376373805,2750.137304500494,76,Moderate,Low,90.0,0,0,0,0
Dry,35-44,7.111764390740159,2512.8160569362913,18,Low,High,64.23930254617413,1,1,0,0
Dry,35-44,10.0,2299.049577523733,29,Moderate,High,80.88414167526565,1,0,0,0
Dry,25-34,7.0739922486922655,2361.2234926104898,58,Low,Low,90.0,0,0,0,0
Dry,45-54,6.452078712694172,3193.983852762366,12,High,Low,58.2388559115278,0,1,1,1
Combination,25-34,7.270106556543972,1863.5333398872435,72,Low,Medium,90.0,0,0,0,0
Sensitive,under 18,5.746466492469946,2548.6100958032193,4,Low,Medium,82.80936732475598,1,0,0,0
Sensitive,under 18,8.30078111924161,1751.3228142929534,6,Low,Low,79.77628408794669,1,0,0,0
Sensitive,under 18,7.8646770176836345,1245.7220158935718,3,Low,High,75.92624640645228,1,0,0,0
Dry,45-54,7.2774558626097345,2226.378176038347,94,High,Medium,90.0,0,0,0,0
Oily,55+,9.560994714338834,1614.5905986356552,33,High,High,63.7509636414735,1,0,1,0
Combination,25-34,5.082471056796513,1552.2860195374792,48,High,Low,80.41807748506685,0,0,1,0
Dry,35-44,4.99514724952762,2668.3286788794917,53,Low,High,78.08398639966772,0,1,0,1
Oily,25-34,9.322958942536054,2160.1082889744143,63,High,High,75.1696445640208,1,0,0,0
Combination,35-44,8.831942418527722,2066.9791902901175,19,Moderate,Low,90.0,0,0,0,0
Combination,45-54,6.857332528448851,1833.481190473119,53,Low,Medium,76.97862917530422,0,0,1,0
Dry,25-34,6.534413512933652,1226.0992218454844,96,Low,High,69.90676962933776,1,1,0,0
Sensitive,under 18,7.396382145411009,1979.833044892978,65,Moderate,Medium,81.12573147304748,1,0,0,0
Combination,55+,8.118041086116813,2046.7617482193048,100,Moderate,Low,80.85907083188388,0,0,1,0
Oily,45-54,6.755944447646362,1564.4034849961847,56,Moderate,High,62.08422774192043,1,0,1,0
Sensitive,35-44,7.108229855232642,2369.118615408081,10,High,Low,75.41332082364409,0,0,1,0
Oily,35-44,5.284991513374209,2043.7368768403696,13,High,Medium,72.98265738921219,1,0,1,0
Combination,18-24,7.349564427294226,1640.9676081908678,39,Low,Medium,76.21294865467246,1,0,0,0
Sensitive,45-54,6.118215542638,2115.305424383107,19,Low,Low,90.0,0,0,0,0
Sensitive,25-34,5.299868472561066,2174.961857624696,77,High,Medium,90.0,0,0,0,0
Combination,45-54,5.6569684395112,2531.4268465166083,100,Low,Low,75.10112784531455,0,0,1,0
Combination,55+,10.0,1569.6215991490901,11,Low,Low,75.81311332139474,0,0,1,0
Dry,45-54,7.801311793562012,1636.6290475589904,70,Low,High,78.56448256595041,0,0,1,0
Combination,18-24,8.561431260696684,1367.3707954573924,43,High,High,54.00913020011578,1,1,1,0
Combination,45-54,7.7208801376415686,1563.5055165553235,53,High,Low,78.92272588688839,0,0,1,0
Oily,25-34,6.689523116352447,1484.4873624263464,12,Low,Low,90.0,0,0,0,0
Combination,25-34,8.233525706343631,1581.5098227802066,25,High,High,76.61035904848438,0,0,1,1
Sensitive,under 18,7.827946388997741,1827.9509858688334,39,High,High,72.16539857915058,1,0,1,0
Normal,35-44,6.828291442301706,2073.877953700064,6,Low,Low,90.0,0,0,0,0
Dry,under 18,5.8572629925117266,2105.1835567704434,89,Low,Low,63.047594332305806,1,1,0,1
Combination,under 18,9.295501846531616,1610.9526070836428,1,Low,Medium,80.2515612681738,1,0,0,0
Oily,18-24,8.757715214910768,2749.048816743892,13,High,Medium,55.41621517170914,1,0,1,1
Oily,55+,5.775767516457934,1272.4726974547239,96,Moderate,Low,53.17600341840813,1,1,1,1
Combination,55+,7.452941350257647,1726.2962386165636,59,High,Medium,71.18103250755829,0,0,1,0
Oily,under 18,9.802904828744504,2017.403770249916,26,Moderate,Medium,90.0,0,0,0,0
Normal,18-24,5.796700887947232,1426.4202444941443,90,Low,Low,60.939651884364764,1,1,0,1
Sensitive,18-24,8.634857438636246,1714.4080129579067,99,Moderate,High,77.84941127697397,1,0,0,0
Sensitive,under 18,7.065743199190642,2477.9013725562404,53,Low,Medium,90.0,0,0,0,0
Normal,under 18,6.273612472103755,1977.0355856299198,99,High,Medium,83.45371275173288,1,0,0,0
Dry,55+,6.97514738526622,2341.662255758046,76,High,High,76.280713229135,1,1,0,0
Combination,18-24,7.886116503265489,1889.9431343725857,5,Moderate,Medium,83.93957615646197,1,0,0,0
Oily,18-24,7.095473592244777,1814.1104942382558,36,High,Low,60.055843385825824,1,0,1,1
Oily,18-24,4.783581389620833,2128.8004286990645,83,Moderate,High,76.99201705034285,1,0,0,1
Sensitive,18-24,9.838287641249602,1558.1404296544686,20,Low,Medium,77.10657984068139,1,0,0,0
Sensitive,45-54,5.8404554355959455,1564.6361141781294,85,Moderate,High,68.35867380429312,1,0,1,0
Sensitive,55+,8.086887668084684,2224.2427270982203,87,Moderate,Low,74.64859689194029,0,0,1,0
Dry,45-54,6.762193461375315,1540.9904691805175,46,High,High,75.5667809291156,1,0,0,0
Oily,35-44,7.1385651874598866,1217.688936332098,38,Low,Medium,84.9035381363641,0,1,0,0
Dry,25-34,7.21513985028624,2435.7621930439673,5,High,High,52.429861599731964,1,0,1,1
Dry,45-54,5.123201295049483,1233.7408615851682,17,Moderate,High,71.27315679352719,1,0,0,1
Normal,under 18,9.369156837542288,1694.1201802477076,1,Moderate,Low,90.0,0,0,0,0
Oily,25-34,8.703921768915732,1923.001167401084,9,Moderate,Medium,77.36349330786297,1,0,0,0
Normal,35-44,6.757067774588009,2219.2063497483227,89,Moderate,Medium,90.0,0,0,0,0
Dry,18-24,5.6740017148803386,2066.2485717478226,85,High,Medium,84.06527601159064,0,1,0,0
Oily,25-34,6.427765877763861,1339.7532782974843,63,Moderate,Medium,70.36147094698312,1,1,0,0
Sensitive,under 18,7.506223112089598,1868.346096561042,40,Moderate,Low,81.79048383649737,1,0,0,0
Oily,18-24,6.764462757332939,1394.919528292921,69,Low,Medium,81.70484201556593,1,0,0,0
Dry,45-54,9.387100551644206,2438.357093193058,47,High,Medium,70.94063020174178,0,1,1,0
Oily,55+,8.446233826257968,1847.277648779159,76,Moderate,Low,82.69737571899194,0,0,1,0
Combination,35-44,4.40622566574487,2976.4586912447553,97,High,Medium,82.88574249397352,0,0,0,1
Sensitive,35-44,6.908353737991198,1625.6001019899732,18,Low,Medium,90.0,0,0,0,0
Oily,35-44,7.6252023617246705,2583.560394001649,13,Low,Medium,90.0,0,0,0,0
Normal,35-44,6.9654241658718,2639.287583969687,15,Moderate,Medium,90.0,0,0,0,0
Combination,55+,8.624499907775302,1461.8094062989708,61,High,High,63.41989098263292,1,1,1,0
Dry,45-54,5.989314841510785,2478.768581639884,2,Low,Medium,90.0,0,0,0,0
Combination,55+,3.0,1925.2721534175057,58,High,Low,82.57003524572151,0,0,1,0
Combination,35-44,4.853753197562993,1761.7230992832376,87,High,Medium,80.53248526711508,0,0,0,1
Dry,45-54,6.551769866456194,1820.877811046246,66,Moderate,Low,80.71389218787314,0,1,0,0
Sensitive,55+,6.171608121831087,1451.4281751855929,48,High,Low,72.10499810038118,0,0,1,0
Dry,25-34,10.0,2933.7310020806754,26,High,High,57.72900168406426,1,1,1,1
Sensitive,45-54,5.256901269615575,2791.0583756517835,6,Moderate,High,50.02818227649247,1,0,1,1
Dry,18-24,6.400801764290721,2064.5937366658554,7,High,Medium,62.673582615832586,1,0,1,1
Dry,35-44,6.905089060154626,1670.1256793730172,25,High,Medium,51.33689087129241,0,1,1,1
Oily,25-34,8.47577851540922,2062.943265288329,24,High,High,72.90816736287252,1,0,0,1
Sensitive,35-44,6.285172865171138,1347.7052780997637,90,Moderate,Medium,90.0,0,0,0,0
Sensitive,under 18,5.65960747942132,1179.3099421989516,75,High,Low,75.01899590699438,0,1,0,1
Sensitive,55+,7.018335322622754,1401.6672038578022,16,Moderate,High,90.0,0,0,0,0
Dry,35-44,6.601659231222188,2685.0509268051856,13,Low,Low,76.69867706514957,0,1,0,0
Sensitive,35-44,8.798949359382378,1983.861552948691,77,Low,Medium,90.0,0,0,0,0
Oily,35-44,6.869372910785275,2939.937274710504,21,Low,Medium,90.0,0,0,0,0
Normal,25-34,7.781134180538067,1836.0967700617384,14,Moderate,Medium,90.0,0,0,0,0
Normal,35-44,4.860972824319322,2196.9366090823714,73,High,Low,90.0,0,0,0,0
Dry,under 18,8.243985658874294,1684.174237743178,54,High,Low,83.20828808939602,0,1,0,0
Oily,18-24,7.436804132707048,1818.2133525424854,95,Moderate,High,84.860858314063,1,0,0,0
Combination,18-24,6.723951401201496,756.0889712188343,86,Moderate,Medium,78.97294551663835,1,1,0,0
Oily,35-44,6.667327894425797,2484.684651204027,59,Low,Low,84.19614930450453,1,0,0,0
Dry,35-44,6.052896166650163,2026.2631841076582,99,Low,Medium,75.58637700729831,0,1,0,0
Combination,45-54,5.866073939962119,2180.2208381463865,25,Low,Low,78.11742985432522,0,0,1,0
Combination,35-44,6.67521520369574,1530.3792296589966,73,Low,Low,90.0,0,0,0,0
Sensitive,18-24,8.998827201497692,2464.4660067661075,72,Moderate,Medium,82.58334018916787,1,0,0,0
Normal,under 18,6.092639854107738,2248.894154708889,69,Low,High,90.0,0,0,0,0
Sensitive,25-34,7.806118004230571,2321.150617505588,33,Low,Low,90.0,0,0,0,0
Combination,45-54,4.458616156007383,2503.303270516314,93,High,High,63.94052271240035,1,0,1,0
Dry,35-44,6.145451555611403,1821.0860332793666,23,High,Low,72.6663031368386,0,0,1,0
Oily,25-34,10.0,2150.936690360506,98,High,Medium,90.0,0,0,0,0
Sensitive,55+,6.420516286829237,897.352813622047,53,Moderate,Medium,69.26630534223523,0,1,1,0
Combination,25-34,9.084646200919533,1327.3951645956986,26,High,Medium,76.20423808243483,0,0,1,0
Oily,45-54,5.494841644750744,1834.3238504560754,69,Moderate,Medium,61.00703586717398,1,0,1,1
Dry,under 18,9.124617687550439,2386.61999333288,69,Low,High,70.52274869853242,1,1,0,0
Normal,under 18,6.76324373523961,2154.1460318194104,21,Low,Low,77.23370493760112,1,0,0,0
Combination,18-24,6.099421460693342,2069.8268447826754,79,Low,Medium,90.0,0,0,0,0
Normal,under 18,7.110005117167205,2484.3849478406764,74,Low,Low,81.51504092237961,1,0,0,0
Dry,18-24,8.450767183658424,2246.9886911028225,26,Low,Low,82.55321485120648,1,0,0,0
Dry,25-34,6.456478663680847,2370.911147195063,83,Moderate,Medium,84.40620428968056,0,1,0,0
Normal,55+,6.86204730069543,1459.0428156434336,28,Moderate,Medium,69.43032000467743,0,1,1,0
Sensitive,45-54,6.395068312133592,2042.2634918921622,64,High,High,75.64327554475803,0,0,1,0
Dry,18-24,8.365323675497118,1908.2359139214234,20,Moderate,Low,78.29546157986363,1,1,0,0
Normal,under 18,5.186201933140591,2028.3708416484096,44,High,High,61.75957476579257,1,0,1,1
Combination,under 18,7.170184060084829,2092.9188144513764,20,High,Low,63.965031100790114,1,0,1,1
Dry,under 18,8.379807273931645,2509.461620044949,15,Low,Low,80.98511500670851,1,0,0,0
Sensitive,25-34,6.1086836914275,1691.9282709755282,75,Moderate,Medium,90.0,0,0,0,0
Dry,under 18,5.43970193356679,2349.407835140238,1,Moderate,Low,58.95729651433095,1,1,0,1
Oily,45-54,9.173230162506574,1842.4590360455384,16,Low,Medium,77.97009369514286,1,0,0,0
Combination,18-24,6.63785415291251,2733.391278449488,92,Moderate,Low,76.45029098162125,1,0,0,0
Combination,35-44,7.758336779822511,2218.1178524005277,40,Low,High,78.70444685833085,1,0,0,0
Sensitive,25-34,5.213625241039409,2339.3640346397096,49,Low,Low,80.54821883809527,0,0,0,1
Sensitive,under 18,5.606295489235363,1432.989907032521,57,Low,Low,68.88962351708736,0,1,0,1
Combination,18-24,6.479842634849931,1707.103638275655,34,Low,Low,90.0,0,0,0,0
Oily,under 18,6.667600458422441,1279.5091827375406,45,High,Low,66.65107467246294,1,1,1,0
Normal,55+,8.438224459701509,2563.8431472582142,13,Moderate,Low,84.25945946752003,0,0,1,0
Sensitive,35-44,4.078986288788778,2489.2289028332752,75,Moderate,High,80.13087622348779,0,0,0,1
Combination,55+,5.784207055267561,2428.487768491393,94,Moderate,Low,90.0,0,0,0,0
Normal,18-24,6.897330261000376,2014.3877820404994,90,Moderate,High,81.78663919117957,1,0,0,0
Normal,under 18,6.722353525868172,2606.064602116743,75,Low,High,84.9257634354747,1,0,0,0
Normal,35-44,5.140617981212458,2303.920169367504,63,Low,Medium,83.0889809195133,0,0,0,1
Normal,18-24,8.651995247334325,2358.1700402702054,26,Low,Low,75.13822663141862,1,0,0,0
Sensitive,25-34,10.0,1735.5266186376507,12,Moderate,High,83.34070843903025,1,0,0,0
Sensitive,55+,8.435957233890298,1946.9546823292899,69,High,Medium,80.87594325944818,0,0,1,0
Normal,25-34,8.850109114529005,1996.1555021393153,81,High,Medium,90.0,0,0,0,0
Normal,45-54,6.418186327206295,2653.0361019358143,24,High,High,67.11880920653398,0,0,1,1
Sensitive,18-24,6.262657091471605,1293.6371205497219,2,High,High,58.667871882596145,0,1,1,1
Combination,55+,6.224729675239257,2309.5164732942662,47,Low,High,79.44550855763077,1,0,0,0
Combination,under 18,9.088058127380638,2055.564687648256,96,Low,High,90.0,0,0,0,0
Sensitive,18-24,8.977295600851038,1320.9125392612032,96,Moderate,Medium,79.11017613407381,0,1,0,0
Combination,18-24,6.335104802773145,1855.7124414229495,82,Low,Low,83.30472940259286,1,0,0,0
Dry,18-24,6.828160858791221,2042.0471941250983,35,Low,Medium,83.24996891662317,1,0,0,0
Oily,45-54,8.03636643608829,1777.596580914755,89,High,Medium,69.66956408258616,1,0,1,0
Sensitive,under 18,7.208543030429689,1977.4385548379742,33,Moderate,Low,81.38693493378844,1,0,0,0
Dry,18-24,5.611165144163275,1943.1666554592823,8,Moderate,Medium,84.81236944219646,1,0,0,0
Oily,45-54,6.7845107051543225,1917.459717498477,28,Low,Medium,79.6125668571005,1,0,0,0
Dry,25-34,7.047639184872176,2037.836770306693,59,Low,Low,82.77807217968095,0,1,0,0
Oily,55+,6.3515572313390045,2636.3573669856323,5,Moderate,Low,78.00526034519376,1,0,1,0
Sensitive,25-34,5.245779056195476,1639.5149457650518,51,Low,High,76.69046544726618,1,0,0,0
Sensitive,18-24,10.0,1481.004322505385,50,Moderate,Low,72.72046405733856,1,1,0,0
Combination,18-24,4.969367987935362,2367.238372500609,59,Low,Low,90.0,0,0,0,0
Sensitive,55+,3.8843202193391893,1882.3630450137805,18,Low,High,66.13578321013178,0,0,1,1
Normal,25-34,10.0,1227.5320389232998,36,High,Low,66.27205440506863,0,1,1,0
Combination,25-34,4.02705327139193,1250.4093990211509,14,High,Low,69.53535744883816,0,1,1,0
Sensitive,under 18,8.347539352520478,2562.3883599929063,54,High,Low,78.95594833103436,1,0,0,0
Dry,45-54,6.2311168045322365,2341.6062020005343,5,Moderate,Medium,73.76488368249018,0,1,1,0
Normal,35-44,9.085382991267984,2893.6732072149125,2,Low,Medium,90.0,0,0,0,0
Normal,45-54,6.630497078230228,849.2641411650065,72,Low,Low,90.0,0,0,0,0
Dry,25-34,5.76868161638547,1786.597902532371,71,Low,Medium,77.28504372631616,0,1,0,0
Sensitive,18-24,6.611591805132414,1906.0702994956403,28,Moderate,Medium,81.64758884935598,1,0,0,0
Dry,45-54,8.678341896896004,2637.2142133437906,49,High,Medium,77.39144504089406,0,1,0,0
Combination,25-34,6.742489519112825,2549.2424380259095,98,High,Medium,90.0,0,0,0,0
Dry,35-44,7.536492049946634,2032.2529864312858,97,Low,Medium,84.58537561588929,0,1,0,0
Sensitive,18-24,8.359816235664946,2036.126024118958,25,High,Medium,62.649003081088004,1,0,1,0
Combination,18-24,10.0,1280.7944166027205,64,Moderate,High,73.43910129120285,1,1,0,0
Sensitive,55+,6.227243651361974,1936.7405515230248,35,Low,Medium,75.94891171723566,0,0,1,0
Oily,45-54,7.659179035686986,2633.9802435515444,99,Low,Medium,72.81062700561772,1,0,1,0
Sensitive,55+,6.963402149145765,1288.8851752468963,12,Moderate,Low,66.30103899352646,0,1,1,0
Sensitive,under 18,8.263770844682506,2377.4793830709823,50,High,Medium,90.0,0,0,0,0
Sensitive,55+,4.087212010930891,1998.0979331646004,44,Moderate,Medium,72.26380503169963,0,0,1,0
Sensitive,18-24,4.614787253979554,1667.6744512489688,51,High,Low,74.43331758911523,1,0,0,1
Normal,55+,5.645786609555801,2404.632349120993,77,High,Low,74.28381951431291,0,0,1,1
Normal,under 18,7.175245261258276,1357.204499621986,1,High,Medium,55.29783856265538,1,1,1,0
Sensitive,35-44,8.320098944436014,1283.0970880357927,4,Moderate,Low,90.0,0,0,0,0
Dry,35-44,7.495170685706415,1592.9946653542222,34,Moderate,High,71.44113857544352,1,1,0,0
Dry,under 18,6.45148437620422,2252.135374019192,51,Moderate,High,69.59597138291008,1,1,0,0
Dry,35-44,7.7821740985892935,2668.48453677798,52,Moderate,High,64.52801118841894,1,1,0,0
Sensitive,45-54,6.876619450492821,2153.2254314816705,82,High,Medium,77.46427959651565,0,0,1,0
Combination,55+,6.343394016393513,2090.9949413113986,76,Low,Medium,81.92130700804579,0,0,1,0
Sensitive,18-24,7.659229072012767,1950.845076272812,38,High,Low,58.50925477118338,1,0,1,1
Combination,55+,4.294374273861256,2165.7354481654475,41,Low,High,79.28998297914488,1,0,0,0
Sensitive,under 18,7.546842216033186,1659.9132618260246,33,High,High,69.58444210689616,1,0,0,1
Sensitive,under 18,5.073419445891229,2737.9395752519827,52,Moderate,Low,90.0,0,0,0,0
Oily,35-44,7.7371682663416035,1885.4594845391453,97,Low,High,78.23833965537597,1,0,0,0
Oily,35-44,5.294450675278769,1589.0925857893271,24,High,High,72.41041891846325,0,0,1,0
Normal,45-54,8.953885595179347,2068.830970434023,20,Moderate,Low,78.71980655538724,0,0,1,0
Combination,18-24,6.17411939949894,2254.844615612328,98,Low,Medium,90.0,0,0,0,0
Oily,45-54,5.778402718830515,2750.421515140189,54,Moderate,High,80.62094910170119,0,0,1,0
Normal,45-54,9.029200802345088,1766.7129643986118,87,High,Low,83.69352944106924,0,0,1,0
Dry,25-34,6.056994629453709,690.9334006538602,38,High,High,65.51586601305836,1,0,1,1
Sensitive,45-54,4.777628842672948,1330.2651125211219,22,Low,High,49.877455394734,1,0,1,1
Combination,18-24,7.202785511481078,1836.88314777932,71,High,High,78.41311046582835,1,0,0,0
Dry,under 18,4.981996768877138,1859.4179787677213,89,Low,High,59.69842958323606,1,1,0,1
Oily,35-44,7.758005721471022,2263.9196749577936,81,Moderate,High,90.0,0,0,0,0
Dry,55+,4.150494578711678,1935.8682597580846,14,Moderate,High,55.88865103210118,1,1,0,1
Normal,55+,4.924988834542584,2450.864348570137,84,Low,High,76.48241754183982,1,0,0,1
Sensitive,under 18,8.176219624530248,1550.9863868377709,76,Low,Medium,84.57468714965384,1,0,0,0
Oily,18-24,5.8509321963994,1769.3664747508465,3,High,High,60.41008912554933,1,0,1,0
Dry,35-44,3.6208099079029914,2167.9840867202884,19,High,Low,74.37389690676856,0,1,0,1
Combination,45-54,6.590733180489804,2485.0875412839296,41,Low,High,65.52700098481137,1,0,1,0
Combination,45-54,5.352386173056171,1690.4385258750342,23,High,High,75.12898742725352,1,0,0,1
Normal,55+,4.740212112941327,1497.8547182528735,14,High,High,70.05904786687722,1,0,1,0
Normal,under 18,5.227027005897671,2497.986839423223,67,Low,Low,90.0,0,0,0,0
Oily,55+,5.952607226872912,2062.0878423723066,96,Low,Medium,81.03156097822513,0,0,1,0
Combination,45-54,6.428854894207293,1365.2673669935934,48,High,High,74.79299789428858,0,0,1,0
Sensitive,under 18,6.747549365242536,2299.5516659317973,10,Low,Low,82.04764904003542,1,0,0,0
Dry,25-34,5.188360911184971,2404.5563953656892,20,High,Medium,70.43544630606104,0,0,1,1
Dry,35-44,5.725418617783456,1758.5080369635796,46,Low,Low,82.1506189386789,0,0,0,1
Sensitive,55+,7.796024684515071,1668.281921390256,7,Low,High,77.38954935603891,1,0,0,0
Combination,18-24,7.056362289003799,1842.6545856059538,48,Moderate,Low,76.08602727281259,1,0,0,0
Combination,under 18,7.194052010055728,809.6304472382515,45,Moderate,Low,74.95926536949318,1,1,0,0
Normal,35-44,4.255477277187875,2307.983503023419,47,Moderate,High,90.0,0,0,0,0
Sensitive,55+,8.555772108473576,1544.7566482342395,34,High,High,66.75519094025208,0,0,1,1
Normal,25-34,6.633957471743298,2147.3596264511507,35,High,Medium,63.85995358151778,0,0,1,1
Oily,35-44,8.039826402488057,986.1613641645756,51,Moderate,High,64.44536823014693,1,1,0,0
Dry,25-34,5.670939629532434,1833.7103100750626,74,Moderate,High,63.65632259723168,1,1,0,0
Oily,25-34,8.054710295854074,3249.2152418607475,23,High,High,69.0439053509785,1,0,1,0
Sensitive,35-44,6.657991409785423,1296.5112689480056,9,Moderate,High,74.46123944227274,1,1,0,0
Normal,45-54,7.603402115801947,2660.497894770355,84,Low,High,65.74555127597988,1,0,1,0
Dry,25-34,7.162021181469251,1546.6757274228535,96,High,High,65.63471174911164,1,1,0,0
Sensitive,35-44,8.436990912220029,2331.7728092492175,78,Low,Medium,90.0,0,0,0,0
Sensitive,under 18,5.460878733706563,2190.712808767171,38,Low,Low,90.0,0,0,0,0
Normal,25-34,8.495898351488309,2590.945021279447,77,Low,Low,90.0,0,0,0,0
Combination,18-24,6.900326537035816,1820.9602769103406,77,High,High,90.0,0,0,0,0
Normal,under 18,8.840910733121895,1394.9197485095574,19,Low,Medium,90.0,0,0,0,0
Oily,25-34,7.657868936381508,1314.9866863177854,38,Low,High,71.54810746710851,1,1,0,0
Normal,55+,8.598064408389405,1870.9772421944192,95,Low,Medium,75.07997532634114,0,0,1,0
Oily,25-34,8.902874853471204,2245.7063781777633,93,High,Low,90.0,0,0,0,0
Oily,under 18,5.165169654907105,2712.3138660386217,26,High,High,70.32348184986046,1,0,1,0
Normal,45-54,9.326867899641595,2441.1432462996077,69,Moderate,High,62.152139353558354,1,0,1,0
Dry,25-34,5.85761820244567,1846.9930228212957,1,Moderate,High,78.51035482053967,1,0,0,0
Combination,18-24,7.218140826108639,1648.1448003342834,3,High,Medium,66.39085840470484,1,0,1,1
Normal,35-44,9.538519858694807,2072.1632358630186,16,High,High,68.35992261636231,1,0,0,1
Normal,18-24,3.0,2169.67790637811,0,Low,Medium,75.29710148008233,1,0,0,1
Sensitive,35-44,6.47776390477403,1962.536721940776,12,High,Medium,70.32743877020197,0,0,1,0
Combination,under 18,6.44707095132145,2403.523208303344,39,Low,Medium,83.794840223281,1,0,0,0
Dry,25-34,8.679531667830071,2141.526581129327,28,Low,High,81.8425145856723,0,1,0,0
Sensitive,under 18,6.491033219292762,1979.331397595415,1,Low,Medium,83.03550707978282,1,0,0,0
Dry,under 18,7.029399424866442,1598.7849800675815,63,Moderate,Low,90.0,0,0,0,0
Normal,55+,7.868392972856852,2230.021161930233,22,Low,Low,72.50011019907738,0,0,1,0
Normal,45-54,9.31066185966501,2627.6748901442375,92,Low,High,81.85049200881774,0,0,1,0
Oily,18-24,5.971487623614805,2410.1491872544825,38,High,Low,58.78272893509735,1,0,1,0
Normal,under 18,5.573569925358292,2347.9660504704248,99,Moderate,Medium,73.48077139386585,1,0,0,1
Dry,18-24,6.225078701859839,1488.3733883122077,40,Low,Low,67.52171805720073,1,1,0,0
Normal,under 18,7.420068014046107,662.7164359229296,100,Moderate,High,79.42636870940535,0,1,0,0
Combination,under 18,4.373536638392158,1911.2540581128585,61,High,Low,76.59984656400185,1,0,0,1
Combination,25-34,7.123662649952264,1815.3406149209056,49,Low,Medium,90.0,0,0,0,0
Oily,45-54,4.630845551923602,1591.0540789307472,9,High,Medium,69.89388170837039,1,0,1,1
Sensitive,25-34,7.586813990856091,2290.890885314181,34,High,High,74.5879484615017,1,0,1,0
Sensitive,35-44,6.975665323606088,2578.4168905184943,0,Low,Medium,90.0,0,0,0,0
Oily,45-54,7.5960955351888515,1626.272173020894,31,Low,High,76.0721155023755,1,0,0,0
Combination,under 18,6.579246919882574,1298.5669213960728,97,Low,High,77.88156728849324,1,0,0,0
Oily,45-54,6.837791514412875,2556.0503096106695,3,High,Low,72.40651281260712,1,0,0,1
Dry,45-54,8.027935127066453,2701.004662959561,47,High,High,63.58107186686662,1,1,0,0
Sensitive,45-54,6.54567213430151,2673.0498972571286,69,Low,Low,82.63828237264448,0,0,1,0
Combination,under 18,6.710043660328045,2735.792541284947,48,Moderate,High,78.99686849067758,1,0,0,0
Dry,55+,6.967214878836814,2353.6156869021383,30,Moderate,High,62.995403944257376,1,1,1,0
Oily,45-54,9.212668546464784,1903.2861857093972,64,Low,Medium,66.56827144739881,1,0,1,0
Oily,45-54,7.327583481316261,2644.431712603151,21,Low,High,65.89237712637073,1,0,1,0
Combination,18-24,6.800495254104905,1339.5538587469196,10,Low,Low,67.10959142107372,1,1,0,0
Oily,25-34,10.0,1765.1177678314316,68,Moderate,High,84.52954304643644,1,0,0,0
Dry,35-44,7.238134076406315,2578.0033347255635,30,Low,High,80.96722118315483,0,1,0,0
Combination,35-44,6.087259144403197,1496.0660433889348,87,High,Low,90.0,0,0,0,0
Combination,18-24,7.38060594516225,1103.4618010438053,76,Moderate,High,82.27363181387197,0,1,0,0
Combination,25-34,6.56814088469812,2122.519332157703,61,High,High,84.43294846538133,1,0,0,0
Normal,55+,6.595072154762254,1228.2745284071266,86,Low,High,58.9648488342334,1,1,1,0
Normal,25-34,9.391266934306017,2051.7690769745877,93,Low,High,90.0,0,0,0,0
Sensitive,35-44,9.146728176642611,1869.9818749097776,52,Low,Medium,90.0,0,0,0,0
Dry,18-24,5.679982027463854,2134.5904601275797,41,High,High,79.6038774972235,1,0,0,1
Normal,25-34,6.676319310507671,1411.119271004321,2,Low,Medium,79.44475986754776,0,1,0,0
Sensitive,under 18,9.204676388181245,1688.864888553002,27,Moderate,High,81.69355899631036,1,0,0,0
Oily,35-44,4.239600422806648,2664.0830269786666,30,Low,Medium,80.66027284940816,1,0,0,0
Oily,18-24,6.243552976281065,1696.0880536921877,93,High,High,90.0,0,0,0,0
Sensitive,25-34,4.351918619455039,2870.470743298495,1,High,High,79.23348402618402,1,0,1,0
Dry,under 18,5.065779119185469,2029.224740352825,94,Low,High,84.76694519755914,0,1,0,0
Dry,55+,8.368930483810662,2210.8584665015487,25,Moderate,Medium,60.17684021848242,0,1,1,0
Normal,55+,6.910518532011713,1149.167070856292,23,Moderate,Low,78.54425504323119,0,0,1,0
Dry,35-44,5.785412746349074,2093.900169021261,44,Moderate,Medium,82.4221041939169,0,1,0,0
Normal,18-24,5.819238895019506,2101.6797299993837,5,Moderate,Medium,75.373556941377,1,0,0,0
Combination,25-34,8.022615113222713,2481.2514429000507,28,High,Low,90.0,0,0,0,0
Normal,under 18,5.160730963280975,3098.3230274894768,91,High,High,72.29052750069286,1,0,0,1
Combination,25-34,8.151219016831195,1999.1429231654681,50,Moderate,Low,90.0,0,0,0,0
Dry,45-54,8.63430487461496,3182.7038859999866,87,Moderate,Low,84.21500612256334,0,0,1,0
Sensitive,35-44,4.841919848414696,1887.3686787543231,1,Low,Medium,90.0,0,0,0,0
Sensitive,18-24,3.4323525101900074,2096.3257663240124,39,High,Medium,81.79826512358102,0,0,0,1
Sensitive,35-44,7.548091362887711,1980.4189422786203,2,Low,Low,90.0,0,0,0,0
Combination,under 18,6.018199643502535,975.2427419058374,46,High,Medium,83.00952220850473,0,1,0,0
Sensitive,18-24,7.560300525117653,2727.7172419576627,86,High,High,80.76839555076879,1,0,0,0
Oily,25-34,6.113472316399852,2220.0299645115724,54,Low,Medium,79.27918388978851,1,0,0,0
Combination,18-24,4.647783529869924,2228.606531846257,22,Moderate,Medium,90.0,0,0,0,0
Combination,25-34,6.4099265533830145,1618.7910246985427,56,High,Medium,90.0,0,0,0,0
Oily,55+,5.859454538175804,1803.194208983495,48,Moderate,High,63.474444346693325,1,0,1,1
Normal,under 18,7.573649973538803,1343.918399402241,40,High,Medium,71.3297881771394,0,1,1,0
Normal,45-54,6.404327002648221,1979.264111000426,50,Moderate,High,68.30175479031855,1,0,1,0
Combination,35-44,5.351441163202211,2898.3326008375084,15,High,Low,90.0,0,0,0,0
Normal,35-44,5.719756779907987,1665.2815431832548,33,High,High,61.566305781170456,1,0,1,1
Dry,55+,5.532538075266253,2899.240043569059,88,Moderate,Medium,60.778590006168145,0,1,1,1
Dry,18-24,7.829357842899222,1531.703996878179,3,High,Medium,59.83270653463401,1,0,1,1
Dry,18-24,8.659347338289953,2100.349347144439,72,Moderate,Medium,90.0,0,0,0,0
Normal,18-24,7.385880131667252,1827.7613956237738,41,Low,Low,75.65228679747177,1,0,0,0
Sensitive,35-44,5.87587601956454,2168.8830495273005,79,High,High,90.0,0,0,0,0
Sensitive,18-24,6.182369155006614,2908.3778147875523,79,High,Low,90.0,0,0,0,0
Normal,25-34,5.096063342135343,2768.0783864274727,83,Low,Low,90.0,0,0,0,0
Dry,under 18,6.833021726803299,2149.542867010553,73,Low,Medium,78.10968136092933,1,1,0,0
Dry,45-54,8.249736649944152,1684.875352497782,35,Moderate,Low,75.10235636637336,0,0,1,0
Normal,45-54,8.296372577047954,646.2280723094113,67,Low,High,75.42445016560987,0,1,1,0
Combination,55+,5.920015700167092,1537.9685963294673,43,Low,Medium,83.38196272267336,0,0,0,1
Normal,55+,5.119740981442358,1892.5225809605245,77,High,Low,70.60902548345135,0,0,1,0
Oily,55+,7.578624952272542,2351.329999249653,50,Moderate,Low,90.0,0,0,0,0
Sensitive,55+,7.361315135800611,1667.1532675532267,92,Low,Low,77.98840875176391,0,0,1,0
Dry,18-24,7.553524656737751,2062.1428474254253,9,Moderate,High,66.38100430649894,1,1,0,0
Combination,55+,8.404084251904024,2388.468351465758,61,Low,Medium,90.0,0,0,0,0
Normal,25-34,7.045714620880943,1551.3734969193715,6,Low,Medium,90.0,0,0,0,0
Oily,25-34,6.020574766251879,1725.1053201809832,78,Moderate,Low,77.03851116417084,1,0,0,0
Dry,55+,6.527100499125616,2134.0252137948764,36,Low,High,70.62175644927909,1,1,0,0
Sensitive,25-34,8.072761585192087,1974.4406534923112,2,High,High,60.57123842828959,1,0,1,1
Combination,45-54,7.024187181850708,2071.653152500002,0,Moderate,Low,90.0,0,0,0,0
Oily,18-24,6.2261420303014905,1537.303871178522,90,Moderate,Low,78.37640263273478,1,0,0,0
Combination,55+,4.366843154033935,1652.4253209615638,51,Moderate,Medium,74.18382602497778,0,0,1,1
Sensitive,55+,7.709718179901681,1648.5442809802162,75,Low,Low,81.73615988556963,0,0,1,0
Normal,55+,6.64328944386109,2233.2156437061585,98,High,High,70.08990052328906,1,0,1,0
Normal,under 18,7.781034244634003,1460.2335739169805,32,High,High,65.55565169420582,1,1,1,0
Dry,18-24,8.495589034680462,2563.675044677743,53,Moderate,Medium,90.0,0,0,0,0
Dry,45-54,5.30522521417216,1588.081565179423,32,Moderate,Low,81.48055620735286,0,0,0,1
Normal,55+,8.786636024719288,1926.5732393723495,9,High,Low,74.53535821517436,0,0,1,1
Oily,under 18,3.6703330788222237,1300.1592476336568,89,Low,Low,66.43856349460854,1,1,0,0
Dry,45-54,6.625945562241278,1418.478674857699,67,High,Medium,63.061128547185106,0,1,1,0
Dry,25-34,6.3798643440453375,2016.1981068417895,50,High,Medium,78.03916711422092,0,1,0,0
Oily,45-54,9.193381906052092,1854.7730418861056,99,High,High,81.92455685322159,0,0,1,0
Normal,55+,8.608812699359138,2714.380081018385,69,High,Medium,90.0,0,0,0,0
Normal,25-34,9.151464504028114,2142.377296692784,8,Moderate,High,90.0,0,0,0,0
Oily,55+,4.055066278241538,2230.4124327019326,25,High,High,69.09008001935496,0,0,1,1
Normal,45-54,8.57259983172031,1959.4664472822915,34,Moderate,Low,80.13149062000433,0,0,1,0
Sensitive,55+,9.616875805112873,2429.916780733729,56,High,Medium,73.04830356834599,0,0,1,0
Dry,55+,7.852410065729177,2543.190355602919,69,Low,Low,68.3992402247499,0,1,1,0
Oily,under 18,7.500054776891317,753.5947503023233,69,Low,High,74.50410693205274,1,1,0,0
Oily,35-44,6.251291572794452,2598.5840136239267,41,Moderate,Medium,78.156161792087,1,0,0,0
Sensitive,25-34,5.788612989852556,1888.2637473815305,42,Moderate,High,75.52978065620384,1,0,0,0
Combination,35-44,5.432745529145393,2891.9612976008843,45,Low,Low,90.0,0,0,0,0
Sensitive,25-34,9.522238686127023,1558.0655524296353,0,Low,Low,90.0,0,0,0,0
Sensitive,45-54,7.220947000583626,1659.7529761179762,57,Moderate,High,73.85886473617614,1,0,1,0
Oily,25-34,7.922416958547068,2254.8415386211645,9,Moderate,Medium,81.74903891187077,1,0,0,0
Dry,18-24,8.217558357419898,2165.9592238539435,32,Moderate,Medium,78.88377655503828,0,1,0,0
Combination,under 18,10.0,1486.0381174946306,18,Low,Low,70.70862091727783,1,1,0,0
Dry,25-34,4.434094968345229,1803.4548996492692,60,Low,High,90.0,0,0,0,0
Dry,under 18,4.648017601659599,1253.7688649970037,79,Moderate,Medium,84.69618431577986,0,0,0,1
Oily,55+,5.4980280187030495,1538.9055472841862,42,High,Low,51.50448111287521,1,0,1,1
Oily,18-24,5.56807284707491,2259.109475222706,34,High,High,68.05229735393013,0,0,1,1
Sensitive,45-54,6.240716408371996,1910.2427125637598,62,Low,Medium,82.70715144776867,0,0,1,0
Combination,under 18,8.341349161751403,1616.838737609287,26,Moderate,Medium,79.73373234173786,1,0,0,0
Combination,25-34,6.603181151942917,2182.879993046458,5,Moderate,Low,90.0,0,0,0,0
Combination,35-44,4.087648299069668,807.5472455247088,96,High,Medium,80.08165132201609,0,0,0,1
Normal,25-34,7.519175993196584,2246.007140283449,63,High,High,79.26962813353428,1,0,0,0
Oily,25-34,10.0,2079.047437933405,74,High,High,90.0,0,0,0,0
Sensitive,under 18,8.229609575887142,1902.263678207013,21,High,High,80.71693278684113,0,0,0,1
Dry,under 18,7.4458408323776295,2833.628420874767,45,High,High,60.46598028686121,1,1,1,0
Combination,18-24,3.814010772811547,2206.8081287858404,5,Low,Low,74.17130120610571,1,0,0,1
Sensitive,35-44,10.0,2141.017109604671,46,High,Medium,83.29481817897715,0,0,1,0
Combination,under 18,9.475859444849272,1685.3939252352789,65,Moderate,High,90.0,0,0,0,0
Normal,55+,6.95192875875443,2016.7623511942938,20,Low,Low,73.68078082160181,0,0,1,0
Dry,45-54,3.673613380961844,1415.9110860749,40,High,High,56.78563117448087,1,1,1,1
Sensitive,under 18,5.354687380924021,2411.0330390162635,94,High,Medium,74.83280686294253,1,0,0,1
Sensitive,35-44,8.308229658526082,2162.0182213532667,61,Moderate,High,90.0,0,0,0,0
Sensitive,18-24,8.236154345283559,1917.925293639113,89,Low,Medium,76.56575615775917,1,0,0,0
Dry,55+,8.802897504309314,2004.394221316036,82,High,Low,56.77990194340742,0,1,1,0
Oily,35-44,7.086796071140134,1867.2036833687944,69,High,Low,90.0,0,0,0,0
Dry,35-44,8.026675716454642,1789.4005916935434,46,Moderate,High,73.53738878053996,1,1,0,0
Sensitive,18-24,8.464647065797102,1433.9254296419967,30,Low,Medium,73.29626431476792,1,1,0,0
Normal,45-54,5.351625617907709,2343.713377563252,3,Low,Low,69.63079731199879,0,0,1,1
Sensitive,25-34,6.867183678125481,1773.0542919234358,34,High,High,57.31479799748996,1,0,1,1
Normal,25-34,8.33508659871319,1696.3692929569577,90,Moderate,Low,90.0,0,0,0,0
Sensitive,35-44,6.6996981185494455,2699.6139750355796,63,Moderate,Medium,90.0,0,0,0,0
Dry,45-54,9.308713518715976,2786.1991051351633,67,Low,High,59.66098962135345,1,1,1,0
Normal,under 18,6.5768113345991335,2615.3514524922352,41,Moderate,High,90.0,0,0,0,0
Normal,25-34,5.576570758346983,1546.5485626389695,47,High,High,72.67763542805832,1,0,0,1
Combination,45-54,3.474316221063458,2836.434100949265,65,Moderate,Medium,84.65718788714209,0,0,1,0
Oily,55+,5.704030226385883,1936.73371012647,61,Moderate,Low,74.78111858195355,0,0,1,0
Normal,under 18,5.634513487107574,2347.5826241650702,80,Moderate,High,82.26588595286874,0,0,0,1
Dry,45-54,6.4365495089239895,1347.5915547835252,82,High,High,53.31154999293096,1,1,1,0
Oily,55+,7.662493846279091,1283.1349875948858,62,Low,Medium,72.02926950731234,1,1,0,0
Sensitive,45-54,5.743891412026763,946.5554426869596,16,Low,Medium,69.63787509722107,0,1,0,1
Dry,25-34,4.86406283170359,2089.2645848602388,90,High,High,60.399157630473496,1,1,0,1
Combination,under 18,4.053195942845613,1259.427137689142,53,Moderate,Medium,56.04604116599421,1,1,0,1
Dry,25-34,6.996446625800788,1728.1965519534738,45,High,Medium,81.45811553227882,0,0,1,0
Oily,18-24,9.988054953938963,2916.9482730121877,84,Low,Low,81.59736390172499,1,0,0,0
Oily,55+,5.69811630587327,2278.568809201741,98,Moderate,Medium,84.67265446800914,1,0,0,0
Sensitive,45-54,8.123923835319177,1701.2605709877982,77,High,High,72.66747996805347,0,0,1,0
Combination,under 18,4.756687695252694,1993.8507753459712,39,Moderate,High,83.95329371304373,1,0,0,0
Oily,25-34,6.740731487778834,1782.1177515146903,61,Low,High,83.97597270067463,1,0,0,0
Dry,18-24,7.663475302246728,1624.6351964972007,82,Moderate,Low,80.56030414150426,0,1,0,0
Combination,55+,5.272003678631285,2054.541485174916,96,Moderate,High,57.90524456067451,1,0,1,1
Normal,under 18,7.578955138853313,1411.6775280499735,18,Low,High,68.38542944160629,1,1,0,0
Normal,25-34,8.392135916486621,1114.759431111961,33,Moderate,Medium,82.06555545145723,0,1,0,0
Dry,35-44,6.132829811926535,1870.9957319011955,92,Moderate,Medium,84.3360634571309,0,1,0,0
Dry,18-24,6.0456644310221055,1717.4697632244038,78,Moderate,Medium,78.3809482896095,0,1,0,0
Oily,25-34,9.806611723462172,1574.5579554805506,74,Moderate,Medium,75.83003504871078,1,0,0,0
Normal,55+,10.0,2218.563389865526,85,Low,High,70.56198990567933,1,0,1,0
Dry,55+,7.138082705967988,2238.120176693833,4,Low,High,62.17836374677761,1,1,1,0
Dry,18-24,10.0,1503.203498034276,22,Moderate,Low,64.57344561194274,1,1,0,0
Combination,45-54,5.319373121595416,1622.5669017140394,31,High,Medium,78.60399037077673,0,0,1,1
Combination,35-44,7.0482147204468415,1137.1144375937133,60,High,Medium,77.72844566983494,0,1,0,0
Combination,55+,7.033508858977912,2846.773566706836,80,High,Medium,75.2454738971966,0,0,1,0
Sensitive,25-34,7.227111085937167,1853.6572705123615,94,High,Low,90.0,0,0,0,0
Sensitive,under 18,6.072759326974559,2449.255852275782,56,Low,Medium,90.0,0,0,0,0
Dry,18-24,5.761250840142928,2923.197960299624,9,High,High,68.84212532071332,0,1,1,1
Combination,25-34,9.900039621571535,2128.3753993308937,85,Moderate,Medium,90.0,0,0,0,0
Oily,55+,6.982727367885032,2515.3299041207797,75,Moderate,High,78.25377267362906,0,0,1,0
Oily,55+,8.642197753340987,1597.0041344702922,16,High,High,65.08602582659952,1,0,1,0
Dry,under 18,6.210167300294947,1338.8262826583523,19,Moderate,High,75.67176448187968,1,0,0,0
Normal,35-44,7.613597407501086,2333.3139417284456,90,Low,Low,90.0,0,0,0,0
Normal,18-24,4.97511154320809,1772.4005475919205,53,Moderate,Medium,79.00216812295803,1,0,0,0
Sensitive,35-44,4.979119123627976,1550.600094878081,55,Low,Low,90.0,0,0,0,0
Combination,55+,7.8265255903394495,1633.2589666608603,50,Low,Medium,90.0,0,0,0,0
Oily,18-24,6.548761065951552,1186.3441360263423,16,Low,High,72.35601922062912,1,1,0,0
Oily,18-24,7.280485314586996,1977.8633400776755,92,Moderate,Medium,76.08896714292645,1,0,0,0
Sensitive,25-34,5.906561124950256,1905.492851158763,79,High,Low,90.0,0,0,0,0
Sensitive,45-54,7.2704423207551665,1592.565925545328,9,Moderate,Low,80.85882732857922,0,0,1,0
Sensitive,under 18,4.785606183997331,2902.7872163434076,35,Moderate,Low,76.1348032000179,1,0,0,1
Sensitive,25-34,6.050090942934591,1951.6199484065553,50,Moderate,Medium,90.0,0,0,0,0
Combination,18-24,8.51625960253047,3764.527593785242,48,Low,Low,82.53667105066656,1,0,0,0
Dry,35-44,5.133270325166702,2224.913606863255,27,Low,High,57.89863229501815,1,1,0,1
Combination,45-54,5.9386715720588406,1730.6048477116447,97,Low,High,70.30609951745328,0,0,1,1
Combination,45-54,5.919681968489815,1437.1725160997075,5,Low,Low,62.09894140974602,0,1,1,0
Dry,55+,6.938062957323008,1262.7486564758822,42,Moderate,Low,58.485372240759276,0,1,1,0
Combination,25-34,8.420211349767806,2027.5014680166873,87,Moderate,High,83.5931815817529,1,0,0,0
Normal,45-54,7.6336524593521595,1766.9056940268886,29,High,Low,68.34405217408047,0,0,1,1
Combination,25-34,6.449194098682377,2143.781952583664,48,High,High,67.55819172182488,1,0,1,0
Dry,18-24,5.2539240513912615,1821.0047827933322,45,Low,Low,72.47188847974444,0,1,0,1
Combination,18-24,5.710579729182319,1554.7155947044928,8,Low,High,90.0,0,0,0,0
Combination,25-34,3.835242639061538,2669.66329474,31,Moderate,Medium,82.87537060325002,0,0,0,1
Normal,18-24,5.970191870269346,2581.688027581775,6,High,High,72.29994767965302,1,0,0,1
Dry,under 18,8.603188482091438,1357.0001467417533,39,Low,High,90.0,0,0,0,0
Oily,25-34,5.367383146490731,3280.251479677842,29,Moderate,Medium,83.29169752960597,1,0,0,0
Oily,35-44,9.626388912890715,1984.2407433359479,70,Low,High,84.5466268349335,1,0,0,0
Sensitive,55+,7.386059659626024,1684.5767985264056,67,Moderate,Medium,80.03997272689051,0,0,1,0
Sensitive,under 18,7.64852907130051,1641.4090496387644,52,High,High,84.97700407037229,1,0,0,0
Sensitive,45-54,3.9514693535524232,1339.2221067444746,84,Low,Low,62.855090920103386,0,1,1,1
Sensitive,under 18,7.031639121775881,1434.4663822487062,6,Low,Low,80.68262786609839,0,1,0,0
Combination,55+,6.899083802629698,1462.6694802835684,88,Moderate,High,76.69057599171211,0,1,0,0
Oily,under 18,5.82646911624701,2426.5826532065958,37,Low,Low,80.1960038366416,1,0,0,0
Oily,25-34,7.371220821460157,1995.1677893433264,40,High,High,73.78213679551551,1,0,1,0
Dry,18-24,8.318445959605977,2240.304296673674,94,High,Low,82.22124650796069,0,1,0,0
Oily,25-34,9.169844936877052,1770.0703688424298,29,High,Low,90.0,0,0,0,0
Dry,55+,6.355547532208737,1349.4453668043275,3,Low,High,58.27342247481327,1,1,1,0
Dry,18-24,6.3565289239413705,2482.384947151223,73,Low,Low,90.0,0,0,0,0
Dry,45-54,8.9499810583932,2480.152584043334,48,Low,Low,81.18755534266661,0,0,1,0
Sensitive,55+,4.3087122001758456,2541.5726063303673,36,Moderate,Low,82.21494296558977,0,0,1,0
Combination,45-54,4.2422220650918945,2449.058662061174,56,Moderate,Low,82.84975784162437,0,0,0,1
Dry,25-34,6.448323210143418,2351.2666569669277,22,High,Low,59.257481559137744,0,1,1,1
Dry,25-34,5.001327478158151,2585.5838163530734,84,High,High,68.09099313546714,1,1,0,0
Oily,25-34,4.802537880842666,1665.772544573411,88,Low,Medium,73.14355535101461,1,0,0,1
Oily,25-34,5.5028580583464475,1122.8575735887505,62,Moderate,Low,69.84888504132635,1,1,0,1
Oily,25-34,7.141791351382703,2903.0445589184806,60,Moderate,Low,90.0,0,0,0,0
Normal,55+,10.0,2048.577893543124,47,Low,Medium,73.33817955191105,0,0,1,0
Combination,35-44,8.675021912601284,2116.0473189642685,55,High,Medium,90.0,0,0,0,0
Dry,25-34,7.748324792152319,1828.9256744363806,26,High,High,42.99552023322798,1,1,1,1
Dry,25-34,7.292615388133903,2268.739352303214,25,High,Medium,68.99477639325215,0,1,1,0
Sensitive,55+,6.132310406685503,1961.252850053506,89,Moderate,Low,76.79421570920718,0,0,1,0
Dry,25-34,6.912354821503768,2413.201658665262,34,Low,High,79.9978871085433,0,1,0,0
Sensitive,18-24,5.40095174255848,1974.2288956961743,85,High,Low,78.25174413313613,1,0,0,1
Normal,35-44,9.868008203579047,2582.0300762929687,75,High,Low,90.0,0,0,0,0
Normal,45-54,9.023768573333058,2012.2159200890171,96,High,High,90.0,0,0,0,0
Dry,55+,7.481496345529035,2501.1180833514627,64,Low,Low,61.76431158869519,0,1,1,0
Oily,under 18,9.340383294296396,1024.1985435585566,31,Low,Medium,70.54485843912273,1,1,0,0
Dry,under 18,5.026838039425232,2654.722050701324,12,Moderate,High,62.81645803201555,1,1,0,0
Dry,35-44,6.584665966346795,1664.1396053709614,93,Moderate,High,90.0,0,0,0,0
Oily,25-34,5.118758519506594,1722.4916492279453,50,Low,High,71.25031006076051,1,0,0,1
Combination,18-24,4.896446074864263,3045.547136366238,95,High,High,83.5173112770739,0,0,0,1
Sensitive,18-24,6.96634592202914,1971.0247291186413,24,High,Low,53.918725526379895,1,0,1,1
Dry,35-44,7.882115012751748,2481.1725846332847,73,Moderate,High,77.38554078075983,1,1,0,0
Sensitive,55+,8.418832234831958,2536.810971953786,49,High,Medium,83.67353223781043,0,0,1,0
Sensitive,35-44,6.053731673813715,1851.0665975215693,86,Low,Medium,90.0,0,0,0,0
Normal,18-24,8.153547483163413,1736.30546918019,27,Moderate,Low,84.67138520591861,1,0,0,0
Sensitive,under 18,6.992340051959163,2199.381882212407,21,Moderate,High,90.0,0,0,0,0
Sensitive,55+,8.177777623465564,1111.1595188148995,31,High,High,77.38581391018997,0,1,0,0
Combination,25-34,8.072118474833417,1883.1379710741373,27,Moderate,High,80.17968821102444,1,0,0,0
Dry,55+,8.061186566296572,2388.4658461774143,35,High,Low,71.37451607287684,0,0,1,1
Oily,under 18,9.411872591678737,2676.7268238106017,55,Moderate,High,90.0,0,0,0,0
Oily,25-34,9.019857493915444,2721.835159583119,69,Low,Low,75.24680418648379,1,0,0,0
Normal,55+,7.437068477223919,2016.09254351842,90,High,High,77.28340938501691,1,0,0,0
Combination,55+,8.309225624767501,2366.040475716511,20,Low,Low,72.53809449653698,0,0,1,0
Sensitive,35-44,6.53640064489261,2202.411704404134,15,Moderate,High,77.52010271215318,1,0,0,0
Oily,45-54,6.9473552998231085,1573.033545769972,77,Low,Low,90.0,0,0,0,0
Dry,25-34,8.935691112064525,2027.5996212650446,64,High,Medium,82.38866866468227,0,1,0,0
Dry,under 18,10.0,1187.2538649000835,26,Moderate,Low,90.0,0,0,0,0
Sensitive,45-54,6.1648318407349505,2016.3194183454357,85,Low,Medium,71.07786015514154,0,0,1,0
Oily,18-24,8.706071646443371,2199.7346863010926,69,Moderate,Low,90.0,0,0,0,0
Sensitive,under 18,7.465709131271127,1436.3681037229264,89,Low,Medium,77.17309112061372,0,1,0,0
Oily,45-54,5.264587904155793,2161.2523301449523,87,Moderate,Low,63.95397313589794,1,0,1,0
Normal,45-54,4.9538410092724625,1734.0611248553357,83,Low,Medium,90.0,0,0,0,0
Normal,35-44,7.751375993628786,1508.837863861612,80,Moderate,Medium,90.0,0,0,0,0
Dry,35-44,9.40803394354271,2611.968172118945,89,Low,High,76.50866839959649,0,1,0,0
Combination,35-44,4.6428700024925496,1533.8143784090064,48,Moderate,Medium,90.0,0,0,0,0
Oily,18-24,3.571334133257575,1608.7043187259333,70,Low,Low,74.45083594840197,1,0,0,1
Sensitive,under 18,8.1495827148586,1793.0525288625715,100,High,Medium,90.0,0,0,0,0
Dry,under 18,7.691195865423952,1238.8328408591278,44,Moderate,Low,90.0,0,0,0,0
Combination,18-24,8.196962881872858,1722.445386035825,42,Low,Medium,80.66657528535934,1,0,0,0
Dry,35-44,7.018254523424358,1953.5627493034735,8,Moderate,High,83.32779303205459,0,1,0,0
Combination,18-24,5.092677218661574,1423.457834130109,96,High,Medium,69.65080959213292,1,0,0,1
Oily,55+,8.451691703505139,2199.496078750848,59,High,High,60.14066102797911,1,0,1,0
Combination,35-44,8.57507356233014,2162.329117751259,49,High,Medium,70.27037796195916,0,0,1,0
Normal,18-24,7.214485952213825,1136.9946906666169,7,Low,Medium,77.99243809800826,0,1,0,0
Combination,35-44,6.594449954858245,1986.307839798128,57,Moderate,High,82.91792784887402,1,0,0,0
Combination,45-54,9.92966079740886,2343.478316049339,37,Low,Low,74.13383549976103,0,0,1,0
Sensitive,18-24,9.304091772564293,2298.768852947364,49,Moderate,Low,81.3837470557471,1,0,0,0
Combination,under 18,5.933045159575781,2058.5621080749256,33,Moderate,Low,78.36663163879265,1,0,0,0
Combination,under 18,7.354335469396349,1530.4222151146591,28,Low,Medium,75.44279143504662,1,0,0,0
Sensitive,18-24,6.423418935110618,1897.116503161414,33,Low,High,77.21970656454364,1,0,0,0
Oily,under 18,9.408429748847677,959.6297373045109,0,High,Medium,57.61783568115662,1,1,1,0
Dry,under 18,8.808727631074065,1531.6023825203085,60,Moderate,Low,83.78285375601244,0,1,0,0
Dry,18-24,4.941881219095579,2589.971065019232,29,Low,High,90.0,0,0,0,0
Oily,45-54,8.09784710385157,2627.259351190595,35,Moderate,Medium,65.6499762774119,1,0,1,0
Normal,25-34,8.201052921318364,3029.922500868701,4,Low,Medium,90.0,0,0,0,0
Oily,under 18,7.838085755416728,1921.7613119384207,92,High,Medium,76.97466231019631,1,0,0,0
Dry,25-34,7.514389565982014,2621.7345641729817,100,Low,High,90.0,0,0,0,0
Oily,25-34,5.830937012109825,1674.0557087343095,24,Moderate,Medium,75.39243677021791,1,0,0,1
Oily,35-44,6.5365599781031385,947.7086006173338,37,Low,High,67.78570649475392,1,1,0,0
Oily,45-54,7.207117612626321,1056.935648024487,97,Moderate,High,72.22769036075607,0,0,1,0
Oily,25-34,7.0795889693989285,2432.644878067625,13,High,Medium,58.99988018434112,1,0,1,1
Dry,45-54,6.284685309034247,2838.5579350934354,97,Low,High,64.90863743234081,0,1,1,0
Dry,45-54,4.809248650872268,2595.6303408159165,4,Low,Low,69.90956346770191,0,1,1,0
Combination,35-44,8.012705584610382,1141.9833758446555,71,High,High,78.26311416958372,1,0,0,0
Normal,45-54,10.0,1968.127357248017,98,Low,High,75.0902003101373,0,0,1,0
Sensitive,25-34,5.6837739667665526,1296.4564026079915,30,High,Medium,61.999515328543325,0,1,1,1
Combination,45-54,6.669972958510489,1936.2965638050202,73,Moderate,High,65.91399896131833,1,0,1,0
Oily,35-44,7.1539682928094965,1851.10192188802,77,Moderate,High,78.10529550179561,1,0,0,0
Combination,18-24,7.94983796517264,1806.1850836683768,66,High,High,81.22737816969473,1,0,0,0
Oily,35-44,4.097553824139293,1925.3192521751794,42,Moderate,Medium,83.63315789508616,0,0,0,1
Sensitive,under 18,3.4487835199400827,2176.8853154456947,10,Moderate,Medium,80.36778259192889,0,0,0,1
Sensitive,55+,5.531049654576047,2081.6801774579003,71,Low,Medium,76.72244414032404,0,0,1,0
Dry,55+,8.971112472286906,1525.625652366,2,High,Medium,75.76052178288468,0,0,1,0
Normal,35-44,8.591884387768177,1783.3052166569234,37,Moderate,Medium,90.0,0,0,0,0
Sensitive,35-44,9.62979220309838,1817.4236934008934,23,Moderate,Low,90.0,0,0,0,0
Normal,25-34,5.739260521739963,2343.619225197644,86,Low,Low,80.49522935410842,0,0,0,1
Dry,18-24,6.346315405564546,1579.2752429354957,38,High,Low,76.00074303240845,1,1,0,0
Dry,35-44,6.283240223944313,1977.6967339084993,76,Low,Medium,81.84674714069546,0,1,0,0
Combination,45-54,9.013270196867282,1032.9561272702115,3,Moderate,Low,71.93673109819603,0,1,1,0
Dry,25-34,7.034620988425631,2312.4517973270213,57,Low,Low,82.87105081814354,0,1,0,0
Dry,45-54,7.290172862487694,2654.932584716767,43,High,High,83.76149665689186,0,0,1,0
Normal,18-24,6.888482005362214,1907.7242789070274,67,Moderate,Low,90.0,0,0,0,0
Oily,18-24,7.888494320520015,2049.656907475675,77,Moderate,Medium,90.0,0,0,0,0
Normal,45-54,6.4143868925792935,2258.0720197931896,11,Moderate,Low,90.0,0,0,0,0
Combination,18-24,6.021207560175032,1694.4114239903365,76,Low,Low,90.0,0,0,0,0
Oily,35-44,6.20800896735158,2676.5345800832038,59,High,Low,81.40817398693434,1,0,0,0
Dry,45-54,3.0,2197.7994173814714,22,Moderate,Medium,75.17729550952014,0,1,1,0
Dry,25-34,7.051407721300333,1159.56477038094,96,Low,Low,90.0,0,0,0,0
Dry,45-54,7.464590168704003,2237.875995915766,20,High,Low,72.08380082882636,0,1,1,0
Sensitive,under 18,7.8844588470361,674.0859684775255,85,High,Low,90.0,0,0,0,0
Dry,18-24,9.049584117781658,1631.1316476575796,47,High,Low,67.35014079466558,1,1,1,0
Normal,55+,8.029851620129765,2370.536890341143,43,Moderate,Low,82.2369120074414,0,0,1,0
Combination,35-44,5.68495437157106,2330.229976175775,91,High,High,82.42938623801015,0,0,0,1
Combination,25-34,6.421760138631463,964.3114103309215,76,Moderate,Low,79.20632883924984,0,1,0,0
Normal,18-24,8.751612888291668,1612.4775184918801,29,Low,Medium,81.55871289022592,1,0,0,0
Dry,18-24,5.718259805892918,1798.4670659816388,95,Low,Low,58.953270275011924,1,1,0,1
Combination,35-44,7.408355087991082,1971.3647945889488,37,Moderate,High,90.0,0,0,0,0
Dry,35-44,7.822100387060756,1330.2553167356705,1,High,Low,54.86295289260495,0,1,1,1
Oily,55+,5.886420444353898,1942.001463839233,57,Moderate,Medium,59.47549003054432,1,0,1,1
Sensitive,under 18,9.84683093898806,1943.093730793121,16,Low,High,90.0,0,0,0,0
Oily,55+,8.627833395492447,2019.2775843921588,82,Moderate,Medium,80.93220541907989,1,0,0,0
Normal,under 18,6.2745120438436475,1876.6377879427798,19,Low,Low,90.0,0,0,0,0
Oily,35-44,6.7473704319566785,2301.8228694803693,61,High,High,80.58200962662396,1,0,0,0
Sensitive,55+,9.061916901364832,2179.8404238431604,61,High,Medium,81.30888341343217,0,0,1,0
Dry,18-24,8.780616518112634,1517.6051311851572,87,Moderate,Low,79.14226284956095,1,0,0,0
Dry,35-44,6.378054236778954,1637.8487328961667,81,High,High,80.8591493054725,0,1,0,0
Sensitive,under 18,7.471666886312279,1820.5208074102932,10,Moderate,Low,83.07434871632059,1,0,0,0
Oily,under 18,8.094659405551294,1534.4991441837792,95,Low,Medium,77.27090858606022,1,0,0,0
Dry,45-54,7.064546459981922,2343.428955506128,96,High,High,75.40728728558844,1,0,1,0
Combination,35-44,3.9020458374390845,3060.8156536651018,44,High,High,59.58022761698555,1,0,1,1
Normal,55+,6.575272172680187,987.4800431619135,33,Low,Medium,71.79192749297655,0,1,1,0
Normal,under 18,7.237140847865179,2016.7217339865754,43,Low,High,90.0,0,0,0,0
Oily,under 18,6.87715843064126,2495.595556463333,99,Moderate,High,76.85474884600674,1,0,0,0
Combination,18-24,8.121167457140583,2148.9380955119227,89,Moderate,Medium,90.0,0,0,0,0
Sensitive,35-44,7.675233450919971,1947.8207752809567,28,Moderate,Low,90.0,0,0,0,0
Dry,35-44,9.663236273860072,1260.4019908211167,23,Moderate,Medium,82.79392637593776,0,1,0,0
Dry,35-44,7.209477511323845,2032.51231559439,46,High,Medium,57.824873253553974,0,1,1,0
Combination,45-54,8.219920609096889,1578.0730612875504,56,High,Medium,82.60385906345918,0,0,1,0
Combination,45-54,4.3844910964051955,2078.4115080490965,36,High,Medium,78.98434768485343,0,0,1,1
Oily,35-44,7.421845738327907,2744.7997047238246,74,Low,High,81.16922493771972,1,0,0,0
Combination,under 18,5.09445693051237,2577.34688335836,18,High,Low,53.30698720724525,1,0,1,1
Dry,55+,10.0,1811.1175562387614,40,High,Low,63.884709842977685,0,1,1,0
Combination,18-24,5.063586670760164,1796.5128168133144,9,Low,High,81.0870970913491,0,0,0,1
Combination,under 18,7.021007451057071,2281.8939375034574,23,Low,Low,90.0,0,0,0,0
Sensitive,35-44,6.112907905242929,2777.599267073671,70,High,High,78.00968795968203,1,0,0,0
Combination,25-34,5.3282015274879075,1130.3974239136,63,High,High,62.58760439927185,1,1,0,0
Oily,35-44,8.660065636430977,862.6894843969003,3,Low,Low,79.70300218955022,1,0,0,0
Sensitive,45-54,6.693805346690926,3558.8405646040237,87,Low,Low,90.0,0,0,0,0
Dry,55+,6.981934670560102,1439.616174651875,7,High,High,56.938705576943654,1,1,1,0
Dry,35-44,6.913903804319809,1974.5996056902331,80,Low,High,75.20467685103327,0,1,0,0
Normal,35-44,7.240974910529674,2331.13149107981,25,Low,Low,90.0,0,0,0,0
Oily,18-24,5.441333247448391,2843.7740276183968,19,Low,Low,70.28268690146939,1,0,0,1
Combination,18-24,7.3676714265589265,2363.397023200902,49,Moderate,High,90.0,0,0,0,0
Dry,35-44,6.057775900366536,2643.1910684977665,57,High,High,61.144985871963435,1,1,0,0
Normal,45-54,6.614421386780403,2138.7762567467657,51,Moderate,High,79.01115432567569,1,0,1,0
Combination,55+,5.600340884219336,1501.5341867989366,86,Moderate,High,62.102565122061435,1,0,1,0
Combination,35-44,8.032307959679324,1778.196584896307,35,High,High,83.86275366938956,1,0,0,0
Combination,under 18,5.719265368743434,1678.4083289864848,72,Low,Medium,80.55000529160277,0,0,0,1
Oily,under 18,8.048429607576132,1685.4810693981944,13,Moderate,Medium,80.2480655651554,1,0,0,0
Normal,55+,6.823517602596754,2007.5138751435486,88,High,High,81.74894296173096,0,0,1,0
Normal,55+,4.123976670984551,1264.436797313241,65,High,High,71.72825437348406,1,0,1,0
Dry,under 18,7.5044168338713435,1631.4853194236514,44,Moderate,Medium,68.26431696072068,1,1,0,0
Dry,45-54,8.585087366920629,2483.403552125272,81,High,Low,77.8403227802037,0,0,1,0
Sensitive,25-34,8.078752999533156,2909.885893656299,45,High,Low,90.0,0,0,0,0
Normal,55+,6.8753660083852255,2324.4409629519196,1,Low,Medium,80.23358266263085,0,0,1,0
Combination,35-44,6.123398535105953,3226.184956434362,14,Moderate,Medium,90.0,0,0,0,0
Normal,25-34,9.975450478654029,2005.940217258896,4,Low,High,90.0,0,0,0,0
Sensitive,55+,7.579879344857789,2679.648799682403,13,Moderate,High,67.15646194678335,1,0,1,0
Oily,35-44,6.77929074277884,1671.6879646001476,11,Low,Medium,81.10737775085171,1,0,0,0
Normal,35-44,8.310984626510324,2039.2196230418351,14,Low,High,76.73398257556524,1,0,0,0
Sensitive,35-44,7.274491674467891,1582.8643284660172,45,High,High,82.98035363376174,1,0,0,0
Sensitive,under 18,4.423491777454906,2118.0712049395506,60,Low,High,77.0376125397884,1,0,0,1
Combination,18-24,8.3574430622413,1887.096625461979,32,Moderate,High,79.11937547119129,1,0,0,0
Sensitive,25-34,9.1546442793383,1648.0418372922277,56,High,Low,90.0,0,0,0,0
Normal,25-34,5.417943317551121,1966.3848464019343,31,Moderate,Low,82.10748781799772,0,0,0,1
Normal,45-54,6.876111136973064,2384.984365667611,20,Moderate,Low,75.10812768988018,0,0,1,0
Oily,35-44,5.837555763904023,2684.047118407449,99,High,Medium,76.86972718881609,1,0,0,1
Combination,35-44,9.95037544376238,1980.4279865158292,54,High,Medium,90.0,0,0,0,0
Normal,18-24,8.874565630276479,1471.7514646873701,0,Low,Low,82.95491448360754,0,1,0,0
Sensitive,18-24,8.612832311772873,2523.6382042797313,61,Moderate,Medium,76.88880967741095,1,0,0,0
Dry,25-34,8.295155920284818,1992.218455564853,40,Low,High,77.61347638740239,1,0,0,0
Combination,18-24,3.0,1679.1364281739352,66,Moderate,Medium,75.3171918363457,1,0,0,0
Normal,35-44,6.0611259734730965,1510.8725309697613,24,Low,High,75.76142300129672,1,0,0,0
Dry,55+,7.183364506820599,1790.5182772393828,1,High,Medium,56.12643975440387,0,1,1,1
Sensitive,35-44,5.763081985352467,1470.59992587609,95,Low,Low,79.98737318124701,0,1,0,0
Dry,55+,5.926730521772157,2560.7496059249643,93,Moderate,High,70.23920454838206,1,0,1,1
Oily,18-24,6.008462418058759,1742.5306467833639,91,Moderate,Low,90.0,0,0,0,0
Combination,35-44,6.314953577465131,2169.49675690471,27,High,Low,66.66159960953517,0,0,1,1
Sensitive,35-44,7.684374232792799,500.0,12,High,High,47.01211642672967,1,1,1,1
Sensitive,35-44,8.532452820741412,2718.184017121877,98,Moderate,Medium,90.0,0,0,0,0
Combination,under 18,5.424720193957496,1513.8508776325825,77,High,High,79.75984820316029,1,0,0,0
Combination,25-34,6.324619918332592,1621.9979902716977,2,Low,High,83.47660860706293,1,0,0,0
Combination,18-24,7.335890310919909,1026.737356820568,86,Moderate,High,76.034325827843,1,1,0,0
Dry,18-24,5.3231085879448905,2769.5986000874536,11,High,Low,70.03717181990964,1,1,0,1
Dry,35-44,5.607670048977973,2621.7141390514626,6,Low,Medium,78.59460245171607,0,1,0,0
Combination,under 18,7.5330072933852055,1095.366142705871,95,High,Low,76.71195939857286,0,1,0,0
Dry,35-44,7.9529937928243095,1941.1663489035734,1,Low,High,79.39474950940753,0,1,0,0
Dry,55+,6.31679941562539,2122.478546586002,33,Moderate,Medium,68.3152081901363,0,1,1,0
Combination,25-34,7.711950228350188,2353.79591098731,64,High,High,90.0,0,0,0,0
Sensitive,under 18,8.767379271322003,2204.067956389178,76,Low,Low,90.0,0,0,0,0
Sensitive,35-44,4.936548866820457,1763.1772711744045,72,Low,Medium,90.0,0,0,0,0
Normal,35-44,10.0,2362.245530190864,81,Moderate,Medium,90.0,0,0,0,0
Dry,18-24,10.0,2697.7170410995927,2,Low,Low,62.33004658279905,1,1,0,0
Sensitive,35-44,7.362703107333623,2150.703534890559,46,Low,High,90.0,0,0,0,0
Sensitive,45-54,6.9451299401847315,1131.0976920767503,42,Moderate,High,68.82963031450642,1,1,0,0
Oily,55+,7.027070878702337,2605.3372762710987,94,High,High,75.03893765997557,0,0,1,0
Oily,25-34,6.100540007768195,2205.9764995309047,85,High,Medium,81.80370456829544,1,0,0,0
Normal,under 18,8.277386568839797,1545.1597803437623,71,Moderate,Medium,90.0,0,0,0,0
Dry,35-44,6.323045703484503,1491.0442547614205,14,Moderate,High,90.0,0,0,0,0
Dry,18-24,5.76675158996589,1356.1973581734694,40,Moderate,High,67.86004584319632,1,1,0,0
Oily,under 18,5.64932730793296,2709.7278403989194,7,Low,High,90.0,0,0,0,0
Normal,45-54,5.626784456364561,2063.229609530345,30,Low,High,74.59237988001902,1,0,0,1
Normal,under 18,6.245696869493566,2589.4329685184694,22,High,High,73.513404694749,1,0,1,0
Normal,18-24,8.966743444905426,2432.0349910694736,79,High,Low,82.69884869088465,1,0,0,0
Combination,55+,7.459201829654133,1884.4702315795507,28,High,Medium,76.70265254014289,0,0,1,1
Normal,55+,5.2121879437131255,2971.7644405610986,3,High,Low,90.0,0,0,0,0
Sensitive,45-54,5.86049047337117,2331.823173516421,8,Moderate,High,66.54611196490434,1,0,1,1
Combination,55+,8.589348358935096,1722.3597515473352,28,Low,Low,90.0,0,0,0,0
Combination,55+,8.557018790973943,2382.1066016694276,70,Low,High,71.06517525358804,1,0,1,0
Dry,45-54,9.591945753072647,1765.3267667866444,57,High,High,70.18846853172869,0,0,1,0
Combination,18-24,5.071203974080428,1747.2551222777445,85,Moderate,High,81.33276731284282,0,0,0,1
Combination,55+,7.3132803138014975,2029.1063635425282,3,High,Low,68.37880382762417,0,0,1,1
Normal,35-44,6.409843155588174,1045.4012705113787,61,Moderate,Low,79.57307183664356,0,1,0,0
Dry,35-44,7.70572449419366,2986.1722395410998,30,Moderate,High,72.47417074475601,1,1,0,0
Sensitive,55+,7.6963768571845055,2304.5677595267566,20,Moderate,Medium,90.0,0,0,0,0
Dry,18-24,7.858667959232653,2198.5233349412,54,Moderate,Medium,65.99321504009018,1,1,0,0
Dry,35-44,8.397498950302142,2197.686840592833,82,Moderate,Low,75.10489502422341,0,1,0,0
Combination,18-24,6.530984245520086,1602.005544995623,23,High,High,54.038249849751196,1,0,1,1
Dry,25-34,6.626539517078987,2157.064748225333,72,High,Low,90.0,0,0,0,0
Combination,45-54,6.52587555831554,2157.169341565715,61,Moderate,Medium,90.0,0,0,0,0
Combination,45-54,7.658725200550626,2416.589715635091,63,Moderate,Medium,90.0,0,0,0,0
Dry,45-54,8.92419245325847,2039.0037092394286,47,High,High,90.0,0,0,0,0
Combination,under 18,5.038335152278509,1827.447951590405,98,Moderate,Low,77.19291550013932,1,0,0,0
Normal,45-54,7.066093851109899,1082.115621911455,24,High,Low,58.91007095428803,0,1,1,1
Oily,45-54,9.082996780153723,2071.1889562552333,68,Moderate,Low,65.1569070267631,1,0,1,0
Oily,55+,7.572029251870427,2682.763231263133,46,Low,Low,67.60355321915554,1,0,1,0
Dry,45-54,6.054785754786479,2287.020965442015,57,High,Medium,80.36944463905557,0,1,0,0
Dry,55+,6.835203815347096,1907.9565664920403,2,Low,High,82.75111768321372,0,0,1,0
Oily,under 18,5.841711418293431,2832.8016068432635,82,High,Medium,84.63871080477479,1,0,0,0
Normal,under 18,6.436749939886644,2349.732123447851,51,High,High,83.50765131447736,1,0,0,0
Dry,18-24,4.187488918792095,2589.994264844893,29,Low,Medium,71.63482893232197,1,1,0,0
Oily,under 18,8.578316733935587,2048.7170551486515,100,Moderate,High,90.0,0,0,0,0
Dry,25-34,6.659586300793113,2200.0000028067834,100,Low,Medium,80.76525463619137,0,1,0,0
Combination,55+,10.0,1118.3816505482573,73,Moderate,Medium,73.97834442909178,0,0,1,0
Combination,under 18,8.173041081361191,1544.1913489230487,89,Moderate,Medium,78.09620446771221,1,0,0,0
Combination,25-34,6.970122405550403,1876.0599404606685,50,High,High,80.91993252349724,1,0,0,0
Sensitive,25-34,6.357522613303367,1994.7674354736353,6,High,Medium,77.60579763475964,0,0,1,0
Combination,25-34,5.298743282083314,2514.5902180639837,47,Low,Medium,90.0,0,0,0,0
Oily,25-34,4.308784733202099,2269.882256414171,48,High,Medium,56.39510585615961,1,0,1,1
Combination,45-54,6.510196221198143,1414.5375530962733,25,Moderate,High,62.74746103128522,1,1,1,0
Dry,35-44,7.303575055898043,1221.5244566467609,63,Low,Medium,76.70129609855164,0,1,0,0
Normal,25-34,7.059570732579452,1288.5615460942226,30,Low,Low,76.88595954621411,0,1,0,0
Sensitive,25-34,7.691908126476747,1537.8213331848124,67,Moderate,Low,90.0,0,0,0,0
Normal,45-54,6.323508974456036,2146.974693971581,37,Low,Low,75.2433343520187,0,0,1,0
Normal,45-54,5.841186832236646,1971.0180001658487,27,High,High,62.38373373162339,0,0,1,1
Combination,45-54,4.72925424813272,2315.437801798078,4,Moderate,Low,73.14331647318585,0,0,1,0
Oily,25-34,9.647370708326157,3396.104433954981,92,Low,High,90.0,0,0,0,0
Combination,35-44,7.136752219999659,2394.1020703985932,59,Low,High,84.48863376245755,1,0,0,0
Dry,25-34,4.329061490638766,2751.367163152794,22,High,Low,53.60100284239912,0,1,1,1
Normal,25-34,8.164342757086159,1758.0332775243835,34,High,Medium,70.45759316321927,0,0,1,0
Normal,under 18,8.855771200433514,1872.7619616773293,8,Moderate,Low,75.0719322747615,1,0,0,0
Oily,25-34,6.312962225478165,2237.6674627137454,4,High,Low,58.69018485242362,1,0,1,1
Oily,25-34,5.404968250254522,2510.812382199974,26,Moderate,Low,77.28319199422413,1,0,0,1
Dry,18-24,5.4160152821097345,1474.972605088407,96,Moderate,High,68.79125838850173,1,0,0,1
Oily,under 18,5.6354653173874985,2379.750018758061,18,Low,High,78.87372594510587,1,0,0,1
Combination,18-24,6.074836957720438,1326.0021078164154,58,Moderate,Low,69.76328577982126,1,1,0,0
Combination,under 18,6.091480000096303,1983.9788146597566,88,Low,High,82.76555549140798,1,0,0,0
Dry,45-54,5.228541274503422,1424.1594454828282,91,High,Medium,74.42084044643049,0,1,0,1
Oily,45-54,10.0,1569.7172980930566,80,Low,High,90.0,0,0,0,0
Sensitive,55+,6.51543644684049,1816.381499600357,38,Moderate,Medium,74.73605309949224,0,0,1,0
Sensitive,55+,6.367964788344337,2310.6733699845513,4,Moderate,Low,76.8427559906392,0,0,1,0
Oily,35-44,8.422214425708074,1847.022784234204,58,Low,Low,81.14728755537656,1,0,0,0
Dry,under 18,5.145282570111476,2637.2201139244517,85,Moderate,Medium,67.07333591086378,1,1,0,0
Sensitive,25-34,6.856988363204976,2865.1609074285843,12,Low,Medium,90.0,0,0,0,0
Oily,45-54,3.631621153652256,2097.70161064166,32,High,Low,60.103335924015816,1,0,1,1
Sensitive,45-54,9.877909500814312,1823.367932280921,29,Low,High,74.07194004173589,1,0,1,0
Normal,45-54,6.661759864998046,2147.7558457951695,43,Low,Medium,70.88462627761257,0,0,1,0
Combination,25-34,6.161806271672564,1843.9640339736336,4,High,Medium,63.088982753775724,0,0,1,1
Dry,55+,6.493277358712896,1686.2896327868134,90,High,Medium,78.23301227362238,0,1,0,0
Dry,18-24,8.84328482530084,2230.5390161482173,35,Low,High,79.69407350143271,1,0,0,0
Normal,25-34,7.375942348154953,2404.2855034450586,11,High,Medium,84.1422353522573,0,0,1,0
Dry,35-44,6.6034662501948,1612.8980908235499,38,Moderate,Low,83.55247262470596,0,1,0,0
Dry,55+,6.096063543078164,2000.8915205523044,30,Low,Low,73.49337011153787,0,0,1,0
Sensitive,35-44,5.411182437440647,1749.8694917066623,59,Low,High,83.89800885928157,1,0,0,0
Normal,under 18,6.225825037192848,3062.2781149145067,95,Moderate,High,90.0,0,0,0,0
Oily,45-54,3.0,1910.1901392971834,90,Low,High,75.77444426277516,0,0,1,0
Oily,under 18,9.588540689222157,2060.922232066227,87,High,Low,79.14744239421123,1,0,0,0
Sensitive,under 18,8.130126210131639,2049.913157549884,86,High,Low,80.91999768115004,1,0,0,0
Normal,under 18,5.998999928175279,879.0420327455436,86,Moderate,High,65.85204407083323,0,1,0,1
Dry,18-24,7.308183530554454,1612.1966976988044,65,Low,Medium,77.56360731619782,0,1,0,0
Normal,35-44,5.799496890752044,1750.506372010444,29,High,Low,83.76907198141998,0,0,0,1
Normal,under 18,9.61729210993524,3202.4187711269865,100,Moderate,Medium,90.0,0,0,0,0
Sensitive,35-44,7.325811906292602,1767.616388044136,99,Moderate,Low,90.0,0,0,0,0
Oily,25-34,5.234160373823185,2234.2700807730344,17,High,High,62.04407287167463,1,0,1,1
Oily,25-34,9.674358400097717,1876.3298064874216,25,Low,Medium,90.0,0,0,0,0
Oily,under 18,3.4315059388701634,2335.024835907762,22,Low,Low,75.0069836510247,1,0,0,1
Sensitive,45-54,8.478099567175075,1207.0771798070764,78,Low,Low,76.07386086932549,0,1,1,0
Normal,25-34,7.2647262754944295,2225.6130080680496,64,Moderate,Medium,90.0,0,0,0,0
Sensitive,under 18,6.890339046986592,1604.614540457323,30,High,Low,74.21760114408892,0,0,1,0
Sensitive,55+,8.523905835345335,1798.3101270156587,88,Moderate,High,62.89164194553339,1,0,1,0
Dry,35-44,4.7722207559501015,975.2627571651594,69,High,Low,80.84947747925443,0,0,0,1
Dry,35-44,8.891274279998964,2308.331988235559,22,Low,Low,81.86427927761311,0,1,0,0
Dry,18-24,7.131960320693754,1779.8626815745984,35,Moderate,Low,83.51102747001335,0,1,0,0
Oily,18-24,6.206502378695309,1462.1316757791942,68,High,High,83.26187379423334,0,1,0,0
Normal,55+,6.352816533160173,939.9563924399129,25,High,High,74.0772709523064,0,1,0,1
Sensitive,under 18,5.895904519797229,1844.531241824453,30,High,High,53.98518476676436,1,0,1,1
Normal,under 18,7.914820070785629,1980.0367683133181,59,High,High,81.93743455052257,1,0,0,0
Sensitive,35-44,8.192384670813338,2674.567552556715,61,Low,Low,90.0,0,0,0,0
Oily,under 18,8.587255140736152,2235.2549236892783,45,Low,Low,90.0,0,0,0,0
Oily,under 18,7.017794018771176,1509.6059957932205,60,Low,Medium,90.0,0,0,0,0
Dry,25-34,8.109916077068974,2839.8736911107644,71,Moderate,Low,78.28708145520591,0,1,0,0
Normal,25-34,7.513159059475627,2958.6295742130615,13,Low,Low,90.0,0,0,0,0
Sensitive,under 18,4.711642437908374,1422.9183076102292,67,Moderate,Low,70.37344229196783,1,1,0,0
Combination,25-34,8.282802261622393,2132.1451050766254,33,Moderate,Medium,90.0,0,0,0,0
Normal,35-44,8.970673264857712,1992.2641796366302,18,High,Medium,79.15772041424708,0,0,1,0
Dry,35-44,5.698036866207502,1893.2033788974788,54,Moderate,Low,81.57822333980795,0,0,0,1
Oily,55+,4.700974043614399,1435.7046634514827,96,High,High,54.671149451857865,1,1,1,1
Sensitive,35-44,8.458665996877015,2436.393707234805,69,Low,Low,90.0,0,0,0,0
Combination,25-34,7.544506427209115,1139.4612395197653,63,Low,Medium,90.0,0,0,0,0
Normal,45-54,6.462394636730667,1387.5000556699747,61,High,Medium,76.27338620297915,0,1,1,0
Combination,55+,8.764799880681649,1708.1389332186993,48,Low,Medium,79.13526540036354,0,0,1,0
Sensitive,18-24,5.371378433827676,2014.8980825607123,63,Moderate,Low,79.43926533068225,1,0,0,1
Sensitive,35-44,6.039768314748082,2741.8719551018535,99,Low,High,90.0,0,0,0,0
Oily,25-34,5.897783653698713,1300.3858703876845,23,Moderate,High,69.0604555252603,0,1,0,1
Sensitive,25-34,3.7706297263637265,1984.6067487932924,61,Low,Medium,90.0,0,0,0,0
Sensitive,45-54,6.157104829213111,1285.5476967441366,72,Moderate,High,66.78864716767616,1,0,1,0
Dry,under 18,8.783839691883678,2333.622573714621,3,Moderate,High,75.79465883667048,0,1,0,0
Dry,35-44,6.9576731815941555,2682.1631220854333,93,Low,High,70.53367181931918,1,1,0,0
Dry,55+,7.9938040500979195,1588.5720492407838,76,Low,High,71.82864439820636,1,0,1,0
Oily,under 18,5.441169754013851,2408.990772226931,33,Low,Medium,72.73430750394151,1,0,0,1
Sensitive,18-24,7.594550434701026,2084.873883985331,16,High,Low,90.0,0,0,0,0
Oily,45-54,5.730253295696639,2303.973783502877,14,Moderate,High,62.63623196210367,1,0,1,1
Sensitive,45-54,5.866751675299076,1949.006672703161,78,High,High,56.81972782521986,1,0,1,1
Normal,under 18,9.17041621958047,1669.582882094927,40,Low,Low,90.0,0,0,0,0
Oily,under 18,4.640516114390708,1473.7264040649447,35,High,Medium,49.72580145993873,1,1,1,0
Oily,35-44,8.491448240031435,2127.3655686901047,9,Moderate,Low,78.15288649095923,1,0,0,0
Combination,35-44,6.8066839319668695,1745.4530973442152,31,Low,Medium,90.0,0,0,0,0
Dry,under 18,7.728039861329785,1575.4475745048883,21,High,Medium,51.85558843370989,1,1,1,0
Normal,25-34,7.458498352963894,1634.3727155935217,77,Moderate,Low,90.0,0,0,0,0
Sensitive,45-54,5.653510922087419,1681.2562825874943,64,Low,Low,63.176738048184475,0,0,1,1
Normal,55+,6.436888830274057,1975.5850820331484,74,High,Low,70.32955308097308,0,0,1,0
Dry,55+,7.353183692666671,500.0,6,Low,Low,84.87031947824426,0,1,0,0
Sensitive,25-34,5.7885241633798525,1804.2150113219805,24,High,High,65.85490558773532,0,0,1,1
Oily,18-24,9.257593057912494,1459.998695808934,9,Moderate,High,69.1626410100128,1,1,0,0
Oily,25-34,7.244194927149869,2747.5151548679187,88,High,Low,90.0,0,0,0,0
Dry,45-54,5.030547205079091,2196.987612932201,45,High,Medium,57.27012579997334,0,1,1,1
Dry,55+,5.79659224909822,1747.6831288553826,76,High,High,61.922510258815024,1,1,1,0
Combination,25-34,5.7953337490700285,1634.071345792057,13,Moderate,Medium,90.0,0,0,0,0
Normal,55+,10.0,2422.227936035833,94,Low,Medium,71.82748801260044,0,0,1,0
Combination,35-44,8.652606792679313,2245.996743418248,53,Low,Low,90.0,0,0,0,0
Dry,55+,4.5906148173970625,2197.478985161654,24,Moderate,Low,74.71089795334068,0,0,1,1
Oily,18-24,8.60939442176102,1573.3002629804444,92,High,Medium,84.06183978066211,1,0,0,0
Sensitive,18-24,8.44799000074169,2352.1681049270396,99,Low,High,90.0,0,0,0,0
Sensitive,45-54,9.778060067220505,1791.1084937431906,51,High,High,62.489116576414695,1,0,1,0
Sensitive,55+,5.3535835265864105,1819.1859453137272,84,Moderate,Medium,68.16238850754861,0,0,1,1
Oily,45-54,9.153356489745434,1085.7970595790184,95,High,High,56.68397572932493,1,1,1,0
Oily,35-44,3.8974364268534516,2044.6976394658066,51,High,Low,90.0,0,0,0,0
Normal,35-44,6.336116060838766,2003.8639465878423,24,Moderate,Medium,90.0,0,0,0,0
Oily,35-44,8.417967656853797,1723.7153269405737,88,Low,Low,82.73637088338938,1,0,0,0
Combination,under 18,4.190491253604069,3022.240778599972,90,Low,Medium,90.0,0,0,0,0
Dry,55+,5.504157568841836,1470.481438993951,34,Low,High,51.80801034122743,1,1,1,1
Dry,35-44,8.655580020583894,1807.755439479241,40,Moderate,Low,90.0,0,0,0,0
Normal,under 18,6.904915221947784,2241.395062030159,83,Moderate,Medium,90.0,0,0,0,0
Combination,45-54,8.625374654664993,1833.269653409114,34,Low,High,76.02206577583352,1,0,1,0
Combination,under 18,9.27992800887145,932.1000756325973,89,High,Medium,75.58101379725582,1,1,0,0
Normal,35-44,8.139680855429615,1580.2362209911712,84,Low,Medium,90.0,0,0,0,0
Sensitive,25-34,9.058406974911987,2071.0222394152725,1,High,High,71.62649865135933,0,0,1,1
Oily,18-24,5.990642001985897,2331.420546510816,59,Low,Medium,78.63712510956562,1,0,0,0
Combination,under 18,8.339782520810877,2320.947061429319,87,High,High,90.0,0,0,0,0
Dry,35-44,5.45545564055041,1757.9914381889575,9,High,Low,90.0,0,0,0,0
Normal,25-34,6.993890744317848,1979.3701736749697,23,High,High,67.07259833150894,1,0,1,1
Sensitive,45-54,8.124618213157522,992.5493837466959,84,Moderate,High,81.52430789128772,0,0,1,0
Sensitive,under 18,7.5014905818302555,1855.00932278168,72,Moderate,Low,78.74887490103244,1,0,0,0
Normal,18-24,5.742249075424072,1628.7566111152003,77,High,Low,70.54178585902575,1,0,0,1
Combination,55+,6.678193503223055,500.0,80,Low,Medium,82.33487995202981,0,0,1,0
Dry,25-34,5.948065643812675,1562.0925876768533,52,Low,Low,72.10418097723064,0,1,0,1
Dry,25-34,7.799174813983936,1597.2366587447398,26,Moderate,Medium,90.0,0,0,0,0
Normal,35-44,6.677329299744265,2771.138313830651,55,High,Medium,90.0,0,0,0,0
Oily,45-54,8.491527279723135,2451.1356999717264,55,Moderate,Medium,76.56970003508832,0,0,1,0
Sensitive,45-54,6.250191354383722,2271.516139644826,17,High,Medium,78.25349808458367,0,0,1,0
Oily,45-54,6.649153299319609,1901.953394661531,44,Low,High,55.81008921691119,1,0,1,0
Normal,25-34,7.6145280156198245,1701.5032057895337,61,High,Low,90.0,0,0,0,0
Dry,45-54,9.239504656664806,1919.9349302010314,54,High,Medium,75.9859042879798,0,0,1,0
Sensitive,35-44,7.927540849389498,2727.8002396286493,42,Low,Medium,90.0,0,0,0,0
Sensitive,under 18,8.547480661862762,1295.5404486547377,70,High,Low,77.01830293322332,0,1,0,0
Combination,25-34,7.667343842514827,2425.3596972303235,17,High,High,65.3800245937033,1,0,1,1
Sensitive,45-54,8.337794533241123,1443.3525829426844,55,Moderate,Medium,73.64107793627194,0,1,1,0
Oily,35-44,6.014447144474014,2497.2791178708108,89,High,Low,76.33463130480683,1,0,0,0
Sensitive,45-54,5.857359443976032,1850.1519716678429,6,Low,Medium,71.377224913012,0,0,1,0
Dry,45-54,9.363813714252954,1976.100374807605,33,High,Medium,63.92148269708149,0,0,1,1
Oily,55+,5.909838793249236,1561.1913215685474,43,Low,High,80.77622503461816,1,0,0,0
Sensitive,55+,7.499078994377782,1333.4259957613954,37,Moderate,High,58.62424290708985,1,0,1,0
Combination,45-54,6.6289960541553725,2166.615267495011,81,Moderate,High,65.91825930026907,1,0,1,0
Combination,under 18,8.948724730821501,2333.774040184998,82,Moderate,Medium,77.92590502078725,1,0,0,0
Dry,35-44,5.9289023230267315,2589.20965878186,43,Moderate,Low,80.49399564920762,0,0,0,1
Dry,45-54,6.550727443678784,1382.1484889752955,55,Low,Medium,79.6294060656557,0,1,0,0
Combination,35-44,6.741937961101791,2719.084600572851,15,Moderate,Low,90.0,0,0,0,0
Dry,25-34,7.247860075097388,2006.2609321648931,7,High,Low,64.86957853119243,0,1,1,0
Sensitive,25-34,9.45581746705428,1284.3225764727865,65,Low,High,69.56601732802851,1,1,0,0
Dry,55+,5.071601328920842,1192.0767645165838,52,High,Low,69.30745524448439,0,1,1,1
Oily,18-24,7.5589722797200825,2083.2465635575622,56,High,High,81.665364721115,1,0,0,0
Normal,55+,9.314104550919664,2121.737538568385,26,Low,Medium,77.44427365888048,0,0,1,0
Combination,18-24,6.393764260781046,2000.8974364390535,90,Moderate,Medium,81.23952159591119,1,0,0,0
Sensitive,under 18,7.176561127691437,1164.1193633359164,27,Moderate,Medium,84.48394500126284,1,0,0,0
Sensitive,18-24,10.0,2259.9355090509557,32,Moderate,High,90.0,0,0,0,0
Normal,25-34,7.3150124620338834,2307.5819921392904,51,High,High,77.6125046820394,1,0,0,0
Dry,18-24,8.064116470879908,1929.7232572487842,13,High,Low,62.95836298162233,1,0,1,1
Oily,35-44,6.0531382956389495,2299.725343160852,28,Low,Medium,76.33613032420516,1,0,0,0
Sensitive,35-44,7.578566260797179,1595.054950455296,54,Low,High,83.64095133631497,1,0,0,0
Dry,35-44,9.128553417050895,2146.676018161492,56,High,Medium,79.90559752179286,0,1,0,0
Normal,45-54,8.094729043401447,2695.960443839959,62,Moderate,Medium,70.50717278122343,0,0,1,0
Combination,45-54,7.032833231747253,2158.4760034920578,34,High,Medium,62.32145427949497,0,0,1,1
Dry,45-54,8.215040857759174,1637.5694580999739,45,Low,Medium,59.08969146795613,0,1,1,0
Dry,35-44,7.081077494269001,2062.774293325574,49,Moderate,Medium,82.1860744785501,0,1,0,0
Combination,18-24,5.565912172474908,3158.8183943369395,2,Moderate,Medium,77.44116772651778,1,0,0,1
Combination,under 18,4.8890598347613965,1350.948048156421,9,Moderate,Medium,73.191648783435,1,0,0,1
Oily,55+,8.971339863555368,2356.633125398271,91,Low,High,67.02624185896374,1,0,1,0
Combination,55+,5.4610527737788335,2303.6445075508464,64,Low,Low,74.16472771055345,0,0,1,0
Normal,25-34,9.201775667495966,1984.8684712015072,83,High,Medium,90.0,0,0,0,0
Combination,18-24,10.0,1137.9690945659822,43,Low,Low,68.86012986500724,1,1,0,0
Oily,under 18,8.040735180788653,2583.2641681105015,33,Moderate,Low,79.2938012080742,1,0,0,0
Oily,under 18,8.33701585240787,1897.8221366771759,7,High,Low,63.332438057190835,1,0,1,1
Normal,45-54,6.564337776983276,2222.0725855436285,72,High,High,81.85641825246674,1,0,0,0
Normal,under 18,8.223631729978104,2301.236718141182,87,Moderate,High,90.0,0,0,0,0
Sensitive,25-34,8.560086836190084,1490.5650214666325,51,Moderate,Low,81.93587344360472,0,1,0,0
Sensitive,35-44,6.658343531314548,1529.9920339381229,11,High,High,67.25008605242571,1,0,1,1
Sensitive,35-44,6.420830835870787,2507.6104459071526,85,High,Medium,90.0,0,0,0,0
Normal,18-24,7.1619758810878436,3303.4295815748847,90,High,Low,77.87985204658156,1,0,0,0
Combination,35-44,7.2901095507845755,2029.8459402898682,43,High,High,70.58906359826048,1,0,1,0
Dry,55+,7.159274379160324,1681.095653570032,29,High,Low,82.51810202662598,0,0,0,1
Combination,under 18,6.913245081433609,2563.8940135558228,40,Moderate,Medium,78.76858267672137,1,0,0,0
Sensitive,18-24,7.170956002191659,1603.2701350582643,19,Low,Medium,90.0,0,0,0,0
Oily,18-24,5.6123730692820475,1774.8990541670782,11,High,Medium,63.90250717475954,1,0,1,0
Normal,under 18,7.110795151616321,2596.793267738131,32,Moderate,High,81.60415804627094,1,0,0,0
Combination,35-44,4.989267037950345,1840.086861055622,38,Moderate,Low,90.0,0,0,0,0
Combination,45-54,7.2164650291526184,1083.1471161852828,33,Moderate,Low,71.89358025727446,0,0,1,0
Dry,55+,5.749602575550391,1660.0557301319068,28,High,Medium,55.05950785365664,0,1,1,1
Sensitive,35-44,5.8060444392242525,2095.944772510824,39,Moderate,Medium,90.0,0,0,0,0
Dry,under 18,6.759160585747304,1722.3569486994818,26,Moderate,Low,83.12101505632232,1,0,0,0
Normal,25-34,7.641943939828953,2861.537358823125,25,Moderate,Medium,90.0,0,0,0,0
Combination,45-54,9.458884775112628,1038.6141139688318,10,Moderate,Low,65.17315145702874,0,1,1,0
Dry,55+,7.8656082757527095,1910.9883549680808,15,Moderate,High,57.526243709765886,1,1,1,0
Oily,18-24,7.232733014298034,1800.8584832287256,70,Moderate,Medium,79.81170759800798,1,0,0,0
Oily,35-44,7.176382944830803,2075.7036980360094,58,Moderate,High,90.0,0,0,0,0
Normal,18-24,6.131572363976615,1551.8162260874096,12,High,Low,58.956717501725514,1,0,1,1
Oily,18-24,6.326956476070774,2117.129632228383,68,Low,Medium,83.10921406305464,1,0,0,0
Dry,55+,7.898494512526396,2426.6744886700735,77,Low,Medium,73.42240511994903,0,1,1,0
Sensitive,55+,6.258714965399631,2141.922283651368,30,Low,High,83.9839514960804,1,0,0,0
Combination,18-24,8.443753887929947,2582.797447572064,60,Low,Medium,90.0,0,0,0,0
Oily,25-34,6.9117507188027165,1889.5341375301937,92,Moderate,Low,90.0,0,0,0,0
Oily,25-34,7.2866863507545885,1425.1462635512971,82,Moderate,Medium,90.0,0,0,0,0
Oily,25-34,6.709585733446738,2372.2931992365648,28,Low,Low,90.0,0,0,0,0
Combination,25-34,7.962920694165552,1864.8661978180555,1,Moderate,Medium,90.0,0,0,0,0
Normal,under 18,7.32657730163075,1587.6748298546563,85,High,Low,78.83361093701299,1,0,0,0
Sensitive,25-34,8.055238222337538,1961.0892819317635,78,High,Medium,90.0,0,0,0,0
Combination,25-34,6.586072822455793,1819.1380819533067,58,Moderate,High,80.67841088493311,1,0,0,0
Combination,25-34,6.905659199650213,1776.0611775340208,38,Low,High,83.16237936931581,1,0,0,0
Normal,under 18,7.987214554003845,1802.3582259919096,18,Moderate,High,79.02048876383151,1,0,0,0
Combination,18-24,9.389446144041072,2732.6052517406906,7,Moderate,Medium,75.65064388378534,1,0,0,0
Oily,under 18,5.662684765218243,2034.8521347146402,53,Low,High,75.17797644132997,1,0,0,0
Normal,under 18,6.024015067995707,1836.6762184056943,2,Low,High,78.63551764693746,1,0,0,0
Dry,55+,10.0,1846.2142914421004,32,Low,High,73.93678012846826,0,1,1,0
Oily,55+,7.540339055616143,2270.6606470041393,63,Moderate,High,64.22191704549752,1,0,1,0
Sensitive,18-24,5.499055941275139,1572.4522627953975,3,High,Low,59.352448107667875,1,0,1,1
Normal,18-24,5.190966442887822,1557.0146330511116,17,High,High,55.489684085913616,1,0,1,1
Sensitive,under 18,3.0,2272.291200396814,90,Low,Low,90.0,0,0,0,0
Sensitive,25-34,10.0,2073.9103695182635,71,Moderate,High,83.71182119443353,1,0,0,0
Dry,45-54,4.875596710989089,1678.6118085500261,59,Low,Low,58.94584996927419,0,1,1,1
Normal,55+,6.3116847324625045,1491.2076113933122,2,High,Low,58.43254405363177,0,1,1,0
Normal,under 18,8.290273957592735,2405.130022187667,22,Low,Medium,90.0,0,0,0,0
Combination,25-34,5.266822309273511,2362.540522223754,61,Moderate,Medium,83.00430306447335,0,0,0,1
Normal,25-34,9.290218995365898,2951.2791026147797,5,High,High,67.55941692690966,0,0,1,1
Combination,35-44,10.0,1549.0036752784013,50,High,Medium,90.0,0,0,0,0
Dry,under 18,10.0,1822.896805745606,12,Moderate,Medium,74.25023280484687,1,1,0,0
Normal,35-44,6.111301816929228,2163.5361874389228,67,High,High,76.19926531755053,1,0,0,0
Combination,35-44,6.1269079988604815,2199.522070323263,89,High,High,84.2593110944328,1,0,0,0
Sensitive,55+,5.019884218394047,1880.623698968283,6,Moderate,High,72.34981161450094,0,0,1,0
Oily,under 18,8.928373351542518,1971.469354284422,93,Low,High,75.77895087901933,1,0,0,0
Sensitive,45-54,7.212393680109824,2237.629302358656,35,High,Medium,78.72825859206486,0,0,1,1
Normal,under 18,8.75599244397649,1172.3876439052835,26,Moderate,Low,67.48668321645152,1,1,0,0
Combination,55+,7.876786077756152,1865.9304303791184,31,High,Low,76.45693280288782,0,0,1,0
Normal,55+,7.249956842967758,2529.975084881188,96,Low,Medium,76.54963336165135,0,0,1,0
Oily,25-34,5.2087200228822335,1493.6777792784553,29,Moderate,Medium,90.0,0,0,0,0
Oily,55+,4.096855060429291,1725.4205291181117,52,Moderate,Low,61.51410918680926,1,0,1,1
Oily,45-54,8.995648516568224,1939.7064057632651,32,High,High,60.62404296359618,1,0,1,1
Dry,45-54,4.989812656517821,1757.1606277124765,21,Moderate,High,66.7689815146551,1,0,1,0
Normal,under 18,4.768207444764066,1437.4069491344192,97,Low,High,90.0,0,0,0,0
Sensitive,45-54,7.58322836539557,1413.0633368469857,65,Moderate,Medium,70.68365988068686,0,1,1,0
Sensitive,55+,8.668951457804953,1964.439854584832,63,High,Low,79.01164502517784,0,0,1,0
Combination,45-54,7.128392055916788,1860.813516196053,28,Moderate,Medium,76.38201825408781,0,0,1,0
Normal,35-44,8.159271757815585,2391.579943888505,42,Low,Low,90.0,0,0,0,0
Dry,25-34,7.502581527868257,2282.394552953824,81,Low,Low,81.77622780969567,0,1,0,0
Combination,55+,6.681865495119362,2271.1015034545244,100,High,Medium,82.62038920926685,0,0,1,0
Normal,55+,6.49318333678929,2001.115811081201,79,Moderate,Medium,78.13968997835727,0,0,1,0
Combination,under 18,6.588034375950554,1771.3907303404021,87,Low,High,75.29267523239827,1,0,0,0
Sensitive,55+,5.966332303417315,2233.845051929443,20,Moderate,Medium,77.60641346473246,0,0,1,1
Normal,45-54,8.965908869220195,2585.5509858347796,63,Moderate,Medium,80.97668763848448,0,0,1,0
Sensitive,25-34,5.115151996081847,2644.601525703437,100,Moderate,Low,81.10675135100908,0,0,0,1
Sensitive,25-34,6.522762247573107,2300.366507572796,14,High,Medium,76.01722362338364,0,0,1,0
Oily,under 18,5.640677001929183,2070.9899569370027,72,Low,Medium,76.81823505582769,1,0,0,0
Oily,35-44,7.470584774345361,1257.6976040401737,100,Low,Low,79.24392800961435,0,1,0,0
Dry,18-24,7.912400749516284,2672.9675039191575,35,Low,Low,70.25708952197732,1,1,0,0
Normal,18-24,6.738028081477558,2680.0840654140065,61,Moderate,Medium,79.32274381604572,1,0,0,0
Normal,25-34,6.715459759821389,2424.7922655233087,55,High,High,90.0,0,0,0,0
Oily,55+,3.6721450510733504,3209.3888896567314,64,Low,Medium,65.990212606693,0,0,1,1
Combination,18-24,9.243187367864437,1857.6872478731605,56,High,Low,76.1885571832222,1,0,0,0
Sensitive,35-44,4.041866460034273,2144.0141841527447,95,Moderate,Low,83.36851998190527,0,0,0,1
Combination,35-44,4.834111679389364,2222.426768778744,2,Moderate,Low,80.53751884427105,0,0,0,1
Oily,45-54,7.617348578746423,1529.2984154989877,55,Moderate,Medium,61.24531874826235,1,0,1,0
Sensitive,18-24,8.681450535421567,2402.7873514030866,6,High,Medium,58.83466508782726,1,0,1,1
Normal,55+,8.463735005932845,2004.4288518344476,19,High,High,58.09659991058305,1,0,1,1
Combination,55+,4.87671389962944,2488.936136105569,5,Low,Low,62.147952096226916,0,0,1,1
Dry,45-54,6.594442901296313,1305.1099284036654,31,Low,High,64.41640129404648,1,1,1,0
Sensitive,25-34,9.028059048961488,3049.7037602512546,27,High,Medium,75.37978401273506,0,0,1,0
Sensitive,under 18,6.938127806531195,3079.560577301646,57,High,High,84.77624156838733,1,0,0,0
Sensitive,25-34,7.136972092917024,1809.7720479168245,10,High,High,62.796678109583034,1,0,1,1
Dry,45-54,6.0543123187217835,2818.541203996371,86,High,Medium,75.9397702164107,0,0,1,0
Dry,25-34,5.829784177918342,2367.634654987494,26,High,Low,63.221185615838294,0,1,1,1
Combination,55+,6.161254247411188,1769.8466187128183,73,Moderate,Medium,78.48440397338886,0,0,1,0
Sensitive,25-34,8.54537454095435,1809.981576855323,74,Low,Medium,90.0,0,0,0,0
Oily,25-34,6.39280693086956,2566.4023485874036,41,Moderate,High,78.51357826636794,1,0,0,0
Dry,55+,9.396095939832435,2322.344901642117,39,Low,Medium,78.42757288421473,0,1,0,0
Sensitive,45-54,6.0178453365640765,1744.6957503512103,22,Low,High,73.48477382818332,0,0,1,0
Oily,35-44,7.119872895610056,2160.4650309628287,51,High,Low,90.0,0,0,0,0
Oily,25-34,5.518201134790342,2361.518969789932,26,Moderate,High,83.750106320224,1,0,0,0
Oily,under 18,7.128269994459399,1142.1458406809352,15,Moderate,High,82.71283814560624,0,1,0,0
Combination,45-54,5.6066102763089045,1747.9356631741682,33,Low,High,75.39631645174131,0,0,1,1
Combination,25-34,6.890713466738418,2944.639397751998,59,High,Medium,90.0,0,0,0,0
Sensitive,25-34,7.357256959209442,1579.6140550506875,13,Low,Medium,90.0,0,0,0,0
Combination,55+,7.3309462064607445,1823.9561262730595,93,High,Medium,79.09738136075804,0,0,1,0
Combination,55+,7.487137359300313,2290.2838435178073,47,Moderate,Low,80.28889274392478,0,0,1,0
Dry,18-24,8.813845970835906,1987.856752164987,68,Moderate,Medium,72.32470352828034,1,1,0,0
Combination,35-44,9.458440791399749,2454.0113312680955,95,High,Medium,90.0,0,0,0,0
Sensitive,25-34,5.938840682781718,3104.927832874232,64,Low,High,75.00714418136809,1,0,0,1
Combination,55+,7.490491769905146,1582.4377480138824,81,Low,Low,81.42495756446515,0,0,1,0
Combination,35-44,9.479369576845633,3038.888792599222,0,Moderate,Low,90.0,0,0,0,0
Sensitive,under 18,6.95046210442066,1748.174869812202,32,Moderate,High,80.55411669361602,1,0,0,0
Oily,25-34,6.741437563819507,2357.3658637588496,93,Moderate,High,77.79635736276526,1,0,0,0
Dry,25-34,8.91678498254577,2285.2436654317867,15,High,Medium,66.50792055507397,0,1,1,0
Combination,25-34,7.152584812707655,2749.0058851522135,91,Moderate,Low,90.0,0,0,0,0
Oily,35-44,6.530745290422717,2515.4596691834536,3,Low,High,83.99227052783259,1,0,0,0
Oily,35-44,6.567905802473082,2215.5114790054467,44,High,High,73.63032261600418,0,0,1,0
Sensitive,55+,6.829656152814323,1972.0739086735946,4,Moderate,Medium,75.30691356177886,0,0,1,0
Normal,under 18,6.433920223806685,2672.4270155903473,62,High,Medium,83.21902022181754,1,0,0,0
Normal,25-34,5.900610942837197,1629.8838737256458,40,High,Low,74.4454657111955,0,0,1,0
Combination,45-54,10.0,2488.9237823271656,99,Low,High,65.40784410938227,1,0,1,0
Dry,25-34,3.4223294519604455,1717.3706303947981,25,Moderate,Medium,74.53962655880996,0,1,0,1
Normal,45-54,4.282015993656919,1524.6546532923724,52,Low,Medium,90.0,0,0,0,0
Normal,45-54,3.0,1931.5052111530288,27,Moderate,Low,81.5427410080084,0,0,1,0
Oily,18-24,5.287087271258033,2029.9526283982193,78,Low,Low,90.0,0,0,0,0
Sensitive,25-34,4.562318111676213,2041.45592658602,21,Moderate,High,69.59980580487125,1,0,0,1
Dry,25-34,6.377625582819509,2750.976482594298,61,High,High,74.95814966266457,1,1,0,0
Combination,45-54,9.117035292618437,2392.6728015051413,2,Low,High,60.303182008219586,1,0,1,0
Sensitive,55+,6.510079329008181,2992.6901976301465,92,Low,Medium,78.44570634773214,0,0,1,0
Combination,45-54,4.670447083240269,1298.2206852181687,19,Moderate,Low,49.8417296420218,0,1,1,1
Sensitive,45-54,6.874325350166403,3127.0190544605593,33,High,Low,81.18206338870935,0,0,0,1
Sensitive,35-44,6.696491639694869,1908.377378395359,74,Low,Low,90.0,0,0,0,0
Dry,55+,4.837134465832286,2472.964792635189,16,Low,Low,73.4786109870514,0,0,1,1
Oily,under 18,8.429764381494032,2394.537600699955,74,Moderate,High,76.93971246641502,1,0,0,0
Dry,25-34,6.056168990728956,1646.6466158134972,79,Moderate,Medium,77.41220911454609,0,1,0,0
Sensitive,25-34,5.060316624392544,2041.9362508804668,80,High,Medium,90.0,0,0,0,0
Combination,55+,5.379389006082247,1411.2917473753557,27,Low,Medium,66.69711736362727,0,1,1,1
Normal,55+,6.364463924633986,1755.4219124078918,97,High,Medium,90.0,0,0,0,0
Sensitive,35-44,6.193032206767067,2233.2222984201308,24,High,Low,82.83423277833253,0,0,1,0
Normal,under 18,7.1185717032254185,1855.9219847444413,88,High,Low,75.48780324144087,1,0,0,0
Sensitive,45-54,7.274519392467223,1504.236479447684,38,Low,High,76.00134892372702,1,0,1,0
Sensitive,55+,7.157917935864517,2075.301246422317,17,Low,Low,81.08446784371034,0,0,1,0
Normal,18-24,4.745429710963779,2497.8468771851813,25,Low,Medium,90.0,0,0,0,0
Oily,under 18,5.6778494421595065,2045.1548996032175,23,Moderate,Low,75.88581723055486,1,0,0,0
Oily,45-54,8.746617610802906,2462.8383788569345,61,Moderate,Medium,75.01244742175291,1,0,1,0
Sensitive,55+,7.051500082853253,1818.7504985589658,85,Moderate,Medium,90.0,0,0,0,0
Normal,18-24,8.42126786286335,2337.34748890431,99,Moderate,Medium,90.0,0,0,0,0
Normal,25-34,6.072452469933805,1602.5531764991547,0,Moderate,Medium,90.0,0,0,0,0
Sensitive,55+,3.891467227456003,2077.0159208417936,8,High,Medium,90.0,0,0,0,0
Dry,under 18,6.875953382472402,2568.0956873212713,36,High,High,62.425571555780714,1,0,1,1
Dry,55+,7.53858264022055,2667.1145970863454,20,Moderate,Medium,65.600551396496,0,1,1,0
Combination,under 18,5.9539536581257435,2569.075165483809,75,High,Low,73.00732971479971,1,0,0,1
Normal,55+,6.206625431343017,2388.798030896136,2,Moderate,Medium,76.46308201925564,0,0,1,0
Normal,55+,4.811862411203959,2117.5676496830943,90,Moderate,High,74.38314049883859,0,0,1,1
Normal,35-44,4.022968087831135,1866.4312570291227,87,Low,Low,81.31303530695378,0,0,0,1
Combination,45-54,7.66053099081687,1739.5157243844521,73,Low,Low,76.82756236096455,0,0,1,0
Normal,35-44,5.424343556866049,2423.059234647967,59,Low,Medium,90.0,0,0,0,0
Oily,25-34,6.8448058152296145,1755.2146764846643,31,Low,High,90.0,0,0,0,0
Sensitive,55+,7.062843881731415,3318.3345709727946,17,Moderate,Low,84.9482909060349,0,0,1,0
Dry,under 18,8.730254274672316,2581.2868340939203,54,High,High,75.19420482834865,1,1,0,0
Combination,45-54,7.653319478488546,2083.2426362885735,1,Low,High,79.4791417332102,0,0,1,0
Dry,45-54,3.4058765675043756,1660.5098267684339,38,Low,High,60.76610505931098,1,0,1,1
Sensitive,25-34,6.279138380196288,1062.5539679762335,43,Moderate,Medium,77.2851167104939,0,1,0,0
Combination,under 18,5.26387631467685,1009.5817645386829,3,Low,High,84.55786436235377,0,0,0,1
Normal,18-24,6.942514246453941,2409.382985424408,24,Low,High,79.86772776011284,1,0,0,0
Normal,55+,8.660161777936493,2207.3922310396206,61,High,High,72.87960800248754,0,0,1,0
Normal,35-44,5.554905488202147,1033.9674207400203,12,Moderate,Medium,84.86587151168862,0,0,0,1
Oily,25-34,4.364696950897747,1365.508711372751,52,High,Medium,61.27855289595038,1,1,0,1
Oily,25-34,5.666710452946488,1920.1257510042067,11,Moderate,Medium,74.90500639706369,1,0,0,1
Combination,18-24,5.478753672809548,2169.4879468341305,30,Moderate,Medium,75.02714673635228,1,0,0,1
Sensitive,35-44,6.65158974580079,2005.2728558705128,59,High,Medium,90.0,0,0,0,0
Oily,under 18,8.710375829006807,1409.884132899815,49,Moderate,Low,63.438514032558466,1,1,0,0
Normal,55+,7.628056867438552,1993.0133857619633,58,High,High,82.66822167912434,1,0,0,0
Sensitive,18-24,6.499770578545457,2442.62816043298,5,Low,Low,90.0,0,0,0,0
Normal,35-44,8.318521231835511,1526.754602005786,95,High,High,75.87591113485917,1,0,0,0
Sensitive,25-34,6.726759124213114,2140.605841292033,43,Low,Low,90.0,0,0,0,0
Combination,45-54,6.590489877966124,2292.510666143899,35,High,Low,65.859548284794,0,0,1,1
Dry,under 18,7.421788026865413,2916.2806201780063,69,Low,Medium,69.81356309171365,1,1,0,0
Oily,35-44,4.704581296105319,1938.7820051263013,76,High,Medium,77.81880960689699,1,0,0,0
Sensitive,35-44,5.637246232731713,2302.053727719522,15,Low,Low,90.0,0,0,0,0
Normal,35-44,4.574242164931683,2173.156355112443,50,Moderate,Medium,90.0,0,0,0,0
Combination,35-44,6.054927352977488,1632.919066939493,43,Moderate,Low,90.0,0,0,0,0
Normal,45-54,4.830252694688969,1767.462026899497,58,Low,Low,76.35077187306192,0,0,1,0
Combination,25-34,8.626750795436388,1987.4056582352603,87,Low,Low,90.0,0,0,0,0
Normal,under 18,7.941520626811712,2832.3209109831378,77,High,Medium,81.19774419602567,1,0,0,0
Combination,55+,7.395633377233864,1720.6002139688296,53,Low,Medium,76.14800865997591,0,0,1,0
Normal,18-24,7.700878322774185,1727.851926842854,83,High,Medium,90.0,0,0,0,0
Normal,18-24,6.243365975054246,1240.0536001905075,52,High,Medium,80.5714069393909,0,1,0,0
Sensitive,35-44,8.389386236626589,1806.9987121752804,56,High,Medium,90.0,0,0,0,0
Sensitive,under 18,7.273147368723793,1482.0190356966802,96,High,Low,67.30671368179951,1,1,0,0
Sensitive,35-44,7.653921444573209,1619.029380932458,75,Low,High,75.77201810151047,1,0,0,0
Oily,55+,6.7874369174472635,2438.913015619563,100,Low,Low,70.5590655704299,1,0,1,0
Normal,45-54,8.186138968348795,1988.9849637415298,53,Low,Low,84.51276964617522,0,0,1,0
Normal,55+,4.347803450939923,3496.4052850303206,21,Moderate,Low,90.0,0,0,0,0
Dry,under 18,9.618788455409703,2361.3374124441493,100,Low,Low,75.70926187710575,1,0,0,0
Sensitive,under 18,5.870194327613544,1943.2039191490176,100,Moderate,High,69.76558594918525,1,0,0,1
Combination,55+,6.184869355335224,2631.927969548194,29,High,Low,79.84315246481086,0,0,1,0
Combination,35-44,7.393754336277751,1607.9180708200836,68,Moderate,Medium,90.0,0,0,0,0
Dry,45-54,6.293867351312827,2560.5940712849524,39,Low,Low,76.84719674051526,0,1,1,0
Sensitive,25-34,9.400146770230718,2764.165781743123,32,High,High,69.5732788110532,1,0,1,0
Normal,55+,8.135548097580966,1873.6875655986817,96,High,Low,79.56835001520106,0,0,1,0
Combination,18-24,3.0,2148.580011904111,67,Low,Medium,81.19933683449932,0,0,0,1
Combination,18-24,6.99725686173385,2069.9910481606767,46,Moderate,Low,76.40360161878706,1,0,0,0
Sensitive,45-54,7.080846020549809,1336.8689190254215,67,High,Medium,84.72586976895217,0,1,0,0
Dry,55+,7.836112835276778,2316.108157015925,75,Low,Low,71.24420238876314,0,0,1,0
Oily,under 18,8.023508173089489,2473.2885017866934,79,High,Medium,75.35541933665382,1,0,0,0
Dry,45-54,7.906077467382435,1794.9852942305447,99,High,High,71.94920361757191,0,1,1,0
Normal,35-44,6.893744728125864,2045.5624336266885,25,High,Low,82.63741845575358,0,0,1,0
Combination,35-44,7.161549173659928,2499.108827985865,22,High,Low,75.00200470044045,0,0,1,0
Combination,under 18,7.965503129533737,3038.6717197849766,54,Low,Low,90.0,0,0,0,0
Dry,45-54,10.0,2039.8247913069624,71,High,Low,84.80613862542947,0,1,0,0
Oily,18-24,3.0,2618.416233063633,67,Moderate,Medium,78.47142204712213,1,0,0,1
Dry,55+,6.1894354915194185,1599.2580390844967,90,High,Low,79.58721533817528,0,0,1,0
Combination,25-34,6.4023320875159495,1776.6784765926968,8,Moderate,Medium,90.0,0,0,0,0
Normal,35-44,7.918404715158089,1220.2821104368873,79,Low,High,76.62789080579994,1,1,0,0
Sensitive,18-24,5.383418881312598,2171.579277098708,59,Moderate,High,77.20081060397065,1,0,0,0
Sensitive,55+,7.934416045619962,2320.770822468006,87,High,Medium,82.43784723893889,0,0,1,0
Oily,18-24,5.819445581600052,1510.86717536688,92,Moderate,Low,75.91452354438587,1,0,0,0
Normal,18-24,6.240047749318121,2119.9363761423624,25,Low,High,79.92311388609207,1,0,0,0
Sensitive,18-24,9.228216053908824,976.2814071146248,30,High,High,54.945179308573195,0,1,1,1
Normal,18-24,6.66890686456245,1333.660779487398,29,Low,Medium,73.89868160771621,1,1,0,0
Oily,45-54,4.521635983969766,2483.4783226724085,81,Moderate,Low,90.0,0,0,0,0
Sensitive,35-44,7.816936861749008,2224.716757973631,77,Moderate,High,90.0,0,0,0,0
Normal,18-24,8.38153875959649,1760.140551616932,44,Low,High,90.0,0,0,0,0
Oily,45-54,6.351043725499707,3092.865308361287,19,High,High,67.28691647243146,1,0,1,1
Combination,45-54,6.630143418610638,2367.5660565270455,82,Low,Medium,77.41718700213075,0,0,1,0
Normal,under 18,7.009572311444972,1075.8707349607926,43,High,High,53.05080651055222,1,1,1,0
Sensitive,under 18,3.9330564942980977,1710.5078900300477,36,High,Low,50.02231742280395,1,0,1,1
Oily,25-34,8.584151877504983,2394.145828318002,23,Moderate,High,76.73274150205971,1,0,0,0
Normal,35-44,8.37111574633605,1506.4769105318423,20,Moderate,Low,90.0,0,0,0,0
Combination,45-54,9.42380873518347,1517.5533499068079,10,High,High,90.0,0,0,0,0
Normal,35-44,7.319236598004953,1994.8238550461317,93,Moderate,Low,90.0,0,0,0,0
Sensitive,55+,6.73918926952812,2669.2960691478033,59,Moderate,Low,81.13175534117218,0,0,1,0
Dry,55+,5.942334219751059,1325.1973721440359,39,Low,High,45.91278701847802,1,1,1,1
Oily,25-34,7.029993229309629,1800.0866328567367,51,High,Medium,90.0,0,0,0,0
Normal,55+,10.0,2338.2537382199876,82,Low,Low,76.42968460393601,0,0,1,0
Dry,25-34,6.385989137172063,1471.9442154064568,68,High,Low,83.74638942681167,0,1,0,0
Sensitive,45-54,4.179567384146823,1487.3904571312835,53,Low,High,69.20720444320233,0,0,1,1
Dry,35-44,7.172412657638698,2713.6643257973847,53,Low,Medium,80.94482441381045,0,1,0,0
Dry,18-24,8.68253371358188,2114.5474158231896,46,Moderate,High,90.0,0,0,0,0
Sensitive,45-54,6.515248501446273,2134.406178206077,29,Low,High,60.36891278611432,1,0,1,0
Oily,under 18,6.222043003773136,2859.1819978819376,86,Moderate,Low,83.91266815779935,1,0,0,0
Oily,35-44,6.71621472808738,1956.8310708766367,23,Low,Medium,84.34166422049518,1,0,0,0
Sensitive,25-34,3.676266362468998,1902.282576738618,53,High,Low,81.82932793849054,0,0,0,1
Normal,25-34,8.254726206947412,1466.1387114807274,16,High,Low,69.845801712711,0,0,1,1
Combination,18-24,5.873919498260781,2396.355508866832,20,High,High,61.948648062579636,1,0,1,0
Sensitive,55+,4.78501416472292,2528.9005037709594,53,High,Medium,73.04124449183354,0,0,1,0
Combination,18-24,6.201784164740347,1805.7158897543986,76,Low,Low,90.0,0,0,0,0
Dry,55+,5.314182392311609,2189.0231302139414,38,Moderate,High,65.95116971052543,1,0,1,1
Oily,35-44,10.0,2390.748619730316,38,Moderate,Medium,90.0,0,0,0,0
Combination,25-34,5.7035721070891965,2567.810292745738,18,Moderate,High,69.9891586700492,1,0,0,1
Oily,55+,6.524980681098626,2687.2424907137797,36,Low,High,77.60936030015077,0,0,1,0
Dry,55+,8.210014603246545,528.4292172641333,90,High,Low,62.62504511685491,0,1,1,0
Normal,18-24,5.493880550567459,2472.192611417695,79,Low,Medium,73.06477742544138,1,0,0,1
Combination,18-24,7.227485908217527,1488.1220261460746,94,High,High,70.34298006409955,1,1,0,0
Sensitive,45-54,6.049615726759281,1046.8816899553099,88,Low,Medium,69.85468127018605,0,1,1,0
Dry,18-24,6.867440068710406,3105.344863007882,2,Moderate,Low,90.0,0,0,0,0
Dry,under 18,8.207400086098488,3095.2085005942117,23,Low,Medium,76.54866157630731,1,0,0,0
Sensitive,25-34,8.32359563468497,2513.739671676346,2,High,High,75.73198781929713,1,0,1,0
Combination,under 18,9.961118031617536,2188.6316296711134,41,Low,Medium,90.0,0,0,0,0
Dry,18-24,6.719159017739679,2516.328758311006,41,Low,Low,75.85959398001738,1,1,0,0
Sensitive,under 18,9.180760355682828,1760.0176786438956,75,Moderate,High,84.47672752489278,1,0,0,0
Dry,18-24,5.917646376489956,2069.42801621544,82,High,High,81.94451577430915,0,1,0,0
Normal,18-24,8.247248300397493,2399.0455243307806,47,Moderate,Low,90.0,0,0,0,0
Dry,45-54,4.863748599718601,2955.8030335316607,4,Moderate,High,63.61489690461386,0,0,1,1
Oily,25-34,6.038252605904725,1867.4675015557102,91,High,Low,81.89939621007142,1,0,0,0
Combination,under 18,5.64601846001827,3349.1644179685436,78,High,Medium,80.70839245779624,0,0,0,1
Combination,25-34,7.363106005431951,1574.5124596592175,63,Low,Medium,90.0,0,0,0,0
Sensitive,18-24,8.295885324943669,2384.5678896550166,22,High,High,64.33001969680184,1,0,1,1
Sensitive,18-24,6.718409464630174,2420.3033563916915,9,High,High,62.68688458848396,1,0,1,0
Dry,under 18,5.7620620587537035,1753.5408625253738,99,Low,Medium,84.26842448766077,1,0,0,0
Combination,45-54,3.984675018150906,1338.0244578902186,71,High,Medium,62.09357760930288,0,1,1,1
Dry,55+,9.711446208506029,2820.7143138611573,27,High,Medium,79.17979719695474,0,0,1,1
Oily,under 18,7.098682972973444,2831.465723594919,36,Moderate,High,90.0,0,0,0,0
Oily,55+,6.759888270087543,1878.294848716046,27,High,Low,68.20178501517407,1,0,1,1
Sensitive,55+,7.084765972698334,1937.5392023382174,14,Moderate,Low,83.29177490536513,0,0,1,0
Normal,35-44,6.677205514659729,2571.6990535747764,90,High,High,79.7255777703747,1,0,0,0
Combination,35-44,7.225203480934304,2356.2408822169023,76,Low,Medium,90.0,0,0,0,0
Oily,55+,8.547070787915997,2194.092897827367,75,Moderate,Medium,70.00786370582173,1,0,1,0
Sensitive,18-24,5.544593011137642,1323.5670555179806,67,Low,Low,60.280376486979335,1,1,0,1
Oily,55+,7.223170952210958,1914.3718475875328,85,Moderate,Medium,90.0,0,0,0,0
Dry,25-34,7.131087143380182,1991.9729803757068,53,Moderate,Low,82.76723871177795,0,1,0,0
Oily,45-54,10.0,1334.886872179331,28,Low,Medium,50.947455165897416,1,1,1,0
Oily,55+,4.015080595268313,2166.188416759805,32,Moderate,Medium,76.76434265062402,1,0,1,0
Combination,45-54,6.435366168117707,2158.0339348649754,4,Moderate,Medium,74.15173373171802,0,0,1,0
Sensitive,25-34,7.875824533426002,2642.052347589449,8,High,Medium,71.60176860902723,0,0,1,0
Combination,25-34,4.739161269424093,1721.6410510714186,55,Low,Medium,81.02197388688315,0,0,0,1
Sensitive,18-24,7.6431418883211455,2385.231797843613,38,Low,Low,75.838949782713,1,0,0,0
Sensitive,18-24,10.0,2477.8519855569334,75,Low,Low,83.65297285098657,1,0,0,0
Normal,25-34,6.9148171061705845,1554.7821235286692,54,Moderate,Low,90.0,0,0,0,0
Dry,35-44,6.153565220921471,1703.6485885214468,90,Moderate,Medium,84.81571475587734,0,1,0,0
Dry,under 18,7.982850442770641,2128.498722792915,48,Moderate,High,70.52085362318262,1,1,0,0
Oily,25-34,5.014525643736731,1782.0492654547836,36,High,Medium,84.87384759991512,1,0,0,0
Oily,18-24,8.31632133017713,2175.8311774870294,47,Moderate,Medium,78.41815799044046,1,0,0,0
Combination,25-34,7.852966924019156,2191.4608550286316,75,Low,High,77.80078805711284,1,0,0,0
Normal,45-54,9.43964610191329,2118.021531912185,70,Low,High,68.17895819275824,1,0,1,0
Sensitive,18-24,6.420965803193953,1542.1224794332197,39,Moderate,Low,84.86810407026128,1,0,0,0
Combination,18-24,7.374414187314568,779.647992612458,67,Low,High,90.0,0,0,0,0
Oily,25-34,6.723566497250932,1897.0800700393281,28,Moderate,Low,78.81538674705935,1,0,0,0
Dry,under 18,4.953293719574079,1535.867080672002,62,High,High,72.25472847197656,0,1,0,1
Combination,35-44,8.214486295222361,2115.355874537481,96,Moderate,Low,90.0,0,0,0,0
Normal,45-54,7.152682500560991,2153.1737669660115,63,High,Low,77.17196565803489,0,0,1,0
Sensitive,18-24,7.138941381923385,2621.431281429157,18,Moderate,Low,81.7269362783554,1,0,0,0
Sensitive,under 18,7.185143772555473,1270.8934430906247,0,Low,Low,90.0,0,0,0,0
Combination,under 18,9.445194947311617,2185.170133664423,47,Moderate,High,76.46884494662234,1,0,0,0
Oily,18-24,6.1161194038073985,1373.2991408524908,46,Low,High,79.3613798367546,1,0,0,0
Combination,under 18,7.593871331437068,1941.4139975128123,66,High,Low,79.9315901933192,1,0,0,0
Oily,25-34,9.361220179048614,1827.046359666586,8,Moderate,Medium,77.90362115634494,1,0,0,0
Oily,18-24,5.7439288154763,2447.8981091179644,27,High,Low,59.259518681118024,1,0,1,1
Sensitive,18-24,8.387922839075248,2084.325683805098,53,Low,Medium,90.0,0,0,0,0
Sensitive,45-54,8.014535571512363,1981.1564396288811,41,High,Medium,82.67060853375348,0,0,1,0
Dry,18-24,7.35079765151387,2582.4954412819616,33,High,High,76.63607855194164,0,1,0,0
Sensitive,18-24,7.937977501032255,1915.3627808336876,59,Low,Medium,82.73636237211362,1,0,0,0
Oily,under 18,9.028543818889226,817.5723136042438,68,Low,High,78.68701550460156,0,1,0,0
Oily,25-34,10.0,1147.0204525546324,100,Low,High,69.47229052640327,1,1,0,0
Oily,25-34,6.059360762841556,1979.5412324024655,58,Low,High,77.55642845301774,1,0,0,0
Oily,45-54,6.780278993907758,2503.2055200132772,78,Low,High,60.371737832036885,1,0,1,0
Dry,25-34,5.413245072084648,2130.3834087415316,92,Moderate,Medium,78.30919312111567,0,1,0,0
Oily,under 18,6.132681852670369,2147.5704896687084,28,Moderate,Low,90.0,0,0,0,0
Dry,under 18,6.902841610303185,2046.467826341489,66,Low,Low,68.97010861583458,1,1,0,0
Oily,25-34,6.175112751303482,1744.9680249519588,10,High,High,74.91975499924163,0,0,1,1
Combination,25-34,7.430908771041141,2471.857752878022,57,Low,High,84.98636435176994,1,0,0,0
Combination,under 18,6.102580998703228,1565.6162277135452,49,Moderate,Low,90.0,0,0,0,0
Normal,35-44,7.9201902485077555,1983.7480534711553,67,Low,Low,90.0,0,0,0,0
Oily,18-24,8.245747200978927,1547.1013933144263,13,Moderate,Medium,81.1027450657065,1,0,0,0
Combination,35-44,4.330841611864853,1733.497959086833,16,Low,Medium,90.0,0,0,0,0
Sensitive,45-54,5.850471086102476,1960.60579995985,34,Low,Medium,84.59017922477975,0,0,1,0
Sensitive,25-34,6.0447321785944155,2370.5084756682245,33,High,High,64.49861800818081,1,0,1,1
Oily,55+,6.567774606366226,2075.2372493869507,29,Moderate,High,78.85129375093203,1,0,0,0
Sensitive,25-34,7.2364518376614155,2097.477546206094,9,Low,Medium,90.0,0,0,0,0
Oily,18-24,6.96380633431754,2255.3003452051566,21,Moderate,Medium,75.59696830322089,1,0,0,0
Normal,under 18,5.806517299261289,2699.7089633269416,44,Moderate,Medium,84.81897148932464,0,0,0,1
Oily,45-54,6.645193924947197,1344.2254310506592,77,Moderate,High,69.98749093391127,1,0,1,0
Sensitive,25-34,7.282110035487659,1574.4097587762576,2,Low,Medium,90.0,0,0,0,0
Sensitive,25-34,7.998001801763312,3104.802788021189,66,Moderate,Medium,90.0,0,0,0,0
Normal,25-34,5.820141862663225,2166.1861666119926,71,Moderate,High,69.2930863317111,1,0,0,1
Normal,under 18,4.366741616943059,2226.9526147206734,59,Low,High,84.87323418303475,0,0,0,1
Oily,35-44,5.671429300300465,1687.5826907827588,59,Low,Low,69.393540525237,1,0,0,1
Sensitive,25-34,5.348070265240258,2366.0756130273676,73,Moderate,High,90.0,0,0,0,0
Oily,35-44,8.510956536209894,2011.6926073292539,67,Low,Low,84.26115628761427,1,0,0,0
Oily,45-54,5.70335994199642,2794.761518051931,90,Moderate,Low,75.87943242792828,1,0,0,1
Combination,under 18,5.874384808368015,918.9838500362805,45,Moderate,High,74.61192515649135,1,0,0,1
Normal,55+,7.687583514935603,1447.6126631792417,52,High,Medium,76.7489444130004,0,1,1,0
Oily,18-24,8.482913190248762,1809.4311516632906,93,Low,Medium,90.0,0,0,0,0
Oily,under 18,7.9055698608162945,2700.7501732760793,39,High,High,68.10065268352386,1,0,1,0
Sensitive,55+,5.186711703068918,1717.0314345537972,14,High,High,56.76853860631534,1,0,1,0
Normal,25-34,6.886493391014405,2768.775659517172,97,Moderate,High,82.26953703861186,1,0,0,0
Sensitive,55+,6.0124259230893315,1702.7481520254964,92,Low,Low,72.82318965790896,0,0,1,0
Combination,45-54,7.717210863333713,1711.3856371447146,48,Moderate,High,72.01364880660597,0,0,1,0
Sensitive,45-54,7.228788824346425,1224.2312895159366,58,High,Low,90.0,0,0,0,0
Dry,25-34,10.0,1326.1453848452984,73,Low,Low,80.18394947667338,0,1,0,0
Normal,35-44,6.517370944014687,1983.7594820789527,56,Low,Medium,90.0,0,0,0,0
Oily,25-34,9.869032201535195,1337.57710953363,46,High,High,69.8730038108607,0,1,1,0
Oily,35-44,9.975556203218126,2378.5884105510113,17,Moderate,Low,76.88533018622935,1,0,0,0
Normal,45-54,7.625642986634869,1507.6831564910224,24,Moderate,Medium,78.9903382351295,0,0,1,0
Normal,45-54,7.856711863057111,1638.2566887901,88,High,Medium,90.0,0,0,0,0
Combination,55+,8.899991879797618,1514.4689854461335,80,High,Medium,84.92646122199055,0,0,1,0
Dry,45-54,6.830262258315874,1722.3634559934142,91,Low,Medium,73.75979484751387,0,1,1,0
Normal,35-44,5.518715556359508,2370.659908453957,50,High,High,81.37884137614412,1,0,0,0
Oily,25-34,7.8031881211144505,2604.5050994504986,3,High,Low,84.46404039806963,1,0,0,0
Oily,55+,4.330187337687748,2532.085351170522,98,High,Low,83.8930062485548,0,0,1,0
Normal,35-44,10.0,1774.1794554115265,24,High,Medium,62.34685987874053,0,0,1,1
Oily,18-24,9.842722918163455,1868.4193639700866,11,Low,Low,90.0,0,0,0,0
Normal,45-54,4.94138539365804,1847.1837787966022,17,High,Low,71.29462996233296,0,0,1,1
Normal,under 18,8.572305951512913,1580.9117588342342,97,High,High,75.86794467949231,1,0,0,0
Normal,35-44,6.09949201149027,2296.7697161465953,61,Low,Low,90.0,0,0,0,0
Dry,under 18,7.004590175107859,2292.3114762433706,7,Moderate,High,90.0,0,0,0,0
Sensitive,55+,7.356744311137504,2239.8126597757864,31,High,Medium,62.296468149595235,0,0,1,1
Oily,45-54,6.351548221285689,2115.8654710151964,17,Low,Low,79.6969370881505,1,0,0,0
Dry,under 18,5.608940491456099,2644.2168112516943,52,Low,Low,68.9438645632321,1,1,0,0
Dry,under 18,6.048587924774029,2564.4237437746947,19,Low,Medium,90.0,0,0,0,0
Sensitive,45-54,6.649589558525702,2100.9995053786606,30,Moderate,High,75.85766189645362,0,0,1,0
Oily,35-44,6.257553173663949,1492.0022844159855,59,Moderate,Medium,90.0,0,0,0,0
Dry,45-54,4.382859418592048,1472.3379207037701,85,Low,High,56.46537483099299,1,0,1,1
Sensitive,35-44,6.514136720176118,2105.9395894144423,13,Low,Medium,90.0,0,0,0,0
Normal,18-24,8.515568969924896,1777.1212701015756,59,High,Medium,78.7538236701734,1,0,0,0
Combination,18-24,5.677058853599239,1278.6426069986437,23,Moderate,Low,80.85525693285388,1,0,0,0
Normal,25-34,7.720095426856156,2691.597257664672,97,Low,High,77.3325607401524,1,0,0,0
Normal,35-44,8.899495401934432,2354.9663740736187,64,Low,Low,90.0,0,0,0,0
Oily,25-34,7.957814975901399,2848.8118898546704,100,Low,Low,90.0,0,0,0,0
Combination,under 18,7.498122192125216,2323.0648380120856,77,High,High,90.0,0,0,0,0
Normal,35-44,6.518824207222002,1318.9783145726212,61,Low,Medium,81.52279990957437,0,1,0,0
Oily,55+,5.974226649250635,1995.4204807326723,49,High,Low,66.02593978602518,1,0,1,1
Dry,under 18,7.091178058751955,2963.1429274276966,91,High,Medium,69.30054078639769,1,1,0,0
Dry,55+,7.121915751386603,2589.421722012822,50,Moderate,High,80.54564922238214,0,0,1,0
Normal,under 18,6.347384137635526,1844.162057117383,22,High,Medium,57.85470742585254,1,0,1,1
Normal,18-24,5.006488544164828,1628.835993561714,77,Moderate,Medium,81.84152858230166,1,0,0,0
Normal,55+,7.79047208704563,2003.7800901970666,18,Moderate,High,78.17810363431734,1,0,0,0
Sensitive,55+,8.41440792984585,2090.626974172525,27,Moderate,Medium,90.0,0,0,0,0
Normal,35-44,6.471319402543387,3074.1484318934795,18,Moderate,Medium,90.0,0,0,0,0
Sensitive,35-44,6.859144646930429,2581.500484852652,13,Low,Low,90.0,0,0,0,0
Combination,45-54,6.398186190182983,2354.799739691783,37,High,Low,84.54056187013357,0,0,1,0
Oily,25-34,8.39202348872753,2104.2459852877905,50,Low,Low,79.91836512838115,1,0,0,0
Dry,45-54,3.468275615955097,2009.1262304280565,21,High,Medium,61.7437574142754,0,1,1,1
Oily,under 18,8.845690071639963,2263.740416513865,60,High,High,82.97277211522874,1,0,0,0
Dry,55+,7.66875831284387,1138.8715330212403,56,Low,High,71.02089530889448,1,1,0,0
Oily,35-44,5.919317393987412,2205.6788155757195,17,Low,Low,70.86182823070207,1,0,0,1
Sensitive,25-34,7.615574915180338,2607.333390066451,86,Low,Medium,90.0,0,0,0,0
Dry,35-44,6.782699867280859,2202.912043336907,78,High,Medium,82.90659385701785,0,1,0,0
Sensitive,25-34,7.02456136289694,1506.5286317492216,8,Low,High,81.72762160349768,1,0,0,0
Combination,under 18,3.6163130033578788,2215.5048460650382,87,High,Low,90.0,0,0,0,0
Oily,under 18,7.260920812619217,1690.9124789499156,65,Low,High,79.62233835692827,1,0,0,0
Combination,55+,4.571240415226203,2314.869757204369,16,Low,Medium,81.8801315102635,0,0,1,0
Dry,35-44,6.6011198887066715,2278.437361184073,1,Moderate,Low,90.0,0,0,0,0
Combination,under 18,9.796072795617638,929.2845598401475,19,High,High,49.130352087028285,1,1,1,1
Sensitive,25-34,5.950598786946454,1895.3121933440434,26,High,Low,73.48719899656689,0,0,1,0
Normal,under 18,9.182239261219976,1181.7984903967576,77,Low,Medium,68.79034460272435,1,1,0,0
Sensitive,45-54,9.903791538520906,2067.927950783145,49,High,Medium,80.41676886276345,0,0,1,0
Dry,18-24,6.8559990073992125,1900.9701183905468,0,Moderate,Medium,90.0,0,0,0,0
Oily,35-44,6.3456054517299565,2524.0583796345772,12,Moderate,Medium,90.0,0,0,0,0
Sensitive,under 18,5.397218868876342,2172.7070908219266,3,High,High,80.03068247225295,0,0,1,0
Combination,55+,6.4237275014395365,1618.933275742951,83,Low,Medium,82.85948080046771,0,0,1,0
Sensitive,55+,10.0,2209.52536737673,21,High,Low,80.56422765226372,0,0,1,0
Oily,25-34,7.919898316991715,2568.8883903343312,2,High,High,65.34435825505649,1,0,1,0
Dry,under 18,4.867975082022179,2876.145954561016,42,Low,High,83.40202773376325,1,0,0,0
Normal,under 18,3.236564232257386,1615.6167949807398,41,High,High,78.32419514999229,0,0,1,0
Combination,25-34,6.311452490231649,2290.861682485253,94,Low,High,81.93937491648316,1,0,0,0
Sensitive,18-24,7.328077399212232,1916.5926296508035,43,High,High,73.42617555262444,0,0,1,0
Oily,under 18,6.982003983058414,1510.988488238716,42,Low,Medium,78.14176839326308,1,0,0,0
Dry,35-44,4.75415140827374,2363.25581116803,57,High,High,83.22831709669039,1,0,0,0
Sensitive,25-34,8.040559168804277,2792.2471875785295,68,High,Low,90.0,0,0,0,0
Dry,under 18,5.814974354777188,2346.407605150461,32,Moderate,High,68.99492290035778,1,1,0,0
Normal,35-44,6.574439907452902,2595.237492596741,8,Moderate,Low,90.0,0,0,0,0
Dry,45-54,8.532944165017213,2105.604699612228,28,Moderate,High,64.13477632499563,1,0,1,0
Dry,under 18,6.49070476500102,2480.466089304131,41,High,Medium,63.250659958354824,1,1,1,0
Dry,35-44,7.9703567848848484,1657.7797989569087,75,High,Low,90.0,0,0,0,0
Combination,25-34,5.008301989780854,1855.733549659102,59,Moderate,Low,83.74942938517263,0,0,0,1
Oily,under 18,9.273120723022313,2573.243579366519,49,Low,High,76.07797757917135,1,0,0,0
Combination,45-54,5.331508795494129,1416.1212920500393,73,Moderate,Low,64.98420493121554,0,1,1,0
Oily,18-24,8.912025774519229,1432.1820476210855,25,Moderate,High,77.23147762000852,1,0,0,0
Normal,18-24,7.763942985463012,1691.964392331838,34,Moderate,Medium,84.29652026817912,1,0,0,0
Normal,55+,9.425567386782523,1614.7876004310606,73,High,High,63.91696130850945,1,0,1,0
Combination,35-44,8.715042295308741,2092.4293270301823,13,High,Low,65.26665385252403,0,0,1,1
Sensitive,45-54,7.37829228135143,1014.8457093242995,76,Low,Medium,80.07460295826961,0,0,1,0
Sensitive,under 18,3.695629970191422,1889.717029866343,100,Low,Low,72.54725518923392,1,0,0,1
Combination,18-24,7.370359095124917,1437.4010861311385,65,Moderate,High,65.44513345082211,1,1,0,0
Normal,55+,5.366959884285487,2280.7363149130665,13,High,Medium,61.97929982211984,0,0,1,1
Oily,55+,7.844281720685696,1931.1294698060365,72,Low,High,76.18921727487067,0,0,1,0
Normal,45-54,8.170302581779112,1412.8988521399267,78,High,High,56.551985257739545,1,1,1,0
Combination,25-34,6.466097624369544,2823.9388028918365,14,Low,Medium,90.0,0,0,0,0
Sensitive,45-54,7.102483194909726,2063.1562572934995,21,High,Medium,80.36874047132731,0,0,0,1
Combination,55+,10.0,1300.3289170756148,29,Moderate,Medium,75.06485569715164,0,1,0,0
Sensitive,under 18,8.194645549963166,2831.9931399040497,93,Moderate,Low,78.4774058372078,1,0,0,0
Normal,18-24,6.5127131102521805,2429.8153934274233,78,High,Medium,78.63169590304506,1,0,0,0
Normal,55+,5.526970754183643,1656.6338022163243,6,Moderate,High,66.68275980288279,1,0,1,0
Normal,18-24,7.577449624071452,2399.283336555295,86,Moderate,Medium,75.13777734358845,1,0,0,0
Normal,under 18,8.681404768609369,2784.8142934697466,48,Moderate,High,76.76188735529178,1,0,0,0
Combination,55+,6.8988301621672266,2596.8058775862937,4,Moderate,High,75.21767888181762,0,0,1,0
Oily,55+,6.486542734826276,2451.045655794134,59,Moderate,Medium,75.4476854361727,0,0,1,0
Dry,25-34,7.311233196778272,2222.838953540962,84,Low,High,71.20166263790955,1,1,0,0
Dry,18-24,7.635261811033056,1197.647495101094,24,Low,High,81.7845316020756,1,0,0,0
Dry,35-44,5.31381721170884,2051.2707199087613,74,High,High,56.68132996998408,1,1,0,1
Dry,55+,4.469081380538247,2415.605551599878,50,Moderate,Low,65.54035350189372,0,0,1,1
Combination,45-54,8.307333949432213,2163.585276438895,57,Low,Medium,84.19554849843965,0,0,1,0
Dry,18-24,5.318298980863117,2690.0694694342574,31,Moderate,Medium,73.78241581394443,1,1,0,0
Dry,55+,10.0,2073.538413722987,45,Moderate,Medium,61.78644929381978,0,1,1,0
Dry,under 18,7.765803067676854,2100.869327398022,5,Moderate,Low,76.17188979238044,1,1,0,0
Combination,45-54,7.795553783498199,1940.220621686802,35,Moderate,Medium,90.0,0,0,0,0
Dry,under 18,6.948153640234295,2452.8588002486827,70,High,Low,72.55459624746048,1,1,0,0
Oily,35-44,10.0,1299.9643827991306,41,Low,Medium,83.9663203875626,1,0,0,0
Dry,45-54,6.844281273395549,1409.769757383959,83,Low,High,66.61250169154833,1,1,1,0
Oily,25-34,9.388037347864126,1706.131015340051,47,Moderate,Medium,81.59890632475671,1,0,0,0
Combination,under 18,4.835198809321309,2319.0934994242866,16,Moderate,Low,73.27651810715369,1,0,0,1
Normal,45-54,9.616466672114667,2331.798934280381,86,Moderate,Low,82.94652307538405,0,0,1,0
Sensitive,18-24,7.307196815922876,2204.570461387997,73,High,High,90.0,0,0,0,0
Sensitive,under 18,9.122260994238331,1562.900364992925,3,High,Low,56.998371128508545,1,0,1,1
Dry,35-44,6.83222934387053,1773.6549257452334,72,Low,Low,83.16238432007532,0,1,0,0
Oily,45-54,5.248202039062434,1835.8123702915989,56,Moderate,Medium,57.220751522639645,1,0,1,1
Sensitive,under 18,8.661581643973673,2283.3010741963626,92,Low,Medium,83.27356546829098,1,0,0,0
Oily,18-24,7.966465750162301,2073.237805826659,74,Low,Medium,84.66835398546638,1,0,0,0
Sensitive,45-54,7.784985674092883,1599.7048288259473,60,Low,Low,74.07826236554767,0,0,1,0
Normal,55+,6.535735171109156,2096.0021184843386,24,High,Low,64.55557076078648,0,0,1,1
Oily,55+,7.416273788322835,2160.0939274609364,76,Low,High,70.48091011848562,1,0,1,0
Combination,18-24,6.792497076975433,1811.2882994348352,3,Moderate,Low,90.0,0,0,0,0
Sensitive,under 18,10.0,2453.3936364661995,7,High,Low,68.22384988098814,1,0,1,0
Sensitive,under 18,7.619721213928933,1883.395750896803,40,Moderate,High,80.0900444585578,1,0,0,0
Normal,45-54,6.323171759584185,1934.599703136522,56,Low,High,84.37860493360242,1,0,0,0
Dry,55+,7.439243265380025,1059.7822279684592,84,High,High,73.42125222652808,1,0,1,0
Normal,45-54,4.645915606937974,1681.558805530521,6,Moderate,Medium,72.09348662814577,0,0,1,1
Combination,35-44,7.310709155167853,1880.3634264240743,52,Low,High,78.07389603391918,1,0,0,0
Oily,55+,9.217181839149227,1258.8016065021156,54,Moderate,Medium,68.17858078634364,0,1,1,0
Sensitive,18-24,5.872981795594944,2760.045870495551,57,High,Medium,72.62555061837631,1,0,0,1
Oily,35-44,7.19667898701272,2442.4212914005793,0,High,High,58.991997897757386,1,0,1,1
Oily,18-24,10.0,1653.0977910490888,78,High,High,75.46504222443106,1,0,0,0
Dry,45-54,6.851028493311952,1863.7865495345643,39,Low,Medium,77.04434576639987,0,1,0,0
Dry,35-44,4.0681104932750864,1844.8015981220155,87,High,Low,77.4411055164296,0,1,0,0
Sensitive,under 18,8.321593281070998,2270.2947709061204,0,Moderate,Low,84.25468179244743,1,0,0,0
Normal,35-44,7.928624754082016,1812.2455096802503,4,Moderate,Medium,90.0,0,0,0,0
Sensitive,45-54,6.015854145991538,2634.6278359493103,65,Low,Low,90.0,0,0,0,0
Sensitive,35-44,6.254024280463495,2147.041019396607,39,Moderate,High,78.64022582291781,1,0,0,0
Dry,35-44,7.245002021016307,2730.858508128559,74,High,Low,76.19882716430722,0,1,0,0
Combination,18-24,8.45711853650854,1352.3706896664396,71,High,Medium,78.143270666148,0,1,0,0
Oily,35-44,5.21867024983744,2289.454909034567,2,Low,High,68.9205026332373,1,0,0,1
Oily,45-54,6.90349352893125,1772.414108023118,56,Low,High,90.0,0,0,0,0
Normal,55+,8.523441825991707,2093.7296910444556,87,Moderate,Medium,83.45842413227793,0,0,1,0
Dry,under 18,7.078686080334166,2389.9143203775247,61,Moderate,High,80.28704383768066,0,1,0,0
Combination,under 18,6.437336507584654,2784.259492736277,36,Low,Low,79.52028165914258,1,0,0,0
Combination,55+,5.817928565150488,2328.464533171044,56,High,Medium,75.66358700291859,0,0,1,1
Oily,25-34,9.150749257989768,1311.35225536395,8,Low,Low,79.29350086114154,1,0,0,0
Sensitive,under 18,6.484997236221326,2571.103696442779,13,Moderate,High,84.71922950994129,1,0,0,0
Dry,under 18,8.735866821596538,1914.2521998058803,47,Low,Low,70.24862555206215,1,1,0,0
Dry,55+,5.897993359484711,2477.9679111653813,87,High,Low,81.89947974304779,0,0,0,1
Sensitive,25-34,8.775323653872407,1417.6683257438026,79,High,Medium,90.0,0,0,0,0
Sensitive,55+,5.19412952655043,2112.6283409917996,88,High,High,67.67518123437502,1,0,1,0
Sensitive,55+,7.9440409501433376,1850.4654573849725,39,Moderate,Low,79.2463322360322,0,0,1,0
Normal,55+,8.018940729973524,1644.9316965813089,33,High,High,78.93304691267608,0,0,1,0
Dry,35-44,3.827959601389397,1788.049463833702,37,Low,High,68.28941795002956,1,1,0,1
Normal,18-24,7.094848219769652,1862.0800200517717,56,Moderate,Medium,77.285536171245,1,0,0,0
Normal,35-44,5.262095104510772,1092.1755120605912,48,High,Low,64.20540139964592,0,1,1,1
Oily,35-44,6.228866793448153,2448.827885824872,38,High,High,72.94482427257034,0,0,1,1
Oily,25-34,8.884296159120524,2593.8566920692274,34,High,High,81.01518111909147,0,0,0,1
Normal,35-44,5.77613569727717,1423.146838184818,21,Moderate,High,82.44508204865953,0,1,0,0
Normal,45-54,7.744951922469843,2317.5500057989625,73,High,Medium,81.12344417267829,0,0,1,0
Dry,25-34,7.600254407800746,992.9683628811183,18,Moderate,High,84.02828790982349,1,0,0,0
Oily,55+,5.6996731226748,1985.1556048570108,66,Moderate,High,52.16854088398666,1,0,1,1
Combination,45-54,7.730827291945641,2383.6536813012435,28,Low,Low,72.59870809575077,0,0,1,0
Sensitive,under 18,7.21638028342306,2165.391903269118,64,High,Low,90.0,0,0,0,0
Sensitive,55+,7.127298187541657,2342.8096871092416,88,Low,High,77.02190004196233,0,0,1,0
Oily,18-24,7.469298477236366,2032.8688300236438,18,High,Medium,60.82077797580256,0,0,1,1
Oily,25-34,6.597446801293929,2040.6457125212405,42,Moderate,High,76.77364039611471,1,0,0,0
Normal,35-44,7.726887068258912,2133.7376944490306,70,Low,High,75.31614437220709,1,0,0,0
Combination,35-44,7.571239627517881,2671.3609306755925,87,Moderate,High,82.19959143945154,1,0,0,0
Combination,35-44,7.397745884119881,1675.5007397634213,0,Moderate,Low,90.0,0,0,0,0
Normal,18-24,8.325410178991254,1316.9008311655411,58,Low,Medium,60.94482443880501,1,1,0,0
Dry,under 18,5.377879928891069,2167.9236323600344,33,Moderate,Low,66.92291329746152,1,1,0,0
Dry,45-54,7.774595001679868,1377.4743882480025,23,Moderate,Medium,64.05903665679972,0,1,1,0
Normal,35-44,6.425773778519875,1696.9580838901707,75,High,High,80.29362869779446,1,0,0,0
Combination,25-34,6.269985515677605,2471.7988881364727,42,High,Medium,73.6226245431329,0,0,1,0
Oily,18-24,8.059758195320878,1990.4389100731462,35,Low,Low,75.73795624113714,1,0,0,0
Dry,55+,6.181057109327608,1325.1751648899296,74,High,Low,76.09478898965276,0,1,0,0
Combination,45-54,9.130277408172923,2296.0569501424593,55,Low,High,78.36511738665057,1,0,0,0
Normal,18-24,5.939996343890289,2359.7997488124456,32,Moderate,Low,84.72784637578727,1,0,0,0
Combination,45-54,6.894664569138062,1856.4452475688286,36,Moderate,Medium,78.67101515992356,0,0,1,0
Combination,35-44,7.652817292434404,1629.2508750436375,15,Low,Medium,90.0,0,0,0,0
Sensitive,45-54,6.484365220734835,2060.730532099773,51,Low,High,71.98282939609982,0,0,1,0
Oily,35-44,6.25082321067218,2334.5426051337618,3,High,Medium,82.47676808249503,1,0,0,0
Dry,under 18,9.803599755517391,1622.8509336964287,48,Low,Low,73.09216865273255,1,1,0,0
Oily,18-24,4.502312055543934,999.1299162618692,56,High,Low,61.77969782481895,1,1,0,0
Sensitive,55+,6.774297787757527,1668.4177049369086,83,Low,Medium,71.91692696426014,0,0,1,0
Combination,35-44,7.311790751600621,2066.2988360130507,24,Low,Low,90.0,0,0,0,0
Dry,55+,4.595174730078856,1092.558085259297,9,Low,High,53.13412400740913,1,1,1,0
Sensitive,35-44,7.443899860519143,2067.7144173599786,9,Moderate,High,81.5328315181596,1,0,0,0
Normal,25-34,6.361273002450173,1171.4282074338475,65,Moderate,Medium,90.0,0,0,0,0
Sensitive,25-34,7.707086894147486,2635.9497727119715,90,Moderate,Low,90.0,0,0,0,0
Normal,under 18,7.416973660328384,1576.2630547174676,21,High,High,73.66544312462399,1,0,0,1
Normal,55+,7.066828248356727,1316.9429595331576,69,Moderate,Medium,56.6023919473957,0,1,1,0
Combination,35-44,8.586941070758188,2040.9221672647693,75,High,High,81.8983774501381,1,0,0,0
Normal,45-54,4.347764632370152,1849.6628197781588,20,High,High,80.50992474828449,1,0,0,0
Dry,under 18,7.694952265351346,1833.4761895122388,85,Low,High,79.44512181974592,0,1,0,0
Sensitive,under 18,6.586156417839739,1387.798896476364,93,Low,Low,75.82035831982117,1,0,0,0
Sensitive,35-44,7.849811480622484,1675.7653999904312,66,Moderate,Medium,90.0,0,0,0,0
Dry,35-44,3.765331934492451,1814.371314664803,95,Moderate,High,69.09121940117053,1,1,0,0
Sensitive,18-24,8.47172457335553,1806.5352767000263,67,Moderate,High,84.70939750057643,1,0,0,0
Dry,18-24,9.60697747768528,2214.4839742742583,0,High,Medium,63.38621307565038,1,0,1,0
Dry,55+,7.508137243420549,1935.8008670411955,68,Low,Low,72.80101256034307,0,0,1,0
Combination,35-44,6.897570688353564,1868.288182440248,31,Moderate,Medium,90.0,0,0,0,0
Dry,18-24,6.54659591187621,2265.4335810335742,83,Low,Medium,77.86162936932568,1,0,0,0
Combination,25-34,5.596253155314152,1462.05308563787,27,Moderate,High,70.28014181547185,1,0,0,1
Dry,55+,5.3152074236869336,3022.827273838577,81,High,Low,61.57498451125008,0,0,1,1
Combination,55+,7.79551435250587,2152.2461008400724,20,Moderate,Low,70.43562067832131,0,0,1,0
Combination,25-34,5.413727994559853,2311.6711503374145,43,Moderate,Medium,81.36777368226099,0,0,0,1
Dry,45-54,6.825142980320007,2107.084470565875,57,Moderate,High,70.43401019000439,0,0,1,0
Normal,under 18,5.535069526204666,2080.134428708788,46,High,Medium,61.683879123938,1,0,1,0
Sensitive,25-34,6.364249692690275,1617.1944214849061,48,High,Low,70.51977687196387,0,0,1,0
Normal,55+,8.101159503710873,1231.1460957349987,33,High,High,63.18489648398197,1,0,1,0
Dry,25-34,7.847164396471226,2342.243066776498,69,High,Medium,80.34755051746816,0,1,0,0
Sensitive,under 18,5.680534486673139,1589.8357694337662,1,High,Medium,55.54410603006829,1,0,1,1
Combination,18-24,6.665461478100397,2141.0181052311104,53,Moderate,Low,84.75970554082244,1,0,0,0
Normal,45-54,6.770717512278662,2216.7812300959395,41,Low,Low,90.0,0,0,0,0
Oily,18-24,9.644469478806098,1746.141615425143,31,High,High,82.47722728182379,0,0,0,1
Oily,35-44,4.427230043944869,2412.9617915153267,18,High,Low,75.63168517649088,0,0,1,0
Normal,under 18,9.524971863891295,2196.3841815255623,4,High,High,83.96646974768362,0,0,0,1
Combination,18-24,5.368376986969498,1938.0538183823996,41,Moderate,Medium,82.75074107605955,0,0,0,1
Dry,45-54,5.322214773682552,2321.427746981474,98,Moderate,Low,56.95417763892817,0,1,1,1
Normal,55+,4.973064395952348,1849.9356065859001,37,Moderate,Medium,69.96979150166135,0,0,1,1
Oily,25-34,5.4934932605591404,2063.412342567481,41,High,Low,60.15784166638217,1,0,1,1
Combination,25-34,6.4504874842933635,2088.381051625132,9,High,Low,65.214196472599,0,0,1,1
Combination,18-24,7.033525832449548,1506.6704861379449,7,Moderate,High,78.54762271221601,1,0,0,0
Normal,18-24,7.940315595293533,1975.6171740784423,99,Low,Medium,84.03719306933387,1,0,0,0
Oily,45-54,5.51720648820115,3120.4632781028963,80,High,Low,79.38608696780062,0,0,1,0
Combination,25-34,7.714645250075687,1923.3697233003472,19,Low,Low,90.0,0,0,0,0
Oily,55+,9.122806790052735,2920.9078046933037,17,Moderate,High,70.73317055253023,1,0,1,0
Normal,55+,6.781975866529172,2173.698743217381,99,High,Low,84.14974754431626,0,0,1,0
Combination,55+,5.517995772995588,1926.4036246159942,30,Low,High,62.82652580335709,1,0,1,1
Dry,45-54,6.701406169360196,2092.413516810827,25,Moderate,Low,73.2101959337981,0,0,1,0
Normal,25-34,7.499140717955515,2279.91422441403,11,Low,High,90.0,0,0,0,0
Normal,under 18,7.356463984449938,1394.6286866854177,46,High,High,66.21912430052764,0,1,1,0
Combination,35-44,5.592299341388372,1726.7961902681636,77,Moderate,Low,90.0,0,0,0,0
Dry,18-24,6.576639112115156,2525.3871452360568,41,Moderate,Medium,79.05656538255808,0,1,0,0
Oily,18-24,5.25559151972063,1821.2924759146501,38,High,High,71.8767923481366,1,0,1,0
Dry,45-54,8.429514247321075,1850.061262751694,98,High,High,72.77234641399201,1,1,0,0
Sensitive,18-24,7.690623474764236,1930.2289785360483,37,Low,Low,83.49262691841126,1,0,0,0
Dry,45-54,7.385174885987084,1885.7637280952297,11,High,High,77.08941908812221,0,0,1,1
Oily,18-24,8.00059820909253,1227.4717962967825,79,High,High,79.71708195571566,0,1,0,0
Oily,45-54,6.455031987417183,2148.286338347154,48,High,Medium,81.39536379592245,1,0,0,0
Normal,under 18,7.80054287200929,2746.476311376914,86,High,High,90.0,0,0,0,0
Dry,under 18,6.413462999701635,2739.7408809304366,85,Low,Low,63.39584046837054,1,1,0,0
Oily,35-44,6.011464260010494,2664.3232057723217,19,Low,Medium,78.73964694152085,1,0,0,0
Sensitive,under 18,8.226200690047559,1543.2707101838887,38,High,High,69.79888831603199,1,0,0,1
Normal,45-54,7.460558855877733,1974.3820822339042,11,High,Low,67.92342399771343,0,0,1,1
Oily,under 18,7.938376890512501,1888.3642057833451,30,High,Low,69.7180234291922,1,0,1,1
Combination,35-44,6.539130661507403,2684.5472913814256,3,Moderate,Low,90.0,0,0,0,0
Combination,45-54,6.851918658316491,2413.211162095883,60,Moderate,Medium,90.0,0,0,0,0
Sensitive,35-44,6.661972772433701,2833.331629613762,44,High,Low,72.10505008850036,0,0,1,0
Sensitive,18-24,5.98249805599676,1692.9282343764075,28,Low,Medium,82.91032432633102,1,0,0,0
Dry,55+,9.286775771673854,1777.5268045523735,63,High,High,66.53034710363582,1,1,1,0
Sensitive,under 18,9.401611459246588,2445.9202897974064,24,High,High,77.28513865129841,1,0,0,0
Sensitive,under 18,6.76802544015875,1093.3532639914206,1,Moderate,High,67.60108762369713,1,1,0,0
Sensitive,35-44,6.971022543592246,2050.8150267667124,87,High,Low,90.0,0,0,0,0
Dry,18-24,8.750826599956559,2794.223588120056,27,High,Medium,52.39623345864715,0,1,1,1
Oily,25-34,5.9725192312843784,2400.5908819940914,83,Low,High,82.50352828334229,1,0,0,0
Dry,under 18,8.148103234020024,2536.7063512052227,96,Moderate,Medium,77.21683811464011,1,0,0,0
Normal,55+,7.748034868203317,1028.751154519115,67,High,Low,68.46328723648433,0,1,1,0
Oily,45-54,6.76686635120836,1422.1462125415424,63,Low,Low,62.72190533448198,1,1,0,0
Combination,45-54,6.696091340622889,2490.002118066947,43,High,Medium,70.01595759351551,0,0,1,0
Oily,18-24,7.457726253812459,2574.0454331987166,79,Low,High,77.1827699971254,1,0,0,0
Dry,25-34,7.512630881070309,1350.8370301655486,66,Low,Low,79.5733902185564,0,1,0,0
Dry,45-54,3.2187294901408983,2074.404380839795,90,Moderate,Low,72.19352500360763,0,1,1,0
Oily,under 18,6.679110300473252,1511.527130309059,33,High,Low,63.04346444052756,1,0,1,1
Sensitive,55+,4.449059125522933,1632.6283932636454,61,High,Medium,90.0,0,0,0,0
Oily,18-24,6.708262772702836,2332.938911853195,4,Moderate,Low,90.0,0,0,0,0
Combination,25-34,7.28294662235197,2804.0336235863642,21,High,Medium,84.44025414565635,0,0,1,0
Normal,25-34,5.446593915931908,2440.529446028717,0,High,Low,83.73469346019428,0,0,0,1
Oily,25-34,7.070948114693092,2347.3345620592922,56,Low,High,90.0,0,0,0,0
Combination,55+,6.345227705101685,2535.840186945295,27,High,Medium,78.31831137298823,0,0,1,1
Combination,35-44,7.442837137517865,1660.2775075411253,3,Low,Medium,90.0,0,0,0,0
Oily,under 18,6.981963956630218,1880.2220705314503,66,High,Low,77.51657657160348,1,0,0,0
Combination,25-34,7.73376752595669,1410.1116253127457,43,High,High,75.90233100517062,0,1,0,0
Sensitive,45-54,6.9559724468264585,2197.6536263246653,31,Moderate,High,56.18665433542936,1,0,1,0
Dry,35-44,7.04953496078955,2673.470622194498,57,Low,Medium,83.01595402582974,0,1,0,0
Combination,55+,8.161034161106578,1996.2596016296268,87,Moderate,Medium,72.28600611165884,0,0,1,0
Combination,55+,7.32503364624651,2147.8327757409998,52,Moderate,Low,90.0,0,0,0,0
Oily,under 18,7.6049494062502365,1087.1710021676959,11,High,Medium,56.92720054635344,1,1,1,1
Combination,55+,6.547710556345979,1257.7804659032868,16,High,Low,54.62315237721377,0,1,1,1
Normal,18-24,8.91742142118923,1969.575239998536,68,Moderate,High,84.44645204079889,1,0,0,0
Normal,25-34,6.7099885754805655,2448.3986660166174,86,High,Medium,90.0,0,0,0,0
Oily,45-54,7.633487196174812,1435.6827428103966,24,Moderate,Low,60.351148462693864,1,0,1,0
Oily,45-54,6.893641956208946,1832.4165133868075,14,Low,Low,59.69442196777864,1,0,1,0
Oily,18-24,4.383200667090919,1654.8618833813975,35,High,High,62.86116351560081,0,0,1,1
Oily,under 18,6.724689516975301,1942.5245342540786,88,Moderate,Low,75.72047445398476,1,0,0,0
Combination,55+,4.776652864484037,2575.832791523738,84,High,Medium,75.16870730112127,0,0,1,1
Combination,25-34,6.846845411662842,2018.7765383302815,36,High,High,52.95175456967445,1,0,1,1
Sensitive,55+,7.600962457509755,1605.9618730481643,89,Moderate,Medium,90.0,0,0,0,0
Combination,18-24,7.684533959699045,1816.4626769909084,64,Low,Low,90.0,0,0,0,0
Oily,55+,5.655121689029213,2286.7237466776996,57,Low,Medium,63.743652009281774,1,0,1,0
Dry,18-24,9.237510788202712,2362.414686742916,40,High,Low,46.009188631654595,1,1,1,0
Normal,45-54,8.384466347710646,1739.6846967188505,62,High,Low,74.74725985688242,0,0,1,0
Oily,under 18,4.603570406247315,2745.068761049921,11,Moderate,Low,75.34044258699245,1,0,0,0
Normal,25-34,10.0,2771.403386884841,81,High,Medium,90.0,0,0,0,0
Sensitive,35-44,6.496321091530375,1422.6828306355778,9,High,High,57.161782618724445,0,1,1,0
Combination,under 18,5.4014759532706496,1158.1337161929757,89,Moderate,Low,63.085575857585425,1,1,0,0
Combination,18-24,6.838932072384932,2802.8389790412275,100,High,Low,80.16606754295663,1,0,0,0
Normal,35-44,6.7875060521916355,2151.1614501741374,91,Moderate,Medium,90.0,0,0,0,0
Sensitive,45-54,9.063395446456312,1797.9523440838002,71,Low,High,78.78165995121819,0,0,1,0
Combination,35-44,10.0,2996.0472037487266,35,High,Medium,71.20644670705418,0,0,1,1
Normal,18-24,6.803332991979276,1711.2328679903935,93,High,Low,76.34695336312751,1,0,0,0
Sensitive,under 18,8.04585706958547,1826.237528740571,86,High,High,90.0,0,0,0,0
Oily,35-44,5.265167174398996,2640.61932676149,93,High,Low,84.61966707182316,0,0,0,1
Sensitive,25-34,8.82467108091562,2077.7558018817804,32,Moderate,High,75.32163306302793,1,0,0,0
Normal,45-54,5.105702869407733,1385.236874391307,30,Low,High,49.10201713094601,1,0,1,1
Normal,45-54,7.160843932628729,1750.064482747484,83,Moderate,High,74.17581971707507,0,0,1,0
Sensitive,25-34,6.488360601787588,2510.9815775300017,71,High,High,84.9526813584189,1,0,0,0
Sensitive,45-54,8.099768976133836,2689.0713402488063,71,Low,High,79.98498529962211,0,0,1,0
Oily,18-24,5.514065164934113,1828.404215656644,11,High,High,69.26550908660727,1,0,1,0
Sensitive,45-54,8.138472543190169,2224.0391705064458,74,Low,High,73.71529912772412,1,0,1,0
Sensitive,25-34,9.298570573881433,2210.2683529520345,92,Low,High,76.71055253065445,1,0,0,0
Combination,35-44,9.772163656158328,2270.0089008615705,8,Moderate,Medium,90.0,0,0,0,0
Sensitive,55+,8.59325117138299,1838.2425266077714,67,Low,Low,84.98254230293163,0,0,1,0
Oily,18-24,7.021430817825983,2455.4722019197375,87,High,Medium,90.0,0,0,0,0
Normal,under 18,9.419467255889582,2364.6184746553763,57,Low,Low,77.2328792467139,1,0,0,0
Normal,55+,6.875242342098071,2688.667514764171,65,High,Medium,74.4242689277552,0,0,1,0
Sensitive,45-54,3.7120320155801787,1288.8827492465632,28,Low,Low,61.61603365779977,0,1,1,1
Dry,25-34,8.022451335502584,2007.0541781265624,64,Moderate,High,80.64805965932399,0,1,0,0
Combination,45-54,7.908270476686248,2032.203761215971,56,Moderate,High,84.11102229515961,0,0,1,0
Sensitive,25-34,7.856418541905809,1592.7985895034046,86,Moderate,Medium,90.0,0,0,0,0
Sensitive,25-34,7.855729129119537,2497.207264103792,56,Low,Medium,90.0,0,0,0,0
Sensitive,35-44,8.830825905896848,3006.7771473243497,46,High,Medium,90.0,0,0,0,0
Normal,45-54,7.36614766525358,2136.9555434235895,20,High,Low,68.32333802564578,0,0,1,1
Oily,under 18,4.715241303739228,1734.2942994307875,24,Moderate,Medium,77.45203955850263,1,0,0,0
Sensitive,18-24,6.710376888990081,2525.1597761381777,50,High,Low,90.0,0,0,0,0
Dry,55+,6.083498313865556,2398.1700098744163,49,High,Medium,63.82017536011145,0,1,1,0
Dry,under 18,6.99756742455493,1911.415942442619,78,High,Low,72.80643094114623,1,1,0,0
Oily,55+,7.373340953699884,1804.4218138735787,48,Low,Medium,82.80043263204811,0,0,1,0
Dry,25-34,6.3564441278610015,1147.607047104943,59,Moderate,High,73.19848348757252,1,1,0,0
Sensitive,55+,6.628068689008166,1760.0159269256367,73,High,Low,90.0,0,0,0,0
Combination,18-24,6.226028515976381,2208.4365312950204,51,High,Medium,82.91133976026457,1,0,0,0
Dry,35-44,7.987947929185765,2116.097252321164,55,Low,Low,83.70481527228291,0,1,0,0
Normal,25-34,8.493122785674212,2287.7809629151825,89,Moderate,Low,90.0,0,0,0,0
Normal,18-24,6.557415715291537,1768.5718571428101,59,Low,Low,83.23286122186195,1,0,0,0
Combination,45-54,7.469233355150269,2286.8835549509504,26,Low,Low,81.55858292608029,0,0,1,0
Sensitive,55+,9.096766460547247,2595.586522470048,89,High,Low,90.0,0,0,0,0
Normal,25-34,6.187790490239246,1948.9968599363692,18,High,Low,71.55827324457138,0,0,1,0
Sensitive,under 18,8.006526707376654,2533.9988890294862,34,Low,Low,90.0,0,0,0,0
Dry,55+,8.408454203057188,1968.0610835843268,15,High,High,60.50121936719821,1,0,1,1
Combination,55+,5.118966021357226,1500.5318118772043,62,High,High,67.2364428137048,1,0,1,1
Combination,55+,7.408950271479122,2171.112789712173,86,Low,Medium,76.42949745147767,0,0,1,0
Sensitive,45-54,5.351980939848422,2022.2848054446358,2,High,High,63.24145712927969,1,0,1,1
Oily,25-34,7.946836535457675,1424.3866712464278,62,High,High,76.20200172821853,1,1,0,0
Combination,under 18,8.657495802706622,1811.2344257200875,41,Low,High,90.0,0,0,0,0
Sensitive,18-24,8.886419668864976,1733.2737771120499,82,High,Medium,81.37340459102836,1,0,0,0
Dry,25-34,5.460061775673731,1770.9315050791402,92,Low,High,69.41794594290131,1,1,0,1
Normal,35-44,6.85727781538402,1805.7600466142596,86,High,High,78.22280457532206,1,0,0,0
Oily,55+,6.67599786764033,2166.9825748380954,47,Low,Low,79.38803612170061,0,0,1,0
Normal,55+,6.743230945305401,1966.9438030239965,53,Moderate,Medium,74.78596996311678,0,0,1,0
Oily,18-24,4.436160401196106,2195.8490080052366,42,Low,Medium,68.61045005813966,1,0,0,1
Oily,35-44,6.866195053462498,2805.1464902414355,82,Moderate,Low,80.0578770475424,1,0,0,0
Sensitive,under 18,5.590652249119063,1095.8523357502427,38,High,High,64.85199312343673,1,0,1,0
Oily,18-24,7.927102740895063,2173.2635091565003,67,Moderate,Low,76.43483709769676,1,0,0,0
Sensitive,18-24,5.487350469203282,1235.1255224979543,19,Low,Medium,70.93149322991147,1,0,0,1
Normal,55+,9.306095096026436,2707.055195303391,53,Low,High,69.51367718371371,1,0,1,0
Dry,45-54,3.2688148619408057,1770.8884853717495,72,Moderate,Medium,59.467673529253524,0,1,1,1
Sensitive,under 18,9.496288082175848,1761.9687211110665,65,Moderate,Low,90.0,0,0,0,0
Dry,55+,6.264081648960021,1858.6203361853159,11,Low,High,65.25035712837582,0,1,1,0
Dry,55+,5.318654539347762,1147.6121278859778,95,Low,Medium,56.78457704745371,0,1,1,1
Dry,25-34,8.578820966102123,1078.531546876162,64,Moderate,Medium,79.01610478910145,0,1,0,0
Oily,35-44,7.370907178163134,2443.289746378825,85,Moderate,Low,79.19739692480546,1,0,0,0
Oily,45-54,4.823160551648263,1537.8657987024642,1,Moderate,High,65.8123023978538,1,0,1,1
Dry,35-44,8.819768782587385,2266.4458601135198,39,Moderate,Medium,79.4237951273793,0,1,0,0
Normal,55+,6.074071439681669,2601.1245016805856,88,Low,High,62.334283923124715,1,0,1,0
Oily,35-44,8.809803585181454,2134.5263465078538,55,Low,High,79.00529882328007,1,0,0,0
Sensitive,under 18,5.649759658189506,1793.2756482641023,53,Moderate,High,75.80531856821923,1,0,0,1
Combination,25-34,7.429580115933085,1905.7025854262558,96,Moderate,Low,90.0,0,0,0,0
Combination,35-44,8.408435767352277,1235.112959945332,55,High,Medium,90.0,0,0,0,0
Sensitive,18-24,4.758604706400642,2090.4355557412164,88,Low,High,79.50897687061257,1,0,0,0
Combination,18-24,6.262683379289643,1686.4756926511295,64,High,Low,81.11008923972076,1,0,0,0
Combination,under 18,4.347914921238404,2009.772922399091,70,Low,Medium,68.84799690185277,1,0,0,1
Normal,45-54,6.9208673379988515,2326.7394909758705,96,High,High,81.31732614912598,0,0,1,0
Combination,25-34,7.103359199681458,1933.6979608797517,5,High,Medium,68.740098521087,0,0,1,1
Combination,under 18,8.765500955185505,1343.766348275725,19,Low,Low,67.5628523502604,1,1,0,0
Combination,35-44,7.804583828271364,1164.4264176023257,77,High,Low,90.0,0,0,0,0
Dry,25-34,5.742457179998788,1393.671433688343,99,Low,Medium,83.350116827458,0,0,0,1
Oily,18-24,8.172913803177877,1967.294883202303,13,High,Medium,65.59705459717017,1,0,1,1
Combination,25-34,6.9797451331105345,1446.6335061352745,53,High,Medium,84.993082292027,0,1,0,0
Combination,45-54,6.5504597561006666,1618.2673483454441,7,Low,Medium,78.3805584598849,0,0,1,0
Sensitive,35-44,7.575182522281324,1504.4544323341931,94,High,Low,90.0,0,0,0,0
Oily,35-44,8.994691547807614,1162.2097751879528,10,Low,Low,75.14987038414488,0,1,0,0
Dry,55+,5.790220251315158,2838.600254983048,73,High,Medium,54.44705521558647,0,1,1,1
Oily,55+,6.347291878056948,1342.560667797794,72,High,Low,75.44960445641414,0,1,1,0
Dry,25-34,7.328607343806503,1762.3038788927288,16,High,Medium,70.80679878160429,0,1,0,1
Combination,55+,5.7461946165725415,1452.0645946006412,0,Low,Low,60.29867964740314,0,1,1,0
Oily,under 18,10.0,1874.2240499079319,23,Moderate,Medium,84.05323103345123,1,0,0,0
Normal,under 18,4.111648959500684,2746.8548795027673,47,High,Low,53.03700254216193,1,0,1,1
Oily,18-24,7.916606357665856,1616.7667844901061,51,High,High,76.22912814049113,1,0,0,0
Combination,under 18,5.600321366970787,2336.736398079115,73,Low,High,76.89440603605541,1,0,0,0
Normal,35-44,6.629622508765818,1037.0110907774492,68,Moderate,Low,77.05046626476465,0,1,0,0
Sensitive,under 18,9.680859946907002,1783.0047688920215,61,Low,High,90.0,0,0,0,0
Combination,45-54,9.24335760472364,2639.2174789828578,18,High,Low,64.48374528194846,0,0,1,1
Combination,under 18,5.498485683275779,2516.5949321815738,62,High,Low,78.06269021649167,1,0,0,1
Dry,under 18,6.022836175204478,1066.649706598029,97,Low,Medium,83.36806617962417,1,0,0,0
Normal,25-34,6.363102750966786,2198.8187508881397,5,High,Low,64.21623141644025,0,0,1,1
Sensitive,35-44,6.3058950280054935,1846.4758295374493,46,High,High,70.34148534933436,1,0,1,0
Sensitive,35-44,8.71534906739292,2053.246990145046,13,Low,High,75.5274157984822,1,0,0,0
Dry,35-44,5.7350525330725715,2351.015161833663,100,High,Low,68.52994792731721,0,1,0,1
Normal,25-34,7.2965133504313675,739.1975992689786,9,Moderate,Medium,84.06697599828107,0,1,0,0
Oily,under 18,7.642529370657173,2195.9143538580506,70,Moderate,Low,84.36527613237185,1,0,0,0
Oily,under 18,7.03018169437129,2445.8502905347877,85,High,Low,77.89544398746864,1,0,0,0
Dry,55+,5.991409623510247,2168.2498944104505,78,High,Low,90.0,0,0,0,0
Normal,35-44,4.649560943248971,2203.545191699416,74,High,Low,90.0,0,0,0,0
Dry,18-24,9.929589543309845,1502.5718237662295,14,Moderate,High,70.64629940270741,1,1,0,0
Normal,under 18,5.860296802018337,1644.992278554224,2,High,High,66.0199564403236,1,0,1,0
Combination,25-34,7.194997338702393,1468.4818635731408,3,Moderate,Low,90.0,0,0,0,0
Dry,under 18,7.63187106803647,2423.4199727345826,27,Moderate,Low,80.95051789387887,1,0,0,0
Oily,55+,7.801520820180676,1115.7922871809637,71,Low,Medium,80.92930206359664,0,1,0,0
Normal,55+,8.49275149773791,2468.68370712684,9,High,High,74.77403027007749,1,0,0,1
Combination,35-44,8.245242058519457,2186.4211243279124,72,Moderate,Medium,90.0,0,0,0,0
Combination,45-54,7.330283971307699,2516.1946990631986,45,Low,Medium,90.0,0,0,0,0
Combination,45-54,9.885270231405181,1523.479768317575,4,Moderate,Low,78.1489970986982,0,0,1,0
Combination,35-44,8.617188093692157,1956.8914509962735,55,High,High,90.0,0,0,0,0
Normal,55+,6.805490421957099,1231.7346548089808,69,Moderate,High,73.95627377812077,1,0,1,0
Dry,55+,6.572815885726907,1501.3675210157924,79,High,Low,71.05130927345961,0,0,1,0
Sensitive,35-44,6.304218355741082,1450.906808110925,22,Moderate,Low,78.7289924522002,0,1,0,0
Combination,35-44,6.32663741903049,1796.9448214882984,51,Moderate,High,90.0,0,0,0,0
Normal,25-34,7.1451323776582,1192.6250688543346,24,Low,Low,76.43319428211512,0,1,0,0
Combination,35-44,4.831722778382015,2180.957135365263,17,High,High,58.02202684108608,1,0,1,1
Oily,18-24,5.803842824394851,2537.264895114966,100,High,Medium,80.21342559203191,0,0,0,1
Oily,under 18,7.33790458302257,2303.381075103204,97,Moderate,Medium,90.0,0,0,0,0
Normal,35-44,9.116038480631342,1845.1445940967137,55,Low,Low,90.0,0,0,0,0
Combination,45-54,6.138269941875587,2435.8512927994066,66,Low,Medium,78.99969057633028,0,0,1,0
Normal,45-54,7.764270345894529,1906.3348450893495,80,High,Medium,84.31040795986326,0,0,1,0
Sensitive,25-34,9.087186950433914,1893.8778450800346,48,Low,Medium,90.0,0,0,0,0
Sensitive,55+,7.049160456333672,2010.6113254171291,37,Low,Low,90.0,0,0,0,0
Combination,35-44,5.598109157652294,2038.7926947431954,16,Low,Low,84.26241173139627,0,0,0,1
Dry,25-34,9.095140266097737,2222.484157688088,22,Low,Medium,90.0,0,0,0,0
Sensitive,under 18,7.046595139598397,1919.1163594171655,0,High,Medium,58.509062751138174,1,0,1,1
Oily,25-34,7.496300542609527,2374.8833142445924,7,Moderate,Low,90.0,0,0,0,0
Combination,55+,7.913858246334629,1834.0675690890105,29,Moderate,Low,82.1737328113252,0,0,1,0
Oily,45-54,7.4871723911651715,2239.9698705741393,34,Moderate,Medium,72.5601845282678,0,0,1,0
Dry,25-34,5.489207518709533,2084.115270591847,84,Low,Low,81.44446089403408,0,0,0,1
Oily,45-54,3.758044170546457,2241.2668549105924,10,Low,High,64.87329376887352,0,0,1,1
Combination,55+,7.990514581844023,2373.7730628932295,82,Low,Medium,72.88831689543868,0,0,1,0
Normal,35-44,6.407429721745649,2154.523417512017,65,Low,Medium,90.0,0,0,0,0
Dry,55+,9.13593076831175,2706.8848241456294,81,Moderate,Medium,70.00403145560405,0,1,1,0
Dry,under 18,6.956240951160159,2069.65981536478,14,Moderate,High,90.0,0,0,0,0
Sensitive,45-54,8.66636671710165,1249.5989923689126,72,High,High,51.873445084245255,1,1,1,0
Dry,25-34,6.515386385984463,2667.7852277683783,20,Moderate,Medium,79.80681711641276,0,1,0,0
Normal,35-44,8.46280081252715,2184.6318888249525,27,High,Medium,69.01641978699209,0,0,1,1
Combination,18-24,4.741251392004069,1975.044883479419,53,Low,High,73.79610703700462,1,0,0,1
Sensitive,55+,6.1151269056251,2165.519451408607,19,Moderate,Medium,82.21480878499207,0,0,1,0
Combination,18-24,5.785979972807679,1487.1383025126963,41,Low,Low,56.07216337800145,1,1,0,1
Dry,25-34,3.9027020834745376,2610.9023424883508,43,Moderate,Low,72.36869102223912,0,1,0,1
Oily,25-34,6.400344232835414,2078.5728918512673,56,Moderate,Medium,75.84918302455071,1,0,0,0
Oily,45-54,6.9966428252887285,1466.2830335197505,16,High,High,52.8853789851668,1,1,1,0
Sensitive,25-34,5.11140263282771,1497.3424370013822,26,Low,High,66.78045058530574,1,1,0,1
Dry,35-44,5.915247341755911,2183.3031235069025,16,Low,High,74.78135556207155,1,0,0,1
Combination,18-24,5.806423504719083,2873.245315797311,0,High,Low,80.83955575652695,0,0,1,0
Dry,45-54,8.540726553839727,2404.179774832854,100,High,Medium,72.40641373357269,0,1,1,0
Dry,18-24,6.820511646290274,2757.140367860242,8,High,High,66.19560843037739,1,0,1,1
Normal,35-44,6.6729915533183135,1984.3692929228769,21,High,Medium,77.98895239511612,0,0,1,0
Oily,55+,7.254961809623904,2350.911520271672,26,High,Medium,76.00524498190718,0,0,1,0
Normal,55+,7.955362118504478,1762.4373607776984,45,High,High,71.71298217980996,1,0,1,0
Sensitive,45-54,6.200509420861069,2319.951478576042,51,Low,High,76.91002064327517,1,0,0,0
Combination,45-54,8.07285487583685,1803.3244375885636,75,Low,Medium,81.73974426951135,0,0,1,0
Sensitive,18-24,4.619217895482319,1896.3419519958777,65,Low,Medium,79.16628503296633,1,0,0,0
Dry,18-24,7.935288698238788,2902.7084232098905,15,Low,Low,81.78506990790079,0,1,0,0
Normal,under 18,5.2030630564890075,1786.7143735847133,56,Low,Medium,69.48319758560064,1,0,0,1
Normal,18-24,6.415894657711935,2677.9026697157506,50,High,Medium,80.28401354528538,1,0,0,0
Sensitive,25-34,6.947587749312051,1546.3367203138673,0,Moderate,Low,90.0,0,0,0,0
Dry,35-44,7.838042924382728,1797.6807399795268,49,Moderate,Medium,84.96268170533999,0,1,0,0
Sensitive,35-44,5.163419089963068,1553.6133463619246,91,Low,Low,82.25187857253478,0,0,0,1
Dry,under 18,9.60106293163393,2192.104610824731,23,High,High,59.61027432397427,1,1,1,1
Normal,25-34,7.161640083178814,1875.053132093977,97,Moderate,Low,90.0,0,0,0,0
Sensitive,25-34,7.438223263178198,2140.1179730012473,90,Low,High,90.0,0,0,0,0
Oily,25-34,7.4382532423109895,2057.4225451388766,92,Moderate,High,76.61472764381105,1,0,0,0
Normal,18-24,8.303197507458323,2011.5521730003654,84,Low,Medium,75.33377659342493,1,0,0,0
Oily,25-34,5.533091746671042,1693.788554549566,69,Moderate,Low,90.0,0,0,0,0
Combination,18-24,4.031471959765431,3013.4085580211963,43,High,High,76.56367557962548,0,0,1,0
Normal,55+,8.29413188792903,1584.9647524353816,39,Moderate,Medium,90.0,0,0,0,0
Combination,18-24,6.57723272590435,1681.5617628967834,15,Low,Medium,80.32317455430848,1,0,0,0
Oily,35-44,9.313820817061176,1290.0614178645355,96,High,Low,65.00394060447047,1,1,0,0
Combination,55+,7.171714088228169,1945.736078717576,67,Low,Low,74.10082898981304,0,0,1,0
Normal,25-34,8.240257946063672,1947.9953861376525,46,High,High,69.03236406872779,1,0,1,0
Oily,45-54,4.362686685016847,1874.4410826787796,31,Moderate,High,57.98844682279446,1,0,1,0
Sensitive,25-34,5.541756673085013,2039.7897732782803,73,Moderate,Low,82.69392008231321,0,0,0,1
Normal,35-44,9.15126555478049,1130.287377883861,60,Moderate,Medium,81.39119961944871,0,1,0,0
Normal,35-44,5.7996658969001444,1723.6535231082514,9,Low,Medium,90.0,0,0,0,0
Combination,45-54,6.427553356880183,2370.062832052622,9,High,Medium,62.98995053263921,0,0,1,1
Normal,25-34,6.739683373657919,2207.9013628602224,22,Moderate,Medium,90.0,0,0,0,0
Dry,18-24,6.061340434402336,2114.962172708969,25,High,High,71.3389618729777,0,1,0,1
Oily,under 18,8.166696446316573,1633.8502251314558,28,High,Low,79.74310182280709,1,0,0,0
Dry,35-44,8.172037179709772,2026.1863843637843,32,Moderate,High,90.0,0,0,0,0
Normal,45-54,8.56819036072338,1899.2900499615132,1,Low,Low,77.13138290299912,0,0,1,0
Sensitive,under 18,7.571866982743148,1979.696884160735,49,Moderate,Medium,84.81451829434438,1,0,0,0
Normal,45-54,6.8556816069391315,2129.465214112845,11,Moderate,Medium,75.07779170697881,0,0,1,0
Oily,35-44,7.805211203837356,1375.2175440379974,58,High,High,71.52186042003521,1,1,0,0
Oily,45-54,9.150450413226817,1070.1684797251007,86,Moderate,Low,90.0,0,0,0,0
Dry,35-44,5.972781835391656,1952.8654646175496,39,Low,High,69.8214550407669,0,1,0,1
Dry,25-34,7.618533953628922,2788.0862638706894,46,High,Medium,75.31593694939806,0,0,1,0
Combination,55+,4.212562767662339,1746.1529358051448,56,High,Low,82.66547448906627,0,0,0,1
Oily,under 18,3.809749768301102,2015.8109869551238,87,Moderate,Medium,75.66161389774787,1,0,0,1
Dry,55+,7.407525376750046,2795.3978710856263,23,High,Medium,78.6398419915166,0,0,1,0
Normal,45-54,7.180952141340181,2522.01256472119,88,High,High,80.79899007422293,1,0,0,0
Normal,25-34,7.8757556223085885,1782.3759014974157,86,High,Medium,90.0,0,0,0,0
Dry,25-34,4.8865588798119415,2137.5011491459054,64,Moderate,Medium,70.35470326728588,0,1,0,1
Dry,55+,4.761846974281954,2647.603536334822,24,Moderate,Medium,82.4767566417144,0,0,1,0
Sensitive,35-44,6.756906846944764,2597.5887057557084,63,High,Medium,90.0,0,0,0,0
Combination,45-54,6.279678348801401,2134.425393200496,50,Moderate,High,69.78033858654251,1,0,1,0
Combination,45-54,7.314023286002033,1977.4779409945381,81,Moderate,Medium,79.76694289368578,0,0,1,0
Dry,25-34,6.351010729905112,2196.2280092352603,56,Moderate,Medium,77.83098886620058,0,1,0,0
Dry,25-34,5.610755104775188,1395.2823355204705,3,Moderate,Low,75.50767839230572,0,1,0,1
Combination,55+,8.864240339990241,2363.5839944460504,95,High,High,67.33457649304421,1,0,1,0
Oily,18-24,7.09883741290336,2832.5711912718907,56,Moderate,Medium,75.58150991555019,1,0,0,0
Sensitive,45-54,6.598351721912733,2661.35160999449,0,Moderate,Low,82.0191750977862,0,0,1,0
Normal,25-34,7.263361127388733,1487.6246249618048,51,High,Low,90.0,0,0,0,0
Normal,under 18,9.772060287656274,2495.3554233120426,31,Moderate,High,75.23982124475144,1,0,0,0
Normal,under 18,6.818468453485654,2363.5856297669743,89,Moderate,Low,80.41401943497122,1,0,0,0
Oily,25-34,6.39444484900314,2414.574517529771,11,Moderate,Low,81.13676166397158,1,0,0,0
Dry,55+,3.413382152074061,1490.0993331527031,32,Low,Medium,64.22488068588383,0,0,1,1
Normal,35-44,8.468889616430445,1875.1722308905403,80,High,Medium,90.0,0,0,0,0
Dry,18-24,7.3113134423331125,1326.6071689422827,37,Moderate,Medium,78.08343060437964,0,1,0,0
Sensitive,35-44,9.771800493553155,2595.2648218588383,95,Low,Low,90.0,0,0,0,0
Dry,18-24,6.6989721724370055,1797.6520715683369,62,Low,High,75.88907078698136,1,1,0,0
Oily,55+,8.54440654212954,2991.2352250844638,97,High,Medium,78.98461745515978,1,0,1,0
Sensitive,35-44,8.43064038371703,3085.9013336983007,5,Moderate,High,90.0,0,0,0,0
Normal,25-34,5.616473006407123,1590.3065847506045,14,Moderate,Medium,83.68814592838663,0,0,0,1
Sensitive,35-44,5.216588322919977,2220.8803248247395,72,High,Medium,90.0,0,0,0,0
Dry,18-24,7.2634053247065555,1924.0244382640071,2,Moderate,Low,90.0,0,0,0,0
Combination,35-44,8.213887942184948,2616.164302607332,83,Moderate,Medium,90.0,0,0,0,0
Sensitive,45-54,4.711506386069737,1701.5139860494423,75,Low,Medium,83.28030829620803,0,0,0,1
Dry,35-44,8.23021539118459,1766.130658070709,4,Low,Medium,90.0,0,0,0,0
Sensitive,45-54,5.802690885462769,2509.268713825197,60,Moderate,Medium,84.0930614828074,0,0,1,0
Normal,55+,5.065749895414029,1849.2100961044475,15,Low,High,79.01309770467425,0,0,1,0
Dry,45-54,7.492966038707213,1713.0900430449406,14,Low,Low,68.64071848651086,0,1,1,0
Combination,55+,8.174733484019763,1715.5615124013154,13,High,High,59.69443645452189,1,0,1,1
Normal,under 18,9.112929240168878,1937.1268512521137,62,High,Low,78.72031496445503,1,0,0,0
Sensitive,55+,8.00690520505803,2373.011976491408,46,Low,Low,80.99007807215722,0,0,1,0
Sensitive,under 18,6.058689995883891,973.2567256720556,58,High,Low,67.88361576376569,1,1,0,0
Combination,45-54,7.541133631995752,2036.1441735624348,25,Low,Low,72.37862410745359,0,0,1,0
Combination,35-44,7.833739041362691,1886.736263808581,27,Moderate,Medium,90.0,0,0,0,0
Combination,55+,6.354358451798927,3004.2365054908496,86,Low,Medium,75.69713397369203,0,0,1,0
Sensitive,18-24,4.791468907733833,2366.9752391821194,65,Low,High,90.0,0,0,0,0
Sensitive,45-54,6.138097212724913,1832.1106911297888,64,Low,High,60.87375667628923,1,0,1,0
Oily,35-44,6.524345751139052,1598.2828629143714,63,High,High,78.75825066100242,1,0,0,0
Combination,25-34,7.856836315354359,2695.321797974979,34,Low,High,79.27464038871229,1,0,0,0
Combination,55+,7.705020491869992,2051.6909981060476,75,Low,Low,90.0,0,0,0,0
Dry,55+,5.52033925135113,2258.4126329122255,4,Moderate,High,58.48818459552531,1,1,0,1
Oily,55+,10.0,1809.6526881024538,46,Low,Low,64.40448832071307,1,0,1,0
Normal,55+,6.4360246309722005,1719.4554345095014,79,Moderate,Medium,90.0,0,0,0,0
Oily,45-54,6.2658786482583695,627.3502231638076,21,Low,Medium,81.00449410433887,1,0,0,0
Dry,under 18,7.607553078783569,1577.223911822693,56,High,High,76.96754117658588,1,0,0,0
Oily,18-24,4.584605321812299,2376.5949748662742,87,Moderate,Low,84.7424399020169,1,0,0,0
Normal,25-34,5.376973322437095,1830.6654730581213,27,Low,High,81.73642054167546,1,0,0,0
Dry,18-24,9.19966358678287,1295.392100987743,10,High,High,66.55357249225393,0,0,1,1
Oily,25-34,4.701102648103356,2134.653094781169,67,Low,High,90.0,0,0,0,0
Oily,25-34,8.724231046015554,1212.8291411340185,38,High,Medium,51.45559491604652,1,1,1,1
Normal,55+,7.611534605255765,2290.499769980846,19,Moderate,High,60.752900653713624,1,0,1,0
Combination,under 18,3.9112592744615196,2399.2506689536103,68,Low,Medium,81.17655621784851,0,0,0,1
Dry,35-44,8.31490881976327,1844.1072133719877,35,Low,High,68.58644895484379,1,1,0,0
Combination,25-34,8.878519543447013,2568.227787162423,82,Moderate,High,79.72133466724735,1,0,0,0
Normal,55+,7.154676888575807,1774.2773048375332,92,Low,Medium,76.12377050805628,0,0,1,0
Dry,under 18,5.540758161125565,1981.2182453169044,65,Low,High,69.4493545072259,1,1,0,0
Normal,35-44,7.854638379556269,1837.9115694796794,49,Low,High,84.8510703575196,1,0,0,0
Combination,45-54,3.7037484921069552,2634.356947288285,70,Moderate,High,54.4146832387243,1,0,1,1
Combination,25-34,7.28533483276734,1810.187751661583,52,High,Medium,90.0,0,0,0,0
Oily,18-24,8.285737582634933,2762.319298241378,42,Low,Medium,80.87026695939454,1,0,0,0
Combination,25-34,3.0,2217.131824961036,100,Moderate,High,77.2640999455634,1,0,0,0
Combination,45-54,4.860026183784479,2249.5552533994705,65,Low,Low,67.08973263051539,0,0,1,1
Combination,25-34,7.1918908035618685,2317.863263220275,57,Moderate,High,80.06839757624944,1,0,0,0
Combination,45-54,6.251128578258017,1063.379944090424,23,Moderate,Medium,72.11461969846725,0,1,1,0
Combination,55+,6.324447713114997,2203.4238175698915,75,Low,Medium,75.76457567082299,0,0,1,0
Oily,35-44,8.523088493012835,1414.0843497637375,7,High,Medium,47.38375694365914,1,1,1,1
Combination,55+,8.540590640309526,1676.0638551767393,13,Moderate,Medium,90.0,0,0,0,0
Normal,25-34,7.5436748223917895,1745.0530235671836,100,Moderate,High,83.82587141141012,1,0,0,0
Combination,25-34,7.273255941568152,2445.9388172851372,75,Low,Medium,90.0,0,0,0,0
Oily,18-24,5.159478884067196,1660.0470516265843,99,Moderate,Medium,71.88132678085563,1,0,0,1
Oily,18-24,7.27744388101313,3200.791830515176,99,Low,Medium,90.0,0,0,0,0
Sensitive,35-44,5.705215431749758,3020.0669429984596,46,Low,Low,80.91482075423679,0,0,0,1
Oily,55+,10.0,1951.3444246492045,80,Low,Medium,75.44545753086463,0,0,1,0
Oily,under 18,6.55277121070015,1653.9674006676541,43,Moderate,Medium,82.59340362323033,1,0,0,0
Combination,25-34,6.897696204500996,1296.6402837202209,45,High,Medium,73.55463416420214,0,1,1,0
Oily,35-44,6.885641474019104,2748.4401369254283,71,High,Low,90.0,0,0,0,0
Sensitive,55+,6.083372406284924,1879.6378480054746,97,Moderate,Medium,76.59263922046436,0,0,1,0
Normal,25-34,4.448289288599137,2187.0310440655217,97,Low,Medium,81.28090960604962,0,0,0,1
Oily,under 18,7.396722527427061,2031.8511798828854,64,Moderate,High,90.0,0,0,0,0
Dry,under 18,6.674759424666785,1853.6210406137727,60,Low,Medium,65.53548748566025,1,1,0,0
Oily,55+,7.752850350551008,1985.5916992056884,91,High,Medium,64.46182091084809,1,0,1,0
Normal,55+,7.472457807332998,2107.491408727274,31,Low,High,65.18676609929341,1,0,1,0
Normal,45-54,8.685140930643643,2338.4970486875272,69,Moderate,High,75.20481235623396,1,0,0,0
Combination,45-54,7.289292764725286,2759.21101532609,25,High,Low,90.0,0,0,0,0
Dry,18-24,7.630402793584842,2652.4813443952094,5,Low,Medium,90.0,0,0,0,0
Dry,55+,7.910413912579957,1079.0404605342285,86,High,Low,63.09907645346097,0,1,1,0
Oily,18-24,8.957252144978995,2067.5881206713348,0,High,High,56.81375374712897,1,0,1,1
Oily,45-54,6.922067843648833,2140.6741737447887,68,High,Low,69.37073740351192,1,0,1,0
Sensitive,35-44,6.482525257064399,2113.514430194473,55,Moderate,Low,90.0,0,0,0,0
Combination,18-24,6.112185900485361,2637.1361293671853,94,Low,High,90.0,0,0,0,0
Normal,55+,6.8296178295684244,1808.7080786387833,11,Low,Medium,90.0,0,0,0,0
Sensitive,35-44,5.612611276421089,2134.387894574321,37,Moderate,Medium,90.0,0,0,0,0
Sensitive,25-34,7.280660650187638,2194.212306838753,35,Low,Medium,90.0,0,0,0,0
Sensitive,55+,5.459122168742306,1199.4094005942134,71,Low,High,46.543141333373235,1,1,1,1
Normal,35-44,7.9383869537598395,2742.3209309382537,56,Moderate,Medium,90.0,0,0,0,0
Normal,45-54,5.460469566415156,2794.7206417808493,21,Moderate,Medium,75.04372886326402,0,0,1,0
Combination,35-44,7.425866588104571,1996.468547724585,78,Low,High,81.65040565659692,1,0,0,0
Oily,25-34,6.403676955181333,1307.7409902875015,42,Moderate,Medium,78.45590359437968,1,1,0,0
Dry,55+,8.481592773886899,1612.1968192811985,48,High,Low,66.5885382731367,0,1,1,0
Normal,35-44,5.830289986393599,2495.963154943477,49,Moderate,High,74.19771716784534,1,0,0,1
Normal,18-24,4.17552482999241,1238.2010946659166,17,High,Low,71.65251844568492,0,1,1,0
Sensitive,18-24,6.972798634737877,2146.642214502426,23,Low,Low,82.69596200540883,1,0,0,0
Normal,25-34,7.7271019719533856,1849.1007533018735,6,Moderate,High,82.96247374157004,1,0,0,0
Sensitive,35-44,10.0,1886.053720617083,38,High,High,54.47935143919684,1,0,1,1
Sensitive,55+,6.653820771845917,1601.5066655930614,41,High,Medium,75.22410800835722,0,0,1,0
Combination,35-44,7.185860224781607,2307.4806160233875,64,Moderate,High,84.45888266811576,1,0,0,0
Combination,25-34,8.80536708180019,1255.357867779891,8,High,Low,57.55955454400588,0,1,1,1
Combination,18-24,6.631006992466449,2223.351805404572,53,Low,Low,81.32354949332127,1,0,0,0
Oily,25-34,7.880586301891803,2003.2743289022696,55,Moderate,Low,77.00363879999557,1,0,0,0
Dry,under 18,7.813635954298153,1595.5180535370998,7,Moderate,Low,80.6870622602793,0,1,0,0
Combination,35-44,9.336858148477535,2496.314051489715,91,Low,Medium,90.0,0,0,0,0
Dry,under 18,4.9826083194022415,1462.4484759416223,31,Moderate,Low,70.48859222646412,1,1,0,1
Combination,35-44,5.429617374839641,2338.984985448264,47,High,Low,73.6534947646024,0,0,1,1
Normal,under 18,5.072908350373799,1834.4878328959596,80,Moderate,Low,69.16692196430111,1,0,0,1
Sensitive,35-44,7.682056594625162,1966.9170327267827,52,High,Low,90.0,0,0,0,0
Dry,35-44,7.388331273569059,1467.0986443256209,85,High,High,77.20584561831137,1,0,0,0
Dry,45-54,7.892281560095867,1693.3940537620017,12,Low,Medium,72.99399373992458,0,0,1,0
Normal,under 18,6.513070488403088,2118.865863952993,94,Moderate,Low,90.0,0,0,0,0
Dry,18-24,7.154617332296272,2011.9900095077965,77,Low,High,76.6140724976127,0,1,0,0
Combination,45-54,5.874059767034867,1850.225294400404,98,Moderate,Medium,77.32064831926664,0,0,1,1
Dry,25-34,7.003275386255554,1312.4573834164576,78,High,Medium,90.0,0,0,0,0
Oily,25-34,6.3062005505299314,2193.8399395164233,27,Moderate,High,84.55252779184943,1,0,0,0
Oily,55+,5.083845094231986,2578.29082579712,61,Moderate,High,77.80455459905562,1,0,0,0
Oily,under 18,8.904419893899764,1377.424712019957,76,Low,Low,80.4422561610117,0,1,0,0
Combination,18-24,9.036429449575209,1928.2092056439328,58,Low,Medium,82.6079323167781,1,0,0,0
Dry,under 18,7.627771838735582,1751.6744739358767,36,Low,Low,80.56530294701429,1,0,0,0
Oily,18-24,8.384567240840143,2203.0470094243337,52,Moderate,Medium,76.44106246208878,1,0,0,0
Dry,18-24,5.778770115103595,1417.3990000173558,25,Moderate,Low,63.84534187606219,1,1,0,1
Combination,25-34,4.809546347186166,2093.970888216378,43,Low,Medium,84.30577047563168,0,0,0,1
Oily,55+,7.858707117669604,2325.4828393897205,30,Moderate,High,77.52610265780665,1,0,0,0
Combination,under 18,6.8230283580889335,1421.501772167818,0,Low,Medium,62.31238020370881,1,1,0,0
Normal,35-44,5.976887802964326,2576.174319480963,5,Moderate,High,84.61992335421587,0,0,0,1
Oily,18-24,6.273057153099878,2071.708815340738,10,High,High,62.906528441433004,0,0,1,1
Dry,25-34,5.386524274637669,2168.2915227295175,24,High,Low,69.44634962855211,0,1,0,1
Combination,55+,6.313473157481384,2523.3563568878817,74,High,Medium,71.93690774545496,0,0,1,0
Sensitive,25-34,8.16033655931022,1752.14702671255,60,Low,Medium,90.0,0,0,0,0
Normal,25-34,6.810003958978505,1724.4418799796856,24,Low,Low,90.0,0,0,0,0
Normal,18-24,4.870850205182485,1571.2787852263916,4,Low,Medium,82.93867574073836,0,0,0,1
Normal,25-34,7.29732599158123,2162.629749114791,80,High,Medium,90.0,0,0,0,0
Oily,45-54,7.2228218553889585,1849.1334730206822,3,Low,High,90.0,0,0,0,0
Oily,25-34,8.399599908581479,2031.7709522804687,90,Moderate,High,77.20942129820116,1,0,0,0
Oily,under 18,8.05488074214392,1113.1124338987406,77,Low,Low,77.76595009507142,0,1,0,0
Dry,35-44,3.0,2141.89401391904,25,Low,Low,77.91331717578724,0,1,0,0
Combination,18-24,4.862851519417766,1893.774148643472,59,High,Low,80.50145878338037,0,0,0,1
Oily,35-44,6.546854438463091,2793.7003012077685,98,Moderate,Low,80.51026686780119,1,0,0,0
Dry,under 18,7.59999482941541,2082.9295133993364,100,Moderate,Low,71.41989960607367,1,1,0,0
Dry,25-34,8.25548673195051,2184.248793419519,90,High,High,76.65325769744865,0,1,0,0
Dry,18-24,6.31348451051735,2535.73796512728,80,High,High,70.11842347561898,1,1,0,0
Sensitive,45-54,5.335374808167589,2161.623593766781,13,Moderate,Medium,79.3753638822425,0,0,1,0
Oily,35-44,4.6786453087955335,2101.9719287579974,94,Low,High,77.26425535820108,1,0,0,1
Oily,55+,7.289484462659394,2838.2274809573314,44,High,Medium,65.00474652367984,1,0,1,0
Normal,18-24,4.652539159837331,1699.5564120730937,31,High,High,70.07461705550203,0,0,1,0
Sensitive,under 18,8.234023639861215,2167.658628198654,66,High,High,77.77317298203874,1,0,0,0
Oily,35-44,7.270457577006255,1521.9321485207304,44,High,High,71.71569826676486,1,0,1,0
Dry,55+,6.113772477862856,2622.5205041116283,42,High,Low,81.31391670800116,0,1,0,0
Sensitive,35-44,6.922736209369108,2187.679848072237,47,Low,High,90.0,0,0,0,0
Dry,under 18,6.827217506835281,1408.4572423751174,60,High,High,76.70507288703921,1,1,0,0
Oily,45-54,8.400715639112494,2251.616192266248,84,Low,Medium,90.0,0,0,0,0
Sensitive,55+,10.0,1492.2093101747275,8,Low,High,76.39259026459511,1,0,0,0
Normal,18-24,8.233859381800722,1344.2280169814994,55,Low,High,74.0694456478268,1,1,0,0
Normal,under 18,7.236019851509616,2488.2532945315825,83,Moderate,Low,90.0,0,0,0,0
Dry,18-24,3.8917973258552694,1897.533762879196,63,High,Medium,57.834520966684,1,1,0,1
Sensitive,35-44,6.155185398936069,1649.0213508524391,62,Moderate,Low,90.0,0,0,0,0
Oily,25-34,7.577818978389031,2560.3428532112976,85,High,Medium,90.0,0,0,0,0
Sensitive,45-54,6.800081927156267,2102.74321378001,16,Low,Low,78.59796319371318,0,0,1,0
Normal,35-44,7.171463129588871,2000.9017531782072,39,Moderate,Low,90.0,0,0,0,0
Sensitive,35-44,5.365986043431841,2554.2223008614465,25,High,Medium,71.75509159055065,0,0,1,1
Oily,45-54,7.442793052238254,2197.4407450012886,21,Low,Low,57.27643868263385,1,0,1,0
Combination,35-44,5.790235556461626,1770.3898010053797,30,High,High,54.36288156785906,1,0,1,1
Combination,under 18,6.735798703433833,1232.9376532755741,6,Moderate,Medium,82.34316171115036,0,1,0,0
Normal,35-44,4.467948512203483,1699.6260346807162,81,Moderate,Low,90.0,0,0,0,0
Oily,45-54,7.783781149663585,1673.4313050350297,16,High,Low,60.87553991133671,1,0,1,0
Sensitive,45-54,5.47179220361393,1592.657173381165,30,Moderate,High,63.51424202299168,1,0,1,0
Normal,18-24,6.316986365282031,1823.070518589948,47,Moderate,High,80.30324222507134,1,0,0,0
Oily,18-24,10.0,2527.3103142436594,44,Low,Low,78.8836595266948,1,0,0,0
Oily,55+,8.537161168422593,2584.290182136691,48,Moderate,Medium,71.40557540084365,1,0,1,0
Normal,under 18,5.501768695998926,1388.8176925063804,72,Moderate,High,82.89181132841401,1,0,0,0
Oily,18-24,5.339694562698915,2667.253066668919,97,High,Medium,76.95209753608412,1,0,0,1
Normal,55+,6.179212316676264,1374.3219088803567,92,Moderate,Medium,80.02775767692148,0,0,1,0
Sensitive,55+,6.353505699670281,1880.6972341426863,21,Low,Low,80.84851300989628,0,0,1,0
Normal,35-44,7.402619910541843,2125.4755103560215,32,Moderate,High,90.0,0,0,0,0
Dry,45-54,5.757729154189738,2342.8281962568553,20,Moderate,High,61.50078610007263,1,0,1,1
Dry,18-24,6.041209699374763,1921.8618316474785,74,Low,Low,66.34244505737833,1,1,0,0
Oily,18-24,8.030161105755033,1679.0892980278293,72,High,Medium,76.88883857101256,1,0,0,0
Sensitive,25-34,6.145972864628294,2295.8340248465656,97,High,High,90.0,0,0,0,0
Combination,35-44,5.713400235092471,1807.6039881979646,88,High,Medium,81.0951265005383,0,0,0,1
Normal,under 18,7.833613267064338,3027.0462207179876,58,Moderate,Low,90.0,0,0,0,0
Dry,55+,7.90810675714412,2236.319881495006,38,Low,Medium,64.06115484288011,0,1,1,0
Oily,under 18,7.796202375509094,1463.4048629664753,88,Moderate,Medium,76.42951245698255,1,0,0,0
Sensitive,18-24,7.173395108019862,1985.116755831799,6,High,Medium,68.39605551408249,1,0,0,1
Sensitive,55+,7.482376810559134,2058.2540262379352,45,Moderate,Low,81.1512690934823,0,0,1,0
Dry,45-54,7.569549516125669,1844.266402550399,12,Moderate,High,61.95317476359398,1,1,1,0
Oily,35-44,7.087913376057689,1386.085716971504,73,Moderate,Low,71.54767815432834,1,1,0,0
Oily,under 18,6.520139082995629,2695.4167740883217,100,High,Low,90.0,0,0,0,0
Dry,35-44,7.4782125094423835,1989.5394813084615,99,High,High,65.36272676456811,1,1,0,0
Dry,under 18,9.84418491438152,1319.5825108494605,0,Low,High,68.80117386867431,1,1,0,0
Normal,45-54,5.33581666683067,2856.3557056381364,82,Low,Low,65.62896926745816,0,0,1,1
Combination,35-44,7.068941404073401,1878.7084818551032,41,Low,High,79.97202844264068,1,0,0,0
Oily,under 18,5.201193512356535,2223.848133197506,11,Moderate,High,76.44908881271986,1,0,0,0
Combination,35-44,7.816689804291194,1452.7528195825519,6,High,Low,50.71178076238121,0,1,1,1
Combination,25-34,6.789586621674357,1832.242083983467,41,Moderate,Medium,90.0,0,0,0,0
Dry,under 18,7.383965719628157,1440.374878889678,22,Low,Low,70.40144357913633,1,1,0,0
Dry,18-24,8.877921181769736,2457.9118907988022,84,Low,High,76.39903529857398,0,1,0,0
Sensitive,18-24,6.455236661900775,1891.7906441808143,85,Moderate,Low,90.0,0,0,0,0
Sensitive,under 18,6.7953667745835755,1610.8457234967482,79,Moderate,Medium,84.50412633115482,1,0,0,0
Oily,35-44,6.334855872647447,1864.8648161626954,6,Low,High,75.14717459105017,1,0,0,0
Oily,35-44,9.419302556060693,2473.3091541652184,73,Moderate,Low,81.6270297666295,1,0,0,0
Oily,25-34,8.401982061004935,2184.9628065021952,80,High,Low,84.99544934089255,1,0,0,0
Dry,18-24,5.324009486603148,1979.2544477113104,37,High,Low,58.619039720531475,1,1,1,1
Combination,25-34,8.45573268942007,1370.867685316356,15,Low,Low,80.65249455034242,0,1,0,0
Combination,55+,7.954829810309897,3161.304612631383,1,Low,High,69.58620860499211,1,0,1,0
Sensitive,55+,8.592724968984598,2707.0145677809937,97,Moderate,High,83.51644139733358,0,0,1,0
Combination,55+,7.3275081256632415,2483.965974382495,60,High,Low,74.4416521494247,0,0,1,0
Dry,55+,5.923220178468947,2397.9319061706133,38,High,Low,66.54497500513347,0,0,1,1
Combination,18-24,7.981582201091145,2144.9555870188315,73,High,High,90.0,0,0,0,0
Oily,25-34,8.974011129577747,1730.6075810763057,14,Moderate,Low,82.83600890520458,1,0,0,0
Normal,25-34,6.719413725289506,2047.7310206791483,88,High,Medium,90.0,0,0,0,0
Normal,45-54,5.455583543365899,2113.465971900124,24,High,Low,82.4738733754842,0,0,1,0
Oily,under 18,4.42160438056923,2523.4772672141044,20,High,Low,84.35562284825592,0,0,1,0
Normal,55+,7.069956049848948,1739.5535480481183,38,High,Medium,62.701750177867964,0,0,1,1
Sensitive,25-34,5.748439581557317,1882.7104851904062,79,Moderate,High,82.68324441512608,0,0,0,1
Normal,under 18,8.03238956615862,2273.8694893687803,31,High,Medium,52.48420175478485,1,0,1,1
Combination,55+,5.941693079082309,1576.9801636861828,81,High,Low,70.5000478796637,0,0,1,0
Dry,55+,7.985348059479471,1638.8262976924852,14,High,High,80.58665513480477,0,0,0,1
Dry,under 18,7.089864661119256,2061.8773212621386,45,Moderate,High,76.12788640226093,1,0,0,0
Dry,45-54,7.4680931975901075,2429.135215090936,32,High,Low,67.50284379250469,0,1,1,0
Dry,35-44,5.105555594699016,1044.420337369756,61,Low,High,84.89972338117725,0,1,0,0
Dry,25-34,6.148829078157473,2900.764203916093,20,Low,High,67.26071563182624,1,1,0,0
Oily,25-34,10.0,2915.5885677829438,98,Low,High,83.02096965522969,1,0,0,0
Normal,45-54,6.7105279483589655,1108.9424590075855,63,High,High,71.03627890268622,1,1,0,0
Normal,55+,3.4854413475222388,1692.9809192252944,63,Moderate,Low,83.3097934656412,0,0,0,1
Combination,55+,6.70288955477596,2650.3127005279794,6,Low,Low,74.5156301890542,0,0,1,0
Combination,under 18,8.301708189313668,2113.7025394958105,2,High,High,58.64274118488433,1,0,1,1
Sensitive,18-24,5.665232843588288,1519.6102208775549,44,Moderate,Low,82.10660316904166,1,0,0,0
Normal,45-54,7.381191530607153,2348.5254894198633,85,Low,High,78.48397075171145,0,0,1,0
Dry,45-54,7.5878218933683765,1482.7010201966727,70,Moderate,High,67.04048583680418,0,1,1,0
Normal,45-54,7.976001443188129,2212.9554835507056,24,Moderate,High,82.50381930428748,0,0,1,0
Sensitive,45-54,5.394000390714733,1607.839514849872,83,Moderate,High,73.936093905723,0,0,1,0
Dry,55+,8.03274396184235,1882.7462324270546,29,Moderate,Medium,68.658873838939,0,1,1,0
Normal,18-24,9.383720952454686,2250.5646380322883,9,Low,High,79.21402330747465,1,0,0,0
Dry,55+,6.270053217716097,1994.8971998045336,10,High,Low,76.01995999169496,0,1,1,0
Sensitive,55+,7.095075088956578,1635.804843379145,0,Moderate,Medium,74.15178613082433,0,0,1,0
Normal,25-34,5.63111770273356,2350.6949469047495,72,Moderate,High,72.8913414714122,1,0,0,1
Combination,35-44,8.267909945563144,2301.8907347764793,48,High,Medium,78.78094880373264,0,0,1,0
Oily,18-24,9.272977141485702,1729.113381994199,69,Low,Medium,81.41597024552827,1,0,0,0
Normal,25-34,9.511406149106696,1549.5394407229237,70,Moderate,High,77.51747435545064,1,0,0,0
Dry,25-34,5.480971654947261,1120.0205589253749,74,Moderate,Medium,80.87766128819703,0,0,0,1
Oily,55+,6.331307029259774,1748.1388315852732,41,High,Low,69.14561814703183,1,0,1,0
Combination,under 18,7.788905920381976,2121.9454708102253,95,High,Low,90.0,0,0,0,0
Sensitive,35-44,5.210539943471295,1803.6368807870913,39,Moderate,Low,80.11336505932502,0,0,0,1
Sensitive,18-24,6.442806968368472,1112.0088765190535,51,Moderate,High,70.26779963781604,1,1,0,0
Oily,35-44,5.528579909479946,1614.5931846929552,30,Moderate,Low,90.0,0,0,0,0
Sensitive,55+,9.15043752973142,2095.725357978676,62,High,Medium,70.63317510788832,0,0,1,0
Dry,55+,7.993253130921249,1250.682251425394,22,Low,High,56.36809818502158,1,1,1,0
Normal,55+,8.791321724520987,2650.5510315120464,92,High,Low,72.08920911246454,0,0,1,0
Sensitive,55+,4.0024825492830605,1647.3416380420758,87,High,Medium,70.68673370542714,0,0,1,0
Dry,35-44,7.743648359523266,2322.194226769091,95,Moderate,High,64.25837270363519,1,1,0,0
Oily,under 18,5.982257904269167,1847.2502684731735,39,High,Low,64.01567282336963,0,0,1,1
Dry,18-24,6.103928408432286,2055.20902347306,6,Moderate,High,69.5911455419351,1,1,0,0
Oily,under 18,8.79576779719287,1614.4789214293978,30,High,Low,66.76895435076159,1,0,1,1
Oily,under 18,8.50123074665262,1609.1639638265563,16,Low,High,90.0,0,0,0,0
Oily,55+,5.728559181254674,2409.2973091716067,32,Low,High,80.13742471401928,0,0,0,1
Oily,35-44,8.382904567011424,2425.704968381327,81,High,Medium,78.58470515962388,1,0,0,0
Dry,18-24,5.026303887672788,1767.0245109639745,97,Low,Medium,65.72021346621273,1,1,0,0
Dry,under 18,8.234482888004981,2020.7709202819474,35,Low,High,80.04424450875723,1,0,0,0
Dry,25-34,5.389460730703804,2229.158969562721,39,Low,Low,90.0,0,0,0,0
Oily,under 18,5.927789111512794,2897.262424196106,37,Moderate,Low,84.44737448546002,0,0,0,1
Oily,18-24,9.317262193627387,2302.0487131777836,43,Moderate,Medium,80.4478500357848,1,0,0,0
Combination,18-24,9.04151005715466,2032.3956750616906,6,High,Medium,68.09638703873277,1,0,1,0
Combination,35-44,8.148156241562523,2738.8601476510376,96,High,Medium,90.0,0,0,0,0
Dry,55+,7.3682480226914695,1872.406414242858,10,Moderate,Medium,67.76835794667619,0,1,1,0
Normal,45-54,4.443067062734326,1958.433237139253,70,Moderate,High,55.56816263326365,1,0,1,1
Oily,18-24,8.235134776843466,2472.816713783815,64,Moderate,Medium,83.71207313315318,1,0,0,0
Dry,45-54,7.756547598577614,1729.35045251888,68,Low,High,71.40932527075667,1,1,0,0
Combination,45-54,4.034767646578614,1752.3924509976325,60,Low,Low,83.2463637456005,0,0,1,0
Combination,55+,6.543482693419072,1843.535516404993,64,Moderate,High,72.31138192954293,1,0,1,0
Dry,25-34,7.927834535466887,2992.83820550742,14,High,High,57.991048130317594,1,1,1,1
Oily,25-34,7.18529380276164,1891.6341054217692,62,Moderate,High,83.07294227874483,1,0,0,0
Normal,under 18,6.611167280493861,2062.192383453857,98,High,High,78.38325117593277,1,0,0,0
Dry,under 18,5.757559359477401,2060.0992793730275,46,Moderate,Medium,61.266342741063255,1,1,0,1
Oily,35-44,7.6762185044977,2104.843031787244,29,High,Medium,67.34153835548334,1,0,0,1
Oily,25-34,7.686312901007172,2216.873804674268,25,Moderate,High,83.14088604933248,1,0,0,0
Combination,25-34,4.342154976630335,2318.4350791977017,87,High,Medium,81.22119187492707,0,0,0,1
Combination,25-34,5.993477731506319,1452.0804184980211,36,Low,Medium,67.42840195277792,0,1,0,1
Sensitive,35-44,5.343322258217506,2216.7708052362646,89,High,High,71.15135148838239,1,0,0,1
Dry,under 18,6.66613760916272,1159.0156080072948,97,Low,High,78.20863674088685,0,1,0,0
Oily,25-34,7.717056722788425,1280.1959346005865,2,High,Medium,47.54998184592625,1,1,1,1
Normal,55+,7.209732037777316,2119.249462836527,1,Moderate,Low,84.65521466517103,0,0,1,0
Combination,45-54,8.328365622542567,2890.842393233426,54,Moderate,Medium,90.0,0,0,0,0
Sensitive,25-34,4.952985511149187,1973.7630719684753,34,Low,Medium,90.0,0,0,0,0
Combination,25-34,6.585497057433674,2216.874842980481,63,Low,High,90.0,0,0,0,0
Normal,35-44,7.323503156400428,1823.72687863169,60,Low,Low,90.0,0,0,0,0
Oily,under 18,6.338646717083717,1441.7745724079764,64,Moderate,Medium,82.6906952081481,1,0,0,0
Sensitive,under 18,8.481792373609764,2229.6020907997645,88,Moderate,High,90.0,0,0,0,0
Oily,35-44,8.376652296692706,1844.8019317622432,31,Low,Medium,78.40592977232154,1,0,0,0
Normal,45-54,6.014746796958354,1460.8424666853862,78,Moderate,High,56.75740754964808,1,1,1,0
Combination,18-24,7.538376375610989,1480.1033877358827,65,Low,Medium,64.71700188009143,1,1,0,0
Normal,18-24,9.772994603449826,1346.1787094532797,33,Moderate,High,82.1749011535143,0,1,0,0
Normal,under 18,7.410490178818753,2783.427353606893,13,High,Low,73.48294295620954,0,0,1,0
Dry,18-24,7.898634638895714,2087.8368562458895,10,Moderate,Medium,76.84409362289418,1,0,0,0
Oily,18-24,5.547274529557157,1309.115405716148,59,Moderate,High,84.43130500453904,0,1,0,0
Dry,35-44,8.15507516337638,2753.073620387473,34,Low,High,69.63269767483357,1,1,0,0
Combination,under 18,6.341725014282742,1430.4692461918244,100,High,Medium,90.0,0,0,0,0
Oily,55+,3.3127458541764723,1509.6175781687311,85,Low,Low,75.56476980747524,0,0,1,1
Oily,55+,6.82951473625144,2799.561620418367,17,Low,Medium,90.0,0,0,0,0
Sensitive,55+,8.009700538349453,2152.5427023533766,74,Low,Low,79.5927873397831,0,0,1,0
Dry,18-24,6.399820508048304,1708.417141372022,9,High,Medium,57.21058252150303,0,1,1,1
Combination,18-24,9.108471396261946,2100.369270379195,71,Moderate,High,90.0,0,0,0,0
Sensitive,under 18,3.846098962118467,1663.2301760513785,15,Moderate,Low,74.01892196194925,1,0,0,1
Normal,25-34,5.712675952342559,1726.8679954112677,34,High,Low,65.21826002438202,0,0,1,1
Combination,25-34,7.844365990427628,1946.2775591028753,26,Moderate,Medium,90.0,0,0,0,0
Normal,18-24,6.884701889494507,2656.7365806626185,51,High,Low,78.75133966142357,1,0,0,0
Oily,45-54,5.955308365319968,2932.0997629436747,13,Moderate,High,65.3401857593064,1,0,1,1
Combination,45-54,5.993038612943371,2044.5990983062857,47,High,Low,67.58732796320493,0,0,1,1
Combination,55+,6.57819460689585,2061.7095667504805,21,High,High,83.41923873701799,0,0,0,1
Sensitive,55+,7.666887992609693,2216.917620044438,85,High,Low,71.76220507639684,0,0,1,0
Sensitive,18-24,5.87032400406913,1438.5426612762146,46,Moderate,Medium,73.9570114072291,1,0,0,1
Sensitive,25-34,10.0,1758.0078301997235,36,Moderate,High,77.05676320289817,1,0,0,0
Dry,under 18,8.04881865800798,1196.1793447384016,39,Moderate,Medium,84.51191161313943,1,0,0,0
Normal,45-54,6.580580920142985,1936.4003080087784,65,Low,Medium,78.48414628290692,0,0,1,0
Sensitive,25-34,7.709222604891749,638.7729295040306,46,Low,Medium,82.72130058816393,0,1,0,0
Normal,25-34,7.249210919617496,1425.1292723160536,83,Moderate,High,84.79302297660637,1,0,0,0
Oily,under 18,7.486518566792386,1481.8354015809186,32,Low,Medium,76.90173812376239,0,1,0,0
Combination,55+,5.716775956111628,1863.1861948033659,25,High,Medium,84.69776713946817,0,0,0,1
Normal,18-24,5.421505795595207,1762.2327766323226,18,High,High,83.01430553375933,0,0,0,1
Dry,25-34,5.209936347185027,1083.4147741506363,85,Low,High,70.24856700143614,1,1,0,0
Combination,under 18,8.52693557864404,1351.9756535880358,83,Low,High,70.60930561639569,1,1,0,0
Normal,45-54,6.731978668588025,2376.445540746892,67,Moderate,Medium,78.10106230264782,0,0,1,0
Normal,25-34,6.077583846225935,1587.417050127231,19,High,Low,63.652990504425574,0,0,1,1
Normal,35-44,7.3393571330011325,2558.966911363576,92,Moderate,Medium,90.0,0,0,0,0
Combination,45-54,5.246027102370297,1924.9260839912806,89,High,Medium,72.15404304102,0,0,1,1
Oily,18-24,4.401258107549009,1803.3994981589049,57,High,Low,71.66461496997098,1,0,0,1
Dry,35-44,7.051307026807113,1572.6876791224672,93,Low,High,75.6822483477909,0,1,0,0
Combination,under 18,6.314512249262153,1295.886615846275,20,Low,High,74.76519954664305,1,1,0,0
Sensitive,under 18,7.115617917072241,2527.847124441575,59,Moderate,Medium,77.33554440242692,1,0,0,0
Combination,under 18,5.354284195344304,1688.6641167238085,35,High,Medium,75.17713734122965,1,0,0,1
Oily,under 18,7.753819369681272,2606.045359661368,2,Moderate,Low,77.92650506873066,1,0,0,0
Dry,45-54,4.7602152816866035,1915.6076312920254,91,High,Low,72.68238323204145,0,0,1,1
Dry,45-54,7.424696233479287,1948.971804685576,91,Low,Medium,59.08195895482896,0,1,1,0
Dry,18-24,3.284811899684369,2250.545004654386,79,Low,Medium,62.3465417216593,1,1,0,1
Dry,55+,9.279004526635966,2058.3308755847515,56,High,Low,71.10545791808593,0,1,1,0
Combination,under 18,5.453340920058605,1743.4363768178584,5,Low,Low,74.7642677597886,1,0,0,1
Dry,55+,9.654869601483389,2454.9812704302794,80,Moderate,High,43.666221647945065,1,1,1,0
Combination,18-24,7.960039927576494,2178.206291767188,63,Low,Medium,80.23597335453135,1,0,0,0
Oily,under 18,6.008294331713541,1899.7144096721158,45,Low,Low,79.40567745308985,1,0,0,0
Oily,45-54,6.883115896482226,2274.787158032222,58,Low,Low,67.17191149129057,1,0,1,0
Dry,18-24,9.263378341400355,2559.169068396564,59,Moderate,Low,90.0,0,0,0,0
Sensitive,18-24,4.870923466305939,2111.9974844505246,35,Low,High,72.7651793411653,1,0,0,1
Sensitive,55+,8.105145017751845,2309.430165072318,47,High,High,66.8531581503923,1,0,1,0
Oily,under 18,6.056149354918871,3457.0546078841808,77,Low,Medium,90.0,0,0,0,0
Oily,45-54,5.084373156503322,1458.405776666975,83,High,Medium,67.28590231268457,0,0,1,1
Combination,18-24,7.3503926218923645,3058.4015274819267,31,High,High,72.32657899965402,1,0,1,0
Combination,45-54,5.7457077239437435,1867.085817176504,99,High,High,75.53923768171819,1,0,0,0
Normal,under 18,8.61594050952354,1991.0689225561332,25,Low,Low,90.0,0,0,0,0
Normal,45-54,6.498094218204557,2282.81645094336,68,Low,Medium,71.7101586306458,0,0,1,0
Combination,under 18,7.40877698534439,2515.2193928183956,59,Moderate,Low,90.0,0,0,0,0
Combination,under 18,8.937203333598045,2153.5015300026807,28,Low,Low,78.7472655217156,1,0,0,0
Sensitive,35-44,7.437599088067463,2107.055491143067,83,Moderate,High,80.1540575679733,1,0,0,0
Combination,55+,7.733695834973932,2027.585318935732,69,Moderate,Low,76.37439447420945,0,0,1,0
Oily,25-34,6.9990872765165655,2598.3135604136214,42,Low,Medium,75.91268208341762,1,0,0,0
Dry,18-24,9.274174270532566,1246.2235276832896,50,Moderate,High,80.54686969682713,0,1,0,0
Normal,35-44,7.015031727610854,1655.6527832773827,43,Low,High,82.11967402941197,1,0,0,0
Dry,under 18,6.533542800270892,2201.2581048676607,39,Low,High,71.88582104860924,1,1,0,0
Combination,35-44,8.004157557313702,1943.9367781943276,18,Low,Medium,90.0,0,0,0,0
Sensitive,25-34,4.129989497915796,1517.4772097119103,84,Low,Medium,83.99404969594202,0,0,0,1
Normal,25-34,8.34474950530025,629.7867889825343,13,Moderate,High,81.22340690723564,1,0,0,0
Oily,35-44,8.781140727522999,2260.6149953222707,71,High,High,78.0502412900727,1,0,0,0
Normal,45-54,8.974264122295033,1900.7154065595198,94,High,Medium,78.30222041114422,0,0,1,0
Normal,under 18,3.9078918639656424,2215.181320753249,96,Low,Low,68.68400461875957,1,0,0,1
Sensitive,25-34,8.911979686057512,2462.3609027567104,11,High,Medium,67.14746774621462,0,0,1,1
Combination,18-24,6.005962774767947,2043.3805377313233,58,Moderate,Low,90.0,0,0,0,0
Dry,25-34,6.200745596830114,1590.366767905314,73,Low,Low,82.34030162123038,0,1,0,0
Normal,45-54,8.433082856769776,1401.233844367419,18,Moderate,Low,80.61460215251283,0,1,0,0
Sensitive,under 18,5.6592753541275815,1447.9871832638073,37,Low,Medium,63.10658260472899,1,1,0,1
Normal,18-24,4.76462871505143,2073.2071459213016,55,High,High,90.0,0,0,0,0
Dry,55+,8.742254572722963,1907.561621877367,92,Low,Medium,68.5938531492826,0,1,1,0
Combination,35-44,4.74137829915375,2419.972269871014,61,Low,Low,90.0,0,0,0,0
Dry,under 18,9.528552631052458,1676.8788379267028,3,High,Medium,67.06380907822397,1,1,0,0
Combination,18-24,6.2821685999234225,2257.8303150416973,43,Moderate,Medium,90.0,0,0,0,0
Normal,45-54,9.432810621677577,1740.0829271373868,100,High,Low,79.99533393417968,0,0,1,0
Sensitive,45-54,5.001325328502693,2315.7093031362033,27,Moderate,High,64.62352177373177,1,0,1,1
Dry,55+,8.198602109713448,2003.0657252176134,51,Moderate,High,68.72664430483175,0,1,1,0
Normal,55+,6.162800110513824,2497.189365496023,77,Moderate,High,76.83632917960891,1,0,0,0
Sensitive,under 18,7.792054006821946,1615.7822415482535,54,Low,Low,75.61358642747051,1,0,0,0
Oily,25-34,7.073642096958507,1324.1462339876766,100,Low,Low,84.68613185041653,1,0,0,0
Combination,55+,8.02883568465688,1868.883215308572,75,Low,High,60.86708881576355,1,0,1,0
Dry,35-44,6.346433751422895,1983.5627574237828,71,Moderate,Low,78.63070280656774,0,1,0,0
Sensitive,18-24,7.060461548995372,2447.46503078278,64,High,Medium,76.25013671224298,1,0,0,0
Combination,35-44,7.886635796987832,1921.7953606035987,90,Moderate,Medium,90.0,0,0,0,0
Oily,55+,8.145502224578493,2200.3686268458064,41,Moderate,Medium,80.62873270890992,1,0,0,0
Dry,25-34,6.360100545570944,1937.640920881757,97,High,High,84.32931406244235,1,0,0,0
Normal,25-34,6.777665666735319,2252.630671587101,29,High,Low,66.61025566338877,0,0,1,1
Dry,35-44,6.4494660779175375,1804.7954067891833,26,High,Medium,68.35324456361317,0,1,1,1
Normal,45-54,9.953135964150938,2469.867740873552,20,Low,Medium,84.64284386326017,0,0,1,0
Sensitive,55+,5.859099003362291,2285.4704969710992,15,Low,Low,75.158809297537,0,0,1,1
Combination,25-34,7.177525098482766,2195.775587630047,53,Moderate,Medium,90.0,0,0,0,0
Oily,25-34,7.206011986847657,2594.8213227426177,85,Moderate,Low,80.35340624675874,1,0,0,0
Sensitive,35-44,7.518430516977169,1968.9556508928563,0,Moderate,Medium,90.0,0,0,0,0
Sensitive,45-54,8.563285865474526,2116.642520543936,75,Low,High,90.0,0,0,0,0
Combination,25-34,7.182217868993587,2157.0113012430575,56,High,Medium,90.0,0,0,0,0
Sensitive,55+,6.85958646495045,2004.6134964977346,57,Moderate,Medium,74.20634976405387,0,0,1,0
Sensitive,35-44,6.119958116857191,1624.4163901880606,32,Moderate,Medium,90.0,0,0,0,0
Oily,45-54,5.502144420276341,1304.0083566014619,45,Low,Low,46.92283971944264,1,1,1,1
Oily,35-44,5.680423957923165,1912.8664827665373,46,Low,Medium,73.95533771693336,1,0,0,1
Normal,45-54,7.1546763736684555,1864.3517184261798,62,Low,Medium,73.8939906720958,0,0,1,0
Dry,18-24,3.466444764808963,2787.293178881171,0,Moderate,Low,62.343794691140864,1,1,0,1
Normal,35-44,8.629720184335573,2222.8799256085645,100,High,Low,90.0,0,0,0,0
Normal,35-44,9.861236008829902,1511.3179412581446,100,High,Medium,90.0,0,0,0,0
Oily,under 18,9.831437680939008,1517.392961624726,48,Moderate,Low,76.39159642457273,1,0,0,0
Sensitive,18-24,7.358106887937035,1363.0813374328977,74,Low,Low,82.43056869155379,0,1,0,0
Oily,18-24,7.02204114331655,2193.0832489991944,11,High,High,71.53367110650257,0,0,1,0
Oily,under 18,6.767964503298168,2356.938722045069,13,Low,High,90.0,0,0,0,0
Oily,35-44,7.148521674230886,1738.7926358112454,45,Moderate,High,81.56861852682604,1,0,0,0
Sensitive,25-34,6.149780023296492,2405.4568863078484,47,Low,High,90.0,0,0,0,0
Dry,45-54,6.019386955289549,2457.7014852424686,50,Low,Medium,90.0,0,0,0,0
Normal,35-44,8.834067689247895,1165.6430688269352,32,Moderate,Medium,79.76717552459829,0,1,0,0
Combination,under 18,8.699389580951552,3030.21134922235,57,High,High,90.0,0,0,0,0
Normal,35-44,7.3780056418028925,2299.542092647411,91,Low,High,90.0,0,0,0,0
Combination,35-44,8.555507986553739,1862.2588424104888,54,High,Medium,90.0,0,0,0,0
Dry,55+,7.273420335306804,1342.9002351884453,26,High,High,55.43251112741605,1,1,1,1
Combination,55+,7.2079525427956765,2249.055997822271,49,Low,High,76.2526868663893,0,0,1,0
Oily,55+,7.7742445343897035,2532.71236179879,55,Low,Medium,63.5993807588432,1,0,1,0
Dry,45-54,5.837796732796706,1733.6966216632518,25,Moderate,High,50.325476477631796,1,1,1,1
Sensitive,45-54,9.843261018987032,1924.835813118145,93,High,Low,90.0,0,0,0,0
Oily,18-24,7.300050680968492,1966.4949791373895,83,Moderate,Low,84.41871772112881,1,0,0,0
Normal,25-34,5.767478760542467,2811.7646054459033,92,High,High,76.63315609030214,1,0,0,0
Sensitive,18-24,6.208447882119091,1436.357238146535,12,Low,Low,66.26217406937508,1,1,0,0
Combination,25-34,6.323889584045872,999.1469991372333,93,Moderate,Low,76.84490643544322,0,1,0,0
Combination,35-44,6.023068802525227,1515.9357010738368,88,Low,Low,90.0,0,0,0,0
Oily,under 18,7.9261429463909865,1663.2928802200638,50,Moderate,Medium,78.67830322742532,1,0,0,0
Dry,45-54,8.331705903368272,2699.2419965346608,27,High,Medium,90.0,0,0,0,0
Dry,35-44,8.171763004431398,1892.3058555699618,16,Moderate,Low,84.08656329256225,0,1,0,0
Combination,under 18,7.211671745058389,1237.5075299279702,30,Low,High,69.29913211826589,1,1,0,0
Combination,under 18,6.79933094121814,1569.7807659665834,86,Moderate,Low,90.0,0,0,0,0
Combination,45-54,8.041489571723949,3286.3761946222367,38,Low,Medium,90.0,0,0,0,0
Combination,25-34,7.749732453960714,1004.4299255226667,1,High,High,48.34900596417597,0,1,1,1
Normal,35-44,6.45815471062844,2061.2454626872272,3,Low,Medium,90.0,0,0,0,0
Combination,under 18,7.131036137890396,1634.5934371956234,38,Low,Low,90.0,0,0,0,0
Normal,under 18,7.367937613955403,1378.7495815403063,59,Moderate,Low,71.2350547369518,1,1,0,0
Dry,18-24,5.582636915972399,2322.898820801856,96,Moderate,Medium,69.03804969299142,1,1,0,1
Dry,35-44,5.476505153680261,2269.1058027461286,45,Moderate,Low,75.45965080771651,0,1,0,1
Oily,18-24,4.945804338015913,2882.4129418958682,49,Moderate,Medium,83.76468429043526,0,0,0,1
Dry,45-54,5.838595116393918,1888.166714098278,95,Low,High,84.48995695767785,0,1,0,0
Oily,55+,7.495919891635609,1717.3250237494528,12,Low,Medium,77.01607791397096,1,0,1,0
Dry,35-44,7.215108941606957,2287.678362260063,79,High,High,71.75030367248104,1,1,0,0
Combination,35-44,8.440919848755229,2395.7487179864784,60,Low,Low,90.0,0,0,0,0
Normal,under 18,6.742284304295989,1926.6841129781988,16,High,High,67.45968853304583,1,0,1,0
Sensitive,25-34,10.0,2474.944534124646,76,Low,High,81.37368415928944,1,0,0,0
Sensitive,55+,5.617264515519679,2049.994081882776,11,Moderate,Low,82.89288792981161,0,0,0,1
Dry,18-24,6.4972852918327115,1932.332883038445,4,High,Medium,71.89512895652408,1,1,0,0
Combination,18-24,5.155757263437868,1794.0383828070235,50,Moderate,Low,82.0989860407278,1,0,0,0
Dry,55+,9.71733365979087,2289.5381504377515,99,High,Medium,82.4711741397266,0,1,0,0
Oily,55+,3.26325788777281,2608.3617462489733,7,Moderate,High,70.63539257927573,0,0,1,0
Normal,18-24,8.634444284363742,1820.3573478467918,40,Low,Medium,76.52821498906613,1,0,0,0
Normal,35-44,8.075895315674822,1570.3003945913997,69,Moderate,High,84.43621787417048,1,0,0,0
Dry,18-24,6.294616425600464,2749.273180334927,69,Moderate,Low,90.0,0,0,0,0
Oily,under 18,6.592404940195437,1065.1341690225045,85,Moderate,Low,69.99022567523755,1,1,0,0
Sensitive,35-44,6.905045165827995,1960.7058035428215,42,Moderate,Medium,90.0,0,0,0,0
Combination,45-54,8.79755285406019,2007.16821108788,52,Low,Medium,90.0,0,0,0,0
Combination,35-44,6.3676265328395605,2522.528072615603,83,Low,Low,90.0,0,0,0,0
Combination,25-34,7.181185348751665,1624.9886592171415,53,High,Low,90.0,0,0,0,0
Dry,18-24,8.732496340812427,2096.8308822583995,91,Moderate,Medium,67.97938355596297,1,1,0,0
Normal,25-34,7.004388950019156,2088.9541957058273,98,Low,Medium,90.0,0,0,0,0
Combination,55+,5.393997442875104,1736.1731119108313,52,High,Low,71.44899830554823,0,0,1,1
Oily,45-54,7.005373902749175,1902.66815248766,46,Low,High,69.20395285380286,1,0,1,0
Normal,25-34,8.908642574224894,2108.702926363502,74,Moderate,Medium,90.0,0,0,0,0
Sensitive,under 18,8.282355883954605,2004.6976772879248,5,High,Low,64.10407493009922,1,0,1,1
Normal,25-34,8.584432725619184,2198.763878286577,81,Low,Low,90.0,0,0,0,0
Oily,45-54,7.02013072808269,1993.3584555204902,20,Low,Low,65.47711576206396,1,0,1,0
Normal,55+,5.568342060563555,2253.4578600681552,47,High,Low,75.97701014076806,0,0,1,1
Combination,under 18,6.939692898195432,1749.0040199093978,36,Low,Medium,84.42582352572043,1,0,0,0
Normal,35-44,8.659692656218107,1374.8919870525995,5,High,Low,76.7066335012334,0,0,1,1
Normal,18-24,6.366256156851349,2513.859374389767,46,High,Low,75.21059783762892,1,0,0,0
Dry,18-24,7.47328441138038,1976.0705361736213,77,High,Medium,78.26291958488167,0,1,0,0
Combination,45-54,7.37650531472522,2089.7070855244206,50,Low,High,78.51223152016799,0,0,1,0
Normal,25-34,4.725006180571118,1825.3690573260192,25,High,Low,69.68627998179896,0,0,1,1
Combination,35-44,9.424782481770624,1670.3379326114161,51,Moderate,High,84.49702561267584,1,0,0,0
Sensitive,45-54,6.522548478843499,1729.1896183454062,19,Moderate,Medium,70.29186877696232,0,0,1,0
Sensitive,45-54,6.8694771650227935,1708.438584337851,39,High,High,64.88094767002747,0,0,1,1
Combination,18-24,7.73011225323709,2098.6567061451333,66,Moderate,High,90.0,0,0,0,0
Combination,55+,8.160321422660527,1474.5294169055196,2,High,Medium,62.820935459872345,0,1,1,1
Sensitive,35-44,6.489489275675645,1887.1386841939325,72,Low,Low,90.0,0,0,0,0
Dry,25-34,7.683470365132893,1603.3894013964828,57,High,Low,78.67992736805385,0,1,0,0
Combination,55+,8.373480706387516,2593.2077952588043,52,High,High,67.42869719888178,1,0,1,0
Combination,35-44,5.516691478546624,1754.563552553217,22,Low,High,82.46684688046325,1,0,0,0
Sensitive,35-44,6.202102737561861,3316.193102338749,50,Low,Low,90.0,0,0,0,0
Combination,under 18,6.35514984218817,2838.812721078067,38,High,High,84.13065869012131,1,0,0,0
Normal,35-44,5.100052007340086,1505.1745169178182,21,High,High,54.88589074553251,1,0,1,1
Dry,25-34,5.970093202227699,1577.1553442767388,32,High,Medium,50.97078571498274,0,1,1,1
Combination,under 18,6.598151898762252,1645.610898639251,66,Moderate,High,80.8291208148001,1,0,0,0
Oily,18-24,5.77098761089814,2579.235998236664,85,Moderate,Medium,82.2988383014553,0,0,0,1
Dry,under 18,8.835690433769749,2474.6482491876577,69,Low,High,77.58798411558465,0,1,0,0
Combination,35-44,7.785998433376492,2046.371532889776,53,High,Low,90.0,0,0,0,0
Dry,55+,6.2544539640011365,1523.421247622454,26,Moderate,Medium,63.00068765325444,0,1,1,0
Oily,under 18,7.544493555149031,1413.184803726601,99,High,Low,84.23221123326155,0,1,0,0
Dry,under 18,5.50911860623691,2576.456628102405,64,Moderate,Low,82.5953972652599,0,1,0,0
Dry,18-24,9.85097356258313,2196.6475690832403,9,Low,Low,73.88171119123332,1,1,0,0
Oily,25-34,8.659685728441966,1877.0758412780083,98,Low,High,84.20450514793683,1,0,0,0
Sensitive,under 18,4.9934887208684735,2306.085809309292,23,Low,Low,70.67378570561715,1,0,0,1
Oily,18-24,7.853933984905096,2035.834276940122,79,Moderate,High,90.0,0,0,0,0
Dry,under 18,6.636436812842333,2481.105289290549,84,Moderate,Medium,69.11889024691358,1,1,0,0
Oily,55+,5.521400449858788,1613.109710554671,0,High,Low,63.07962305129411,1,0,1,1
Dry,18-24,5.4878402398593575,2042.4864813179136,37,Moderate,High,68.26783358273298,0,1,0,1
Oily,25-34,5.368160481836113,1657.8789097423783,9,Moderate,Medium,76.38771756232073,1,0,0,1
Oily,55+,5.941366656659203,1869.695833833021,88,High,Medium,77.00441964335415,0,0,1,0
Oily,25-34,4.768938330394034,2043.6024960186335,6,Low,High,81.40503400863429,0,0,0,1
Oily,45-54,8.870955475997016,2067.745686158381,93,Low,Medium,79.32098406243976,1,0,0,0
Dry,18-24,9.31198171720198,2666.9990929384626,14,Moderate,High,71.04558213913093,1,1,0,0
Dry,18-24,8.166602570871781,2037.342921318443,33,High,Low,64.34293813180854,1,1,1,0
Oily,18-24,7.033750582368159,2381.89988618163,11,Low,Low,90.0,0,0,0,0
Sensitive,45-54,6.412494085743951,1058.739624266268,44,High,Medium,73.82330944220291,0,0,1,0
Dry,35-44,7.73800608115444,1434.4656850325143,63,High,Low,90.0,0,0,0,0
Oily,35-44,5.556788157714423,2000.111973997894,57,High,Low,80.38496384515311,0,0,0,1
Normal,35-44,6.857312683669795,1293.9621968421848,94,Low,High,81.6690724202393,0,1,0,0
Normal,35-44,7.24823734619971,2483.0698304305242,32,Low,Medium,90.0,0,0,0,0
Sensitive,18-24,5.307487644601325,2636.24166542438,99,Low,Low,83.50566811547915,0,0,0,1
Sensitive,55+,4.659743762305084,3058.662072185477,43,Low,High,71.75565729786939,1,0,1,0
Normal,45-54,6.383109354274775,2072.8084984134457,35,Low,Low,84.58797017700687,0,0,1,0
Combination,25-34,4.1619496412714945,1968.9319667653458,0,High,Medium,82.5427503644211,0,0,1,0
Sensitive,35-44,7.342723266577288,1956.9189479502527,7,Low,Medium,90.0,0,0,0,0
Normal,25-34,6.155378384421439,1526.7177407360925,55,Moderate,High,77.66163445957471,1,0,0,0
Normal,55+,8.695789929305967,2015.403567498975,92,Low,Low,79.10944943063687,0,0,1,0
Combination,under 18,9.311128564775158,1736.7588226025384,43,High,Low,77.82113828541353,1,0,0,0
Sensitive,18-24,6.347807959941674,2407.7971222980814,56,Low,Medium,75.18099125901678,1,0,0,0
Dry,55+,4.565537556994654,1393.2683199235385,17,High,Low,65.20532729468212,0,1,1,0
Combination,under 18,8.646227457029745,1414.0330353884026,11,Low,Low,75.48934155125019,1,1,0,0
Sensitive,45-54,4.271423477046179,2934.2635940365453,3,Low,High,81.3612326212622,1,0,0,0
Combination,under 18,4.909273528188692,2092.059699164085,8,High,Medium,64.56150721936501,1,0,1,0
Oily,35-44,7.103627789086406,594.6858416909581,6,High,Medium,58.31788527202528,0,1,1,1
Dry,55+,6.599024465248287,2224.2066247395546,84,Low,Low,71.30555965267764,0,1,1,0
Normal,under 18,7.531464072278291,2451.760341901751,39,High,Medium,56.56980805414018,1,0,1,1
Oily,under 18,6.418763027641849,2356.25222104608,96,Moderate,Medium,80.00152440400956,1,0,0,0
Sensitive,35-44,5.966006397879893,1294.7662917936125,56,Moderate,Low,81.61672002604259,0,1,0,0
Sensitive,55+,5.053407436478151,1268.9447724022925,3,Low,Medium,90.0,0,0,0,0
Sensitive,25-34,8.514378951836791,1242.7132454707216,42,Low,Medium,80.33298769903314,0,1,0,0
Oily,18-24,7.411058260973955,1867.0379029637834,19,High,Low,63.1253928654661,1,0,1,0
Normal,18-24,6.846027139824052,2681.8036475998497,56,Moderate,High,90.0,0,0,0,0
Dry,55+,6.34235894917709,2305.8007807748418,19,Low,High,58.352601941405645,1,1,1,0
Sensitive,18-24,7.056345027071668,1923.990547183651,46,High,High,60.92431166245747,1,0,1,0
Dry,18-24,10.0,1279.3291271423152,80,High,Medium,69.44841754552057,1,1,0,0
Combination,under 18,8.933697753156167,2328.203282744986,78,Low,High,78.34021796109617,1,0,0,0
Dry,55+,6.280712508052324,2814.659258720806,77,High,Medium,75.1084543355026,0,1,1,0
Sensitive,18-24,4.227834831417195,1739.1166713504642,74,High,Low,70.67802563620106,1,0,0,1
Dry,45-54,5.187276693596386,2206.04173243573,9,High,High,65.49452525189602,1,1,0,0
Dry,18-24,5.330403848219234,2216.5319733706597,39,Low,Medium,78.2055748263609,1,0,0,1
Oily,under 18,6.720345376267669,1760.323028671958,33,High,Low,72.13157645949548,0,0,1,1
Dry,35-44,7.582970869049966,1865.689188030968,27,Moderate,Low,79.71820938910508,0,1,0,0
Sensitive,18-24,5.367047735411441,3400.6864948174893,27,Low,Medium,82.1668763253139,1,0,0,0
Combination,55+,6.269249225456283,891.1954599239925,15,High,High,68.62598900361408,1,1,0,0
Combination,25-34,5.736851965417917,1366.361655813635,73,Moderate,Medium,75.8419988780688,0,1,0,1
Oily,55+,8.239218424060773,2160.826329795793,70,High,High,73.47586881739034,0,0,1,0
Sensitive,18-24,7.598069202685516,1814.9887670813778,64,Low,Medium,90.0,0,0,0,0
Normal,under 18,6.580974629414618,1814.5344481961658,15,Moderate,Medium,78.58318644684175,1,0,0,0
Dry,25-34,6.8782102237967955,2417.6667176824176,84,Moderate,Medium,90.0,0,0,0,0
Normal,45-54,7.50411311875802,2250.056414810433,56,Low,Medium,81.93553827816152,0,0,1,0
Dry,55+,7.749338362373804,2442.221218690869,79,High,High,50.32259960576303,1,1,1,0
Oily,35-44,7.432225062310382,2179.4240363394592,40,Low,Medium,75.5613023302768,1,0,0,0
Oily,45-54,8.783209361789735,1667.477040998444,28,Moderate,Medium,74.70665372979073,1,0,1,0
Combination,35-44,5.716386130072739,1407.039200406572,71,Low,Medium,83.0343013258545,0,1,0,0
Normal,under 18,7.274371845430384,1073.1338793904383,17,Moderate,Medium,75.95910959317223,1,0,0,0
Sensitive,45-54,7.693231144089516,1945.4034527497236,81,High,Medium,80.37192230609193,0,0,1,0
Oily,55+,8.701959549731585,1664.0413447675046,9,Moderate,High,66.8871926512865,1,0,1,0
Oily,55+,6.69502257187374,2561.1016666466844,3,Moderate,High,72.93387143607025,1,0,1,0
Oily,18-24,9.07470347016723,1659.92381712409,8,High,Medium,77.99946467363641,1,0,0,0
Sensitive,under 18,7.27267184888074,2147.2094888420243,98,Moderate,Medium,90.0,0,0,0,0
Normal,under 18,7.560480108431722,1868.712170342189,13,Low,Low,83.61206853932535,1,0,0,0
Dry,under 18,8.922075097185452,1055.1482581892274,53,Low,Low,77.38460130596881,1,0,0,0
Sensitive,18-24,6.368304647798374,2223.9653663864733,71,High,High,75.0496964929819,1,0,0,0
Normal,18-24,7.685837217924015,2676.3795153073816,81,Low,Low,84.39922082765518,1,0,0,0
Sensitive,under 18,8.797338089801931,1857.2291873463882,33,High,High,55.475128030440715,1,0,1,1
Normal,45-54,8.949806865295907,1642.9791281112725,81,Moderate,High,68.65076373267222,1,0,1,0
Combination,under 18,8.396331074187756,2905.2612392104966,35,Moderate,Low,90.0,0,0,0,0
Oily,55+,8.822416160282454,2052.885191762062,60,Low,Medium,77.0010976213191,0,0,1,0
Sensitive,under 18,6.502331842341817,1235.7043518703567,91,Moderate,High,71.59123558964593,1,1,0,0
Normal,55+,7.465809456871306,1442.3913860145403,76,Moderate,Medium,70.20291776853617,0,1,1,0
Sensitive,55+,5.810298004579095,1404.6270996316644,97,High,High,69.21592551267237,0,0,1,1
Normal,55+,6.309411501015017,1986.0152927565089,68,Low,Medium,84.76196384403336,0,0,1,0
Combination,55+,7.410421871748557,1699.7466822930182,80,Low,Low,81.72372755349679,0,0,1,0
Combination,55+,8.603925559592774,1895.897371005017,86,High,Low,73.42178878030836,0,0,1,0
Dry,45-54,5.818416350101721,2113.146133621718,7,Low,Medium,80.66349336936514,0,1,0,0
Combination,45-54,9.945329250315723,2167.580283267559,80,Moderate,High,63.350411441055144,1,0,1,0
Sensitive,18-24,6.4557165589395895,1236.2693219406478,45,Moderate,High,75.82750794345172,1,0,0,0
Sensitive,25-34,6.670881518541894,2117.464062544058,10,Low,Low,90.0,0,0,0,0
Oily,under 18,6.418628663116645,1167.3076808795004,64,Moderate,Low,64.9825403249131,1,1,0,0
Combination,under 18,5.72415191574485,2727.2692304438788,67,Low,Low,81.54767575990947,1,0,0,0
Normal,25-34,9.15100150559569,1556.680415397701,100,High,High,90.0,0,0,0,0
Sensitive,25-34,8.009135180799133,1410.7136076149131,30,Moderate,Low,78.59090236990362,0,1,0,0
Sensitive,35-44,9.106474422992429,2122.617923947118,97,High,High,76.77043144052757,1,0,0,0
Sensitive,55+,8.4244622479248,1142.4533264087304,46,Moderate,Medium,66.73963054313434,0,1,1,0
Combination,55+,8.016455652887332,1996.1629681577483,95,Low,Medium,90.0,0,0,0,0
Dry,25-34,8.277893606186264,2457.433899048925,95,High,Medium,77.06890608425616,0,1,0,0
Oily,under 18,7.098677034212124,1699.5851804520426,84,Moderate,Medium,76.47899864928436,1,0,0,0
Sensitive,45-54,8.169544273269242,1969.922750297436,96,High,Low,76.56088176902543,0,0,1,0
Sensitive,25-34,5.690822569708536,1539.923884271157,20,Low,High,72.70100346606756,1,0,0,1
Normal,45-54,4.784253375531428,1744.8544202184685,6,Low,Low,75.02839831445289,0,0,1,0
Oily,35-44,8.654038069111568,2088.914899852717,0,Low,High,90.0,0,0,0,0
Oily,25-34,6.205348441115439,2402.42796909004,73,High,Low,82.17131472054852,1,0,0,0
Sensitive,45-54,5.751285067414917,2047.6751371663893,94,Moderate,Medium,74.97581379187628,0,0,1,1
Dry,55+,6.730554440911727,2389.565312794176,77,Moderate,Medium,70.40444688748498,0,1,1,0
Combination,18-24,4.634157443620749,1574.9011270926721,92,Moderate,High,90.0,0,0,0,0
Normal,25-34,4.542631511358199,1870.201639095365,18,Low,Medium,83.97753442587475,0,0,0,1
Sensitive,under 18,8.817141255448647,1747.2763951732363,8,High,High,57.7108756726342,1,0,1,1
Normal,18-24,6.233974092706524,2435.862212092068,84,Low,High,82.13144599628377,1,0,0,0
Normal,under 18,8.60282433768295,1955.714466365605,61,Low,Medium,90.0,0,0,0,0
Dry,18-24,8.027072281074839,1461.5227295610268,94,High,Low,82.08124531199252,0,1,0,0
Oily,45-54,9.066961500888121,3074.353146968526,83,Moderate,Low,61.982042667558744,1,0,1,0
Oily,55+,7.7818236867830874,957.8341893285997,77,Low,Low,64.33482468791033,0,1,1,0
Oily,under 18,6.162654606403324,2306.4126608346605,74,Low,Medium,75.23559117889387,1,0,0,0
Sensitive,35-44,6.367775504250456,2636.0992771250485,58,Moderate,Medium,90.0,0,0,0,0
Dry,35-44,7.882235896653798,1646.7622496171016,43,Moderate,Medium,81.514060847551,0,1,0,0
Combination,45-54,7.0483972161568795,1553.083389680455,7,Low,Medium,77.4360361198902,0,0,1,0
Normal,25-34,6.726122682381337,1722.7033797837241,89,Moderate,Low,90.0,0,0,0,0
Combination,55+,8.762142700349557,3058.0060284154974,92,Low,Low,82.90434903854668,0,0,1,0
Normal,18-24,4.853217500146372,1038.391856895124,73,Moderate,Medium,73.94996708524681,0,1,0,1
Dry,18-24,6.632241367222921,1240.7921505856589,83,Low,Low,77.54792958621701,1,0,0,0
Normal,25-34,7.069317405506376,2374.4680569029633,43,High,Low,82.8511574816127,0,0,1,0
Combination,under 18,9.241212845900238,2100.6972793576406,55,Low,Medium,90.0,0,0,0,0
Sensitive,25-34,6.710267162725631,1010.8075417134579,91,Low,Medium,83.76703934771194,0,1,0,0
Combination,25-34,7.039277723778698,2035.6436302747309,64,Moderate,Medium,90.0,0,0,0,0
Dry,under 18,7.958435221319118,1645.7559492354544,53,Moderate,High,77.65239447439122,1,0,0,0
Dry,35-44,6.34742109964621,1260.9988723479078,89,High,Medium,90.0,0,0,0,0
Dry,45-54,3.5630607896739024,1445.7514546016082,36,Low,Medium,60.787906099556096,0,1,1,1
Combination,45-54,4.644511278620476,2168.356147710306,79,Low,Medium,83.32515088906794,0,0,1,0
Dry,45-54,6.222798914999714,1730.8814349626055,33,High,High,44.677068051982765,1,1,1,1
Oily,35-44,5.523380430737182,500.0,86,High,Medium,73.48803572167168,1,1,0,0
Sensitive,55+,9.262466123121325,1499.8647386116058,37,Moderate,Medium,81.42615163795654,0,0,1,0
Normal,under 18,6.38136989522514,1272.5539173553448,3,Moderate,Low,68.5183175519701,1,1,0,0
Normal,35-44,8.457895515160951,2071.714468518662,63,High,Medium,90.0,0,0,0,0
Combination,25-34,5.760452072101197,1803.885194327988,63,Low,Low,82.65036967537952,0,0,0,1
Sensitive,45-54,9.517269883187305,1963.515284059361,87,Moderate,Low,90.0,0,0,0,0
Combination,35-44,6.7273996935761415,1529.3092569303674,57,Low,High,78.2092994635236,1,0,0,0
Dry,35-44,4.1581282742915455,1919.9806632103277,62,Low,High,56.60067819456026,1,1,0,1
Combination,55+,7.4882276684869264,2549.792232163835,9,Moderate,Medium,84.51322076894466,0,0,1,0
Sensitive,18-24,3.627255198250517,1437.4518364884855,34,High,Medium,81.67659923468277,0,0,1,0
Sensitive,45-54,6.1288883641653245,1998.259575713399,79,Low,High,68.92511622081228,1,0,1,0
Dry,35-44,6.782449462707366,1939.1556571563651,44,Moderate,High,75.78410657743814,0,1,0,0
Dry,18-24,7.612144087854917,1548.3534446104454,97,High,Medium,70.10577190953529,1,1,0,0
Combination,55+,8.401212163350541,2216.7262208497405,6,Moderate,Medium,77.37864545692842,0,0,1,0
Combination,25-34,6.520251603807881,2800.453995944458,95,Moderate,Low,90.0,0,0,0,0
Combination,25-34,9.33462405335765,2466.447677596904,53,High,Medium,90.0,0,0,0,0
Oily,35-44,3.0,2789.4725463589875,53,High,High,68.09357449335904,1,0,0,1
Dry,35-44,8.192137783707901,3003.2043188564685,32,Moderate,High,81.29504171657685,0,1,0,0
Oily,55+,8.856196887600309,2789.1713387486425,52,Low,Low,78.77010833649089,0,0,1,0
Dry,18-24,8.317982275270568,2674.346599322756,16,Moderate,Medium,68.82248695547271,1,1,0,0
Oily,45-54,9.99118561110166,2108.277369189103,16,Low,Low,63.0184626942758,1,0,1,0
Combination,45-54,4.641654183882805,1846.269549992429,97,High,Medium,68.84296791008927,0,0,1,1
Normal,55+,7.584918399075155,2037.4437921857789,77,Moderate,High,71.05428670818357,0,0,1,0
Oily,25-34,5.13015705076086,1184.4661874025105,20,Moderate,High,71.16704544705863,0,1,0,1
Dry,25-34,5.888255997047756,2403.8697779920753,72,High,Low,83.66852877772892,0,1,0,0
Oily,18-24,9.370509656234454,2458.2838068888504,61,Moderate,Medium,77.81510049356885,1,0,0,0
Oily,under 18,8.586140930671204,1959.5922134182213,62,Moderate,Low,77.46854203895191,1,0,0,0
Oily,45-54,4.3868763134410536,1772.3897095586474,64,Moderate,Low,69.84146924134085,1,0,0,1
Dry,35-44,6.611853382191432,1751.4737565821588,0,Moderate,Low,90.0,0,0,0,0
Oily,35-44,7.082042298061939,2220.709879946475,24,Moderate,Medium,78.58826765888129,1,0,0,0
Combination,35-44,8.279522782365246,1860.9400678168329,58,Moderate,Medium,90.0,0,0,0,0
Normal,55+,4.144360891533109,1758.5611403544326,37,Low,High,76.99612326436608,1,0,0,0
Oily,55+,7.065565595487976,2611.403961066704,4,Low,High,81.72997618998619,0,0,1,0
Dry,25-34,6.148288236723841,2256.271814199701,98,High,Low,81.95394025259664,0,1,0,0
Sensitive,18-24,7.435131849453149,2021.9502665616942,95,Moderate,Low,82.70731726385307,1,0,0,0
Combination,35-44,8.395799978986886,1669.5794016237096,10,Low,High,77.4720419085587,1,0,0,0
Oily,18-24,6.1372203255347255,1994.049588452886,69,Low,High,76.43052445171193,1,0,0,0
Normal,25-34,6.03978024235945,2254.0061455273,64,High,Medium,90.0,0,0,0,0
Dry,55+,5.930211543450801,2113.1521038725673,8,High,Medium,75.03061254978688,0,0,1,0
Oily,under 18,6.8497408468198655,2107.462982388353,83,Low,High,80.33367265131871,1,0,0,0
Normal,under 18,6.310387907405441,1830.4558527365864,26,High,Medium,57.86612326473764,1,0,1,1
Normal,under 18,7.144013901995575,2101.0372530806562,83,Low,Low,76.50950004708996,1,0,0,0
Normal,45-54,6.993697126913266,2852.681178256542,35,Moderate,Low,90.0,0,0,0,0
Sensitive,45-54,5.513894621888074,1967.8981025236433,6,High,Low,70.82740699250843,0,0,1,1
Dry,35-44,4.639556466824523,2186.040739333693,46,Low,Medium,74.7198943967574,0,1,0,1
Dry,55+,5.327130195434779,1860.8448720617118,32,High,Medium,70.70718768738254,0,0,1,0
Sensitive,under 18,6.4419035120030115,2140.445563300586,74,High,Medium,90.0,0,0,0,0
Dry,under 18,6.17081362368223,1702.3471511530088,47,Moderate,High,78.12610699556097,1,1,0,0
Sensitive,25-34,9.153784696128847,2142.283395237263,19,Moderate,High,90.0,0,0,0,0
Normal,45-54,6.158423721966598,1874.5831640943845,9,High,Medium,80.2189986592035,0,0,0,1
Dry,45-54,9.468032428406117,1882.4175608744515,64,Low,Low,84.26162985503628,0,1,0,0
Normal,35-44,5.966085065271418,1657.5019249368038,56,Moderate,Medium,90.0,0,0,0,0
Oily,18-24,6.176310278515634,1702.7511387866389,51,High,Low,81.47951227125053,1,0,0,0
Sensitive,25-34,5.080528227476135,1437.899951526511,17,High,Low,58.8901210745158,0,1,1,1
Combination,55+,5.756019438457945,2295.785509226549,72,High,Low,62.835642388128775,0,0,1,1
Combination,45-54,6.42814406909069,1896.4191554529798,99,Moderate,Low,73.82978880989575,0,0,1,0
Combination,55+,8.905132037882346,2647.5035749692092,40,Moderate,Medium,70.19871733233937,0,0,1,0
Sensitive,under 18,6.576812585293397,1684.5682446582955,92,Low,High,80.63070622509261,1,0,0,0
Combination,under 18,5.703354529489693,2346.387884854119,99,High,Low,79.173794474392,1,0,0,0
Combination,45-54,6.692939149716568,1806.752554838605,44,High,Medium,77.26647512754334,0,0,1,0
Dry,18-24,5.779503137293671,1615.1667954943057,72,High,High,56.85741683746825,1,1,0,1
Oily,under 18,7.480087287239867,1342.280867056369,74,Moderate,Low,80.8493162406339,0,1,0,0
Oily,45-54,8.492303040681907,1733.0776780925407,99,Moderate,High,90.0,0,0,0,0
Normal,35-44,6.775546083622311,1331.5110209297227,68,Low,Medium,90.0,0,0,0,0
Dry,under 18,6.981451092636453,1835.8395286547202,28,High,High,83.99802126411328,0,1,0,0
Normal,45-54,6.9248791017153,2735.8544491809453,54,Moderate,Medium,81.70240713921837,0,0,1,0
Dry,under 18,7.26654706868536,1602.670407927098,25,High,Medium,64.3322934958201,0,1,1,1
Oily,45-54,5.933020134180148,2297.5655929568843,80,High,Low,52.0909733411288,1,0,1,1
Normal,35-44,8.948039936490137,2140.959010375525,62,Moderate,Low,90.0,0,0,0,0
Combination,25-34,8.033069116832154,2304.8688616683526,50,Moderate,Low,90.0,0,0,0,0
Normal,18-24,9.128596620036282,1025.2049136369837,9,Moderate,Medium,69.99795340507755,1,1,0,0
Combination,35-44,8.000828408956792,2491.868021951782,70,High,High,75.33079294554243,1,0,0,0
Oily,25-34,4.99191444079664,1557.165907996792,66,High,Medium,84.41866682098546,1,0,0,0
Dry,under 18,5.72382587705777,1635.6049018113083,17,High,Low,58.50443721347927,1,0,1,1
Oily,45-54,6.277424423596711,2121.3014065274706,41,High,Low,65.71425830767686,1,0,1,0
Combination,45-54,8.298511976751055,2540.6584788842683,100,Moderate,High,90.0,0,0,0,0
Normal,55+,5.743265408248327,1577.6485006485086,7,Low,Medium,77.40298126583718,0,0,1,0
Sensitive,35-44,8.973732760024335,2323.3719677093222,97,High,Low,90.0,0,0,0,0
Combination,55+,7.124297262803494,2236.6683377774834,63,Moderate,Low,73.70143787125627,0,0,1,0
Dry,45-54,6.955294327222839,2262.2923415238074,81,Low,High,64.758923495298,1,0,1,0
Sensitive,35-44,6.49589995524139,2134.4024672196156,8,High,Low,90.0,0,0,0,0
Oily,25-34,4.734180924445756,1656.1078525872845,37,Low,High,76.59309183553033,1,0,0,1
Oily,under 18,5.984483234814485,1812.8049833965429,11,High,High,70.91054188167608,0,0,1,1
Combination,18-24,5.610230117830378,1733.228187088459,84,High,Medium,90.0,0,0,0,0
Normal,35-44,4.728378906402819,2274.3502381974504,79,High,High,75.83482260894046,1,0,0,1
Dry,18-24,6.8762297216329085,1147.3961961119917,71,High,High,67.2867825316293,1,1,0,0
Oily,55+,5.74775513417999,2168.3007137810832,49,Low,High,49.15236216774394,1,0,1,1
Combination,under 18,6.185467080421315,1651.5292699309516,82,Low,High,75.26225943338986,1,0,0,0
Normal,18-24,6.888110984487885,2171.798767589108,68,Moderate,Medium,90.0,0,0,0,0
Dry,under 18,4.845471314441259,2275.0642406089396,67,Low,High,82.15762813894044,0,0,0,1
Dry,55+,5.799560077588935,1991.0360158751007,79,High,Medium,74.56105696785988,0,1,1,0
Oily,35-44,6.9468697889627355,1736.4669408801128,15,Moderate,Medium,79.49068588571966,1,0,0,0
Oily,18-24,5.464510380803929,1857.1567259538683,28,Low,Low,79.90645219274154,1,0,0,0
Sensitive,35-44,9.437995463612793,1319.1624847681846,51,Moderate,Medium,90.0,0,0,0,0
Dry,55+,9.538469528657313,1870.1394144617338,100,High,High,64.82425209154431,1,0,1,0
Normal,35-44,7.053057125632959,1456.6445943076365,40,Moderate,Medium,90.0,0,0,0,0
Normal,45-54,5.843095874983779,1748.5451749809904,96,Low,Low,77.91555393243027,0,0,1,1
Sensitive,45-54,5.431457543683132,1895.5410213145642,61,Low,High,64.33026422398623,1,0,1,1
Combination,35-44,6.389476162289843,2925.3905712178666,8,Low,Medium,90.0,0,0,0,0
Combination,45-54,5.251038721479309,2051.3452583742937,53,Moderate,Medium,76.99705439388634,0,0,1,1
Sensitive,25-34,7.371769422852737,1464.8397256740814,97,Low,Medium,81.9955162724434,0,1,0,0
Combination,55+,8.030241243179258,1800.836493559186,66,High,Low,80.15291637113364,0,0,1,0
Sensitive,55+,3.2614155226253994,2329.9248060522823,77,High,Low,72.75442028187673,0,0,1,0
Oily,under 18,5.3245886738464545,1476.1125269304505,14,Moderate,High,65.63399165017478,1,1,0,0
Combination,35-44,8.031853124338598,1826.419258790775,54,Moderate,High,75.06813130996547,1,0,0,0
Combination,under 18,8.376658225827251,2605.0830476826595,84,Moderate,High,90.0,0,0,0,0
Normal,45-54,6.032607309516553,2396.631247977515,25,High,High,83.70411558322914,0,0,0,1
Combination,55+,5.866808797910677,3116.557958566088,7,Low,Medium,70.7039357615643,0,0,1,0
Combination,55+,5.960564493203178,2513.043720480002,95,Moderate,Medium,81.38432672015091,0,0,1,0
Normal,45-54,8.265685038822363,2158.043911054467,19,Low,Medium,71.71394649599878,0,0,1,0
Dry,25-34,5.9941852578749755,1924.3012540292955,98,Moderate,Medium,90.0,0,0,0,0
Combination,55+,3.7696178305831722,2112.210019191125,60,High,High,80.88056308627739,0,0,0,1
Dry,18-24,7.524422996542578,2066.749709530686,34,High,High,75.18796807834289,1,0,0,1
Dry,55+,3.0,1367.1817774550946,88,High,High,41.065602390342264,1,1,1,1
Sensitive,under 18,5.877863525727006,2145.829466594523,26,High,High,50.227546130294336,1,0,1,1
Sensitive,45-54,7.434008358464476,1914.8881040144104,12,High,Low,73.05211764454356,0,0,1,0
Normal,25-34,7.952868304905935,1486.8788123485501,11,High,Low,72.97814021584091,0,1,0,1
Sensitive,18-24,7.915352508540995,2237.3710524199455,44,Low,High,76.32458569613512,1,0,0,0
Oily,45-54,7.566332099256866,1908.9797844571722,46,Moderate,Medium,76.89295907908985,1,0,1,0
Normal,45-54,9.746115737246893,2246.597844244939,30,Low,Medium,84.23251060129624,0,0,1,0
Dry,25-34,5.5474962051196615,2124.152737867992,51,Low,Low,82.47456836884236,0,0,0,1
Sensitive,35-44,8.128725065611327,1705.9457005378451,24,Moderate,High,78.87626781992081,1,0,0,0
Combination,35-44,8.633908370396648,2191.016852858005,74,High,Medium,90.0,0,0,0,0
Combination,35-44,3.4862824935019794,2149.835988668963,12,Moderate,High,80.63313732637134,1,0,0,0
Dry,18-24,6.390956268380927,2268.589907270868,99,High,Medium,76.49565983266423,0,1,0,0
Sensitive,45-54,8.416322260377722,2097.581023570909,40,Moderate,Medium,81.84509430474904,0,0,1,0
Sensitive,35-44,9.497878350917043,1910.646557718252,6,High,High,58.84903396261237,1,0,1,1
Normal,35-44,7.937226734580813,2402.4712868186734,22,High,High,52.643008402971134,1,0,1,1
Oily,35-44,6.853981046660901,2389.387153988891,25,Low,Low,82.06486609671676,1,0,0,0
Oily,under 18,6.107990519256747,1788.7157904893907,60,Low,High,76.078392926436,1,0,0,0
Normal,under 18,5.031266964495531,2120.7045581850234,30,Low,High,81.88403572077564,1,0,0,0
Combination,55+,7.487877513781516,2589.631579289615,63,Moderate,High,90.0,0,0,0,0
Dry,25-34,8.186710006533826,1857.6022216762835,83,High,Low,78.20187851529052,0,1,0,0
Dry,under 18,5.232730468998584,2216.425201259987,7,High,High,49.92216954827215,0,1,1,1
Combination,25-34,8.666129758621963,2377.592486901972,39,Low,Medium,90.0,0,0,0,0
Oily,45-54,8.626716287285932,1894.0552344008788,81,Moderate,Medium,68.4517248274536,1,0,1,0
Normal,25-34,6.300071547736532,1631.5493238841004,9,Low,High,90.0,0,0,0,0
Combination,45-54,6.916155300079606,1960.7046020155904,54,Low,Low,70.26356528243377,0,0,1,0
Sensitive,55+,7.310016442808674,1935.351271482246,5,High,High,72.99359272203093,1,0,1,1
Oily,35-44,6.799558405409843,1611.652973513928,33,High,High,66.40091753464664,1,0,1,1
Dry,25-34,8.412428520327236,2038.2590311218557,35,Low,Low,78.73513508650612,0,1,0,0
Normal,45-54,6.738334098572077,1626.2853733753977,36,Moderate,Medium,81.68726691808142,0,0,1,0
Dry,under 18,5.002130334413371,2653.9820962746717,55,Moderate,Low,67.01731354402672,1,0,0,1
Normal,18-24,7.83195806219771,1188.0410787150163,44,Moderate,High,80.39084977833446,0,1,0,0
Oily,55+,8.144713451064485,2461.2405851165545,1,High,Medium,66.17291782968724,1,0,1,1
Combination,55+,7.186564183451394,2799.0554478758795,95,Low,Medium,83.58571116783676,0,0,1,0
Normal,25-34,7.325079463184324,1291.588236025405,29,Low,High,90.0,0,0,0,0
Oily,25-34,7.5477535015724815,2122.4486508563646,58,High,Medium,77.64457622093124,1,0,0,0
Oily,18-24,6.0950547268327675,2286.7794184387126,72,High,High,90.0,0,0,0,0
Normal,18-24,4.498502100713707,2495.283413721395,20,Low,Low,71.50257421333075,1,0,0,1
Dry,under 18,5.682817444591821,1507.5269374414838,65,High,High,74.96861320791496,1,1,0,0
Dry,35-44,6.829262841538784,2216.4864640218175,77,Moderate,Low,84.5451300702216,0,1,0,0
Combination,under 18,7.245886095390144,1628.6704171138108,61,High,Low,83.64128974984904,1,0,0,0
Normal,under 18,6.2408660632121675,1433.4788263112691,29,High,Medium,73.7439768572786,0,0,1,0
Dry,35-44,6.662980147555195,2537.510607255455,32,High,Medium,62.182982284161966,0,1,1,1
Dry,35-44,6.993605593534186,2429.7071273797264,82,Moderate,Medium,90.0,0,0,0,0
Normal,45-54,9.183102006589287,1705.9907404815165,75,Moderate,Low,76.56786556271668,0,0,1,0
Combination,55+,6.720140120416953,3085.5964305312473,67,Low,Low,84.60549292831828,0,0,1,0
Sensitive,55+,9.166515117969919,1163.7977370938238,32,Low,Medium,64.58464695371194,0,1,1,0
Oily,45-54,7.58072247409136,2000.2799961698477,40,Low,Medium,62.39445253486857,1,0,1,0
Sensitive,55+,8.239679666288144,1627.5106162574723,13,Moderate,High,76.64359355808153,0,0,1,0
Dry,35-44,5.740587441938992,1661.9646423531954,62,Low,Low,90.0,0,0,0,0
Combination,25-34,6.142107180702351,2407.662083404507,32,Moderate,High,79.31999913549262,1,0,0,0
Oily,35-44,5.228198240276679,1688.6930500203405,15,Moderate,Medium,84.90114241618195,1,0,0,0
Combination,25-34,4.316481414247838,2503.5589117061863,50,High,High,70.47215499169342,1,0,0,1
Combination,55+,8.90654514914671,1836.4632845681067,62,Low,Medium,80.82795233292033,0,0,1,0
Sensitive,35-44,6.553075952780166,2226.610951141449,48,Low,Medium,90.0,0,0,0,0
Dry,18-24,9.211723011067384,2204.3053737819587,50,Moderate,High,90.0,0,0,0,0
Sensitive,25-34,5.953687086287328,1190.5887140067798,13,Low,Low,79.567687883856,0,1,0,0
Normal,45-54,5.327310606004769,2036.6097251562326,26,High,High,73.28803397874603,0,0,1,1
Combination,under 18,6.017008715198808,2097.4838529953795,39,Low,High,90.0,0,0,0,0
Combination,under 18,6.170613975645649,1470.9267843527941,51,Low,Low,62.51571445541766,1,1,0,0
Combination,18-24,5.234452552820393,2781.177254686615,88,Moderate,Medium,69.4433749547497,1,0,0,1
Oily,35-44,8.333481623775464,2865.258975913979,25,Moderate,Medium,80.40066746509828,1,0,0,0
Dry,25-34,7.809926351132654,1785.0042956925804,82,High,Low,90.0,0,0,0,0
Dry,35-44,8.985011383734907,1983.465999319116,49,Moderate,Low,76.208126250892,0,1,0,0
Normal,18-24,7.331262655435529,1978.5878104622404,96,High,Low,90.0,0,0,0,0
Normal,25-34,3.0,2802.3675061474264,30,High,Medium,80.75367784510809,0,0,0,1
Oily,45-54,7.73650591893663,2164.911530434255,83,High,Medium,76.61718958951357,0,0,1,0
Sensitive,18-24,6.907335906594159,2081.7139101930657,37,High,Low,64.25576015890344,0,0,1,1
Sensitive,25-34,6.104081596230628,2308.289676153636,34,High,Medium,64.64251272382023,0,0,1,1
Combination,45-54,5.039352483401301,2093.0342162352736,78,Low,High,80.41179027154972,1,0,0,0
Sensitive,25-34,7.842360205856657,1900.6654330885485,73,Moderate,Medium,90.0,0,0,0,0
Dry,45-54,7.556301688706537,1504.332803882875,49,Low,Low,67.12000393179206,0,1,1,0
Dry,35-44,5.551259843656053,2118.3585605131966,69,High,High,84.89910728136681,0,0,0,1
Oily,55+,8.017824481931576,1062.5671722491445,86,Moderate,Medium,54.6131442864213,1,1,1,0
Oily,55+,7.78303095266615,1728.3992498118314,64,High,High,80.46076694116917,1,0,0,0
Sensitive,45-54,6.710790869038881,1330.2410382174814,75,Low,Medium,71.66535573874845,0,1,1,0
Oily,under 18,5.722574139719938,2483.0626627651554,4,Moderate,High,72.03408120524003,1,0,0,1
Sensitive,under 18,7.049295060970319,1808.6107991452207,18,Moderate,Medium,78.0576103806635,1,0,0,0
Normal,under 18,6.825267471053448,2244.6059123321506,70,Low,High,83.33753631640255,1,0,0,0
Sensitive,45-54,7.660741744245007,1962.4864998015996,79,High,High,75.88203790422354,1,0,0,0
Normal,55+,8.639438666345002,2485.231318453333,74,Low,High,78.24286116534918,1,0,1,0
Combination,55+,7.620058043695593,2027.3058914550352,71,Moderate,Medium,90.0,0,0,0,0
Dry,under 18,7.985981642679309,2157.1337109005917,90,Moderate,Low,80.83672782754884,1,0,0,0
Combination,25-34,8.591200107708922,2449.7806883691537,72,Moderate,Medium,90.0,0,0,0,0
Oily,35-44,5.472619147873408,1457.0184146291467,15,Moderate,High,68.97336105682592,1,1,0,0
Combination,under 18,5.948125683393886,2488.0693450334606,0,Low,High,77.58642015554668,1,0,0,1
Dry,18-24,4.635536504843132,2197.378694553997,99,Low,Low,64.99984753748954,1,1,0,1
Normal,35-44,7.543814636639442,2581.3240293430963,67,High,Low,90.0,0,0,0,0
Dry,55+,7.270508035995832,1328.3953047080497,71,High,High,58.963228679903224,1,1,1,0
Normal,55+,5.560967559027816,1409.0022390510876,62,High,High,40.0584762809667,1,1,1,1
Sensitive,55+,6.193084050500289,1908.5492162880366,41,Moderate,Medium,79.50662175095873,0,0,1,0
Sensitive,45-54,5.251837710668415,2735.3309953261446,89,High,High,62.155668664662834,0,0,1,1
Combination,18-24,5.012077942071338,2673.0517119312403,75,High,High,82.04954571816536,0,0,0,1
Sensitive,55+,8.77774454715901,2449.1512748445175,63,Moderate,Low,82.0744071474617,0,0,1,0
Sensitive,under 18,5.959350088754874,2171.2254395884506,98,High,Low,69.43020874596887,1,0,0,1
Dry,25-34,5.083943299674074,2455.453517516875,48,Low,Low,90.0,0,0,0,0
Oily,35-44,6.889022827695596,1795.3398927066573,87,Moderate,Medium,83.52340545652086,1,0,0,0
Oily,35-44,5.164382730015596,761.2469406854916,14,Low,Medium,63.20144905501582,1,1,0,1
Combination,under 18,5.442188714446366,2556.399097806453,52,Moderate,Low,72.37736075254745,1,0,0,1
Oily,55+,6.395749857287794,1915.3355714424763,37,Low,High,72.8850477427346,1,0,1,0
Sensitive,18-24,7.983331537432679,2902.8344390581324,21,Moderate,Low,90.0,0,0,0,0
Combination,25-34,8.987506982418457,1513.832498091906,31,Low,Medium,90.0,0,0,0,0
Dry,45-54,4.0861441428438905,3179.8071295500517,8,Moderate,High,57.13639843968211,1,1,1,0
Sensitive,45-54,10.0,2094.2267982146413,20,High,Low,78.46244637440654,0,0,1,0
Oily,25-34,5.094267631627268,2481.61326694697,90,High,Medium,83.03564492947287,0,0,0,1
Oily,18-24,6.838024470981085,1943.5094384466947,32,Low,High,75.09302344387288,1,0,0,0
Dry,under 18,8.341688264657694,2167.187373436649,17,Low,High,80.68040360630468,0,1,0,0
Sensitive,35-44,5.221277633477582,1837.6290324590132,51,Moderate,Medium,83.37839081010551,0,0,0,1
Dry,25-34,7.99172939299202,2255.1261112025095,20,High,High,55.472293765556,0,1,1,1
Normal,55+,7.393024861537714,2466.7114772379323,55,Low,Medium,84.81960162158761,0,0,1,0
Normal,under 18,6.457424518274103,2089.334887609536,30,High,Low,80.46915983972316,1,0,0,0
Sensitive,45-54,3.0,1775.1749030785932,96,High,High,74.43027243425017,1,0,1,0
Oily,under 18,8.145854362863467,1804.8027664414287,56,Low,High,81.34603470699658,1,0,0,0
Sensitive,under 18,6.300658912424332,1479.2735241125906,46,Low,High,74.71170124027037,1,1,0,0
Combination,25-34,8.505048839093718,2274.231636770285,11,Low,Low,90.0,0,0,0,0
Combination,55+,8.238121896734627,1136.8930190210554,75,High,High,67.24006535474064,1,0,1,0
Normal,18-24,6.759324935101549,1859.944496124997,51,Low,Medium,84.65008174010548,1,0,0,0
Dry,25-34,6.579142440102171,1691.9862281410221,85,Moderate,Low,80.174314022039,0,1,0,0
Normal,35-44,6.480843592329977,2424.8223913533257,88,Moderate,Low,90.0,0,0,0,0
Normal,18-24,4.130722969978256,2888.6473840152266,60,High,Medium,76.95791275843321,1,0,0,1
Dry,25-34,7.725761687539692,1978.8340521698935,97,Moderate,Medium,84.80106058202401,0,1,0,0
Oily,45-54,8.36025121955939,1274.0826274157826,63,Moderate,High,73.55058669047285,0,0,1,0
Sensitive,25-34,6.002948642273479,1939.462283804723,87,Moderate,Low,90.0,0,0,0,0
Combination,18-24,9.048340555648267,1976.751709436721,89,Moderate,Medium,90.0,0,0,0,0
Dry,18-24,7.6750820067777195,1705.2105020319361,86,Moderate,Medium,84.0521955504846,0,1,0,0
Oily,under 18,7.730263103451237,2838.6197964872285,34,High,High,70.68285202647094,0,0,1,1
Oily,45-54,8.493290037511171,1959.2720061110604,76,High,Medium,70.77397529385529,0,0,1,0
Normal,55+,8.013236270898204,2288.758477303606,97,High,High,57.769323198336295,1,0,1,0
Normal,under 18,7.759881507545914,2555.9766804302044,62,High,Low,90.0,0,0,0,0
Oily,45-54,8.6567165557562,1936.420701562558,2,Moderate,High,69.12679404860953,1,0,1,0
Normal,under 18,7.962818592216654,1808.4525394201032,69,Low,Medium,90.0,0,0,0,0
Dry,25-34,5.615391405526633,1865.2531221480067,91,Low,Medium,70.9969473108869,0,1,0,1
Oily,25-34,6.8855827723906255,1169.209505411004,48,High,Low,53.141727012710376,1,1,1,0
Oily,55+,8.29049883912508,616.3372886988011,23,Low,Low,54.998285068568734,1,1,1,0
Oily,18-24,10.0,2750.9395668981597,37,Moderate,Medium,77.24220288855742,1,0,0,0
Dry,45-54,6.60848691374153,2004.7131802818867,14,Low,High,56.70780616892696,1,1,1,0
Sensitive,25-34,7.454457810380925,1705.419806005529,79,High,High,82.3654018651852,1,0,0,0
Combination,45-54,7.288928721380405,1928.0000111491695,9,Low,Medium,90.0,0,0,0,0
Normal,18-24,6.858590924153551,2090.7305317403193,0,Low,Low,90.0,0,0,0,0
Combination,55+,5.029708302469008,2019.784862066824,55,Moderate,Medium,70.33221197849915,0,0,1,1
Sensitive,35-44,7.245171619926216,2064.4248106779573,45,Moderate,High,82.88918226788196,1,0,0,0
Combination,45-54,6.6762538668457685,2568.928887984686,79,Moderate,Low,71.09323503434925,0,0,1,0
Normal,55+,6.469521167677673,2113.662953411595,96,Moderate,Medium,79.03096587166152,0,0,1,0
Combination,under 18,8.945946300888318,1960.3119299898437,67,Moderate,Low,77.93557510286041,1,0,0,0
Normal,25-34,7.321694901201327,1951.8076818425513,24,Low,Low,90.0,0,0,0,0
Dry,under 18,8.856054690345399,1871.1377192068524,60,Low,Medium,65.31816718223456,1,1,0,0
Combination,under 18,8.925031865932308,1948.2060526764676,23,Moderate,Low,78.30498733621783,1,0,0,0
Normal,25-34,5.710810414827975,2339.6865852870606,99,Moderate,Medium,90.0,0,0,0,0
Normal,35-44,6.542998249366516,2310.2504495495814,15,High,High,70.87855035495963,0,0,1,1
Oily,45-54,3.0,2002.6026309474732,28,Moderate,Medium,52.96297342223761,1,0,1,1
Normal,45-54,6.31059205186378,1468.370656734361,65,Low,High,73.22709432694616,0,1,1,0
Combination,55+,6.170138497240301,1713.148427853674,76,Moderate,Low,78.46613384541057,0,0,1,0
Dry,18-24,6.928021307724128,1316.336769357522,30,Moderate,High,80.29989113357244,0,1,0,0
Dry,25-34,7.47441067038957,2683.107392602894,15,High,Low,68.76082128647003,0,1,1,0
Sensitive,45-54,7.421392745421739,2404.4943046145045,95,Low,Low,73.24863009955966,0,0,1,0
Dry,45-54,8.641843681920694,2618.244756092088,2,Low,Medium,78.22056085071267,0,1,0,0
Dry,45-54,9.805208039231958,1750.3990008620349,37,Moderate,Low,73.62399255059006,0,0,1,0
Combination,25-34,5.922274022258325,2391.7328241623673,58,Low,Medium,83.6121352353885,0,0,0,1
Combination,55+,8.0623993294861,2387.8376498078446,31,High,Low,90.0,0,0,0,0
Dry,55+,9.833923681375378,2005.684954399247,89,Low,High,62.93454140888056,1,1,1,0
Sensitive,35-44,7.639234839469277,1509.8058742582625,81,Moderate,High,90.0,0,0,0,0
Sensitive,55+,10.0,1831.7275393954444,81,Low,Low,83.53610697245526,0,0,1,0
Oily,25-34,6.537676107758755,1826.6250544958787,0,High,Low,69.16386738406086,1,0,1,0
Oily,55+,6.032656212033493,1635.2814755761754,69,Moderate,Medium,62.476266924038114,1,0,1,0
Dry,55+,6.214443575665712,1317.1020359745276,36,Low,Low,72.14019474186932,0,1,1,0
Combination,18-24,5.822023119605142,2974.48155572381,46,Moderate,Medium,76.3748593867616,1,0,0,1
Combination,under 18,8.103482715462054,2462.952088363859,21,Low,High,79.74459745904326,1,0,0,0
Combination,18-24,8.765813181125372,2917.0672821811954,11,Low,Medium,80.68024039303654,1,0,0,0
Oily,18-24,4.342866172834234,1385.0584423567298,91,Moderate,Low,57.356094374203394,1,1,0,1
Combination,18-24,5.794414508657972,1765.135101755201,100,Low,High,82.14637991323163,1,0,0,0
Normal,45-54,6.549145914122127,1776.5112235969796,31,Moderate,High,66.9373513836384,1,0,1,0
Sensitive,45-54,7.328963369698081,2017.647695372608,89,High,Low,82.33512637843663,0,0,1,0
Combination,18-24,5.915747807232625,912.225611506215,16,High,High,61.11886635813623,0,1,1,1
Sensitive,45-54,5.510696941931952,1725.3806733437123,37,Moderate,High,52.84638860528309,1,0,1,1
Normal,35-44,6.629380844788421,1435.1662703447314,27,High,Medium,64.149962346882,0,1,1,1
Combination,45-54,6.26379030025537,1434.506305757207,17,High,Low,73.7751623125865,0,0,1,0
Combination,55+,6.811270972677501,1463.4543358186925,6,Low,High,78.6622029389099,0,0,1,0
Sensitive,55+,5.726643015444303,1345.6579345054306,25,High,High,49.14402071245867,1,0,1,1
Normal,under 18,6.769748956645325,1566.7761150238007,90,Moderate,High,83.46299068554559,1,0,0,0
Dry,under 18,8.360176400013144,2202.9251333464495,5,High,High,68.75997589871159,1,0,1,1
Normal,under 18,6.895222197724536,1601.2572513281057,50,Low,Medium,90.0,0,0,0,0
Sensitive,25-34,7.570780457974454,2345.3504446743186,75,Moderate,Low,90.0,0,0,0,0
Combination,45-54,7.214032618302445,2801.850927733465,98,Low,High,63.779415890262165,1,0,1,0
Oily,55+,7.689455977112224,2456.8036087840173,65,Low,Low,63.2688709970048,1,0,1,0
Dry,25-34,7.200348123303967,2337.832226628488,20,High,Low,52.17200105316624,0,1,1,1
Sensitive,35-44,5.8048281509962365,1770.800818393603,44,High,High,67.50663151632128,0,0,1,1
Combination,under 18,7.5240453302235695,2171.0497407786906,58,Low,High,77.57057746262197,1,0,0,0
Oily,18-24,7.761417734414871,2550.1964461393645,83,Low,Medium,90.0,0,0,0,0
Dry,25-34,4.862543242276882,1512.7737261948519,29,Moderate,Medium,73.30365711553517,0,1,0,1
Combination,55+,7.34435896161138,1637.8181840982697,100,Low,Medium,73.46440426988828,0,0,1,0
Normal,35-44,10.0,2257.859809585068,41,Low,Low,90.0,0,0,0,0
Oily,under 18,6.882503726604764,1742.2653634580704,38,High,High,58.80491838540421,1,0,1,1
Dry,45-54,6.279756575210433,2015.0703306575888,3,Moderate,Low,62.86661588847826,0,1,1,0
Combination,35-44,7.167972898931887,1771.6504276532435,50,High,Medium,90.0,0,0,0,0
Normal,35-44,6.590271630220148,2672.1422876172983,85,Moderate,Medium,90.0,0,0,0,0
Dry,55+,9.07675744397655,2126.0169899674383,11,Moderate,Low,72.77343244292562,0,1,1,0
Sensitive,45-54,4.988110409144893,2269.2515783195217,84,Low,High,83.06571319959181,0,0,0,1
Normal,25-34,9.331423662416539,2684.8905509811893,91,Low,Medium,90.0,0,0,0,0
Combination,45-54,8.1016387792145,2711.2114776429107,57,High,High,74.94599749008542,1,0,1,0
Normal,under 18,7.080076408718533,2314.0514849168526,95,Low,High,79.77408091064,1,0,0,0
Dry,55+,5.97883665051223,2146.132728077856,76,Moderate,Medium,60.72235773826855,0,1,1,1
Sensitive,under 18,8.994301365955787,1705.2882942565545,33,High,High,63.87236907313296,1,0,1,0
Normal,35-44,5.70783485580357,2048.7444695118484,22,Moderate,Medium,90.0,0,0,0,0
Combination,25-34,6.660006694414001,2324.5738605352103,28,High,Low,77.36103168569913,0,0,1,1
Sensitive,18-24,6.320110711079437,2859.219807801357,2,Low,High,81.09931631795368,1,0,0,0
Oily,under 18,5.065485853058417,2626.8673931098674,45,High,Low,57.334155111541236,1,0,1,1
Oily,25-34,5.8527261575378455,1102.0086327079885,64,Low,Low,71.37146541473449,0,1,0,1
Sensitive,55+,7.356812734523301,1872.6960069930583,80,High,High,71.03485511689355,0,0,1,0
Sensitive,55+,5.335585948145454,1159.311554142368,20,High,Medium,67.5265486957113,0,1,1,0
Combination,25-34,6.987458819092815,2487.918445811909,66,High,High,84.63066909654414,1,0,0,0
Oily,18-24,7.877430239629667,2028.3533244196328,88,High,High,77.34421367933442,1,0,0,0
Oily,25-34,7.718271359826603,1986.3929338110715,37,High,High,77.82612789316488,0,0,1,0
Dry,45-54,4.855413635454443,1289.5530073882783,31,Low,High,67.84955269121284,1,0,1,1
Dry,under 18,6.695247206522982,1919.6733568169627,31,Moderate,High,72.30842946772766,1,1,0,0
Dry,55+,8.276474017760147,2378.6521118873734,77,Low,High,78.5385252256386,0,1,0,0
Normal,25-34,7.907699523638424,1859.8586434614097,52,Low,Medium,90.0,0,0,0,0
Sensitive,55+,4.929021744834791,2206.035568533012,46,Moderate,High,73.02564818080668,1,0,1,0
Normal,25-34,7.787753969893252,805.734268761157,71,Moderate,High,80.62820798196202,0,1,0,0
Oily,55+,5.748492720126006,1654.472811303052,19,Low,High,69.5230668132452,1,0,1,0
Dry,45-54,7.177525301685154,1598.319783617153,56,High,High,58.013084669117546,1,1,1,0
Combination,35-44,6.94279814676304,1894.7325298235041,20,Moderate,High,76.49507420230512,1,0,0,0
Sensitive,25-34,6.761275792693408,1641.802853149627,52,Moderate,High,84.66171514579256,1,0,0,0
Dry,45-54,6.041522418899984,1459.8664701096536,31,Low,Low,73.4696200424677,0,1,1,0
Oily,45-54,7.570101160860748,2285.5513142956843,69,Low,High,61.93552999548766,1,0,1,0
Combination,under 18,5.844073074811992,2760.3200480085225,95,High,Medium,78.49489703685211,1,0,0,0
Oily,under 18,6.528097828836927,2765.09281189828,0,High,High,57.977586262803435,1,0,1,1
Sensitive,35-44,6.0368092392525945,986.7111117002822,10,High,Low,57.56510902851067,0,1,1,0
Sensitive,55+,7.603296737368527,2124.2725525594938,37,Moderate,Medium,81.71113026507531,0,0,1,0
Combination,35-44,7.0515906929613745,1678.8837607780054,56,Moderate,High,75.25933144771525,1,0,0,0
Dry,35-44,6.948141661771271,1744.3702710652365,73,Low,Low,75.68643311467807,0,1,0,0
Sensitive,18-24,6.546475650502374,2420.8161278825373,64,Low,High,81.55071876939247,1,0,0,0
Dry,18-24,7.27632584429514,2304.9756936659887,62,Moderate,Low,78.61182887116547,1,0,0,0
Combination,under 18,6.652197240061315,1828.9913270976124,41,Low,Low,84.91326843801953,1,0,0,0
Oily,25-34,5.269776203667035,1814.9816937159014,60,Low,Medium,80.45429305577294,0,0,0,1
Normal,35-44,3.0,1704.8890168471826,20,High,Low,64.57665585953737,0,0,1,1
Sensitive,35-44,6.877188734213742,2281.8368271350782,2,High,High,61.54448850810092,1,0,1,0
Combination,35-44,6.596983183712565,2173.8367711224996,92,Low,Medium,90.0,0,0,0,0
Sensitive,25-34,3.730317007914632,1971.5815738965252,26,High,Medium,68.06150777825478,0,0,1,1
Normal,55+,4.4807458106298945,1395.8482421703336,76,High,High,64.61342094515153,1,1,0,1
Combination,25-34,6.719251678204209,2638.1319939367772,92,High,Medium,90.0,0,0,0,0
Oily,35-44,7.556810145205088,2009.1154985685587,31,High,Medium,71.652909335912,0,0,1,1
Dry,under 18,6.9707044157993465,1643.1855533977664,18,Low,High,81.30809378746986,0,1,0,0
Oily,45-54,6.184024879940974,2213.6880227353986,10,High,High,57.17812086459067,1,0,1,1
Dry,18-24,4.921959222333259,2296.5270251415104,93,Low,High,75.81855274291814,0,1,0,0
Oily,25-34,6.417239399321721,2412.7785374347827,36,Moderate,High,90.0,0,0,0,0
Dry,35-44,8.441640185848126,1163.4579937471299,41,High,Medium,76.49087394768478,0,0,1,0
Normal,18-24,6.127628855159173,1572.2361560296881,35,Moderate,Low,90.0,0,0,0,0
Dry,55+,4.280908052390286,1483.7333618952948,94,Moderate,Low,55.17563134993694,0,1,1,1
Sensitive,25-34,10.0,2304.75494810622,30,Low,Medium,90.0,0,0,0,0
Dry,55+,9.875931952908632,2414.5492200091676,47,High,Medium,62.80600634579631,0,1,1,0
Normal,35-44,5.887235258487287,1809.1144016629785,20,High,Low,78.19896067274433,0,0,1,1
Sensitive,45-54,7.882654270360461,2218.753101736518,62,High,Medium,77.436290086995,0,0,1,0
Normal,18-24,6.133986976437499,1245.0034147103966,99,High,Medium,72.8737956360473,1,1,0,0
Normal,35-44,10.0,1929.425163828597,58,Low,High,79.84528543615825,1,0,0,0
Dry,35-44,6.51139166022607,2056.667231952651,49,Moderate,Low,78.42653329898545,0,1,0,0
Sensitive,45-54,6.635907116033457,2061.364453852742,41,Moderate,Low,73.68879511334947,0,0,1,0
Combination,25-34,8.930420929174629,1937.725760156788,46,High,Low,82.89255657040312,0,0,1,0
Sensitive,18-24,5.255934341008357,1919.1781027606946,78,High,High,90.0,0,0,0,0
Sensitive,45-54,6.303397327885134,2711.9494686234257,29,High,Low,82.78652249968482,0,0,1,0
Sensitive,45-54,8.756678597106356,2053.7625002153995,20,Moderate,Medium,84.76450491705168,0,0,1,0
Normal,25-34,5.081896217771115,1387.053868280027,85,Low,High,73.984764373817,1,0,0,1
Normal,55+,7.02268489237683,2168.1614846606403,100,Moderate,Low,75.43736055690071,0,0,1,0
Normal,under 18,6.438065771010917,1759.915207896383,91,High,High,84.65701028837121,1,0,0,0
Normal,55+,6.11080115023203,1988.3030198780268,64,Moderate,Low,74.32239968529828,0,0,1,0
Dry,55+,3.4258564718904028,1449.3366856151451,70,Low,Medium,68.53429174417477,0,0,1,1
Dry,45-54,6.059423731828974,2603.7515974759604,47,Low,Medium,58.29998099737925,0,1,1,0
Oily,35-44,5.779279537106606,2090.2340709156033,77,Moderate,Medium,82.32635348637561,0,0,0,1
Combination,35-44,7.339814126396494,2648.958252830381,70,Low,High,84.71906402498901,1,0,0,0
Dry,35-44,8.893866110446226,1971.2485156025418,66,Moderate,Low,76.22579300297633,0,1,0,0
Normal,18-24,6.286772888215836,1668.0834485871549,14,Moderate,High,81.89820147421426,1,0,0,0
Dry,35-44,6.638405166301329,1782.9833228382,13,Moderate,Low,90.0,0,0,0,0
Sensitive,55+,7.830441114037348,2210.154908742602,24,High,Low,71.89557252362616,0,0,1,1
Normal,25-34,7.887701786717524,2629.641855718084,87,High,Low,90.0,0,0,0,0
Sensitive,45-54,9.794303682100265,2062.3316967037786,15,Moderate,Medium,90.0,0,0,0,0
Normal,35-44,8.649195657093479,1824.1699080828923,54,Moderate,High,75.65692600614648,1,0,0,0
Sensitive,35-44,8.777510475374523,2530.754578587922,47,Moderate,High,77.15337974998998,1,0,0,0
Combination,25-34,8.512623954914487,2047.0349205957618,12,Low,Medium,90.0,0,0,0,0
Sensitive,35-44,5.997462754013667,1302.7357810672618,84,Low,Medium,82.0633590937332,0,1,0,0
Normal,55+,6.939944188718351,2766.5062711245914,78,High,High,74.939738710443,1,0,1,0
Combination,45-54,6.53523264795389,2392.563292730027,57,Low,Low,77.4422398255809,0,0,1,0
Combination,35-44,8.265927100778397,1858.1568895364137,80,Low,Low,90.0,0,0,0,0
Normal,under 18,8.97451725627928,545.6696277597482,19,Moderate,Low,90.0,0,0,0,0
Combination,under 18,5.165874581892737,1542.18385182077,59,High,Medium,83.83057255997753,1,0,0,0
Normal,55+,5.770427465698916,2168.131475592948,15,Moderate,High,64.24813609329124,1,0,1,1
Combination,under 18,7.435056704580853,2196.9952860875037,90,Moderate,Medium,81.43706097863326,1,0,0,0
Oily,under 18,7.894122241198731,1524.9477154271754,39,Moderate,High,75.51036911899436,1,0,0,0
Normal,45-54,5.172735899789021,2198.1598410039314,17,Low,High,66.59406465315843,1,0,1,0
Sensitive,25-34,6.054651889530342,1214.7624773160146,77,Moderate,High,81.51715802109972,0,1,0,0
Normal,under 18,8.457016426812222,2697.5509532511487,86,Low,High,79.37577447164547,1,0,0,0
Sensitive,25-34,9.33574133454799,2093.5038607373604,62,Low,Low,90.0,0,0,0,0
Combination,25-34,7.938898143959354,2684.9341116809555,41,High,High,90.0,0,0,0,0
Dry,18-24,6.037876314964849,2555.3388420270458,44,Low,Medium,78.3211713892238,1,0,0,0
Normal,55+,7.413094351214813,2456.8558261712956,90,Moderate,Medium,74.9320973894594,0,0,1,0
Oily,under 18,7.279139531313903,2648.128354874001,93,Low,Medium,79.08302270567555,1,0,0,0
Normal,under 18,7.3352856438123055,1258.0104702662911,34,High,High,50.5902345095713,1,1,1,0
Oily,55+,9.177889948472084,1526.2346295139441,73,Moderate,Low,65.31238863346319,1,0,1,0
Dry,under 18,8.879587315365871,1954.878559279839,63,Low,High,74.78008383163908,1,1,0,0
Normal,45-54,8.76401647779656,2567.3843074333827,13,Low,Low,75.59939892453251,0,0,1,0
Combination,35-44,7.645214461473057,2254.2676588135655,77,Low,High,90.0,0,0,0,0
Oily,25-34,7.633942925788849,993.0876218594611,6,Low,Medium,90.0,0,0,0,0
Sensitive,35-44,7.1774953283473035,1441.9679119640525,19,Moderate,Medium,90.0,0,0,0,0
Dry,25-34,7.256780715618494,1428.5287268083923,28,Moderate,Low,90.0,0,0,0,0
Sensitive,45-54,5.222572088160888,2802.467250876951,64,Moderate,Medium,81.06683936879352,0,0,0,1
Normal,25-34,8.604171082186284,1997.9287075279228,63,High,High,81.90920759079737,1,0,0,0
Combination,25-34,7.277152975373536,1876.0419871284955,4,High,Low,68.02980062974362,0,0,1,1
Sensitive,18-24,7.854814563969285,1661.9728167255976,83,Low,Low,77.25993473112315,1,0,0,0
Oily,35-44,8.490610394301935,1873.4565794929447,4,Moderate,Low,75.5626069138215,1,0,0,0
Oily,25-34,6.370229506253157,2010.8565092424215,98,Moderate,Medium,90.0,0,0,0,0
Sensitive,25-34,6.113279755111584,2164.3411747482414,4,Moderate,Medium,90.0,0,0,0,0
Oily,25-34,6.1939561160299,2234.261801409418,23,Moderate,Medium,90.0,0,0,0,0
Combination,55+,8.824009808367215,1640.3391565959132,84,High,High,62.925942927820245,1,0,1,0
Combination,55+,6.804136814057243,2230.6653565177107,47,Moderate,Low,72.41080482601856,0,0,1,0
Oily,18-24,6.3462139675278895,2232.1602804133327,93,Moderate,High,90.0,0,0,0,0
Normal,45-54,7.83309829097761,2541.630888147152,62,Moderate,Low,90.0,0,0,0,0
Dry,45-54,6.091014930872632,1528.6123798847627,24,Moderate,Low,66.00404838668598,0,1,1,0
Dry,35-44,6.538633915654384,1516.12383022645,85,Moderate,Low,80.14157352735714,0,1,0,0
Oily,25-34,7.846747306071245,1419.1243499117945,55,Moderate,Medium,90.0,0,0,0,0
Oily,18-24,10.0,2647.963930786875,45,Low,Medium,90.0,0,0,0,0
Combination,25-34,7.018863654400471,2433.697246498988,49,Low,High,90.0,0,0,0,0
Sensitive,55+,4.544797203533813,3261.686665699779,19,Low,Low,64.11676307345478,0,0,1,1
Oily,under 18,6.114678081699266,1939.7512930503203,73,High,Medium,90.0,0,0,0,0
Dry,55+,4.216100069217346,2243.1436523704474,46,Low,Medium,68.77232180089638,0,1,1,0
Combination,55+,5.340483764384336,2050.8278807830147,67,Low,High,90.0,0,0,0,0
Sensitive,18-24,6.183588350613193,1461.1280325348282,26,Moderate,Low,73.26956330343536,1,1,0,0
Oily,55+,5.793457747356074,2112.8940170427604,100,Low,Low,68.85253530051683,1,0,1,1
Sensitive,35-44,5.077763540696763,1625.5941644882114,37,Moderate,High,74.31580390156735,1,0,0,1
Combination,35-44,7.994910071896717,3301.2399374371566,68,Moderate,High,77.47436871422659,1,0,0,0
Normal,55+,7.716383229329507,1541.3691789113564,19,High,Medium,69.83510736380782,0,0,1,1
Sensitive,25-34,6.449328744891534,2015.7945030762892,81,Moderate,Low,90.0,0,0,0,0
Sensitive,35-44,6.475862574046439,2451.5290833684667,64,Moderate,High,75.36063411260741,1,0,0,0
Oily,55+,7.326210224521337,2453.926192454935,42,Low,Medium,67.88579522937354,1,0,1,0
Dry,under 18,6.528334314553556,2662.750109860628,24,Low,Medium,77.22963704121163,0,1,0,0
Oily,35-44,6.750271623577682,1514.4050654310042,57,High,Low,81.97592943599591,1,0,0,0
Dry,45-54,10.0,1087.5111265194416,87,High,Low,90.0,0,0,0,0
Combination,55+,5.891891912042609,1686.4860740848028,93,Low,High,75.01918923589649,0,0,1,1
Sensitive,18-24,10.0,2903.429442073256,68,Low,Low,82.77918446803591,1,0,0,0
Normal,55+,9.240892215463298,1834.670668811834,94,High,High,75.44963879928385,1,0,0,0
Combination,25-34,10.0,2184.1760019204858,99,High,Low,90.0,0,0,0,0
Normal,35-44,8.465895055454684,2089.8476905531033,69,Low,Medium,90.0,0,0,0,0
Sensitive,18-24,6.925800143015123,1874.1106630368104,33,Low,Medium,84.15540225643748,1,0,0,0
Sensitive,35-44,6.685540009871256,2304.2458243390392,1,High,Medium,81.46479222375254,0,0,1,0
Oily,25-34,7.5507996981630825,1984.264314898158,50,Low,Low,75.11139767967005,1,0,0,0
Dry,18-24,9.264285989048282,516.6234656296347,39,Moderate,High,69.08972557771965,1,1,0,0
Oily,55+,7.764830871881792,2358.8693533294895,100,High,High,78.60607661735266,0,0,1,0
Oily,18-24,8.720444302382754,1967.5642794733194,43,Low,Medium,90.0,0,0,0,0
Oily,45-54,7.3118801010759364,2492.9741916573607,37,Low,Low,66.4703082599505,1,0,1,0
Oily,35-44,9.23674960642027,1849.732007410616,17,High,High,64.26056629514542,1,0,1,1
Sensitive,45-54,7.40046367469134,2839.286982174379,50,Moderate,Medium,90.0,0,0,0,0
Normal,18-24,3.8139593861817236,1654.9937000927075,53,High,Low,69.7641910976195,1,0,0,1
Oily,25-34,9.198753967904445,2546.2689168041516,5,Moderate,Low,83.04035260871672,1,0,0,0
Normal,55+,7.783667816390041,1775.70156344544,58,Low,Medium,76.32154106893871,0,0,1,0
Dry,45-54,5.67727225152187,1704.3921903788132,1,High,Low,81.30534240361445,0,0,0,1
Sensitive,18-24,9.322012331228038,1685.778655422327,50,Low,Medium,90.0,0,0,0,0
Dry,55+,7.1521344463594865,1623.146177569127,36,Moderate,Medium,67.38081718400375,0,1,1,0
Normal,45-54,8.26416104514854,1730.6368598267795,78,Low,Low,78.0723068235354,0,0,1,0
Normal,under 18,6.853609164768379,1158.3089334785873,42,Low,Low,76.73820754831932,1,0,0,0
Normal,35-44,4.57994764569259,2003.8365966607532,85,High,Low,83.36013111263803,0,0,0,1
Oily,under 18,5.012264267203357,3052.543319667251,37,High,High,64.8254293657806,1,0,1,0
Combination,25-34,3.907715331831626,1599.912350667948,30,High,Low,78.97272410384436,0,0,1,0
Normal,25-34,7.025051300901326,1817.4335311021077,58,High,Low,90.0,0,0,0,0
Oily,35-44,5.343781815004121,1521.036080252366,80,High,Low,75.30512031472723,1,0,0,1
Normal,45-54,5.514018883751142,1856.6391525899685,30,Moderate,Medium,75.42212322545416,0,0,1,0
Oily,25-34,9.927893634276135,2038.9686482791049,43,High,Low,81.39129787395206,1,0,0,0
Sensitive,55+,8.774350734081287,2253.4881729140707,59,Low,High,77.68254256335757,1,0,0,0
Dry,under 18,8.670793596973331,600.0178487032072,80,Low,Low,70.06258436513593,1,1,0,0
Dry,18-24,6.543312968277656,2653.567711575357,30,Low,Medium,79.19313487257627,1,0,0,0
Oily,under 18,6.142396265875999,2881.236582434806,10,Moderate,Medium,90.0,0,0,0,0
Normal,55+,9.225835230651642,1765.4346419362687,25,Low,Medium,90.0,0,0,0,0
Sensitive,18-24,6.245254721430465,1493.1970788227657,22,Moderate,Low,70.49691391336997,1,1,0,0
Dry,35-44,6.055608652204303,1383.7054679155424,51,Low,Low,90.0,0,0,0,0
Oily,25-34,7.643216770649508,1271.9767533267832,6,High,Low,74.63353334566078,0,0,1,0
Normal,25-34,7.905599524285333,2314.039348450124,40,Moderate,High,90.0,0,0,0,0
Combination,under 18,4.508193392224117,2774.9093031641696,77,High,High,84.71158649369481,1,0,0,0
Oily,under 18,7.770413941622833,2374.8490107224343,96,Moderate,Medium,77.02075169916495,1,0,0,0
Dry,55+,5.862002197685841,2311.1895592365595,45,Low,Medium,62.46678941780162,0,1,1,1
Combination,under 18,8.689590174583099,1950.6958004976614,30,High,Low,82.36371927770291,0,0,0,1
Sensitive,35-44,10.0,2022.032317456469,12,Low,Medium,90.0,0,0,0,0
Sensitive,25-34,8.711178700678712,2146.5044036293275,95,Moderate,Low,90.0,0,0,0,0
Dry,25-34,7.878282299285302,1164.333866182614,74,Low,Low,80.5424880653396,0,1,0,0
Sensitive,25-34,7.556580607323045,1632.512449371367,10,High,Medium,79.491874075962,0,0,1,0
Combination,18-24,5.7304025413334685,2872.051592232989,19,Low,High,68.94210435137067,1,0,0,1
Sensitive,55+,6.6793446279064765,1498.3490845122517,86,Moderate,Low,64.62160626911114,0,1,1,0
Normal,45-54,6.461302557836688,1349.7748855390432,90,High,High,61.14789517826455,1,1,1,0
Oily,25-34,9.150826702294404,1652.1596279167425,14,Low,Low,90.0,0,0,0,0
Combination,under 18,7.7939499009155035,2678.053357105163,20,Moderate,High,81.88246063932772,1,0,0,0
Combination,25-34,6.2497709781779065,2266.011216136393,53,Moderate,Low,90.0,0,0,0,0
Oily,55+,5.454870917643355,3222.884784556842,26,Moderate,Low,64.5910019955599,1,0,1,0
Oily,55+,8.404570201924933,1903.696780619597,52,Moderate,High,70.15046464219286,1,0,1,0
Combination,35-44,5.840749403666554,1943.0017235801868,94,Low,Low,90.0,0,0,0,0
Oily,55+,6.490024416472721,2976.4722769997534,11,Moderate,Medium,84.10664711434346,1,0,0,0
Oily,18-24,5.161697916677647,2067.4007116451016,83,Low,Low,90.0,0,0,0,0
Dry,45-54,6.972492900049435,1941.2948498275653,28,Low,High,69.1345744587046,1,1,0,0
Dry,25-34,6.837075017592486,1941.9645949397582,60,High,Medium,76.61418054834824,0,1,0,0
Combination,under 18,8.30959909949815,2304.4922232462177,3,Low,High,90.0,0,0,0,0
Combination,25-34,7.62836741705918,500.0,16,Moderate,High,80.62312710635697,0,1,0,0
Dry,25-34,7.449692311244746,1172.1803199149588,9,Low,Medium,82.94224662548046,0,1,0,0
Dry,25-34,7.969480244703738,2737.2486837852575,84,High,Low,82.46521101306868,0,1,0,0
Sensitive,25-34,5.610641331117174,1869.1096388286467,37,High,Medium,75.19174549839992,0,0,1,1
Dry,18-24,6.100966442420504,2617.7158878784003,7,High,Medium,76.1769239385536,1,0,0,0
Normal,25-34,7.14254182790811,2864.1646902831667,51,Low,Low,90.0,0,0,0,0
Normal,45-54,7.620631304421082,2121.2250903179097,44,Low,High,60.075935335235684,1,0,1,0
Sensitive,35-44,7.102310173904255,2408.9960496286685,40,Low,Low,90.0,0,0,0,0
Sensitive,25-34,4.393470702631985,2042.671977760255,54,Moderate,Medium,90.0,0,0,0,0
Dry,under 18,6.894930334408053,2362.709413578883,55,Moderate,High,84.90450766458004,1,0,0,0
Combination,55+,6.718447591188944,1480.6327829186648,36,Low,Low,63.941307294689,0,1,1,0
Oily,18-24,7.011026012379549,1458.5797355658283,82,High,Medium,66.24433502629518,1,1,0,0
Oily,35-44,4.112106681118772,2363.5612407427466,69,High,High,82.85882303205868,0,0,0,1
Combination,35-44,7.868592359042006,2233.5454719967875,95,Moderate,Low,90.0,0,0,0,0
Oily,45-54,8.954392632918717,1667.4840548480374,98,High,Low,72.41644583214257,1,0,1,0
Combination,55+,4.853328785843118,1964.9851115959777,36,Moderate,Medium,81.3933259355145,0,0,1,0
Dry,25-34,6.478749550441134,1578.8521416149656,83,High,High,75.33552603029939,1,1,0,0
Sensitive,45-54,6.880226269768306,1694.1974268977076,98,Moderate,Low,79.55781782008525,0,0,1,0
Dry,under 18,4.245992074964754,1779.4116546031198,85,High,Medium,81.80230088168521,1,0,0,0
Normal,18-24,5.295437249944214,2115.8240358054613,60,Low,Low,83.8442463786647,1,0,0,0
Sensitive,45-54,6.015947862639018,2555.8157370705258,73,High,Medium,84.73225711981748,0,0,1,0
Normal,25-34,9.405799100901799,2339.690686505953,21,High,Low,68.01981886585916,0,0,1,1
Combination,35-44,4.67346072702502,2752.5979994395198,73,Low,High,90.0,0,0,0,0
Dry,35-44,9.363580675560648,2009.3952556539705,50,High,Low,82.94510254703384,0,1,0,0
Normal,45-54,8.984389240503297,1724.162430976661,81,Low,Medium,90.0,0,0,0,0
Oily,under 18,4.200631097725616,1619.857780689203,76,Moderate,Medium,81.38162564775904,0,0,0,1
Sensitive,18-24,9.593951299067134,1254.4600381942632,94,Moderate,High,76.07541645978286,1,0,0,0
Normal,55+,6.999281922897242,2017.0719466701062,95,High,Low,73.01410888865021,0,0,1,0
Oily,under 18,6.2305386340482825,1778.2392000814425,19,High,Low,61.00136602939277,1,0,1,0
Dry,18-24,7.108373701354304,1718.9188290326365,30,Low,Low,80.13954278093806,1,0,0,0
Oily,55+,4.866912254248104,2107.515971471728,90,Low,High,68.72195546376736,1,0,1,0
Sensitive,55+,8.610049873667458,2434.7862593267105,14,Moderate,Low,90.0,0,0,0,0
Dry,35-44,5.785396798915283,1374.386042311162,83,High,Medium,90.0,0,0,0,0
Sensitive,18-24,6.573718176767832,2783.895754897832,89,Moderate,Medium,90.0,0,0,0,0
Oily,55+,7.968397118439318,2351.982338397117,39,High,Low,74.99779281023855,0,0,1,1
Combination,under 18,8.334785427678241,2210.383281259293,47,High,High,71.67175511103285,1,0,1,0
Oily,55+,7.180912821420368,2331.153448323984,42,High,Low,57.2460034416286,1,0,1,0
Oily,45-54,6.18075084367297,1292.7684943168397,46,Moderate,High,52.98013991238695,1,1,1,0
Sensitive,25-34,8.084495401936485,2618.869052874613,85,Low,Medium,90.0,0,0,0,0
Dry,35-44,5.322652090965953,2410.96074120795,74,Moderate,Medium,81.86581048743632,0,0,0,1
Sensitive,55+,9.521148570082286,1998.8768991214395,100,Low,Low,83.723990890456,0,0,1,0
Combination,under 18,5.772996722887381,2061.5093367633776,13,High,High,84.23912702796183,0,0,1,0
Combination,18-24,6.174199047698948,1691.6349450217992,47,High,Low,70.38481042793704,0,0,1,0
Combination,45-54,7.649776100907314,1198.1352624850524,99,Moderate,High,77.07259364854019,1,0,1,0
Dry,18-24,4.834106616261659,2009.6454401869714,4,High,Medium,53.01488854853964,1,1,1,1
Normal,25-34,6.966537191631353,2171.777288519968,26,High,Low,78.05464686774465,0,0,1,1
Sensitive,45-54,9.812838082725083,2052.2570180379107,26,Moderate,High,70.18843288217414,0,0,1,0
Sensitive,55+,7.897258225502192,1512.233532192684,70,Low,Low,84.1887284983846,0,0,1,0
Oily,45-54,8.151906495274806,1736.8045674446612,76,Low,Medium,90.0,0,0,0,0
Dry,under 18,7.10713124887164,1945.5756874654192,57,High,Medium,79.40888056257822,0,1,0,0
Dry,45-54,8.549461352371047,1345.0117228125002,0,Low,Medium,59.04749163568415,0,1,1,0
Dry,45-54,3.5751420480774407,1893.2836514560377,15,Low,Low,66.92318294487342,0,1,1,0
Combination,25-34,7.702796885357686,2076.13468790375,40,Moderate,Low,90.0,0,0,0,0
Sensitive,35-44,8.848306356120867,2218.686337089834,1,Low,Medium,90.0,0,0,0,0
Dry,25-34,6.15422750221021,837.2899229301597,41,High,High,65.94174080133385,1,1,0,0
Oily,45-54,6.644031648707172,2513.979501128899,3,High,High,66.5913763165058,1,0,1,0
Dry,55+,6.4119283259993285,2014.160131838882,68,Moderate,Medium,55.82420505104585,0,1,1,0
Normal,35-44,7.632040381460063,1492.353812875092,94,Moderate,Low,75.07896077848238,0,1,0,0
Sensitive,25-34,7.934853844958226,2818.5608950008527,12,Moderate,Low,90.0,0,0,0,0
Dry,55+,6.74077997215989,1435.467789083849,4,Moderate,Low,74.92626334369099,0,1,1,0
Sensitive,18-24,6.900098459467039,887.8079456955656,97,Low,Low,84.30911975215125,0,1,0,0
Sensitive,55+,7.505354895964924,2226.1371888242893,11,Low,High,77.5643674120144,1,0,0,0
Dry,35-44,9.513454440768344,1903.0026037166874,26,High,Low,74.32981865676003,0,1,0,1
Sensitive,under 18,7.612728007219705,1569.3559488070493,99,Low,Medium,78.47869521295969,1,0,0,0
Oily,35-44,6.465359319212382,1237.4072816689009,12,High,High,83.1446566985041,0,0,0,1
Dry,under 18,6.707815568075147,1847.3454232407175,61,Low,Low,64.7910189949818,1,1,0,0
Dry,25-34,7.448799649133344,1688.2015598336804,55,High,Medium,82.56165570412344,0,1,0,0
Combination,25-34,7.125018026462638,1833.309972196167,7,Moderate,Medium,90.0,0,0,0,0
Dry,45-54,6.5027509175507285,2040.1811629815152,84,High,Low,57.361020324459666,0,1,1,0
Sensitive,45-54,7.060784413475515,2380.5870195258194,81,Low,Low,90.0,0,0,0,0
Sensitive,18-24,6.819035448805248,1825.0573254384985,95,High,Low,80.23314069593451,1,0,0,0
Normal,under 18,6.728788832369161,1642.6679415795038,29,Moderate,High,81.79178640163138,1,0,0,0
Normal,under 18,6.460133359649992,3015.5793565366157,72,High,Medium,76.99267730582223,1,0,0,0
Combination,25-34,5.630981858956199,1860.6718330603453,41,Moderate,Medium,82.76650864635043,0,0,0,1
Normal,under 18,6.418767005095464,1876.4141938778002,93,Moderate,Medium,90.0,0,0,0,0
Dry,under 18,6.503141036682408,2139.6200506104997,40,Moderate,Low,63.90412783212122,1,1,0,0
Combination,55+,4.434737347912309,2518.585736266002,85,Moderate,Medium,70.19590024494289,0,0,1,0
Dry,under 18,7.948874199463296,1378.5642069684327,14,High,Medium,47.17221670098872,1,1,1,0
Dry,25-34,3.596384090571398,1511.4639269292993,80,Low,Medium,76.2480377456899,0,1,0,1
Sensitive,under 18,6.636000307859316,3290.1459493453876,73,Low,Medium,82.28231005717568,1,0,0,0
Sensitive,25-34,7.8148854474614105,1096.2051754092713,39,High,Medium,90.0,0,0,0,0
Combination,under 18,5.965516742648584,1973.3937818635084,2,Moderate,High,76.5074519545745,1,0,0,0
Sensitive,35-44,7.380525331447146,1342.6255698447885,67,Low,Medium,79.64510546552177,0,1,0,0
Sensitive,25-34,6.797514658034408,1641.1804311947296,21,Moderate,Medium,90.0,0,0,0,0
Oily,25-34,5.344362156096525,2129.797823349477,70,High,High,90.0,0,0,0,0
Sensitive,18-24,8.160815760164233,2420.52063848081,40,Moderate,Medium,90.0,0,0,0,0
Dry,45-54,7.861579526700814,1751.3152334298686,5,High,Medium,71.76201746516573,0,1,0,1
Oily,35-44,8.071824642195258,2154.527219052144,45,Low,High,84.4012170615142,1,0,0,0
Oily,25-34,7.20091282442802,1694.153439149101,72,Moderate,High,90.0,0,0,0,0
Dry,under 18,6.254685808987707,2036.943468062277,43,Low,Medium,75.7032054029173,1,0,0,0
Sensitive,25-34,10.0,2150.6212400456952,9,High,Medium,68.50080994462753,0,0,1,1
Sensitive,18-24,6.083217246624571,1583.8052775152787,98,Low,High,90.0,0,0,0,0
Dry,18-24,6.262350081015696,3088.646723774533,89,Low,Low,80.97999435128197,1,0,0,0
Combination,25-34,6.401115031081057,2453.4352673051426,48,Low,Medium,90.0,0,0,0,0
Normal,25-34,6.436107631792965,2130.592270639814,37,Moderate,Medium,90.0,0,0,0,0
Normal,35-44,8.187617911013083,1714.048575095038,36,Moderate,High,75.97436347908479,1,0,0,0
Dry,25-34,6.038332518770845,2829.434847227665,87,Moderate,Low,79.57757642657084,0,1,0,0
Dry,45-54,8.476889342343696,2395.336159345364,98,Low,Low,62.55765814836535,0,1,1,0
Combination,55+,8.180914439684372,2229.787744155533,87,High,Medium,70.99693554873974,0,0,1,0
Normal,55+,10.0,2021.9541509385783,20,High,Medium,71.54285249126721,0,0,1,1
Combination,25-34,7.865893550801379,1274.5435357029937,67,High,Medium,90.0,0,0,0,0
Oily,45-54,5.762558970113139,1399.5905000824796,84,Moderate,Medium,35.64308726513114,1,1,1,1
Combination,45-54,8.911095375274224,723.7299239896251,94,High,Medium,69.90122790074373,0,1,1,0
Sensitive,55+,6.3965349658709165,503.1466986696887,81,High,Medium,63.575067396285576,0,1,1,0
Sensitive,45-54,5.753068156777164,1754.5255251340668,5,Moderate,Low,82.77976568595197,0,0,1,0
Oily,45-54,9.077306640691067,2198.3139696107287,58,Low,Medium,78.30449603796622,0,0,1,0
Sensitive,35-44,5.75028771500655,2532.981859865913,58,Moderate,Medium,82.99861081862637,0,0,0,1
Oily,55+,7.026748381794636,2018.7834293536262,78,Low,High,90.0,0,0,0,0
Combination,18-24,5.195992738342012,1504.9931430484303,48,Moderate,Low,72.85566960477787,1,0,0,1
Sensitive,45-54,5.762354050081713,2023.2306365770949,63,Low,High,71.01701400318983,1,0,1,0
Combination,55+,7.1168285904710125,2772.0463317620224,55,High,Low,73.99471987882097,0,0,1,0
Sensitive,35-44,7.577582751906752,646.217153163946,5,High,Medium,59.3743384289569,0,1,1,1
Oily,25-34,7.393962981807536,1274.9918219162337,57,Moderate,Low,75.48362912611157,0,1,0,0
Oily,55+,5.551043613082696,1593.915264136835,10,Moderate,Medium,59.38117506539218,1,0,1,1
Normal,25-34,6.004992514731548,1312.4253039798484,58,Moderate,Low,75.06638350859804,0,1,0,0
Dry,35-44,7.305223005178432,1294.5988574545204,33,Moderate,High,69.33544643180548,1,1,0,0
Sensitive,35-44,7.53500141087477,3118.4855385308147,96,High,Medium,90.0,0,0,0,0
Dry,18-24,5.005961411598904,1857.7448478303888,43,High,Medium,49.24892229943788,1,1,1,1
Sensitive,18-24,3.2148139562312954,1849.5323535149334,60,High,Medium,81.522394315353,0,0,0,1
Dry,35-44,7.9640757289472255,2360.3196156786335,49,High,Medium,56.99131648001127,0,1,1,0
Normal,45-54,7.1160455954261455,2444.631712379488,34,Low,High,69.83209820251824,1,0,1,0
Sensitive,35-44,10.0,2856.1523437188,78,High,Low,90.0,0,0,0,0
Dry,35-44,6.216218605885545,1274.4480067666307,55,High,Medium,90.0,0,0,0,0
Dry,55+,6.3907728751392945,1526.5086171913258,98,High,Medium,84.15050629967762,0,0,1,0
Sensitive,45-54,7.677021321796949,1409.403230285251,50,Low,Medium,68.2124935823027,0,1,1,0
Normal,25-34,6.890766351114487,2419.007027268155,17,Moderate,Medium,90.0,0,0,0,0
Oily,35-44,6.848956190774235,1526.8430886261017,36,High,Low,69.67918365702349,1,0,1,0
Sensitive,18-24,8.762221086378538,1060.5095276230863,43,High,Low,62.56964743820902,1,1,1,0
Sensitive,45-54,6.508307416183805,1979.1699883093327,65,Low,Low,90.0,0,0,0,0
Oily,under 18,7.023862987599447,2090.2480280390405,67,Low,Low,90.0,0,0,0,0
Combination,55+,7.91565972971424,1982.2962804773247,74,Low,Low,73.43818968381824,0,0,1,0
Combination,18-24,6.4479125767844785,1796.2053276701522,22,Moderate,High,83.24409643129306,1,0,0,0
Combination,45-54,6.082726296942468,2393.7716621634327,36,Low,High,74.90889147923681,0,0,1,0
Combination,45-54,6.030207280785228,2423.3855545041224,78,Low,Low,82.38183536689397,0,0,1,0
Combination,35-44,7.028498623389806,1739.3725965719352,33,Low,Low,90.0,0,0,0,0
Oily,under 18,7.927610823616202,1636.2730376384409,69,Low,High,79.004470489496,1,0,0,0
Oily,25-34,7.957276061092319,2106.3630605958924,55,Moderate,High,75.22715240105174,1,0,0,0
Dry,under 18,6.105512966362119,2264.3174076672794,24,Low,High,77.50653408606539,1,0,0,0
Combination,45-54,7.819884588532958,2578.7598029049786,49,Moderate,High,79.20335626201272,1,0,0,0
Normal,25-34,8.449220518613943,2245.6370103631416,24,High,High,62.366286568984364,0,0,1,1
Combination,18-24,5.308613573186856,3224.293494087028,67,High,Medium,73.72709661473256,1,0,0,1
Normal,55+,4.894575683392285,2474.6315871411543,99,Moderate,Low,78.95751698601683,0,0,1,1
Sensitive,35-44,7.646925725329448,1412.9288137594426,17,High,Low,68.2299841983673,0,1,1,0
Combination,25-34,6.813548591682252,1960.6235568776797,25,Low,Medium,90.0,0,0,0,0
Sensitive,45-54,8.958374073715785,1643.3445498598942,77,Low,Medium,75.18049408118938,0,0,1,0
Combination,55+,6.607082490363469,831.9651974893684,99,High,High,69.133744754075,0,1,1,0
Sensitive,45-54,9.602144189685365,1464.7658784899645,30,High,High,66.12886211544956,1,1,0,0
Normal,35-44,7.490366296358762,1949.296085139068,56,Low,High,82.42889065311377,1,0,0,0
Normal,35-44,6.85299854982499,2404.9309924354375,78,Low,Low,90.0,0,0,0,0
Combination,under 18,9.506893690455453,2125.7468349709957,56,Moderate,High,77.1567960705313,1,0,0,0
Normal,35-44,7.982617026445789,2164.4457683635205,79,Moderate,Medium,90.0,0,0,0,0
Dry,55+,8.52629713589594,1768.5418102568365,36,Low,High,77.29402711875483,1,1,0,0
Oily,25-34,8.613085831624621,2555.249932823692,9,High,Low,74.95478572646574,1,0,0,1
Dry,55+,8.623805513024365,1669.926066331762,31,Moderate,Low,70.26304209179601,0,1,1,0
Oily,25-34,6.747493548644214,2119.7334943902174,79,Moderate,Low,81.82149842158226,1,0,0,0
Oily,45-54,4.943736932756492,2797.4601040430075,26,Moderate,Low,78.38277920488567,1,0,0,0
Combination,45-54,6.981585199746736,2141.963943802361,38,Moderate,Medium,81.62127897653075,0,0,1,0
Oily,18-24,6.134493340409196,1336.5612203164887,61,Low,High,84.34395447469495,0,1,0,0
Sensitive,25-34,6.093955171787844,2109.6020938167944,72,Low,Low,90.0,0,0,0,0
Sensitive,25-34,8.01014321913054,2080.8957703013602,53,Low,Medium,90.0,0,0,0,0
Dry,under 18,7.520086024362925,1831.4868126593117,23,Low,High,65.56469111064139,1,1,0,0
Sensitive,18-24,7.744372849368142,2741.4164331929533,30,High,Medium,73.38188647529913,1,0,0,1
Combination,45-54,8.05718416365848,2404.77094412647,21,Moderate,Low,90.0,0,0,0,0
Normal,45-54,7.441024598959946,1248.422465200199,20,Low,High,62.51092444398589,1,1,1,0
Combination,55+,5.433000204053135,2227.437900331922,75,Moderate,Medium,83.43453832510215,0,0,0,1
Oily,25-34,6.983591422059871,2219.9214432364142,31,Moderate,High,76.65460524881281,1,0,0,0
Sensitive,under 18,9.51463512676611,2363.0179996146667,8,High,High,75.06097735567569,1,0,0,0
Oily,under 18,8.888329308614232,2047.340694735365,40,High,Low,68.00301380236624,1,0,1,0
Sensitive,under 18,5.789176483773341,1971.0669203928294,19,Moderate,Medium,73.78255587549117,1,0,0,1
Sensitive,35-44,5.792872279421293,2779.147478386224,77,Moderate,Medium,90.0,0,0,0,0
Combination,25-34,8.185586614803205,2260.2562483141396,64,Moderate,Medium,90.0,0,0,0,0
Dry,25-34,8.853914803342155,989.9717927383873,60,Moderate,Low,83.30859011564684,0,1,0,0
Combination,35-44,7.882206927013989,1344.6771078478137,33,Low,Medium,82.36548068650627,0,1,0,0
Normal,35-44,6.989116452301508,1844.1462037663928,96,Low,High,81.62490398788947,1,0,0,0
Combination,under 18,7.992604918145422,2114.093644480478,94,High,Low,80.01001081545873,1,0,0,0
Oily,25-34,9.017675760417683,1699.0514195336932,71,High,Low,81.30905993547219,1,0,0,0
Normal,under 18,8.063671584449926,2081.111608449416,9,High,Medium,57.012803171625066,1,0,1,1
Normal,35-44,4.547064594892671,1540.6917707384837,41,Low,Medium,90.0,0,0,0,0
Combination,under 18,6.775182949716748,2556.1462249458637,38,Moderate,High,90.0,0,0,0,0
Combination,18-24,7.695584586335672,1416.249588059643,95,Moderate,Medium,72.81239972438041,1,1,0,0
Oily,under 18,6.789525657929261,3008.903224396515,42,Low,Low,79.88202097580387,1,0,0,0
Sensitive,18-24,7.166835002261287,1836.3372124638022,52,High,Medium,75.52634038076162,1,0,0,0
Sensitive,under 18,7.737609461134331,2381.696539790985,37,Low,Medium,90.0,0,0,0,0
Normal,55+,6.315747478779912,2251.2873871857187,64,Low,Medium,90.0,0,0,0,0
Oily,35-44,6.5066657549937865,2359.663800914719,48,High,High,84.33863046439286,0,0,1,0
Normal,under 18,7.254539736956926,2240.983913526446,33,Low,Medium,80.27592210813154,1,0,0,0
Dry,45-54,5.861224680748744,1589.3568079635704,95,High,Medium,67.93467857076708,0,1,1,0
Sensitive,under 18,8.418245956989093,1960.301809307253,41,Low,Low,80.6758040924443,1,0,0,0
Oily,55+,7.4275521131490425,1846.8022864567401,58,Moderate,Low,79.63115529115665,1,0,0,0
Sensitive,35-44,8.348090161020465,1696.0950099851711,70,Moderate,Low,90.0,0,0,0,0
Normal,25-34,6.796598140148676,2392.996406351566,47,Moderate,Medium,90.0,0,0,0,0
Sensitive,under 18,8.759451548746398,1738.1203544866582,67,High,Medium,80.17781348532834,1,0,0,0
Oily,35-44,9.939525972933824,2156.620846846808,54,Moderate,Low,78.95887786700371,1,0,0,0
Dry,18-24,5.435607607286894,2184.526024294984,70,Low,Medium,75.86744724536537,1,0,0,1
Dry,under 18,6.425501178274813,2217.034243591588,46,Low,Medium,67.1994183521277,1,1,0,0
Dry,35-44,6.935715628509493,2037.1368450950724,59,Moderate,High,79.23767096532448,0,1,0,0
Dry,55+,5.632609935120781,2495.03061535818,98,Low,Medium,52.72854304603253,0,1,1,1
Normal,55+,5.265808949273452,1445.6175522975025,68,High,Low,73.53443372414341,0,0,1,1
Oily,45-54,7.55104052372123,2801.422123588985,27,Moderate,Low,69.17220576883355,1,0,1,0
Sensitive,55+,6.47111035440339,2350.486161351983,4,Low,Medium,82.47396207775732,0,0,1,0
Oily,55+,8.610010265295319,2407.3422186470343,83,Moderate,High,90.0,0,0,0,0
Combination,25-34,6.533187566239478,1454.4766414029627,79,Moderate,High,90.0,0,0,0,0
Sensitive,35-44,3.6886786514929675,1868.5797502688033,96,Low,Medium,84.24163274531948,0,0,0,1
Normal,35-44,8.767131052843261,1437.917007619033,44,High,Medium,57.734771797479056,0,1,1,0
Dry,25-34,8.050314771278147,1524.9237349740638,31,Moderate,High,64.55041667130102,1,1,0,0
Dry,25-34,7.159108864580257,2353.895807077509,35,Moderate,Low,75.05829975416977,0,1,0,0
Oily,35-44,6.0107568447423585,2085.242340348457,78,Moderate,Low,79.40850386017884,1,0,0,0
Sensitive,18-24,6.377362994912007,2352.5743294690883,83,High,Medium,76.8277613937748,1,0,0,0
Normal,18-24,7.352975752726956,2028.2538372146337,81,Moderate,Low,75.17758704342741,1,0,0,0
Oily,35-44,9.337524940212965,2331.153071184151,49,Moderate,High,90.0,0,0,0,0
Combination,18-24,5.964472200810566,1957.0680496011191,91,High,Low,77.43532471315444,1,0,0,0
Oily,18-24,6.8861518223805085,2040.159786312606,89,Moderate,High,84.98688133739529,1,0,0,0
Normal,45-54,10.0,2185.4259463554986,89,High,Medium,79.24280428037946,0,0,1,0
Normal,55+,3.946146144842836,1728.6005141415176,31,Moderate,Medium,84.92027812250392,0,0,1,0
Normal,under 18,4.101441868756288,1835.10087147708,81,Moderate,High,82.5741893010076,1,0,0,0
Oily,18-24,4.0190346554103575,1564.204764465786,62,High,High,77.08751506858121,1,0,0,1
Oily,18-24,4.7189177055488205,2192.0800889837387,0,High,Low,69.21911112169425,1,0,0,1
Normal,25-34,7.000809043943318,2151.4811537493656,62,Moderate,Medium,90.0,0,0,0,0
Sensitive,18-24,6.843172917147211,1302.8511248977911,69,High,Low,74.3724144514927,1,1,0,0
Normal,18-24,7.770282053882103,2961.1122801347265,64,Moderate,Low,81.55525637308257,1,0,0,0
Dry,18-24,7.61381886790982,1787.037700341217,1,Moderate,High,84.27033891382793,0,1,0,0
Combination,under 18,4.857899235841833,1545.9665146200173,14,Low,Medium,84.54064477976503,0,0,0,1
Sensitive,45-54,7.679559484858088,2536.5590133996875,65,Moderate,High,77.25327124107432,1,0,0,0
Combination,under 18,7.391299262082964,2399.943644852992,26,High,High,69.91069526970972,1,0,1,0
Oily,25-34,8.061517366040864,2253.267195692959,13,Low,Low,75.63678534144051,1,0,0,0
Oily,35-44,6.012289607108116,2086.961755987576,33,High,Low,58.110929724717465,1,0,1,1
Dry,18-24,5.727433294176793,2008.714476479051,98,Low,Medium,60.33672269440349,1,1,0,1
Combination,35-44,7.496295296600368,2839.3919036934276,28,High,Medium,76.19975932685614,0,0,1,1
Combination,18-24,5.035402038448552,2240.753815495653,26,High,Low,73.3156444814976,1,0,1,0
Oily,18-24,9.221854887435391,2379.4238829193982,38,Low,Low,78.90256033500148,1,0,0,0
Combination,45-54,8.249418164237563,2293.847450933906,11,Low,High,75.11535094573338,1,0,0,0
Dry,35-44,8.947501734663126,1456.2609159438161,49,High,Medium,69.28037935328506,0,1,1,0
Dry,under 18,4.92111000104463,1996.832929767372,84,Moderate,High,65.14818703763189,1,1,0,0
Sensitive,45-54,3.7582568446424354,2615.3229020890058,97,Low,Medium,83.40192712872353,0,0,0,1
Oily,25-34,8.831072793243163,1783.324722457737,48,High,Low,75.70913203218677,1,0,0,0
Sensitive,45-54,6.443844105009235,1963.8262624246643,70,High,Medium,73.2841644181015,0,0,1,0
Dry,55+,7.07803097565943,2063.5869595971426,97,Low,Low,72.8432538928809,0,0,1,0
Dry,18-24,7.837348160317455,1913.686823495761,28,High,High,72.34998312651432,1,0,1,0
Oily,45-54,8.41478995521669,2222.9738885626516,92,High,High,90.0,0,0,0,0
Oily,under 18,6.089554831191046,2667.5563339020487,99,Moderate,Low,79.53730501853624,1,0,0,0
Sensitive,35-44,4.9626145208162695,1953.9170945892618,54,High,Medium,80.94109700994028,0,0,0,1
Dry,35-44,8.450376101613202,1638.4634475439277,5,High,Low,61.89007521316633,0,1,1,1
Oily,25-34,7.464333470150727,2271.669798499524,26,Moderate,Low,76.5686478052472,1,0,0,0
Normal,18-24,5.709214198028142,1963.7611402029825,25,Low,Low,74.73872189344749,1,0,0,1
Normal,18-24,6.765244254686185,1724.1310740838535,37,Moderate,Medium,90.0,0,0,0,0
Sensitive,25-34,10.0,1618.4468232772622,12,High,High,75.48726107608944,1,0,0,1
Sensitive,18-24,8.507395441101824,1803.599491559429,51,Moderate,High,78.14404478863872,1,0,0,0
Normal,55+,5.370045716672077,2051.4071215775343,83,Low,Medium,76.39029655003468,0,0,1,0
Sensitive,35-44,7.973640076581251,2460.254787532839,64,High,High,90.0,0,0,0,0
Dry,35-44,9.343397665982604,3472.6231449675497,75,Low,Medium,83.36569485295674,0,1,0,0
Dry,45-54,7.375771305633395,1668.453913087306,86,Moderate,Medium,59.06737550080901,0,1,1,0
Sensitive,45-54,7.679311490192337,1866.8935247967543,17,Low,High,75.8553393051572,0,0,1,0
Sensitive,45-54,8.388949194778345,1351.417851817139,56,Low,Low,77.03241170807243,0,0,1,0
Combination,45-54,10.0,2428.0240473877566,92,Low,High,67.62056937576358,1,0,1,0
Normal,35-44,4.4739939733057525,1645.485548842514,70,High,Low,81.00831680202857,0,0,0,1
Combination,45-54,8.224121566170908,2588.172028085727,31,Low,Medium,73.06126143951126,0,0,1,0
Normal,35-44,5.091643559152055,2356.5129252164743,88,Moderate,High,81.13110266179743,1,0,0,0
Dry,under 18,4.078990191007115,1955.332067264477,85,High,High,72.24249382412299,0,1,0,1
Normal,45-54,8.66807026315481,1724.2421349485098,60,High,High,62.72456226065978,1,0,1,0
Oily,55+,4.739616551292979,2073.10739818878,27,Moderate,High,64.1561078561658,0,0,1,1
Sensitive,under 18,6.092921700046783,2314.779183032918,16,Moderate,High,79.74115457180866,1,0,0,0
Sensitive,under 18,5.67201035167291,1613.6815551734499,36,Low,Medium,73.61665028811794,1,0,0,1
Dry,55+,3.968496518685635,2084.9723555257415,93,Moderate,Low,72.95928954649278,0,1,0,1
Combination,35-44,6.758642592585102,1405.8076646299646,17,Moderate,Medium,82.24456742663101,0,1,0,0
Combination,18-24,7.290698070650638,2513.5351503220695,25,Low,Medium,83.40950068462021,1,0,0,0
Dry,55+,6.676648084871575,2134.0834749109868,4,Moderate,High,69.69330155709679,1,1,1,0
Sensitive,45-54,7.409966874377746,1397.8350864105198,35,High,Medium,90.0,0,0,0,0
Sensitive,35-44,10.0,1764.575084938858,37,Moderate,Medium,90.0,0,0,0,0
Dry,under 18,7.984174302790406,2384.6076386145246,76,High,High,69.94851306470196,1,1,0,0
Dry,25-34,6.790607309326372,2303.3975125298175,43,High,Medium,73.1762745504926,0,0,1,0
Sensitive,35-44,7.3687288327245835,1291.180121386297,22,High,Low,70.06172144592286,0,1,1,1
Combination,under 18,6.501590948124868,1693.7245488229692,55,High,Low,90.0,0,0,0,0
Combination,under 18,6.307382437980809,1347.998411081681,29,High,Low,62.695244683605594,1,0,1,0
Dry,45-54,8.689650575119046,2800.9963273067065,17,Low,High,63.59715178477042,1,1,1,0
Normal,55+,8.467004463997613,2635.2646120735717,53,Low,High,80.69270283110765,1,0,0,0
Dry,25-34,6.483047744487766,1681.8715825069817,51,Moderate,Medium,90.0,0,0,0,0
Normal,under 18,5.832119429782432,2322.0324614786114,71,Moderate,Low,66.5772813584496,1,0,0,1
Normal,18-24,7.340594579716225,1961.389144200787,52,Low,Medium,90.0,0,0,0,0
Combination,under 18,8.942722816293013,2202.4706769076715,82,Moderate,Low,90.0,0,0,0,0
Oily,18-24,5.742013543719123,1659.5455854321526,54,Moderate,Medium,78.63303103834717,1,0,0,0
Sensitive,under 18,8.022989948881218,2520.8664263272985,36,High,Low,69.28009396197635,1,0,0,1
Combination,55+,7.827520348383954,2948.4443739360404,75,Moderate,Medium,80.3352721852632,0,0,1,0
Dry,under 18,9.452510748597128,2220.5179174253813,6,Low,Medium,70.0041899887256,1,1,0,0
Sensitive,55+,5.742129010777747,1345.006244134116,38,High,High,58.56649609522262,0,1,1,0
Normal,45-54,6.418927382477928,2376.6067232080786,64,Moderate,High,63.6506512497409,1,0,1,0
Dry,under 18,9.739970618967906,2208.7235172053997,52,Moderate,Medium,69.9303260858571,1,1,0,0
Sensitive,under 18,8.753084191346854,1877.346256906099,80,High,High,77.48992771598127,1,0,0,0
Oily,under 18,7.9341536878413255,2411.678414738586,63,Low,Low,82.47172512107124,1,0,0,0
Dry,25-34,4.0306085862212075,1793.2805988117448,4,Low,Medium,90.0,0,0,0,0
Sensitive,35-44,8.424550576416804,2137.2341678182825,100,Moderate,Low,90.0,0,0,0,0
Combination,45-54,5.2052274277736,784.938812136322,82,Moderate,High,47.60762337136873,1,1,1,1
Sensitive,55+,6.45132888204699,1964.2071535530604,33,Low,Low,84.77689271901224,0,0,1,0
Normal,25-34,5.674115575257482,2071.5424685139974,89,High,Medium,90.0,0,0,0,0
Normal,45-54,7.759580120849342,2335.3435853631163,92,Moderate,Medium,75.41027040404137,0,0,1,0
Normal,35-44,3.4661216126015164,1342.85745109594,40,High,High,90.0,0,0,0,0
Combination,18-24,6.543066027467897,2286.0865655187317,67,High,Low,84.50266139165882,1,0,0,0
Oily,35-44,7.733851020325053,2235.934973938338,35,High,Low,67.5768485718166,0,0,1,1
Sensitive,35-44,6.424873087046603,1836.1832813450196,90,Moderate,Medium,90.0,0,0,0,0
Combination,18-24,5.9075060973673885,2384.097064052924,29,High,Low,59.45377575327643,1,0,1,1
Combination,55+,5.619266818390633,2425.018197594785,6,Moderate,Medium,74.23522996981335,0,0,1,1
Combination,45-54,7.311779857206469,1977.4777607724232,61,Low,High,76.34748991535031,1,0,1,0
Oily,35-44,6.0149344003353,1322.229069417937,57,High,High,75.35924251442941,1,1,0,0
Combination,25-34,6.028520865432932,1834.9965656875568,22,High,High,78.35390775431273,0,0,1,1
Dry,45-54,3.4464635326281226,1901.3224223326679,16,Moderate,Medium,49.44052472239988,0,1,1,1
Dry,25-34,8.386536052039009,2283.608952716936,66,High,Low,90.0,0,0,0,0
Combination,35-44,6.255691186387739,2023.4681492076138,72,High,High,90.0,0,0,0,0
Normal,55+,6.165753145867001,2074.380366667848,33,Low,Medium,79.73884568822706,0,0,1,0
Sensitive,25-34,9.310161735616047,2484.249401312438,14,High,Low,81.65568497551737,0,0,1,0
Combination,25-34,7.781191458539129,1753.557543808141,7,High,Medium,77.28831316096644,0,0,1,0
Dry,under 18,8.124907589417258,1156.5615243134735,93,Low,High,78.515322037603,1,0,0,0
Sensitive,45-54,6.621469777013664,2291.855709911975,95,High,Medium,75.70933747806961,0,0,1,0
Sensitive,18-24,8.110631821071626,2334.9422451078703,88,High,Low,90.0,0,0,0,0
Dry,under 18,7.442246033814541,1902.1375104580586,81,Low,Low,83.47811377833328,0,1,0,0
Normal,under 18,7.806963954739733,1523.5694797068497,40,Moderate,Medium,75.25322693931864,1,0,0,0
Normal,45-54,5.732984105060125,2030.8673382301483,27,Moderate,High,77.2617641463755,1,0,0,1
Normal,25-34,7.259796464063121,1087.192410717677,82,High,Low,75.67357241137732,0,1,0,0
Sensitive,55+,7.682719571424277,2386.3641889596965,27,Low,Medium,71.02487639464022,0,0,1,0
Dry,18-24,6.884072143800557,3187.233141641996,54,Moderate,Medium,80.03967653167484,0,1,0,0
Normal,under 18,5.975597340527221,1819.4564183065652,32,High,Medium,61.81485620830013,0,0,1,1
Sensitive,45-54,6.407399640809186,1961.9061943544912,66,Moderate,Medium,82.55376740913442,0,0,1,0
Dry,45-54,6.5069127805505635,1296.5947276975642,75,High,Medium,76.4158089008224,0,1,1,0
Normal,25-34,6.180177555645287,1951.189652112962,46,Moderate,Medium,90.0,0,0,0,0
Oily,55+,8.842858123092997,3101.1216366864564,75,High,High,79.56516879211655,0,0,1,0
Normal,18-24,9.003210846775982,1612.3104851636967,67,Low,Medium,77.57633547449896,1,0,0,0
Oily,under 18,5.956285584060751,1920.3357112453245,53,Moderate,Low,77.76500936021733,1,0,0,0
Sensitive,25-34,9.67683833328038,1917.2879739090533,57,High,High,75.42258284249466,1,0,0,0
Combination,55+,5.008738764193854,1749.4114315234824,42,High,Low,90.0,0,0,0,0
Sensitive,45-54,8.135584002729125,2344.9701384480436,99,Low,Low,81.80253733234707,0,0,1,0
Combination,35-44,6.699675000262516,2341.7073367800153,42,Moderate,Low,90.0,0,0,0,0
Normal,35-44,3.590241696179752,2051.9146175163487,95,Low,Medium,90.0,0,0,0,0
Oily,18-24,8.291028132052945,1583.5683624227324,14,Low,Low,83.28470129529296,1,0,0,0
Normal,35-44,5.745492195255568,1066.7759236182624,39,High,High,44.346980610679005,1,1,1,1
Combination,under 18,9.384843392216041,1639.9230114892166,81,Low,Medium,90.0,0,0,0,0
Oily,55+,7.361564916793167,2301.958520741687,100,Moderate,Low,80.03641397874736,0,0,1,0
Dry,35-44,9.26810192371218,1923.0511130071823,49,High,Low,75.49454544757913,0,0,1,0
Dry,55+,6.190855309332372,2086.5338242852768,63,Moderate,High,68.41775307139798,1,0,1,0
Normal,35-44,8.92612041481343,1914.9137342996082,40,Low,Low,90.0,0,0,0,0
Oily,55+,5.567696377623886,1229.621095842319,44,Low,High,72.38704222034028,0,1,0,1
Sensitive,45-54,5.168053923092162,2432.1957487033324,24,High,Low,75.23489345240002,0,0,1,0
Normal,25-34,6.519063285539783,1696.2395450396448,100,Low,High,81.24391684980992,1,0,0,0
Combination,25-34,5.926049165224087,2042.522930100091,86,High,High,70.90573136495965,1,0,0,1
Oily,45-54,6.640817359351624,1863.4339281403738,91,Low,Medium,66.59466390646647,1,0,1,0
Dry,55+,9.023985891716109,2769.008140930817,81,Moderate,High,60.09394446334583,1,0,1,0
Dry,25-34,4.584967490636505,2163.796365571479,11,High,Low,68.35835510814329,0,1,0,1
Oily,35-44,5.834706852067912,1875.8744430694533,45,High,Low,69.84159948975129,0,0,1,1
Normal,35-44,7.463917577690042,1893.6400415345404,51,High,Medium,90.0,0,0,0,0
Sensitive,under 18,7.34568982094145,2336.485103015959,11,High,Medium,80.91833859740132,0,0,1,0
Oily,under 18,7.44186520081048,1676.5818479161883,23,Moderate,High,80.46398152571246,1,0,0,0
Combination,35-44,6.056200589544514,1280.1473516909823,47,Moderate,High,64.16303221984953,1,1,0,0
Dry,55+,5.719119553718922,2981.034180949264,17,High,High,75.25848423683192,1,0,0,0
Normal,25-34,5.811994638857133,1403.3105937780902,78,Low,High,83.51517860251664,0,0,0,1
Sensitive,55+,7.47989179276716,1944.8176203540702,23,Low,Medium,75.45298166311241,0,0,1,0
Sensitive,under 18,6.706610144726162,2704.522983206045,48,Moderate,Low,76.02639477976739,1,0,0,0
Dry,under 18,7.823690013337548,1735.0035341482624,41,Low,Medium,75.4906072101935,0,1,0,0
Normal,under 18,6.36328612361233,1748.7067430471575,81,Moderate,Low,84.37589638422774,1,0,0,0
Normal,55+,8.312109432370386,1845.9261852734312,48,Low,Medium,77.8149568164848,0,0,1,0
Oily,35-44,4.310269746318774,1975.8401606328277,50,Low,Medium,75.49926273805612,1,0,0,1
Combination,45-54,4.694460998308106,3092.115300877451,7,Moderate,Low,82.12939990163649,0,0,0,1
Sensitive,35-44,5.551498129229154,1919.0676173211345,77,Moderate,High,80.10622936170196,0,0,0,1
Sensitive,35-44,7.387304102051705,1855.670919660385,4,High,High,60.959793757338055,1,0,1,1
Dry,45-54,6.564954397800711,2210.9136430804388,65,Low,Low,67.82585143608509,0,1,1,0
Sensitive,35-44,9.289323938194418,2383.754540908649,72,High,High,83.46869355023166,1,0,0,0
Dry,35-44,9.217770817860314,1476.690445953249,44,High,Medium,66.12980251118113,0,1,1,0
Dry,35-44,7.476043949883042,2077.6230260291395,32,High,Low,56.279761821162445,0,1,1,1
Combination,25-34,7.526636937515102,2688.115985317786,62,Moderate,High,84.84044655295754,1,0,0,0
Dry,18-24,6.668816275311919,1797.2483167229561,49,Moderate,Low,75.3029325223182,1,1,0,0
Normal,under 18,7.800971196127996,1110.8986362170763,35,Low,High,75.52551207737801,0,1,0,0
Sensitive,25-34,6.644721926316732,1932.9011553572734,77,High,Low,90.0,0,0,0,0
Dry,35-44,5.619462075539612,2528.529505678289,10,Moderate,Medium,90.0,0,0,0,0
Dry,55+,5.406639523985074,1932.0634758181018,100,Low,High,61.1659794340497,0,1,1,0
Dry,under 18,7.439735837984452,2676.7257807380593,83,High,Low,79.87342583185988,1,0,0,0
Dry,35-44,6.98416534767872,2468.0767970641054,74,Low,Low,90.0,0,0,0,0
Sensitive,45-54,8.050893095915692,2061.7287780845713,6,Moderate,Medium,80.7786678599091,0,0,1,0
Combination,under 18,5.365729887589817,1282.7095695478256,98,Moderate,High,76.26976207225852,1,0,0,1
Dry,35-44,7.159758102128779,1728.6515630486933,71,High,Low,77.96677003607351,0,1,0,0
Oily,45-54,8.378891637521939,2372.928259049289,87,Low,Medium,79.65094986583847,1,0,0,0
Normal,45-54,6.723083508344425,1421.1435380293653,54,High,Low,58.34326320408207,0,1,1,0
Combination,25-34,7.76610332441091,1491.0252769324247,10,Moderate,High,77.77485278332686,1,0,0,0
Sensitive,35-44,5.862304115603703,1510.2921308924228,87,Low,High,82.95385890124082,0,0,0,1
Sensitive,under 18,6.79224846709007,2585.096167035281,71,Low,Medium,77.55962722162471,1,0,0,0
Combination,45-54,6.992438694664707,1778.3906537861521,19,Moderate,High,77.80570538887447,0,0,1,0
Normal,55+,4.711577604932134,2276.0622923649216,41,High,Medium,84.8325909960839,0,0,0,1
Oily,18-24,5.829393091107059,2058.7588095790484,10,Moderate,Low,72.5641317636802,1,0,0,1
Normal,45-54,6.468672076125039,2419.088609799719,77,Moderate,Low,74.70610633751949,0,0,1,0
Normal,25-34,6.764145411957172,1970.5368227384743,81,Moderate,Medium,90.0,0,0,0,0
Combination,55+,7.728620721183189,3053.470091131593,12,High,Medium,62.696859417461724,0,0,1,1
Dry,25-34,8.332670395537832,1955.6969468256952,9,High,High,72.85285971274426,0,0,1,0
Combination,45-54,7.004796985922932,1737.5702698377827,17,Low,Medium,77.7050951461466,0,0,1,0
Sensitive,under 18,5.575006444720457,1723.624606466839,68,Moderate,High,72.34855064877728,1,0,0,1
Normal,55+,5.841776554432086,2326.6841918979426,95,Moderate,High,69.94180505157377,1,0,1,0
Dry,45-54,5.393207713196521,2666.605280690022,81,Low,Low,73.53461350461316,0,0,1,1
Oily,55+,8.128069575428245,2010.2508646838342,47,Low,Low,66.84573146686769,1,0,1,0
Dry,18-24,7.000477917197602,1721.3593451927231,26,Moderate,Medium,78.90206400342498,0,1,0,0
Dry,under 18,7.405126617021646,2544.0462316042945,59,Moderate,Low,76.29981429661548,1,1,0,0
Combination,18-24,5.94526530661628,1233.303955540635,32,High,Low,64.43829372971837,0,0,1,1
Combination,35-44,8.054827382285115,2162.1829871219,21,High,Low,71.70280349746076,0,0,1,0
Oily,35-44,5.319701797838231,1633.304314542941,90,Moderate,High,71.7442085096942,1,0,0,1
Combination,45-54,5.711343588924789,1637.7338654828754,21,High,Medium,82.29473038914665,0,0,0,1
Normal,35-44,6.514475868938218,1866.7263478596265,23,Moderate,High,80.59314528491365,1,0,0,0
Dry,45-54,6.02380951739731,1620.918090250036,24,High,High,44.11245756398421,1,1,1,1
Sensitive,under 18,6.6568234841209275,2083.8457674297806,67,Low,Medium,83.6702110002622,1,0,0,0
Dry,35-44,6.525555195452733,2579.3335116706508,18,Low,High,66.54764508769227,1,1,0,0
Oily,under 18,7.76213157163118,1204.5770715706522,10,Moderate,Low,73.39634076287363,1,1,0,0
Dry,25-34,7.78559164812078,2302.7719912927914,98,Low,Medium,80.56171659553056,0,1,0,0
Combination,35-44,6.347897547813713,1252.4012063484222,89,High,High,74.88820758104967,1,1,0,0
Sensitive,45-54,7.012100139116704,1996.145674258878,75,High,Medium,90.0,0,0,0,0
Oily,55+,5.317530645200208,1274.390391870032,42,Low,High,54.24743455694849,0,1,1,1
Dry,55+,6.868669680319841,1883.461403974589,78,Moderate,Medium,61.13046185437557,0,1,1,0
Sensitive,35-44,6.374101952016409,1958.2946326267192,34,Moderate,Medium,90.0,0,0,0,0
Oily,18-24,5.345835439269521,1782.589693566943,80,Moderate,Medium,90.0,0,0,0,0
Oily,45-54,7.799987545921521,1825.0149598243556,84,Low,Medium,59.68905603660229,1,0,1,0
Dry,45-54,4.492041292311172,1763.653861138214,72,High,High,73.18975909010709,1,0,0,1
Oily,55+,5.394762304739709,2133.5681482308655,55,High,High,72.87778115149064,1,0,1,0
Sensitive,55+,7.478256105070638,1170.6126874569845,67,Low,High,78.83647150241661,1,0,0,0
Normal,45-54,8.138519455873283,1443.9068493607208,93,Moderate,Low,67.62810943813689,0,1,1,0
Oily,under 18,9.338773435723528,1975.6118677496916,31,Moderate,High,90.0,0,0,0,0
Oily,25-34,5.130409752191257,1429.0069646536595,48,High,Medium,56.43412981603403,1,1,1,0
Combination,under 18,7.522142937681017,1804.350055050811,17,Low,Medium,90.0,0,0,0,0
Normal,45-54,6.855019135572789,2806.3901163485198,78,High,High,71.7568725711304,1,0,1,0
Normal,45-54,5.9511339036563875,2029.9814288478533,49,Low,High,84.94561693142468,0,0,1,0
Normal,55+,9.12976673105958,2135.2567377332,22,Low,High,69.88505085379072,1,0,1,0
Normal,55+,4.590095896962991,2252.6945058660685,42,High,High,68.57633342033878,1,0,1,1
Oily,18-24,5.255495713324834,2703.4037643664824,22,Moderate,High,69.00212616266475,1,0,0,1
Normal,18-24,5.765698592503034,3484.754753872832,99,Low,High,69.15535263162481,1,0,0,1
Dry,45-54,9.201063982491517,1601.6937151860106,38,High,Low,71.31808401388906,0,0,1,1
Sensitive,45-54,7.030020707502416,2376.822140816732,91,Moderate,Low,90.0,0,0,0,0
Oily,45-54,8.17549071134006,2221.1681299880984,97,Low,Low,64.57792192726797,1,0,1,0
Normal,under 18,8.878238555449165,1938.5155266828153,91,High,Low,90.0,0,0,0,0
Dry,35-44,6.44992349713595,1826.5680060376947,45,High,High,81.12351447288916,1,0,0,0
Dry,under 18,8.28755984795819,2182.590520151323,17,Low,Medium,72.43809849289916,1,1,0,0
Dry,18-24,7.436925498535384,2397.6171246285912,63,Moderate,High,84.08107527547428,1,0,0,0
Combination,45-54,3.9234213882192175,2155.034411937575,21,Low,Medium,72.14446843470866,0,0,1,0
Combination,18-24,7.327853333310574,2834.4040406503527,58,Low,Medium,90.0,0,0,0,0
Normal,under 18,4.707118026604499,2778.593316188379,1,High,Medium,79.37373834176354,0,0,1,1
Normal,55+,7.113113693386999,2244.4947653300223,23,Moderate,Low,71.98838204474377,0,0,1,0
Dry,18-24,9.513878181414064,2280.3806340027863,24,High,High,84.52016653381732,0,0,1,0
Normal,55+,7.600552434193841,2121.145592901159,71,Low,High,75.0937765503057,1,0,1,0
Normal,35-44,6.2747827975084345,1985.7554377448037,10,High,Low,78.74805071571853,0,0,1,1
Sensitive,18-24,5.926730850815877,1977.716550287259,4,High,High,80.22037798347299,0,0,0,1
Oily,35-44,3.496103954417355,2214.519783783774,94,Low,High,76.14986469217905,1,0,0,0
Dry,25-34,6.817394119324562,1831.898131666618,3,Low,Medium,80.78787065058597,0,1,0,0
Combination,under 18,7.329637125910215,1283.2180385172796,4,Moderate,High,80.1465044733693,0,1,0,0
Oily,25-34,9.893904994931923,1948.6162692562002,85,Low,High,83.99505203910617,1,0,0,0
Dry,55+,6.781233350541716,1517.3018949335387,16,Low,High,51.222150897165065,1,1,1,0
Dry,25-34,7.035919573673892,2693.4799451366403,0,Moderate,Medium,90.0,0,0,0,0
Dry,25-34,8.55387431414805,2427.218875570278,72,High,High,81.62566026755724,1,0,0,0
Oily,18-24,7.819598427500908,1820.728736218695,49,Low,High,75.44062011296418,1,0,0,0
Combination,35-44,4.824755249444947,1899.4806140666824,35,Low,Low,82.05978038459702,0,0,0,1
Normal,under 18,6.646192803199484,2524.3972198356205,89,Low,Low,82.01555594042155,1,0,0,0
Sensitive,18-24,7.464085663689731,2806.155763951774,87,Moderate,Medium,84.07477187265692,1,0,0,0
Combination,35-44,8.796232810057262,1771.7521952479522,66,Low,High,90.0,0,0,0,0
Sensitive,25-34,4.307306205070198,2692.7876169707406,0,Low,Low,81.1573095011292,0,0,0,1
Combination,25-34,9.039077834846116,1316.894204548887,65,High,High,63.065132306663095,1,1,0,0
Dry,under 18,9.26386002974125,2191.058585296259,12,High,Low,70.81856703458809,1,0,1,0
Combination,under 18,7.2410282471884795,2807.3916271236635,76,High,High,84.930341958555,1,0,0,0
Oily,45-54,9.017027759845922,2325.665475997602,14,Moderate,Medium,83.20023518959354,0,0,1,0
Normal,18-24,7.709825598717974,2308.1971452651796,49,Moderate,Medium,76.97586521350604,1,0,0,0
Combination,35-44,6.399913849176211,1972.4492751338396,12,Moderate,High,90.0,0,0,0,0
Dry,55+,5.646524268108186,1833.4801121305406,81,High,High,42.094015872012655,1,1,1,1
Sensitive,18-24,6.450049181996601,1682.3473151891676,1,Low,Low,90.0,0,0,0,0
Normal,35-44,7.205119753972695,1838.0095746497113,10,Low,Low,90.0,0,0,0,0
Sensitive,55+,7.753352080527961,1188.8396933531174,43,Low,Medium,77.4791945297007,0,1,0,0
Combination,18-24,6.829967808839051,2065.775820088748,92,High,High,78.13771986165054,1,0,0,0
Normal,35-44,6.5340561402446795,1913.8036500953845,37,Moderate,Low,90.0,0,0,0,0
Oily,25-34,4.622130983905214,2178.238552334746,46,High,Medium,60.19330916651443,1,0,1,1
Sensitive,55+,7.971408973850606,2246.7686471018833,74,Moderate,Medium,70.39176888967285,0,0,1,0
Sensitive,25-34,8.558090589163275,2100.764802891251,17,Moderate,High,90.0,0,0,0,0
Combination,18-24,7.718021770976406,2078.0453692284264,52,High,Low,90.0,0,0,0,0
Normal,under 18,8.03132607938874,1211.3851819339388,72,High,Low,90.0,0,0,0,0
Normal,under 18,5.659628548032984,2793.4498285165455,33,High,Medium,80.58047003737056,1,0,0,0
Oily,35-44,3.309346266855692,1929.911035087328,37,Low,Medium,84.16295732656641,0,0,0,1
Combination,18-24,8.758412439412101,1953.3696672291178,42,Moderate,Low,84.19738701073769,1,0,0,0
Combination,55+,6.392483392823953,2064.71083840765,11,Moderate,Medium,90.0,0,0,0,0
Dry,45-54,6.47031972999633,2015.4247463784695,3,High,Medium,90.0,0,0,0,0
Oily,under 18,5.974928445219806,2554.337209977862,49,Low,Medium,73.717709418109,1,0,0,1
Normal,under 18,9.134897381598492,1933.3048389441888,57,Low,High,90.0,0,0,0,0
Normal,55+,4.920265868963135,1738.0784148433024,51,High,High,62.470127083699616,1,0,1,1
Normal,35-44,6.724017009845554,2252.769438451604,83,High,Medium,90.0,0,0,0,0
Sensitive,under 18,5.487980165243983,1615.4188406789247,17,Low,Medium,90.0,0,0,0,0
Sensitive,35-44,7.766014206788211,2469.454416019779,48,Moderate,Medium,90.0,0,0,0,0
Normal,25-34,6.0676089322439735,1333.391473024502,48,Low,Medium,79.44919405419503,0,1,0,0
Combination,under 18,10.0,2391.6521185443567,95,High,Low,75.01263127582527,1,0,0,0
Combination,18-24,6.599494357349452,2434.51563776542,73,High,High,90.0,0,0,0,0
Sensitive,under 18,6.813315055428367,2433.578444550093,74,High,Low,83.80193978486324,1,0,0,0
Dry,45-54,7.2390897966643335,2045.6359490837867,44,High,Medium,68.78655250829705,0,1,1,0
Dry,25-34,6.829627197653817,1276.3093332684552,87,Moderate,Low,90.0,0,0,0,0
Dry,55+,9.90714234908971,1529.2330398661284,92,High,Medium,59.887975357391085,0,1,1,0
Normal,45-54,4.959964635534108,1893.5700586218163,4,Moderate,Low,71.92438202687615,0,0,1,1
Oily,25-34,5.55779227973424,1974.1436047198645,24,Low,Medium,68.39806585554332,1,0,0,1
Oily,18-24,8.031645772842653,2497.6514502646114,71,High,Medium,90.0,0,0,0,0
Sensitive,55+,8.222096082432522,1847.1839726071598,60,Moderate,Medium,74.55920919530497,0,0,1,0
Oily,45-54,7.074387741492378,2203.9395254487454,82,Low,High,90.0,0,0,0,0
Sensitive,under 18,4.363318864086891,2285.29235005993,74,Moderate,Low,75.2173038210693,1,0,0,0
Combination,25-34,4.814051068624252,3020.173299453245,90,Moderate,Low,82.04451170028375,0,0,0,1
Oily,25-34,6.393227373037457,1907.5624114027044,31,High,Medium,70.71392770291979,1,0,1,0
Combination,55+,5.8454393511432166,1685.0149840721551,47,Moderate,Medium,72.15838458531013,0,0,1,1
Normal,35-44,10.0,2470.1848443116487,23,High,Medium,74.26005037771154,0,0,1,0
Combination,18-24,4.676196332278242,2752.106450342615,62,Low,Low,78.6529969710261,1,0,0,0
Oily,25-34,8.789863412712148,1859.3937688558558,52,Moderate,Medium,75.24359910866548,1,0,0,0
Combination,under 18,7.460045413044757,1992.527960289463,87,Low,Medium,90.0,0,0,0,0
Sensitive,35-44,9.958869856670399,1601.8549055039548,66,High,Low,90.0,0,0,0,0
Dry,45-54,7.219015914663591,1785.9273345035976,99,High,Medium,78.04830249046462,0,1,0,0
Sensitive,under 18,4.850439393073218,3095.8191275274935,45,High,High,84.19928775427087,0,0,0,1
Combination,18-24,5.2276501313463815,2110.064593743888,30,Moderate,High,90.0,0,0,0,0
Dry,35-44,4.388949090429497,1800.4647303784534,31,High,Low,77.11702536844092,0,0,1,0
Combination,under 18,7.632953232150186,1587.6330102488187,24,Moderate,High,83.80680249595696,1,0,0,0
Sensitive,55+,7.8802027761034825,1865.4794540559587,71,Low,Medium,90.0,0,0,0,0
Oily,55+,8.74012376859792,2680.880456670112,36,Moderate,Medium,74.46416909120475,1,0,1,0
Normal,35-44,6.119882858904982,2038.3664296964785,96,Low,High,83.78957977290672,1,0,0,0
Combination,25-34,7.275181339708349,2309.674647717349,53,Moderate,Medium,90.0,0,0,0,0
Dry,under 18,7.021572994366399,2095.105479671421,83,Low,Medium,81.73184122201403,1,0,0,0
Sensitive,18-24,6.634890287807321,2057.6199334860094,60,High,High,90.0,0,0,0,0
Normal,55+,8.946910290302698,2323.041620605927,66,High,Medium,82.08483576267801,0,0,1,0
Oily,25-34,8.051883459165053,2361.5351620677893,70,High,Medium,77.6419982317535,1,0,0,0
Oily,35-44,6.769286833178446,2159.413521789765,47,Moderate,Low,75.32021470015947,1,0,0,0
Combination,under 18,5.372239482496383,2634.4038281584785,65,High,High,84.35070349718251,0,0,0,1
Combination,35-44,3.0,1956.4258038322873,91,Low,High,83.29527039585781,1,0,0,0
Dry,25-34,8.711343965725412,1318.0660331853292,88,Moderate,Low,76.88473943284842,0,1,0,0
Sensitive,18-24,7.599669876425277,1659.6167767104866,97,Moderate,Low,90.0,0,0,0,0
Normal,18-24,6.446795102216697,2472.9704803197187,88,Low,High,90.0,0,0,0,0
Sensitive,18-24,7.297085388827726,982.8220660578187,97,Low,High,71.74373186500453,1,1,0,0
Oily,55+,5.535361690402603,2487.6678674443797,29,Low,High,70.93647120806165,1,0,1,0
Combination,35-44,7.673414077289497,2874.0677862621424,52,Moderate,High,90.0,0,0,0,0
Sensitive,18-24,9.523971391019945,1828.877434926604,71,High,Medium,84.04240457687789,1,0,0,0
Dry,55+,10.0,2012.2398349259554,60,High,Low,67.95249564147946,0,1,1,0
Normal,under 18,5.5559971983864616,1683.1800670447114,71,Low,Medium,76.0993538794406,1,0,0,1
Normal,45-54,3.614912342065872,2803.5095041246404,31,Low,Low,90.0,0,0,0,0
Oily,35-44,9.392142983565796,1492.2462805933396,6,High,Low,57.272041651305734,0,1,1,1
Sensitive,25-34,6.658173567427141,2047.8037720562888,76,Low,Medium,90.0,0,0,0,0
Dry,35-44,5.55947042178683,1122.4489843644192,88,High,Medium,84.29044596822555,0,1,0,0
Oily,18-24,6.684463594334632,1839.4602852703765,75,Low,Medium,84.25462669330582,1,0,0,0
Normal,45-54,6.417383138516837,2111.3580313004823,85,Low,Medium,81.67909380774155,0,0,1,0
Normal,25-34,9.144279487788989,1848.453640154137,81,High,Low,90.0,0,0,0,0
Oily,45-54,7.255664498082044,2363.435261872468,19,Low,Medium,66.24848163731666,1,0,1,0
Dry,45-54,7.831214389769123,1692.788237776079,40,Low,Medium,58.21136993817475,0,1,1,0
Dry,under 18,7.144565684671054,2273.7699100845266,56,Low,High,79.88320541275115,1,0,0,0
Oily,25-34,5.307472993733834,2631.7695053982543,55,High,Low,90.0,0,0,0,0
Sensitive,35-44,9.147383357821166,1638.609872277753,70,Low,Low,90.0,0,0,0,0
Normal,25-34,7.290505027522253,2321.139128335516,49,Moderate,Low,90.0,0,0,0,0
Oily,25-34,6.181578765506871,2240.806922844047,90,Low,Low,75.0467140226904,1,0,0,0
Combination,25-34,7.244883439438248,1266.0409111805996,56,Low,Low,90.0,0,0,0,0
Normal,18-24,7.688741973967837,1449.928791864482,96,Moderate,Low,79.96209104882729,0,1,0,0
Sensitive,18-24,8.40880427749307,1664.3944624330557,27,Moderate,High,79.43840999709602,1,0,0,0
Oily,35-44,6.7580718495082825,2686.1394567232874,28,Low,Medium,80.92772386779384,1,0,0,0
Sensitive,18-24,7.744572469793268,1460.2630402127274,78,High,High,84.33732601211237,1,0,0,0
Normal,45-54,5.477625143801374,1700.3486056881372,74,Low,Medium,77.88223475682241,0,0,1,0
Sensitive,45-54,7.5919661250349995,2179.149907466384,70,Moderate,High,78.93000867983444,0,0,1,0
Dry,55+,5.735346543005696,1416.3952571928203,31,Moderate,High,56.91958735814232,1,1,1,0
Sensitive,35-44,7.422375107628751,1909.069967104919,91,Moderate,High,83.61903885841427,1,0,0,0
Normal,25-34,10.0,2018.3018282815394,43,High,Low,76.96415398572098,0,0,1,0
Normal,55+,9.721379241550412,1414.8082009478298,24,Moderate,Medium,68.38660093371227,0,1,1,0
Normal,35-44,4.640180590657439,1439.9574337372328,4,Moderate,Low,90.0,0,0,0,0
Dry,25-34,8.7836946721802,2878.050794846767,49,Moderate,High,90.0,0,0,0,0
Sensitive,45-54,5.826730819071049,1769.7169851202211,22,High,Medium,70.82616312133847,0,0,1,1
Sensitive,under 18,5.24652863468125,1094.1800764408063,92,Low,Low,69.99865185468825,1,1,0,0
Normal,55+,8.077617546664944,2111.5101514810817,3,Moderate,Low,83.6495940806192,0,0,1,0
Dry,35-44,7.015731974010813,1299.97173141831,78,High,Low,81.246772831766,0,1,0,0
Combination,under 18,9.459935022742991,1748.3216309752634,1,High,Medium,62.71236838850044,1,0,1,1
Normal,18-24,7.800439637224714,1272.7192973776378,79,Low,High,90.0,0,0,0,0
Combination,under 18,6.714212215569944,2145.687228119292,21,High,Medium,73.78967506925711,1,0,0,1
Sensitive,25-34,7.4906128270799615,2077.3242716183127,57,Moderate,Medium,90.0,0,0,0,0
Combination,35-44,7.741783738073159,1434.7397719835194,38,High,Medium,90.0,0,0,0,0
Oily,55+,7.29605890815949,2056.878841740139,85,Moderate,High,79.07837781374238,1,0,1,0
Combination,25-34,7.347509026292592,2036.1726086595909,61,Low,High,77.36884832705564,1,0,0,0
Combination,under 18,5.0901808391299035,1341.1001239455131,6,High,Medium,79.30707754626334,0,0,1,0
Oily,55+,3.6785977211731726,2408.767254922649,43,Low,Low,73.4733926161549,1,0,1,0
Combination,35-44,8.241486264602798,2421.77514561106,76,Moderate,High,79.8973463412656,1,0,0,0
Combination,18-24,7.460184943692178,933.4403911409445,29,High,Medium,51.05946271370334,1,1,1,1
Dry,25-34,5.4599342623221006,2085.207708796556,99,Low,Medium,90.0,0,0,0,0
Normal,45-54,7.203277004187693,1888.6258934239895,20,High,Medium,69.16640765089664,0,0,1,1
Oily,45-54,7.5533758043623695,2005.8258538426228,90,High,High,80.1966679635426,0,0,1,0
Normal,under 18,7.181155698327043,1680.467333583992,36,Low,Medium,83.0703694806221,1,0,0,0
Dry,25-34,8.473016479182386,1784.614195659808,67,Moderate,Medium,83.61886413380533,0,1,0,0
Sensitive,under 18,5.00402637546906,1614.5004935906356,72,Low,Medium,76.34055903816852,1,0,0,0
Normal,18-24,6.47730071295703,2497.0013941844236,2,High,High,76.00460840424823,1,0,1,0
Dry,25-34,6.936598002347811,1906.9258905171755,91,Moderate,Medium,78.93341216364276,0,1,0,0
Normal,under 18,5.127004862856059,2392.7412949147883,5,Moderate,Low,72.34747450350602,1,0,0,1
Sensitive,18-24,6.0220717689649215,1949.986070529332,31,Low,Medium,75.5884974882679,1,0,0,0
Combination,35-44,9.220274615322797,2254.3816655246524,67,Low,Medium,90.0,0,0,0,0
Oily,55+,4.557618928427239,1115.244881823764,87,Moderate,Low,62.658613901359054,1,0,1,1
Normal,25-34,6.9035343248211305,1393.6296925625975,74,High,High,71.24017488956974,1,1,0,0
Normal,35-44,7.972820121449496,2021.1315324824895,61,Low,Medium,90.0,0,0,0,0
Oily,45-54,7.248077153535794,1646.6284091788234,53,Moderate,Medium,63.34862110906151,1,0,1,0
Oily,45-54,9.61207548293006,3421.2968640052295,39,Moderate,Medium,61.40549153176404,1,0,1,0
Combination,25-34,6.582122914364928,2176.5196242075003,26,High,High,70.17408864963123,1,0,1,0
Oily,18-24,7.146126014596469,1870.1565682794658,86,Moderate,Medium,77.3346760462298,1,0,0,0
Normal,35-44,5.751894298400805,1457.5160062597615,64,High,High,58.67034908512019,1,1,0,1
Oily,25-34,5.296604101711713,2202.620012774573,15,High,High,67.3852088755218,0,0,1,1
Oily,55+,6.220488282694547,710.8535749297348,36,Moderate,Medium,83.13742328747797,1,0,0,0
Combination,25-34,7.667287330897484,1980.869358767922,43,High,Low,78.82052804562333,0,0,1,0
Oily,45-54,9.020009502101718,2186.561198545505,42,Moderate,Medium,64.79644450308183,1,0,1,0
Sensitive,25-34,4.781989605534554,885.1616796350095,11,High,Low,64.73314645870087,0,1,1,1
Normal,under 18,5.920791423493094,1687.4462896531736,29,Moderate,Medium,70.63687663068318,1,0,0,1
Oily,45-54,8.414738801500249,1995.5645338552133,83,High,Medium,80.19691240347542,1,0,0,0
Sensitive,25-34,8.700532747147763,1337.5834721486826,3,Low,Low,78.27653030871713,0,1,0,0
Dry,45-54,8.447896576570672,2360.4945767154595,80,Low,Medium,56.55925404677389,0,1,1,0
Sensitive,55+,3.9726488328532055,2661.308920630386,98,Moderate,High,67.96674136176544,1,0,0,1
Oily,45-54,7.140187737649529,2196.022251934253,51,Low,Medium,67.69079019490147,1,0,1,0
Oily,35-44,5.702655831357366,2637.6235064609864,29,Low,High,77.08879511549023,1,0,0,0
Oily,18-24,5.221221506141696,2416.046009186973,18,High,Medium,70.63928812156688,0,0,1,1
Combination,35-44,8.230911213863006,1512.916285913889,50,Moderate,Medium,90.0,0,0,0,0
Normal,35-44,9.975060399133861,2115.7642401087596,57,Low,Medium,90.0,0,0,0,0
Dry,35-44,7.980838915406537,1236.4396023321221,38,Moderate,Low,75.34191768145965,0,1,0,0
Combination,25-34,10.0,1387.721529887455,13,Low,Low,81.19709386152125,0,1,0,0
Oily,45-54,8.537329649148896,1502.6141410341522,83,Low,Low,57.908630154056056,1,0,1,0
Normal,18-24,6.071516795728476,2394.3770219427233,68,Low,Low,79.10778819300982,1,0,0,0
Oily,25-34,8.541329070512736,1364.357875442949,31,Moderate,Medium,81.00613158012655,0,1,0,0
Sensitive,45-54,8.635708253585491,2522.4902475665967,53,High,Low,90.0,0,0,0,0
Oily,45-54,5.593069886732661,2799.323796795555,21,Low,Low,83.00450703433005,0,0,1,0
Combination,under 18,4.814713557627943,1687.6137086111924,40,High,Medium,63.83780587850695,1,0,1,1
Oily,55+,7.718503936137983,1573.2168576486968,22,Moderate,Medium,61.576269065597636,1,0,1,0
Dry,18-24,7.395728628519011,2120.5380394016474,28,Low,Medium,70.03879952166413,1,1,0,0
Oily,45-54,6.71938859511592,2416.2002692952797,34,Moderate,Medium,75.3684417621638,1,0,0,0
Dry,45-54,6.657458811013541,2115.7705344069027,91,Moderate,Low,82.18658059348694,0,1,0,0
Oily,45-54,8.719707816231853,2395.34310501292,39,Low,High,67.53247946546713,1,0,1,0
Dry,55+,8.179025936221313,1425.41019889161,52,Moderate,Low,78.5796008218689,0,0,1,0
Combination,25-34,7.787188863251982,1560.7506045152477,54,High,Low,90.0,0,0,0,0
Dry,55+,5.077877530332961,1964.1468268575159,7,Low,High,80.45038791929055,0,1,0,0
Oily,under 18,5.643557220022615,2395.3088594199885,77,High,High,80.50908172124568,0,0,0,1
Oily,25-34,8.221803189542985,1048.6868817842792,86,Low,Medium,73.98200491800618,1,1,0,0
Dry,25-34,5.757546190634665,1270.1066640410006,80,High,Medium,81.65824339302262,0,0,0,1
Sensitive,55+,6.306056085110664,2227.587834934412,82,Low,Medium,77.33225229181451,0,0,1,0
Dry,45-54,6.6365678527324174,1705.1203796664322,36,High,Medium,52.745404146962855,0,1,1,1
Combination,45-54,8.950264790219709,847.5714137018558,11,High,High,67.40999112520078,1,1,0,0
Combination,55+,8.855307840277337,1727.855853422257,40,Moderate,Medium,83.82880213136153,0,0,1,0
Oily,35-44,6.882836484830816,1736.3183311399457,78,Low,High,80.69242908741164,1,0,0,0
Oily,45-54,9.314332158308677,1384.5107515973702,100,High,Medium,68.88544143030249,1,1,1,0
Oily,25-34,7.0176045545829036,2263.7193259299984,68,Moderate,Medium,75.34079464049469,1,0,0,0
Normal,25-34,4.583495848172249,1540.0509147769233,34,Low,High,90.0,0,0,0,0
Oily,under 18,6.7777321997526565,1556.6674826578126,74,Low,High,83.92533923871882,1,0,0,0
Combination,under 18,5.776612343171275,1825.0686684617813,60,High,Medium,83.28865059895291,0,0,0,1
Dry,45-54,7.97437199746926,1828.6411115609278,3,Low,Low,70.52228021252711,0,1,1,0
Dry,55+,8.61763929170942,1501.1211086703227,79,Low,Medium,74.77965093802976,0,0,1,0
Combination,55+,5.122116609289821,2963.172702860567,44,High,Medium,71.67830595690873,0,0,1,0
Sensitive,25-34,6.013062808501733,1344.54399646392,49,Moderate,High,79.53634666715244,1,0,0,0
Dry,45-54,4.386919087342255,2537.5517269044694,31,High,High,69.19076556674958,1,0,1,1
Sensitive,45-54,6.488043228009911,1873.1451324668008,56,High,Low,77.0597742937237,0,0,1,0
Oily,55+,6.76119743262004,2506.4714423348905,72,Moderate,Medium,77.35390038316149,0,0,1,0
Normal,35-44,6.730705249036119,3172.0268894163128,66,Low,Low,90.0,0,0,0,0
Oily,45-54,7.200640861081344,2530.8923834791603,77,High,Medium,62.185239891405395,1,0,1,0
Normal,25-34,8.20785978685661,1981.7763398709812,51,High,High,76.67421903827136,1,0,0,0
Combination,25-34,6.119543520969305,2165.9819642832767,53,Low,High,77.53563043645107,1,0,0,0
Sensitive,under 18,7.7651480968109095,1713.7069759367364,26,Low,Medium,90.0,0,0,0,0
Normal,55+,7.249508298925984,2618.102489129798,64,Moderate,Medium,72.6619740581279,0,0,1,0
Oily,45-54,10.0,2427.1846601747106,70,Low,High,71.70895662365358,0,0,1,0
Dry,under 18,9.794139529570423,1685.3128943967722,32,Moderate,High,69.05173964472677,1,1,0,0
Oily,55+,8.052823378088942,2669.259754290636,51,Moderate,High,82.14784984135507,0,0,1,0
Dry,under 18,5.655500000542006,1757.2049439774953,19,Moderate,High,63.44549938076749,1,1,0,1
Normal,35-44,9.606857142752876,1512.45057210653,10,High,High,78.2734254002261,1,0,0,0
Dry,35-44,4.988304951016434,2763.9907868197556,62,Low,High,57.68750597237464,1,1,0,1
Sensitive,under 18,8.795144837470659,2216.060121991885,81,Moderate,Medium,82.25413251791775,1,0,0,0
Oily,under 18,6.931433868031259,1780.737747197509,62,High,High,90.0,0,0,0,0
Dry,35-44,7.422923310713577,2789.903478700775,43,Moderate,Medium,90.0,0,0,0,0
Oily,45-54,7.357849189213114,3083.479633623483,31,Low,High,77.38123053676539,1,0,0,0
Oily,under 18,5.653087021539655,1990.1596228358653,94,Moderate,Low,79.75108562251879,1,0,0,0
Combination,18-24,6.440411998504127,1457.4292284188336,72,Low,Low,80.07708092814639,1,0,0,0
Sensitive,35-44,6.770374400485517,2208.6646508302197,91,High,Medium,90.0,0,0,0,0
Dry,under 18,7.786345269928045,3085.226089472278,70,Moderate,Low,76.16491491700395,1,1,0,0
Sensitive,35-44,7.69670120458534,2575.068401839808,17,Low,Low,90.0,0,0,0,0
Combination,35-44,7.099141369448464,2839.0278002262976,94,Moderate,Medium,90.0,0,0,0,0
Sensitive,under 18,10.0,2265.542565487975,4,Moderate,Low,84.38693058266799,1,0,0,0
Sensitive,55+,5.5110114768226275,1725.5974886114159,30,Moderate,Medium,71.71681397200838,0,0,1,0
Combination,under 18,7.422901454807743,2228.2490176253227,69,Low,Low,90.0,0,0,0,0
Dry,45-54,8.047637701576559,2230.0988406150204,3,High,High,69.8624803184473,0,1,1,0
Oily,35-44,7.010477374383908,1681.9007793989358,7,High,Medium,59.41889864037257,1,0,1,1
Combination,35-44,7.601707391896344,2927.4936787403285,96,Moderate,Medium,90.0,0,0,0,0
Normal,under 18,8.529892908141631,2267.351974818099,28,High,Low,56.28312186196132,1,0,1,1
Sensitive,45-54,8.544350385734127,1814.4679855495738,10,Low,High,63.45149346105493,1,0,1,0
Sensitive,45-54,6.237602280875019,1626.107447817009,36,High,High,76.21036507417966,1,0,1,0
Combination,18-24,6.812070065845843,1788.99705164546,24,Moderate,Low,90.0,0,0,0,0
Normal,45-54,8.812412110978208,1762.3382911589056,22,Low,Medium,84.96782902366051,0,0,1,0
Dry,35-44,5.795917425662625,2971.288589415316,98,Moderate,Medium,80.53329100108016,0,1,0,0
Normal,35-44,6.322937153377985,2076.7642286251753,37,High,Low,81.83771462786903,0,0,1,0
Oily,under 18,7.676984237115118,1431.6534405395923,60,Low,High,90.0,0,0,0,0
Combination,45-54,8.853225654254604,2318.559520205614,20,Low,Medium,82.37082384729614,0,0,1,0
Sensitive,18-24,9.337576017821172,1660.3890313909499,87,Low,Low,75.93117616676307,1,0,0,0
Combination,45-54,7.14868868871424,2019.6778774970976,81,High,Low,74.6293801610705,0,0,1,0
Sensitive,55+,7.395832741525033,1272.6926257114196,10,Low,Low,64.44750936029025,0,1,1,0
Dry,under 18,7.166254568038333,1286.7680442881274,50,Moderate,High,74.42818708550065,1,1,0,0
Dry,35-44,7.537501106795382,935.6754377407401,13,High,Medium,70.27326647583125,0,1,1,1
Sensitive,35-44,4.22261974856412,2409.274358219999,54,Low,Medium,90.0,0,0,0,0
Combination,18-24,6.179742317207826,1506.0709631838795,53,Moderate,Low,80.48400445919142,1,0,0,0
Oily,under 18,8.906268431613322,2163.8131086642074,57,Low,Medium,79.74020431602162,1,0,0,0
Sensitive,25-34,8.308135293300676,1916.8789638395847,53,High,Medium,90.0,0,0,0,0
Oily,25-34,10.0,1697.7430697201025,60,Low,Medium,76.60090481408969,1,0,0,0
Sensitive,45-54,9.616743324039833,1969.3169799500436,72,Moderate,Low,80.62269736338347,0,0,1,0
Dry,25-34,4.518234407630882,2241.4243728740544,22,Moderate,Medium,73.35348055821598,0,1,0,1
Sensitive,55+,7.472143842182746,1474.3390928803851,61,Low,High,67.25561987801018,1,1,0,0
Dry,55+,5.616671084297928,1987.6511784575039,83,Low,High,62.89594850121879,1,0,1,1
Oily,55+,7.524621722871972,764.6683585602996,56,High,Low,64.34438434539538,1,0,1,0
Dry,18-24,8.579682178785704,1752.7510130925111,28,Low,High,75.89113403176452,1,0,0,0
Normal,35-44,5.002378773402736,2470.5332757259653,9,High,Low,62.00674879283103,0,0,1,1
Dry,18-24,6.964573030872316,2608.082888391127,99,High,Medium,90.0,0,0,0,0
Normal,55+,7.656928394469634,1999.242748525977,99,Low,Medium,90.0,0,0,0,0
Normal,under 18,6.770905082529766,2241.356380278069,41,High,High,64.15038843330491,1,0,1,0
Dry,under 18,6.379703111786005,1573.7137056267502,73,High,Low,76.53094212934658,1,1,0,0
Dry,25-34,7.914863683981966,1927.7560792777854,72,Low,Medium,90.0,0,0,0,0
Sensitive,45-54,7.050351472103509,2544.689918077304,7,High,High,59.35526616791917,1,0,1,0
Sensitive,18-24,6.829185088396389,2007.5169627708954,37,High,Medium,79.18539339927074,0,0,1,0
Normal,35-44,6.100525732823602,2215.3699669909256,95,Moderate,Low,90.0,0,0,0,0
Oily,45-54,7.524741869020132,2450.387565895279,52,Moderate,Medium,68.11035492027688,1,0,1,0
Dry,55+,6.131306744489686,1771.0915152049072,38,High,Medium,68.7461140147972,0,0,1,1
Sensitive,55+,8.188206098718204,2126.106501681432,21,High,High,66.54191806937736,1,0,1,0
Dry,35-44,5.640672810710958,2653.2770338672503,61,Low,Low,83.31190517093204,0,0,0,1
Oily,18-24,4.452324147399624,2392.142376631876,85,High,Medium,80.97572935946725,1,0,0,0
Combination,under 18,5.102181946002705,2942.8942582427635,79,Moderate,High,82.6619429727895,0,0,0,1
Combination,55+,4.683100409641565,2576.1253259363743,23,Low,Medium,69.18178718002798,0,0,1,1
Oily,35-44,6.877548459983134,1816.698715080628,75,Low,Low,84.2784972890187,1,0,0,0
Oily,18-24,7.278094984701642,2315.9501695789063,47,High,High,80.08443922617839,0,0,1,0
Sensitive,under 18,5.643399246503696,1592.1061374157139,91,High,Medium,90.0,0,0,0,0
Sensitive,25-34,7.9744072976693285,1146.3285231752002,87,Moderate,High,76.44055716549026,1,1,0,0
Sensitive,45-54,6.123656360211871,3520.3434770797203,38,Low,Low,81.25412231844552,0,0,1,0
Dry,35-44,5.547980553116078,2573.9013958798764,55,Low,Medium,82.65126949574741,0,1,0,0
Combination,45-54,6.121073846929281,2254.522572398572,22,High,Low,79.56538195236053,0,0,1,0
Normal,45-54,7.981533535894326,2564.4783675914737,15,Moderate,Low,71.8006296793458,0,0,1,0
Dry,25-34,6.699619259780836,2994.4423193774264,13,Moderate,Medium,81.4715370303837,0,1,0,0
Sensitive,under 18,6.115995153122229,2117.11020679978,33,Low,Low,79.21299780489608,1,0,0,0
Oily,under 18,7.367915398326411,1439.0159400252924,83,Low,Medium,80.37523948666689,1,0,0,0
Oily,55+,6.571191617531319,2080.7567496192037,21,High,High,69.85035942373754,1,0,1,0
Oily,55+,6.35181843530587,3220.4619827282677,12,Low,Medium,71.29780557508735,1,0,1,0
Oily,25-34,5.742064489600704,2589.712234070214,49,High,High,69.58048136512735,1,0,1,1
Combination,25-34,8.284689719723179,1993.0689327478642,62,High,Medium,90.0,0,0,0,0
Oily,45-54,5.702186419221629,1615.872339804115,0,High,Low,63.1626190830011,0,0,1,1
Dry,45-54,6.223049051175235,1107.1293590268685,81,Low,Medium,90.0,0,0,0,0
Normal,35-44,5.494801861301064,1258.7617423181787,41,High,High,78.03124721116029,0,0,1,0
Dry,35-44,9.018812504766576,2309.231196194109,81,Moderate,High,83.70504487122005,1,0,0,0
Dry,18-24,8.17896114829819,2294.415975770974,70,Moderate,Medium,75.09308320179176,1,0,0,0
Oily,45-54,7.250451435001245,2730.3401660645686,1,Moderate,High,78.30872603738096,1,0,0,0
Normal,45-54,6.083856016402394,2053.3348276835222,65,Low,Low,84.99923769379458,0,0,1,0
Combination,18-24,8.120588241736185,1339.3953840719355,58,High,Low,71.23644549437645,1,1,0,0
Dry,55+,10.0,2014.2828813887932,83,High,Low,82.14050188547958,0,0,1,0
Sensitive,under 18,7.212984175863389,2628.439015837461,7,High,Low,61.66591351326127,1,0,1,0
Normal,35-44,8.372432999515336,2019.0390096982296,48,High,Medium,90.0,0,0,0,0
Combination,25-34,7.195194157147063,1247.9257345260105,8,Moderate,High,79.38693567667089,0,1,0,0
Sensitive,under 18,6.1653013332250355,2258.60510807948,99,High,Low,83.65909005555135,1,0,0,0
Dry,55+,7.66583925856433,2610.5828750020437,76,Moderate,Low,64.3773419041469,0,1,1,0
Dry,25-34,6.819248412665013,1306.3567432845668,74,Low,High,69.04113633958693,1,1,0,0
Normal,35-44,8.585095646163516,2718.044673091008,82,High,Medium,90.0,0,0,0,0
Normal,25-34,8.347366859284344,1918.1831645712543,44,High,Low,90.0,0,0,0,0
Dry,55+,8.566579077814868,3714.4552390041067,29,Low,Medium,62.076773013644186,0,1,1,0
Dry,45-54,7.172728471660713,1344.1316538774377,83,Low,Medium,68.70983687834378,0,1,1,0
Sensitive,under 18,6.120572425671772,2312.7380001520255,84,High,Low,75.39974727405084,1,0,0,0
Normal,35-44,4.592793533652905,2084.7015374560347,46,Low,Low,84.25206763345678,0,0,0,1
Sensitive,under 18,7.570504975473824,2767.560869906326,34,High,High,49.61637319052748,1,0,1,1
Combination,under 18,8.96529228408145,2432.2923958758856,54,Moderate,High,78.41359033012195,1,0,0,0
Oily,18-24,3.7559814842282058,2460.5265640239627,59,High,High,77.69404488133466,1,0,0,0
Combination,25-34,8.05827007909037,2127.972188539173,69,Low,Low,90.0,0,0,0,0
Normal,45-54,4.404666810781771,1611.6130454064698,15,Moderate,High,73.25196916057709,0,0,1,0
Sensitive,25-34,5.249765845698901,992.4957802464547,75,Moderate,Low,79.2368298866786,0,1,0,0
Dry,45-54,6.995627272877808,1601.0889392786103,99,High,Medium,79.5993393778584,0,1,0,0
Sensitive,55+,10.0,1915.6140302810452,23,Low,Low,75.06995316343337,0,0,1,0
Combination,35-44,8.940629733798941,1215.4504876533877,2,Low,High,82.1477539938641,1,0,0,0
Combination,35-44,6.204865620992695,2048.448938017157,41,High,Low,75.74638480743234,0,0,1,0
Combination,25-34,5.637769077088494,1788.8996575976278,89,Moderate,High,78.41241148007093,1,0,0,1
Normal,55+,6.6730736406346916,1883.0460072775527,1,Low,Low,75.20032298988187,0,0,1,0
Oily,18-24,9.782677859553019,2189.113142715755,99,Low,Medium,82.26801479580114,1,0,0,0
Dry,25-34,7.719265844411955,2269.827387172535,79,High,High,84.62829306686902,0,1,0,0
Dry,25-34,7.918939566005669,1958.5565080625672,14,High,High,71.60976692165194,0,1,0,1
Oily,45-54,6.518880442781731,2083.4080297591386,46,Moderate,High,71.21857720879956,1,0,1,0
Combination,35-44,8.73520592337021,2563.119094218192,49,Low,Low,90.0,0,0,0,0
Normal,18-24,6.639402286467384,2383.9218473340557,42,Moderate,Low,78.96781362372522,1,0,0,0
Normal,under 18,6.708123005440498,2016.9352747176222,100,High,Low,90.0,0,0,0,0
Sensitive,18-24,6.289714927668704,1909.1774305468832,34,High,Medium,77.29678581097383,1,0,0,0
Combination,18-24,9.01199510432452,2046.210573669618,5,High,Low,82.18164356512082,0,0,0,1
Combination,35-44,7.202923762828477,1276.3911103710207,31,Low,Medium,77.25366885569099,0,1,0,0
Dry,45-54,6.5361341385509055,1879.3425481276356,61,Moderate,Medium,74.31906802762578,0,1,1,0
Normal,35-44,5.756284771834892,2010.8327058517818,71,Moderate,Medium,83.19955121634639,0,0,0,1
Sensitive,35-44,6.3562265646585185,2039.9979276217912,34,High,Medium,75.1323613076445,0,0,1,0
Normal,35-44,7.182254514728402,1522.122821088678,14,Low,Low,90.0,0,0,0,0
Oily,under 18,6.401947326275216,2038.6871413804167,22,Moderate,Medium,90.0,0,0,0,0
Combination,25-34,8.776449146735088,2128.3595863978703,31,Low,Medium,90.0,0,0,0,0
Sensitive,45-54,6.0070972301238585,2199.502379621926,65,Moderate,Low,75.46847794651868,0,0,1,0
Normal,25-34,9.56132333398264,2458.3532362945093,36,Moderate,Low,90.0,0,0,0,0
Combination,under 18,7.82128979565343,2362.795087741161,88,High,Medium,81.7105927566917,1,0,0,0
Sensitive,18-24,9.159931062142945,2537.81339700883,97,Low,Medium,90.0,0,0,0,0
Normal,25-34,7.850140571676487,2534.3211097950425,83,Low,Low,90.0,0,0,0,0
Normal,under 18,5.377523355603909,1248.8673738298594,75,Moderate,High,72.31648216665347,0,1,0,1
Combination,25-34,7.235647975965745,2034.3403548252693,72,Moderate,Low,90.0,0,0,0,0
Dry,45-54,6.184134919730114,2412.9263349138546,67,Low,High,64.28315079559684,0,1,1,0
Normal,35-44,4.2057046203231465,1732.613871971098,59,High,Low,90.0,0,0,0,0
Oily,under 18,6.2725666826835775,1181.8491074502704,91,High,Medium,77.16225754761817,1,0,0,0
Dry,35-44,9.242096510903956,1320.3993656683385,6,Moderate,High,76.65633801596738,1,1,0,0
Dry,35-44,6.117489914038471,2453.989878902567,12,Moderate,Low,79.2655815355737,0,1,0,0
Combination,35-44,7.9690680151430975,1445.9126517576267,32,High,Low,58.57218263265425,0,1,1,1
Normal,35-44,8.023733813890955,2144.892239329111,10,Moderate,High,77.99388968031728,1,0,0,0
Normal,55+,10.0,2201.970208034152,61,Moderate,Medium,74.09238115142398,0,0,1,0
Normal,55+,6.788137268397202,1571.7490214402887,7,High,Medium,82.92870198806824,0,0,0,1
Combination,18-24,5.883634949566643,1587.1154522659208,92,Low,High,79.35614915668552,1,0,0,0
Oily,25-34,9.056648220867883,2008.9849575082353,24,High,Low,71.99189892951931,0,0,1,1
Oily,18-24,7.847870685962095,2757.1237999904433,80,High,Medium,78.78828731422482,1,0,0,0
Normal,35-44,3.4623037866888025,2639.4368823501873,54,High,Medium,90.0,0,0,0,0
Oily,55+,7.083095367675001,2217.524185820222,21,Moderate,High,90.0,0,0,0,0
Normal,18-24,5.757395167377624,1622.437800775741,57,Low,Low,78.05076243804493,1,0,0,0
Normal,25-34,7.733268834719482,3192.2989001657347,13,Low,High,90.0,0,0,0,0
Combination,25-34,8.504969969222351,2632.76146070927,74,High,Low,90.0,0,0,0,0
Dry,18-24,6.71199809460787,1699.8978877071859,47,High,High,69.61111571908967,0,1,1,0
Oily,35-44,5.82879257263151,1755.863137651656,22,High,Medium,75.47509275910397,0,0,1,1
Normal,35-44,3.920826350244212,1637.540328554199,25,Low,Medium,84.23070716837293,0,0,0,1
Oily,35-44,6.159470265910235,1912.3209128025794,32,High,Low,84.3329242286506,0,0,1,0
Sensitive,35-44,7.197625164620938,2181.225434312805,29,Moderate,Medium,90.0,0,0,0,0
Dry,18-24,6.97761194133556,1709.2784568286215,35,High,Medium,55.77818953791592,0,1,1,0
Combination,35-44,4.054962035101719,1712.3456957991034,35,Low,High,74.88786939056801,1,0,0,1
Sensitive,under 18,5.541324043469492,2233.033374139302,21,Moderate,Low,80.62073647647567,0,0,0,1
Combination,55+,8.363931095040542,2469.2855335299696,81,High,Low,72.18305551940703,0,0,1,0
Oily,35-44,8.13542910419173,1933.2371322737558,16,High,Low,58.526005017856924,1,0,1,1
Normal,25-34,6.217066651786155,1626.4486231664669,21,Moderate,Low,90.0,0,0,0,0
Dry,55+,4.7387516250973745,2495.926850253929,31,Moderate,Medium,83.46234858950628,0,1,0,0
Combination,55+,6.737933443105039,1376.829853189563,46,Low,Low,56.15011472885392,0,1,1,0
Normal,under 18,5.760262936434648,1566.513271783724,0,Moderate,Medium,75.87259392408166,1,0,0,0
Combination,55+,7.0645367275226905,2533.7339255353427,21,Low,Medium,90.0,0,0,0,0
Sensitive,under 18,6.478015675606625,873.7332426081755,96,Moderate,Medium,68.719566375081,1,1,0,0
Combination,25-34,6.71622949726162,1921.9030499514022,45,Moderate,Low,90.0,0,0,0,0
Normal,25-34,6.6626196535967175,1686.2694167621491,75,High,Low,90.0,0,0,0,0
Normal,18-24,7.326158621088764,2033.070557574501,71,Moderate,Low,77.22089391658008,1,0,0,0
Combination,45-54,6.962754528810029,2206.320680721483,49,High,High,74.25143837635525,0,0,1,0
Sensitive,55+,6.355250765278219,1756.7071651496733,26,Low,High,73.98417841984488,0,0,1,0
Dry,35-44,9.0701849343781,2279.677704857718,80,Moderate,Low,82.1105957768827,0,1,0,0
Combination,25-34,8.2404190914142,2613.052292667034,58,Moderate,Low,90.0,0,0,0,0
Oily,35-44,7.7889162709372,2464.1943395680855,40,Low,Medium,76.61225993993294,1,0,0,0
Combination,25-34,4.63098225689461,2102.0769359980136,66,High,High,70.90861482125774,1,0,0,1
Sensitive,45-54,6.725922307278509,2838.8420454499046,63,High,High,83.36195020363066,1,0,0,0
Dry,under 18,8.39146829770495,1684.77740460341,32,Low,Low,90.0,0,0,0,0
Oily,45-54,7.559191237793809,2083.84066672462,13,Low,Medium,64.221854723264,1,0,1,0
Dry,35-44,7.681497149728343,1490.578765312674,97,Low,Medium,77.38225842478458,0,1,0,0
Oily,25-34,7.540024697857338,1885.924325355883,91,Low,Low,83.46013735625245,1,0,0,0
Sensitive,under 18,7.4236746460834,1637.807417438915,17,Low,Low,90.0,0,0,0,0
Sensitive,55+,6.122405242905101,2586.9210101833514,97,Low,Medium,90.0,0,0,0,0
Dry,55+,5.4226786624897585,1511.1227994789758,36,Moderate,Medium,76.08069377136981,0,0,1,0
Dry,under 18,6.922628114176633,1614.0548124070228,19,Low,High,84.849241150377,0,1,0,0
Oily,18-24,5.672457051605802,2052.5379856041477,16,Moderate,High,77.48142557762922,1,0,0,1
Dry,25-34,4.742401214644443,1496.018882543181,7,High,High,64.56791711317133,1,1,1,0
Sensitive,under 18,10.0,2229.7375294845046,81,Moderate,Medium,90.0,0,0,0,0
Combination,55+,5.880154971595133,2209.1075391330987,89,High,Medium,77.67711410673198,0,0,1,0
Oily,45-54,7.850995715479945,2497.207210045119,96,High,Medium,69.62387522901902,1,0,1,0
Combination,under 18,6.8092659558149045,2488.2488513864446,70,Low,Low,84.60256721098611,1,0,0,0
Oily,35-44,3.9423302126767408,1471.8459347621233,31,Low,Medium,83.12311545685701,0,1,0,0
Combination,35-44,7.245807102604684,2164.8167664038956,60,High,Low,90.0,0,0,0,0
Sensitive,under 18,5.632326568497037,2129.7099956315797,62,High,Low,79.12300004470497,1,0,0,0
Normal,55+,6.064239626969109,1861.5204528864172,69,High,Medium,72.02563213688697,0,0,1,0
Dry,45-54,8.537160700997516,2454.4687484442998,92,High,Low,77.09713229049821,0,1,1,0
Sensitive,18-24,5.504409508955106,1471.3742689899482,76,Low,Low,83.88456291717316,0,0,0,1
Normal,55+,6.383239906670026,1986.6268494135375,100,Low,Low,71.08297772793864,0,0,1,0
Dry,55+,6.0131522671378885,2520.321221399834,20,Low,Medium,84.72052049750225,0,1,0,0
Oily,45-54,7.5210847625628325,2203.0425549372144,90,Moderate,Low,68.63619366977285,1,0,1,0
Dry,25-34,5.100191756582543,2583.6453586918897,43,Low,Low,76.5121865665147,0,1,0,1
Oily,45-54,3.0,2417.0277259246845,85,High,High,64.68190421692825,0,0,1,1
Combination,35-44,8.401467606506156,1783.7994063610192,20,High,High,73.85882159232138,1,0,1,0
Dry,25-34,8.909365325871136,1968.4512235228267,70,High,Low,90.0,0,0,0,0
Normal,35-44,7.093647554991165,2169.764393702108,65,High,High,78.75861606898259,1,0,0,0
Normal,under 18,10.0,2672.216954041502,43,Low,Low,77.55418641358858,1,0,0,0
Combination,45-54,8.051696801069378,1543.5977566994025,61,Moderate,High,69.73187629787279,1,0,1,0
Sensitive,18-24,7.215384738219238,1593.4379530768067,28,Low,High,83.08911673620278,1,0,0,0
Oily,35-44,8.233166270924219,2070.2334878674283,0,High,Medium,60.60891447888969,1,0,1,1
Sensitive,25-34,5.313217480579157,2040.5622917092514,59,High,High,76.97373777501205,1,0,0,1
Dry,55+,5.725873795425542,2075.6081106687734,46,High,Medium,73.87175899646707,0,1,1,0
Dry,35-44,5.711384025452116,2013.7438166804063,84,Low,High,78.22512539601539,0,1,0,0
Combination,55+,8.125704792902642,1973.474004037447,13,Low,High,65.75211574444691,1,0,1,0
Sensitive,18-24,6.413667599241417,2101.6381105287314,83,Moderate,Low,90.0,0,0,0,0
Sensitive,35-44,8.045773931189279,1446.4083650591197,53,High,High,79.30395634268194,0,1,0,0
Combination,under 18,7.390984232057804,2658.7704095087,94,Moderate,High,80.16127221022526,1,0,0,0
Dry,18-24,7.8604854449150725,2028.877073333614,54,Moderate,Low,69.59005365192228,1,1,0,0
Dry,under 18,7.959606260048342,2226.2482280513414,55,Moderate,Medium,77.67496666126542,1,0,0,0
Sensitive,55+,8.130401663739722,988.0341945085278,8,Moderate,Low,90.0,0,0,0,0
Dry,35-44,4.669815799505102,2502.4145747416187,9,Moderate,Low,77.88739731412444,0,1,0,0
Oily,under 18,4.742081235757839,2200.7693178596023,77,Low,Medium,67.38847349834165,1,0,0,1
Oily,45-54,6.471925515951563,1501.9053772020015,94,Moderate,Low,67.72302871023648,1,0,1,0
Combination,18-24,7.5244746357212104,2100.5167518582853,94,Moderate,Medium,82.18274709299003,1,0,0,0
Normal,35-44,10.0,1687.5943977320553,7,Moderate,Medium,90.0,0,0,0,0
Sensitive,25-34,9.16016518010376,2176.2114571921575,36,Low,High,75.63531787178644,1,0,0,0
Dry,under 18,6.008467177685931,2399.6232287586226,59,High,High,77.65459008218399,0,1,0,0
Oily,55+,7.848607756680927,2017.9216474290247,4,Low,Low,80.65009662616498,0,0,1,0
Oily,25-34,7.399443034660935,1701.5064844772342,50,High,High,90.0,0,0,0,0
Dry,under 18,5.76131931211824,2379.7210869112914,14,High,High,66.53658460037286,1,1,1,0
Oily,35-44,6.664090863530089,1959.9585008754539,21,High,Low,58.91761465408079,1,0,1,0
Oily,25-34,7.419732393916416,2132.6441723919042,72,High,Low,90.0,0,0,0,0
Sensitive,25-34,4.856010293538903,2643.1260432274294,7,Moderate,Low,90.0,0,0,0,0
Oily,35-44,7.181773227851018,1898.6733685889253,5,High,Medium,82.93055712617637,1,0,0,0
Oily,18-24,7.64626900775462,2118.2710968074316,11,Moderate,High,80.44290635364993,1,0,0,0
Combination,under 18,8.150594034234553,2268.9918360754705,49,Moderate,Low,80.55127792308733,1,0,0,0
Combination,55+,8.0767693434944,2675.496952863758,14,Moderate,Low,81.58083714408095,0,0,1,0
Oily,25-34,8.325436823456458,1919.7568898357188,51,Low,High,82.3416512668597,1,0,0,0
Dry,35-44,5.315648265884751,2833.8989665022573,60,Low,High,82.69665907771267,0,1,0,0
Oily,25-34,6.643414939979331,1763.4462933197387,15,Low,Low,80.65573929442719,1,0,0,0
Sensitive,under 18,4.394909773353341,2169.2365526560557,32,Low,Medium,82.3675534045799,1,0,0,0
Oily,55+,7.2233299059306555,1242.4425318752596,53,Moderate,Low,60.36271420666655,1,1,1,0
Oily,35-44,7.679911063199763,1750.9040396492805,25,Moderate,Low,90.0,0,0,0,0
Oily,35-44,10.0,1715.3194039545658,18,Moderate,High,90.0,0,0,0,0
Combination,25-34,6.34721000170331,1562.6118878728162,92,High,Low,90.0,0,0,0,0
Combination,under 18,8.916814781562959,1813.6121027676234,70,High,Medium,84.65517619701554,1,0,0,0
Normal,35-44,5.912628769351755,2353.4775049602713,86,High,Low,90.0,0,0,0,0
Dry,18-24,4.929470596880222,2312.555273124474,52,Low,Low,55.31286429010594,1,1,0,1
Normal,under 18,9.672099574901287,2283.3039164175443,98,High,Medium,84.74259713207651,1,0,0,0
Normal,45-54,7.956847474389887,2435.030108453742,87,High,Low,90.0,0,0,0,0
Normal,35-44,9.564562043013279,2604.946980009552,90,Low,High,90.0,0,0,0,0
Dry,45-54,7.659504583409536,2451.9457003180005,66,Moderate,Medium,63.0878813493758,0,1,1,0
Normal,18-24,5.671097611802334,2388.146795373661,45,Moderate,High,80.89585847988903,0,0,0,1
Dry,35-44,5.491666043224379,1816.4887906841866,54,Moderate,High,82.8325336566064,0,0,0,1
Normal,35-44,3.0,2200.714829683731,55,Moderate,High,90.0,0,0,0,0
Combination,under 18,6.034191983337471,2555.572607602231,98,Low,High,83.64329586186716,1,0,0,0
Sensitive,18-24,7.585288915908104,2562.0479473508126,34,Low,Low,80.07290911147399,1,0,0,0
Sensitive,45-54,5.374605182991194,2519.1930185798165,66,Low,High,72.8588790555908,1,0,0,1
Dry,25-34,10.0,2382.079149965947,6,High,High,60.37331181116526,1,0,1,0
Oily,25-34,8.185523513038433,2084.7988381974674,58,High,Low,90.0,0,0,0,0
Dry,55+,6.212996829151954,2380.596186350754,31,Moderate,Medium,75.35601990327511,0,0,1,0
Oily,under 18,4.740875634396898,1791.1224375395918,57,Low,High,81.74608038861317,1,0,0,0
Dry,35-44,4.343414796494226,1648.1718113424586,82,Moderate,Low,69.62194601376036,0,1,0,1
Sensitive,under 18,7.963067637840342,2252.6966881102317,11,Low,High,90.0,0,0,0,0
Dry,45-54,7.076370543303209,2085.2004970310054,3,High,High,57.06619212593729,0,1,1,0
Sensitive,under 18,4.171203073203686,1813.7188597145425,99,High,Medium,83.90727997510788,0,0,0,1
Normal,45-54,5.977972590347185,1670.4701547427296,82,Moderate,Low,67.0007290452191,0,0,1,1
Oily,55+,7.89936794172063,1569.7463367473447,43,Moderate,Low,84.73490941162366,1,0,0,0
Oily,55+,6.092978724808884,956.4653771452417,77,Low,High,63.403401728617354,0,1,1,0
Normal,45-54,6.558815229435746,1456.0812261431902,4,Moderate,Medium,69.55125062372146,0,1,1,0
Normal,55+,7.118804393034465,1524.4459766287678,36,Low,Low,78.73329824963595,0,0,1,0
Sensitive,under 18,7.156813368323824,1927.6571196288285,47,Low,High,90.0,0,0,0,0
Normal,45-54,9.508062659563482,2248.6089902265967,5,Moderate,Medium,90.0,0,0,0,0
Oily,55+,4.240543191156545,1367.5555779486458,64,Low,High,65.83719354575669,1,1,1,0
Dry,under 18,7.0828120134885,1535.0760258036746,57,Moderate,Medium,75.44339271668066,1,0,0,0
Oily,35-44,3.0,2674.773156916872,55,Moderate,Medium,66.35849798370732,1,0,0,1
Combination,18-24,8.080336025358111,2260.488436745886,63,Moderate,High,77.62189463716066,1,0,0,0
Oily,25-34,6.089015431793627,2213.8383855049647,57,Moderate,High,76.40325724093076,1,0,0,0
Dry,45-54,5.943459513668678,2102.4286501088454,41,Low,High,50.35664403038106,1,1,1,1
Sensitive,35-44,5.619125161245284,2758.144225278007,46,Moderate,Medium,80.73287381964258,0,0,0,1
Combination,under 18,4.644645018877233,2616.1419147554157,40,Low,Medium,69.18051073119881,1,0,0,1
Dry,35-44,7.058373742025996,1755.2665023290047,0,High,Low,79.19967671874363,0,0,1,1
Sensitive,45-54,7.250504382543608,2366.6740035890907,11,Low,Low,90.0,0,0,0,0
Dry,under 18,9.050120105041596,2156.5715115667663,64,Low,Low,90.0,0,0,0,0
Sensitive,under 18,5.663955872106584,2027.8150618828943,76,High,High,82.55467255770066,0,0,0,1
Normal,45-54,9.725189854993559,2673.8390427563118,45,Low,Medium,76.56239729168158,0,0,1,0
Sensitive,35-44,8.363145217186538,2397.8435100611932,33,Moderate,Medium,90.0,0,0,0,0
Normal,under 18,8.049175135909813,2579.3774172549347,35,Low,High,90.0,0,0,0,0
Sensitive,55+,6.3150568214171425,1322.4569671124968,9,Moderate,High,56.92490438877762,0,1,1,0
Dry,35-44,7.1035052511055925,1591.2092066111545,13,Low,Medium,90.0,0,0,0,0
Oily,18-24,5.4174688669342235,1639.8607117060342,92,Moderate,Low,73.9420714288336,1,0,0,1
Sensitive,25-34,10.0,2068.062317037922,92,Moderate,High,90.0,0,0,0,0
Oily,55+,7.542861754541482,1388.818596497873,67,High,Medium,58.784850684677124,1,1,1,0
Dry,18-24,4.234370561811055,1590.473678440597,85,High,Medium,60.96220725251562,1,1,0,1
Normal,25-34,9.157293377813122,2167.1377330382606,71,Moderate,Medium,90.0,0,0,0,0
Oily,55+,7.8978926371665885,2369.283019601031,38,Moderate,Medium,81.6310936581762,0,0,1,0
Sensitive,18-24,6.112975930302584,2693.982791986684,48,High,High,84.0709408545393,0,0,1,0
Combination,35-44,6.050788601166727,2703.1161796312763,43,Low,High,81.94039706567025,1,0,0,0
Sensitive,18-24,7.663453234203011,1105.4774228768388,13,High,High,84.75943636003562,0,0,1,0
Normal,18-24,5.8779857700991975,1107.5307335639477,82,Moderate,High,65.33463555605893,1,1,0,1
Combination,under 18,8.744923199191312,1987.6322895987994,20,Low,Medium,77.64851003851524,1,0,0,0
Normal,45-54,3.6574863400753297,2187.8734408598293,52,Low,Low,82.86401097201913,0,0,0,1
Combination,45-54,6.19425360641752,1258.0970724833383,79,Moderate,High,66.62002881234636,1,0,1,0
Normal,18-24,9.516948755453045,2053.6429330482893,96,High,Low,81.70355362813599,1,0,0,0
Oily,55+,6.559852896530031,1800.2876095069914,84,Moderate,High,74.65872232997097,0,0,1,0
Normal,45-54,4.7300807962633415,1347.7255502079452,51,Low,High,58.05004331520424,1,0,1,1
Oily,25-34,8.927375177312625,1763.0585651071406,37,High,High,73.49810918212461,1,0,1,0
Dry,18-24,7.033101551405295,977.8347618994627,87,High,High,61.98649531020733,1,1,0,0
Oily,35-44,5.022861946306741,2304.9062599373765,2,Moderate,High,83.95595367118949,1,0,0,0
Combination,55+,7.56656764017075,2876.687599362158,67,High,Medium,70.84280516696631,0,0,1,0
Oily,25-34,9.014434497446839,1884.6445137575884,7,High,High,59.35477783679122,1,0,1,1
Oily,18-24,7.709430347069906,1841.698278548463,77,High,Low,78.54406045795474,1,0,0,0
Combination,25-34,10.0,2574.5073480262,34,Low,High,90.0,0,0,0,0
Sensitive,45-54,7.2545276362866264,2100.1973924381755,66,Low,Medium,73.70855474030483,0,0,1,0
Combination,18-24,9.167275430889712,2289.7889235569237,44,Low,Medium,81.91488182378012,1,0,0,0
Normal,18-24,9.337942025605129,903.1760368705632,5,Low,High,65.24151860810275,1,1,0,0
Sensitive,45-54,7.691842392248198,1742.2825676593075,54,Moderate,Medium,79.98926721506717,0,0,1,0
Oily,25-34,9.634566981441989,2773.1993435949144,24,High,Medium,57.53112315550983,1,0,1,0
Oily,55+,7.04925371365196,2767.815489405516,28,Moderate,Medium,83.98056753697357,0,0,1,0
Dry,25-34,9.67467177998876,2037.2033359630736,60,Moderate,Low,77.35519119886837,0,1,0,0
Oily,35-44,10.0,1984.3294236651388,94,Low,Low,80.63263919832235,1,0,0,0
Oily,55+,6.678218574496137,2432.9362942921716,35,High,High,67.48287152244696,0,0,1,1
Oily,35-44,6.46931390328653,2042.6698878974469,67,Low,High,81.38314845080822,1,0,0,0
Sensitive,35-44,9.114151636076365,2009.6094261086353,25,Low,Medium,90.0,0,0,0,0
Oily,25-34,4.457473310537038,2183.6596939245983,50,Low,Low,82.45083773390282,1,0,0,0
Sensitive,25-34,5.955559631421408,2432.635578647273,3,High,Low,84.22457880052166,0,0,0,1
Sensitive,55+,8.044284573739368,2735.700174083261,65,Low,High,61.56013072696466,1,0,1,0
Sensitive,45-54,8.361298451189045,2545.1221418290324,31,High,High,75.21237722907031,1,0,1,0
Sensitive,under 18,5.9963548597934295,2401.9932479452514,36,Moderate,Low,75.45041407180399,1,0,0,1
Dry,45-54,9.952676934040436,1655.6750456816164,82,Low,Medium,65.55053410982994,0,1,1,0
Combination,18-24,9.699607437590647,1725.3249543993347,72,Low,High,81.38054964032074,1,0,0,0
Dry,35-44,5.722043132425039,2148.100221677419,47,Moderate,Medium,82.4154213060531,0,1,0,0
Combination,45-54,8.073865624193214,2455.8750619861326,81,High,High,75.69737869970156,0,0,1,0
Combination,18-24,5.557356368840197,2217.270048627145,51,High,Medium,74.02470577728795,1,0,0,1
Combination,35-44,5.9716681427747424,1255.5388719647117,4,Moderate,Medium,80.05124227213825,0,1,0,0
Normal,55+,5.606895526700823,1624.5498170220908,89,Low,High,63.517782864157724,1,0,1,1
Sensitive,35-44,7.782392740528761,2576.1068315343346,98,High,High,90.0,0,0,0,0
Sensitive,under 18,4.7901900551871,2175.980537104028,34,Low,High,75.95299611071539,1,0,0,0
Normal,35-44,5.234952721343641,2314.542704507,8,Moderate,High,73.39460728431531,1,0,0,1
Dry,under 18,6.065904128494378,1474.3354909883606,16,High,High,51.75462249760446,1,1,1,0
Combination,under 18,8.199496773021362,1706.5386972774527,19,High,Medium,72.06601440703639,1,0,0,1
Sensitive,55+,6.526054072970952,890.0054562218118,92,High,High,61.03722980759938,1,1,1,0
Combination,55+,8.41982704213521,2410.4542605845536,22,Moderate,Low,72.9217615203541,0,0,1,0
Oily,under 18,7.008186766421971,1236.2095293221205,44,Moderate,High,74.34497400198684,1,1,0,0
Sensitive,under 18,8.814053767502145,1666.8683068196044,51,Low,Low,82.88372335001186,1,0,0,0
Sensitive,under 18,6.319969824849117,3156.0220281797656,30,High,High,58.015620778467294,1,0,1,1
Normal,55+,5.944545333836156,2371.10498121325,15,Moderate,Medium,73.3783030824744,0,0,1,0
Dry,25-34,7.843138393123926,2195.0860964400426,95,High,High,66.98437100733895,1,1,0,0
Sensitive,35-44,7.4230008138317665,2188.1942809445995,50,Low,High,90.0,0,0,0,0
Dry,18-24,7.407910886410811,1974.0408206119696,39,Moderate,High,78.70003885169714,1,0,0,0
Sensitive,35-44,9.266924686166114,1343.6697196003608,83,High,Medium,75.1309824968169,0,1,0,0
Sensitive,under 18,8.532187156023065,2411.171149343776,50,Moderate,Low,79.81187159824447,1,0,0,0
Normal,25-34,8.047598681994103,2558.489713820064,58,High,Low,90.0,0,0,0,0
Combination,35-44,6.861100907097411,1065.5129620865616,68,Moderate,High,75.03412126367284,0,1,0,0
Normal,45-54,6.891561010428271,1504.4028911877228,7,Low,High,81.65942704931109,0,0,1,0
Sensitive,18-24,5.902211185212904,1378.7901630837941,32,Moderate,Medium,80.90856184228828,0,0,0,1
Oily,under 18,6.283982712334248,1701.6881530082755,44,Moderate,High,76.42505413437394,1,0,0,0
Oily,45-54,3.4336452551093464,2350.1109556411448,14,High,Medium,84.99037077833165,0,0,0,1
Oily,35-44,10.0,2303.1185967481442,58,Moderate,High,78.32531462567138,1,0,0,0
Dry,under 18,6.695614065198658,1972.6268021618923,26,Low,Medium,82.02264053279802,1,0,0,0
Dry,18-24,6.368521197980236,2045.0207919334791,51,Moderate,Low,60.51283252471227,1,1,0,0
Dry,18-24,6.94448785889015,1579.4757848008528,88,High,High,77.92101719114312,1,1,0,0
Dry,25-34,9.524332583421748,1256.4228821451145,38,High,Medium,59.897311411508056,0,1,1,1
Normal,35-44,8.07749731479137,1949.401186341234,60,Low,Low,90.0,0,0,0,0
Oily,55+,9.851247722598618,2170.432299624111,61,Low,Medium,78.42053042906886,1,0,0,0
Normal,18-24,6.460141694225127,1876.1464007827512,23,Low,Low,76.98387832024906,1,0,0,0
Dry,25-34,7.0598600417796415,1428.6046525017996,39,Moderate,Medium,76.35767518036259,0,1,0,0
Sensitive,35-44,5.849695712323133,1107.528015404071,78,High,High,68.99088634681202,1,0,0,1
Combination,55+,5.615534652438859,2046.9532408302248,39,High,Medium,77.3836141590374,0,0,1,0
Sensitive,18-24,7.450262573926781,1010.335152501799,96,Low,Medium,66.04883058220099,1,1,0,0
Sensitive,55+,6.794182445433699,2281.7049754110662,100,Low,Medium,90.0,0,0,0,0
Normal,25-34,6.755631709935647,1683.1056771110998,18,High,High,71.10474457593125,1,0,0,1
Combination,18-24,6.381758282427679,1729.618322511389,82,High,Medium,90.0,0,0,0,0
Normal,55+,6.044904161337914,2086.9117626224242,61,High,Low,90.0,0,0,0,0
Normal,55+,10.0,1628.1500415474084,26,High,Medium,90.0,0,0,0,0
Dry,under 18,6.522786051007859,1974.1510303123841,27,High,Low,49.68523350212959,1,0,1,1
Oily,25-34,5.9689683484625595,2549.1179017617133,0,High,High,59.25926289668881,1,0,1,1
Oily,55+,3.4436719400403426,1734.470414810662,80,Moderate,High,75.19060532792238,0,0,1,1
Combination,55+,8.227470604479944,1852.9528458056832,89,Moderate,Medium,83.81133059369168,0,0,1,0
Dry,under 18,5.768741561724563,2220.378377219382,35,Low,Low,68.88252865199064,1,1,0,0
Oily,under 18,8.359514853095728,2105.317722607529,44,Moderate,High,78.68641914880709,1,0,0,0
Normal,18-24,5.7981694602806755,2228.1016595758715,73,Low,High,77.64593199128365,1,0,0,0
Sensitive,45-54,6.396926049587815,2372.5934409469137,84,Low,High,70.29899233248541,1,0,1,0
Sensitive,25-34,9.224888327284887,697.2116221557337,89,High,Low,90.0,0,0,0,0
Combination,45-54,7.166601209793449,1132.1330315261864,38,High,High,50.53904829178326,0,1,1,1
Normal,under 18,10.0,1765.9377331019048,13,Low,Medium,76.75816061633557,1,0,0,0
Dry,55+,8.119559862738058,1982.3415702025522,53,Low,High,63.15217402563382,1,0,1,0
Combination,45-54,5.795373128921411,1538.9734764112866,63,Low,Low,82.92973428840294,0,0,0,1
Oily,25-34,9.378518759651138,2477.9690300891552,25,Moderate,Low,75.15533462356252,1,0,0,0
Oily,25-34,9.915376131066346,2027.7266675788496,28,Low,Medium,77.54981173777662,1,0,0,0
Combination,55+,7.4318794318690005,1866.4042171723559,71,High,High,58.99712798927112,1,0,1,0
Oily,25-34,6.569376695327486,1479.056533761316,76,Moderate,Low,90.0,0,0,0,0
Combination,25-34,7.126015286386527,1605.3767025569014,45,Low,High,77.67780443949115,1,0,0,0
Dry,55+,7.662863383246304,2085.005109490105,36,Low,Medium,61.72130250178584,0,1,1,0
Combination,under 18,7.431523065513583,2837.564969845113,10,High,High,90.0,0,0,0,0
Oily,18-24,6.943423075351613,2378.3635014267143,65,High,High,90.0,0,0,0,0
Sensitive,35-44,10.0,2653.3085346475236,63,Moderate,High,90.0,0,0,0,0
Combination,18-24,8.729754547682267,1846.65589223975,9,High,Medium,58.36523614448335,1,0,1,0
Dry,45-54,7.344464583351695,1340.861853985029,33,Low,High,66.0476678119948,0,1,1,0
Dry,25-34,7.748371601446622,2137.230088806921,99,High,High,79.86078234085682,1,0,0,0
Normal,under 18,7.035077687734272,2513.59739412143,24,Moderate,Low,90.0,0,0,0,0
Sensitive,18-24,5.188337766363405,2817.4314255801737,96,Low,Low,81.0494449527946,0,0,0,1
Sensitive,45-54,8.352647031910426,1964.683010174013,82,High,Medium,81.92121680543889,0,0,1,0
Oily,35-44,6.77690561827391,2240.3056076242974,32,High,Medium,75.60954961180354,1,0,0,1
Combination,55+,9.281276848095668,2050.8038593450055,83,Low,Medium,90.0,0,0,0,0
Oily,55+,7.2160463529688395,2009.0592388129357,9,High,Low,74.03825662183573,0,0,1,1
Oily,25-34,9.673036169052208,1815.558448531488,65,Moderate,Medium,83.90844019325569,1,0,0,0
Dry,55+,6.955738602071393,2731.7178271304974,24,High,Medium,64.39764789535177,0,1,1,1
Combination,18-24,7.220516250419295,2568.529430022761,89,High,Medium,90.0,0,0,0,0
Combination,35-44,5.633079914645562,1897.353739185743,10,Moderate,Medium,90.0,0,0,0,0
Dry,55+,9.226651057660343,1661.8301421182273,91,High,High,73.70093413712986,1,0,1,0
Dry,55+,6.773051440345439,2128.3426154457393,16,Low,Medium,77.55621152300655,0,0,1,0
Sensitive,under 18,5.51626822301052,1793.0949406890513,14,Low,Medium,82.65818631965294,1,0,0,0
Oily,45-54,7.16895502273846,2023.3408670809806,51,High,Medium,66.44422500982779,1,0,1,0
Dry,under 18,8.920528031255703,2770.728597416127,49,Moderate,High,66.38417476973277,1,1,0,0
Oily,under 18,5.715872691998634,2055.6342595837446,9,Low,Low,77.1946791047596,1,0,0,1
Sensitive,45-54,8.011372462637148,2758.1737328995987,48,Moderate,Medium,79.14705172361376,0,0,1,0
Sensitive,18-24,8.077735445975694,2145.456700796166,23,Low,High,77.01183855650258,1,0,0,0
Dry,35-44,7.999813797973946,2336.88441716813,64,Moderate,Low,90.0,0,0,0,0
Combination,25-34,5.608428561573447,2096.3993962531345,50,Low,Low,84.88687057979529,0,0,0,1
Sensitive,25-34,9.188741491283038,1896.3216156529977,84,High,High,90.0,0,0,0,0
Dry,45-54,7.1941699638211665,1878.741775236989,86,High,High,57.63840271307051,1,1,1,0
Combination,18-24,3.5292107565896877,2010.2950886173396,67,High,Low,82.68566702326738,1,0,0,0
Sensitive,35-44,7.4526878959793095,1743.753304559549,22,Low,Low,90.0,0,0,0,0
Normal,35-44,5.268044576672908,1559.6967701091753,23,Moderate,Medium,84.38843704933579,0,0,0,1
Oily,25-34,8.146281424203346,2986.2623865234527,74,Low,Medium,75.94827042004252,1,0,0,0
Normal,45-54,9.073650011358149,1327.8269975847243,95,High,Low,67.74415037579769,0,1,1,0
Combination,18-24,8.281940965826054,1668.418812095355,79,Moderate,Medium,90.0,0,0,0,0
Combination,18-24,6.126599406236834,1769.012201014358,17,Low,Medium,90.0,0,0,0,0
Normal,25-34,8.059100424783146,2479.626688224519,18,Moderate,High,78.5689014442267,1,0,0,0
Dry,45-54,6.852953393080318,1959.4646294959875,68,Low,High,66.9434786543587,0,1,1,0
Dry,35-44,7.69639561485369,2283.997269762121,40,Low,High,77.81005991528217,1,0,0,0
Combination,55+,8.764338560137794,1357.8140122454006,42,Moderate,High,55.74254265937391,1,0,1,0
Sensitive,18-24,7.030041009706045,1465.9878120544113,92,Moderate,Low,90.0,0,0,0,0
Dry,25-34,6.923586581404895,1886.9123561596195,8,Low,Low,90.0,0,0,0,0
Oily,18-24,6.929875819145947,1600.1285559447342,8,Moderate,Medium,81.92569492869723,1,0,0,0
Oily,25-34,4.769065310188857,952.7812366425485,31,Moderate,High,63.575875705229706,1,1,0,0
Normal,18-24,6.80322976860274,1784.4994470835304,94,Low,Medium,84.76462811660569,1,0,0,0
Dry,35-44,5.98609350279426,2661.2742314158304,6,High,Medium,59.07884811603393,0,1,1,1
Sensitive,55+,5.710842719807033,2708.4170410694014,23,Moderate,Medium,73.07019039960444,0,0,1,1
Dry,25-34,9.435765616403886,1024.5497666053095,1,Moderate,High,72.58342968031614,1,1,0,0
Sensitive,55+,7.138572188498455,1800.1517545820045,51,Low,Low,77.40955635611462,0,0,1,0
Oily,35-44,3.0,1277.6793734657929,14,Low,High,73.22806972029231,1,0,0,1
Dry,18-24,8.162404160662712,3009.599626355632,5,Low,Low,76.68306876096243,0,1,0,0
Oily,55+,8.354017214048874,2161.816236256489,36,Low,Low,72.95561944804044,1,0,1,0
Dry,18-24,6.968001427553369,2841.331457324057,97,High,Low,82.67700759975645,1,0,0,0
Oily,35-44,10.0,1706.578660237907,51,High,High,80.283306292638,1,0,0,0
Combination,35-44,4.0000201595345635,950.9062683643992,74,Moderate,Low,74.84449189436285,0,1,0,1
Normal,25-34,8.982821488239702,1976.4707296128067,8,Low,Low,90.0,0,0,0,0
Combination,35-44,7.274862865688077,1104.6745035216434,69,Moderate,Low,90.0,0,0,0,0
Oily,18-24,5.870216630817301,1852.2595930496088,63,Low,Medium,70.58987226238617,1,0,0,1
Sensitive,25-34,7.311757575046106,1800.7039805431205,16,Low,Medium,90.0,0,0,0,0
Dry,55+,5.4440107025479865,1607.7165036987385,38,Moderate,High,43.79273662018591,1,1,1,1
Normal,35-44,8.81248492892085,2122.39230980175,44,Low,High,81.43023985280578,1,0,0,0
Sensitive,55+,7.918235210433328,1550.5630945613352,8,Low,Medium,75.51801581232151,0,0,1,0
Combination,under 18,3.0,1738.4478465577517,7,Low,High,76.11813196101346,1,0,0,1
Combination,25-34,5.700144168361755,2174.5061343140396,29,Moderate,High,75.67906070254544,1,0,0,1
Combination,45-54,10.0,2347.583008809128,96,Moderate,High,72.69794545022083,1,0,1,0
Normal,18-24,10.0,2284.3848476697244,94,Moderate,High,82.79739891768638,1,0,0,0
Sensitive,35-44,6.055170643640928,2173.9580390604415,36,High,Medium,77.23179633831367,0,0,1,0
Dry,35-44,9.670957899216562,2914.7812981606194,30,High,Low,55.63341476276896,0,1,1,1
Sensitive,35-44,6.136993947935381,2126.5918478496496,41,Moderate,Low,90.0,0,0,0,0
Dry,25-34,4.856099680493282,2412.334312345715,35,High,High,58.09507171772913,1,1,0,1
Oily,35-44,9.330032048583842,2019.899727058008,56,High,Low,78.69087341130528,1,0,0,0
Combination,25-34,5.998923918459807,2180.065475638781,26,Low,Low,90.0,0,0,0,0
Dry,under 18,7.626188547044749,2040.5719159248101,99,Moderate,Low,90.0,0,0,0,0
Combination,45-54,7.268072686503929,1913.0925747653146,22,Low,High,79.63933925532952,0,0,1,0
Sensitive,55+,8.493932392339609,2368.1137225825632,16,Moderate,Low,79.87105312331185,0,0,1,0
Dry,25-34,5.525345279283776,1494.7046984207027,13,Moderate,Medium,82.84464957860422,0,0,0,1
Dry,55+,6.618438374460157,2368.4185620525896,51,Moderate,Low,67.89438378055824,0,1,1,0
Normal,55+,7.222086120836222,1678.4247949386722,17,Low,Low,90.0,0,0,0,0
Oily,25-34,7.392277895088745,1834.594740238864,9,Low,Medium,90.0,0,0,0,0
Normal,35-44,8.320729690336197,2166.5292175335235,5,Moderate,Low,90.0,0,0,0,0
Sensitive,25-34,6.527082718821784,2115.759386023231,20,High,Low,71.85809641854067,0,0,1,0
Combination,45-54,8.972572089286302,1715.1849617268113,59,Moderate,Low,78.22876066521596,0,0,1,0
Dry,35-44,7.603985472470741,1964.7698297670022,21,Moderate,Low,90.0,0,0,0,0
Dry,18-24,7.64047552579315,1672.7175292021348,15,High,High,70.84200064624261,1,1,0,0
Oily,35-44,7.165503149739064,2553.9116412084004,93,Moderate,Low,79.31673434464129,1,0,0,0
Oily,55+,5.594489528130839,1335.2974483374592,92,Moderate,High,56.49597093739043,1,1,1,0
Oily,under 18,5.062816653269554,1414.6687348999055,86,Low,Low,75.90611548802624,1,1,0,0
Sensitive,18-24,7.892984931838996,1297.0701570672672,31,Low,Low,74.13932815107913,1,1,0,0
Oily,45-54,6.553156982884704,2309.144651655354,48,Moderate,High,66.03440706721726,1,0,1,0
Sensitive,25-34,7.62498859082289,1807.2205100187575,29,Low,Medium,90.0,0,0,0,0
Dry,25-34,7.286385597632659,2053.572664868784,22,Low,Low,84.53323439493158,0,1,0,0
Combination,18-24,6.6636385666777205,1894.5826406727099,10,High,Low,74.15687963535474,1,0,0,1
Normal,25-34,10.0,2404.65545196565,64,High,Low,90.0,0,0,0,0
Sensitive,35-44,10.0,1751.5184335397494,37,Low,High,84.67021650954773,1,0,0,0
Sensitive,35-44,6.872550104667779,1333.9371173616764,88,High,Medium,79.7021091393964,0,1,0,0
Dry,45-54,5.785649796865641,2950.9565743312505,97,High,Low,90.0,0,0,0,0
Combination,18-24,6.216948565237366,2959.6406500722296,87,High,Low,79.70369277726701,1,0,0,0
Combination,18-24,5.134956608980165,1473.2654829633616,18,Low,Medium,79.40777689453022,1,0,0,1
Dry,55+,6.488153168464868,1968.125039160411,23,Moderate,Medium,67.75897484637146,0,1,1,0
Combination,under 18,8.384630938675194,2225.385208593133,91,Low,Medium,90.0,0,0,0,0
Combination,25-34,6.375527113983958,1933.3420967409468,80,Moderate,Low,90.0,0,0,0,0
Sensitive,45-54,6.52140562032295,1542.673132337135,31,Low,High,80.31171381058606,1,0,0,0
Combination,55+,5.6680555950975675,2513.941945716705,48,Low,High,61.66502498240263,1,0,1,1
Dry,45-54,4.25775260810929,2808.6793487225273,54,High,High,69.67304008867205,1,0,1,1
Sensitive,under 18,6.485508661596652,1613.74569680392,21,High,High,75.75368971536179,1,0,0,0
Combination,35-44,8.109638936045904,2742.6082920735585,99,Low,Low,90.0,0,0,0,0
Sensitive,18-24,8.676448662405935,2250.9260246799454,96,Moderate,Medium,77.28378360528517,1,0,0,0
Sensitive,under 18,8.630295234582753,1141.751211428067,37,High,Medium,59.141815670742005,1,1,1,0
Dry,55+,6.217254187767778,1544.4149699875777,51,Moderate,High,77.36979749015138,0,0,1,0
Oily,18-24,8.836958096822762,1808.2609905380566,44,High,High,73.0522597617427,0,0,1,0
Normal,under 18,8.268109835173084,2267.928471244319,51,High,Medium,77.3724009733026,1,0,0,0
Dry,45-54,5.706539595754478,1706.5208950118576,18,Moderate,Low,57.78903945992168,0,1,1,1
Oily,35-44,8.940726536222089,1612.2586756577932,51,Moderate,High,83.40123000220292,1,0,0,0
Combination,25-34,7.187301415293218,1608.7293568367775,66,High,Low,90.0,0,0,0,0
Sensitive,35-44,6.529071719626209,1976.919028015014,1,Moderate,High,82.65100121519859,1,0,0,0
Combination,under 18,5.8257002345537625,1519.7765230080593,65,Low,High,76.09310270122846,1,0,0,1
Oily,25-34,7.429410005166163,1577.631295604412,81,High,Low,80.85351969879505,1,0,0,0
Sensitive,35-44,5.784013666451991,1530.4734281490146,82,High,Low,84.8893492489558,0,0,0,1
Normal,25-34,6.883137930503023,2471.8508171999206,53,Moderate,Low,90.0,0,0,0,0
Oily,under 18,9.2597929544684,1637.0409570031106,6,Low,Low,81.35404303569194,1,0,0,0
Normal,18-24,10.0,1497.647569646602,88,Moderate,High,71.00294711994174,1,1,0,0
Normal,under 18,8.625322784991805,1639.1517729922787,30,Low,Medium,82.35135494604611,1,0,0,0
Oily,18-24,5.693615095194985,1627.6219216078057,60,Moderate,Medium,72.11786527815869,1,0,0,1
Dry,55+,6.921328450526321,2289.9860855168054,52,High,High,63.36767355770034,1,1,1,0
Dry,45-54,8.004802056857233,1528.0074923260559,31,High,High,54.7599416606721,1,1,1,0
Sensitive,18-24,5.5155110687330975,1541.6806533182264,65,Low,High,78.8828179611011,1,0,0,0
Sensitive,under 18,6.832968396421733,1894.9221979045626,85,High,Low,79.93832746007597,1,0,0,0
Oily,45-54,5.574736806895308,2134.801847031622,68,High,High,90.0,0,0,0,0
Sensitive,55+,10.0,1747.6422690824243,22,Moderate,Low,73.33435558131355,0,0,1,0
Combination,18-24,6.3497322681947,2279.8307851621844,23,Moderate,Medium,83.63914270775703,1,0,0,0
Sensitive,18-24,6.161775562394808,2334.4822408590912,17,High,High,80.15625237081579,1,0,0,0
Combination,25-34,5.92218593983144,2916.0598037886507,30,Low,Medium,90.0,0,0,0,0
Oily,35-44,7.517162458888442,1689.9885254616443,79,High,Low,83.14094718048734,1,0,0,0
Sensitive,25-34,6.116962450796089,1743.1001236459824,46,Low,Low,90.0,0,0,0,0
Sensitive,25-34,9.05912449937331,1365.6244961993584,89,Low,Medium,90.0,0,0,0,0
Sensitive,18-24,5.998087494310743,1719.169721537287,99,Moderate,High,76.21253929240704,1,0,0,0
Normal,35-44,6.976468049864593,1864.4451536766028,54,High,Low,90.0,0,0,0,0
Combination,35-44,4.763158252914305,1800.0886582022663,41,Low,High,81.04884313465126,1,0,0,0
Sensitive,under 18,6.850673975222548,1685.9510824601084,87,Low,High,90.0,0,0,0,0
Dry,55+,8.030163233571496,2459.7042143768235,0,Moderate,Low,76.25573478156822,0,0,1,0
Oily,45-54,6.882419950405911,2115.2707934253644,33,Moderate,Medium,57.33738959728275,1,0,1,0
Sensitive,45-54,3.7584160039760937,1789.448613919084,88,High,High,75.94283396096765,1,0,0,0
Sensitive,55+,8.507232537636868,1788.2817084103613,46,Moderate,High,77.47764761891501,1,0,0,0
Normal,35-44,5.894107485412059,3138.8444630154654,52,High,Medium,81.29680074066728,0,0,0,1
Dry,18-24,9.728615785293709,2233.7874562410784,48,Moderate,Medium,67.40366288296042,1,1,0,0
Combination,18-24,8.708365917220071,887.0322910209611,57,High,Low,68.29062692504773,1,1,0,0
Combination,45-54,5.818672839056941,1765.0210634134241,13,Moderate,Low,74.38563586160797,0,0,1,1
Combination,18-24,6.646029851699581,1755.0279895130188,23,Low,Low,78.20272875565897,1,0,0,0
Dry,55+,3.17496056272548,2193.0123093542798,13,High,High,56.16334579360655,1,1,1,0
Dry,25-34,7.81548119242091,2800.949395794991,56,Low,Low,83.99064019089528,0,1,0,0
Dry,45-54,5.817536102837555,1564.918421110049,46,High,Low,73.64388116691508,0,1,1,0
Oily,under 18,3.0,1853.216581704557,38,Moderate,Low,75.18460840637452,1,0,0,1
Sensitive,55+,8.351667671593258,1694.1160689036403,25,High,High,66.52117505698666,0,0,1,1
Oily,35-44,10.0,1871.7025821052382,29,Low,Medium,90.0,0,0,0,0
Oily,55+,7.2204884264328335,1318.4484597092032,45,Moderate,Low,70.08620780713457,0,1,1,0
Oily,35-44,7.430830517762919,1010.3401025736524,52,High,High,78.10662264570276,1,0,0,0
Sensitive,45-54,8.040546932519717,2362.214088117706,17,High,High,64.47583475810798,1,0,1,0
Normal,25-34,9.038937136504765,1490.0156406161557,44,Moderate,Low,80.8238054385108,0,1,0,0
Oily,45-54,7.240843177446129,2281.908279693252,84,High,High,80.7277979147768,1,0,0,0
Combination,45-54,7.663422457495464,1567.3503624325745,77,Low,Low,80.16635422608181,0,0,1,0
Sensitive,25-34,3.4120271656657897,2173.4801484422405,12,Low,Low,80.16824761652877,0,0,0,1
Oily,18-24,6.7712504825351205,1716.6647035192798,53,Moderate,High,90.0,0,0,0,0
Sensitive,under 18,8.145918045573199,1977.5402309227834,55,Low,Medium,81.8128262257051,1,0,0,0
Dry,18-24,5.021207420848301,1034.2738554518892,57,High,Low,65.31356167607636,1,1,0,1
Combination,35-44,5.306555102300252,3196.506147383393,0,Moderate,High,67.43280638650643,1,0,0,1
Dry,under 18,8.08416516089916,2094.306170987506,58,High,High,73.77798054869034,1,1,0,0
Sensitive,18-24,6.727508609221293,1876.303530026282,76,Moderate,Medium,76.4595226904285,1,0,0,0
Combination,under 18,8.750793975038642,1754.7021290482842,70,Moderate,Low,84.34816311181629,1,0,0,0
Oily,55+,7.865380616026439,1825.7860248542029,48,Moderate,High,63.32912308303471,1,0,1,0
Normal,35-44,9.910234947752594,2371.1442537891517,88,Moderate,Medium,90.0,0,0,0,0
Combination,under 18,8.868335222025438,1707.7951126558805,99,Low,High,78.61812827262118,1,0,0,0
Combination,18-24,8.587204168851132,1843.7112873026547,15,Moderate,Medium,84.98789323415632,1,0,0,0
Sensitive,under 18,7.165052235899274,2817.5238353097293,55,Low,Medium,79.58497979896686,1,0,0,0
Combination,under 18,5.435837414865372,2101.6238656527003,29,High,Medium,79.95550297781733,0,0,1,0
Sensitive,45-54,7.65700788777809,2260.002190400405,80,Low,High,79.66323678190825,0,0,1,0
Oily,45-54,6.323823260359802,3043.1320504040405,45,Moderate,Low,67.73624114500643,1,0,1,0
Combination,18-24,5.057602171989609,2729.442694316235,64,High,Low,84.25715529852576,0,0,0,1
Normal,35-44,8.822598408387458,2950.4443948018425,62,High,Low,90.0,0,0,0,0
Combination,18-24,4.61765935193827,1565.5842560551448,45,High,High,54.4044963448963,1,0,1,1
Sensitive,18-24,9.237914588742461,1061.4804226848455,65,Moderate,High,71.48357153366479,1,1,0,0
Combination,55+,4.590311648439379,1755.8461066442542,82,High,Medium,74.61527443599118,0,0,1,0
Sensitive,18-24,7.287990682933401,2796.1125368243875,64,Moderate,Low,90.0,0,0,0,0
Oily,35-44,6.722101127604462,1695.8804259677304,47,Low,High,77.42616405093386,1,0,0,0
Combination,18-24,7.467084906544641,2234.7982416472005,77,Moderate,Medium,80.75008759904813,1,0,0,0
Normal,45-54,7.661859733255406,1911.0068960243275,78,Moderate,High,72.52024945168763,1,0,1,0
Oily,45-54,4.067370829122775,1541.192005446834,73,High,Medium,65.37682225938164,1,0,1,0
Normal,18-24,9.130406627901193,2093.5344689883,89,High,Medium,84.14849524853886,1,0,0,0
Normal,55+,6.516216821339415,2559.0842741869874,15,Moderate,Low,79.65665404657648,0,0,1,0
Combination,55+,5.304825051446578,1887.325933143496,4,High,Medium,79.15935853715627,0,0,1,0
Dry,45-54,7.206637607761055,1779.3112483526854,46,Moderate,Medium,90.0,0,0,0,0
Combination,18-24,7.151144234352398,1906.1530342891174,95,High,High,78.0927192818193,1,0,0,0
Oily,18-24,4.900985428321187,2090.7389409395278,47,Moderate,Medium,69.50347506713106,1,0,0,1
Sensitive,55+,5.007472312730698,2082.807562548361,56,High,High,70.48913399060518,1,0,1,0
Combination,under 18,9.061203736225163,1859.4884013619728,79,Moderate,Low,76.73435920476925,1,0,0,0
Dry,25-34,5.242775305043521,1936.5060933975099,52,Low,Medium,76.96781744302393,0,1,0,1
Oily,45-54,5.752043337882203,2297.2545013157346,19,High,Low,72.65611767943469,0,0,1,0
Dry,45-54,6.77801687871572,2854.8816258322868,3,Low,Low,81.44103675747198,0,1,0,0
Oily,25-34,8.744484393516007,1923.4597477592986,56,Moderate,High,80.54233147379125,1,0,0,0
Normal,45-54,8.073413601959636,1803.3817954185772,7,High,Medium,80.16997745708954,0,0,1,0
Normal,18-24,7.0509353277477524,1819.282901824844,88,High,Low,90.0,0,0,0,0
Sensitive,25-34,8.149683939774564,2716.494138354789,61,High,Medium,90.0,0,0,0,0
Combination,35-44,8.197972310786716,2460.968300642678,69,Moderate,Medium,90.0,0,0,0,0
Dry,35-44,8.384550155853594,2275.627961167355,29,Low,Low,82.54368508034644,0,1,0,0
Normal,45-54,5.291070761184598,2850.48575970825,39,High,Medium,76.43902027023036,0,0,1,0
Combination,45-54,9.706616240047637,1883.0601983433157,25,Low,High,90.0,0,0,0,0
Oily,under 18,6.443953127175727,2306.2058264576876,54,Low,Medium,77.10133230278807,1,0,0,0
Combination,45-54,7.826219252775258,1899.0269656234907,5,Low,Medium,76.51046679432471,0,0,1,0
Combination,under 18,5.124961516618594,2152.8505953748886,62,High,Medium,78.74741926932431,1,0,0,0
Combination,55+,7.827154807263318,2362.9105740193986,87,High,Low,74.36990313636338,0,0,1,0
Oily,55+,7.523939158531311,1864.4424258190454,58,Low,High,69.09810039341907,1,0,1,0
Normal,18-24,8.491003059259418,2032.9242487829592,11,Moderate,High,90.0,0,0,0,0
Sensitive,55+,6.302615478452919,1909.6733089771394,24,High,Low,76.68804278315399,0,0,1,1
Normal,under 18,4.381046451287527,1908.8790879107305,86,Low,High,75.08207875680922,1,0,0,1
Dry,18-24,8.032654779812002,2169.8915110696153,69,High,Low,60.92940437916971,1,1,0,0
Dry,55+,9.28099625947178,1868.512542992148,45,Moderate,High,55.95343517832223,1,1,1,0
Normal,55+,7.7309697445799745,2396.370088152886,87,Low,Medium,73.29582831434638,0,0,1,0
Dry,45-54,10.0,2072.3827455588203,50,Low,High,63.03249387984255,1,0,1,0
Dry,45-54,5.433719231703964,2423.9643766776408,89,Moderate,High,79.82493982206582,0,0,1,0
Combination,under 18,9.798591033952686,1838.7256448866892,77,Low,High,78.45103597706205,1,0,0,0
Normal,55+,8.261622307909624,2614.36402761446,46,Moderate,Low,79.35538415435175,0,0,1,0
Dry,45-54,8.52559831595523,2062.779261236789,43,Low,High,55.51280489667468,1,1,1,0
Dry,18-24,5.952289362680281,1959.3602259932072,27,High,Low,55.030461852313266,1,1,1,0
Dry,55+,7.687900680816446,2454.1112620458644,38,High,Medium,62.57139286461152,0,1,1,1
Combination,55+,7.500917571998559,1810.0460167297115,23,Low,Low,90.0,0,0,0,0
Oily,55+,7.833069484224653,2430.0425338714103,89,High,High,68.64045362349123,1,0,1,0
Combination,35-44,7.5694150846217205,1581.9064427308376,76,Low,Low,90.0,0,0,0,0
Sensitive,25-34,6.727890947924215,2473.9103882062336,7,Moderate,Low,90.0,0,0,0,0
Normal,35-44,4.925473286883289,953.4109888044204,1,Low,High,82.71868276118468,0,0,0,1
Normal,45-54,9.262124275216031,2255.70762751094,6,Low,Medium,73.77679740299823,0,0,1,0
Normal,45-54,7.910095003780159,1461.591513186472,30,High,Low,76.8316687739709,0,0,1,1
Oily,18-24,8.106292095199807,2137.624343784182,81,Moderate,Low,84.32430885323956,1,0,0,0
Dry,45-54,4.623508633227404,2712.1417071369287,58,Low,High,60.76549220981821,1,1,1,0
Oily,55+,7.238024985428093,1801.9580169603655,7,Moderate,High,67.55708763423107,1,0,1,0
Oily,18-24,6.433015381022173,992.3890472838117,20,Moderate,Low,69.47590276240837,1,1,0,0
Dry,under 18,7.890004899447045,2130.9286036228627,21,Moderate,Medium,84.01346036394831,1,0,0,0
Combination,25-34,6.708879801500357,2639.242603725836,73,High,Medium,90.0,0,0,0,0
Normal,18-24,4.924211471506231,1701.6137618161924,81,High,Medium,75.63264464211036,1,0,0,0
Oily,45-54,5.724987617859421,1860.6025101142236,21,High,High,63.007895955211794,1,0,1,0
Combination,under 18,7.101205037885834,2215.0067619056776,96,Moderate,Medium,82.91959391824872,1,0,0,0
Sensitive,35-44,6.479539820342324,1561.322132422553,25,Moderate,High,75.20919614859494,1,0,0,0
Dry,25-34,9.529010424655667,3205.8200958942843,53,Moderate,High,70.738792915142,1,1,0,0
Sensitive,45-54,7.214930007823038,1621.6098164895664,45,High,Medium,77.70849160221442,0,0,1,0
Oily,25-34,9.213181196563442,1276.6214468357675,15,High,Medium,50.02702395373451,1,0,1,1
Combination,under 18,6.497840012942759,1651.9414743268492,12,Moderate,High,81.86984690902793,1,0,0,0
Dry,25-34,5.260696674324267,1859.9878835391153,52,High,Medium,82.87624406582339,0,0,0,1
Sensitive,45-54,5.703741881239052,2006.3272320743272,63,High,Medium,84.764451727824,0,0,0,1
Combination,55+,7.040765751508696,1689.3341382390104,50,Moderate,Low,75.57892821098785,0,0,1,0
Dry,45-54,6.444229965109195,1884.5755160481447,90,Low,High,77.83974056722592,1,0,0,0
Sensitive,25-34,8.214769091679141,1925.7852994679072,0,High,High,82.63147430339659,0,0,1,0
Oily,18-24,8.237052611179147,2292.9064917773276,98,Low,High,90.0,0,0,0,0
Normal,55+,7.857296045351113,2693.922985172987,92,Moderate,Medium,79.26617887105078,0,0,1,0
Dry,35-44,5.320913680381135,1763.4084468464432,48,Low,Medium,76.48328541823625,0,1,0,1
Combination,45-54,9.644948200449354,1871.3417497053663,60,High,Low,83.53682333995918,0,0,1,0
Normal,25-34,3.0,1898.5158284260574,35,Moderate,High,71.58070881414272,1,0,0,1
Dry,25-34,7.202409295244875,691.4434412843946,64,High,Medium,78.72684740752092,0,1,0,0
Normal,55+,9.000903459831923,1643.1437680671988,78,Low,Medium,81.65738855183258,0,0,1,0
Combination,55+,7.492844672781273,1887.0092273279688,82,High,High,68.88115561981132,1,0,1,0
Combination,under 18,5.067472871193938,1464.74593268229,16,Low,High,75.57225332887542,1,0,0,1
Sensitive,18-24,5.597375745358679,2542.8359545918192,98,Low,Low,82.88363846991895,0,0,0,1
Dry,35-44,6.778692717849772,1739.0672417241267,3,High,High,67.13516144008312,1,1,0,1
Normal,35-44,5.598086631114653,2598.075110763063,81,Low,High,70.69331689455817,1,0,0,1
Combination,45-54,9.196301908785381,2592.3719493533404,62,Moderate,High,70.11893090335388,0,0,1,0
Combination,45-54,7.73865600873125,2144.9150209353556,94,Moderate,Low,90.0,0,0,0,0
Combination,18-24,5.176093273036148,1877.0904366444713,2,High,High,59.312907635319775,1,0,1,1
Combination,25-34,5.974209694980345,1087.243945507645,72,Low,Medium,83.2593165096319,0,1,0,0
Combination,25-34,8.585565128748048,1652.0850268038623,15,Moderate,Low,90.0,0,0,0,0
Normal,under 18,8.793912861152961,2440.873200380006,73,Low,Medium,80.5225761414222,1,0,0,0
Sensitive,under 18,7.835076964950128,2306.442035881592,56,High,Medium,84.70369860627136,1,0,0,0
Sensitive,under 18,6.077029176889439,2928.9250756453325,85,Moderate,High,90.0,0,0,0,0
Dry,25-34,7.064688146429574,2150.965842559352,12,Low,High,82.95020324141701,0,1,0,0
Normal,25-34,6.026385499650042,1534.41736961152,99,Moderate,High,79.61904525984815,1,0,0,0
Dry,35-44,7.715944013214135,2108.7567479693926,59,High,Low,79.16973779951172,0,1,0,0
Dry,18-24,5.815971451146134,1280.786640612298,53,High,High,73.10732472897799,0,1,0,1
Oily,35-44,5.0951153690086795,2598.0668585455533,2,High,High,84.70844376711891,0,0,1,0
Dry,25-34,6.080119278024893,1830.545727162083,9,High,Low,71.98010970739767,0,0,1,0
Normal,55+,9.175510388138594,1438.9247192567927,99,Moderate,High,66.29311773199396,0,1,1,0
Dry,45-54,5.909507761424415,1615.6165857196534,44,High,High,54.04667405462645,1,1,1,1
Normal,55+,9.427102721749058,2996.691750291207,60,High,High,78.64430769847186,1,0,1,0
Oily,under 18,8.127344838103257,2391.69236207712,92,Low,Low,78.89895101444424,1,0,0,0
Dry,18-24,6.129467495720903,2973.6642434521414,25,Low,Medium,90.0,0,0,0,0
Sensitive,under 18,7.401544381537993,2426.55513222487,85,Moderate,Low,90.0,0,0,0,0
Normal,35-44,6.841712591843569,1865.9837063361947,98,High,Medium,90.0,0,0,0,0
Dry,18-24,9.494563389394177,2269.8618398691533,95,High,Medium,78.83715743974736,1,0,0,0
Normal,55+,9.177063191605573,2127.6640858725223,8,Low,High,83.27322976765318,1,0,0,0
Normal,18-24,5.727450195365364,1708.3285335607561,23,Low,Medium,90.0,0,0,0,0
Dry,25-34,7.154447863696916,1686.7498919783366,14,High,Medium,65.0016638562557,0,1,1,0
Combination,35-44,5.338807887058464,2600.7085158935124,14,Low,Medium,81.65692020690554,0,0,0,1
Combination,45-54,6.182694893764732,2069.0963738956602,75,Low,Low,72.01619375884563,0,0,1,0
Dry,45-54,7.444200384828407,1705.9234373397157,37,Low,Low,90.0,0,0,0,0
Oily,55+,9.17619919946311,1441.4291193976937,15,High,High,49.91920457536174,1,1,1,0
Combination,under 18,7.392437895371156,2123.058853188292,28,Low,Medium,80.27006972030004,1,0,0,0
Dry,25-34,6.918618095703779,1351.5436933640087,90,High,Low,82.77035465494328,0,1,0,0
Combination,45-54,8.306226327795196,2371.755335167298,14,Low,Medium,73.59912091915459,0,0,1,0
Oily,under 18,5.986647207113176,2353.743603602681,80,Moderate,Low,68.63337002952407,1,0,0,1
Combination,25-34,7.562361529451164,1359.6939273194457,51,Low,Low,90.0,0,0,0,0
Sensitive,under 18,5.7191066281429634,2569.1407224447894,81,Low,Medium,80.27495063447321,0,0,0,1
Dry,25-34,7.464124277713076,1717.848527094687,1,Moderate,High,73.77671603956426,1,1,0,0
Dry,35-44,5.712286163241037,1742.3031009422896,19,High,Low,71.67046561199254,0,0,1,0
Oily,under 18,6.333280705183443,1577.0184836853741,30,Moderate,Medium,81.23023722009596,1,0,0,0
Normal,25-34,4.387353831425047,2570.006643200393,3,High,Low,77.33419686428141,0,0,1,1
Normal,45-54,8.455950508917164,1363.3722740965702,32,Moderate,Medium,63.87827003428962,0,1,1,0
Dry,25-34,7.204466943345501,1548.8808986426166,37,Moderate,Low,77.36451096422493,0,1,0,0
Combination,35-44,6.607649165160197,1827.6167100631717,32,Moderate,Low,90.0,0,0,0,0
Oily,35-44,6.358248676423191,3001.473542038143,46,Moderate,Low,79.131995513894,1,0,0,0
Combination,35-44,6.3395114729857145,1595.8680874665376,41,Low,Medium,90.0,0,0,0,0
Combination,25-34,5.856127855754428,2521.8884782008777,39,Moderate,High,71.15902867498495,1,0,0,1
Combination,18-24,4.521846502460598,1618.68854178224,40,Low,High,68.45186183543808,1,0,0,1
Combination,35-44,9.170234260167302,2121.9930939988235,40,Low,High,76.04932144098822,1,0,0,0
Combination,18-24,7.28788300755417,3066.073230071851,10,Moderate,High,90.0,0,0,0,0
Oily,18-24,7.369521929422748,1645.9069193202088,76,Low,Low,77.9709500365433,1,0,0,0
Normal,35-44,6.576884414685477,1432.2838454847156,43,Moderate,High,90.0,0,0,0,0
Sensitive,35-44,8.883905560023546,2287.2808587683576,16,High,Medium,70.02044476247772,0,0,1,0
Dry,18-24,8.686621224956333,2606.4919642746854,32,Low,Low,70.27810264534267,1,1,0,0
Dry,45-54,6.378683828608701,1527.623573995555,86,Low,Medium,75.43320606407934,0,1,1,0
Sensitive,18-24,6.922430333037931,1563.6194646057309,5,Moderate,Medium,79.00800909973557,1,0,0,0
Combination,18-24,7.247435313113537,2566.048440417345,61,Low,High,90.0,0,0,0,0
Sensitive,18-24,6.747790530926249,2074.9975449538697,20,Low,High,78.95868893287734,1,0,0,0
Normal,35-44,6.85923157566495,2401.363786218849,58,Low,Low,90.0,0,0,0,0
Combination,18-24,5.998326408567565,901.7768691784504,12,Low,High,70.10516900160194,1,1,0,0
Normal,18-24,7.706303289063071,2493.917210653997,53,Low,Low,79.72552138540019,1,0,0,0
Combination,25-34,7.669561367137804,1679.884752265993,12,High,Low,71.27086538878329,0,0,1,1
Normal,45-54,5.297481852720896,2247.248765890161,90,High,Low,63.312924581785225,0,0,1,1
Combination,18-24,7.212218429402011,1937.103686170835,71,Low,Medium,77.89219919142977,1,0,0,0
Dry,25-34,9.733695014490687,1526.5999529093342,17,High,Low,59.36947748229912,0,1,1,1
Combination,18-24,9.662555531691199,2015.89195243532,39,Low,Low,90.0,0,0,0,0
Sensitive,55+,4.246644284693688,1910.3986728404295,12,High,Medium,90.0,0,0,0,0
Oily,45-54,8.43924411489916,1817.4724835975146,86,Low,Low,82.0603794051757,0,0,1,0
Oily,under 18,4.787832188142408,1917.742734101915,78,High,Low,69.78414763130384,1,0,0,1
Dry,18-24,5.714241439162441,2245.907200543981,17,Moderate,High,69.62215559358062,0,1,0,1
Dry,25-34,8.160099724101418,1471.864796125947,32,Moderate,High,84.71596971729461,0,1,0,0
Sensitive,under 18,5.941293917326526,2378.3212325534687,17,Low,Low,70.8655107001203,1,0,0,1
Normal,under 18,5.711733582551561,1458.9209320860025,6,Low,Medium,66.15799757478337,1,1,0,0
Dry,25-34,5.231963302305617,2176.01930647906,37,High,High,58.14245677339154,1,1,1,0
Normal,18-24,7.463736579276196,1657.9769848104793,10,Low,High,79.93267986355255,1,0,0,0
Combination,under 18,7.007628094192351,2763.566192077565,54,Moderate,Medium,84.43654485559294,1,0,0,0
Oily,45-54,5.538909764622668,1024.1286954947752,6,Low,Medium,66.6379341309838,0,1,1,0
Dry,18-24,7.682613363580556,1944.7994180492058,12,Moderate,Low,80.28649744630663,1,0,0,0
Oily,under 18,5.934962369777348,2326.040118677454,27,Moderate,Medium,75.31609417764324,1,0,0,1
Sensitive,55+,8.258837717003185,895.8609900599536,30,High,Medium,55.84329320170795,0,1,1,1
Combination,45-54,6.021103136002767,3158.758115598427,9,Moderate,Low,71.11175248291073,0,0,1,0
Oily,18-24,7.875107373697286,2338.051819148575,75,Low,High,90.0,0,0,0,0
Sensitive,18-24,8.759341417947217,2008.5344125998631,60,Low,Medium,84.06628846083981,1,0,0,0
Normal,55+,8.19502624013743,2359.0310219186013,66,Low,High,69.65892583236382,1,0,1,0
Sensitive,18-24,7.8085622451291385,1838.9940146912977,29,Moderate,Low,81.1640696389728,1,0,0,0
Sensitive,55+,7.258088383549389,1705.8192178466109,37,High,High,70.35631731671864,1,0,0,1
Combination,25-34,7.019221456849742,1415.7545539503667,50,Moderate,High,80.05687904536282,1,0,0,0
Oily,35-44,5.814064013090571,1858.8439790375353,77,Low,Medium,70.73843500030645,1,0,0,1
Sensitive,25-34,5.584441852854885,1747.4913646274117,28,Moderate,High,76.10627000912002,1,0,0,0
Dry,35-44,6.754111034866726,2201.1311723321887,20,Moderate,Medium,76.33076851189323,0,1,0,0
Dry,18-24,8.423885952779363,1768.107814310946,52,High,Medium,69.18949013084176,1,1,0,0
Combination,25-34,9.002656925902937,2469.3055393127465,96,Moderate,Low,90.0,0,0,0,0
Dry,25-34,7.756140747915913,2076.8245646483097,92,Low,High,80.73226658547487,0,1,0,0
Dry,25-34,7.478681262802812,2593.5255753331912,36,High,Medium,65.19981421341068,0,1,1,1
Sensitive,under 18,8.83536948963891,2667.4733641918215,88,High,Low,90.0,0,0,0,0
Normal,45-54,7.061990247815505,2277.4835824993065,62,Low,Low,90.0,0,0,0,0
Oily,under 18,9.015319759933078,1688.1419825418036,44,Moderate,Medium,90.0,0,0,0,0
Normal,45-54,6.522374719422545,2008.018331506739,47,Low,Low,90.0,0,0,0,0
Combination,25-34,8.34939810696911,2457.5860753593115,23,Moderate,Low,90.0,0,0,0,0
Oily,25-34,6.653703833203097,1245.695272810145,2,High,High,65.24610318685197,0,1,1,1
Oily,45-54,7.369275916443951,1540.8419313357995,65,Low,Medium,57.72594301974689,1,0,1,0
Dry,35-44,4.765095693039666,1368.0642196331419,33,Moderate,Medium,73.27191381452329,0,1,0,1
Normal,55+,7.48957151176834,2680.5186804664036,61,Moderate,Low,80.61327365167713,0,0,1,0
Dry,55+,7.058341774354366,2105.6903273229823,74,High,Low,63.56560211221845,0,1,1,0
Sensitive,25-34,8.774342408316889,1227.7725454582228,51,High,Medium,80.0525387461332,0,1,0,0
Normal,25-34,7.780264632400407,1994.2051078405893,7,High,Medium,66.37656747910319,0,0,1,1
Dry,25-34,7.8490861882481004,1758.258045798092,29,Low,High,79.56666351418701,0,1,0,0
Sensitive,35-44,5.773094064360277,2070.2544521428026,66,High,High,90.0,0,0,0,0
Normal,18-24,9.473786985001693,2430.4550522707314,86,Low,Medium,84.2897224690239,1,0,0,0
Normal,45-54,6.238460844729863,1329.51398200936,75,Low,Medium,77.53229835967603,0,1,1,0
Oily,55+,4.476899074453321,2658.0497259252406,18,High,High,70.53370299531065,1,0,1,0
Normal,35-44,5.567376567796259,1837.2432935025317,44,Moderate,Low,90.0,0,0,0,0
Dry,under 18,8.981816689116364,1193.049272260504,72,High,Low,77.13639259543157,1,1,0,0
Combination,35-44,9.238396764212588,1873.1797730537492,35,Low,High,83.4228553838995,1,0,0,0
Normal,55+,5.277125027141892,1876.3245364255433,36,Low,High,73.14036219715891,0,0,1,1
Dry,18-24,5.916104827897783,2220.4098994528576,90,High,High,71.805511131512,1,0,0,1
Dry,under 18,6.0278013491683335,1044.1788945404785,96,Low,High,78.80891200453752,1,0,0,0
Combination,35-44,6.669156198386516,1321.7274738567305,58,High,Low,80.23908415439081,0,1,0,0
Dry,35-44,7.306479825982479,1406.434833858338,27,High,Low,57.817233745497745,0,1,1,1
Sensitive,under 18,6.267980795241871,2091.293902107168,10,Low,Low,78.62733933260603,1,0,0,0
Sensitive,35-44,6.681311912448596,2125.2151415005223,37,Low,Low,90.0,0,0,0,0
Normal,55+,8.020430748576635,1421.033150134347,59,Low,Low,68.3414288577335,0,1,1,0
Sensitive,35-44,6.903403689062938,500.0,95,Low,High,90.0,0,0,0,0
Normal,25-34,7.3709999525237855,1849.5929348125787,100,Low,Medium,90.0,0,0,0,0
Oily,under 18,5.524825354783043,2157.8597111482622,63,Low,Low,81.24852537585542,0,0,0,1
Dry,55+,8.759046365777602,1761.9911262005285,14,Low,High,62.27321439741365,1,1,0,0
Oily,55+,5.58277826463742,2082.5126312193556,4,Low,Low,51.11047325666514,1,0,1,1
Normal,under 18,4.996590000030459,1669.8093147322304,0,Moderate,Medium,74.4944961055495,1,0,0,1
Oily,25-34,8.833603242475753,2031.0896149061439,78,Moderate,Low,90.0,0,0,0,0
Sensitive,18-24,4.1807995540807505,1101.5041763602994,22,High,Low,65.84870410311738,1,1,0,1
Combination,45-54,7.243128538970163,2431.195287958844,80,Moderate,Low,82.81219216713149,0,0,1,0
Oily,35-44,4.573567812060775,2224.856303748254,2,Low,Medium,90.0,0,0,0,0
Normal,35-44,8.995515261234578,2943.9294939793194,40,Moderate,Low,90.0,0,0,0,0
Dry,55+,7.496834139789814,2253.401297276237,35,High,Low,64.69756569462723,0,1,1,0
Combination,25-34,3.8002233585577843,3049.8762739979948,81,High,Low,90.0,0,0,0,0
Sensitive,25-34,6.136764680355818,1533.2644207874794,79,Moderate,Low,90.0,0,0,0,0
Dry,25-34,6.617190798340563,2755.8367070927156,18,Moderate,High,80.81069736068923,1,0,0,0
Combination,18-24,10.0,2062.704339737922,29,Low,High,81.79655274097006,1,0,0,0
Normal,35-44,8.497126258905483,2021.602024342752,63,Low,High,83.46366666239642,1,0,0,0
Dry,under 18,5.4433067904727235,2738.3718353941454,51,Low,High,83.69741566372318,0,1,0,0
Normal,35-44,6.066808779465417,2767.765386685941,57,Moderate,High,80.37761537134091,1,0,0,0
Combination,45-54,8.947811994653625,2307.0181319786043,21,Low,High,71.5240724807017,1,0,1,0
Oily,under 18,9.743462134381529,3116.1730165928693,38,High,Medium,61.947650365189006,0,0,1,1
Sensitive,18-24,6.7371349555535325,1595.6029407917845,72,Moderate,Low,75.5267854189845,1,0,0,0
Normal,35-44,4.2035952441152915,3122.341127715128,83,Moderate,High,69.6456540467777,1,0,0,1
Sensitive,under 18,6.340476986622326,2567.51842855087,53,Moderate,High,82.4296833584139,1,0,0,0
Combination,55+,5.888116948735775,2769.1328204560177,64,Moderate,High,65.17515061318477,1,0,1,0
Sensitive,under 18,5.94982361227688,1404.1404331913284,44,Low,Medium,73.307301329638,0,1,0,1
Sensitive,18-24,6.687240353569375,1734.1121495191815,18,Low,Medium,80.73750064068555,1,0,0,0
Combination,25-34,7.894449678191819,1974.3025364037383,96,High,High,83.71910031887745,1,0,0,0
Combination,45-54,7.941553591827882,1854.489263457353,98,Moderate,Medium,79.85857103451958,0,0,1,0
Combination,55+,6.002338943471792,1708.2197260519633,7,Low,High,90.0,0,0,0,0
Oily,25-34,10.0,2112.585466113468,29,Moderate,Medium,76.48850255515534,1,0,0,0
Normal,25-34,4.024356685820433,1739.8954932729596,45,Low,High,77.59573750396439,1,0,0,1
Dry,25-34,7.145299048713813,2922.6998406251896,42,High,Low,77.27957329052792,0,0,1,0
Dry,18-24,8.54304807383485,1539.1410817590424,99,High,High,64.64456640931452,1,1,0,0
Combination,25-34,10.0,1984.4198175992613,77,High,Low,90.0,0,0,0,0
Oily,18-24,8.869494716612417,1422.4957513000486,89,High,High,90.0,0,0,0,0
Sensitive,55+,3.4027553571236533,1295.7842548158196,50,Low,High,73.94119450053881,0,1,1,0
Oily,under 18,3.0,3056.044663626454,10,Moderate,High,83.9204473319122,1,0,0,0
Dry,18-24,7.321799378329624,1537.6779907759842,8,Moderate,Low,83.39541989946262,1,0,0,0
Combination,45-54,7.678936044970182,2094.667018090083,59,High,Medium,76.34716647388986,0,0,1,0
Oily,35-44,7.9314000934209865,2604.7657005681344,25,High,Medium,61.00350006327982,1,0,1,1
Dry,under 18,6.565118270462477,1560.0803469495065,47,Low,Low,73.34280359841212,1,1,0,0
Normal,25-34,8.241662821557878,2401.166388942233,37,Low,Low,90.0,0,0,0,0
Oily,18-24,7.151103712182017,3088.7770943403866,58,Moderate,Low,90.0,0,0,0,0
Oily,55+,6.343266815707522,1550.0710141823658,48,Moderate,Medium,69.11200584996388,1,0,1,0
Normal,under 18,7.627137141259903,1662.5310715432508,81,High,Low,83.02328862739807,1,0,0,0
Dry,35-44,7.743274786217343,1583.4958720802802,56,Moderate,High,84.12281987746091,0,1,0,0
Dry,under 18,6.399636575602171,2945.4202100195826,95,Low,Medium,62.87216816271565,1,1,0,0
Sensitive,under 18,6.391618964878481,1600.5742279913518,35,Low,Medium,75.35214944288512,1,0,0,0
Sensitive,55+,8.75601818305975,1474.4790248566533,37,Low,High,62.33932479716641,0,1,1,0
Oily,25-34,5.960585154779398,2288.2805602544972,25,High,High,70.34096672708304,0,0,1,1
Combination,55+,8.407617135809938,2610.238195540537,92,Low,High,69.38975817403075,1,0,1,0
Oily,25-34,5.879167251669273,2298.00433649306,68,Moderate,High,76.07466162726799,1,0,0,1
Combination,18-24,6.30083770068373,1697.1721832446838,65,High,Medium,83.3806504568688,1,0,0,0
Combination,25-34,8.804819173438428,1725.2228020702069,77,Moderate,High,79.10398337668181,1,0,0,0
Dry,18-24,7.41730689403147,2077.7897346153195,36,Moderate,Medium,76.94053226117323,1,1,0,0
Oily,under 18,5.393868435492246,2483.0464276781604,1,Low,Medium,78.88912801448592,1,0,0,0
Sensitive,35-44,7.84042134051843,1006.8546940647896,67,Moderate,Medium,79.34129083611748,0,1,0,0
Oily,55+,7.416131666856015,1613.5132829166896,44,Moderate,High,61.550185456839316,1,0,1,0
Sensitive,45-54,8.64561295961894,1277.300081609621,22,Low,Low,61.02321568922703,0,1,1,0
Oily,under 18,6.465284547055684,2181.012275494233,95,High,High,78.45645790201357,1,0,0,0
Combination,18-24,7.081510441212813,2381.4791283569857,76,Moderate,High,90.0,0,0,0,0
Combination,35-44,4.722367020986066,2825.957168433689,88,Low,Medium,82.56255557134028,0,0,0,1
Dry,under 18,7.787716988182407,2679.859106500448,22,Moderate,Low,66.62463115518227,1,1,0,0
Oily,18-24,8.311360253849863,1994.1949427724783,12,High,Low,70.81780630089223,0,0,1,1
Dry,35-44,5.073702683633259,1718.2234093756497,18,Moderate,High,77.21155650968589,1,0,0,1
Dry,45-54,9.384344999293866,2692.7188908281914,63,High,Medium,81.53529636670004,0,0,1,0
Normal,18-24,6.070600029844465,590.8478568989105,44,High,High,55.83630075742191,1,1,1,0
Dry,25-34,6.680965398542321,1856.1485559354417,55,Low,High,75.0645417116568,1,1,0,0
Dry,under 18,6.625341081939425,2264.2696009157007,55,Low,Low,83.5880041917163,0,1,0,0
Normal,35-44,8.314318868982495,2495.149773549762,84,High,High,80.24355042291022,1,0,0,0
Combination,18-24,7.668563710203051,1099.614649038682,85,High,Medium,83.97100766640223,1,0,0,0
Sensitive,18-24,6.488200400960056,3152.044891774595,6,High,High,70.01853644930121,1,0,1,0
Normal,45-54,7.561325102203718,2183.9097842219326,13,High,High,73.31514465006394,0,0,1,1
Combination,45-54,7.539228909660787,2207.689811252995,35,Moderate,Low,72.67585189209976,0,0,1,0
Dry,18-24,3.4253317283711153,1880.2378415444657,12,Low,Low,63.40430757829452,1,1,0,1
Dry,under 18,6.943160752307966,2640.747699626706,66,Low,Medium,78.4367214303494,1,0,0,0
Dry,35-44,7.071509341933444,1176.7443066990295,31,Low,Low,77.6029663441773,0,1,0,0
Normal,25-34,7.645133734257628,1598.0876758786274,21,Low,High,80.72459244585393,1,0,0,0
Combination,35-44,5.1748215383778735,1582.9204766417097,11,Low,High,70.43254592716936,1,0,0,1
Normal,45-54,7.813756344496773,2629.3806198800344,56,Low,High,60.58981748703518,1,0,1,0
Combination,18-24,7.72439491776638,2316.0116118085107,3,Low,Medium,77.17436050348539,1,0,0,0
Sensitive,55+,7.709567909257002,2050.663588430234,62,Moderate,Medium,90.0,0,0,0,0
Combination,35-44,8.045395952444137,790.6122664652896,95,Moderate,Low,84.02908508469349,0,1,0,0
Dry,18-24,7.166632526957249,1477.5374826888742,96,Low,Medium,76.11120371205917,0,1,0,0
Sensitive,18-24,8.74435385881621,1926.4223473915697,5,Moderate,Medium,80.3666693205013,1,0,0,0
Normal,35-44,7.046422132401745,1247.4640628730983,51,Low,Medium,83.13160867785734,0,1,0,0
Combination,under 18,8.525246333519277,2313.6640601369045,58,High,Medium,84.55389053103751,1,0,0,0
Sensitive,45-54,7.835421823510755,1593.4885739155889,82,High,Medium,90.0,0,0,0,0
Combination,55+,5.839540232592805,2111.7997272229527,18,Moderate,Low,71.82482120078684,0,0,1,1
Dry,18-24,5.958252384627923,2217.4464813386694,49,Moderate,Medium,84.67944308442489,0,0,0,1
Combination,under 18,3.7586310958499167,1756.2277217967037,86,Moderate,Low,73.74438714662865,1,0,0,1
Normal,35-44,9.695130198139736,2219.742913997882,6,Low,Low,90.0,0,0,0,0
Oily,45-54,7.250190496796489,2992.6132678356785,84,High,Low,83.41487600794312,0,0,1,0
Dry,45-54,3.4960695717978463,1592.3444426059464,70,Low,High,78.6859537183542,0,1,0,0
Oily,45-54,6.398240242378916,2429.175616502695,75,High,Low,63.42570105026685,1,0,1,0
Normal,18-24,8.313484544842355,1566.996645508687,12,Moderate,Medium,90.0,0,0,0,0
Normal,under 18,8.496931483213825,1798.3426163391462,59,High,Medium,77.55532517969874,1,0,0,0
Oily,45-54,8.817459438473751,1483.6786509389713,4,High,Medium,55.64986490247132,1,1,1,1
Normal,45-54,6.815032601400759,1754.9163423117197,28,Low,High,72.49279863345959,0,0,1,0
Sensitive,25-34,8.58404555734857,1738.6093917169146,95,Low,Medium,90.0,0,0,0,0
Sensitive,18-24,6.936327206482366,2253.4056988315247,9,Low,Low,77.3224692937843,1,0,0,0
Sensitive,25-34,7.81788772453918,2443.4763037365856,72,Low,Low,90.0,0,0,0,0
Dry,25-34,7.316687165267,1790.8755423600844,17,High,High,41.2958944269707,1,1,1,1
Combination,under 18,6.475451881961874,2012.836157603806,11,High,Low,60.85574210555943,1,0,1,0
Dry,45-54,7.374388714111575,1926.4141760757818,14,Moderate,Low,61.92888557008243,0,1,1,0
Sensitive,18-24,7.028805131448321,1241.3730697139472,68,Low,High,83.04777806346678,1,0,0,0
Combination,under 18,8.001032926682017,2090.556144444715,24,Low,Medium,77.8639267777361,1,0,0,0
Combination,45-54,8.502805620311632,2000.0802537035424,53,High,High,71.10488128339024,1,0,1,0
Combination,25-34,4.39240363221732,1820.7769053466625,90,Moderate,High,80.55574227664576,0,0,0,1
Sensitive,18-24,6.7001051153223745,2371.4516527167993,78,High,High,90.0,0,0,0,0
Dry,25-34,3.894589683229907,2020.5897584744675,41,High,High,70.12554440051,1,0,0,1
Oily,25-34,7.770512823689959,1669.2560573592402,8,Low,Medium,81.20755043823894,1,0,0,0
Oily,45-54,7.111942014725271,1686.4817454250779,90,High,Medium,69.3863181282387,1,0,1,0
Dry,45-54,5.905640600169415,1795.7900749343414,62,Moderate,Medium,73.77873626901028,0,1,1,0
Dry,55+,5.933962011299483,2341.809155968166,66,High,High,61.80253755159394,0,1,1,1
Normal,35-44,5.897572184746934,1548.5449964760364,53,Moderate,Medium,84.21500019918216,0,0,0,1
Oily,35-44,9.6518930002593,2480.370005912018,63,High,Low,76.0803310120937,1,0,0,0
Dry,18-24,4.2077299590112,1617.6158550737332,48,Moderate,High,67.14693214628258,1,1,0,1
Normal,25-34,7.363694457584066,2161.877533615747,25,High,Medium,66.16093603885908,0,0,1,1
Oily,under 18,4.76426070139466,2579.282746411161,27,High,Medium,74.05413785246989,0,0,1,1
Oily,35-44,8.237836628772438,2240.9508160201694,25,High,High,61.491455340544185,1,0,1,1
Sensitive,25-34,9.035092736068181,2226.144996285459,55,High,Medium,90.0,0,0,0,0
Oily,45-54,7.672871318877771,2778.839635911121,34,Moderate,High,65.68330571676421,1,0,1,0
Normal,45-54,8.651829371091562,1579.2462705442344,65,Moderate,Medium,75.61411853456421,0,0,1,0
Sensitive,45-54,7.949792768007873,1667.866067520709,93,Moderate,Medium,77.84365600884308,0,0,1,0
Oily,25-34,7.756231826425417,2238.306753509907,76,Low,Medium,78.98383856992294,1,0,0,0
Combination,35-44,4.924799031316021,1939.0771943444825,8,High,High,65.3732977453996,0,0,1,1
Normal,25-34,7.3978855353706034,1781.8549045029215,12,Low,High,75.37256815614263,1,0,0,0
Dry,18-24,7.47206491358614,2402.9488885005344,97,Moderate,High,71.76632419716711,1,1,0,0
Normal,45-54,6.954110403653867,2112.2997383541297,67,Moderate,Low,90.0,0,0,0,0
Dry,18-24,9.075136117833964,2236.598291612613,49,Moderate,Low,60.8809861399599,1,1,0,0
Combination,under 18,7.3012364345117104,1520.9603101793195,12,Moderate,Low,90.0,0,0,0,0
Sensitive,35-44,8.006539017083274,2165.074974695969,47,Low,Low,90.0,0,0,0,0
Dry,25-34,8.925609150552113,2023.4392716516556,22,High,Medium,72.08392360703584,0,1,0,1
Normal,35-44,4.275600249799006,1149.939565585869,88,Low,Low,68.73586500002313,0,1,0,1
Dry,55+,8.1035211456396,1714.9032011509235,75,Moderate,Low,70.46422418056976,0,1,1,0
Sensitive,35-44,7.655151626665746,2057.116322251178,8,Low,High,80.51356148636519,1,0,0,0
Sensitive,35-44,6.7497404984591185,1951.8193572058883,19,Low,High,83.03839532023136,1,0,0,0
Combination,55+,5.70191574243216,1992.1111555501645,41,Moderate,Low,68.57866417525383,0,0,1,1
Dry,55+,6.123259850808402,1813.8717399371476,65,High,Low,67.346878616285,0,1,1,0
Normal,55+,6.514526432936258,1886.6533650506403,46,Low,Low,90.0,0,0,0,0
Oily,under 18,8.38326018476063,1935.1045853976532,66,Moderate,High,81.88187501968943,1,0,0,0
Oily,18-24,8.535553504885147,2768.927475663241,35,Low,High,82.85074841942986,1,0,0,0
Combination,18-24,8.282416976584225,2267.2342675342557,31,Moderate,High,90.0,0,0,0,0
Oily,18-24,7.490248314225281,2432.679354525035,38,High,Low,65.72468375202803,1,0,1,1
Sensitive,18-24,7.134041107894359,2492.2849229785993,9,Moderate,Medium,75.72941402648988,1,0,0,0
Combination,55+,7.921158707934526,1820.0797696098061,18,High,High,90.0,0,0,0,0
Dry,35-44,8.343776320154209,2045.7400029887842,34,High,Low,77.01115344862198,0,0,1,1
Oily,55+,6.840801988581526,1761.9004198005064,62,High,High,84.19822534733174,1,0,0,0
Oily,55+,7.249028271811858,2498.231307706492,93,Moderate,High,68.71061670868639,1,0,1,0
Combination,under 18,8.333410008389556,2176.6968987294786,78,Moderate,Medium,90.0,0,0,0,0
Oily,25-34,7.899465461087553,2635.848395761279,44,Moderate,Low,81.83586031749721,1,0,0,0
Normal,55+,6.775050563243709,1442.2899982348968,55,High,Medium,72.28524172147596,0,0,1,0
Sensitive,45-54,8.951694778267859,1735.1108739846409,47,High,Medium,74.85859063816163,0,0,1,0
Sensitive,under 18,5.964492814984143,1101.9011223327243,22,Low,High,58.33661617241386,1,1,0,1
Sensitive,55+,7.856924579746445,1189.2736877238895,95,Moderate,Low,72.3092954991216,0,1,1,0
Dry,18-24,5.874611788462395,2294.1183972575295,82,Moderate,High,69.19046673941168,1,1,0,0
Normal,25-34,8.082881878612557,1674.1479258908832,25,Low,High,82.80586126398785,1,0,0,0
Normal,35-44,6.798770009511392,1563.7027367969235,64,High,Low,90.0,0,0,0,0
Sensitive,25-34,6.177404818283226,2133.1076300764535,54,Moderate,High,79.03197429420953,1,0,0,0
Normal,35-44,6.247529981805314,1877.8924799121655,69,High,High,81.9597202836683,1,0,0,0
Normal,35-44,4.80293997757365,2566.4780824030686,89,Moderate,High,78.01222844582676,1,0,0,0
Normal,18-24,7.765099889756598,2396.4526859186008,21,Moderate,High,80.9734025969202,1,0,0,0
Sensitive,under 18,8.935637986925293,1587.3935622271417,82,High,Low,81.2784294061283,1,0,0,0
Sensitive,45-54,6.462408275457965,1052.5828162088947,47,Moderate,Medium,68.19902407239671,0,1,1,0
Oily,45-54,10.0,1925.207342341312,18,Moderate,High,82.1213047053573,1,0,0,0
Normal,under 18,8.558091849872369,1380.9194278322707,28,Low,Low,81.29358246780494,0,1,0,0
Combination,under 18,8.494582638464514,2928.795438324833,17,Low,Medium,77.47535398315411,1,0,0,0
Combination,55+,6.909578876458028,1494.5592517051994,97,Low,High,66.63684803001642,0,1,1,0
Dry,under 18,6.791805398581696,886.6192375213868,36,High,Low,66.94976231011951,1,0,1,1
Normal,18-24,6.943169948467237,2410.483569656498,87,High,Low,84.2973265006496,1,0,0,0
Oily,18-24,6.946363533439729,1857.9302226555162,32,Moderate,High,77.83952351449598,1,0,0,0
Sensitive,25-34,7.79135217416805,2302.0124234747764,14,High,Medium,74.46496190853196,0,0,1,1
Sensitive,45-54,4.510141656242226,2044.4114811393943,31,High,High,73.51299473609032,0,0,1,0
Dry,55+,10.0,1332.491877175988,25,High,Medium,63.665025479564875,0,1,1,0
Normal,45-54,6.8718717507504,2970.8730610258513,19,Moderate,High,76.64068439559439,0,0,1,0
Sensitive,45-54,8.656262734815513,1743.3016596119692,13,Moderate,Medium,90.0,0,0,0,0
Dry,18-24,7.309203069433906,1998.9441600075884,42,Low,Medium,67.33211441197207,1,1,0,0
Dry,35-44,5.877892293517499,1962.8739462534588,69,Moderate,Low,81.4009086688556,0,1,0,0
Normal,45-54,6.5800508007902065,2056.3744690383746,3,Moderate,High,78.94187196748548,0,0,1,0
Dry,18-24,5.87742522896345,1361.6908998776694,37,Low,High,71.62500343039756,1,1,0,0
Dry,55+,6.9380788399114435,2857.55910908939,19,Moderate,High,83.14900111149207,1,0,0,0
Sensitive,35-44,7.123304389394194,1834.2031105342273,58,High,Medium,90.0,0,0,0,0
Normal,35-44,8.131128707557748,1920.8401937023107,56,High,High,90.0,0,0,0,0
Normal,35-44,9.802049387438664,1998.0437453524607,9,High,Low,77.12965755382858,0,0,1,1
Sensitive,45-54,8.050745594737245,1622.6978088033636,100,High,High,90.0,0,0,0,0
Dry,55+,7.754633880004993,2137.5467384718772,62,Moderate,Low,72.60297297309418,0,1,1,0
Oily,55+,6.915240813011188,1749.12111941514,30,Low,Low,77.91648307836454,0,0,1,0
Dry,35-44,6.042954751521439,2141.1763319898264,44,Low,High,77.20071758287757,1,0,0,0
Normal,35-44,7.943408664544711,1936.4186018529342,96,Moderate,Low,90.0,0,0,0,0
Dry,18-24,7.430901893681188,1981.0426609336153,74,Moderate,Low,68.73098152661782,1,1,0,0
Sensitive,35-44,7.1477890373580815,1899.7775086613874,26,High,High,57.2648049367599,1,0,1,1
Sensitive,18-24,7.0269588690524625,3349.020228408713,70,High,High,90.0,0,0,0,0
Dry,45-54,7.467451448211137,2322.6484792155215,82,High,High,58.15001239467627,1,1,1,0
Normal,35-44,7.657035407992145,1868.5915883514704,55,High,High,77.15871470441876,1,0,0,0
Combination,55+,8.940983819937502,1854.4181147868294,40,High,Low,84.02805966832861,0,0,1,0
Combination,45-54,8.582581823413827,1832.8965009667756,3,Moderate,High,63.41320921069757,1,0,1,0
Combination,25-34,5.560041221283939,2182.6981041180966,28,Moderate,Medium,90.0,0,0,0,0
Sensitive,25-34,5.34299746584684,2267.8201125083046,79,High,Medium,90.0,0,0,0,0
Oily,35-44,5.208762015863025,1840.4959847635732,63,High,High,80.55370387013818,1,0,0,0
Dry,18-24,4.852405455212888,3412.0835047013647,89,Moderate,Medium,68.64934841390873,1,1,0,0
Dry,18-24,4.519060660575528,2004.9068701982021,4,Low,Low,63.839110363924185,1,1,0,1
Sensitive,45-54,8.71495641149502,2518.1929542935127,60,High,Medium,81.35144082571728,0,0,1,0
Normal,55+,8.277013183259706,1841.3858058892622,4,Moderate,Low,81.3951973761425,0,0,1,0
Normal,35-44,9.026633419505503,2456.6955454010913,83,High,High,90.0,0,0,0,0
Sensitive,45-54,7.318449426490715,2120.290378863296,9,Low,Low,71.91468294638439,0,0,1,0
Oily,under 18,6.5441160285769415,1545.1739870834808,51,High,High,75.49073082596206,1,0,0,0
Combination,45-54,8.855726463218074,2656.103996800766,44,High,Low,71.59450668897173,0,0,1,0
Dry,18-24,5.673836288455118,1923.107417426904,33,Moderate,Medium,80.63870434919608,1,0,0,0
Oily,25-34,6.784865175311606,1983.672048129845,95,High,High,77.33210831255307,1,0,0,0
Dry,45-54,7.0964423178813725,2473.43073082309,99,High,High,73.50597064870345,1,1,0,0
Oily,18-24,5.879174037269885,1576.8265042436701,70,Low,Medium,74.32040057376867,1,0,0,1
Combination,55+,8.854929613214463,1768.677629059351,84,High,Medium,74.37431543337195,0,0,1,0
Oily,35-44,5.105446969634401,1757.4350289500649,26,Moderate,Low,84.36297537328086,1,0,0,0
Sensitive,25-34,6.5049208971339985,2777.4813638628825,5,High,High,56.74946990697903,1,0,1,1
Normal,18-24,8.387239318565106,2573.760308316121,67,Low,Low,90.0,0,0,0,0
Dry,45-54,8.229960463520179,2473.121835807657,56,High,High,53.75892175391599,1,1,1,0
Oily,55+,5.967876810129523,1900.6989223232579,23,High,Medium,84.76332592515578,0,0,0,1
Sensitive,under 18,5.515127030464677,1894.7559847314833,71,Low,High,90.0,0,0,0,0
Sensitive,under 18,8.026157486402111,2067.291642406123,33,High,High,66.24148789884582,1,0,1,0
Normal,under 18,8.967221228440442,1429.2921038863904,70,Moderate,Medium,79.05764081523647,1,0,0,0
Sensitive,25-34,7.75035752604736,1375.848599065341,39,Moderate,Low,83.13253127750218,0,1,0,0
Sensitive,55+,7.141264703760464,2370.1667112782393,6,High,Medium,72.95495408570723,0,0,1,1
Sensitive,35-44,6.678246149763671,2275.563302043478,19,Low,Low,90.0,0,0,0,0
Oily,25-34,5.560401497750599,1168.1550109018085,50,Low,High,68.1966189011722,1,1,0,0
Oily,18-24,7.835544433731704,2872.0051170378665,99,High,High,90.0,0,0,0,0
Combination,under 18,5.505932589745162,2611.0970900533976,53,Moderate,High,72.00631402988512,1,0,0,1
Combination,under 18,7.065135113224617,1332.154239153462,44,High,Low,52.24145180543635,1,1,1,0
Normal,18-24,5.302742047971757,2007.892386680325,60,High,High,72.62171146720823,1,0,0,1
Combination,18-24,6.393306568113845,1343.5435116208805,59,Low,High,84.58332965486186,1,0,0,0
Dry,under 18,4.458941078161892,1576.640336036747,88,High,High,70.19905880594428,1,1,0,0
Sensitive,35-44,7.290713512496677,1996.7996236984309,100,Moderate,Medium,90.0,0,0,0,0
Oily,25-34,6.2481430637498825,2100.9435971457415,23,Moderate,High,83.31663078958842,1,0,0,0
Oily,under 18,8.560040079794032,2197.063255217074,80,High,Low,90.0,0,0,0,0
Sensitive,55+,6.818036992915629,2464.0360033303446,17,Low,Medium,70.11953547979869,0,0,1,0
Normal,under 18,5.560224546675558,1887.5402302223242,100,Low,Low,82.31379310625171,0,0,0,1
Oily,25-34,6.698368096599448,1381.5233707785774,47,Low,Low,68.71344804190502,1,1,0,0
Sensitive,18-24,6.370188756573463,962.5201595523486,25,High,Low,63.02221652012897,1,0,1,1
Sensitive,35-44,9.86826707149443,1531.2931057818435,97,High,Low,90.0,0,0,0,0
Combination,45-54,9.379171197131967,2019.0422528597462,5,Low,Low,71.38871130837147,0,0,1,0
Normal,55+,7.847296198233939,1755.6001008245341,44,High,Low,80.08560562851434,0,0,1,0
Combination,under 18,7.3118945379425115,2325.2448199942182,11,Moderate,Medium,90.0,0,0,0,0
Normal,55+,7.996828621591273,2387.3866950371785,95,Moderate,Medium,76.60273675221516,0,0,1,0
Oily,35-44,6.447500934941235,1759.8201637543225,58,High,High,78.80776852917684,1,0,0,0
Oily,25-34,4.608735512098595,2261.6095055884684,67,High,Low,68.48753368385569,1,0,0,1
Oily,25-34,8.623568066985165,2807.990839958965,34,Moderate,Medium,90.0,0,0,0,0
Normal,55+,7.457758951870762,1616.7601135457153,76,Moderate,Medium,90.0,0,0,0,0
Oily,under 18,4.454355785065816,2520.8333665416753,0,Moderate,Medium,83.5849790341631,1,0,0,0
Sensitive,45-54,4.305585149833696,1829.6979611281167,70,Moderate,Medium,80.29446374620717,0,0,1,0
Sensitive,18-24,6.663539758084531,1965.2724310744902,63,Moderate,Medium,78.95509506607655,1,0,0,0
Combination,45-54,7.05370390005376,2069.0737781837875,76,Low,Low,80.8670201955468,0,0,1,0
Dry,18-24,3.3769551068822055,2007.3279549350634,71,Low,Medium,68.72648022500205,0,1,0,1
Oily,45-54,3.655636638832184,2366.1090365454975,82,Moderate,Low,67.62958878531936,1,0,1,0
Combination,45-54,6.167312266294582,921.4816373883248,7,High,Medium,76.76139101150449,0,1,1,0
Dry,25-34,5.778692983921936,1714.962330407673,55,Low,Low,76.03304095530365,0,1,0,0
Normal,25-34,8.786049426332507,2098.3188708751227,60,Low,Medium,90.0,0,0,0,0
Combination,35-44,7.516667416525871,2590.6108171103006,73,Low,Medium,90.0,0,0,0,0
Dry,55+,6.8557835681132655,2377.0939805162016,22,Low,High,49.144717977347476,1,1,1,0
Sensitive,45-54,8.025791670897988,1356.7652532152938,20,Low,Medium,61.75136893333236,0,1,1,0
Combination,55+,9.209475366444744,1289.8491099646526,25,Low,Low,62.27516833264701,0,1,1,0
Combination,under 18,8.376049974216773,1241.4634815471836,67,Moderate,Medium,73.62309632137949,1,1,0,0
Dry,45-54,7.90185518222751,2930.9574390750863,80,Moderate,Low,69.25129765331879,0,1,1,0
Normal,under 18,6.680532015174683,1871.8221785734268,49,Low,High,77.59225805929532,1,0,0,0
Combination,18-24,7.915659998975274,1835.3017720187286,42,Low,Low,79.02679724125137,1,0,0,0
Combination,25-34,9.727418055614232,2096.096124729348,40,Low,High,78.37473548009699,1,0,0,0
Combination,under 18,6.519745737668911,1729.8572360521584,47,Low,High,82.63106246953633,1,0,0,0
Normal,25-34,5.600577294740469,1686.122506621255,0,Low,Medium,84.56435983364128,0,0,0,1
Sensitive,under 18,6.473989909512105,1756.18046325071,83,High,Medium,90.0,0,0,0,0
Oily,25-34,6.012737088794344,3049.42061517622,39,Moderate,Low,80.07745752564854,1,0,0,0
Combination,18-24,5.454857385265765,2073.3162938230876,2,Low,Medium,75.67780216554723,1,0,0,1
Sensitive,55+,7.888781514641308,2315.053997791866,38,Low,Medium,81.58149597930284,0,0,1,0
Sensitive,35-44,6.912089386326292,1879.6487140763452,66,Moderate,Low,90.0,0,0,0,0
Normal,under 18,7.677321236859259,2133.2608249891005,25,Moderate,Low,79.93171624326715,1,0,0,0
Oily,45-54,6.61156174784873,1219.0607141377845,0,Moderate,Low,61.62655620578083,1,0,1,0
Oily,25-34,6.298114416500129,1426.7249181462712,74,Moderate,Low,78.48493014580443,0,1,0,0
Combination,45-54,5.99926067490051,2016.6116192584798,99,Low,High,55.5639910408283,1,0,1,1
Sensitive,55+,7.538104215994924,2890.226375646203,9,High,Low,71.95681192901101,0,0,1,1
Sensitive,45-54,6.193890431644279,2387.3128176375753,39,High,Low,66.03652304429235,0,0,1,1
Oily,45-54,7.458940036656755,2647.998835319895,77,Low,Medium,66.3460584189787,1,0,1,0
Combination,25-34,7.864343079393439,1495.7592863568418,0,Low,Low,81.22339675787339,0,1,0,0
Oily,25-34,4.415430956063153,2155.6308498337526,45,High,High,84.28632872049218,0,0,1,0
Normal,35-44,6.207323503149414,1509.8431270247013,29,Low,Low,90.0,0,0,0,0
Oily,18-24,5.0986334432003835,2080.487748793578,63,High,Medium,80.96114616845516,0,0,0,1
Sensitive,18-24,9.261561548970047,1795.6638271469792,21,Low,Medium,90.0,0,0,0,0
Sensitive,45-54,7.885405466612983,1948.8668248912038,41,Low,Medium,82.80787662601473,0,0,1,0
Sensitive,under 18,5.065926866344911,2367.4056717552085,42,High,Low,76.01580979673423,0,0,1,1
Combination,25-34,5.3579619339589435,2010.8133152967823,75,Low,Low,80.9190800502353,0,0,0,1
Combination,18-24,6.487719377492042,2446.538717282846,72,Moderate,Low,76.56531025699132,1,0,0,0
Oily,18-24,5.41277351129397,2195.43495390098,86,High,Medium,79.12594344956103,1,0,0,0
Sensitive,under 18,5.740303888976949,1744.4473938356075,81,Moderate,Low,71.60740776808315,1,0,0,1
Sensitive,25-34,3.0,3046.049285808954,1,High,Medium,83.78822113892234,0,0,0,1
Sensitive,25-34,7.825835399239348,1616.3262570309178,11,Low,High,84.1098169459996,1,0,0,0
Dry,35-44,5.313016467500509,1752.1756235603298,46,Moderate,Medium,69.48343478217896,0,1,0,1
Combination,25-34,8.075319302229177,1053.9575372075374,22,Moderate,Low,90.0,0,0,0,0
Dry,45-54,6.787623371058493,2885.3209362313364,96,High,High,62.15274844920991,1,1,1,0
Normal,18-24,5.299080496048294,2040.1925193818274,68,High,High,79.26874963189572,1,0,0,0
Normal,45-54,10.0,2316.0758148453865,21,Low,Medium,90.0,0,0,0,0
Sensitive,25-34,7.188885730728183,2253.3182274545015,62,Moderate,Low,90.0,0,0,0,0
Normal,25-34,6.398701997485446,2649.81564265172,79,Moderate,Medium,90.0,0,0,0,0
Combination,35-44,6.401004965649682,1020.4091956320115,46,Moderate,Low,90.0,0,0,0,0
Normal,55+,6.41304534408931,1516.6327350616482,79,High,Medium,81.97228138863252,0,0,1,0
Dry,35-44,6.578208981703856,1870.4579704596845,62,Moderate,Medium,80.45935824079605,0,1,0,0
Dry,under 18,8.79613479970736,2347.646363332193,94,Low,Low,82.54611430879686,0,1,0,0
Normal,35-44,7.394898231363095,1998.5272943337025,45,Low,High,77.14835336344534,1,0,0,0
Dry,under 18,5.411712986713008,909.4123811671614,38,Moderate,High,56.22314971235754,1,1,0,1
Sensitive,25-34,7.1697400170891745,2397.3206017868297,72,High,High,82.68933217090132,1,0,0,0
Sensitive,45-54,6.837499175133116,1732.5728386066498,25,High,High,83.92434898630091,0,0,0,1
Normal,18-24,7.696753247821318,1958.3338996878265,43,High,Low,71.3241914087805,1,0,1,0
Sensitive,18-24,9.528616287960942,2616.364171034142,87,Moderate,Medium,76.50162920197457,1,0,0,0
Sensitive,45-54,8.439262085534994,2378.867057104952,92,High,High,58.289279762051805,1,0,1,0
Combination,35-44,5.064748878322814,2331.4968510262997,13,Moderate,Medium,82.92390704559298,0,0,0,1
Oily,under 18,7.564488936469862,2303.212364195582,69,Low,High,84.6110394745453,1,0,0,0
Dry,under 18,7.738914230219579,2226.381293924033,20,Low,Low,74.26963123018014,1,1,0,0
Dry,under 18,10.0,1961.9071650240405,53,High,High,90.0,0,0,0,0
Normal,25-34,8.404506071243995,1764.5050948679984,33,Low,Medium,90.0,0,0,0,0
Dry,18-24,8.185962375831508,2469.659945116228,52,Low,High,77.53468825462355,0,1,0,0
Oily,25-34,7.546639115703022,2834.62347118825,33,Moderate,Low,83.93597056447896,1,0,0,0
Oily,25-34,5.673585945459374,1756.389529165889,41,Low,High,71.81214756429992,1,0,0,1
Oily,under 18,7.318570129035234,2440.403426742111,86,Low,High,78.94497103240946,1,0,0,0
Dry,18-24,7.2691442819424,2642.879518255283,54,High,Medium,77.93736586823033,0,1,0,0
Sensitive,18-24,6.007465193550521,1429.7107552557227,43,Moderate,Medium,78.1952333420051,1,0,0,0
Sensitive,55+,7.462192504804757,1961.4098619431518,72,High,Low,90.0,0,0,0,0
Combination,35-44,7.81429558053733,1986.298854566748,10,High,Medium,75.22616329033322,0,0,1,1
Combination,25-34,6.489970314064815,1962.5312141381382,17,Moderate,High,80.62960023888641,1,0,0,0
Dry,55+,7.043273342189777,1847.5093500758348,48,Low,Low,61.890991706895676,0,1,1,0
Normal,18-24,6.695301930514858,1798.203331506545,1,High,High,53.120597671176,1,0,1,1
Sensitive,55+,8.28499767980411,2097.0105022528996,71,Moderate,Medium,70.13199436754209,0,0,1,0
Normal,45-54,10.0,2080.352275639231,77,High,Low,70.73950088304632,0,0,1,0
Normal,55+,6.173713794507007,3335.3376874315327,15,High,High,64.38819858567136,0,0,1,1
Dry,18-24,7.620439566571503,2495.0623934464084,84,Low,High,84.91220622985685,1,0,0,0
Oily,25-34,7.888154474803738,2311.5055146488744,43,Low,Medium,81.73129897417782,1,0,0,0
Sensitive,18-24,7.803481077028711,1448.9577176119674,57,Low,Medium,90.0,0,0,0,0
Sensitive,under 18,7.551293571342118,1337.5693480748805,16,High,High,49.426150083647876,1,1,1,1
Combination,18-24,6.738455745381199,1637.1912717183563,8,Low,Medium,90.0,0,0,0,0
Oily,under 18,7.536205278773086,2167.0631236691174,91,High,High,76.36767872808068,1,0,0,0
Oily,25-34,7.72171883614778,2143.6482863745437,89,High,Medium,82.93254838980278,1,0,0,0
Normal,35-44,6.089761987320402,1869.4982553241603,93,Moderate,High,77.50948315851757,1,0,0,0
Oily,under 18,8.380594241881727,2533.9283386472,43,Moderate,Medium,78.3698617633292,1,0,0,0
Dry,55+,5.279825352060176,1234.5361837436767,7,High,Low,71.5383318506781,0,1,0,1
Normal,25-34,5.909665925192932,2522.6037910161253,70,Moderate,High,83.10947805727591,1,0,0,0
Normal,25-34,8.82232604527455,1537.6440597994142,26,Moderate,Low,90.0,0,0,0,0
Dry,under 18,7.460964030604507,2917.215666570044,33,High,Medium,58.115813865335966,1,0,1,1
Sensitive,18-24,7.6229672158605,2710.7516426165466,82,Low,High,83.92513688269582,1,0,0,0
Oily,55+,8.498089855124647,1544.9006468860446,34,Low,High,58.88784016305214,1,0,1,0
Normal,under 18,6.715027864754383,2017.377239145924,40,Low,Medium,82.08189710958807,1,0,0,0
Combination,under 18,7.15620008203201,2458.1644767192856,71,Moderate,Low,77.95964671357451,1,0,0,0
Combination,35-44,7.613027143413113,531.8995281109424,80,Moderate,High,80.9846066751425,0,1,0,0
Dry,35-44,5.030739590360911,906.3095425119784,32,Low,Low,82.73882586003627,0,0,0,1
Combination,55+,7.263047860983002,2120.2438247338805,34,High,Low,73.90298047700863,0,0,1,0
Combination,18-24,7.424837437916078,1520.535866142692,76,High,Medium,90.0,0,0,0,0
Combination,18-24,8.011216007679984,2358.1312482342646,32,Low,High,80.46450284993833,1,0,0,0
Combination,18-24,5.117276399192264,1266.9808992755638,47,High,Low,44.256732442626024,1,1,1,1
Sensitive,45-54,6.999802470659593,2895.8911368066797,22,Low,High,83.4684058838938,0,0,1,0
Dry,25-34,9.549614113297963,2281.702180224026,100,Moderate,Medium,90.0,0,0,0,0
Combination,18-24,5.905004992629886,2443.4213297442925,99,High,Low,80.1178301124572,1,0,0,0
Normal,35-44,6.3213636027864375,1616.2464816630948,75,High,Low,90.0,0,0,0,0
Normal,35-44,3.7840497525670087,2051.1910991738264,86,Low,Medium,84.49242119375549,0,0,0,1
Combination,45-54,6.055198976293937,2048.215189764252,9,Low,Medium,81.80162855583421,0,0,1,0
Oily,35-44,3.550963455644408,2084.9133362918437,7,Low,High,76.04688777001192,1,0,0,0
Normal,35-44,3.3533182540425583,2543.970126634276,0,High,Medium,83.82165210441829,0,0,0,1
Sensitive,25-34,7.782836851202626,1860.667614287706,70,Moderate,Low,90.0,0,0,0,0
Combination,18-24,7.844079790123119,1510.9628686682238,59,Low,Medium,90.0,0,0,0,0
Oily,25-34,7.108563273422338,2397.387019230168,29,Low,Low,90.0,0,0,0,0
Dry,18-24,3.0,1776.387820161238,43,Moderate,High,67.37440611051107,1,1,0,1
Dry,under 18,6.966033804795439,1901.8531911271168,12,Moderate,Low,65.09923959030306,1,1,0,0
Combination,18-24,9.185652739341108,1438.0494375385579,18,Moderate,High,77.00821292507852,1,1,0,0
Normal,45-54,6.068261134832157,1042.065486845776,3,Low,High,69.38773396924542,1,1,0,0
Sensitive,55+,9.265429976909719,1876.8549286956,43,Low,High,70.44677691787264,1,0,1,0
Dry,25-34,6.34238666794494,1973.758658844643,10,High,Medium,76.12740085766815,0,1,1,0
Combination,55+,7.954353742645486,2173.6817017580624,27,Moderate,High,63.81442857107162,1,0,1,0
Normal,45-54,10.0,2226.9679442018873,27,High,Medium,71.62467437307751,0,0,1,1
Normal,18-24,6.302131856246378,1719.3216312380264,82,Low,Medium,90.0,0,0,0,0
Normal,35-44,6.410861571374786,1249.081537685081,0,High,Medium,80.67363887038069,0,0,1,0
Oily,25-34,7.059796311237379,2391.7340531044583,35,Low,Low,75.2004073217348,1,0,0,0
Normal,18-24,6.079954599065146,1596.3099718579442,1,Moderate,Medium,90.0,0,0,0,0
Sensitive,18-24,9.27391771944135,1286.7584216894174,18,Moderate,High,90.0,0,0,0,0
Combination,45-54,3.8982724352840483,1423.5490281763086,14,Moderate,Low,70.09970850909616,0,1,0,1
Dry,35-44,4.689350924313556,2193.1130320522907,38,Low,Medium,77.69644095941334,0,1,0,0
Sensitive,25-34,6.45894324932564,1890.15647748808,87,Moderate,Medium,90.0,0,0,0,0
Dry,35-44,8.72940126546216,1654.332569418612,62,Moderate,High,67.98695318700176,1,1,0,0
Combination,35-44,8.162634117618461,2755.6613996016013,61,High,Low,90.0,0,0,0,0
Sensitive,45-54,6.316506252979509,2368.5114277781568,65,Moderate,High,83.66505387899436,0,0,1,0
Dry,18-24,6.63727313120653,2462.0490644203946,28,Low,Medium,67.20282239565276,1,1,0,0
Dry,under 18,4.6427662186355905,1177.2438774373268,57,Low,Low,69.27084897327268,1,1,0,1
Normal,25-34,6.413098427638689,1555.5375954701146,79,Low,High,81.91804813334774,1,0,0,0
Sensitive,25-34,6.224936335855172,1890.23670877643,54,Low,Medium,90.0,0,0,0,0
Oily,18-24,8.080020297754377,1796.1697107170326,69,Moderate,High,75.25316188551123,1,0,0,0
Dry,35-44,5.76420803406537,1824.2433116205507,3,Moderate,High,67.00902180939914,1,1,0,0
Sensitive,under 18,5.846282080290074,1532.997248968643,39,Low,Low,81.19637292753636,1,0,0,0
Combination,45-54,4.580474779634546,2034.7390581105394,21,High,Low,90.0,0,0,0,0
Sensitive,45-54,6.14694144010442,2483.139369617336,76,Low,High,77.0314440961916,1,0,0,0
Normal,under 18,4.828905861911589,1728.9582224760607,24,Low,High,72.99572761901301,1,0,0,1
Oily,under 18,9.719360830988123,1530.1952414510752,23,Low,Low,84.7548347092108,1,0,0,0
Dry,18-24,6.645200121855814,1392.0780085873157,67,High,Medium,63.46786063701494,1,1,0,0
Dry,45-54,4.977358730828529,2773.655491543839,80,Low,Low,83.52832360588002,0,1,0,0
Combination,55+,7.256559238955721,2066.8394191188117,70,Low,Low,76.88585676804699,0,0,1,0
Combination,under 18,4.455525647325667,2179.3706940541515,13,High,Low,57.64882188514627,1,0,1,1
Dry,45-54,8.736132918990739,2574.738530414265,84,Moderate,High,61.18941082133401,0,1,1,0
Dry,18-24,8.002499844409241,1435.257211202298,50,Low,High,82.06950461996023,1,0,0,0
Sensitive,35-44,7.469685125789487,2333.792480238304,42,Low,Medium,90.0,0,0,0,0
Combination,55+,4.308334622366647,1439.3602042591076,33,High,Medium,73.19214830476304,0,1,0,1
Sensitive,45-54,8.332235982615163,2438.022888335964,8,Moderate,High,59.41402465804448,1,0,1,0
Normal,55+,4.677125449567912,2397.5107296345864,15,High,High,78.19207988069697,1,0,0,1
Dry,under 18,7.142955098730427,2390.5044773035756,97,Low,High,82.81549009792417,0,1,0,0
Oily,25-34,6.048218014849088,2322.591748240451,10,High,High,70.26195427139422,1,0,0,1
Sensitive,18-24,8.265743161728437,1824.3325322721441,24,Low,High,84.98699933300307,1,0,0,0
Sensitive,25-34,7.026628819259929,1675.7391852476733,73,Moderate,Low,90.0,0,0,0,0
Combination,25-34,9.47745842302882,1939.8640303371171,30,Low,Medium,90.0,0,0,0,0
Oily,45-54,5.616963512234227,1642.087043062625,21,High,High,65.47030992941801,1,0,0,1
Combination,under 18,7.19015590171317,2376.665585889106,100,Moderate,Low,79.08097295365458,1,0,0,0
Sensitive,18-24,4.9962597322742175,2923.8300014712245,34,Low,High,71.75975927690666,1,0,0,1
Sensitive,18-24,7.4630129410834245,2233.2279864847064,16,Low,High,90.0,0,0,0,0
Sensitive,under 18,6.854215684264846,2009.6294836755628,94,Moderate,Medium,82.05749414291546,1,0,0,0
Oily,18-24,6.777575293108896,2508.89798451798,60,Moderate,Low,90.0,0,0,0,0
Combination,45-54,6.988107118819944,2383.525109246355,34,Low,High,68.3878241668181,1,0,1,0
Normal,25-34,6.349228714971142,2097.820264156158,10,Moderate,Low,90.0,0,0,0,0
Combination,35-44,5.794119483640868,2608.2641162747686,66,Low,Low,81.0631363177171,0,0,0,1
Combination,55+,5.749379138921326,1837.510277869337,55,Moderate,High,72.65349572262926,0,0,1,0
Normal,under 18,6.527559381317882,1823.0243061631159,12,Low,Low,78.51116872571403,1,0,0,0
Combination,45-54,8.083743654164405,1841.671117631678,98,High,Medium,72.41413137706624,0,0,1,0
Normal,25-34,9.09088679581161,1590.762456934916,67,Low,Low,90.0,0,0,0,0
Oily,under 18,7.254066204914061,1612.1070053437002,36,Moderate,Low,90.0,0,0,0,0
Combination,18-24,7.6314591737972,1992.025136511615,43,High,High,74.68509090624221,1,0,1,0
Combination,under 18,6.767406932952282,2594.237483251762,68,Low,Low,81.63403329038628,1,0,0,0
Dry,under 18,6.018487193417345,2293.257578809,51,Moderate,Medium,83.5714034398653,1,0,0,0
Normal,45-54,5.846560130987811,2056.342600080187,23,Moderate,High,58.4726973209672,1,0,1,1
Oily,45-54,5.206637007664832,1668.7414268466298,9,High,Low,59.41123293706549,1,0,1,1
Oily,under 18,6.876785431640703,2907.324583661539,82,High,High,90.0,0,0,0,0
Dry,under 18,7.151205805689661,2827.3341579333533,80,High,Low,75.58407045197744,0,1,0,0
Dry,under 18,7.330484937536377,1806.4578777625304,90,Low,High,81.8895437099733,0,1,0,0
Oily,55+,9.30903478390104,2218.5088110367096,38,High,Low,72.70036724313519,0,0,1,1
Normal,25-34,6.03591760917593,2235.2857297001487,18,Moderate,High,81.9967790261178,1,0,0,0
Oily,under 18,6.5611078751385845,1005.482901914352,11,High,Medium,64.41385541896344,1,1,1,0
Combination,under 18,8.403959738898426,2547.467027820964,85,Low,Low,82.8552311639243,1,0,0,0
Sensitive,35-44,9.756913044988412,2211.0718460976314,49,Low,Medium,90.0,0,0,0,0
Oily,35-44,6.626914863876201,2417.494713689293,89,Low,Medium,80.98062868741462,1,0,0,0
Combination,35-44,8.27473054797836,2819.1405915682108,39,High,High,70.73705276430792,1,0,1,1
Normal,25-34,6.933058565400337,1917.2105137162027,98,High,Low,90.0,0,0,0,0
Normal,under 18,5.926683370362209,2268.7310433626008,68,Moderate,High,77.3310740534428,1,0,0,1
Combination,under 18,4.677607497653748,2388.0436864312824,41,Moderate,Medium,82.50767965778574,0,0,0,1
Sensitive,18-24,7.881752682798684,2292.535101229186,10,Low,High,83.03970041497604,1,0,0,0
Sensitive,18-24,7.207337854752761,2766.4891237655424,3,High,High,83.63747259288232,0,0,0,1
Combination,under 18,8.307990198140295,1696.46140431215,61,High,High,90.0,0,0,0,0
Dry,under 18,6.11623142545353,1560.1630932926817,79,Low,Low,63.125884113781595,1,1,0,0
Normal,35-44,7.826924999163381,1499.9305393800216,31,Moderate,Low,90.0,0,0,0,0
Normal,25-34,8.625088215375028,2661.4866541727715,100,High,High,90.0,0,0,0,0
Combination,45-54,5.681475596574323,1907.2257327035732,32,High,High,68.87698838314893,1,0,1,0
Combination,55+,7.024931472043621,2441.9915802348337,58,Low,Low,80.23555252087024,0,0,1,0
Combination,35-44,9.414015063414816,1157.2538035657112,88,Moderate,Low,81.8447268459915,0,1,0,0
Sensitive,35-44,6.522728923709976,1866.9916522198264,58,Low,Medium,90.0,0,0,0,0
Sensitive,under 18,4.898995217670178,1757.4449903479692,10,Low,Low,84.47716725907068,0,0,0,1
Oily,55+,7.641653416525917,1860.6605485802215,43,High,High,71.7409325762836,1,0,1,0
Normal,18-24,4.68306824708888,3437.041349004957,52,Low,Medium,81.60927160551788,1,0,0,0
Sensitive,under 18,7.399266797806271,2055.8470650533377,44,Low,High,76.53296731503946,1,0,0,0
Dry,18-24,5.35311045539943,2130.3530809856375,44,High,High,67.63475856735751,1,0,1,1
Normal,55+,6.753679323937758,1055.7382936422969,24,Low,Medium,82.5842301630228,0,0,1,0
Normal,55+,5.394616839978376,2397.4630088369727,63,High,Medium,72.60721547143032,0,0,1,0
Oily,under 18,9.916026475000663,2183.582702521522,91,Low,Low,79.55866943558767,1,0,0,0
Dry,under 18,8.654624917440051,1922.122345708395,72,Low,Medium,90.0,0,0,0,0
Sensitive,25-34,6.870180758979096,2545.4895138097327,70,Moderate,High,78.43675303703193,1,0,0,0
Oily,under 18,9.494165933769203,2650.548346732811,38,Low,Medium,77.64217957851255,1,0,0,0
Dry,25-34,5.400455386922772,1966.5205548423771,57,High,Medium,80.99566114702132,0,0,0,1
Oily,45-54,7.416287026714443,1870.1610182462355,41,High,Low,73.96822199949659,0,0,1,0
Normal,under 18,7.581786315123393,2410.2884058344735,34,Moderate,Low,76.41256793826818,1,0,0,0
Normal,45-54,8.504214627932711,2842.9350761107617,14,High,Low,78.70037001957465,0,0,1,0
Normal,18-24,6.505838342912748,1317.983417580343,48,Low,Medium,75.51193852613414,1,0,0,0
Dry,35-44,7.537351891021679,2941.905515592401,56,High,Medium,80.44583649060306,0,1,0,0
Sensitive,25-34,6.284536210068911,2343.4234885318597,23,High,Medium,65.11685664262879,0,0,1,1
Dry,55+,8.043618688708964,2095.7210236723045,49,High,Low,68.06767222281366,0,1,1,0
Normal,45-54,7.010387081565572,1538.2853971393038,93,Low,High,84.03710799737593,1,0,0,0
Combination,18-24,3.5775068913691337,1444.0746466679857,56,Moderate,Low,62.14465457706753,1,1,0,1
Sensitive,18-24,6.414543776332451,2548.7113437113535,33,Moderate,High,90.0,0,0,0,0
Normal,45-54,6.845307906472937,1740.4871405409258,84,Moderate,Medium,76.12418349285117,0,0,1,0
Combination,under 18,5.663521837069855,2328.40291425474,12,Low,High,82.37220851848643,0,0,0,1
Oily,35-44,9.037535749645908,2531.7178609337298,35,High,Low,90.0,0,0,0,0
Combination,45-54,7.909224549637703,1262.19362680853,84,High,Medium,73.79280557769071,0,0,1,0
Normal,55+,6.472488635734343,2973.6521144448375,97,Low,Medium,90.0,0,0,0,0
Sensitive,18-24,8.682925737872838,1231.2483908826375,39,Moderate,High,64.31656266480196,1,1,0,0
Dry,18-24,6.9166142152010925,2181.5492163305194,52,High,Low,82.72765291984365,1,0,0,0
Normal,under 18,5.85676230546067,845.3979892955756,30,Moderate,Medium,64.24703064703361,1,1,0,1
Dry,under 18,7.148236067524648,1606.1208711897802,95,Low,High,66.23093562550586,1,1,0,0
Sensitive,35-44,5.824237391372973,1822.659820034621,91,High,Low,90.0,0,0,0,0
Sensitive,45-54,6.799486128017782,1995.4586029521568,0,High,High,66.57520899676955,0,0,1,1
Normal,25-34,5.674015151616998,1889.8952351829612,50,Moderate,Medium,90.0,0,0,0,0
Oily,45-54,4.363864944395868,2155.519532684039,73,Moderate,Low,83.24451489731788,0,0,0,1
Dry,25-34,3.0,1855.2549597831903,61,High,Medium,90.0,0,0,0,0
Normal,under 18,8.37877923051543,1470.3296563625868,18,High,Low,48.50415667275517,1,1,1,1
Combination,25-34,8.0746453054861,2577.8663560604464,9,Moderate,Medium,90.0,0,0,0,0
Sensitive,55+,3.0,1924.318548212129,30,Low,Medium,64.39130456656588,0,0,1,1
Dry,under 18,3.0,1940.895777214527,20,Low,Medium,63.59452575063725,1,1,0,1
Dry,35-44,6.98924318352801,758.7280070445809,3,Low,High,81.07581580412321,0,1,0,0
Oily,55+,9.887257543119798,2143.0079038173126,58,Low,Low,73.64606533707847,1,0,1,0
Normal,18-24,5.726464851876947,2732.689713749259,99,Low,Low,69.2600182344252,1,0,0,1
Sensitive,35-44,4.306580169036525,1385.4144832408415,78,Moderate,Medium,79.54709162375433,0,1,0,0
Dry,25-34,3.550816714495152,2900.522598269667,14,Moderate,High,65.36716838652563,0,1,0,1
Oily,35-44,7.498519557208005,2329.700894924247,56,Moderate,Medium,75.64682623104935,1,0,0,0
Sensitive,25-34,7.4515018508777136,2286.883880572292,67,Moderate,High,79.5085548332545,1,0,0,0
Sensitive,25-34,7.117116570843984,2135.4606713537205,46,Low,High,82.22962050605224,1,0,0,0
Sensitive,45-54,7.161405154334426,1695.704097215361,30,Moderate,Medium,83.08840384548967,0,0,1,0
Normal,55+,6.930062852177996,2136.7972866308387,71,Moderate,Low,82.83415106867369,0,0,1,0
Normal,35-44,7.165823679328196,1261.1139461233415,26,Moderate,Low,90.0,0,0,0,0
Sensitive,35-44,4.982519997087386,2541.4207169581955,67,Moderate,Low,90.0,0,0,0,0
Oily,25-34,6.539508931174897,2292.36267351797,36,High,Medium,69.47298359372395,1,0,1,0
Sensitive,55+,5.361820135416405,1263.4270616767349,92,Low,Low,68.41968780339472,0,0,1,1
Dry,35-44,5.734605081202431,1888.7174646142935,62,High,Medium,68.7235642368274,0,1,0,1
Normal,55+,6.002289551073382,2646.966761552857,48,Moderate,High,62.89819465993565,1,0,1,0
Combination,55+,7.269284952306192,2924.4693092809293,89,Low,High,72.31550447077862,1,0,1,0
Dry,18-24,7.606612231107126,793.7245910400945,8,Moderate,Low,84.07356615876621,0,1,0,0
Sensitive,25-34,8.584062409687832,1245.2241887650225,98,Low,Medium,90.0,0,0,0,0
Dry,under 18,7.345800500817009,1612.6579711680774,37,Low,High,77.87707198252775,1,0,0,0
Normal,45-54,10.0,2719.7989637150677,82,Moderate,High,74.02174114098746,0,0,1,0
Normal,35-44,5.887269037447362,1936.3211659394442,40,Low,High,80.96114430378879,0,0,0,1
Oily,35-44,7.366897104473826,2431.707035780805,1,High,Medium,63.81533022405296,1,0,1,1
Combination,55+,7.043727868487519,1487.5525503095664,21,Low,Medium,66.8327002921007,0,1,1,0
Combination,25-34,5.92366204119992,1997.7591018116043,19,High,High,55.73005173308043,1,0,1,1
Dry,25-34,8.851685468147036,2213.918930268022,14,Moderate,High,90.0,0,0,0,0
Dry,18-24,5.839877610077476,2324.186388854895,59,High,Low,79.99513499064804,0,1,0,0
Oily,55+,6.41952274168276,2445.2040025934207,35,High,High,70.36811792847801,0,0,1,0
Combination,25-34,10.0,1820.5868145282252,46,Moderate,High,82.09886992822226,1,0,0,0
Dry,18-24,8.202407739589557,1627.3033339811352,71,Low,Low,84.3170827486936,1,0,0,0
Oily,45-54,6.831604349213054,2014.7811434360506,81,Low,Medium,62.52710446695265,1,0,1,0
Dry,25-34,6.709474509933429,3231.5068443875116,75,High,High,90.0,0,0,0,0
Normal,45-54,6.540110387982426,2293.4257693924337,96,Moderate,Low,90.0,0,0,0,0
Sensitive,25-34,4.104869696014852,2215.998281684805,65,Moderate,Medium,82.62906968194883,0,0,0,1
Dry,35-44,8.71308188852837,1736.2013287104746,6,High,Low,65.52173713615448,0,0,1,1
Normal,45-54,3.2346667884393807,1980.6741155863374,92,Low,High,65.46336723086434,0,0,1,1
Dry,under 18,7.025775775578292,2362.0375253721522,53,Low,Medium,81.68401565387573,0,1,0,0
Normal,45-54,10.0,1809.9731746998466,75,High,Medium,90.0,0,0,0,0
Combination,25-34,5.71556781450958,1416.5410993142784,97,Moderate,Medium,75.30133580844733,0,1,0,0
Normal,55+,7.297117925547399,2239.677129409251,35,Low,High,79.20780912437677,1,0,0,0
Combination,45-54,6.181516908456123,2389.341372862895,31,High,High,79.11108713480287,1,0,0,0
Dry,under 18,7.698076115228764,2021.615844822445,23,Low,Medium,65.0446878006728,1,1,0,0
Oily,18-24,5.646377918883812,1759.0678422576384,49,High,Medium,83.37738707120566,0,0,1,0
Combination,18-24,3.355367053476183,2117.8935320990167,29,Moderate,Low,80.46978583738124,0,0,0,1
Sensitive,35-44,7.039511933121153,2094.239495544743,47,Low,High,90.0,0,0,0,0
Oily,18-24,7.75647852334684,2192.9107432161113,22,Low,High,80.24189701364038,1,0,0,0
Combination,35-44,6.834425229030947,2024.3340215813762,65,High,Medium,90.0,0,0,0,0
Dry,18-24,4.893525374955746,1708.139677155287,54,Moderate,Medium,76.51609433364607,1,0,0,1
Oily,18-24,7.075706580525192,1632.0732120438197,17,Low,Low,78.35989223360723,1,0,0,0
Combination,25-34,8.29022619380882,1670.6839595224847,31,Moderate,High,76.10591236642715,1,0,0,0
Dry,under 18,7.324458116872474,2058.282828407668,95,Moderate,High,69.40528841161773,1,1,0,0
Combination,25-34,8.119416390415614,2450.395587014151,77,High,Medium,90.0,0,0,0,0
Normal,18-24,8.04104891645191,946.9968993084333,17,Moderate,Low,90.0,0,0,0,0
Oily,18-24,8.791222222019691,2763.654112097299,45,Moderate,High,79.80301058326296,1,0,0,0
Normal,18-24,6.276813573517796,2118.323456336425,88,Low,Low,83.80512511229256,1,0,0,0
Oily,18-24,5.6637524798038275,1025.8107466339243,99,Moderate,Medium,66.81192216512683,0,1,0,1
Dry,25-34,5.89192710168642,1729.930480268195,32,High,Medium,56.584478363035615,0,1,1,1
Dry,under 18,6.467723902972277,1520.542954997006,47,High,Medium,69.70399562759788,1,0,1,0
Dry,35-44,5.8998622497741415,1994.4968391857963,37,Moderate,High,70.87545867266138,1,0,0,1
Normal,25-34,5.844659525334787,2271.762166275014,47,High,Low,67.81535684205376,0,0,1,1
Combination,45-54,8.02249097709616,3190.193873082245,86,Moderate,High,83.64758742019436,1,0,0,0
Dry,55+,8.688519898185193,2121.5515291642073,60,Moderate,Low,80.09124237046802,0,1,0,0
Dry,35-44,6.069603554998482,2146.8736758369996,39,Low,Low,83.27006494735691,0,1,0,0
Normal,35-44,7.489893939874534,1743.3434554971695,20,High,High,60.90786565024459,0,0,1,1
Combination,45-54,8.175597095129316,1300.9509926590622,63,Low,Medium,62.44924725466531,0,1,1,0
Oily,45-54,6.633400246693734,2277.929229658703,51,High,High,67.12536144221998,1,0,1,0
Combination,35-44,6.568623778611855,1896.6227982853643,18,Low,High,84.73380132226927,1,0,0,0
Oily,under 18,6.793321208211579,1582.1993796561273,15,High,Medium,90.0,0,0,0,0
Normal,18-24,8.760851397361312,1490.9811640385924,22,Low,Low,83.68743034081162,1,0,0,0
Normal,45-54,7.477238991114827,2206.823949141187,30,High,High,69.98951398491332,1,0,0,1
Sensitive,35-44,5.57706714818655,2036.5521271903717,9,Moderate,Low,84.92245745418637,0,0,0,1
Oily,25-34,5.6355517408829465,2695.5212375279725,60,High,Low,83.23777158197285,0,0,0,1
Normal,45-54,5.2918255945356805,1673.0514528840179,92,Low,Low,82.12819126609024,0,0,1,0
Sensitive,35-44,5.163662487466629,1321.150636566224,41,Low,High,62.146595559194665,1,1,0,1
Dry,35-44,9.38682293632344,2271.387336956281,25,Low,Medium,90.0,0,0,0,0
Combination,under 18,7.210440138550816,1671.7115183265391,19,High,Medium,62.0883705136429,1,0,1,0
Sensitive,under 18,8.361417716570152,1587.8887803162734,88,High,High,76.55686654838803,1,0,0,0
Combination,under 18,8.190458941495155,1563.7443616971818,84,Moderate,High,77.22073802601051,1,0,0,0
Combination,35-44,6.033238447186492,2379.1411930589607,38,Moderate,High,80.33190932895619,1,0,0,0
Combination,35-44,8.29574101623365,2298.7364669483804,78,Low,Medium,90.0,0,0,0,0
Dry,55+,5.425488826364807,1776.6365671385856,64,Moderate,Low,66.92029683842256,0,0,1,1
Sensitive,25-34,7.23534811179777,1575.3595190449541,24,Moderate,High,90.0,0,0,0,0
Oily,under 18,9.056444140193939,799.026528024727,97,Moderate,Low,76.74438033136752,1,1,0,0
Normal,55+,5.831890726946271,1745.2167485650841,28,Low,Medium,73.4409036967642,0,0,1,0
Dry,18-24,3.0,1301.8854348819045,92,Low,Medium,76.81959327110269,1,0,0,1
Sensitive,45-54,7.937934268813103,2015.141818276482,53,Moderate,Low,90.0,0,0,0,0
Oily,under 18,9.359704033064354,2772.6132229424093,2,Moderate,High,90.0,0,0,0,0
Oily,45-54,7.64956956790592,2156.6191245003556,48,Low,High,65.65698691224603,1,0,1,0
Dry,25-34,7.09889666286835,672.4589910602549,65,High,High,90.0,0,0,0,0
Sensitive,45-54,4.908160730010887,2050.337751549467,82,High,Medium,71.56943098918057,0,0,1,0
Combination,55+,7.924038563121507,2144.8349060690703,44,High,Medium,84.28237904066242,0,0,1,0
Oily,45-54,5.661302548426514,2468.703141234748,61,Moderate,Medium,74.84248481072653,1,0,0,1
Dry,55+,9.223666043131955,2468.99480014567,92,High,Low,67.02540271166507,0,1,1,0
Combination,25-34,8.484398994385707,1720.3871010223945,49,High,High,83.94597413632088,1,0,0,0
Normal,under 18,8.6139011840512,2072.8793196638285,31,High,Medium,63.41964793889731,1,0,1,1
Dry,18-24,7.767333292783007,2182.7159214123544,51,High,Medium,80.46429544345034,1,0,0,0
Sensitive,18-24,6.817769341839384,1569.998762438849,29,Moderate,High,90.0,0,0,0,0
Oily,35-44,6.876795004668931,2493.3808087414113,46,Low,Medium,90.0,0,0,0,0
Combination,55+,6.337786292030636,2446.673631304073,72,Moderate,Low,90.0,0,0,0,0
Normal,18-24,8.105606005926507,1850.5313014900848,10,High,Low,68.87653380298292,1,0,0,1
Sensitive,55+,9.083200155429365,1822.226664404647,76,High,High,75.48719822555647,1,0,1,0
Normal,35-44,9.264320293918948,2217.063490770486,78,Moderate,Low,90.0,0,0,0,0
Normal,25-34,6.97620112231973,1556.099309831173,49,Moderate,Low,90.0,0,0,0,0
Oily,55+,6.867609654797438,1898.1202432527898,71,Low,High,56.55951944677717,1,0,1,0
Combination,45-54,5.112555422123641,1891.1922886411664,55,Moderate,Low,72.8666395801173,0,0,1,0
Sensitive,25-34,5.794295229854372,2292.995884489391,28,Low,High,83.87115851359306,1,0,0,0
Dry,45-54,8.959420713592305,1386.5421618523796,80,High,Medium,77.25438289307752,0,1,1,0
Sensitive,25-34,9.568461592550385,1935.7244828074352,82,Moderate,High,82.49660738547313,1,0,0,0
Combination,55+,5.537467922592229,2378.877390104092,35,High,Medium,74.98744666381799,0,0,1,0
Oily,35-44,6.330318282617428,1959.131661984253,98,High,High,81.61668659942167,1,0,0,0
Combination,45-54,6.3935826336818815,1591.63103406755,99,Low,Low,90.0,0,0,0,0
Combination,45-54,8.085995548602856,1856.8492985529065,7,High,High,56.56335128016635,1,0,1,1
Combination,45-54,4.845022311731132,2275.5300621079664,12,High,Low,79.78018524019276,0,0,1,0
Normal,45-54,5.191626473464368,1423.3699136623707,30,Low,High,36.186344398996596,1,1,1,1
Dry,25-34,8.788909307465975,1401.830050394894,6,Moderate,High,78.736903160066,1,0,0,0
Normal,under 18,3.5253327146087643,2311.430742480748,71,Low,Medium,76.88014490668932,1,0,0,1
Oily,under 18,6.544204855778305,1891.1724394309417,0,Low,Medium,90.0,0,0,0,0
Oily,35-44,6.5282494099747,2115.8349695093634,28,Moderate,Low,81.80653896518024,1,0,0,0
Combination,under 18,5.870921137145398,2738.0574372828823,60,High,High,90.0,0,0,0,0
Normal,under 18,4.785654279535903,2222.4374583385616,2,Low,Low,76.23524443610282,1,0,0,0
Dry,under 18,7.963181505814876,1620.174119583311,87,High,Low,77.05281093121933,1,1,0,0
Oily,under 18,5.464398332083272,2508.587107085078,11,High,Low,62.86498404237777,1,0,1,1
Oily,45-54,5.513708868974928,1696.6680296247166,19,Moderate,Medium,64.16501711936597,1,0,1,1
Sensitive,under 18,8.330963443689619,2017.370616769512,66,High,High,81.89749416513153,1,0,0,0
Normal,45-54,4.304284498556343,2873.529572276757,12,Moderate,High,67.8364342456529,1,0,0,1
Normal,35-44,6.204983861830051,1798.6213550467915,39,Moderate,Low,90.0,0,0,0,0
Normal,under 18,7.383676378489548,2312.538398502036,37,High,Medium,57.58887763608218,1,0,1,1
Normal,18-24,9.941656436937201,1169.965925297152,28,High,Low,45.80911241998454,1,1,1,1
Oily,18-24,8.238928313388918,2371.5048470250385,48,Moderate,Medium,79.19728859378549,1,0,0,0
Sensitive,55+,6.794252633688825,2393.636847408111,73,High,Low,70.32872858000178,0,0,1,0
Sensitive,55+,8.40141102645482,1309.0186075064978,3,High,High,46.67035063290889,1,1,1,1
Combination,45-54,9.624649758821246,1220.6188734309292,57,Moderate,High,53.71294875887342,1,1,1,0
Normal,under 18,5.29702557814184,1869.1061631879518,5,Moderate,Medium,82.37760956834602,0,0,0,1
Dry,55+,9.887410769780585,1845.8716851233069,93,Low,Medium,76.51102011217137,0,0,1,0
Combination,35-44,6.952099164923784,2716.0393019522817,98,Moderate,High,90.0,0,0,0,0
Dry,35-44,6.549522786151791,1410.7816435346622,63,High,High,81.62168790036459,1,0,0,0
Dry,55+,6.374147747142528,2685.3959169028885,69,Moderate,Medium,74.57877449862697,0,1,1,0
Oily,35-44,7.106297495582704,2965.3291295281297,26,Low,Low,90.0,0,0,0,0
Oily,55+,8.106902389393232,1677.5955318032584,42,High,Medium,66.54335908924158,1,0,1,0
Oily,18-24,7.076614456697618,1573.3909409290602,91,High,Low,76.83177178006495,1,0,0,0
Combination,35-44,5.997350454026845,4000.0,50,High,Low,90.0,0,0,0,0
Normal,45-54,8.527936765050717,2430.5489945033364,27,Moderate,High,76.26832853343922,0,0,1,0
Oily,55+,6.065229527037904,2784.7920331405394,86,High,High,90.0,0,0,0,0
Oily,25-34,8.649123402689405,2940.810644678885,94,Moderate,Low,82.06397878940008,1,0,0,0
Oily,45-54,9.749671222597673,1260.4553559512392,62,Moderate,Medium,65.14809414615824,0,1,1,0
Oily,under 18,5.335240766095139,1498.1060922681818,90,Moderate,Low,75.63999120468081,0,1,0,1
Dry,35-44,5.584089035001345,2161.7261821301954,47,High,Low,66.9041874306449,0,1,1,1
Sensitive,35-44,6.149794821856274,3036.2992703812592,22,Moderate,Low,90.0,0,0,0,0
Normal,45-54,9.857019823122457,1996.76920296048,48,Low,High,75.73305477966473,1,0,1,0
Oily,25-34,9.932989324224685,2744.067313620101,50,Moderate,Medium,90.0,0,0,0,0
Normal,under 18,6.323940161234112,995.3923279872192,65,Moderate,Low,72.76930266038454,1,1,0,0
Normal,45-54,6.673047422558906,1677.6889344607634,20,High,Low,75.78114288745493,0,0,1,1
Oily,18-24,7.309758437718745,2044.6141434373747,22,Low,Low,90.0,0,0,0,0
Normal,45-54,7.094526488348843,2261.8423706895824,82,Moderate,Low,82.13797391367999,0,0,1,0
Combination,35-44,5.181217079374482,2205.680138784854,13,High,Low,73.1571655285053,0,0,1,1
Combination,under 18,6.340575770474491,2099.9910999318436,35,Moderate,Medium,81.72337896481969,1,0,0,0
Dry,18-24,8.436114767848284,1387.8001133894852,26,Moderate,Medium,72.83275726886015,1,1,0,0
Normal,under 18,6.578059520995646,1940.7328829855678,44,High,Medium,84.76493576986682,1,0,0,0
Dry,18-24,6.228596542644039,2449.9147480664788,65,Moderate,High,81.00383376085952,1,0,0,0
Sensitive,25-34,5.919417461799293,1722.2998002788306,33,Low,Medium,90.0,0,0,0,0
Combination,55+,5.935121300571903,2546.0277057194007,0,Low,High,70.0003966997646,0,0,1,1
Sensitive,45-54,6.261333831381675,2230.022695441778,54,High,High,79.92725390009102,1,0,0,0
Dry,25-34,9.963557651845111,1962.5907898247074,8,Moderate,Medium,90.0,0,0,0,0
Combination,45-54,8.668091020049737,2835.677042046564,55,Moderate,High,81.75891034162417,0,0,1,0
Oily,45-54,8.540787340060621,1991.5993420111297,2,High,Medium,67.26026679325975,0,0,1,1
Sensitive,18-24,7.963161638497921,1356.3107034323273,76,Low,High,72.64691401187571,1,1,0,0
Dry,18-24,5.829935262775072,1697.6624091840404,58,Low,Low,72.0252016569175,0,1,0,1
Combination,18-24,10.0,1593.7077428723665,66,Moderate,Medium,77.6711556605986,1,0,0,0
Normal,under 18,5.758784873107255,1478.0395098755082,73,Low,High,80.03090022566944,0,0,0,1
Dry,18-24,7.839717642896141,2071.310696334441,72,High,High,65.40468099453236,1,1,0,0
Dry,25-34,8.630138465539847,2335.629833038677,74,Low,Low,80.7150405376176,0,1,0,0
Sensitive,55+,4.929415229913899,1596.3611149948147,100,Low,Low,63.51630139997235,0,0,1,1
Normal,55+,9.047993122413732,1898.3508777115976,13,Low,High,57.64184737110031,1,0,1,0
Sensitive,18-24,8.781387727027019,1925.1595260423414,30,High,Low,61.54682981382447,1,0,1,0
Oily,35-44,5.548515357567218,1848.369611166647,63,High,Low,73.13475151801842,1,0,0,1
Oily,35-44,5.547925306675456,1717.223618798788,79,Low,Low,73.12391776089416,1,0,0,1
Dry,55+,7.301388559847869,2255.80254518451,41,High,Low,81.90612453047356,0,0,1,0
Combination,18-24,4.614713015118553,1991.3159962454508,45,Moderate,Low,73.87946592886516,1,0,0,1
Combination,25-34,6.120076396660371,1675.7925955205937,89,High,Low,90.0,0,0,0,0
Combination,55+,7.199026928699615,1724.774063655394,88,Low,High,78.30538313853062,0,0,1,0
Sensitive,under 18,9.073206992270011,2594.03093812553,96,Moderate,High,90.0,0,0,0,0
Normal,45-54,8.77274244091306,1752.5449022548491,22,Low,High,74.68201968784793,1,0,1,0
Oily,35-44,5.556251747621016,2041.0149646940577,24,Moderate,Low,75.69454204043606,1,0,0,1
Combination,55+,6.7744774505706,1695.5884187883175,89,High,High,76.21850898633237,1,0,0,0
Dry,18-24,5.236398329999558,1979.2410153659641,17,Low,Medium,71.84484358188791,0,1,0,1
Sensitive,45-54,6.39389582462129,2344.17351851901,95,Low,Low,83.43958363380933,0,0,1,0
Combination,18-24,7.997659077282219,2550.3999027113587,66,Moderate,High,90.0,0,0,0,0
Combination,45-54,5.111056672179943,2200.5291538468164,0,Moderate,Medium,67.99014544167872,0,0,1,1
Combination,25-34,5.9088014406494915,1389.7928945944577,9,Low,Medium,75.07097676296326,0,1,0,1
Combination,18-24,6.357096644576935,2534.3524900673087,96,Moderate,Low,90.0,0,0,0,0
Dry,55+,6.441522469644274,2782.727329979556,16,Moderate,Medium,69.20605814994076,0,1,1,0
Combination,under 18,7.8233177732805,1802.9547605097116,73,High,Medium,84.94839662659969,1,0,0,0
Normal,55+,8.740072643359612,2222.6983860571427,89,High,Medium,71.16862206059272,0,0,1,0
Combination,35-44,5.601160917329942,2929.4013177902575,17,High,High,66.25763879248454,1,0,1,1
Oily,under 18,7.389218234629714,2009.398095992746,90,Moderate,Low,90.0,0,0,0,0
Combination,18-24,5.716700995141576,2589.769133803869,84,Moderate,Medium,74.66980017158059,1,0,0,1
Sensitive,18-24,7.7759131410419595,2314.61909014762,36,High,Medium,83.70684344845633,1,0,0,0
Normal,55+,6.238702984711347,2417.0502859550343,86,Low,Low,78.6253366005184,0,0,1,0
Dry,55+,8.367720390356203,1665.6108806094387,6,High,Low,72.25327599755602,0,1,1,0
Normal,45-54,4.874514790478513,2290.686529669462,23,Low,Low,83.05937323461276,0,0,1,0
Oily,under 18,4.63997957559139,2076.00788891889,82,High,High,90.0,0,0,0,0
Combination,55+,6.329132342819039,2609.3326053944606,33,Moderate,High,90.0,0,0,0,0
Dry,35-44,6.410734163849189,2553.636486001902,99,High,Low,75.40678757576617,0,1,0,0
Oily,18-24,6.228685833455461,2499.9955025298054,40,Low,Low,90.0,0,0,0,0
Dry,18-24,10.0,1465.9764308168797,61,High,High,74.00194857894513,1,1,0,0
Normal,45-54,7.438053582596362,3374.3912079550328,67,Low,Medium,74.63048083976064,0,0,1,0
Combination,18-24,7.099883240354383,2030.8941351148242,21,Moderate,Low,90.0,0,0,0,0
Dry,25-34,8.18274842102653,2020.5404320473772,6,High,Low,67.46315219438598,0,1,1,1
Sensitive,under 18,4.439161008144171,2566.143687419469,100,Moderate,Low,79.57906273545602,1,0,0,0
Sensitive,under 18,3.995577379202211,1791.604174430829,64,High,High,71.53116564011832,1,0,0,1
Oily,45-54,8.811138623734973,1821.7287856786072,41,Low,Medium,90.0,0,0,0,0
Normal,35-44,5.959455261303393,2439.6319525832805,49,Low,Low,82.08309823188219,0,0,0,1
Sensitive,55+,5.72332781974842,1388.8871402040231,37,High,Medium,68.06056556215731,0,1,1,1
Sensitive,25-34,7.4117709812399255,1908.5383507937045,64,High,Medium,90.0,0,0,0,0
Dry,35-44,5.134490328716737,2318.476269997435,16,High,Medium,60.65993399757568,0,1,1,0
Normal,45-54,7.696731408365851,1820.122491697184,54,High,Medium,81.94358323487566,0,0,1,0
Dry,55+,6.56300199081258,2235.1963710045784,17,High,High,68.30313321863615,1,1,0,0
Dry,55+,8.7855421296281,1858.6033949453376,72,High,Medium,57.30831556964071,0,1,1,0
Sensitive,under 18,7.982032739512217,2282.6001085422995,100,High,Medium,76.30461680479172,1,0,0,0
Sensitive,under 18,8.318960939063464,2019.6545993717327,5,Moderate,Low,84.16538538473009,1,0,0,0
Oily,18-24,5.631511728900463,1768.7504234000153,46,Low,Low,82.77227178940655,1,0,0,0
Dry,under 18,7.514280198672472,2909.2321891907964,80,Moderate,Low,90.0,0,0,0,0
Combination,55+,6.273970565205582,2402.3937217636994,11,Moderate,Medium,74.17590149518858,0,0,1,0
Normal,55+,6.50791532398486,2055.234377943068,55,Moderate,Low,83.34668737090092,0,0,1,0
Combination,55+,9.273095123895388,2382.146290710217,28,High,Medium,90.0,0,0,0,0
Combination,25-34,5.138051090888565,1713.7624880942046,18,Low,Low,81.51583732955407,0,0,0,1
Normal,45-54,8.884332016662038,2070.939021314248,43,High,Medium,71.58311049103617,0,0,1,0
Normal,18-24,5.276739820576205,1590.5237775131395,92,High,Medium,79.19341800095123,1,0,0,0
Dry,18-24,8.055240284066757,2497.205140608815,50,High,Medium,79.51283029317975,1,0,0,0
Oily,18-24,7.026782952223262,3237.6569004680514,100,Moderate,Medium,90.0,0,0,0,0
Oily,55+,8.236228545183458,1878.2594651835498,11,High,High,90.0,0,0,0,0
Sensitive,18-24,5.776440927850984,1512.5578476804794,71,Low,Low,90.0,0,0,0,0
Dry,35-44,7.503131980720554,1755.6114775432966,44,Moderate,High,70.77907288777321,1,1,0,0
Normal,under 18,9.510615630975137,2733.1559014589297,82,High,Medium,78.36077598256331,1,0,0,0
Combination,under 18,7.949599821245841,1410.501913521552,57,High,Low,65.69435610313457,1,1,0,0
Oily,55+,5.991671691171392,2627.8387628705505,27,Moderate,Medium,67.94236821045904,1,0,1,1
Combination,under 18,6.1554007003073465,2561.070866959762,67,Low,High,84.66540731817832,1,0,0,0
Oily,35-44,7.7119058845521415,2025.8589424065935,75,Moderate,Medium,84.06613546588436,1,0,0,0
Normal,55+,5.945750780596838,1952.878078237624,27,Low,Low,80.20272509163911,0,0,0,1
Dry,35-44,7.284471932312347,2516.269449150561,49,Moderate,Low,76.64026322215929,0,1,0,0
Dry,55+,5.671396599049368,1868.5915787369424,6,Moderate,Medium,76.38037079197738,0,0,1,0
Sensitive,25-34,7.067234697898427,2331.339178843082,2,High,Low,84.71306787523537,0,0,0,1
Oily,35-44,5.637303493715835,1341.7151035563925,79,Moderate,Medium,65.9238392304276,0,1,0,1
Oily,45-54,8.010947727565075,1241.0254425266485,48,Moderate,Low,66.41502027372316,1,0,1,0
Dry,45-54,8.927469572143252,1922.036951258546,24,Low,High,45.982593611279626,1,1,1,0
Dry,25-34,4.678703376588331,1759.7898902982529,59,High,Low,69.56885511073827,0,1,0,1
Oily,under 18,7.568685449603856,1733.6494562225112,60,High,High,76.26815159798468,1,0,0,0
Dry,18-24,7.030044623236521,2370.039182852643,7,Low,High,78.71821546439311,1,0,0,0
Sensitive,55+,6.69671449691857,1531.4711617669332,99,High,Low,78.6426802580901,0,0,1,0
Dry,55+,6.551524003942238,2707.42006822963,22,Moderate,Medium,79.55728358671273,0,1,0,0
Normal,55+,9.527596517999775,990.0369130288624,14,Low,High,55.55321066155274,1,1,1,0
Normal,25-34,8.636541863787215,2125.073858017678,39,Low,Medium,90.0,0,0,0,0
Sensitive,35-44,8.385974018680225,1724.755869866185,55,High,Low,90.0,0,0,0,0
Oily,25-34,4.347604735747771,2292.244394323731,84,Low,Medium,76.18303541754979,1,0,0,0
Oily,18-24,5.588534108075924,1305.8537842575738,43,Moderate,Medium,61.15095492110141,1,1,0,1
Oily,45-54,5.0223979262898,2300.4568912076675,50,Low,Medium,66.04840449763631,1,0,0,1
Combination,under 18,7.209178699043796,2391.233010937337,88,High,Low,75.69152953886434,1,0,0,0
Combination,25-34,8.003612881744548,1789.533217708117,73,Moderate,Low,90.0,0,0,0,0
Combination,18-24,6.894289639183817,1744.2812356087302,14,Moderate,Medium,90.0,0,0,0,0
Normal,35-44,6.684508340701764,1516.372631009467,99,High,Low,90.0,0,0,0,0
Normal,55+,7.585726440811502,2537.560374490878,6,Moderate,Medium,78.9652413331643,0,0,1,0
Combination,55+,5.775080455268521,2640.634822700671,19,Moderate,High,84.4810634911893,0,0,0,1
Combination,35-44,7.170282244716913,2120.539488202907,75,High,Medium,90.0,0,0,0,0
Oily,35-44,4.450855720588723,1096.368845217133,44,High,Low,76.37084314149271,0,0,1,1
Sensitive,18-24,7.216174544169523,2394.866062316004,41,Low,High,80.78490326293338,1,0,0,0
Normal,under 18,5.992929334532572,2835.046950291545,13,High,Low,69.12805376630624,1,0,1,0
Normal,55+,8.102403961381473,1545.8293741460075,29,Moderate,Low,84.98165625130387,0,0,1,0
Sensitive,55+,7.0462730005802605,3238.464566861706,57,Low,Medium,77.42597560577069,0,0,1,0
Dry,18-24,5.136153995800441,2264.134969457553,55,Low,Low,54.39629754311776,1,1,0,1
Oily,55+,6.515883170914987,2353.448145459256,70,Low,Low,83.01073793579157,0,0,1,0
Oily,under 18,8.900910469477573,1806.8814556443162,21,Moderate,High,90.0,0,0,0,0
Combination,55+,8.678368407560761,3110.6016971359804,51,Moderate,High,77.19151381752161,1,0,0,0
Combination,18-24,7.099412106016352,2392.4443437470927,29,Low,Low,82.04981724194646,1,0,0,0
Normal,18-24,6.114338844695087,2009.6296545156063,41,Moderate,Low,75.61606312257064,1,0,0,0
Normal,35-44,6.7349873609376365,2398.467962829298,43,Low,High,90.0,0,0,0,0
Normal,25-34,8.807013903635388,1945.1725754412703,69,Low,Low,90.0,0,0,0,0
Sensitive,25-34,9.300434268599385,2765.0237207808145,72,Low,Low,90.0,0,0,0,0
Combination,18-24,8.27028061476985,1741.986734139136,90,High,Medium,90.0,0,0,0,0
Normal,35-44,6.082256774890146,1593.8093226549806,96,Low,Medium,90.0,0,0,0,0
Sensitive,18-24,8.423749105357242,1394.1158962553177,83,High,Low,82.92508088091412,1,0,0,0
Oily,35-44,8.01525648116651,1459.4453260879436,97,High,High,84.53654509288434,1,0,0,0
Normal,18-24,8.23531917976296,2008.6097913652802,10,High,Medium,57.53401014932197,1,0,1,1
Combination,under 18,9.000457842789741,2570.7272891606353,22,Low,High,75.3734038853988,1,0,0,0
Dry,25-34,9.152598118003167,2730.409359144556,1,High,Low,59.75922631900404,0,1,1,1
Combination,35-44,7.215446250982296,1420.6034667876977,55,High,Medium,77.44791994159324,0,1,0,0
Sensitive,18-24,5.421215417503932,956.5757353420313,44,Low,Medium,71.4693858296607,1,1,0,0
Combination,25-34,5.374501249857859,2034.4118288523246,88,Moderate,High,80.15932506157594,0,0,0,1
Combination,35-44,6.1605187287622565,1909.9321977950744,44,High,High,82.91809544008649,1,0,0,0
Dry,18-24,7.739073129192102,1847.967370967121,37,Low,Low,84.08438754063705,0,1,0,0
Sensitive,25-34,5.3172567993811235,1973.383166218284,29,Low,High,69.17143237015415,1,0,0,1
Oily,45-54,5.652264269840733,1864.6067515104685,79,High,Medium,83.40149142460216,1,0,0,0
Dry,45-54,9.014165446634506,1864.7473479519126,20,Moderate,Low,61.5906675954163,0,1,1,0
Oily,35-44,9.656436330021616,2715.817993468985,60,Moderate,High,90.0,0,0,0,0
Oily,55+,6.131042037131436,1444.4381167921122,91,High,Low,62.03237065637149,1,1,1,0
Oily,under 18,6.92116875711971,2576.6638816984446,5,High,Low,81.06384995665094,0,0,1,0
Combination,18-24,6.264713640656968,2454.0451491310696,82,Low,Medium,76.71948139465864,1,0,0,0
Sensitive,45-54,8.812659983704133,1612.987174818697,51,High,Medium,90.0,0,0,0,0
Dry,45-54,5.9859233675671195,2356.3310160635033,76,Moderate,Low,69.77669295324158,0,1,0,1
Dry,45-54,7.227771324462356,1656.9692367281605,23,High,High,60.27963351397294,0,1,1,1
Sensitive,35-44,6.471729327820619,1964.7402236362905,76,High,High,80.37348788431903,1,0,0,0
Sensitive,25-34,4.652718362566809,2382.821553241348,39,Low,High,79.03877675868789,1,0,0,0
Normal,under 18,6.281961716591213,608.1418881009506,32,Moderate,Low,75.38363164543777,1,1,0,0
Dry,25-34,6.964193547535821,1629.2143705532462,58,Moderate,High,60.80319404994174,1,1,0,0
Sensitive,under 18,9.533233288454015,1707.277489540016,93,High,Medium,80.34508864997838,1,0,0,0
Oily,45-54,5.353534954632083,2253.966334981008,20,Low,Low,65.82298472141296,0,0,1,1
Combination,35-44,6.009328947988625,1610.2718993738838,100,High,Medium,90.0,0,0,0,0
Normal,25-34,7.764252074236609,1479.766346055217,67,Moderate,High,70.70332593528369,1,1,0,0
Combination,under 18,4.8140895127008205,2862.9990010471683,89,Moderate,Low,90.0,0,0,0,0
Dry,45-54,7.869248106400967,1867.8953575028174,95,High,Low,84.16816456470836,0,0,1,0
Oily,18-24,6.994784185447096,2252.932179058078,25,High,Low,76.6471604263355,0,0,1,1
Sensitive,under 18,8.460006174420132,1622.012354342494,98,Low,Low,81.48403619806689,1,0,0,0
Combination,25-34,7.549219788948523,1746.6479118948807,94,High,Low,90.0,0,0,0,0
Combination,55+,6.716528133231064,2080.346433732452,73,Low,Low,72.4170341010574,0,0,1,0
Oily,35-44,6.989982140420992,2367.783449151286,59,Moderate,High,82.82259828893291,1,0,0,0
Normal,55+,7.730629838673391,1245.9153953139112,58,High,Low,74.12754402899849,0,0,1,0
Combination,35-44,4.963265189401836,1815.1416576203535,71,Moderate,Low,90.0,0,0,0,0
Sensitive,25-34,9.742937893662738,1574.2040837491988,27,High,Low,75.48899256197794,0,0,1,1
Dry,45-54,6.6876659355808705,1731.826986521739,20,High,High,59.13484687631183,1,1,1,1
Combination,45-54,6.16893342386788,2089.119871952528,81,Moderate,Medium,90.0,0,0,0,0
Oily,35-44,9.101165914293478,2227.9841999402947,65,Low,Medium,90.0,0,0,0,0
Oily,25-34,5.7947035578593615,3376.6147554016034,53,Low,Medium,73.4903100059353,1,0,0,1
Dry,under 18,7.117859831441689,1711.3895218089433,60,High,Medium,71.47933790297796,1,1,0,0
Dry,45-54,9.118144562016385,1765.4646910280908,15,Moderate,Medium,70.64104590613968,0,1,1,0
Combination,45-54,9.494370482481164,1564.6786045166666,77,Moderate,Medium,84.47539757158351,0,0,1,0
Combination,25-34,9.145045583382053,2100.5238321408474,49,High,Low,81.07585452629861,0,0,1,0
Combination,25-34,8.93657834905365,2950.882854350772,42,Low,Low,90.0,0,0,0,0
Dry,55+,5.301089064218119,2637.885910379161,18,Low,Low,52.753977687878624,0,1,1,1
Dry,under 18,4.886644143361893,1476.4078223758859,16,Low,Medium,67.22652933209034,1,1,0,1
Normal,55+,5.794885810311344,2251.8183180889305,19,High,Low,90.0,0,0,0,0
Combination,under 18,7.0495238154022895,1916.431957918582,63,Moderate,Medium,79.07877561161906,1,0,0,0
Oily,55+,7.219352918533541,2295.6447946467365,51,High,Low,83.41095473224695,1,0,0,0
Sensitive,35-44,8.00237218591203,2547.0834178075656,37,Low,High,78.33766907400289,1,0,0,0
Normal,55+,9.730052219151158,1989.3188137792615,61,Moderate,Low,72.21494224366154,0,0,1,0
Normal,55+,6.218366556803626,2306.7680645925943,52,Low,Medium,76.03463619760743,0,0,1,0
Normal,under 18,5.283617775603069,1660.6479339441944,93,Low,Low,90.0,0,0,0,0
Dry,under 18,8.499071419589185,1937.9358125911479,15,Low,Medium,83.01462267103408,0,1,0,0
Combination,35-44,5.187711312462941,1255.098467317413,54,High,Low,71.15952758543874,0,1,0,1
Combination,25-34,7.073075019090711,2570.948268484005,2,Low,High,90.0,0,0,0,0
Normal,18-24,8.69281866629678,2055.4402514464186,23,Low,Low,82.39633389489859,1,0,0,0
Combination,55+,10.0,1947.5898170297687,63,Low,Low,79.79493475985018,0,0,1,0
Combination,18-24,6.792148564903884,716.2820451305001,20,Low,Medium,61.56655106583251,1,1,0,0
Normal,25-34,6.328955576258177,2426.007517454247,45,Moderate,Low,90.0,0,0,0,0
Dry,35-44,9.345942005289556,1584.8826831663578,76,Moderate,Medium,90.0,0,0,0,0
Normal,18-24,7.693378493939573,2523.439516161644,93,Moderate,Low,83.51203978171183,1,0,0,0
Normal,45-54,7.016812229793849,858.3597712363849,36,High,High,61.86680666355392,0,1,1,1
Sensitive,35-44,7.370934999361379,2380.7153120304465,64,High,High,90.0,0,0,0,0
Oily,35-44,5.578865657472312,1872.9227345628065,80,High,Medium,68.45630500021805,1,0,0,1
Combination,25-34,5.266755936806854,714.9262257098237,93,Low,Low,71.27134127446116,0,1,0,1
Combination,under 18,8.540506617681485,1998.1257330990743,55,Low,High,80.39497005656482,1,0,0,0
Dry,35-44,9.396512495057474,2428.6610959530885,33,High,Low,59.50329831763335,0,1,1,1
Dry,55+,6.468685357501826,1958.4096699477957,79,Moderate,Low,72.17263389577886,0,1,1,0
Sensitive,35-44,7.849266086155259,2483.4417083778717,93,High,High,84.52850275255399,1,0,0,0
Combination,45-54,7.484005946113017,2552.796572644742,47,High,Low,73.4155785369608,0,0,1,0
Oily,55+,6.554996894988292,1501.4282266071568,45,Moderate,Low,69.20016423016757,1,0,1,0
Oily,25-34,6.9027861196583045,2102.592445368092,13,Moderate,Medium,82.39722549868021,1,0,0,0
Normal,45-54,5.1976969078910695,1331.6389579266888,59,Moderate,High,59.71726348492565,1,0,1,1
Normal,under 18,7.671079444710141,1796.8215743147882,82,Low,Medium,79.17680233464608,1,0,0,0
Oily,35-44,6.751238641506997,1820.1536671495883,70,High,Medium,81.91847341516842,1,0,0,0
Sensitive,35-44,9.280901352644818,2630.8805801975,88,Low,Low,90.0,0,0,0,0
Oily,45-54,5.1439694649412475,1733.6033934597765,88,High,Medium,78.58874323991161,1,0,0,0
Combination,55+,8.27500640195439,2300.968118551621,73,Low,High,69.62652995326279,1,0,1,0
Sensitive,25-34,6.9378130565053215,1431.1998975178824,13,Moderate,Medium,90.0,0,0,0,0
Sensitive,25-34,5.9761899307696815,1741.6162162268552,52,High,Medium,82.79619721487867,0,0,0,1
Combination,35-44,7.415491496678651,2851.863577348619,26,High,Medium,90.0,0,0,0,0
Sensitive,under 18,5.969679647817808,1486.98237622238,83,High,Low,72.96313689169732,0,1,0,1
Dry,25-34,6.837120284758085,2515.8694902570296,9,Moderate,Low,80.06073472642873,0,1,0,0
Sensitive,45-54,4.829675549858945,2726.8170754374737,20,Moderate,Medium,75.04034915860952,0,0,1,1
Oily,under 18,6.741952956826496,1632.8399988433132,15,Low,Low,90.0,0,0,0,0
Normal,45-54,4.599716069856761,2353.2603867103135,25,High,Low,70.07651731083519,0,0,1,1
Oily,under 18,6.743243207137698,2085.3527413772536,11,High,Low,83.47247922914417,0,0,0,1
Combination,55+,5.648782388482954,1840.451982874488,71,Low,Medium,76.47004141254061,0,0,1,0
Normal,25-34,6.270128130467893,1949.7034473108963,16,Low,High,90.0,0,0,0,0
Oily,18-24,5.995671510436284,1232.9095196563894,32,Moderate,High,64.75281180893602,1,1,0,1
Sensitive,under 18,10.0,1318.297876331243,74,Low,Medium,64.81276299386386,1,1,0,0
Sensitive,55+,7.272188510413809,1113.986085787979,36,Low,Medium,74.8158343737783,0,0,1,0
Oily,18-24,4.004428845073038,2048.9132459261336,49,High,Low,57.654522175543946,1,0,1,1
Oily,35-44,7.261551381652455,2630.749495401192,99,High,Low,83.5087502649768,1,0,0,0
Dry,55+,7.599320261523559,1925.0946406271046,14,High,High,49.23822119268989,1,1,1,1
Combination,25-34,5.575599633902494,2749.5060341167746,29,High,Medium,71.8880285073753,0,0,1,0
Dry,45-54,8.393276869075336,1376.8352611257878,83,Low,High,57.171752287824106,0,1,1,0
Normal,under 18,7.0569455923159525,2072.0261157632485,17,High,Medium,75.59597577734156,0,0,1,1
Dry,55+,6.481519515091496,2385.9252429033972,48,High,High,63.642700931480995,1,0,1,0
Combination,35-44,8.247599707522266,1904.7571510974471,76,Low,Medium,90.0,0,0,0,0
Combination,35-44,6.578696131303513,2749.4792313337657,41,Low,Medium,90.0,0,0,0,0
Dry,35-44,8.399258338543355,2036.1801949541923,81,High,Low,78.6199764894027,0,1,0,0
Sensitive,under 18,4.55618644137992,2172.000053152518,69,Low,Low,78.45306657118546,1,0,0,1
Dry,45-54,8.047125197376502,622.7391858008136,60,High,Low,73.0989790208975,0,1,1,0
Combination,35-44,7.377804172477038,1791.6540066021323,40,High,Medium,75.85571399173392,0,0,1,0
Dry,18-24,6.668718579805673,1546.3095236183397,21,Low,Low,76.91707572388819,1,1,0,0
Combination,45-54,6.777716064394537,2695.995788090666,27,Low,High,74.34101848871455,1,0,1,0
Combination,18-24,6.330402251776727,2482.786779396592,34,Low,Medium,79.84249262405346,1,0,0,0
Normal,45-54,5.790503171680585,2379.3780963280196,82,High,Low,70.49568953758977,0,0,1,1
Dry,55+,7.002483783432927,2176.0124143946405,21,Low,High,53.591238188945525,1,1,1,0
Sensitive,under 18,7.010729884146231,2320.8126162206045,77,High,High,84.54602744368343,1,0,0,0
Oily,45-54,3.148622323099363,1290.087343271215,51,Low,Low,48.299923225304646,1,0,1,1
Dry,under 18,7.625620747012967,978.2308230518821,99,Moderate,Medium,76.74592738584279,1,0,0,0
Dry,18-24,6.204129466529186,1972.8295794816752,61,Low,High,90.0,0,0,0,0
Normal,45-54,5.757789793580654,1654.2192986531131,87,High,High,69.49910900546415,1,0,1,0
Combination,45-54,7.407373300230389,2504.6474778899046,87,Moderate,Low,90.0,0,0,0,0
Sensitive,25-34,5.562325928117788,1712.4709019063148,65,Moderate,High,90.0,0,0,0,0
Sensitive,25-34,5.903108540009432,789.3101240613607,28,Low,High,75.04800215437913,0,1,0,0
Oily,55+,7.212567685476263,2467.358872914246,100,High,Low,77.68732735032243,0,0,1,0
Sensitive,55+,8.524964810973824,1564.6168117796306,85,Moderate,Medium,70.68551266479294,0,0,1,0
Combination,45-54,5.122452927219786,2010.8027737958423,66,Moderate,Medium,67.50620385003813,0,0,1,1
Dry,18-24,8.243910529849702,2077.425224155192,29,Moderate,Low,65.3468777385996,1,1,0,0
Dry,18-24,7.433956953810642,2570.9154638681166,68,High,High,69.8322929726881,1,1,0,0
Sensitive,45-54,5.891295161153945,1890.014956663485,93,Moderate,High,73.88517027857766,1,0,0,1
Normal,under 18,9.451908267641802,1901.5944384511865,19,High,High,63.668178482904175,1,0,1,1
Normal,25-34,5.0989945510501435,1665.3219518748526,20,Low,Medium,81.22814713215274,0,0,0,1
Combination,35-44,5.592730223168137,2178.5812928506352,14,Moderate,High,84.24386109954241,0,0,0,1
Oily,35-44,5.656079494616831,2135.5171264306223,93,High,Low,81.80969259403238,0,0,0,1
Combination,55+,5.895902172189025,938.310730800886,50,Moderate,Medium,65.97643168758563,0,1,1,1
Combination,25-34,7.459929680472883,2074.2318407734447,88,High,High,79.36345964761418,1,0,0,0
Oily,55+,7.776636723563261,1663.5063904173717,62,Low,High,61.06984681639909,1,0,1,0
Normal,under 18,5.8306832869609355,2200.7334292407727,30,Low,Low,69.48076159799044,1,0,0,1
Oily,under 18,9.278529358796472,2005.5840047531638,71,Low,Low,76.01695585746756,1,0,0,0
Sensitive,under 18,7.636877644070718,1839.2061577871464,99,Moderate,High,78.15370783073811,1,0,0,0
Dry,45-54,4.684554217189473,2483.7147095770288,80,Low,Low,63.66230342356846,0,1,1,0
Combination,25-34,8.362621358629243,2355.387012587597,26,Low,Low,90.0,0,0,0,0
Sensitive,55+,6.727081842486372,2298.5280498692705,28,Low,Low,76.43204368250653,0,0,1,0
Oily,25-34,8.340642696081746,2810.0793424783537,70,High,High,75.91433840001793,1,0,0,0
Normal,under 18,8.482789156971164,2031.9106125168194,98,High,High,81.35019946357968,1,0,0,0
Normal,35-44,5.037620116863443,2077.8291488358705,29,Low,High,80.62620886290247,0,0,0,1
Sensitive,45-54,7.384866093773962,2354.514887659152,4,High,High,63.8865692448629,0,0,1,1
Normal,35-44,9.030837788985139,1952.4247439716103,26,High,Low,78.70675666125277,0,0,1,0
Sensitive,35-44,10.0,1120.3564899797113,71,Moderate,Low,77.31620324979875,0,1,0,0
Normal,under 18,7.629012808692438,1600.7398039079858,49,High,Low,65.25926006465886,1,0,1,0
Sensitive,55+,4.139167000466795,1899.1128118504207,48,High,High,60.213132031890886,1,0,1,0
Combination,45-54,4.814240952368565,1919.2860509835916,8,Low,High,59.68429666436088,1,0,1,1
Combination,25-34,7.052153872141685,2559.2707046679748,58,Low,Low,90.0,0,0,0,0
Oily,45-54,4.738622297854094,2454.222582822886,95,Low,High,63.811230671440015,1,0,1,0
Dry,55+,7.147120675419691,2514.424576804797,93,Moderate,Low,69.2171622915367,0,1,1,0
Combination,18-24,6.352373237453309,1333.8777066182774,62,High,High,90.0,0,0,0,0
Oily,55+,5.173751010676201,1354.096273166442,34,Low,Medium,59.252704927826855,0,1,1,1
Normal,35-44,7.716721229380982,2738.46101110735,16,Moderate,Medium,90.0,0,0,0,0
Sensitive,under 18,6.15257271001717,2314.567649128892,83,High,High,80.92607870500039,1,0,0,0
Combination,18-24,4.714836912796571,2090.1606245886496,89,Moderate,Medium,75.25419327715676,1,0,0,1
Oily,45-54,8.00284392450569,1275.9376123615657,48,High,Low,61.52371393944315,0,1,1,0
Sensitive,under 18,6.694174796530218,2357.9585702427826,54,High,Medium,80.99449874545364,1,0,0,0
Dry,45-54,3.0,2667.7265308508713,16,High,Low,73.56893685664264,0,1,0,1
Normal,under 18,7.530519063836572,2358.3638238586714,69,Low,Low,84.76664095878908,1,0,0,0
Sensitive,55+,6.380921081207854,1138.6387592173223,60,High,Low,66.35433644334901,0,1,1,0
Dry,55+,7.801094434475427,1958.704837291744,52,Low,Medium,69.1100739535318,0,1,1,0
Oily,18-24,7.048173183148481,2543.803492599477,23,Low,Medium,90.0,0,0,0,0
Normal,under 18,8.143095810793897,2960.6187085448064,79,Low,Low,83.49911465042109,1,0,0,0
Sensitive,25-34,7.230781343310248,1654.3937811044414,83,Moderate,Medium,90.0,0,0,0,0
Combination,55+,6.71737472963691,2207.831686269303,88,Moderate,High,58.10475647273264,1,0,1,0
Sensitive,45-54,8.523784778489466,1266.4830242806406,63,High,High,57.038174767586995,1,1,1,0
Oily,35-44,7.012806422768754,2804.7708285191848,39,Low,Medium,79.41945460531967,1,0,0,0
Sensitive,45-54,6.63968669349622,2465.505927434552,98,High,High,74.78446869866863,0,0,1,0
Sensitive,under 18,7.739676290824008,2477.93030326249,27,Moderate,Medium,79.6812383928469,1,0,0,0
Dry,18-24,5.785359187600101,1597.2991649672097,57,Moderate,Low,62.87972902684719,1,1,0,1
Oily,45-54,7.030407838183432,1233.8891063798442,63,High,Medium,71.35623179453032,1,0,1,0
Oily,18-24,6.595389090082513,2126.4383287578335,51,Low,Medium,75.36027031282583,1,0,0,0
Normal,under 18,9.676953410424659,2201.359094634911,46,Moderate,Medium,90.0,0,0,0,0
Dry,35-44,7.937842706309653,2582.2379235250028,21,Low,High,76.62575492738839,1,0,0,0
Dry,18-24,5.553013616657415,1917.458668814507,40,Moderate,Low,63.4498083862606,1,1,0,1
Normal,18-24,10.0,1960.4388888077456,64,Moderate,Low,84.00689252712063,1,0,0,0
Dry,25-34,8.67464612317331,2481.8689385865537,89,Low,Low,90.0,0,0,0,0
Dry,18-24,4.7828294284184665,2155.2396385029665,5,High,Low,52.03958465863727,1,1,1,1
Sensitive,45-54,7.220121208307838,2164.9793939202173,26,Low,Low,77.64708729429277,0,0,1,0
Normal,55+,5.86883128031341,1441.5402440439204,34,Low,High,42.414177287959966,1,1,1,1
Combination,45-54,6.285984999968723,1951.1025014578986,14,Moderate,High,65.45012236084766,1,0,1,0
Normal,under 18,8.777476671400475,2908.6554098628035,71,Moderate,Medium,90.0,0,0,0,0
Dry,under 18,9.094896769334767,2430.092605390922,65,High,Medium,64.61336516295484,1,1,0,0
Combination,under 18,5.493489606550615,1795.5519125052522,72,Moderate,Low,80.96856657120821,1,0,0,0
Combination,55+,7.314889078619497,1683.7804809619124,74,Low,High,83.51153246533025,0,0,1,0
Sensitive,25-34,7.8658084787919265,2360.2430541271438,22,High,Medium,64.55790486319717,0,0,1,1
Combination,35-44,7.804435093848203,2512.5673022787905,100,High,High,84.52685906523763,1,0,0,0
Dry,25-34,5.643113179430389,2466.414352046099,78,Low,High,64.66851284728828,1,1,0,1
Combination,55+,5.956531824819706,1529.5320236785574,99,High,Medium,75.62205359206872,0,0,1,0
Oily,35-44,7.798174201279572,2607.9367810994904,73,Moderate,High,90.0,0,0,0,0
Combination,35-44,7.732020229564014,2010.402011886272,60,Moderate,Low,90.0,0,0,0,0
Dry,45-54,7.46523073915226,2068.21345903364,48,Moderate,High,64.67832671968095,1,0,1,0
Sensitive,18-24,5.311073655796909,1378.6899275275423,69,Low,Medium,66.73600770132926,1,1,0,0
Normal,under 18,6.881761180789818,2039.928417884652,58,Low,Medium,83.3017193066123,1,0,0,0
Oily,35-44,7.016998567551601,2338.0508068249565,49,Moderate,High,90.0,0,0,0,0
Sensitive,under 18,6.67678492575349,2281.489590952428,36,High,High,73.98745955595706,1,0,0,1
Normal,25-34,6.783119849010328,2911.6794810182328,48,Moderate,Low,90.0,0,0,0,0
Combination,55+,7.12107059008967,3170.3613057628386,66,Moderate,High,67.49700424440073,1,0,1,0
Dry,45-54,7.5280173866362965,1893.1614147058922,28,Moderate,High,58.27597519989818,1,0,1,0
Oily,under 18,5.6508280356104885,1278.5557129711533,84,Moderate,Medium,58.55871839845585,1,1,0,1
Oily,25-34,5.512836573405765,1560.196845418005,68,Moderate,Medium,71.28432870438161,1,0,0,1
Combination,18-24,7.592230030618265,1736.9173144699062,43,High,High,82.12808403219452,0,0,1,0
Sensitive,18-24,7.280390578831747,2640.989181188343,54,Low,Low,76.76075598129921,1,0,0,0
Combination,35-44,6.86828747254772,3039.578349233402,25,High,Low,71.36845701420161,0,0,1,1
Oily,18-24,5.236283529491203,1924.708225812536,53,Moderate,Low,71.08454099989069,1,0,0,1
Combination,45-54,6.191030614583532,2468.253303028504,40,Low,Medium,75.00004647558171,0,0,1,0
Normal,45-54,3.6403125544508184,1278.4423554110945,10,Moderate,High,61.59625526000766,1,1,0,1
Normal,45-54,6.838979766323556,2775.6888605047466,57,Moderate,High,73.99983339710433,1,0,1,0
Sensitive,45-54,7.3387627510559605,1324.226272867883,97,Moderate,Medium,66.92227307046946,0,1,1,0
Oily,35-44,5.204250110964654,2836.494851422476,5,High,High,65.01095176905028,1,0,1,0
Normal,25-34,6.068297801805639,1528.518313775118,53,Moderate,High,90.0,0,0,0,0
Dry,35-44,9.21605884094629,2505.5485027934956,90,Moderate,Medium,90.0,0,0,0,0
Oily,55+,8.911089464900193,1524.9790598670916,41,Moderate,Medium,71.2966028506558,0,0,1,0
Combination,35-44,4.712341538478459,2066.583244681353,20,Moderate,Medium,81.880134732854,0,0,0,1
Normal,under 18,7.502689199610496,2182.300901852416,69,Low,Medium,90.0,0,0,0,0
Normal,18-24,9.217275903458503,1133.1164549958758,3,Low,High,71.79585911652363,1,1,0,0
Combination,55+,8.289542576946648,1451.6874779263412,52,Low,Medium,64.29581828891898,0,1,1,0
Dry,18-24,8.283602981291262,1762.5216477393112,62,Moderate,Medium,72.59625733373461,1,1,0,0
Dry,18-24,5.779042306164232,1695.048646525399,83,Low,Medium,70.63512901470938,1,1,0,0
Normal,55+,4.831584698835156,2020.2144699167336,21,High,High,83.03094176837665,0,0,0,1
Sensitive,25-34,5.840989914009314,2393.149115450139,26,Moderate,Medium,80.41942396395444,0,0,0,1
Oily,under 18,7.960084121549376,2844.078526451395,72,Low,Low,90.0,0,0,0,0
Normal,under 18,7.549491225311616,2260.338883540037,0,Low,Low,90.0,0,0,0,0
Dry,55+,9.10014971774172,1686.1686519866519,53,Moderate,Medium,80.3350577085669,0,1,0,0
Normal,35-44,4.767612680765451,2100.0470295641967,32,Moderate,High,71.00101410845014,1,0,0,1
Dry,35-44,4.866049796178394,3226.969336462695,88,Moderate,Medium,74.70703076488475,0,1,0,1
Dry,25-34,9.183247438118414,3081.98816665079,7,Low,Low,90.0,0,0,0,0
Normal,under 18,7.093670464994694,2275.286796850799,46,Low,Medium,90.0,0,0,0,0
Combination,45-54,6.310786852071034,2441.462402793376,20,Moderate,Low,78.04004603650733,0,0,1,0
Sensitive,55+,5.176685181923414,728.4534052626107,50,Low,Medium,84.05031687719371,0,0,0,1
Normal,under 18,5.81393407076715,1272.2632621913422,14,High,Low,55.33192145220299,1,1,1,0
Sensitive,under 18,9.216890104239305,2907.8387275401583,69,Low,Medium,75.89829717760848,1,0,0,0
Combination,45-54,4.895606391380333,2645.85780376062,14,Moderate,High,61.65911228575469,1,0,1,0
Dry,18-24,8.427077475251156,1215.1116576405618,28,Low,Medium,73.96423604743353,1,1,0,0
Oily,35-44,6.4145987036025724,1709.9181389377402,36,Low,High,90.0,0,0,0,0
Dry,35-44,8.1219930979408,1385.610324547493,44,Low,Medium,90.0,0,0,0,0
Combination,45-54,6.851691061510777,1657.032748025191,93,High,Medium,77.07617278933891,0,0,1,0
Normal,45-54,7.7100117750777155,1891.6039841560353,23,Low,High,58.96094301014615,1,0,1,0
Dry,35-44,6.197131444089408,1893.351712183961,67,Moderate,Low,90.0,0,0,0,0
Normal,25-34,10.0,1791.5501819403055,89,High,Medium,90.0,0,0,0,0
Dry,25-34,5.438492172574319,2291.7167845779827,46,Moderate,High,76.47808235367245,1,0,0,1
Normal,under 18,6.784712995865565,1292.3830345667639,33,High,High,51.76942525268697,1,1,1,1
Normal,35-44,10.0,1823.760527206676,46,Moderate,High,84.41915196651695,1,0,0,0
Normal,25-34,6.433195819057973,2079.9176759540487,32,Moderate,High,79.32402066139633,1,0,0,0
Combination,25-34,9.595175153813258,1160.1273367405022,18,Low,Low,90.0,0,0,0,0
Dry,45-54,7.413978774130809,3043.636080896814,69,High,Medium,81.2966203871376,0,0,1,0
Sensitive,under 18,7.193093021109473,1382.3330103482601,36,Low,Low,76.9550881625613,0,1,0,0
Oily,under 18,6.072404720559021,2103.441264878395,36,Moderate,High,80.28472458171308,1,0,0,0
Dry,under 18,8.996205873459793,1830.3320777919696,5,Low,High,82.00416742449264,0,1,0,0
Combination,55+,8.239977696148648,1282.3155864765554,42,High,Medium,72.08562879772032,0,1,1,0
Normal,under 18,4.834422445607418,1758.599655657525,95,High,Medium,82.1678844238522,1,0,0,0
Oily,under 18,9.157043082809892,2034.4373197568846,44,Moderate,Medium,90.0,0,0,0,0
Dry,45-54,7.434716793349929,2139.0397977867638,27,High,High,61.768092892670786,1,0,1,0
Normal,55+,8.663811973880096,1694.889653731073,63,Low,High,70.55228373659583,0,0,1,0
Dry,45-54,8.03242766273235,1584.558668072435,80,High,High,61.61128259883051,1,0,1,0
Oily,25-34,9.97490898388114,1599.8044478516551,59,Moderate,Low,90.0,0,0,0,0
Normal,18-24,5.6764160453820685,2274.834906744025,89,Low,High,74.84933535988715,1,0,0,1
Dry,25-34,7.119682647148486,2163.426203130467,43,Low,High,81.93029975771961,0,1,0,0
Normal,18-24,7.340970693238477,1454.8039005962805,19,High,Medium,77.34583839638887,1,0,0,1
Normal,18-24,9.420038393619226,2446.7711029445545,58,Low,High,83.63044896011203,1,0,0,0
Dry,under 18,9.038424926900674,1735.8345554447878,9,Moderate,Medium,75.72558345058943,0,1,0,0
Oily,18-24,7.624785317072757,2098.6842311173455,67,Low,High,77.60355813092434,1,0,0,0
Oily,45-54,8.69200393930226,2580.1240659148093,40,High,Low,83.42317784077146,0,0,1,0
Oily,under 18,7.289576204437172,1241.0244340783743,88,Low,Medium,82.83620534704512,1,0,0,0
Oily,45-54,9.669492830631533,2277.9937168450697,69,Low,High,71.35735960775447,1,0,1,0
Normal,35-44,6.087344437913287,2203.2710691333473,89,Low,Low,90.0,0,0,0,0
Normal,35-44,4.733359677321214,2527.676533735522,51,High,Medium,83.03853137889737,0,0,0,1
Combination,45-54,4.793182383581271,1889.5827539814586,85,Moderate,Low,90.0,0,0,0,0
Sensitive,35-44,7.3666816744083246,2519.419855991047,49,High,Medium,79.50680479111628,0,0,1,0
Sensitive,25-34,7.159817014651561,2317.4814368062753,39,Low,High,90.0,0,0,0,0
Sensitive,25-34,6.95774963732567,1983.9070245278588,2,Low,High,90.0,0,0,0,0
Combination,18-24,7.128215875522446,1905.4710395738127,90,Moderate,Medium,82.2068066792475,1,0,0,0
Dry,18-24,4.470144635377847,1615.8382531516859,11,Moderate,Medium,81.44706396947132,0,1,0,0
Oily,25-34,7.367162261667548,1875.4394982556405,77,High,Medium,90.0,0,0,0,0
Combination,18-24,6.76628637672714,1838.3231652806423,95,Low,High,82.77596178169945,1,0,0,0
Combination,35-44,5.7046024109022735,1753.450269511853,63,Moderate,High,90.0,0,0,0,0
Oily,25-34,6.539752383417108,2002.5715702709247,75,Low,High,75.3468786021215,1,0,0,0
Sensitive,18-24,7.590067516704568,1909.7248545571304,96,Low,Low,81.62064212267795,1,0,0,0
Combination,18-24,5.455517116461371,1300.9589800406084,27,High,Medium,72.66903993398643,0,0,1,1
Sensitive,25-34,10.0,1435.0924848677184,68,Moderate,High,80.68893916969948,0,1,0,0
Combination,25-34,6.222062498103425,2258.5001512569675,80,Moderate,High,84.32167646696419,1,0,0,0
Normal,45-54,7.541290914348521,2260.432846280786,62,Low,High,77.62570208834093,0,0,1,0
Normal,25-34,6.335924395701737,2119.279035319774,67,Low,Medium,90.0,0,0,0,0
Combination,55+,7.092015496361295,1843.9343162293565,16,High,High,64.55885352667086,1,0,1,1
Oily,25-34,7.36811461265701,2527.6827733753535,50,Low,Low,81.5285949447995,1,0,0,0
Combination,25-34,6.966699664847013,1992.2264231782126,12,Low,Medium,90.0,0,0,0,0
Combination,45-54,8.602241552313977,2480.6801799094064,80,High,Low,78.9787323629226,0,0,1,0
Normal,35-44,9.375904661445226,1121.8848827602114,13,Low,Medium,78.918253553844,0,1,0,0
Oily,35-44,8.357678774754085,2300.7900227010896,9,High,High,78.62169237225018,1,0,1,0
Dry,35-44,5.671521403370102,2125.7939589994226,64,Low,High,77.38261512083768,0,1,0,1
Sensitive,under 18,8.576682621636998,1585.4205387573,47,High,Low,68.74029843127877,1,0,1,0
Normal,under 18,7.663843643534211,2435.676837865509,43,Moderate,Low,83.4782739092134,1,0,0,0
Sensitive,45-54,5.393470656202767,1928.857153777426,100,Low,High,66.95768870135822,1,0,1,1
Oily,55+,7.451452564963617,1601.9342472285225,16,High,Low,77.14827073351245,0,0,1,1
Dry,18-24,5.6812702013596805,1932.477699068613,43,Moderate,Medium,76.19816259055132,1,1,0,0
Dry,25-34,8.202459575355538,2321.867000596055,65,High,High,66.50665735358704,1,1,0,0
Dry,under 18,5.7078809062204865,2326.083942557843,56,Low,Low,72.49202567789922,1,0,0,1
Oily,under 18,5.746090335750237,1194.9151010032829,67,High,Medium,58.702776410520656,1,1,0,1
Dry,25-34,6.449284643429153,2561.484685792868,2,High,Medium,75.40950729083535,0,1,1,0
Oily,18-24,7.98394082821206,1999.214096313403,45,Moderate,Medium,90.0,0,0,0,0
Normal,45-54,6.374941774613414,1805.1189319417845,63,Low,Medium,81.46055459701891,0,0,1,0
Oily,25-34,7.163177358791194,1465.7812570770857,35,High,Low,61.40565610835649,1,0,1,1
Dry,55+,6.477838982198055,1892.2152693201156,75,Moderate,Low,78.10047178636125,0,1,0,0
Combination,25-34,4.973388312322754,1580.7758745512126,29,High,Medium,79.20624646853099,0,0,1,1
Oily,35-44,7.615760187229572,2004.7559199704972,97,High,Medium,81.5327107409807,1,0,0,0
Normal,25-34,6.536857313209926,1544.2862812310182,42,High,Medium,90.0,0,0,0,0
Dry,18-24,9.365274738383825,1581.0103926603408,56,High,Medium,78.14072877125508,1,0,0,0
Normal,under 18,7.3773892108926065,1756.0654559631023,54,Moderate,Medium,90.0,0,0,0,0
Dry,35-44,7.054418938957503,2228.804870970186,75,Low,High,73.65395336275766,1,1,0,0
Oily,55+,4.944615116188171,1996.691877923256,75,Low,Medium,76.98983948185706,1,0,0,1
Normal,18-24,8.786092973469769,2880.7509467460013,1,Moderate,Low,82.04747921229144,1,0,0,0
Sensitive,under 18,6.804979040117304,2020.8406036084543,2,High,High,67.4251226091643,1,0,1,0
Combination,18-24,10.0,2567.462140799599,29,Moderate,Low,78.11658112271928,1,0,0,0
Normal,35-44,6.074073146117172,1690.5082745569384,16,Moderate,High,78.81314493967736,1,0,0,0
Normal,55+,8.434824192680903,1494.4814349771348,83,High,Low,72.26941449410006,0,0,1,0
Dry,25-34,8.63159012700828,2167.149981875504,3,Low,Low,80.54054638284761,0,1,0,0
Sensitive,55+,7.776581146040609,1871.6330982599734,74,Low,Low,81.17805225862362,0,0,1,0
Oily,18-24,6.055262793630385,2730.99641543416,61,Low,Medium,80.05892560781675,1,0,0,0
Sensitive,55+,6.629894079169787,1794.532461713069,42,Low,Low,90.0,0,0,0,0
Oily,55+,6.8797943981802865,2096.511066358971,80,High,Low,75.92466540298327,1,0,0,0
Combination,under 18,5.453762309920827,1717.564252896544,81,Low,Low,72.1890214341523,1,0,0,1
Dry,18-24,6.0729518891409136,2422.640152303424,86,High,Medium,66.78816935828696,1,1,0,0
Dry,25-34,5.671056148000166,1122.1160711209732,4,Low,Low,82.94314670414167,0,0,0,1
Normal,18-24,4.049358155640769,1264.8099326621414,51,Moderate,Medium,71.0619809893445,1,0,0,1
Normal,25-34,9.042307304272168,2008.103299742026,78,Low,High,79.57993323395172,1,0,0,0
Combination,55+,7.751873630210804,2268.2438635606645,14,Low,High,66.0179104823718,1,0,1,0
Dry,55+,7.084275877588481,1962.6093516743458,20,High,Medium,63.597157356900446,0,1,1,1
Dry,under 18,8.566789644727212,2072.99795715632,64,High,High,71.87321010911164,1,1,0,0
Dry,18-24,9.098646218895121,2310.414972644933,38,Low,High,78.96779029952629,1,0,0,0
Combination,55+,6.0733055897784585,1751.4329880650319,14,Moderate,High,78.03424345817727,0,0,1,0
Oily,25-34,5.908802790318581,2608.7740109753577,86,Moderate,High,75.91615911165974,1,0,0,1
Oily,35-44,6.392423570581671,1600.7636016001838,47,High,Medium,81.03258525182555,1,0,0,0
Dry,35-44,7.47966706169023,1951.4164468137485,61,High,High,63.89800904012698,1,1,0,0
Sensitive,25-34,7.441852768862746,2944.9069519469217,28,Moderate,Low,90.0,0,0,0,0
Dry,45-54,8.36960620889329,2013.5052771509531,31,Moderate,Medium,67.25496883948634,0,1,1,0
Normal,25-34,4.887364923690987,1750.018751395682,54,Moderate,Low,90.0,0,0,0,0
Normal,18-24,8.066569153817955,1414.4794801690919,19,High,Low,61.95402559431621,1,1,0,1
Combination,55+,10.0,2007.2082813177744,97,Moderate,Low,90.0,0,0,0,0
Normal,45-54,7.073272589814227,1666.677403521011,87,Low,Low,80.5220281044124,0,0,1,0
Oily,25-34,7.745106635163578,1420.999096738884,48,Moderate,High,72.13861359348658,1,1,0,0
Normal,18-24,10.0,2658.6756523260055,47,High,Low,70.05960947699643,1,0,1,0
Sensitive,18-24,8.476444667795569,1304.7854971050951,96,Moderate,High,83.40442347428768,1,0,0,0
Dry,under 18,7.308119905686627,2604.5431990070024,97,High,Low,68.63915731391826,1,1,0,0
Combination,25-34,7.889658099036609,1498.9454476831124,99,Moderate,High,69.66842639022245,1,1,0,0
Oily,35-44,6.024859367037017,1774.0319309970048,8,High,Low,53.47798259104472,1,0,1,1
Sensitive,45-54,6.094843248267089,2764.3894178551536,63,High,Low,73.56151083853786,0,0,1,0
Oily,55+,4.118480291765116,2327.9595698294183,14,Moderate,Low,60.15359815948932,1,0,1,0
Combination,under 18,5.061544937607323,1519.374256274466,73,Low,High,68.79250973242253,1,0,0,1
Normal,45-54,3.985399949696924,1725.472784420567,81,Moderate,High,67.20497065222507,1,0,1,0
Combination,18-24,9.26609747730882,2132.412121232389,18,Moderate,Medium,90.0,0,0,0,0
Combination,under 18,5.202457679501355,2508.5738371896564,21,Low,High,68.97093641568864,1,0,0,1
Dry,55+,8.846956395353029,2052.023240519543,58,Low,High,73.18667726100169,0,1,1,0
Oily,45-54,10.0,2410.782062312307,72,Low,Low,76.26410581966539,0,0,1,0
Dry,25-34,8.023978760938881,1598.310646416855,51,Low,Low,75.36649836967166,0,1,0,0
Normal,55+,7.941097728432011,2108.3956388022466,45,Moderate,High,64.65508640464742,1,0,1,0
Dry,35-44,7.77974350400654,1657.7071904293348,99,Low,Low,84.47413209736438,0,1,0,0
Oily,under 18,7.19214832653848,1591.569249892521,70,Moderate,Medium,84.47213617946547,1,0,0,0
Dry,55+,3.779301850050952,2499.152284289192,74,Moderate,High,72.7701130291253,1,0,1,1
Normal,18-24,4.746416527465724,2053.593232391208,28,Moderate,High,72.64806627847527,1,0,0,1
Sensitive,45-54,7.49950319417356,2163.2815079315274,84,Low,High,61.546694929885135,1,0,1,0
Combination,under 18,6.575381389602625,2135.6057376399867,22,Low,Low,90.0,0,0,0,0
Normal,35-44,7.706450604677743,2367.4824078759925,4,Moderate,High,82.95758740922776,1,0,0,0
Sensitive,under 18,9.600162009076394,2117.0970757491027,90,Moderate,Low,82.74196927740584,1,0,0,0
Dry,35-44,7.0960732675265525,1546.635517324953,34,High,Low,56.426610070444426,0,1,1,1
Oily,55+,7.653919485849006,2333.6915515702844,41,Moderate,Low,68.07185578480508,1,0,1,0
Sensitive,55+,6.711545223577559,2272.3062520920184,47,Moderate,High,71.0222498413619,1,0,1,0
Combination,35-44,6.561225709675988,2335.496326044462,15,Moderate,Medium,90.0,0,0,0,0
Normal,45-54,8.368903471044614,2449.3139333652425,35,High,Low,64.97479506246509,0,0,1,1
Sensitive,55+,7.176766489211951,1480.0159241914744,5,Low,Medium,63.555526065896885,0,1,1,0
Sensitive,35-44,6.082130421037268,2297.5786619423643,67,High,Medium,90.0,0,0,0,0
Dry,55+,10.0,1829.639614233959,17,Moderate,High,73.23478171519724,1,0,1,0
Sensitive,under 18,7.68375651758221,1721.9737212602984,78,High,High,90.0,0,0,0,0
Sensitive,55+,5.539049433626349,1661.8420682113187,2,Low,High,71.44661738065277,1,0,1,0
Sensitive,55+,3.8762920349459926,2676.7175314538754,36,Low,High,76.96177072738166,0,0,1,1
Dry,35-44,3.6548046206280795,1868.0858847996835,10,Moderate,Low,76.67383571965948,0,1,0,1
Combination,35-44,5.232808156974919,1557.8098923188977,100,Low,High,90.0,0,0,0,0
Sensitive,25-34,9.064783989608003,2100.533495015696,38,Moderate,Medium,90.0,0,0,0,0
Combination,35-44,5.551905761227449,1705.2414337517446,49,Low,High,77.46645709799516,1,0,0,0
Normal,55+,5.851778169336871,1978.2271639605597,96,Low,Low,77.15293313289497,0,0,1,1
Dry,18-24,7.259337527181539,2947.78738661428,7,Moderate,Low,90.0,0,0,0,0
Normal,55+,4.1255488510034395,1982.5938426210237,73,High,Low,72.65232075504326,0,0,1,1
Dry,35-44,6.526648461198217,2473.2742638583914,92,Low,Low,90.0,0,0,0,0
Dry,25-34,7.53222717726759,2295.181104057473,98,Moderate,High,75.68318041081017,1,0,0,0
Sensitive,55+,7.517629279022624,1534.0044373582302,60,High,High,84.93159897023386,1,0,0,0
Dry,45-54,8.81689824473952,2399.2524523078346,87,High,Low,76.12005211233662,0,1,0,0
Dry,35-44,8.373294687587114,2632.0250852535823,1,High,Medium,68.54209472238203,0,1,1,1
Sensitive,55+,7.62651265097794,2740.4962020587463,37,High,High,62.57768836572579,0,0,1,1
Dry,35-44,7.566459357679962,1890.4707059876957,74,Moderate,High,69.87311043004092,1,1,0,0
Normal,18-24,6.990094134274953,1988.0781159319417,11,Low,High,90.0,0,0,0,0
Oily,55+,6.220913016864186,2815.9444241851106,87,Low,Low,60.45070417827731,1,0,1,0
Dry,55+,7.4444430482555015,2047.3692379164534,51,Low,Medium,73.16463132212509,0,1,1,0
Normal,25-34,7.58241138238965,3489.9272583685733,46,Moderate,Low,90.0,0,0,0,0
Combination,45-54,5.302413717100511,1577.4807441418623,13,High,Low,76.77696839733575,0,0,1,1
Combination,55+,4.929143473829505,1883.700380782257,19,High,Low,90.0,0,0,0,0
Normal,35-44,7.368277664991041,1767.3387408294614,95,High,High,76.29406986065595,1,0,0,0
Normal,45-54,6.190409802772345,2071.202433314066,26,High,High,80.02153051346966,0,0,0,1
Normal,45-54,6.246838262755453,2155.0879135914192,66,High,Low,77.78832772840077,0,0,1,0
Dry,18-24,8.671351520113907,2338.5152349004034,93,Low,High,66.5288846960146,1,1,0,0
Sensitive,45-54,8.321520020747803,2542.95920575336,30,Low,Low,73.58300272647492,0,0,1,0
Combination,under 18,7.424242240178055,1920.6794869784494,0,High,High,80.9587339777084,0,0,1,0
Dry,35-44,5.841620393675207,1804.4109181821395,37,Low,Medium,74.49328431800878,0,1,0,1
Normal,25-34,6.214471700984658,2365.836163310456,60,High,Medium,90.0,0,0,0,0
Oily,18-24,7.520173831891294,2348.3789313571506,27,High,Low,71.72732573677625,1,0,0,1
Oily,45-54,5.2594947158497725,2715.8747421205394,11,Low,Medium,54.29543520311691,1,0,1,1
Dry,25-34,6.3595294427398565,1449.9916789626686,11,Low,High,77.03130294894531,1,1,0,0
Oily,25-34,6.341173352767281,3241.8829962937543,77,High,Medium,90.0,0,0,0,0
Oily,35-44,6.418424700262649,1837.4517642645374,97,Low,Medium,82.065689691781,1,0,0,0
Oily,45-54,6.711842979055486,1925.6898082842724,59,Moderate,Medium,69.47880744377728,1,0,1,0
Sensitive,35-44,5.827785901298118,2071.606541603065,81,High,Medium,82.1849575654751,0,0,0,1
Sensitive,18-24,8.613392362297496,2157.1446577393535,92,Low,Medium,90.0,0,0,0,0
Normal,35-44,5.333252051650021,1827.8270475331458,46,High,High,77.87656013064887,1,0,0,1
Oily,55+,6.172708899847556,2026.4697341174005,3,High,High,73.87424552900504,1,0,1,0
Combination,under 18,8.995677507343476,1925.5586019895586,14,Moderate,Medium,76.55032516725034,1,0,0,0
Combination,under 18,6.867767696694414,2888.822409409715,40,Low,High,75.14759078308522,1,0,0,0
Combination,45-54,8.314308987507491,2287.040641053268,53,Low,Medium,76.54143113374053,0,0,1,0
Combination,under 18,9.937197422952664,2244.9056273970064,64,Moderate,High,77.59453331424123,1,0,0,0
Oily,35-44,4.020209287033716,2416.3328789401803,95,Low,Medium,90.0,0,0,0,0
Combination,35-44,4.611987314322025,2226.002684291224,26,Low,High,72.7536305407169,1,0,0,1
Dry,35-44,4.42938463880614,1766.5722948000403,28,Low,Low,79.77789119834762,0,1,0,0
Oily,18-24,6.454323205585193,1614.9404463841233,29,High,Low,63.22892904743169,1,0,1,0
Dry,35-44,6.4767220042132,2516.2808601802762,95,Moderate,Low,90.0,0,0,0,0
Dry,18-24,5.92907063176067,2272.5704397552704,40,High,Low,55.663278110736925,0,1,1,1
Combination,35-44,5.55152554058905,1905.2502118039354,6,High,High,79.10264728372198,0,0,1,0
Oily,35-44,7.4857588994911755,1501.7357916907201,12,Moderate,Low,82.2035521850112,1,0,0,0
Combination,45-54,5.032419350633965,2245.939075289444,14,High,High,54.643544850143044,1,0,1,1
Combination,55+,8.684620599010959,1960.4674902563138,53,High,Medium,82.06217412022437,0,0,1,0
Dry,under 18,6.314030640164944,2077.8376938441934,34,Low,Low,70.37769024310116,1,1,0,0
Combination,45-54,7.08321987814807,2121.4512703556256,99,Low,High,70.2169893291059,0,0,1,0
Dry,25-34,3.2076323495294288,1465.4478544170183,0,Moderate,Low,73.07539429755994,0,1,0,1
Normal,45-54,5.73215484184472,2075.4338142557813,35,High,Low,66.31106824436398,0,0,1,1
Sensitive,18-24,7.2788168254334,2318.090244342018,30,Low,Low,90.0,0,0,0,0
Normal,18-24,7.386372623815655,1349.632464806332,89,High,Medium,63.681532524208585,1,1,0,0
Combination,55+,9.170506926377591,2635.959151711183,7,Low,Low,90.0,0,0,0,0
Normal,under 18,5.112704064959612,2166.3526471870914,47,Low,High,69.07447603839748,1,0,0,1
Normal,55+,6.1068634221354765,2069.4319946002743,19,Moderate,High,82.8764782951445,1,0,0,0
Combination,35-44,8.579965419462805,3065.0521331604796,41,Low,High,90.0,0,0,0,0
Combination,45-54,8.126916557713916,2147.467367555068,12,Moderate,Medium,90.0,0,0,0,0
Dry,under 18,6.490268247537554,2091.067435505588,14,High,Medium,66.83601721869533,0,1,1,0
Sensitive,under 18,9.03965783999247,1977.6456216202073,87,High,Medium,84.00003725767228,1,0,0,0
Oily,45-54,5.670831022978525,1190.1550672416868,92,High,Low,47.2705584293398,1,1,1,1
Combination,25-34,7.769571801115376,2123.64406281387,28,High,Low,66.60542288442757,0,0,1,1
Oily,35-44,6.031137740106555,2513.0070628536487,41,Low,High,77.04149729125729,1,0,0,0
Dry,25-34,6.367334703418554,1932.6779540876023,2,High,High,68.30693647052396,0,0,1,1
Oily,45-54,6.975003800053084,1824.523628930956,29,Moderate,Low,63.85263485723023,1,0,1,0
Combination,under 18,7.3537975986243564,2575.7575729665004,85,High,High,75.19118900261314,1,0,0,0
Sensitive,55+,5.2862771528223655,2244.2600692370042,66,High,Medium,71.27080344830654,0,0,1,0
Normal,55+,7.2582380044096615,2076.881914772353,4,High,Low,80.33812055201308,0,0,1,0
Combination,45-54,8.307766854811137,2024.6487126085794,17,High,High,55.79642606022846,1,0,1,1
Sensitive,35-44,7.720343892858555,2357.9323147855735,83,High,Low,90.0,0,0,0,0
Sensitive,55+,6.24345219942909,2149.591730406899,79,Moderate,High,62.6025743222725,1,0,1,0
Dry,under 18,6.623818589184052,1933.6591101400522,44,Moderate,Low,67.33923290875515,1,1,0,0
Combination,25-34,6.516907905282502,2235.540202048443,91,Low,High,84.8889189742915,1,0,0,0
Dry,25-34,7.122467063527381,2197.2720171583373,79,Moderate,High,79.37650062756305,0,1,0,0
Normal,18-24,6.973723955656378,1197.9394937648376,88,Moderate,High,82.08883865024968,1,0,0,0
Sensitive,18-24,7.047052624149563,2031.7689775784086,14,Moderate,High,83.57220794190968,1,0,0,0
Oily,18-24,7.36389390573019,1703.135403157129,2,Low,High,90.0,0,0,0,0
Oily,18-24,5.206795425001732,2312.303322447139,77,Low,Low,90.0,0,0,0,0
Sensitive,25-34,6.5895901651987465,2085.622023842498,47,High,Medium,78.44584869203523,0,0,1,0
Oily,35-44,6.577809880167557,1996.9690871132027,27,Moderate,High,77.63781816179775,1,0,0,0
Combination,18-24,6.326071978096287,1515.958205423086,7,Moderate,Low,82.39236154174297,1,0,0,0
Sensitive,25-34,7.710597491152986,1698.43995588694,45,Low,High,90.0,0,0,0,0
Dry,45-54,7.245927221342216,2205.230110951039,18,High,High,61.99601788064092,1,1,1,1
Normal,under 18,6.119780926595378,1398.0571828135076,62,Low,Low,75.2926755956709,1,1,0,0
Combination,18-24,10.0,1736.114062027287,68,Moderate,Medium,76.83178466453367,1,0,0,0
Dry,55+,7.935125737901737,2969.731774785062,91,High,Medium,72.00551135463715,0,0,1,0
Dry,45-54,8.18486162028084,1849.7785955862241,28,Low,Low,63.728719805795464,0,1,1,0
Dry,35-44,6.899325418697333,1583.6963901305758,88,Moderate,Low,90.0,0,0,0,0
Combination,25-34,8.322544640436613,2283.135354029344,70,Moderate,High,90.0,0,0,0,0
Combination,45-54,6.228361272607385,1478.9125964507778,6,Low,Low,82.5214678704227,0,1,0,0
Oily,45-54,5.018149393504462,2493.2570019021005,45,High,Medium,55.2422898512899,1,0,1,1
Normal,45-54,7.1805596934333416,2107.4922681663757,90,Low,Medium,75.46346521666331,0,0,1,0
Combination,45-54,5.765577061206464,1268.248448347797,5,High,High,68.78101712541684,0,0,1,1
Oily,55+,8.443920362067448,2021.0195184986153,25,Low,Medium,65.10159786214517,1,0,1,0
Sensitive,under 18,8.36085199008643,1807.0334367422179,29,Low,Medium,90.0,0,0,0,0
Dry,55+,6.644773235444712,2356.649088310316,31,Moderate,Low,80.16886208052311,0,0,1,0
Sensitive,18-24,8.098522119475787,2398.782811342977,37,High,High,64.86215395429633,0,0,1,1
Sensitive,55+,6.557198120345956,2307.273618825434,14,High,Low,65.55127253731088,0,0,1,1
Dry,45-54,8.663649198215078,1947.6139941592328,54,Moderate,Medium,74.45891017782535,0,0,1,0
Combination,under 18,6.229767454338919,2671.373801658383,75,Low,High,75.79655914153838,1,0,0,0
Sensitive,25-34,6.018331399673039,2314.7382485572384,40,High,Medium,78.82766313676083,0,0,1,0
Normal,55+,6.912366534220208,1079.2171917577198,96,High,Low,76.96732934843551,0,1,1,0
Dry,35-44,8.692891101217871,621.0731852263161,88,Low,Medium,90.0,0,0,0,0
Dry,25-34,4.023807899863587,2263.665039740336,96,Low,Medium,90.0,0,0,0,0
Sensitive,18-24,7.790606798017173,1681.2100710612322,6,Moderate,Low,84.42007350863823,1,0,0,0
Combination,45-54,7.221733135454867,734.2849771109977,26,Low,Medium,76.91048622988535,0,0,1,0
Sensitive,18-24,8.060463196705898,2124.8627435267986,19,Low,Low,90.0,0,0,0,0
Sensitive,25-34,6.931535719999307,2010.420741068886,88,Moderate,Medium,90.0,0,0,0,0
Combination,35-44,7.739881264289548,1985.5492382510695,33,High,Medium,72.43417195506338,0,0,1,1
Dry,under 18,4.188916745903169,3098.166117261261,51,Low,High,82.4621490168513,0,0,0,1
Sensitive,25-34,8.801201229142677,1357.527669022586,99,Low,High,79.14863689217489,0,1,0,0
Combination,45-54,6.482294154285114,1881.9829049219795,88,High,Medium,72.92307174327892,0,0,1,0
Normal,18-24,8.618274349763446,920.365532340116,46,Low,High,69.69033501026966,1,1,0,0
Oily,55+,6.251487603355316,1119.681778331248,41,Moderate,Low,71.28687732079925,1,1,0,0
Normal,45-54,6.5723567262574925,1763.7495534575478,77,High,Low,73.98080023255649,0,0,1,0
Oily,under 18,7.119541101074068,1697.5628004954083,26,Moderate,Low,80.87617156003213,1,0,0,0
Sensitive,18-24,5.873464912914214,2309.828345881574,23,Low,Low,69.00099913168594,1,0,0,1
Combination,45-54,7.682009111413871,2275.699171389121,35,Low,Medium,77.81284573632772,0,0,1,0
Dry,under 18,6.734649864263736,1714.1307088874053,98,Moderate,Medium,90.0,0,0,0,0
Sensitive,55+,6.821721276968844,2250.5810350342263,100,Moderate,High,80.43630975498222,1,0,0,0
Sensitive,18-24,3.7348304485422275,2197.055965185429,58,Moderate,Low,73.97515574861669,1,0,0,1
Oily,35-44,7.463707281002197,2031.0754530428635,28,Low,Low,79.10492334286545,1,0,0,0
Dry,18-24,6.776029867192487,716.9403070337933,90,Low,High,71.96397647042214,1,1,0,0
Normal,35-44,6.340220105349391,2894.7193555386866,96,Low,High,76.36248347023606,1,0,0,0
Dry,45-54,7.019351943352459,1846.3550806626408,23,Low,Low,73.90926549830826,0,1,1,0
Sensitive,18-24,7.0253592933851685,2177.3864343140044,49,High,High,65.53908699038651,1,0,1,0
Oily,25-34,7.9882303670341965,1885.5599184210291,87,High,High,82.01115516572466,1,0,0,0
Sensitive,45-54,7.637379403590526,2838.32540138068,43,Low,Low,78.27476136945575,0,0,1,0
Combination,35-44,8.509376199149074,3170.15010792849,96,High,High,90.0,0,0,0,0
Dry,55+,6.014844462472426,2838.0947537510074,51,High,Low,80.88420332488492,0,1,0,0
Normal,under 18,5.813989540116108,2176.7830733702317,69,Moderate,High,83.6725686811277,1,0,0,0
Sensitive,18-24,8.098714793857148,1744.6114040477637,82,Moderate,High,80.47065266760183,1,0,0,0
Sensitive,18-24,7.131946416211414,2455.2305512259204,79,Moderate,Medium,90.0,0,0,0,0
Combination,18-24,5.934593652532138,2834.6917297738237,60,Low,Medium,82.73586335177549,0,0,0,1
Combination,under 18,4.923105062908977,2969.8457213641923,32,Low,High,83.85758707602763,1,0,0,0
Normal,18-24,8.501989202199388,1955.1372118361107,99,High,High,90.0,0,0,0,0
Oily,35-44,6.395997683144903,1746.4858686044881,40,Low,High,84.95529399733616,1,0,0,0
Sensitive,45-54,6.796306539614478,1975.7520692255869,1,Moderate,Medium,71.20092124707426,0,0,1,0
Normal,55+,8.882839369951872,2984.327050192292,92,High,High,75.83241928245951,1,0,0,0
Sensitive,55+,7.299069880981012,1577.185756005298,8,Moderate,Medium,71.68677372808429,0,0,1,0
Normal,55+,6.181410939045709,1908.4546076943577,0,Low,High,90.0,0,0,0,0
Dry,55+,5.454816842054837,1410.5292989463105,38,Moderate,Medium,62.09140809723941,0,1,1,1
Sensitive,35-44,10.0,2151.306762973127,52,Low,Medium,90.0,0,0,0,0
Combination,35-44,5.75030029947948,2408.3017851788563,6,Moderate,Low,82.35036402191577,0,0,0,1
Dry,45-54,5.232480812789731,1451.9939760644734,22,Low,High,70.23069440247866,1,1,0,0
Normal,under 18,5.795436398403632,2827.2566404325166,58,Moderate,Medium,71.93781449675328,1,0,0,1
Dry,35-44,6.620679901332439,779.1465065487566,26,Moderate,High,82.38135956591435,1,0,0,0
Sensitive,under 18,8.81509889976339,1846.8093179188213,92,Moderate,Medium,84.51922165209675,1,0,0,0
Normal,18-24,4.2258879911823914,1841.658256018295,55,Moderate,Medium,69.8709526753924,1,0,0,1
Normal,25-34,7.781505844907355,2202.0245832664846,60,Low,High,75.63008382337108,1,0,0,0
Sensitive,35-44,9.697622468747229,1573.6160687150348,69,Low,Medium,90.0,0,0,0,0
Dry,55+,7.070080180397459,1650.2153607107891,14,High,Low,82.64494342841694,0,0,0,1
Sensitive,35-44,4.686710658719166,2442.7636861529772,85,Low,Low,90.0,0,0,0,0
Oily,under 18,7.69490435372128,2141.8392248494265,82,Low,High,81.92044319413809,1,0,0,0
Dry,18-24,7.640185289887967,1657.26357365579,65,Low,Low,83.58990020829404,0,1,0,0
Normal,25-34,5.49145736902271,2018.82368608468,12,Low,Medium,81.72688924878723,0,0,0,1
Sensitive,18-24,8.741817103617421,2804.0385677267736,81,High,Low,90.0,0,0,0,0
Oily,18-24,8.19314906021115,2014.587213384048,46,Moderate,High,79.22977587189035,1,0,0,0
Oily,under 18,7.4046758940999045,2005.7969296626857,24,High,Medium,64.87396706153943,1,0,1,1
Sensitive,55+,5.461084990450858,2012.3236891052716,78,High,Low,67.14801249524808,0,0,1,1
Normal,55+,4.99775977361726,1937.9613869484801,22,Moderate,Low,67.37890476735365,0,0,1,1
Sensitive,18-24,9.454157665894478,2411.4296113916757,7,High,High,68.60763710704998,1,0,0,1
Sensitive,under 18,5.615321223645205,1963.7854651788584,38,Low,Low,67.64071750066059,1,0,0,1
Combination,35-44,5.748435532367893,1968.743115911395,5,High,High,55.8212294883263,1,0,1,1
Normal,18-24,8.561661724786845,2326.503969154952,28,Moderate,Low,90.0,0,0,0,0
Combination,45-54,10.0,2596.2387012537856,7,Moderate,Low,81.64642572482191,0,0,1,0
Sensitive,25-34,7.306000571616537,2338.574987066647,54,High,High,90.0,0,0,0,0
Sensitive,55+,6.696335238724997,1436.2478764567518,68,High,Medium,79.6108198219537,0,1,0,0
Normal,under 18,8.958664867431281,2504.4957384658237,18,High,Medium,62.40847768067649,1,0,1,1
Sensitive,25-34,6.638418678109054,2136.967868465669,9,High,High,60.725777725540254,1,0,1,0
Dry,45-54,8.861408781077209,2423.17571310301,57,High,Low,78.06182536498167,0,0,1,0
Sensitive,18-24,4.805348123125452,2121.8100107449122,29,High,Low,73.40809456992034,1,0,0,1
Dry,55+,6.748552711767454,2556.5003495693404,99,High,Medium,68.86340220317857,0,1,1,0
Combination,under 18,8.546564108173992,2659.3039140890223,100,Low,Medium,75.56897348126446,1,0,0,0
Dry,under 18,5.323158491919688,1607.9442329718806,4,High,High,66.54231339926494,1,1,1,0
Normal,35-44,8.671123654203157,1704.1770923287772,67,Low,High,90.0,0,0,0,0
Dry,under 18,4.717850528628539,2266.2982438070326,8,Moderate,Medium,67.05528036094837,1,1,0,0
Combination,under 18,6.179172339601041,2894.8953851542,90,High,Medium,90.0,0,0,0,0
Sensitive,under 18,7.444276830982695,2080.1296433208327,58,Low,Low,90.0,0,0,0,0
Dry,18-24,6.446134162576365,2795.4176669634858,14,High,High,60.01113558528881,1,0,1,0
Oily,35-44,7.537831689834731,1795.7502409218969,35,Low,Low,77.87905862895413,1,0,0,0
Oily,under 18,5.808874440091829,1963.263472717891,98,Moderate,Medium,76.51079447057313,1,0,0,1
Dry,25-34,5.533529744267792,2514.438720839472,7,Moderate,High,68.01646234623114,1,1,0,1
Dry,55+,4.287486918963649,1930.2429858334647,90,Low,High,41.511822169231166,1,1,1,1
Dry,45-54,7.915200317631902,2171.0597100548284,64,Low,Low,75.450955674558,0,1,1,0
Sensitive,under 18,5.924075540476497,2330.1293533532744,32,High,Medium,64.38969825109459,1,0,1,1
Normal,25-34,5.670940917421139,1988.8076717515949,24,Low,Medium,90.0,0,0,0,0
Sensitive,18-24,7.9777623579705335,2231.4563897465564,98,Moderate,Medium,90.0,0,0,0,0
Normal,25-34,5.987441482870798,2598.7472582821815,14,High,Medium,63.38277873505491,0,0,1,1
Normal,35-44,7.130041857228301,2371.4977054695755,63,High,High,90.0,0,0,0,0
Sensitive,under 18,9.293651510009871,2558.7602743873035,82,Low,Medium,83.03791627514362,1,0,0,0
Combination,45-54,8.680194109496565,2096.3399649247363,56,Moderate,Medium,70.34829066155663,0,0,1,0
Oily,18-24,8.190902681365765,2106.798287282158,67,Low,Medium,76.0642644503262,1,0,0,0
Combination,18-24,5.18601329833238,2151.3718962525213,15,Low,Low,79.03308266701787,1,0,0,0
Oily,35-44,7.384541475607699,2291.86468076091,14,Moderate,Medium,80.28060266993137,1,0,0,0
Normal,55+,6.808004537179907,1619.2722216180746,43,High,Medium,81.8357214404445,0,0,1,0
Oily,under 18,7.98475912476284,1343.363856373876,16,High,Low,73.0674609458464,1,1,0,0
Combination,55+,9.188228703784704,1884.2909693975039,23,Moderate,Medium,80.20708609123878,0,0,1,0
Combination,25-34,7.368292258084252,2279.279076640786,45,Low,High,82.387770970111,1,0,0,0
Normal,25-34,7.886032067266286,1295.5078500241325,76,High,High,70.90360601620203,1,1,0,0
Dry,45-54,8.236129870816395,2151.5769141881365,100,High,Medium,65.93129218422088,0,1,1,0
Normal,55+,6.047107923162087,1625.166524527043,69,Moderate,Medium,79.06589787020059,0,0,1,0
Dry,35-44,6.4989203769147315,1350.6291566947539,74,Low,High,79.03871720228545,1,0,0,0
Dry,under 18,9.583401086480539,2743.075662571672,72,High,High,83.12673994043739,1,0,0,0
Sensitive,35-44,7.677550301463909,1888.3007918289545,63,Low,Low,90.0,0,0,0,0
Normal,45-54,6.704338018093907,2379.0328530869842,11,Moderate,Low,90.0,0,0,0,0
Normal,18-24,9.636740349252925,1714.8016302016285,26,Low,Medium,80.35064157479874,1,0,0,0
Oily,25-34,5.323620936065014,2773.8203867976354,18,High,Medium,65.2658203459454,1,0,1,1
Sensitive,45-54,4.319292118623323,1495.7345958736769,80,Low,Low,73.67092262294734,0,0,1,1
Normal,45-54,6.62971316123372,1219.7832660974846,100,Moderate,High,72.31076959968996,1,1,0,0
Combination,18-24,8.668223594209897,2428.45263525255,17,Low,Low,83.87920177815018,1,0,0,0
Combination,25-34,6.137810159177024,2639.807059588874,83,Moderate,Medium,90.0,0,0,0,0
Normal,25-34,9.173938642605739,1943.4146758549682,1,Low,High,90.0,0,0,0,0
Sensitive,55+,6.323997733647989,3129.801013871239,9,Low,High,62.90976331850367,1,0,1,0
Sensitive,under 18,8.081742733126232,2128.1623264844266,31,Moderate,Medium,76.53995426418109,1,0,0,0
Sensitive,18-24,9.045318919959419,2150.9653175015105,1,High,High,56.03282576474665,1,0,1,1
Dry,35-44,6.241569121121217,2040.0798802437766,22,Low,Medium,90.0,0,0,0,0
Dry,55+,8.557981430979602,1003.9072168253932,100,Moderate,Low,83.46110234131616,0,0,1,0
Oily,35-44,6.567953890841168,2691.5286992908023,71,Moderate,Medium,75.06965982615895,1,0,0,0
Dry,55+,6.232197398359723,2773.054280215705,96,Moderate,Low,76.77148200837549,0,1,1,0
Dry,45-54,9.12211572903972,1967.2354422555243,2,Moderate,Low,90.0,0,0,0,0
Sensitive,45-54,6.147191042666499,1856.3205629251827,54,Moderate,Medium,79.24889211057203,0,0,1,0
Sensitive,45-54,10.0,2937.212223466622,64,High,Low,81.90558913011466,0,0,1,0
Dry,under 18,7.188086457710107,1695.9232241897953,72,Moderate,High,74.0295780753495,1,1,0,0
Normal,45-54,7.175561553371895,2121.9134633083822,84,High,Low,77.91802853943929,0,0,1,0
Oily,under 18,5.134961893585968,2040.0206346076302,96,Moderate,Medium,80.58617420631568,0,0,0,1
Oily,55+,8.983606487217596,1100.3216593917632,90,Low,Medium,61.97793216557476,1,1,1,0
Dry,under 18,8.239875947705873,2687.3989850273897,39,High,Medium,68.70247734548178,0,1,1,0
Combination,55+,6.159163982358447,2847.087879095528,25,High,Medium,71.996369528425,0,0,1,1
Sensitive,55+,5.964494406327482,2220.541330930202,62,Low,Low,74.68836831001532,0,0,1,1
Dry,45-54,6.539840973004554,1846.5018214186982,21,High,Low,80.36721026921909,0,0,0,1
Oily,45-54,6.074051395362932,2349.2877404310098,51,High,High,67.13067403140018,1,0,1,0
Dry,35-44,8.273208186597174,1967.7889002114057,32,Moderate,Low,77.78591761720739,0,1,0,0
Sensitive,45-54,4.960047679491589,2201.585083317195,45,High,High,82.85257213798394,0,0,0,1
Normal,under 18,7.633021539116041,1891.6424943067864,25,Moderate,Low,79.7766444329015,1,0,0,0
Oily,18-24,9.800846930771213,1218.035367549673,97,Moderate,High,76.45369340453941,1,1,0,0
Normal,35-44,3.674074434619648,1634.5825501511645,34,Moderate,Medium,90.0,0,0,0,0
Combination,under 18,8.065636801137174,1472.0776812830795,38,Low,Medium,90.0,0,0,0,0
Sensitive,25-34,5.528543622210887,2475.510668089077,48,Low,Medium,90.0,0,0,0,0
Sensitive,under 18,7.693821884196624,2188.5304548142,32,Moderate,Medium,90.0,0,0,0,0
Oily,35-44,8.172143379198292,1787.4035233635577,20,Moderate,Medium,76.06832918621868,1,0,0,0
Oily,25-34,6.431523888912713,2404.8896362807127,99,High,Low,90.0,0,0,0,0
Dry,45-54,4.9826698288282,928.6400768007268,90,Moderate,High,66.98023972443143,0,0,1,1
Sensitive,55+,6.350073739558218,2465.436644532846,61,Low,Medium,82.35636339769883,0,0,1,0
Combination,18-24,7.383339548480205,2428.6457520615077,61,High,Medium,84.27876687227462,1,0,0,0
Normal,55+,3.975558534365252,2157.748404161746,62,High,Medium,70.47900779713223,0,0,1,0
Normal,18-24,7.980796756963567,1324.6012886946578,54,Low,Low,78.87459577123573,0,1,0,0
Normal,35-44,8.293086385819818,1944.2405517471036,57,High,High,82.13431085208643,1,0,0,0
Normal,under 18,10.0,911.3819655516322,74,Moderate,High,74.15438670264824,1,1,0,0
Sensitive,25-34,9.053671551512126,1802.9209517369632,51,Low,High,90.0,0,0,0,0
Oily,45-54,4.574272428339935,1736.522428217504,54,Moderate,Low,64.61773135889672,0,0,1,1
Oily,under 18,7.416218862006199,2518.7333347825215,48,Low,Medium,75.5780286386696,1,0,0,0
Sensitive,25-34,9.582946432198263,2710.9465443521713,50,High,Low,90.0,0,0,0,0
Normal,55+,5.551926968943258,2565.0823461330583,53,Moderate,Low,84.61578413811105,0,0,1,0
Combination,18-24,7.586927435681311,1672.698489535506,64,Low,High,80.78915365931084,1,0,0,0
Combination,35-44,6.682134109783778,1645.0786702776381,98,Moderate,Low,90.0,0,0,0,0
Oily,35-44,7.055638512904684,1635.17105885294,74,Moderate,Low,76.15058088713168,1,0,0,0
Dry,55+,5.458008890173842,2239.559563891386,30,Low,Medium,70.63157544756939,0,0,1,1
Oily,18-24,7.943095822389456,1906.201499954194,60,High,High,81.12880515385032,1,0,0,0
Dry,18-24,9.051476955903958,1869.7847067524435,41,Moderate,Low,75.68877823145189,1,0,0,0
Oily,25-34,6.545838182311693,2330.2444911728485,46,High,High,65.22551911976487,1,0,1,0
Combination,18-24,6.801361622584995,2042.3988645130717,37,Low,Medium,84.42827550489052,1,0,0,0
Combination,under 18,3.2193422940714025,2008.3536923689874,95,Low,High,74.32057927979598,1,0,0,1
Normal,under 18,4.25920609379311,1389.5247145005646,74,Moderate,High,80.20721619378972,0,0,0,1
Normal,under 18,4.997016191866742,1478.708423233087,43,High,High,70.10386715498704,1,1,0,0
Sensitive,45-54,6.176719210551621,1756.7536922272573,95,Moderate,Medium,72.7274810101836,0,0,1,0
Dry,45-54,7.996412806385688,2111.1939070673484,77,High,High,69.97338121026068,0,1,1,0
Combination,35-44,4.1483883567730215,2041.6473187734039,84,High,High,71.1818342513539,1,0,0,1
Combination,25-34,7.477382869875141,1835.716741873521,86,High,High,90.0,0,0,0,0
Sensitive,under 18,6.908671034639946,2095.155062698528,94,Low,Medium,90.0,0,0,0,0
Dry,18-24,8.146899396453371,1212.5600062686326,48,Moderate,High,74.11653527980789,1,1,0,0
Combination,18-24,6.633524442040526,2754.1680490288645,6,Low,Medium,80.69782495926165,1,0,0,0
Sensitive,45-54,9.124991962446934,2425.46846388789,95,Moderate,Medium,78.48633243905189,0,0,1,0
Oily,under 18,7.805237025933514,2827.317374201044,98,Moderate,Medium,78.54841745815291,1,0,0,0
Sensitive,under 18,9.876772002409998,1935.4600059765737,76,Moderate,Medium,81.29938666233903,1,0,0,0
Normal,35-44,5.545851335067519,1864.8538411877523,54,Moderate,Low,81.33977908745753,0,0,0,1
Oily,35-44,10.0,1215.3218286374029,69,Low,High,81.19139203032618,1,0,0,0
Combination,55+,6.294191290705874,1293.6544237536843,80,Moderate,Low,76.88167675740134,0,0,1,0
Oily,18-24,7.187145794316078,1398.6544855525663,58,High,Medium,63.97628846540522,1,1,0,0
Dry,under 18,6.836873465749573,1024.9524199906205,14,High,High,51.413003249746666,1,1,1,0
Sensitive,25-34,7.926430997626976,2611.1726282339873,47,High,Medium,76.26958289250013,0,0,1,0
Normal,45-54,6.424084566904812,1932.434996462149,34,Low,High,73.64652966263021,1,0,1,0
Normal,under 18,6.754889153903032,2090.4553376125127,85,Moderate,High,90.0,0,0,0,0
Combination,25-34,6.942745619550358,2384.058476215347,59,High,Medium,90.0,0,0,0,0
Combination,55+,8.849558700176418,1592.9643887539087,92,Moderate,Low,84.0155839909996,0,0,1,0
Sensitive,55+,6.536007260838555,2450.8097244623723,57,High,High,68.41163776623402,1,0,1,0
Sensitive,under 18,4.867496427911451,1014.639359077215,24,High,Low,72.91319712564112,0,1,0,1
Dry,45-54,7.339473929347718,2248.173205535246,11,Moderate,High,51.478903565036845,1,1,1,0
Sensitive,35-44,5.916549718069612,1710.6744729397724,66,Moderate,High,74.85776546777234,1,0,0,1
Sensitive,under 18,5.859711517388652,1566.5373803277828,68,Low,High,81.436008291645,1,0,0,0
Oily,45-54,8.0402437309069,1409.7507565011806,55,Low,High,60.998893330924766,1,1,1,0
Sensitive,25-34,6.601715707849976,1547.3319162425737,53,Low,Medium,90.0,0,0,0,0
Combination,under 18,4.817066536148177,2435.0890873733856,52,Low,Low,80.56810675625296,0,0,0,1
Dry,35-44,6.220262166739691,2094.2200402103786,78,Moderate,High,75.76531704661181,1,0,0,0
Sensitive,45-54,4.737886180298485,1629.030273121762,89,Low,Low,83.10359560242152,0,0,0,1
Dry,35-44,8.134131821042509,3293.635727922655,25,Low,High,70.62979655296327,1,1,0,0
Normal,under 18,4.035675903414532,1899.446102355287,96,Low,Low,81.5581055501418,0,0,0,1
Sensitive,18-24,7.61842089721525,1691.949923380358,54,Moderate,Low,75.34923095837293,1,0,0,0
Normal,under 18,8.274282980491186,1566.6336646698435,81,Moderate,High,76.94236010559175,1,0,0,0
Oily,under 18,7.230771490324962,1738.96404775082,20,High,High,67.76585233951242,0,0,1,1
Combination,under 18,8.829146624432159,1661.8177484821972,100,Moderate,Medium,80.12529979006689,1,0,0,0
Oily,25-34,6.472189305570226,2472.8445187485777,5,Low,Medium,78.22169993867547,1,0,0,0
Combination,18-24,5.4579420113607044,2034.375028381786,70,Moderate,Low,90.0,0,0,0,0
Combination,35-44,4.266198484470097,1456.0332706854626,88,High,High,68.47473837100007,1,1,0,0
Dry,55+,7.573196913836205,1504.6512452318839,6,Low,Medium,63.00013758700146,0,1,1,0
Sensitive,25-34,6.183140602264313,2246.543201023969,82,Low,Medium,90.0,0,0,0,0
Combination,18-24,6.131220788279604,2411.421036608179,81,Low,Low,75.59512868504913,1,0,0,0
Dry,25-34,7.323494181229097,2217.8415559622517,18,Low,High,64.18527716006552,1,1,0,0
Dry,under 18,8.861448398107798,2159.911531307033,63,Low,Medium,70.98340771646933,1,1,0,0
Oily,55+,9.308270935704016,2455.6311415189116,91,High,High,79.18311653938233,0,0,1,0
Oily,under 18,6.214821355248315,2646.5740375106357,55,Moderate,Low,90.0,0,0,0,0
Oily,25-34,7.395799031354418,1802.6601456697483,49,High,Medium,64.72988294153377,1,0,1,0
Normal,45-54,7.417578542981324,2556.1634121951315,0,High,High,58.13620819271475,1,0,1,1
Dry,35-44,7.682567641363333,2911.1964162756985,52,High,Low,90.0,0,0,0,0
Dry,under 18,8.629795836848233,2261.580016701081,69,Moderate,Low,83.6062571331505,1,0,0,0
Oily,55+,5.460897875888263,1910.1337429949397,89,Moderate,Low,61.69951537688177,1,0,1,0
Normal,18-24,7.107496209626277,2348.3157506088737,37,High,High,76.13908764607706,0,0,1,1
Dry,25-34,7.955999561908289,2084.7702051091433,89,Moderate,Medium,90.0,0,0,0,0
Sensitive,45-54,7.180524873065757,2360.2284475380347,88,Moderate,Low,80.72320668419555,0,0,1,0
Oily,55+,5.712120661555021,2847.7579096249283,59,Moderate,Medium,67.13882187850892,1,0,1,0
Dry,18-24,3.929249672254793,2727.7047410860146,30,High,Low,53.238867890699844,1,1,1,0
Dry,18-24,6.932221707362257,2501.289907135797,13,Moderate,Medium,79.97718217176194,1,0,0,0
Normal,35-44,7.545760651438919,2173.017205455401,19,Moderate,High,84.6610719060404,1,0,0,0
Combination,55+,7.8313817140397814,2404.5271445438893,9,High,Low,62.6752387638382,0,0,1,1
Oily,45-54,6.50675376011914,2517.3995652631183,2,Moderate,Medium,72.07312076158132,1,0,1,0
Dry,45-54,5.373294064631825,1997.3347133369377,10,High,Low,84.5623392999608,0,0,0,1
Normal,25-34,8.253954886408415,2497.5087898079446,74,Low,Medium,90.0,0,0,0,0
Dry,35-44,7.691183272392101,1803.3037810221322,29,Low,Low,80.61487280746853,0,1,0,0
Sensitive,25-34,8.345061667553056,1665.3168804406232,52,Moderate,Low,90.0,0,0,0,0
Dry,25-34,9.627113610623367,1957.664551250168,13,Low,High,81.64651880207921,1,0,0,0
Dry,45-54,4.690561458691059,1402.658265991724,39,Low,Low,69.7395372755943,0,0,1,1
Dry,18-24,7.065465455319381,2069.912635663027,23,Moderate,High,82.45198318425162,0,1,0,0
Combination,under 18,9.954485027426642,1480.7503311928867,91,High,Medium,75.95594295075452,1,0,0,0
Combination,45-54,7.059193298955896,1470.2892964589716,80,Low,High,72.5958337949642,0,0,1,0
Combination,45-54,6.261017720179895,2841.986015034669,49,Low,High,82.47974172065332,0,0,1,0
Combination,55+,5.295495665266014,2293.521212033917,75,Low,Medium,64.38173187130123,0,0,1,1
Dry,25-34,7.589361038521587,1987.9142868208958,44,Moderate,High,79.88254009374376,0,1,0,0
Oily,45-54,7.779154934787607,1419.9898090283557,81,Low,High,48.0116230529614,1,1,1,0
Dry,25-34,9.484483761705336,2962.4227475617604,28,High,High,49.33118434387287,1,0,1,1
Combination,35-44,7.07065704663897,3211.553065306777,7,High,Low,76.46932600813744,0,0,1,0
Dry,25-34,6.40145810267512,2200.21599692814,61,Low,Medium,77.10517839455036,0,1,0,0
Sensitive,55+,9.14783359566177,1770.4977698885452,95,High,Low,74.50420227701416,0,0,1,0
Sensitive,55+,4.927676411680842,1194.1414671905732,73,High,High,46.579656241063475,1,1,1,1
Dry,35-44,10.0,1735.4876746806112,6,Low,High,75.42435688568966,1,1,0,0
Sensitive,18-24,6.721394854872252,1443.6179608394727,63,Low,Low,90.0,0,0,0,0
Oily,18-24,8.422508918993783,1609.2200703877074,53,Low,Low,90.0,0,0,0,0
Dry,under 18,6.263105458508017,2149.7602097080803,70,Low,Low,75.80212842086708,0,1,0,0
Oily,25-34,5.4039311091316415,1910.7088652428872,90,Low,High,82.32042875857431,0,0,0,1
Combination,under 18,9.103314384254904,2214.1271987584314,100,Moderate,Low,78.22680532421745,1,0,0,0
Normal,45-54,7.195813438642538,2107.4323547319327,21,Low,Low,81.53177253011539,0,0,1,0
Dry,45-54,6.416297356035154,2998.076159877463,59,Low,High,68.36154323624764,1,0,1,0
Dry,55+,5.781764304198899,2105.463080981965,5,Moderate,Low,67.36044132606332,0,1,1,0
Normal,under 18,7.172538349514211,2504.3812535665675,1,High,Medium,59.00968280261837,1,0,1,1
Oily,45-54,8.65476090819046,1983.9905977564647,59,High,Medium,70.48468234743584,0,0,1,0
Normal,45-54,7.435999739669574,2164.267376956974,8,Low,High,81.91649228717927,1,0,0,0
Oily,55+,3.5917875166440894,1205.5051987611123,58,High,High,65.47325535353686,0,1,1,1
Dry,55+,6.092404463917044,1719.2006618115656,28,Low,Medium,90.0,0,0,0,0
Normal,55+,5.201076367053801,2374.791285686815,64,Moderate,Medium,79.09936810992852,0,0,1,1
Oily,35-44,7.003177631526209,1892.6527263065814,12,Low,High,82.2655561912484,1,0,0,0
Combination,18-24,5.11576708823892,1977.7275678776057,10,Moderate,High,69.16303969898681,1,0,0,1
Combination,55+,3.0599728660020826,1918.5218445970795,50,High,Low,78.27150638992434,0,0,1,0
Combination,25-34,7.094775503211634,2120.957492160749,63,Moderate,Medium,90.0,0,0,0,0
Combination,18-24,4.65384735478108,2112.4083683457375,65,High,Low,70.21813705341428,1,0,0,1
Dry,25-34,5.437853095203186,1593.765083853833,60,High,Low,77.83566064298375,0,1,0,0
Oily,35-44,8.076897078733998,3007.056861679872,19,Low,High,76.2968797393309,1,0,0,0
Sensitive,25-34,7.07703813820402,1591.452270679884,99,Moderate,Medium,90.0,0,0,0,0
Normal,18-24,7.2830056712649975,2469.5145787495726,11,Moderate,High,76.93502217763935,1,0,0,0
Combination,55+,7.9314963488091035,3371.556436231873,86,Low,Medium,83.2768811233382,0,0,1,0
Normal,under 18,5.9269936463579995,2126.115739959649,63,Low,High,90.0,0,0,0,0
Oily,45-54,9.323376930127305,2743.079618509266,88,Moderate,Medium,70.90161191289125,1,0,1,0
Sensitive,under 18,4.074883110213429,1998.3211899800094,78,Low,Low,72.43447983896496,1,0,0,1
Combination,18-24,9.22678114877305,3445.3214951995687,40,Low,Medium,76.56700015692073,1,0,0,0
Sensitive,under 18,8.055693825626228,1816.0683531517582,76,Low,Low,75.8646737805948,1,0,0,0
Combination,35-44,5.486195271343915,3109.371678765425,25,High,High,79.70950988762526,0,0,1,0
Normal,45-54,8.093112379698638,1575.9665365572912,26,Low,High,74.99683462800823,0,0,1,0
Combination,under 18,6.6952654504993285,2155.093258414352,30,Low,Low,90.0,0,0,0,0
Sensitive,55+,7.815709980832176,1550.190671227105,76,Moderate,Medium,90.0,0,0,0,0
Dry,18-24,6.078714372811761,1173.5327188135202,35,Moderate,High,80.81566247216375,0,1,0,0
Sensitive,45-54,8.559643434407173,1829.190766614842,66,Low,High,59.92655612076772,1,0,1,0
Oily,25-34,7.699482473774938,2711.1292542881633,29,High,Medium,65.32901074036612,1,0,1,1
Sensitive,55+,7.329805213560919,1943.514762025466,79,Moderate,Medium,71.06214523070588,0,0,1,0
Combination,55+,7.290882215325901,2031.5968019251134,27,High,Low,84.72257522417627,0,0,1,0
Combination,35-44,8.869247496816918,2155.419198769395,55,High,Medium,90.0,0,0,0,0
Combination,55+,6.183398470631631,2523.9245284448752,47,High,Medium,80.40670733893926,0,0,1,0
Sensitive,35-44,8.845726534537528,1330.8346865897684,66,High,High,83.5050663098643,1,0,0,0
Normal,18-24,9.299175827152158,2182.3558866042426,50,High,Low,90.0,0,0,0,0
Normal,under 18,7.424904925219898,2503.3123157982573,9,Low,High,79.59097381760535,1,0,0,0
Dry,under 18,6.149535413493582,2477.082257095462,83,Low,High,83.109057491358,1,0,0,0
Dry,under 18,6.434836795393217,1262.524660144831,88,Low,Medium,64.86698646300538,1,1,0,0
Dry,55+,5.503365581339599,2283.5109164516134,25,High,Medium,73.77193378146053,0,1,0,1
Normal,under 18,5.581797490008013,2805.0380615948247,31,High,Medium,56.18967626622742,1,0,1,1
Combination,55+,8.783925180159464,2666.7195830164824,9,High,Medium,80.45836487830414,0,0,0,1
Dry,25-34,7.187167869516118,2128.93080864748,4,Low,Low,79.71086321011254,0,1,0,0
Normal,35-44,5.209432218633584,2497.891755078745,37,Low,Medium,90.0,0,0,0,0
Dry,45-54,7.569750182555628,2283.6528126461303,40,Moderate,Medium,67.43426283023263,0,1,1,0
Sensitive,55+,9.532467717179323,1697.018508026245,0,Low,Low,71.92803722997948,0,0,1,0
Oily,35-44,6.810787675184023,2163.335460771084,80,High,High,90.0,0,0,0,0
Oily,under 18,5.59684689181194,1906.2005893615801,71,Low,High,75.90856372829893,1,0,0,1
Oily,18-24,7.739424715700454,1837.2893643135844,58,Low,High,90.0,0,0,0,0
Normal,under 18,8.963484114593669,1244.537719091503,33,Moderate,High,69.55275318087118,1,1,0,0
Dry,18-24,8.684156860350013,2330.5927374080024,4,High,Medium,49.200581576478776,1,1,1,1
Sensitive,25-34,6.146757118665114,1537.7957158850008,41,High,Low,81.11961565134213,0,0,1,0
Dry,35-44,3.879576074136322,1602.412493793083,26,Low,Low,78.21957122900484,0,1,0,1
Oily,35-44,8.570764982504496,1971.9571368606628,85,Moderate,Low,90.0,0,0,0,0
Dry,25-34,8.744471320587763,1690.064464687724,31,High,High,41.731961506834,1,1,1,1
Oily,under 18,8.060659240159843,1641.2506989577892,11,Low,High,84.48438752531244,1,0,0,0
Normal,under 18,5.551637490685241,1946.4363914146618,68,Moderate,High,84.02279553537404,1,0,0,0
Sensitive,35-44,6.002550233020005,1228.5889254813937,83,Low,Medium,90.0,0,0,0,0
Oily,55+,6.72652794892451,2053.2177082156445,33,High,Low,68.41257588930905,1,0,1,0
Combination,18-24,8.902537917244102,2468.40283856653,47,Low,Medium,82.37258535414823,1,0,0,0
Dry,18-24,8.829914798849247,2360.1787491967543,19,High,High,66.4149818393331,1,1,0,1
Normal,under 18,7.498919138424962,1385.5275467640538,73,Low,High,90.0,0,0,0,0
Dry,25-34,7.2248082969029115,2298.396888665407,71,Low,Medium,90.0,0,0,0,0
Oily,45-54,9.186156924055654,2343.144270865907,100,Moderate,High,82.02732495540994,1,0,0,0
Normal,45-54,8.860575151908133,1484.0010543173805,51,Moderate,Medium,76.55229426522382,0,0,1,0
Combination,55+,6.5103735607778574,2214.6753568306353,34,High,Medium,64.71267008893301,0,0,1,1
Sensitive,25-34,8.741429036113843,1927.38567708054,47,Moderate,Low,90.0,0,0,0,0
Dry,18-24,6.87633106127627,2343.5701530014894,37,Low,Low,70.66460920050193,1,1,0,0
Oily,25-34,5.311193759282314,2803.7022749117145,3,High,Low,73.8211643684071,1,0,0,1
Oily,under 18,5.681295860338473,1040.7052882203484,18,High,Low,68.3934021035922,1,0,1,0
Normal,18-24,7.015100512783871,2849.2293511877824,38,Low,High,78.45928047899488,1,0,0,0
Sensitive,35-44,7.879679695500415,2375.5452715018164,93,High,Medium,90.0,0,0,0,0
Dry,25-34,7.062078643460671,1923.8112513644114,14,High,High,71.0663461030782,0,1,1,0
Oily,55+,4.682635945610327,870.306871047907,27,Moderate,High,57.76666006301204,0,1,1,1
Combination,18-24,7.294408507661295,2656.274597170113,41,High,Medium,60.86008070067008,1,0,1,0
Normal,25-34,7.516200557242098,2311.7997635260067,15,Moderate,Medium,90.0,0,0,0,0
Oily,25-34,9.37557631845931,2164.383425720529,31,Moderate,Low,90.0,0,0,0,0
Normal,35-44,6.816017349538571,1590.7375971749675,16,Moderate,Low,90.0,0,0,0,0
Oily,45-54,10.0,2263.2738895768402,65,Moderate,High,68.74669160633718,1,0,1,0
Oily,25-34,5.584597426121004,1414.4161660993816,38,High,Low,52.55485426332981,1,1,1,0
Sensitive,25-34,8.879595590393368,1481.2791517958372,89,Moderate,High,69.41953254169744,1,1,0,0
Normal,45-54,9.780751236253332,621.7686014546443,0,Moderate,Low,69.58605503302762,0,1,1,0
Combination,55+,9.133892796684965,2243.4474055809824,84,High,Low,75.95414466534147,0,0,1,0
Combination,18-24,7.177891634585311,1912.2707824791185,61,Low,Medium,77.74518538248815,1,0,0,0
Oily,45-54,9.836094772891045,2353.529429200602,70,Moderate,Medium,75.90157327705307,1,0,0,0
Oily,45-54,5.645194586656823,1140.5450219855593,30,Moderate,Medium,63.878660185512544,1,1,1,1
Normal,25-34,7.2659458197209625,1999.464433231293,2,Low,High,90.0,0,0,0,0
Normal,18-24,4.7201979439367365,1972.303237258832,48,High,Low,90.0,0,0,0,0
Oily,25-34,6.1390980503887,2004.6450341533473,44,Moderate,High,78.71941636303247,1,0,0,0
Combination,35-44,8.088885417472603,2746.304973732018,3,Moderate,Medium,90.0,0,0,0,0
Dry,25-34,8.36333355455393,1639.2796250848971,81,High,Low,90.0,0,0,0,0
Sensitive,35-44,7.553372693243792,2031.553560746012,55,Low,Medium,90.0,0,0,0,0
Normal,under 18,5.001806568053649,2199.1163923461363,53,Moderate,Low,75.81671741471709,1,0,0,1
Normal,under 18,9.78500850687657,2016.213302093502,33,Moderate,Medium,83.07939295349483,1,0,0,0
Dry,18-24,4.608725980411899,2015.1343355543095,24,Low,High,66.68055986454327,1,0,0,1
Oily,45-54,5.179431701540125,2431.802753443144,15,Low,High,62.68961437143044,1,0,1,1
Normal,under 18,7.7872974875876935,1914.5449732626284,4,Moderate,High,75.43241921372488,1,0,0,0
Normal,45-54,6.503253601216268,1893.8828491922266,12,High,High,62.776766295964876,1,0,1,1
Sensitive,45-54,7.01241174151348,1613.882489329229,84,High,Medium,72.65743543994688,0,0,1,0
Oily,35-44,4.918370378497844,2569.349473347324,41,Low,High,74.42926924759256,1,0,0,1
Sensitive,18-24,6.421898535254563,2083.5215520845722,100,Moderate,High,83.91918109024085,1,0,0,0
Combination,under 18,7.427922926751242,2161.010239827607,46,Moderate,Low,82.69789872471954,1,0,0,0
Sensitive,45-54,5.239273004352364,1162.079917724076,66,High,High,56.67253460033885,0,1,1,1
Dry,25-34,6.116961212962012,2197.855766208477,92,High,Low,90.0,0,0,0,0
Combination,18-24,5.908075198788531,1822.539323150383,85,Moderate,High,80.67334994607742,0,0,0,1
Oily,18-24,10.0,1077.2880575977322,23,Low,Low,90.0,0,0,0,0
Normal,18-24,5.867449006134252,2948.302034286964,48,High,High,76.37910944233505,1,0,0,0
Dry,45-54,6.933101992007165,1647.0074172505447,45,Moderate,High,70.20132753303596,1,1,0,0
Sensitive,55+,8.75315337551668,2027.6152182405556,48,Low,Medium,90.0,0,0,0,0
Sensitive,18-24,6.477537407433991,2096.1844635187554,37,Moderate,Low,80.22523643358188,1,0,0,0
Oily,25-34,6.012836785925851,1491.2544685559608,80,High,Low,84.46641738476755,0,1,0,0
Dry,55+,6.829604608547878,1494.5015199619966,50,Moderate,High,60.764521545236846,0,1,1,0
Normal,45-54,7.01603996769472,2177.2032837371694,45,Moderate,Medium,90.0,0,0,0,0
Dry,35-44,8.279590684077416,2563.9624927584136,43,High,Low,76.23734441382447,0,0,1,0
Oily,under 18,6.391395247551623,2249.7073039695347,46,Low,Medium,90.0,0,0,0,0
Combination,35-44,7.738785169309534,2163.9093579079918,44,Moderate,Low,90.0,0,0,0,0
Dry,35-44,6.280810883574312,1485.9660937679446,25,Moderate,Low,79.53323635806885,0,1,0,0
Normal,under 18,7.753002833599839,1146.568718903475,79,Low,Low,76.82878995292391,1,0,0,0
Oily,18-24,6.5982408511475334,723.1844921757008,32,Low,Low,84.27736835154906,1,0,0,0
Sensitive,35-44,4.995396364962605,1561.4330307762878,3,Moderate,Medium,84.3357487628893,0,0,0,1
Normal,25-34,8.645086311443926,2344.0540122021343,97,Moderate,High,82.01670191353705,1,0,0,0
Oily,18-24,6.169097974236637,2364.6848975648754,93,High,Medium,83.2535171439152,1,0,0,0
Sensitive,55+,8.331434445070595,1919.6675758126391,22,Moderate,Medium,70.03058705874126,0,0,1,0
Dry,under 18,4.9234327836794645,1896.043844966943,90,High,Medium,74.34245997336276,0,1,0,1
Normal,55+,6.8531613922417955,1383.7728045848871,11,Low,Medium,67.75900345071386,0,1,1,0
Combination,45-54,7.550570189394952,2139.905927151178,85,High,High,64.8407729097914,1,0,1,0
Sensitive,18-24,7.66756404984128,2139.4615485837217,88,High,High,80.48578926326174,1,0,0,0
Normal,25-34,8.094764552672475,1910.3359860634841,11,Moderate,Medium,90.0,0,0,0,0
Combination,under 18,7.30267766105643,1801.129857877234,75,Moderate,Low,82.88992738755726,1,0,0,0
Oily,45-54,6.1232511765670745,2669.124815381038,66,Moderate,Low,82.57727674718613,0,0,1,0
Combination,18-24,3.9343469477102553,2438.379994577132,75,High,Medium,80.03783434186145,1,0,0,0
Sensitive,55+,6.0691886868315095,1624.9809111784396,85,Low,Medium,80.41262709230074,0,0,1,0
Sensitive,18-24,7.392366226098111,1255.1951938244986,84,Moderate,Medium,90.0,0,0,0,0
Sensitive,25-34,5.775965392080695,1575.430176743504,72,Low,Low,90.0,0,0,0,0
Oily,under 18,6.667902612722358,1597.9311559196558,99,Moderate,Low,77.8072018121169,1,0,0,0
Normal,under 18,9.401678028458903,2898.508258248977,44,High,Medium,79.674570257048,1,0,0,0
Sensitive,55+,3.9670097158779054,2272.1613523828682,71,High,Medium,71.51140681640351,0,0,1,1
Dry,18-24,8.287995158616361,2271.4926011955527,47,Low,Low,77.89686991534779,0,1,0,0
Dry,25-34,6.012829760362458,1877.9522189207294,92,Moderate,High,75.04796449530389,1,1,0,0
Sensitive,35-44,5.877588017833457,1789.8679844205858,69,High,Low,90.0,0,0,0,0
Oily,55+,5.185052456999236,1942.6055891827248,27,Low,Medium,70.0421806782278,1,0,0,1
Combination,18-24,4.745797433042395,1899.932722885931,28,Moderate,Medium,82.24297860945859,1,0,0,0
Combination,25-34,5.127127466350354,2103.408180895702,83,Low,Medium,83.84098519542533,0,0,0,1
Dry,under 18,5.980870658585664,2145.2901739372687,8,Moderate,Medium,68.00486935756378,1,1,0,1
Combination,55+,8.622371092547173,2794.7234680523543,72,Low,Medium,70.41259829308962,0,0,1,0
Combination,25-34,3.2079931164692645,1582.9029530631087,81,High,Low,84.2747560596788,0,0,0,1
Normal,35-44,6.545370884331979,2230.1639091907414,32,Low,Low,90.0,0,0,0,0
Dry,35-44,4.524468243768206,1508.9537965998923,6,Low,Medium,72.75573786211244,0,1,0,1
Dry,55+,7.195535803985665,2042.4441207633336,16,High,High,61.29060527474434,1,1,1,0
Combination,under 18,7.566427609630139,2221.8378634440583,70,High,Low,82.31916048707704,1,0,0,0
Oily,under 18,7.507891649673794,2096.8276583157462,66,Moderate,High,90.0,0,0,0,0
Oily,55+,7.083609659989552,2332.3815448621813,84,High,Medium,72.81697385589823,1,0,1,0
Normal,35-44,3.6410160001536624,2772.166743485617,88,Low,High,77.31182395249307,1,0,0,1
Normal,45-54,3.693276923679514,1460.4190915477539,54,Moderate,High,63.391101418374134,1,0,1,1
Normal,35-44,6.659858805024783,2336.306445544921,66,High,Low,90.0,0,0,0,0
Combination,35-44,3.0,1985.9378380290827,33,High,High,70.61814943002597,1,0,1,1
Oily,55+,8.188592559123602,2497.2590580142387,73,High,Medium,66.9314170623178,1,0,1,0
Sensitive,45-54,5.954005512253811,1849.582356522484,22,Low,Low,64.36617488232054,0,0,1,1
Normal,25-34,6.075777806661058,1803.6626732369577,59,High,Medium,90.0,0,0,0,0
Oily,under 18,5.452260173907348,1555.373918764541,43,Moderate,High,90.0,0,0,0,0
Oily,35-44,7.651565383042552,2065.807686636371,65,High,High,83.94314128583545,1,0,0,0
Normal,55+,7.737379761385711,2107.0071948504183,11,Low,Medium,73.46896519725951,0,0,1,0
Sensitive,45-54,8.056507901721393,2439.106999077497,62,Low,Medium,84.16571223443418,0,0,1,0
Combination,under 18,4.387425070200844,1572.8451747928189,89,Moderate,High,69.06609436566016,1,0,0,1
Oily,55+,6.652936063764941,1988.6612372563295,48,High,Medium,90.0,0,0,0,0
Oily,18-24,5.99486413927295,2456.011835494153,97,High,Medium,70.07122850328528,1,0,0,1
Sensitive,45-54,9.969922552435898,2093.080977790867,79,Moderate,Medium,90.0,0,0,0,0
Dry,55+,7.126511548297317,2424.7281275521655,81,High,Medium,64.86161533409796,0,1,1,0
Combination,under 18,4.2012403671948455,2014.2344702192051,80,Low,Low,70.28398765320154,1,0,0,1
Normal,35-44,8.468553738201276,1678.423001399444,68,High,High,84.55759493984256,1,0,0,0
Normal,under 18,5.160159130147052,1907.0971949501109,37,High,Medium,53.765442651695494,1,0,1,1
Sensitive,18-24,6.908971850197119,1545.6738590422708,72,Low,Low,75.50759564579744,1,0,0,0
Combination,18-24,10.0,1760.6518094960272,56,Moderate,Low,90.0,0,0,0,0
Oily,55+,5.269510972860147,1953.1893404646942,72,High,Medium,74.07205856258666,0,0,1,1
Oily,35-44,8.361790956556737,2008.7071244991155,50,Moderate,Medium,76.19432541862726,1,0,0,0
Oily,25-34,7.728390880066003,1564.2447028334213,73,Moderate,Low,82.59494196945316,1,0,0,0
Combination,55+,9.23153266960527,2280.8555139592218,30,Moderate,Medium,73.17434901453333,0,0,1,0
Oily,45-54,8.571552353316415,2182.5803162375846,98,High,High,76.58913893768813,0,0,1,0
Dry,45-54,8.237326056593176,1563.4737201613864,33,High,Low,67.32299058908615,0,1,0,1
Sensitive,18-24,6.262884374965656,2673.240297778015,74,Moderate,Low,78.79894466960037,1,0,0,0
Oily,45-54,9.339612920925946,1426.4672001404615,8,Moderate,Low,54.89430798367644,1,1,1,0
Dry,under 18,7.374604101795718,1784.5280997573864,21,High,High,43.85428930446035,1,1,1,1
Normal,35-44,5.954452795952708,2142.419847677725,60,Low,Low,90.0,0,0,0,0
Dry,55+,8.711444398548112,2225.831236642097,38,High,Low,76.53190575100236,0,1,0,1
Normal,18-24,6.520731325121448,2257.43058996758,18,Low,Low,75.03453788131758,1,0,0,0
Sensitive,55+,6.4600357396286485,2206.057150365301,33,Low,Low,70.0151088017968,0,0,1,0
Combination,55+,9.0946985506836,961.4201703495862,93,Moderate,Low,70.44791466541852,0,1,1,0
Normal,under 18,8.19587844781005,1230.4725392147657,69,Low,Low,77.07288165903807,1,1,0,0
Normal,45-54,8.842491565816692,1681.4871950635697,82,Low,Low,73.7990738089295,0,0,1,0
Combination,25-34,5.173492933590274,2347.6346135443737,3,High,Low,67.45052868057033,0,0,1,1
Sensitive,45-54,7.546255094713616,1500.4065485191709,47,High,Low,77.6015867352327,0,0,1,0
Normal,45-54,5.120500364247409,1906.259256254359,87,High,Medium,72.6286260803956,0,0,1,1
Dry,18-24,5.193869574743205,1469.263513538186,68,Moderate,Medium,81.97230723443901,0,1,0,0
Sensitive,under 18,7.17343118563215,1517.0641828724515,89,High,High,82.07295841435396,1,0,0,0
Sensitive,25-34,7.639808935039815,2745.0717979417386,69,High,Medium,90.0,0,0,0,0
Oily,35-44,6.777166877649126,2065.075530992792,55,Low,Low,90.0,0,0,0,0
Oily,under 18,10.0,1406.1994413113266,8,Moderate,High,90.0,0,0,0,0
Combination,55+,8.786852792771112,2535.428798956241,14,High,Low,82.7184904591283,0,0,0,1
Dry,55+,8.281476008760675,2645.8739253663157,12,Low,High,61.08090878189004,1,1,1,0
Sensitive,45-54,7.420862448937928,1708.5352522003664,34,Moderate,Low,82.65289801577217,0,0,1,0
Sensitive,18-24,8.641859936830851,2566.4211058564474,8,Moderate,Low,75.82019443873435,1,0,0,0
Dry,25-34,8.65797085223993,2022.2510411596184,32,Low,Low,77.529588497941,0,1,0,0
Combination,under 18,5.92570822958001,2095.6811270558055,85,Moderate,Medium,77.98029293190157,1,0,0,0
Normal,35-44,8.413345026351754,2512.175894929983,95,Low,High,83.2711360032122,1,0,0,0
Combination,35-44,6.3554858093881075,2157.686448063695,100,Low,Medium,90.0,0,0,0,0
Dry,under 18,5.036832543271066,2492.4750515029255,67,High,High,80.65887354951758,1,0,0,0
Dry,under 18,5.825036864912405,2392.6276797857736,26,Moderate,Medium,66.91740386348437,1,1,0,0
Sensitive,55+,5.276043133914757,2515.7079532170037,61,Low,Medium,72.20529843565642,0,0,1,0
Dry,under 18,7.4827527850341555,1609.3211521915268,12,Moderate,Low,79.4170030375283,1,0,0,0
Dry,35-44,8.037034571620788,1704.8191540973346,84,Moderate,Medium,76.74114565603469,0,1,0,0
Oily,35-44,8.124332556167692,1862.9442623096393,7,Low,High,76.51239986988011,1,0,0,0
Combination,18-24,4.418429311555506,1508.7918797595314,59,Low,High,90.0,0,0,0,0
Combination,35-44,6.354377936969073,2684.094511874289,7,Moderate,High,78.345210204424,1,0,0,0
Normal,18-24,8.351715445793838,2811.930706161071,16,Low,Medium,77.0162908871438,1,0,0,0
Oily,35-44,9.480452824044788,1732.6245977045426,92,Moderate,Low,82.19828815383667,1,0,0,0
Normal,55+,6.717269710361756,1794.3600378347307,73,Moderate,Low,81.00861602774711,0,0,1,0
Combination,55+,5.992734092048385,1079.2526453317707,91,High,Medium,66.86482562585604,0,1,1,0
Normal,under 18,6.977878422974737,1357.2172031444447,11,Low,High,81.14336831812943,1,0,0,0
Sensitive,25-34,6.9487421776985085,3057.885404781492,81,High,High,78.80393495610467,1,0,0,0
Normal,35-44,6.235982355503937,2097.3870028140336,40,Moderate,Medium,90.0,0,0,0,0
Combination,35-44,8.359972578713926,2140.1456459829533,35,Moderate,High,81.22869369411762,1,0,0,0
Sensitive,25-34,7.438726281913444,1818.7987831559599,73,High,Low,90.0,0,0,0,0
Dry,25-34,6.652183037408151,1519.9947389060858,89,High,Low,79.15785806146206,0,1,0,0
Combination,under 18,8.269067513334111,1129.254171692952,27,Low,Medium,71.3694373245195,1,1,0,0
Combination,18-24,8.456632507573303,1298.1508076273788,89,Low,High,78.08817575613476,0,1,0,0
Dry,under 18,8.443910911114978,1823.0912368939094,39,Moderate,Low,90.0,0,0,0,0
Normal,18-24,5.152196967800379,2289.649322539818,40,High,Low,59.23113357415456,1,0,1,1
Combination,under 18,8.393151302613662,1780.9606759482315,97,Moderate,Medium,81.7731708589667,1,0,0,0
Oily,45-54,8.0809158230184,857.457752665325,29,Moderate,Medium,53.6164409069708,1,1,1,0
Dry,25-34,5.0191055653801,2646.2044652343648,11,Low,High,70.01996843287937,0,1,0,1
Dry,25-34,6.6644960887031255,1068.8933367755762,34,Moderate,Low,90.0,0,0,0,0
Sensitive,25-34,5.951700729337009,1538.2997637374597,4,Low,High,76.09968369466525,1,0,0,0
Dry,55+,6.751057402790613,1814.6245080961762,5,High,High,73.41843197365421,1,0,0,1
Oily,25-34,7.268397593407241,1965.2669741937127,43,High,Medium,62.99120790688701,1,0,1,0
Dry,25-34,9.039608882555529,2212.2742998598346,8,High,High,49.42172670646273,1,1,1,0
Oily,under 18,7.686507416790379,2582.578561947261,82,Moderate,Low,90.0,0,0,0,0
Normal,under 18,6.4168468743556275,1369.0612783207575,85,Low,Low,82.98907022645362,1,0,0,0
Oily,25-34,8.810455486948374,2067.920874054056,34,High,High,80.30256676826293,1,0,0,0
Sensitive,25-34,7.209026811848393,1683.3350392348818,9,Moderate,High,90.0,0,0,0,0
Oily,under 18,6.074717000344634,2423.361169385422,37,Moderate,High,83.22262753699813,1,0,0,0
Oily,under 18,8.476983697206416,2391.911702873329,63,Low,Medium,90.0,0,0,0,0
Oily,25-34,8.189442408168212,2284.5147686298797,26,High,Medium,52.311025313224896,1,0,1,1
Dry,under 18,7.197284095117235,1912.3101578395097,25,High,Low,63.835792501174936,0,0,1,1
Dry,25-34,8.815485774912329,1813.1395647547831,25,Moderate,High,67.92263960079949,1,1,0,0
Oily,18-24,7.55496882082112,1597.9935010228767,88,Moderate,Low,90.0,0,0,0,0
Dry,45-54,6.011051444724324,1881.9227160713867,35,Moderate,Low,75.60625082213315,0,1,1,0
Oily,55+,5.794092434909254,2398.92591273915,16,Low,Medium,63.38578479201823,1,0,1,1
Normal,18-24,4.977948622682456,2049.6148116905365,54,Low,Low,70.59120301517534,1,0,0,1
Dry,25-34,7.198762145263272,1094.6002108401594,30,Low,High,78.7810879740627,0,1,0,0
Oily,35-44,6.338464269214587,2127.8497690240715,44,Low,High,90.0,0,0,0,0
Oily,35-44,7.6430919899411025,1897.8463956999171,84,Moderate,Medium,83.58042721926384,1,0,0,0
Combination,25-34,8.015332306721072,1945.3418713819797,65,High,Low,90.0,0,0,0,0
Normal,35-44,7.020479368112585,2125.826934493277,71,High,Medium,90.0,0,0,0,0
Oily,18-24,8.390499443101254,1662.140998792234,25,High,Medium,80.1351591490375,1,0,0,0
Sensitive,18-24,6.269767191222554,1665.5517541353927,5,High,High,80.1876287262345,1,0,0,0
Normal,25-34,6.5017034257871,2713.1171290398825,49,Low,Medium,90.0,0,0,0,0
Sensitive,35-44,7.859087978994733,1434.455127415579,56,Low,Low,82.86286907223021,0,1,0,0
Normal,55+,6.099329551616988,2186.383612138201,51,High,Low,79.05209989320022,0,0,1,0
Dry,45-54,5.640238328600844,1637.3299795926216,73,Moderate,Medium,77.04517493075151,0,1,1,0
Combination,45-54,9.017439499261222,1693.3121857634067,95,Low,High,71.51624477152497,0,0,1,0
Dry,45-54,8.43200022404408,2627.661594765469,95,Low,High,58.23560723303128,1,1,1,0
Sensitive,under 18,5.899806863246553,1555.0187217214293,37,Low,Low,80.35343331980735,1,0,0,0
Sensitive,under 18,6.585801870278252,1455.6861396631875,49,Moderate,High,90.0,0,0,0,0
Sensitive,45-54,7.181550817754114,1897.1740440733067,20,High,High,63.373948815384026,1,0,1,0
Combination,under 18,7.540870023829452,2698.4717281164103,51,High,High,77.42287936866774,1,0,0,0
Dry,45-54,8.226227471155479,2244.619887706178,28,High,High,67.93790159709121,1,0,1,0
Normal,under 18,4.0509273805481225,2221.6879910511875,76,Low,High,81.27482147878796,0,0,0,1
Sensitive,25-34,9.583941491056823,500.0,45,Moderate,Medium,78.20126558022528,0,1,0,0
Oily,18-24,8.034073814463438,1920.3207126217678,84,Low,High,75.75589205753147,1,0,0,0
Sensitive,45-54,5.725307495465583,2400.564291955977,49,Moderate,High,76.04313024762523,0,0,1,0
Normal,under 18,9.564558850910995,2387.6153644188767,80,Low,High,82.05160689933965,1,0,0,0
Combination,45-54,6.443212073107711,1528.2650877959218,16,Moderate,Medium,90.0,0,0,0,0
Combination,45-54,7.216941450684316,2436.584646190794,10,High,Low,76.18967783488775,0,0,1,0
Dry,35-44,6.419420460649409,1854.8085041746017,38,Moderate,High,83.39211161595233,1,0,0,0
Normal,45-54,10.0,2539.325972979863,36,Moderate,Low,83.25620675861664,0,0,1,0
Combination,35-44,8.725193017590449,1269.857046970594,99,High,Low,75.32074107236612,0,1,0,0
Oily,55+,5.939216981059809,2037.3408197271194,75,Moderate,Low,62.7971339462393,1,0,1,1
Combination,55+,5.498293663172276,2800.1986494446473,21,Moderate,Low,77.39457646241534,0,0,1,0
Combination,25-34,9.115468459885967,1733.2273313079731,78,Low,Low,90.0,0,0,0,0
Normal,45-54,9.675877909911227,1997.873951640029,72,Moderate,Low,90.0,0,0,0,0
Sensitive,25-34,10.0,2072.3430652625184,96,High,Medium,90.0,0,0,0,0
Sensitive,25-34,7.864289125492633,2699.951720584779,54,High,High,90.0,0,0,0,0
Combination,under 18,8.916450024711715,2255.366033067947,64,Low,Medium,90.0,0,0,0,0
Sensitive,under 18,6.788289520834247,2257.0663499965594,90,Low,Low,77.36334889209822,1,0,0,0
Dry,25-34,5.775723742185828,2076.0668594320578,2,Moderate,High,77.53201805080349,0,1,0,1
Combination,45-54,5.336038701253008,1109.5591799598492,15,Low,High,58.96941607686307,1,1,0,1
Sensitive,55+,7.075640146209165,2631.138945335836,23,High,Medium,81.03048063464868,0,0,1,0
Normal,45-54,8.388706962394089,1959.043852137196,59,Low,Low,79.55111947707621,0,0,1,0
Oily,45-54,9.620484547263246,1715.469304576713,85,High,High,64.95523653557846,1,0,1,0
Dry,45-54,4.123251007302965,908.949352899519,19,High,Medium,64.1122130563831,0,1,1,1
Combination,25-34,5.228213589106424,2408.3123716311143,36,Low,Low,83.39299130087981,0,0,0,1
Normal,55+,6.0477959747989205,2230.479320928651,57,Low,High,75.14726821084967,0,0,1,0
Normal,35-44,9.469425075375966,1449.951518711097,57,Low,Low,78.23841982594216,0,1,0,0
Dry,35-44,7.717749597693834,2269.4815363278612,3,High,Medium,76.33663883441274,0,1,0,1
Normal,55+,5.708893017290345,2677.1054626225414,45,Moderate,Medium,75.29520865355285,0,0,1,1
Oily,35-44,6.568439416675785,1808.1235095434954,52,Low,Low,78.09274849123132,1,0,0,0
Sensitive,25-34,10.0,2261.383371183359,71,High,Medium,90.0,0,0,0,0
Dry,35-44,8.387935824528247,2677.4464657609196,36,Moderate,Low,90.0,0,0,0,0
Oily,18-24,6.024289000811175,2624.9105485268396,52,Moderate,Low,79.83485613558713,1,0,0,0
Oily,18-24,6.247158827503495,1727.6883053308513,49,High,High,64.81007442364097,1,0,1,0
Combination,under 18,6.592000041537796,1688.9675825275226,42,Low,Low,79.48322986017465,1,0,0,0
Combination,45-54,8.233234648985745,2133.605327572528,41,Low,Low,75.41938605132577,0,0,1,0
Sensitive,55+,6.2631633780743305,2337.252516577411,15,Moderate,Low,71.70047777697691,0,0,1,0
Oily,under 18,6.587226343920481,1835.9648148176616,31,Moderate,Low,90.0,0,0,0,0
Combination,45-54,7.073025827352316,2231.7301778331084,71,Low,High,64.44410950949604,1,0,1,0
Normal,45-54,7.584771474066129,1818.3754088735848,34,High,High,54.85746179205402,1,0,1,1
Oily,35-44,8.270666811159103,1888.8029244601719,34,High,Medium,69.70817542993805,0,0,1,1
Combination,18-24,6.017523267086921,1265.9891756163242,36,Moderate,Low,81.71390066847587,0,1,0,0
Combination,18-24,8.474767721498532,2006.1950380970038,33,High,Low,60.33030383064434,1,0,1,0
Oily,25-34,7.316308537765773,2522.9014578497577,70,Low,Low,90.0,0,0,0,0
Oily,45-54,6.283890652603276,1312.8003757629358,83,Low,High,57.20063820826056,1,1,1,0
Oily,25-34,7.104671053322828,2153.9807760401477,16,Low,Low,90.0,0,0,0,0
Oily,45-54,6.6057264007594405,2736.8687890380843,72,Moderate,Low,57.10375915520846,1,0,1,0
Dry,35-44,3.2707501484179655,2560.0283189498914,98,Moderate,Medium,75.50348716318277,0,1,0,1
Sensitive,under 18,8.186730475546339,2228.3853888502294,54,Low,Medium,84.40086590412746,1,0,0,0
Sensitive,25-34,3.0,2641.9443916351343,3,Moderate,Low,90.0,0,0,0,0
Dry,18-24,5.460348834046172,1746.1540108083066,70,High,Medium,84.0274428084926,0,1,0,0
Combination,under 18,6.744111002814897,2203.7090173259876,58,High,Low,90.0,0,0,0,0
Normal,45-54,7.959142063288825,2446.4202771596483,96,Low,Medium,78.18226208647903,0,0,1,0
Dry,25-34,8.223780265117774,2126.463602106563,55,Low,Medium,81.41693978337172,0,1,0,0
Dry,25-34,7.623883988586386,1454.6231420888766,83,High,Low,90.0,0,0,0,0
Combination,under 18,5.873459789771466,2447.730111837416,37,High,Low,69.58176174127864,0,0,1,1
Normal,55+,8.255814230093023,2361.8997082222104,28,Moderate,High,81.93023012769868,0,0,1,0
Normal,35-44,6.228374857515209,2455.246065971848,100,High,High,84.73101521165155,1,0,0,0
Sensitive,45-54,5.2581333212794625,2538.6799049311367,34,Moderate,Medium,62.4779408637952,0,0,1,1
Dry,under 18,6.608693798131164,2842.085203170316,79,Moderate,Medium,73.06504677166193,1,1,0,0
Dry,45-54,4.717836861901772,2881.702022959261,95,Moderate,Medium,56.061219814254706,0,1,1,1
Normal,25-34,6.457803506254807,1810.2603719941278,42,Moderate,High,90.0,0,0,0,0
Normal,55+,7.292258228478396,1651.4605435996516,92,Low,High,64.70455222016986,1,0,1,0
Sensitive,under 18,6.89150649804654,1631.1868673645727,100,Moderate,High,81.70142718250575,1,0,0,0
Oily,55+,5.948404703531219,2243.4429751502857,86,Low,High,54.81445657029602,1,0,1,1
Oily,under 18,5.647651757044726,1615.9028824972588,65,Low,High,70.824622794478,1,0,0,1
Sensitive,45-54,4.940813125380386,1748.0346600193302,7,Low,Low,82.45678075944481,0,0,0,1
Combination,25-34,8.967403044585883,1577.0331799485157,89,Moderate,Medium,90.0,0,0,0,0
Combination,18-24,5.902550102219138,2096.9609732407675,99,High,Low,80.3008073468601,1,0,0,0
Oily,45-54,6.44380534930071,3114.0772166748247,87,Moderate,Low,73.7009932400855,1,0,1,0
Dry,35-44,6.756208052985615,2167.609173108686,45,High,High,70.81701306795378,1,1,1,0
Oily,under 18,8.415653177198983,2462.2889329314253,0,High,High,58.993388339162586,1,0,1,1
Oily,25-34,7.349931372336069,1919.4362566569994,30,Moderate,Medium,90.0,0,0,0,0
Dry,45-54,10.0,1950.1198623428668,47,Moderate,Medium,69.1811144735044,0,1,1,0
Combination,45-54,6.337464843357279,1677.0755058529908,29,Moderate,Medium,83.92225413893536,0,0,1,0
Oily,55+,4.409795195939866,2410.8078761185816,63,Low,Low,48.71147872236479,1,0,1,1
Oily,18-24,3.4778974043487603,1997.1385795475396,57,Moderate,Medium,90.0,0,0,0,0
Dry,25-34,6.692709048592922,3119.982596115724,88,Low,Medium,81.81596950754201,0,1,0,0
Normal,18-24,4.252523156929561,1549.4483565078215,26,Moderate,High,78.05373348350888,1,0,0,0
Oily,55+,6.795855311977526,1901.2353312654159,37,High,Medium,90.0,0,0,0,0
Sensitive,35-44,6.175683113784933,1959.5060452989162,17,Low,High,78.77202050294514,1,0,0,0
Normal,45-54,5.1106559066953885,2178.5964394974694,10,Low,High,67.32865361703054,1,0,1,0
Sensitive,55+,3.5177719868836324,1987.1153220613714,4,Moderate,High,61.01444243895854,1,0,1,1
Sensitive,under 18,6.09946495860464,2508.143971378318,32,Low,Medium,90.0,0,0,0,0
Sensitive,35-44,9.632966605949957,1834.473915624821,52,High,High,80.21488243972777,1,0,0,0
Dry,18-24,9.086088893712146,1841.9418596847945,47,Moderate,High,74.84042520192799,1,1,0,0
Oily,18-24,5.550810215306365,2872.95181609281,70,High,Medium,82.52260953787187,0,0,0,1
Dry,18-24,7.78116466710101,2002.2192613049071,70,Low,Medium,75.24170941443359,1,0,0,0
Sensitive,18-24,8.030766212647972,2137.1075175650835,77,Moderate,High,79.77541501591851,1,0,0,0
Dry,35-44,6.896170888087723,1336.7825863460016,29,Moderate,Low,76.30831136861953,0,1,0,0
Combination,18-24,6.5941948942581,2311.6277117292366,50,High,Medium,82.08765966515273,1,0,0,0
Sensitive,under 18,6.815842861469784,2451.162880565193,80,High,High,78.39136262214048,1,0,0,0
Normal,45-54,7.575482535800184,1560.9318409572966,73,Moderate,High,59.155408441895545,1,0,1,0
Oily,45-54,5.021242063251814,1921.410750034916,9,High,High,71.18260224037796,0,0,1,0
Oily,35-44,6.213657327843118,2168.160904810843,77,Moderate,Low,90.0,0,0,0,0
Normal,25-34,5.922793511855906,1692.3038371225614,53,Moderate,Medium,83.58392926632641,0,0,0,1
Sensitive,18-24,8.579604576392368,2074.1014843139487,33,Low,Medium,77.42222562852778,1,0,0,0
Combination,under 18,5.94590940185906,2008.82090436751,51,Low,Low,71.46554126589065,1,0,0,1
Combination,under 18,9.068366864502524,2146.8933441373615,62,Low,Low,90.0,0,0,0,0
Dry,35-44,7.8894262141376945,1623.8827317362789,75,Low,Medium,76.17305305297091,0,1,0,0
Combination,18-24,8.5396290657019,3159.051130231901,14,Low,High,80.74313701662624,1,0,0,0
Sensitive,under 18,5.812798536230719,1409.0530128140053,47,High,High,49.83250691628453,0,1,1,1
Normal,under 18,7.2633133657527225,2437.7525249222053,80,Moderate,Low,79.93096258475869,1,0,0,0
Oily,35-44,6.862915491924608,1473.3968019786685,18,Moderate,Low,80.22628528404941,1,0,0,0
Normal,55+,6.837123757329415,2299.046136388727,56,Moderate,Low,90.0,0,0,0,0
Normal,35-44,6.389452259580911,2303.627508877461,99,Moderate,Medium,90.0,0,0,0,0
Dry,25-34,8.747066177859866,2120.115312885224,79,Moderate,High,71.24014510414597,1,1,0,0
Combination,55+,6.958078343082561,2414.6719626131407,4,Low,High,65.81571471514403,1,0,1,0
Combination,55+,5.715848758844154,1522.6450831535387,49,Moderate,Low,71.71222164026325,0,0,1,1
Oily,18-24,6.600141572606522,1754.0602725927663,56,Low,High,76.47616518138831,1,0,0,0
Dry,35-44,5.794987037064287,2915.2342374993873,11,Moderate,Low,73.1451339414196,0,1,0,1
Dry,55+,10.0,1823.147478872209,91,High,Medium,90.0,0,0,0,0
Oily,35-44,7.137578424622548,1906.0785899681046,32,High,High,66.89471549631915,1,0,1,0
Combination,45-54,8.661248860177235,2652.8227809200234,11,High,High,76.56120780141396,1,0,1,0
Oily,25-34,4.33410430196553,2238.0054000328128,87,Low,Medium,68.2607212546804,1,0,0,1
Oily,55+,5.039767988258277,2879.136078937639,42,Low,High,64.09596913167712,1,0,1,1
Normal,35-44,7.660372045315597,1588.325230818682,88,Moderate,Low,90.0,0,0,0,0
Combination,under 18,6.638017918093221,1855.5113708669207,35,Moderate,Medium,90.0,0,0,0,0
Oily,under 18,7.7876694143287235,2520.956302088739,55,High,High,90.0,0,0,0,0
Combination,55+,5.277689062042436,2919.377250456057,64,Low,Medium,81.42170983744728,0,0,0,1
Normal,55+,9.408535161731265,1562.3382162044772,69,Moderate,Medium,90.0,0,0,0,0
Sensitive,35-44,7.109202691543464,2855.404272057158,99,Low,Medium,90.0,0,0,0,0
Combination,under 18,8.849377880016224,1831.6284849760523,85,Low,High,90.0,0,0,0,0
Sensitive,45-54,8.22150972185181,3498.599145859569,46,Low,Low,80.4878045150323,0,0,1,0
Dry,35-44,7.1577399727768185,1683.6758742799902,82,Low,Low,82.1509311969534,0,1,0,0
Sensitive,under 18,7.258629778137099,2123.276047748659,67,High,High,90.0,0,0,0,0
Combination,under 18,6.213194891499853,2220.8125339071084,41,High,Low,90.0,0,0,0,0
Normal,18-24,5.118398410408748,1667.2330664956603,27,High,Medium,90.0,0,0,0,0
Dry,55+,8.137367164232197,1122.5645742288743,20,High,High,39.386193539620805,1,1,1,1
Combination,55+,8.354751387992165,994.0093171471484,13,Low,High,62.393261043068925,1,0,1,0
Combination,45-54,4.403013131685528,1750.5106284720573,34,High,Low,90.0,0,0,0,0
Normal,25-34,7.430295764229026,2662.6318015636944,88,Low,Low,90.0,0,0,0,0
Dry,under 18,7.0864341447393935,1876.723196212005,75,High,Medium,75.03845445971132,1,1,0,0
Combination,25-34,7.869371871977206,1564.5505897660328,37,High,High,80.00956859936136,0,0,0,1
Oily,25-34,7.20912273901961,1400.27687102232,11,Low,Medium,73.2418659236045,1,1,0,0
Sensitive,under 18,7.12388577531312,1935.0818370752984,30,Low,High,90.0,0,0,0,0
Dry,under 18,5.793598117825875,2082.5203182688697,44,Moderate,Low,78.71368096016398,1,0,0,0
Dry,35-44,7.237824479739464,2587.727006169567,17,Low,High,64.80964049392236,1,1,0,0
Oily,45-54,4.5915498954058185,1961.9755461514787,23,High,Low,57.34687867232061,1,0,1,1
Oily,under 18,5.859606400444781,2434.881029088146,13,High,High,74.22252206243606,0,0,1,1
Normal,45-54,8.130868097788198,2253.9399225343104,27,Low,Low,90.0,0,0,0,0
Oily,18-24,5.944250112895805,2442.7352914700477,66,High,High,82.18870055148406,0,0,0,1
Sensitive,under 18,4.704803606885003,1132.3446482036143,20,Low,High,70.89629167781712,0,1,0,1
Oily,45-54,5.086193500147115,1983.2625948365471,15,Moderate,Low,60.51244737758495,0,0,1,1
Sensitive,18-24,8.01274660148244,511.98376299523784,69,Low,Medium,68.96191742025111,1,1,0,0
Sensitive,35-44,8.98411424781968,2065.556098089217,84,High,Medium,90.0,0,0,0,0
Normal,under 18,4.648341478615338,2050.4734851447906,58,Moderate,High,84.4852385537036,1,0,0,0
Sensitive,25-34,8.63878812201763,2299.7205076531295,34,Low,Low,90.0,0,0,0,0
Combination,45-54,8.64860959383095,1316.8766853014445,67,High,High,63.083743774504896,1,0,1,0
Normal,18-24,6.378992147292394,1537.653884738234,87,Moderate,Low,79.23187412020471,1,0,0,0
Sensitive,25-34,9.576370307566478,2319.681421743315,32,Low,Low,90.0,0,0,0,0
Combination,45-54,10.0,1766.1952332913863,74,High,Low,90.0,0,0,0,0
Sensitive,35-44,5.912988682476543,1928.5866807024247,69,High,High,70.89985843517879,1,0,0,1
Normal,under 18,9.067535832133824,1816.9401553123264,42,High,Medium,67.03285537989291,1,0,1,0
Oily,25-34,7.186656396860417,2048.34535144341,6,Low,Medium,82.47852683905171,1,0,0,0
Combination,25-34,7.059245141803284,1673.800769768761,41,Low,Medium,90.0,0,0,0,0
Sensitive,45-54,6.79406339813445,1909.948699324321,24,High,Low,82.14911242375133,0,0,1,0
Sensitive,under 18,6.988653010488027,2471.758409076354,64,High,Low,90.0,0,0,0,0
Sensitive,25-34,9.640942051936738,1579.7826186651466,75,Moderate,Medium,90.0,0,0,0,0
Oily,55+,6.412009562818428,1587.4940507969068,37,Moderate,High,62.25322407503508,1,0,1,0
Oily,45-54,7.280652305833409,1730.8252712445114,88,High,High,73.00887862416533,1,0,1,0
Oily,25-34,7.359695250612983,2551.8134552223937,1,Low,Low,76.73742371496093,1,0,0,0
Combination,45-54,3.211252471293087,2245.8899448003453,53,Low,Medium,71.31657178767124,0,0,1,1
Normal,25-34,6.3097194266531815,2230.2111339921944,2,High,High,75.1848462453495,1,0,0,1
Combination,45-54,5.6552958433747,2598.1304941534377,84,High,High,77.80096383673043,1,0,0,0
Combination,25-34,8.369920927060427,2284.1760742713213,56,High,Medium,90.0,0,0,0,0
Sensitive,35-44,8.189838576715147,1627.1897664139133,66,Low,Medium,90.0,0,0,0,0
Dry,35-44,6.070564367966066,2376.2181004087397,76,High,High,90.0,0,0,0,0
Normal,45-54,5.848406285847082,2722.8175233290435,84,Moderate,Low,74.46008539654028,0,0,1,1
Oily,35-44,6.514613393078452,2250.947194930311,59,Moderate,Medium,75.4986903629607,1,0,0,0
Dry,18-24,10.0,1646.8883229659618,38,Low,High,72.06270606494472,1,1,0,0
Oily,under 18,7.103142626267174,2527.0915823186538,88,High,Low,90.0,0,0,0,0
Combination,18-24,8.426916083314797,1836.092344880321,95,Low,Medium,75.24881760148051,1,0,0,0
Sensitive,55+,6.224904343717219,1883.4320337274742,36,High,Medium,76.77012187475897,0,0,1,1
Combination,under 18,9.171786649227046,1860.4470718200266,97,Low,Medium,76.73782328676317,1,0,0,0
Oily,under 18,7.117173538725197,1786.6067645382875,42,High,High,75.32791161014381,1,0,0,0
Dry,18-24,8.05832284719398,2077.7625187918284,26,Low,Low,63.368747724764155,1,1,0,0
Combination,35-44,5.494849283862656,1515.5879429825027,60,High,High,73.95310982610593,1,0,0,1
Combination,18-24,4.00209165016674,1584.339295437192,2,High,High,71.76211726705765,0,0,1,1
Sensitive,18-24,8.190918705448258,2661.880269006134,95,Moderate,Low,90.0,0,0,0,0
Normal,45-54,8.028337544825776,2277.3161003203404,11,Moderate,High,71.21212335196066,1,0,1,0
Oily,45-54,6.810210925707025,2387.4572774569933,88,Low,Medium,71.47559596695207,0,0,1,0
Oily,18-24,7.429417334622826,2902.224485993562,96,Low,High,90.0,0,0,0,0
Dry,55+,6.852332028734877,2671.5040418680655,68,High,Low,61.08284513553956,0,1,1,0
Combination,35-44,8.31117112272679,2367.7216431020793,29,Moderate,Medium,90.0,0,0,0,0
Oily,45-54,3.98276301180727,2464.5947807738553,88,High,Medium,59.01925272203745,1,0,1,1
Combination,25-34,6.8087380316362704,1778.0367527825542,58,Low,Medium,90.0,0,0,0,0
Sensitive,18-24,4.77563043823313,1997.2064330159085,57,Moderate,High,79.04535994504539,1,0,0,0
Normal,45-54,7.050327395227364,1348.4990390925977,3,Moderate,Low,90.0,0,0,0,0
Sensitive,45-54,4.790079740659462,2243.3097400640554,13,High,Low,80.02669851989405,0,0,1,0
Dry,18-24,8.307557696592065,2095.141454961211,56,Low,High,66.08571130988489,1,1,0,0
Combination,55+,8.726251974526544,1956.8075078242507,13,Moderate,High,64.18697348488841,1,0,1,0
Dry,35-44,6.918473088399696,1541.4859856296048,34,Low,Low,90.0,0,0,0,0
Normal,under 18,4.659637033669425,2927.3310669297925,51,Low,Low,80.42345572622432,1,0,0,0
Combination,25-34,8.69694857537462,1303.7437164307607,92,High,Medium,90.0,0,0,0,0
Oily,25-34,7.23362786174692,1949.9768444481667,19,Low,Low,77.17319058737955,1,0,0,0
Normal,45-54,6.589011290255435,1795.4910760925302,62,High,High,76.59354686269702,1,0,1,0
Normal,35-44,7.571903720451968,2409.087762735737,91,Moderate,High,78.12853541655602,1,0,0,0
Normal,18-24,7.6035867535423085,1939.7408128104032,74,High,High,90.0,0,0,0,0
Normal,55+,6.76415992466332,2468.4071584613334,24,Moderate,High,57.8260064110935,1,0,1,0
Normal,45-54,7.695167407174093,2036.3447315177166,76,Low,High,67.12794392132835,1,0,1,0
Normal,55+,6.946148053599838,2172.6352548061445,23,Low,Medium,74.06611939037816,0,0,1,0
Normal,18-24,6.297476967160826,2410.769408654105,89,Low,High,90.0,0,0,0,0
Oily,under 18,5.3862121572432,1794.2717451167591,96,Low,Medium,76.24062254679713,1,0,0,1
Normal,25-34,7.916659143169036,1433.5585933228635,87,Low,High,71.39709401528101,1,1,0,0
Combination,25-34,4.64048718602575,2031.53883771462,52,High,Low,80.80169576488277,0,0,0,1
Dry,55+,4.455312768330294,1350.5982229740694,94,Moderate,Low,57.374686425725,0,1,1,1
Normal,45-54,8.134891177759648,1897.6073711971321,1,Moderate,High,80.20850082584913,1,0,0,0
Oily,18-24,8.928230424563479,1397.5928295312724,68,High,High,75.04396951043016,0,1,0,0
Sensitive,under 18,6.859071451551573,2199.7922766038796,37,Low,High,90.0,0,0,0,0
Normal,55+,5.244227604806637,2515.8809522498123,65,Low,Low,68.30199900851352,0,0,1,1
Combination,45-54,7.766018324749059,1195.356456656283,20,High,High,47.24112728740936,1,1,1,0
Dry,45-54,6.943387305687099,2192.9783681293166,87,Moderate,Low,74.2145765763102,0,1,1,0
Dry,under 18,6.114914989707914,1260.0675472455932,62,Low,Low,71.38866399003548,1,1,0,0
Oily,25-34,7.417688184171116,3105.621475141281,49,Low,Low,83.49864763996938,1,0,0,0
Sensitive,55+,6.419523851263464,2784.6205906423543,4,Low,Low,70.04723876456626,0,0,1,0
Oily,18-24,5.871566767357797,2107.772817504976,100,High,Low,76.23772212207896,1,0,0,0
Sensitive,45-54,8.157283796314179,1995.7931670143175,39,Low,High,68.63719443105269,1,0,1,0
Dry,45-54,6.553396526678153,2363.063760675187,46,Moderate,Medium,82.16713474967378,0,0,1,0
Oily,under 18,9.83718267290383,2150.2934623195656,88,High,High,78.41927341163625,1,0,0,0
Combination,25-34,6.225909735204479,1905.1242213701585,87,High,High,90.0,0,0,0,0
Oily,55+,10.0,2067.453558169064,49,Low,Low,76.00144944522035,1,0,1,0
Oily,45-54,6.108379452133041,1427.4660417587302,24,Moderate,Medium,70.55955353869568,0,1,1,0
Oily,under 18,4.261148358831091,2181.792136923095,65,Low,Low,90.0,0,0,0,0
Dry,55+,7.981962989236756,1801.6519100173966,93,High,Medium,90.0,0,0,0,0
Dry,18-24,6.977544372953568,1414.7691453556881,24,High,Low,62.90126708640053,1,0,1,0
Normal,25-34,7.199392697241252,2240.7476602835623,64,Low,Medium,90.0,0,0,0,0
Dry,35-44,6.197253599248543,2845.2263347929197,29,Moderate,Low,90.0,0,0,0,0
Oily,55+,5.744340509879633,2141.7383020094912,34,High,Low,69.89952421771673,1,0,1,1
Dry,55+,8.272475829556909,1961.3552499253087,18,Low,Low,60.206158645754414,0,1,1,0
Dry,55+,6.717284771658263,1285.566924775169,69,Low,Medium,58.74050096215949,0,1,1,0
Normal,55+,9.036012243574426,1915.053399166202,38,High,High,70.28851633144505,0,0,1,1
Oily,35-44,7.806048137402238,2336.3602439300703,52,Low,Low,79.05413129813779,1,0,0,0
Oily,under 18,6.05755226197337,1901.2356978543926,44,Moderate,Low,76.8613733772182,1,0,0,0
Sensitive,under 18,9.001723526115256,1441.4011671297776,10,High,Medium,52.696416739155715,0,1,1,1
Dry,under 18,10.0,1627.563607361863,52,Moderate,High,70.18001766686046,1,1,0,0
Oily,45-54,5.230723815039232,2066.1545103442672,70,Low,High,78.49895804002598,0,0,1,0
Normal,18-24,10.0,1044.5170322038975,78,Moderate,Low,73.1053924953287,1,1,0,0
Combination,35-44,6.788476422265462,2238.1325086282777,44,Moderate,High,78.81143601858815,1,0,0,0
Oily,35-44,7.050474937803297,2190.9608350015046,56,Low,Low,76.92347199071406,1,0,0,0
Normal,25-34,5.922950376741589,1700.1390770343096,34,High,Low,90.0,0,0,0,0
Normal,35-44,6.7773660292612,1435.0559560486245,16,Moderate,Low,90.0,0,0,0,0
Dry,25-34,6.932970397839716,1805.6273531642494,98,High,High,79.40145665003294,1,1,0,0
Normal,35-44,6.294932222267697,2160.253206299319,70,High,Medium,90.0,0,0,0,0
Normal,35-44,4.269010760201044,1885.4549483084231,14,High,Low,62.85321857513367,0,0,1,1
Dry,55+,10.0,1456.9451568371874,18,High,High,69.23596367974399,1,0,1,1
Normal,55+,8.92825074472662,2027.3280604563495,32,Moderate,High,78.5231010524401,0,0,1,0
Dry,18-24,6.095563286677873,1339.6791702350968,43,High,Medium,78.77089591649249,1,0,0,0
Combination,55+,7.209522947927848,2726.698552907338,95,High,High,84.02527180129267,0,0,1,0
Sensitive,under 18,6.416183282204854,1959.5192876316132,43,High,High,72.43292413346727,1,0,1,0
Sensitive,18-24,8.515556275285498,2170.43539567314,74,Low,Low,79.867720224319,1,0,0,0
Combination,18-24,4.641586330413132,2049.443607927592,28,Moderate,Medium,80.9092423242188,0,0,0,1
Oily,45-54,9.268352365998398,1981.5294067662508,81,Low,Medium,71.80880288133737,1,0,1,0
Oily,55+,3.0,2194.1074957955366,22,Low,High,72.47104205701888,1,0,1,0
Normal,under 18,6.702315340683946,1085.4527930393915,24,Moderate,Medium,81.41842615327874,0,1,0,0
Combination,55+,4.481187864919324,2487.553571644404,78,Moderate,Low,77.93780817685023,0,0,1,0
Dry,45-54,5.901425881607381,1546.251809632004,98,Moderate,Low,65.53249412077295,0,0,1,1
Combination,55+,6.9465421586024965,1677.8985008400307,89,High,High,69.70452481411549,1,0,1,0
Combination,25-34,7.150072941666617,1898.6399852816648,46,Moderate,High,90.0,0,0,0,0
Normal,18-24,5.200006629859535,1744.4011007193076,9,Low,Medium,79.2967403044246,1,0,0,0
Normal,25-34,7.664129981963657,2020.9590201193128,34,Low,Low,90.0,0,0,0,0
Normal,18-24,6.877086276412253,2968.6921205896924,18,High,High,58.48113847444031,1,0,1,0
Sensitive,45-54,8.096556288078304,2426.2206324106714,52,High,Low,90.0,0,0,0,0
Combination,45-54,6.7510473883076125,2110.0725951756376,41,High,Medium,90.0,0,0,0,0
Combination,35-44,6.353350015711461,2388.774882762064,68,High,High,82.14941441512485,1,0,0,0
Sensitive,18-24,6.834400143851434,2111.1888744652783,69,High,Low,75.8188055408378,1,0,0,0
Oily,55+,7.240916953232752,1990.9165592972727,43,High,High,81.52260213328223,1,0,0,0
Oily,45-54,10.0,1666.6903612526387,75,High,Medium,82.55368843798625,1,0,0,0
Oily,35-44,5.986432704761961,2347.0483734058785,48,Moderate,Medium,69.977402528439,1,0,0,1
Oily,55+,6.107246501387231,1854.2968193255533,37,High,Low,71.9147578209039,0,0,1,0
Sensitive,25-34,5.370383569966573,2245.7789597012934,1,Moderate,High,74.70086699753082,1,0,0,1
Sensitive,45-54,7.7563858667262275,1842.4039700382777,36,Low,Medium,70.36428838284004,0,0,1,0
Sensitive,18-24,8.072225032720109,1070.937493133204,43,High,Low,61.36433189831965,1,1,1,0
Sensitive,35-44,5.939719897728485,1915.0104068945348,33,High,Low,76.04496693825706,0,0,1,1
Combination,35-44,5.241576254645571,1125.643481290639,87,Moderate,Medium,80.9800366826401,0,1,0,0
Dry,18-24,6.5381560524423294,2347.010043530371,49,Moderate,Medium,83.85438915732387,1,0,0,0
Oily,35-44,8.923162587139768,1726.3560583973135,73,Moderate,Medium,79.00825834084496,1,0,0,0
Normal,18-24,8.09982375643239,2318.271019037834,35,High,High,69.583309023614,1,0,1,1
Combination,under 18,8.827912261501744,1824.9044848229992,44,Moderate,Low,82.93797820812183,1,0,0,0
Sensitive,45-54,4.302249257222989,2035.0929262113723,98,Moderate,Medium,74.57545819018027,0,0,1,1
Dry,35-44,5.479309388545415,1638.2474454689961,94,Low,Low,82.31112592134232,0,0,0,1
Sensitive,35-44,6.548171283920226,1830.5361843254286,49,High,Low,80.75865901114295,0,0,1,0
Combination,under 18,7.212338900343692,2351.578158209809,26,Moderate,High,77.20095373896994,1,0,0,0
Oily,35-44,6.44839662508605,2197.8487533040025,86,High,High,75.79384145816086,1,0,0,0
Normal,55+,7.022224014895758,2467.7471979392226,69,High,High,83.36353281387115,0,0,1,0
Combination,35-44,6.717112223340525,1960.536662112722,38,High,Medium,63.66216851678401,0,0,1,1
Sensitive,35-44,6.43839932800164,1918.8757300207524,39,Moderate,Low,90.0,0,0,0,0
Dry,35-44,5.824767807481189,1558.7013569282433,25,High,Low,72.62614534756248,0,1,1,0
Oily,45-54,8.163648077924087,1458.3991584076994,80,Low,Low,60.67698350439523,1,1,1,0
Normal,under 18,6.521322865453145,2507.671393135498,48,High,Low,63.545688554986874,1,0,1,0
Dry,55+,6.470948807494589,2414.3702268427874,24,Moderate,Medium,68.98561230878212,0,1,1,0
Sensitive,35-44,6.113431418909737,1474.4181968249031,45,High,High,61.83545344595926,1,0,1,0
Dry,35-44,4.607761217648768,2656.3620346363305,14,High,High,69.99614966094629,1,0,1,0
Combination,55+,5.294693227548377,2373.5932950625465,57,Low,Medium,76.08012829143713,0,0,1,0
Sensitive,25-34,5.5000794598099265,2658.6919589699105,68,High,Low,83.49373438209739,0,0,0,1
Normal,55+,10.0,1156.7349701548317,9,Low,High,46.55724885345062,1,1,1,0
Dry,18-24,5.3728653487617795,2386.565931901612,66,High,Low,72.38724951915732,1,1,0,0
Sensitive,35-44,7.769564385048723,2388.4609273800957,1,Moderate,Low,90.0,0,0,0,0
Dry,55+,6.139366674393436,2993.7670805116836,85,Low,High,62.74278412541733,1,1,1,0
Sensitive,55+,7.177074200034662,1391.51871157824,23,Moderate,High,68.23123868923437,1,1,0,0
Dry,under 18,6.620277249935583,1398.2165518855836,69,High,Medium,79.72082112841989,1,0,0,0
Oily,25-34,9.386412037831157,1669.8343685999419,7,Moderate,Medium,90.0,0,0,0,0
Sensitive,under 18,7.738725227116934,1764.66342750891,50,Moderate,High,78.24719733762021,1,0,0,0
Dry,under 18,6.07691903535623,1044.8729093594748,50,Low,Medium,79.26588893416408,0,1,0,0
Sensitive,under 18,7.897261904485851,2649.590626314592,80,Low,Medium,77.13579028696864,1,0,0,0
Normal,45-54,5.626048627952272,1227.3854425006643,0,Moderate,High,49.30785893014587,1,1,1,1
Oily,18-24,8.204974064106743,1176.8793254468744,38,High,Low,59.5172413695441,1,0,1,1
Combination,55+,8.829299403922388,1547.8024385226897,36,Moderate,High,76.87867523296109,0,0,1,0
Normal,under 18,5.34506088576306,2124.2312105656456,43,High,Medium,82.97754588335727,1,0,0,0
Normal,25-34,5.442791072482844,1646.4444593533954,16,Moderate,Low,81.49930438576024,0,0,0,1
Sensitive,55+,7.53097289900651,785.4438314166769,66,Low,Medium,67.08044948255683,0,1,1,0
Oily,25-34,9.463628868892483,2021.820066232869,14,Low,High,80.88787107203888,1,0,0,0
Sensitive,45-54,5.060550981394708,1491.3773153565792,74,Moderate,Low,58.95291016626102,0,1,1,0
Normal,25-34,8.487469567391203,2300.5264675370518,50,High,High,90.0,0,0,0,0
Normal,55+,9.080170985927817,1658.6285775978827,42,Moderate,Low,75.50918244945571,0,0,1,0
Oily,under 18,7.444875755726204,2213.2839558918386,42,High,Low,62.648577984902595,1,0,1,0
Sensitive,18-24,8.042901250378355,2563.640561716035,78,Low,Low,80.94882471977262,1,0,0,0
Oily,18-24,5.924104141233479,1942.9148661197596,33,Low,Low,74.66658345634283,1,0,0,1
Combination,35-44,6.0847753816297825,1973.694063321812,39,High,Low,76.69895089046308,0,0,1,1
Normal,18-24,8.047649173094463,1172.982249869649,67,High,Medium,67.62968333809367,1,1,0,0
Dry,25-34,8.664057354188929,1430.4089378681251,47,Moderate,Medium,81.7266058265629,0,1,0,0
Dry,under 18,6.5389445204541525,2621.970962483062,86,Low,Medium,79.15451111631089,1,0,0,0
Oily,under 18,7.492014576975108,2169.76497413183,98,High,High,79.5085149575741,1,0,0,0
Sensitive,35-44,5.229060932057334,1477.9570320880796,39,Moderate,Low,72.92861200147534,0,1,0,1
Combination,25-34,8.411884595003379,1705.4282272578052,83,Moderate,Low,90.0,0,0,0,0
Sensitive,55+,6.257632190050226,2481.975625527356,86,Low,Medium,75.35316863965495,0,0,1,0
Sensitive,18-24,5.425129681945709,2134.617566443129,31,Moderate,Low,75.42150347820652,1,0,0,0
Oily,18-24,7.064360989251537,1998.657137068379,87,Low,Low,90.0,0,0,0,0
Dry,under 18,6.222346552183744,1710.0724092683358,29,Moderate,Medium,80.58825960540975,0,1,0,0
Oily,45-54,5.3824537543077025,2241.332513020653,11,Moderate,High,76.6635909060059,1,0,0,1
Dry,under 18,5.9977762127248955,2484.3723105836257,51,Low,High,76.47734425925232,1,1,0,0
Normal,25-34,6.663167437614021,1470.7747552894812,12,High,Low,71.40400688375179,0,1,1,0
Oily,25-34,6.643279176777369,1794.5714004317629,31,High,Medium,65.22047709858572,1,0,1,1
Combination,35-44,8.513655117592078,1815.4999053742338,48,Moderate,Medium,90.0,0,0,0,0
Sensitive,45-54,6.585684428199511,2705.773352746218,16,High,Low,90.0,0,0,0,0
Sensitive,18-24,7.7624009821950235,2831.353008001748,60,Low,Low,75.42656895123592,1,0,0,0
Sensitive,25-34,8.888567506095857,1556.4187058185728,55,Moderate,Low,90.0,0,0,0,0
Normal,55+,8.484926281600162,2762.651646037296,43,Low,High,77.86995885552962,1,0,1,0
Combination,55+,9.29921969848513,2494.0479917883436,96,Moderate,Medium,76.62991629029794,0,0,1,0
Combination,55+,8.451284492363763,1848.669478162225,65,High,Medium,82.42072141571228,0,0,1,0
Oily,45-54,5.743926873475638,1823.8913405512717,34,Low,High,65.70387166186539,0,0,1,1
Combination,55+,4.502816497850856,2671.397657710853,65,High,High,68.07214519636148,0,0,1,1
Normal,under 18,6.575060560873432,2645.66536453248,98,High,Medium,77.85193041416866,1,0,0,0
Dry,45-54,5.152750634167601,2541.3124605011053,29,High,High,41.60794608502718,1,1,1,1
Combination,18-24,6.257679012731021,1357.815295845413,61,Low,High,64.21594863266674,1,1,0,0
Combination,55+,9.440677078239636,2553.655834670387,67,High,High,82.00189585745925,1,0,0,0
Dry,45-54,7.317688630278677,2016.9689425674815,82,Low,High,53.72644994699009,1,1,1,0
Sensitive,35-44,7.659265028228678,2097.3142889587057,64,Low,Medium,90.0,0,0,0,0
Sensitive,55+,5.811586068742793,1793.973865107539,85,High,Low,68.47025685921864,0,0,1,1
Dry,45-54,9.941076748058055,3336.078371314007,21,Moderate,High,90.0,0,0,0,0
Normal,under 18,9.344002757846024,2239.1119700813115,71,Moderate,Medium,83.27097728127873,1,0,0,0
Normal,45-54,6.493376450947098,1600.9070530515169,25,Low,High,77.79239739602289,0,0,1,0
Normal,35-44,5.901576384354696,1723.3661706566197,76,High,Medium,84.67240774818573,0,0,0,1
Combination,under 18,10.0,2903.141148191299,49,Moderate,High,82.39899835707863,1,0,0,0
Sensitive,45-54,8.11941758490309,1519.693411793587,86,Moderate,Medium,73.43342605933364,0,0,1,0
Oily,under 18,8.339583890066555,1880.6914857446975,41,Moderate,Medium,90.0,0,0,0,0
Dry,35-44,3.7704858420338176,2143.5503187006298,22,Moderate,Medium,84.09882169444514,0,0,0,1
Combination,55+,5.737130438748917,1595.9732854549814,87,High,Medium,72.10577080057719,0,0,1,1
Normal,35-44,6.624388009647989,1750.8385135287936,53,Moderate,Medium,90.0,0,0,0,0
Dry,35-44,6.948614771343988,1958.8347249913973,99,Low,Low,76.345974497761,0,1,0,0
Oily,55+,4.186286360728553,2760.138994441417,86,High,Low,76.35696464459981,0,0,1,1
Normal,45-54,5.5249349155769805,1523.8008074347636,38,Moderate,High,59.5639951590334,1,0,1,1
Dry,35-44,6.5071701223145535,1945.832576315353,94,Moderate,Low,75.82209021800688,0,1,0,0
Normal,45-54,9.188469725247758,2134.7117260274504,80,Low,High,83.35597518522655,0,0,1,0
Combination,45-54,7.849698226164302,2137.2680937916407,53,Low,Low,90.0,0,0,0,0
Normal,45-54,7.347192373748159,2154.8647515435046,2,Moderate,Medium,81.31751520719322,0,0,1,0
Sensitive,18-24,4.100898786146592,1875.0407575802358,16,Moderate,Low,67.64210713955643,1,0,0,1
Oily,under 18,8.743391665856736,3971.1655054033426,54,Low,Medium,75.81014106090905,1,0,0,0
Normal,55+,5.1935366011907345,2211.5399801621766,57,Low,High,54.75901465932818,1,0,1,1
Sensitive,18-24,6.143430133188487,3023.8259519484245,14,High,Medium,77.30473187946102,1,0,0,1
Sensitive,45-54,4.969325858812778,2312.46974515794,96,Moderate,Low,84.67254595585158,0,0,0,1
Dry,45-54,4.889183350743715,1840.7166659695838,29,High,High,51.75242276559037,0,1,1,1
Oily,55+,6.948530003875287,2534.845840869804,65,Low,Medium,62.52578337269785,1,0,1,0
Combination,55+,5.384249760762208,2331.6915244236925,81,Low,Medium,75.22281966869357,0,0,1,1
Combination,45-54,7.02816658508192,2136.39669314299,37,Low,Low,73.57995483699455,0,0,1,0
Combination,45-54,8.437499072027713,1358.7216534973563,22,High,Medium,68.55511004898844,0,1,1,0
Normal,35-44,8.215892459722888,1715.5475734552876,52,High,High,90.0,0,0,0,0
Combination,55+,8.643810182465238,2167.27881726894,27,High,Low,62.774093782259854,0,0,1,1
Dry,55+,6.685707427724417,1704.9870154545893,25,Moderate,Low,90.0,0,0,0,0
Sensitive,55+,8.234942491532996,2630.475842740464,38,Low,High,80.34789663331027,0,0,1,0
Normal,45-54,6.200722688709723,1433.4967171093015,7,Low,Low,73.24722534332273,0,1,1,0
Normal,under 18,8.041316564417839,1275.7345289831499,73,Low,Low,61.93512554512093,1,1,0,0
Combination,55+,5.041731343625543,1468.6498622360505,35,High,High,71.0097109196063,1,1,0,1
Normal,35-44,6.376824275441876,1331.8340553922776,3,Low,Low,81.23329437093206,0,1,0,0
Combination,35-44,4.091800135927633,1432.2779028314385,96,Moderate,Low,78.71287777542449,0,1,0,1
Dry,25-34,7.963711669858928,1364.2279639366163,51,Low,Medium,90.0,0,0,0,0
Sensitive,35-44,6.4895954830687455,2973.3492311827813,19,High,Low,61.61435479430498,0,0,1,1
Combination,25-34,6.926238804959365,2171.2654948647964,53,High,High,80.04616096214393,1,0,0,0
Dry,35-44,5.58093997262267,3081.7374268500707,6,Moderate,Low,90.0,0,0,0,0
Combination,55+,6.188058266292357,1885.9476577742416,46,Moderate,Medium,77.38541995580535,0,0,1,0
Normal,55+,8.975588016951047,1909.1328775731906,16,Moderate,High,76.0557978487877,1,0,1,0
Oily,35-44,7.071833174012823,1859.1558396054352,82,Low,High,75.45444737700252,1,0,0,0
Combination,55+,6.587751432914159,2185.2510054140457,82,Moderate,High,90.0,0,0,0,0
Sensitive,45-54,7.829414783797159,1678.3757843937165,10,High,High,65.29022145653795,1,0,1,0
Normal,under 18,5.850879315779606,1695.4319555712184,67,High,Medium,82.66751116073328,0,0,0,1
Combination,under 18,4.898118978700348,1204.7848707403514,64,High,Medium,74.27584482288371,0,1,0,1
Dry,under 18,7.445750720837362,2469.2979015875558,1,Low,Low,77.15462520197224,0,1,0,0
Normal,25-34,8.306567939717826,809.0043634316708,5,Moderate,High,69.74968153578347,1,1,0,0
Oily,18-24,6.632402369435109,1448.9540222037203,56,Low,High,60.7959630399445,1,1,0,0
Combination,35-44,7.215606156731285,1791.0882405953093,26,High,Low,82.70056997860256,0,0,0,1
Combination,18-24,7.8878678593668825,1990.4234547993294,27,Moderate,High,90.0,0,0,0,0
Sensitive,18-24,4.155997157623166,1516.4570636002297,30,Low,High,82.24939052226338,1,0,0,0
Oily,18-24,7.008677672239981,2045.0552146155433,50,High,Low,76.16816994496463,1,0,0,0
Dry,45-54,4.891484788443997,1231.770148226939,16,Moderate,Medium,70.27011746824364,0,1,1,0
Dry,25-34,7.084368006359768,1298.1663469747364,18,Low,Medium,76.80802229797068,0,1,0,0
Sensitive,18-24,4.497055860248821,1777.4297436843292,3,Low,High,81.06012247505679,1,0,0,0
Normal,under 18,6.267330862992024,1560.7997613303494,10,High,Low,68.72562993590283,0,0,1,1
Normal,under 18,5.944394564912556,2006.9178616111974,24,High,Medium,64.2557880834022,1,0,1,1
Normal,45-54,5.919755644480271,2035.3485108324196,89,High,Low,66.67771241144513,0,0,1,1
Sensitive,45-54,6.429297195823999,2083.825077693328,14,High,Low,77.20489162482009,0,0,1,1
Dry,45-54,8.317308348154967,2419.6239226952976,66,Low,High,58.99675769319421,1,1,1,0
Dry,45-54,8.932315706599125,2419.07344844858,60,Low,Medium,65.18704994056802,0,1,1,0
Combination,55+,7.357836297312707,1783.2841811799276,38,Moderate,Medium,82.25658975970451,0,0,1,0
Oily,18-24,6.418358615775664,1561.1113467820949,53,High,Low,84.65788149859408,1,0,0,0
Dry,55+,7.006793936577337,2348.6937393559674,82,Moderate,High,72.23031951670053,1,1,1,0
Normal,35-44,5.911498595675469,1981.3910706681131,65,High,Medium,83.21866032706033,0,0,0,1
Dry,55+,5.983956656917346,2104.677165093807,48,Low,Low,73.58983793293342,0,0,1,1
Normal,25-34,6.175924924075074,1630.2447143529737,17,Moderate,Medium,90.0,0,0,0,0
Dry,35-44,5.9800499576019615,2251.6643869227833,27,Moderate,Low,90.0,0,0,0,0
Normal,25-34,6.8548758920044675,1785.789134999982,25,Moderate,Low,90.0,0,0,0,0
Combination,25-34,7.392106753820816,1792.7418912661747,35,High,Medium,76.30558966107216,0,0,1,1
Normal,25-34,8.689776840528555,1513.0669231533716,9,Moderate,High,76.03326207085448,1,0,0,0
Sensitive,45-54,6.719542730774077,1297.6173891664996,20,Low,Low,61.45751380520679,0,1,1,0
Normal,25-34,6.479688412164859,1160.182251146685,30,Moderate,High,78.4870847233007,1,1,0,0
Normal,25-34,8.11947478383869,2383.2518835027895,30,High,High,75.8796356624636,1,0,1,0
Sensitive,25-34,8.176255260586714,2014.436240087234,70,High,Medium,90.0,0,0,0,0
Sensitive,45-54,5.680194392934862,1599.8296839820252,16,Moderate,Low,79.29631196611398,0,0,1,0
Sensitive,under 18,9.295258082830781,2717.8385518998984,0,Moderate,High,78.70065967740484,1,0,0,0
Dry,under 18,7.183832735426157,1742.1829829598364,69,Low,Medium,62.36652214005386,1,1,0,0
Combination,under 18,9.052935134047766,1652.748419307595,94,High,Medium,81.6655609320538,1,0,0,0
Combination,45-54,7.343273812143861,2675.9786526992293,1,Moderate,Low,80.04855784552218,0,0,1,0
Dry,35-44,5.745492250503059,2414.611792818556,1,Moderate,Low,90.0,0,0,0,0
Oily,45-54,7.780841193765805,1980.2417288842196,12,Moderate,Low,67.1864687388636,1,0,1,0
Normal,under 18,5.509849601300326,1637.780119948362,59,Moderate,High,82.21112424416582,0,0,0,1
Combination,35-44,7.434176609275988,1288.3316025593067,73,Moderate,Medium,84.25093987706418,0,1,0,0
Oily,25-34,7.196115788527375,2270.5254920308316,94,Moderate,Medium,77.52080723165841,1,0,0,0
Sensitive,25-34,8.47783025921365,1300.8214627698887,27,High,Low,72.17723463096833,0,1,0,1
Sensitive,under 18,8.97437094574191,2847.6817470899678,5,High,Medium,82.25902846399268,0,0,0,1
Normal,18-24,7.615227351570391,1480.9757092876698,98,High,High,66.55846220135818,1,1,0,0
Oily,45-54,6.507836067459638,1976.2013774407465,86,High,High,75.2282164087996,1,0,1,0
Sensitive,25-34,7.4056952630958355,2010.9907763218011,88,Moderate,Medium,90.0,0,0,0,0
Normal,35-44,7.421747714341925,1954.6266213304386,83,Low,Medium,90.0,0,0,0,0
Combination,45-54,7.397660641768365,1769.7382894193431,32,Low,High,76.64328314314874,1,0,0,0
Normal,18-24,6.492719924526297,1711.987414761666,20,Low,Low,80.98165883288473,1,0,0,0
Oily,35-44,9.875889301756107,2731.9503930871615,83,Moderate,Medium,90.0,0,0,0,0
Normal,18-24,7.832941285020423,2662.6544986338695,53,Low,High,77.86543264371328,1,0,0,0
Oily,18-24,8.197692008466824,2090.6355797570277,64,High,High,83.22446177924314,1,0,0,0
Sensitive,18-24,4.741642988470474,1868.91803993743,92,High,High,81.21207670881236,0,0,0,1
Dry,45-54,6.497443161972472,1433.4624134539217,6,Low,Low,78.71755146308791,0,1,0,0
Sensitive,25-34,4.770756588090076,2246.3596732835126,82,High,Low,82.79169356589242,0,0,0,1
Dry,45-54,7.48675648355622,1416.3015099661939,82,High,Low,60.00125666556593,0,1,1,0
Normal,under 18,5.881182240345716,2580.6111365770817,16,Low,Low,77.10618157973076,1,0,0,1
Oily,under 18,5.683455229725159,2085.3994519669013,8,High,Low,74.34347816580122,1,0,0,1
Sensitive,18-24,6.715332550648029,2253.1817355310313,67,High,High,75.65639601463482,1,0,0,0
Oily,55+,5.715838521015355,2045.0417387700536,18,Low,Low,64.8461534031352,0,0,1,1
Sensitive,25-34,7.253083866018816,2115.0904031146097,16,Low,Low,90.0,0,0,0,0
Oily,under 18,7.11861078694392,2172.304660297055,56,High,Medium,75.92087821188561,1,0,0,0
Oily,55+,10.0,3280.6488883855527,44,High,Low,83.80032266674533,0,0,1,0
Normal,55+,6.041175788819917,840.8785098237506,92,Moderate,Low,70.30205613406584,0,1,1,0
Oily,55+,7.893242951082961,2093.126229950633,8,Moderate,Low,81.97218394970317,1,0,0,0
Dry,55+,8.59156278877537,2142.4429498576587,43,Low,Low,90.0,0,0,0,0
Normal,35-44,7.087905909288579,2564.4532979386113,99,Moderate,Low,90.0,0,0,0,0
Normal,18-24,8.903170882620763,1306.7199706095007,50,Moderate,Low,90.0,0,0,0,0
Sensitive,18-24,5.775090719290625,1947.2035203556609,71,Low,Medium,77.84991837809416,1,0,0,1
Oily,45-54,7.1476564358868755,1887.0083983238756,11,Low,Medium,66.40614774604302,1,0,1,0
Normal,under 18,7.651310766792829,2498.05239465855,100,Moderate,Medium,84.35786381049967,1,0,0,0
Normal,25-34,9.584064566081093,2289.45651188645,71,Low,Medium,90.0,0,0,0,0
Normal,55+,5.721499482320335,1926.3118874010909,30,Moderate,High,90.0,0,0,0,0
Dry,35-44,6.886971638110665,2257.3201199905798,95,Low,Medium,80.26993575587053,0,1,0,0
Normal,55+,7.582252050150913,3025.1983255557548,7,Moderate,Low,74.75810354282187,0,0,1,0
Combination,35-44,6.307730297117637,2192.3752668834018,43,Low,High,76.06278259426158,1,0,0,0
Normal,18-24,10.0,1707.3965515481993,45,High,Medium,71.049228887125,0,0,1,0
Combination,under 18,7.217723044255533,1527.5597494379922,80,High,High,75.60327207069204,1,0,0,0
Normal,45-54,7.123130349441147,1609.8914259311791,9,Low,High,80.49793590045284,1,0,0,0
Oily,35-44,8.57020135523702,2073.659429515698,57,Moderate,Medium,76.03007641185752,1,0,0,0
Dry,35-44,5.59690411002656,2420.283848895836,9,Low,High,70.37990092049043,1,0,0,1
Oily,35-44,7.269499058307381,2476.4093886117275,26,High,High,61.49110919673451,1,0,1,0
Normal,35-44,5.278506058078377,2184.4122061243306,68,Low,Low,80.3447040966577,0,0,0,1
Normal,35-44,8.160012541967063,1788.3112548821318,14,Moderate,High,90.0,0,0,0,0
Normal,25-34,5.111495909547774,1979.1962523148031,31,Moderate,High,75.3654815596936,1,0,0,1
Normal,under 18,8.842172940671393,2562.965165317028,33,Moderate,Medium,90.0,0,0,0,0
Normal,25-34,6.3573573478666345,1358.4572818117786,35,Moderate,High,81.00113828488767,1,0,0,0
Dry,45-54,6.353230419475642,1765.7611746340438,44,Low,High,63.99627592975504,1,1,1,0
Combination,55+,7.669670174957166,1947.4992485479393,78,High,Medium,80.21728125408393,0,0,1,0
Combination,18-24,5.870103682394287,2552.131533630334,73,High,High,80.03193208284617,0,0,0,1
Sensitive,under 18,7.210638801167251,2217.7078263654703,24,Moderate,High,75.36118523575223,1,0,0,0
Sensitive,under 18,4.412521848803099,787.867564651357,50,Low,Low,90.0,0,0,0,0
Sensitive,45-54,4.843681327833387,1759.7282871966122,56,Low,High,55.42269571461253,1,0,1,1
Normal,18-24,7.8645340264207135,828.876564796351,7,High,Low,53.54124189798609,1,1,1,1
Oily,35-44,9.38927809655798,2085.283013385063,23,High,Medium,72.58845442459955,0,0,1,1
Oily,25-34,9.040442489424866,1557.0149587629357,0,Moderate,High,75.63783654540701,1,0,0,0
Dry,25-34,7.755789901258736,2042.5979649853937,94,Moderate,High,77.31690490614382,0,1,0,0
Normal,35-44,8.22652946958183,1883.1043162001415,25,Moderate,High,84.74444192335557,1,0,0,0
Oily,25-34,7.709822813511383,2551.0976593856003,14,High,Low,74.30749944676249,0,0,1,1
Oily,35-44,6.023235559162337,2121.122116244825,57,Low,Low,79.29915646962026,1,0,0,0
Sensitive,18-24,4.168206644166478,2351.251509531679,4,High,Low,66.35454495296119,1,0,1,0
Normal,18-24,9.931993815193735,1377.7819761256524,42,Low,High,82.1778054946584,1,0,0,0
Normal,25-34,6.862928109358085,2440.2406504570567,94,Moderate,Low,90.0,0,0,0,0
Dry,18-24,7.047126210199826,2082.549775746613,10,Low,Medium,65.36253235918494,1,1,0,0
Sensitive,under 18,6.413500837714542,1785.9238734560427,44,Moderate,Medium,90.0,0,0,0,0
Sensitive,under 18,6.869958769621934,2020.835711069678,41,High,High,72.16950481261217,1,0,1,0
Normal,18-24,5.227838107634035,1966.9890070269855,55,High,Low,84.18116397089666,1,0,0,0
Oily,25-34,9.35280090806399,1790.4331032055477,18,Moderate,Low,90.0,0,0,0,0
Sensitive,55+,5.144117525688058,1924.2919660067867,60,High,Medium,72.09425100426667,0,0,1,1
Normal,35-44,5.928080781813555,1330.8290873390301,76,Moderate,Low,68.95363209692806,0,1,0,1
Dry,35-44,7.208752692598932,1644.858981424461,43,High,Medium,64.72491623815034,0,1,1,0
Dry,55+,6.062928749720087,2076.7136901926947,26,Low,High,51.83521826706598,1,1,1,0
Normal,18-24,4.700238106956498,1129.2151748744377,10,Low,Medium,73.38045004046629,1,1,0,0
Sensitive,35-44,8.006308291752898,1034.5831996379584,92,Low,Medium,81.39501187897483,0,1,0,0
Normal,under 18,5.534983457038968,1100.0802323057812,67,High,Low,60.196583793753646,1,1,0,1
Dry,25-34,6.2707952997267515,2214.0293738255828,43,High,Low,73.62216461785287,0,1,1,0
Oily,55+,7.168506923098565,3195.936694728642,61,High,Low,70.20307715273046,1,0,1,0
Normal,18-24,8.630373426683501,1534.4210749216993,34,High,Medium,75.57972845395466,1,0,0,1
Combination,45-54,5.204417492760384,3353.3439704877505,76,Low,Low,69.06540729994028,0,0,1,1
Sensitive,55+,8.593858008600044,2294.684803634786,87,Low,Medium,84.98500680445926,0,0,1,0
Dry,55+,7.112277718323427,2136.7607837375085,64,Low,High,79.80189776406539,1,0,0,0
Dry,45-54,4.77689008677636,2078.519585098384,93,High,Medium,75.51814895740726,0,1,1,0
Sensitive,45-54,7.106847096188522,1547.9305784492599,74,Low,High,78.51830906149775,1,0,0,0
Normal,35-44,6.192210319647282,2757.588196721778,52,Low,High,82.80903135908443,1,0,0,0
Normal,35-44,6.812237619557706,3035.585651266555,60,High,High,84.03342632786713,1,0,0,0
Oily,under 18,4.388980845268925,1738.934906887126,91,High,High,83.68366902611636,1,0,0,0
Oily,under 18,4.679082173129622,1395.2887730540829,40,Moderate,Low,71.67762832356117,1,1,0,1
Oily,35-44,5.757691441511055,2157.6548133852957,67,Moderate,Medium,67.04387548617194,1,0,0,1
Combination,45-54,7.400239256620581,1660.3548401861972,32,Low,Medium,90.0,0,0,0,0
Normal,under 18,3.658300663995127,2738.846436516076,82,Low,Low,76.36186251079641,1,0,0,1
Combination,25-34,6.571352925945465,1441.8549148494303,53,Moderate,Low,90.0,0,0,0,0
Oily,55+,7.412396171605131,2102.222585261587,20,Moderate,High,58.118967980370904,1,0,1,0
Oily,25-34,6.515985302500052,2074.265507820752,45,Moderate,High,83.63823465099875,1,0,0,0
Dry,under 18,5.2674552393879726,2379.956421588242,89,High,Low,79.74528596419638,0,1,0,0
Normal,55+,5.504699357864695,1697.215172348284,6,Low,High,77.71390519385501,0,0,1,0
Oily,35-44,7.973202724227363,2601.9794825051167,10,High,Low,66.85289865985042,0,0,1,1
Sensitive,45-54,9.378661852069508,2527.899119233286,96,High,Medium,80.67970742231947,0,0,1,0
Dry,35-44,6.513891724297327,1229.4834654497686,71,Low,Medium,82.20856664356776,0,1,0,0
Sensitive,18-24,9.10758337840434,2685.347994452488,21,Moderate,Medium,75.49249724089292,1,0,0,0
Normal,25-34,5.992035769969757,2460.59451891228,46,Moderate,High,80.64833055883186,1,0,0,0
Dry,35-44,6.5017333091038925,2750.6384417558643,87,Moderate,Low,90.0,0,0,0,0
Dry,45-54,6.227703006394327,2989.3256437742516,11,Moderate,Medium,90.0,0,0,0,0
Normal,45-54,8.179180821397368,2898.772422342993,36,Moderate,Medium,90.0,0,0,0,0
Normal,18-24,6.304304095525181,2202.5148022220965,74,Moderate,Low,83.26403392314249,1,0,0,0
Sensitive,under 18,5.546081202483452,2421.9946260595984,1,Moderate,Low,78.42039235296319,1,0,0,0
Combination,55+,8.348562299255686,3198.5119591005932,90,Moderate,Medium,82.52166579853939,0,0,1,0
Oily,35-44,7.723059695829473,2362.0471012530465,29,Low,Medium,79.63225885900059,1,0,0,0
Sensitive,45-54,6.2937544352443275,2270.6896863176194,23,Moderate,Low,75.48330643024265,0,0,1,0
Sensitive,55+,6.430163186968624,2057.930379421,56,Moderate,High,81.8007895947966,1,0,0,0
Normal,45-54,7.261773492318692,1823.8475633254147,72,High,Low,76.7352621465452,0,0,1,0
Combination,45-54,7.0944176448129905,1812.3524151432898,73,Low,Medium,80.49065657615174,0,0,1,0
Oily,45-54,6.430403312449242,2538.3323257511356,97,High,High,73.73285987976062,1,0,1,0
Oily,under 18,7.263120462739617,2173.5331361001386,67,High,Low,77.74603595811072,1,0,0,0
Sensitive,35-44,4.814042846521696,2211.729165915195,5,High,Low,66.03346600900937,0,0,1,1
Combination,35-44,7.7956351959628565,1800.8306886556236,30,High,Low,83.77324802807476,0,0,0,1
Oily,55+,10.0,855.3863679079675,56,Low,Low,73.63898262878801,1,0,1,0
Combination,under 18,8.176550703655819,2356.402402477431,43,Moderate,Medium,90.0,0,0,0,0
Normal,25-34,7.812374397999118,2088.1063528193117,78,Low,Low,90.0,0,0,0,0
Sensitive,25-34,7.826018983937557,2434.087739777947,21,Moderate,Low,90.0,0,0,0,0
Oily,under 18,5.911168624252009,2149.5978110900446,58,Moderate,Medium,83.80924182662498,0,0,0,1
Sensitive,45-54,6.725024736965044,1453.1157998872457,14,Moderate,Low,77.71746914566684,0,0,1,0
Oily,55+,8.075754961919934,1717.8197876579834,46,Low,Low,72.76397269310674,1,0,1,0
Normal,18-24,4.753211987830799,1730.4446696491755,75,Low,High,90.0,0,0,0,0
Dry,45-54,5.801651652860304,2514.239504595055,86,Low,High,58.72184689052507,1,1,1,1
Dry,35-44,7.2297897108371165,2691.19137284497,21,High,High,45.85330762688631,1,1,1,1
Sensitive,35-44,6.0001656531504315,2437.08493594825,17,High,Medium,76.9560211258015,0,0,1,1
Dry,18-24,10.0,2178.01623356357,54,Moderate,Medium,78.58327282630125,0,1,0,0
Dry,25-34,8.29247329348473,2346.758832112703,95,Low,Low,84.56002177497459,0,1,0,0
Dry,18-24,4.86688700886126,2292.9086487337254,17,Low,High,60.579508819563756,1,1,0,1
Dry,25-34,7.459684480974353,1870.1263083008453,87,Moderate,High,76.8012324380595,1,0,0,0
Normal,45-54,5.673945438692679,2346.9916201635187,89,Low,High,58.15312107709045,1,0,1,1
Dry,25-34,5.541394390584069,3066.8228023409483,14,Low,High,72.81301217327236,1,1,0,0
Normal,55+,7.171253625232192,1388.3464761067482,65,Low,Low,76.16985248512668,0,0,1,0
Combination,45-54,6.229005582507492,1860.9328308550914,70,Low,Low,75.90792519865134,0,0,1,0
Normal,18-24,10.0,1557.7055265952517,52,Moderate,Medium,76.69599659122625,1,0,0,0
Combination,25-34,6.8256741051229195,1731.0858150674887,43,Moderate,High,82.15886903752622,1,0,0,0
Combination,18-24,7.748887728372496,1739.0582931474778,100,High,High,82.77504894962485,1,0,0,0
Dry,35-44,5.291415000790435,1902.3527101019006,71,Low,Low,75.29307834197095,0,1,0,1
Dry,35-44,6.550909235001635,1703.8778111879933,86,Moderate,Medium,80.52608447984534,0,1,0,0
Dry,35-44,6.191784461654324,2592.3478989405016,69,Moderate,Low,90.0,0,0,0,0
Normal,18-24,6.520389678598743,1432.9361687607836,9,Low,Medium,74.66028895993844,1,1,0,0
Combination,35-44,6.306826054300216,2027.1678297326962,88,High,High,75.89605820536659,1,0,0,0
Sensitive,under 18,4.995595545172969,2812.9889800031992,45,Moderate,Low,80.21177447634881,1,0,0,0
Oily,55+,8.301369216259408,2715.0863718093897,69,Low,Low,75.23149032958177,1,0,1,0
Combination,25-34,7.588192188231524,953.1512749349497,2,Low,Low,79.48956837467219,0,1,0,0
Oily,under 18,9.303000574957771,1568.2158201450536,90,High,Low,84.16835836484725,1,0,0,0
Dry,35-44,5.8267198839968515,2078.1625719777217,24,High,Low,75.17346183269373,0,0,1,0
Oily,35-44,9.067344770005224,2526.6435669762,29,High,Low,65.40827482420248,1,0,1,1
Normal,55+,8.359421680264031,1844.0864735627233,95,High,Medium,84.98899816534856,0,0,1,0
Sensitive,under 18,6.508588710861832,2172.9718339900332,79,High,Medium,79.56063472019977,1,0,0,0
Normal,35-44,6.804893738074701,2444.6589536646766,29,High,High,57.13121526847794,1,0,1,1
Normal,45-54,8.24517649674284,2295.670660586353,97,Moderate,High,77.26047318325297,1,0,1,0
Normal,25-34,3.211058077345932,2063.994181838632,74,High,Low,84.04981161207589,0,0,0,1
Oily,45-54,6.836719178900948,2084.0128008797656,31,Low,Medium,69.6159336676811,1,0,1,0
Normal,55+,5.86851304218039,1337.6070448003875,50,Low,High,45.48799294081337,1,1,1,1
Dry,18-24,7.69470771996256,1821.8493411339691,21,Low,High,69.98855389771414,1,1,0,0
Oily,55+,7.862039490561399,1664.5428111576143,71,Moderate,Medium,78.17405709888781,1,0,0,0
Oily,25-34,9.123865960739014,2500.5324212853816,11,High,Medium,74.96817184737407,0,0,1,0
Sensitive,25-34,7.44524066281882,1893.3557933070265,77,Low,Low,90.0,0,0,0,0
Normal,35-44,8.278613316697296,2196.273907618703,99,Moderate,High,83.48661173637736,1,0,0,0
Normal,under 18,7.357876281895908,2521.432704779804,6,High,Low,82.01336214087989,0,0,1,0
Oily,55+,9.139804231609961,1373.7944077572279,1,High,High,55.535433843177245,1,1,1,1
Sensitive,18-24,5.42442383897529,1609.869637260601,15,Low,Medium,81.77321111188306,0,0,0,1
Normal,18-24,4.746363103534673,1968.6257372154244,12,Low,High,75.52774578675371,1,0,0,1
Normal,18-24,7.900174682866759,1989.2908525238317,30,High,Medium,90.0,0,0,0,0
Normal,35-44,6.1988175375806565,2563.228878564579,18,High,High,67.94887085931911,1,0,1,0
Oily,under 18,7.210834604810125,2171.491483683159,12,Moderate,Low,90.0,0,0,0,0
Sensitive,under 18,8.73135220734964,1938.379030574433,95,High,Medium,81.97518664871376,1,0,0,0
Sensitive,55+,10.0,1776.092498064117,3,Moderate,High,62.90556398652796,1,0,1,0
Sensitive,55+,9.99692230676935,1512.6324090437897,51,Moderate,High,83.97441931279693,1,0,0,0
Normal,25-34,7.776227354320662,1678.7339155968814,42,Low,Low,90.0,0,0,0,0
Normal,55+,8.67934917547164,1760.8836960707858,90,High,Medium,90.0,0,0,0,0
Dry,35-44,7.436306785966129,1674.7290019792151,41,High,Low,90.0,0,0,0,0
Sensitive,55+,8.40583776049992,1672.1243696804304,22,High,High,72.89455475376508,1,0,1,0
Dry,35-44,9.525122267114003,1502.0014465193049,47,Low,High,61.72210651873612,1,1,0,0
Normal,18-24,4.98155812250778,2475.7760390395433,10,Moderate,High,71.45918238332058,1,0,0,1
Sensitive,under 18,6.1125345396047175,1996.3813432752322,9,Moderate,Low,79.8754332606181,1,0,0,0
Sensitive,18-24,6.516638269246418,1343.695866423655,94,Low,Medium,90.0,0,0,0,0
Combination,35-44,6.884509503792493,2632.457947486151,47,High,Medium,78.95719328427235,0,0,1,0
Normal,under 18,8.504705504958348,2115.8963813129626,56,Low,Low,77.12286595155767,1,0,0,0
Normal,45-54,8.668402439552661,1470.2407076529116,69,Low,Low,78.3752058570995,0,0,1,0
Normal,18-24,6.5118185066424905,2197.902470365104,22,High,Low,57.941998040220795,1,0,1,1
Sensitive,18-24,6.804377759774333,1876.5883347617214,27,Moderate,Low,82.72305713412973,1,0,0,0
Combination,18-24,5.199034401518357,959.3293056786442,18,Moderate,Medium,80.23485065250811,0,0,0,1
Dry,18-24,8.226799637424454,2121.6107866261127,0,Moderate,Medium,67.63909513066302,1,1,0,0
Oily,55+,8.352997567315139,1781.382028920813,97,Moderate,Low,71.19736006525996,1,0,1,0
Dry,25-34,5.930833172758609,2003.2739833183173,22,Low,Low,73.49146930494301,0,1,0,1
Normal,18-24,8.281299472919224,1884.2738925061728,89,High,Low,90.0,0,0,0,0
Oily,35-44,8.20267777649273,1496.8459972034566,77,Moderate,Medium,75.53148802242556,1,0,0,0
Dry,35-44,6.7578293002451995,1964.9429279609844,85,High,High,66.273191482875,1,1,0,0
Oily,35-44,8.83958491588288,2103.8136990079543,54,High,High,83.85468615983666,1,0,0,0
Combination,35-44,9.619116277441293,1326.1576000262587,87,Moderate,High,72.17861241373885,1,1,0,0
Sensitive,25-34,7.194878356616919,2089.699019590223,100,Moderate,High,90.0,0,0,0,0
Sensitive,25-34,7.930139796380301,1593.3200317755545,76,High,High,83.1701827384429,1,0,0,0
Dry,35-44,9.526669509116253,2006.4819707358795,58,High,Medium,75.24788478370492,0,1,0,0
Combination,55+,5.369398730597623,1991.9875047931907,69,Low,Medium,66.7327848361904,0,0,1,1
Combination,35-44,6.53025771567983,3391.6175711236647,85,High,Low,90.0,0,0,0,0
Oily,under 18,8.57491539928752,2024.8306778541087,13,Low,Medium,79.88285785562091,1,0,0,0
Combination,18-24,6.832124972201193,2475.5284312407325,93,High,High,82.65467960498758,1,0,0,0
Dry,55+,8.498293240492321,544.2250403396756,33,Low,Low,61.482783402412416,0,1,1,0
Combination,18-24,7.9644897321000006,2013.9832719893134,8,High,Medium,57.81185973060434,1,0,1,0
Sensitive,35-44,5.0332842673195355,2440.1070698120884,73,High,Low,80.9646559562385,0,0,0,1
Oily,18-24,10.0,2278.39797341389,92,High,Low,90.0,0,0,0,0
Combination,18-24,8.650642663385296,2902.0595459822016,25,Low,Medium,76.60039722787273,1,0,0,0
Oily,55+,5.754606773919923,1071.2142774165413,11,Low,Low,58.491987887173444,1,0,1,1
Combination,25-34,7.985299094964253,1876.1942317792746,1,Moderate,Low,90.0,0,0,0,0
Sensitive,under 18,4.938739821442685,1960.9150319321034,71,Low,Low,77.86715464788217,1,0,0,1
Normal,under 18,8.09132106068593,1925.51416761782,55,Moderate,Medium,81.18618873723415,1,0,0,0
Sensitive,18-24,5.819758553897444,1888.246469851745,81,High,High,69.78366460048629,1,0,0,1
Combination,under 18,6.9707853020479815,1035.258868686959,51,Moderate,Low,76.29921198872394,0,1,0,0
Combination,35-44,6.78583757024396,1327.8297639275543,25,Moderate,Low,90.0,0,0,0,0
Oily,25-34,7.988538928031645,1219.478712206611,15,Moderate,Low,75.57685324538784,0,1,0,0
Normal,35-44,8.519038306826404,1795.4174653930293,7,Low,Low,90.0,0,0,0,0
Normal,45-54,6.185536439841982,2147.227298650986,43,Moderate,Medium,90.0,0,0,0,0
Normal,18-24,5.700948332164912,2139.372877065032,43,High,Medium,63.49335872511043,1,0,1,0
Combination,25-34,5.901836837967444,1721.6327438376154,82,Low,High,90.0,0,0,0,0
Sensitive,18-24,7.608031253993703,1430.7096331328087,0,Low,Medium,79.04871920053631,1,1,0,0
Sensitive,under 18,5.103494047356465,2124.1127537051707,57,Low,Medium,90.0,0,0,0,0
Normal,under 18,6.959650221265923,2084.346372404696,30,Low,Medium,78.57269738299945,1,0,0,0
Sensitive,under 18,7.491458855082131,2028.6877769034907,57,High,High,90.0,0,0,0,0
Sensitive,55+,7.912138935950603,2048.718143489329,55,Low,Low,76.12405731248025,0,0,1,0
Dry,55+,3.9890441504870457,1126.0577026690721,8,High,High,59.564222642390035,0,1,1,0
Sensitive,under 18,9.891923770363125,2000.0359335294315,46,High,Low,75.85739891617446,0,0,1,0
Normal,18-24,8.425362477575645,1827.148047186462,53,High,Low,90.0,0,0,0,0
Combination,25-34,6.912977358409105,1773.317672864578,42,Moderate,Medium,90.0,0,0,0,0
Oily,45-54,10.0,2126.6212111820714,33,High,Medium,67.3644573340251,1,0,0,1
Sensitive,35-44,6.197713141740704,1174.2301432849044,3,Low,Medium,90.0,0,0,0,0
Oily,45-54,9.960600164103777,1918.3608073858484,82,Low,High,76.22837506411372,1,0,0,0
Sensitive,45-54,8.116343679342396,2427.998645153273,27,Low,Low,72.01098261054636,0,0,1,0
Dry,35-44,6.305754214854444,2336.226387693078,25,Moderate,Medium,83.27428612604055,0,1,0,0
Oily,25-34,6.093792569872574,1504.786818980292,85,Low,Low,90.0,0,0,0,0
Sensitive,25-34,8.746697038768318,1920.9053100889003,35,Moderate,Medium,90.0,0,0,0,0
Normal,under 18,7.777769250403983,2205.4604969408856,51,Moderate,High,80.84189251732195,1,0,0,0
Oily,25-34,7.956897940082934,1221.7315328991876,20,High,High,55.65797968173736,1,1,1,1
Sensitive,55+,6.122064203025445,1837.7624212517876,75,Moderate,High,71.72265224786032,0,0,1,0
Oily,35-44,5.752781990647764,2214.503424008194,2,High,High,75.22604175059078,1,0,0,0
Oily,35-44,8.780339616393846,2672.592327673149,3,Low,High,77.7818716939037,1,0,0,0
Dry,25-34,6.491192852185175,2145.9829312289535,70,High,High,81.87921833426068,1,0,0,0
Sensitive,35-44,7.668465256735149,2310.6280471017644,44,High,Medium,84.50620196986397,0,0,1,0
Oily,55+,5.682797390391034,2910.290134132483,84,Low,Low,55.124508285159685,1,0,1,1
Sensitive,25-34,8.389780276519668,2476.3246718462206,82,Moderate,Low,90.0,0,0,0,0
Combination,55+,8.805190085350596,2267.067971132992,71,Moderate,High,79.02461956411477,0,0,1,0
Dry,25-34,5.459029865423542,1930.5136342224466,55,Moderate,Low,75.02408775821192,0,1,0,0
Dry,25-34,4.523419907407127,2207.5362548495423,8,Moderate,Low,78.70333455283848,0,1,0,0
Oily,25-34,6.74617951275168,1979.7388082365342,22,Low,High,78.37139827814694,1,0,0,0
Sensitive,25-34,8.806001695128476,1771.5029807217704,49,High,Medium,71.70850052062528,0,0,1,0
Dry,35-44,6.621815261841886,2010.9866479816083,67,Low,High,84.781251650947,0,1,0,0
Combination,25-34,4.240011625879552,1866.9681721189984,93,Moderate,Low,81.57118445075297,0,0,0,1
Oily,under 18,3.271307631570725,1707.2392190521305,95,High,High,80.22699360501502,0,0,0,1
Dry,45-54,8.28278358008924,2223.6332791255345,11,Moderate,Low,90.0,0,0,0,0
Oily,18-24,6.107769534318885,2020.3991091119062,78,Low,Medium,75.63897499968616,1,0,0,0
Normal,25-34,5.387515649304392,1998.8282984252398,8,High,Low,69.6595371412898,0,0,1,1
Dry,under 18,10.0,2922.9006601859655,99,Low,High,82.44764049172312,1,0,0,0
Normal,under 18,7.078933195025892,2080.0720824576874,92,High,Low,75.55889532755714,1,0,0,0
Dry,under 18,5.5306520280481735,1599.1054460244748,75,High,Low,75.48326941396795,1,0,0,1
Oily,25-34,7.543276483157041,1737.5537171817575,23,Low,Low,90.0,0,0,0,0
Combination,35-44,8.356224392277372,2784.8428404888787,74,High,Medium,90.0,0,0,0,0
Oily,25-34,7.498931177171558,2050.8686029199635,79,High,High,77.31763262052817,1,0,0,0
Normal,55+,4.478830562634022,2373.805122636025,29,Low,High,75.11486127098922,1,0,1,0
Combination,25-34,5.284493047691413,1790.99543568329,31,High,Low,75.46415042244354,0,0,1,1
Dry,45-54,8.439363838577702,2514.8790821545163,85,High,Low,68.98247422094232,0,1,1,0
Oily,under 18,6.300238708974824,1795.5422325400068,56,Moderate,High,82.37239130117524,1,0,0,0
Normal,35-44,5.951021690114992,1401.0731273370448,53,Moderate,Low,84.95476760885799,0,1,0,0
Dry,under 18,6.047806776843637,1193.4349905426557,96,Low,High,70.95698276923193,1,1,0,0
Normal,55+,8.024593872262397,2197.261802580938,80,High,Low,90.0,0,0,0,0
Normal,18-24,7.840793927305769,1522.7979747124286,34,Low,Low,90.0,0,0,0,0
Dry,45-54,5.207394154727416,2026.7571371567801,2,Low,Medium,76.02703900029829,0,1,1,0
Normal,under 18,7.096153847425338,1926.3650862435275,73,Moderate,Medium,78.58783217364065,1,0,0,0
Oily,35-44,6.565775096218226,2855.387888847193,62,Low,Low,76.6958716097061,1,0,0,0
Normal,under 18,7.639037517689467,2985.3391957332456,55,Moderate,Medium,78.36089690519646,1,0,0,0
Sensitive,25-34,8.90344753814745,2851.6354630086726,47,Low,Medium,90.0,0,0,0,0
Oily,under 18,5.388305850465997,2296.585495499015,19,Moderate,High,84.17389307826429,1,0,0,0
Dry,35-44,6.3523517665099405,1168.3066443202335,56,Moderate,Low,76.44563961280438,0,1,0,0
Combination,25-34,9.24400475433329,1853.1537371471854,26,High,Low,66.37173756846227,0,0,1,1
Normal,35-44,5.417347554599973,1792.7180683756533,75,High,Low,81.11511183103451,0,0,0,1
Dry,55+,5.805663815839271,1653.1510161916663,14,High,Medium,51.931198765367405,0,1,1,1
Combination,45-54,6.667594914726026,2865.4075965223715,18,Low,High,76.72731005121732,0,0,1,0
Sensitive,35-44,6.000524175183061,2829.6353321095953,80,Low,Medium,90.0,0,0,0,0
Sensitive,under 18,8.273255193969282,2198.135781793043,14,High,Medium,77.53912932802348,1,0,0,0
Normal,18-24,8.122180048377812,2006.8278319187289,7,Moderate,Low,75.85840592545611,1,0,0,0
Sensitive,35-44,8.92907515579514,2283.4901316335504,41,Moderate,High,80.26653894101902,1,0,0,0
Oily,45-54,4.5030010224617305,2148.1259659449825,43,Moderate,Medium,90.0,0,0,0,0
Dry,45-54,8.175959714488922,1855.4993906993914,53,Moderate,Low,56.61469855972777,0,1,1,0
Dry,55+,7.189383809070899,1693.5710026627967,61,Low,Medium,73.02204504078303,0,0,1,0
Oily,35-44,4.9335615159046595,1224.81156453438,24,Moderate,High,71.81180577603817,1,1,0,0
Oily,under 18,4.694398019396704,2334.5223712352663,77,High,High,82.05116612735941,0,0,0,1
Dry,55+,3.264577437435507,1666.7600365182593,34,High,Medium,83.5460605472214,0,0,1,0
Combination,45-54,5.851520072131933,1858.9202320062677,3,Moderate,Medium,78.25609421968136,0,0,1,1
Oily,55+,4.215352675095696,2201.9440473703094,32,High,Medium,55.48505045787711,1,0,1,1
Dry,45-54,5.090257908760152,2566.2027703546346,84,Moderate,Medium,66.50591627535415,0,0,1,1
Sensitive,35-44,6.067351468616751,1952.1934882940398,22,Low,High,84.9094873524846,1,0,0,0
Sensitive,18-24,7.005660784832809,2122.120526430286,50,Low,Medium,78.17977130611314,1,0,0,0
Combination,35-44,7.055521566244213,1786.4447256336841,96,Low,High,90.0,0,0,0,0
Oily,55+,7.514572796041064,2233.0735652474773,68,High,Low,58.97465476642092,1,0,1,0
Dry,18-24,5.852297999335569,2213.1839094867787,98,Moderate,High,81.42855706427785,0,0,0,1
Sensitive,25-34,8.787580453602544,2352.9470980522765,99,Moderate,Medium,90.0,0,0,0,0
Sensitive,25-34,8.398562862470781,2085.9604244537227,28,Low,Low,90.0,0,0,0,0
Oily,18-24,5.595774330887681,1595.1777701481774,52,Moderate,High,74.65227111823738,1,0,0,1
Combination,35-44,7.479831951781618,2471.381862576155,9,Moderate,High,84.37232858121935,1,0,0,0
Combination,25-34,10.0,2490.910972219302,16,High,Low,70.72684712321255,0,0,1,1
Normal,25-34,5.244346363753747,1616.3637138200088,35,Moderate,Medium,90.0,0,0,0,0
Combination,45-54,10.0,1892.805534011611,82,Moderate,Medium,72.15051547260417,0,0,1,0
Normal,18-24,7.071271952141933,1519.7915397953857,56,Low,Medium,90.0,0,0,0,0
Dry,45-54,9.347655108361366,2250.166603660313,24,High,Low,82.92597202342122,0,0,1,0
Normal,55+,5.838097978172033,1503.0873555713645,74,High,Low,81.27149970902074,0,0,0,1
Combination,18-24,7.460805918846808,2022.1030874402263,78,Moderate,Low,75.06868531458373,1,0,0,0
Oily,under 18,8.24816532583169,2273.4842365636,6,Low,High,90.0,0,0,0,0
Combination,under 18,6.603279476847066,1728.0992022693167,39,High,Low,73.90397879355537,1,0,0,1
Sensitive,35-44,6.7600867775517495,1724.6595766716187,93,Moderate,High,84.02399304752815,1,0,0,0
Dry,45-54,6.804706700792857,2008.220464309691,25,Low,Medium,76.81806958490095,0,1,0,0
Normal,55+,5.653103659929915,2315.3399310489403,54,High,High,78.17013376930284,1,0,0,0
Oily,under 18,6.444358428295494,1579.0578248573283,96,Moderate,High,82.76738593021928,1,0,0,0
Combination,55+,6.472588857577198,2121.129078310143,58,High,High,80.36725219978283,1,0,0,0
Sensitive,25-34,7.124557299719955,2211.059057452231,95,Moderate,Medium,90.0,0,0,0,0
Normal,18-24,8.347519187613294,2652.4701020040166,0,High,Medium,66.20288108049422,0,0,1,1
Oily,55+,7.42822924403208,1465.2988063822518,74,High,High,68.02106697802056,1,1,0,0
Normal,55+,6.596333796204549,1497.8408078084958,32,Moderate,Medium,81.28012743208099,0,0,1,0
Combination,55+,9.545281110568423,2993.7004412635815,56,Moderate,Low,79.52079331357909,0,0,1,0
Sensitive,18-24,7.975466796244515,2429.2294213195155,12,Low,Low,81.34193321404373,1,0,0,0
Normal,18-24,7.376414789854989,2183.0279577303954,40,High,Medium,63.04996193617641,1,0,1,0
Combination,18-24,4.603818672506316,1963.033817371545,15,Low,Low,74.23473916453015,1,0,0,1
Oily,18-24,5.67827040648061,2140.6782687691853,53,High,Low,90.0,0,0,0,0
Dry,45-54,6.9105852319171985,2973.4109811730573,90,Low,High,65.65875358568822,0,1,1,0
Sensitive,25-34,8.374941533084263,2142.2559912608226,4,Moderate,Low,90.0,0,0,0,0
Combination,45-54,6.599590469290561,2838.0107293799647,5,High,Low,70.12744476476928,0,0,1,1
Sensitive,45-54,6.955068030810205,2165.836980817639,2,High,Medium,74.42113655471618,0,0,1,1
Sensitive,55+,7.063374406640253,1797.9230471463386,13,Low,Medium,82.56813792585564,0,0,1,0
Combination,55+,7.05475933357828,1019.016574660842,1,Moderate,High,68.54392103098593,1,1,1,0
Oily,25-34,4.678440398138219,2174.815270834814,7,Moderate,Low,76.60375668326267,1,0,0,0
Dry,55+,9.352299535791229,2174.1105520720844,64,Low,High,45.42637458477536,1,1,1,0
Oily,under 18,5.919446717655019,1278.5731229663324,10,Low,Low,53.59148730513892,1,1,0,1
Sensitive,under 18,8.176790890713457,1716.4024244924494,74,Moderate,High,80.68409846820158,1,0,0,0
Normal,35-44,7.96485312782884,2194.9325790328585,67,Low,Medium,90.0,0,0,0,0
Dry,35-44,7.717450588382034,2016.800853676778,48,Moderate,Low,84.35886849212937,0,1,0,0
Normal,18-24,7.575466577454462,1940.2727993718324,52,High,High,80.0701422958787,1,0,0,0
Oily,35-44,6.047040198447695,1518.2504697419743,27,Low,Low,83.61953121036021,1,0,0,0
Oily,55+,3.4224868030435323,1909.4452187977452,92,Low,Low,67.0091221175532,1,0,1,1
Sensitive,18-24,9.27906727442793,2365.0400462687985,58,Low,Low,80.25145670746659,1,0,0,0
Combination,45-54,7.341563677713937,1632.9975028554245,79,Low,High,72.3424890984783,1,0,1,0
Oily,35-44,8.496008838638616,1940.3453440984877,64,Moderate,Low,79.58111715699856,1,0,0,0
Oily,18-24,9.362401470683588,1509.4563683526594,2,Moderate,Low,90.0,0,0,0,0
Sensitive,45-54,5.875045708041015,1576.365027890186,60,Low,Medium,90.0,0,0,0,0
Normal,55+,4.77682244434898,1531.4776574041189,64,Moderate,Medium,83.16494529968641,0,0,0,1
Normal,55+,7.154824389648876,1643.8994875746862,16,Moderate,High,75.27419300904508,1,0,0,0
Combination,45-54,3.0,2537.136648710061,64,Low,Low,68.59510985963117,0,0,1,1
Normal,18-24,4.473859405978892,2294.6141424433185,53,High,Medium,82.34044818887307,1,0,0,0
Oily,under 18,7.0468218845043475,3058.686408210171,93,Low,High,84.3344748024226,1,0,0,0
Oily,45-54,8.49543622228393,1747.697702257513,93,Low,High,77.81185759374857,0,0,1,0
Combination,35-44,5.946904656467032,2751.363840399643,84,Moderate,Low,81.01424975095502,0,0,0,1
Dry,35-44,4.7861933543478825,2095.439967959354,54,High,High,66.96592746750679,1,1,0,1
Dry,35-44,6.803319305125492,1828.386965647662,84,Moderate,Medium,84.72272626407613,0,1,0,0
Combination,18-24,7.530270976672638,2094.779930254338,25,Moderate,High,90.0,0,0,0,0
Normal,55+,7.6861011141876165,2069.487826181642,34,Low,Medium,90.0,0,0,0,0
Sensitive,under 18,7.626522107525871,2046.6825964657974,89,High,High,77.32616434053536,1,0,0,0
Sensitive,35-44,6.010859669175528,2002.0006301182977,55,Moderate,Medium,90.0,0,0,0,0
Normal,55+,5.92842016044397,1609.8116976345748,89,Moderate,High,58.74681031177399,1,0,1,0
Oily,55+,6.495774995923372,1940.2884196320788,2,Moderate,Medium,63.02140011661001,1,0,1,0
Sensitive,18-24,7.0528379595217165,2458.1894136816654,78,Moderate,Medium,90.0,0,0,0,0
Combination,35-44,6.252303876188735,2098.42596323741,0,High,High,73.06311851140131,0,0,1,0
Normal,under 18,7.177041570915728,1695.6858562669674,7,Moderate,High,79.06360403948528,1,0,0,0
Combination,55+,7.110611179309817,2501.3607075886566,0,Low,High,71.37617681625349,1,0,1,0
Dry,35-44,7.2797593253251005,2113.291964513654,41,Low,Medium,76.60946401717877,0,1,0,0
Combination,18-24,5.942007503585999,2984.429425602438,19,Low,High,68.89846324121315,1,0,0,1
Sensitive,55+,6.027465444516248,1166.1082697262611,23,Moderate,Low,66.33855255412549,0,1,1,0
Combination,45-54,8.290276180327115,1942.591480175787,95,Moderate,High,63.2064649787458,1,0,1,0
Dry,under 18,6.545437268579388,1727.2231097942365,60,High,Low,81.94250888813335,0,1,0,0
Oily,35-44,9.807571936473757,2177.2951393023413,57,Moderate,Low,81.15047249978993,1,0,0,0
Normal,25-34,7.824626832467628,2081.3078117911336,86,Low,Medium,90.0,0,0,0,0
Oily,55+,7.405074420167795,2699.3123052797073,68,Moderate,High,90.0,0,0,0,0
Combination,under 18,6.623718008158457,1271.531227239635,58,Moderate,Medium,71.15212838695916,1,1,0,0
Normal,18-24,8.302081981341665,2248.350806121196,12,Moderate,High,79.29896321935468,1,0,0,0
Combination,18-24,7.161969719327564,2235.376620773893,35,High,Low,67.97381827144581,1,0,1,0
Normal,under 18,6.443883669558739,2010.34629142713,91,Moderate,Low,90.0,0,0,0,0
Dry,55+,6.802449619210135,1704.2558714645415,17,Low,Medium,63.94313428026655,0,1,1,0
Normal,45-54,8.783759174657504,1293.8706862911,20,Moderate,Medium,80.82957414160279,0,0,1,0
Oily,35-44,10.0,2438.6811046032376,100,High,High,90.0,0,0,0,0
Combination,45-54,4.333036697946474,1887.9168352545353,86,High,Low,74.42719977944982,0,0,1,0
Normal,35-44,6.747181126144663,2195.943314471056,13,Moderate,Medium,90.0,0,0,0,0
Normal,18-24,5.51593259389042,2016.0126716841087,84,Low,High,80.90897438377172,0,0,0,1
Sensitive,45-54,6.81832090281603,1631.1908187132806,59,Moderate,Medium,83.64707106682445,0,0,1,0
Dry,55+,5.684871652793152,2459.4023233511784,65,Moderate,Medium,51.61967142257362,0,1,1,1
Normal,25-34,4.455126189936109,2238.9394680480254,84,Low,Low,84.74089960552935,0,0,0,1
Oily,45-54,8.196265460317186,1890.7208308307918,6,High,Medium,67.01539065180658,0,0,1,1
Combination,55+,7.078559259587494,2581.7474998486905,61,Low,Medium,90.0,0,0,0,0
Oily,45-54,5.942722733913914,1699.173785555438,27,Low,High,84.24697386713832,0,0,0,1
Normal,25-34,6.256774478351038,2582.662799611641,29,Moderate,Low,90.0,0,0,0,0
Dry,55+,8.93844062032706,1302.0548827681905,36,Low,Low,61.51507818037807,0,1,1,0
Oily,35-44,8.509361120967455,2409.454153173642,71,Moderate,Medium,77.4148714603991,1,0,0,0
Oily,45-54,9.330392215674742,2192.55401606319,0,High,Low,75.63972964538384,1,0,1,0
Oily,55+,6.933609819582135,2572.6083432858295,16,Low,Low,77.10379558996594,1,0,1,0
Combination,25-34,8.048355687252648,3122.449207074363,32,High,Low,61.65461368246315,0,0,1,1
Combination,under 18,8.438061767442742,2076.7739882119577,6,Moderate,Medium,90.0,0,0,0,0
Normal,45-54,5.238843429435743,1709.5414114029409,60,Moderate,Medium,68.36426050318546,0,0,1,1
Normal,under 18,4.846067532957976,1892.4689819695684,90,High,Medium,78.06566049752267,1,0,0,0
Oily,25-34,8.389101389849268,1998.1644557597422,90,Low,High,75.41378651790183,1,0,0,0
Combination,55+,8.532587903140108,2168.7868667195066,94,Moderate,Medium,71.99888305344331,0,0,1,0
Sensitive,18-24,6.395361565368986,2043.812577584982,98,High,Low,90.0,0,0,0,0
Dry,18-24,7.7081450365826445,2069.611699231808,9,Moderate,Medium,80.93978465008269,1,0,0,0
Sensitive,45-54,7.226026343277871,1615.4749462066468,4,Low,High,65.99020407305937,1,0,1,0
Normal,55+,6.350535602136676,3129.230398077322,95,High,High,58.93386468837668,1,0,1,0
Combination,35-44,8.842699735635314,1263.0795515951422,4,Low,Medium,79.76213971527622,0,1,0,0
Combination,25-34,3.4495465637404576,2038.096210724361,24,Low,High,72.45367644096049,1,0,0,1
Oily,35-44,8.340209341638985,1740.0290812888964,5,High,High,69.73910613351498,1,0,1,0
Sensitive,under 18,8.532488092296907,2029.827282503542,24,Moderate,Low,83.97729031678767,1,0,0,0
Oily,18-24,6.755408080409538,2378.057588087591,63,Moderate,High,79.28218665078172,1,0,0,0
Dry,under 18,6.202186310646597,1856.6468390981734,19,Low,High,69.98793900298573,1,1,0,0
Oily,55+,8.005250893195694,1984.302031466988,91,Moderate,Medium,71.29365418177741,1,0,1,0
Combination,35-44,9.863164410066604,2346.912706428009,17,High,Low,71.27150100101794,0,0,1,1
Normal,under 18,7.943220742499142,1975.2476769674658,94,Moderate,Medium,77.0470641274699,1,0,0,0
Normal,55+,8.31213201506441,1838.696113599177,84,High,Low,83.19850967053287,0,0,1,0
Normal,under 18,7.423566626799273,1541.8534764977198,75,Moderate,High,75.1077995403769,1,0,0,0
Combination,35-44,8.559162088345888,2145.3023486308957,2,Low,Low,90.0,0,0,0,0
Sensitive,35-44,9.973769595546814,3196.1491918348793,97,Low,High,77.66799844077323,1,0,0,0
Oily,18-24,8.144979177149722,2034.2126556039518,12,Moderate,Low,90.0,0,0,0,0
Sensitive,under 18,5.5809032318116465,2452.3749016294123,30,Low,Low,73.7536918359582,1,0,0,1
Sensitive,55+,7.315426845842842,2269.017419577231,79,High,Medium,76.67570275205989,0,0,1,0
Sensitive,55+,9.594681081184365,1587.7883556683266,0,Moderate,Medium,90.0,0,0,0,0
Normal,under 18,5.613543747277995,1881.7870308146598,79,High,Low,80.51553463327454,0,0,0,1
Normal,55+,8.231801724627735,2277.433620107244,55,Moderate,Low,90.0,0,0,0,0
Normal,25-34,5.656467232456341,2378.2764503512412,44,Low,Medium,82.75994092092317,0,0,0,1
Dry,25-34,5.198180771660105,1581.1291628255713,25,Moderate,High,84.23293548345656,0,1,0,0
Dry,55+,6.826814024216215,1723.28437701239,80,Moderate,Medium,76.18795340409251,0,1,1,0
Dry,55+,8.334789232976402,2143.1892415005473,39,High,Medium,77.63975467068599,0,0,1,0
Dry,35-44,9.64834176644089,1876.4073173227928,71,Moderate,Low,76.40616335703699,0,1,0,0
Dry,45-54,6.816696773438885,2605.1913045308816,51,High,Low,60.29375027858181,0,1,1,0
Combination,55+,6.863618795314307,2747.002623853773,10,Low,Medium,90.0,0,0,0,0
Sensitive,25-34,7.811242315576737,823.6067650573204,12,High,Medium,65.89491335832561,0,1,1,1
Oily,25-34,8.766355621224196,2456.3634065599044,37,Low,High,80.74265767859242,1,0,0,0
Oily,25-34,8.426998909165818,1044.5108107273709,65,Low,Medium,71.02954197057832,1,1,0,0
Dry,45-54,6.005515058093429,1705.6475832216152,31,Low,Low,71.3323992814397,0,1,1,0
Oily,under 18,5.738317948659411,2870.961265946969,60,Moderate,Low,70.51070292941635,1,0,0,1
Oily,55+,6.982348243264549,1981.7195286854146,61,Moderate,Low,83.95806429220956,1,0,0,0
Normal,55+,7.828012465473669,2284.650833944691,20,Moderate,High,82.62562316508382,1,0,0,0
Normal,35-44,3.0,1676.8212314253183,5,Moderate,Low,81.89956984032457,0,0,0,1
Combination,under 18,4.880817133313085,2200.15304657741,29,Low,Low,71.55686533195544,1,0,0,1
Normal,45-54,6.566661378498929,2007.6937822506343,98,Moderate,Low,80.57595460484822,0,0,1,0
Dry,18-24,3.8822203766642156,1845.073887654751,1,High,Medium,57.2594228579105,1,1,1,0
Sensitive,25-34,8.672695377749223,2704.7247415510838,19,Low,Medium,90.0,0,0,0,0
Sensitive,18-24,8.07829512931105,1332.2673532759404,65,Moderate,Low,75.46483850491482,1,0,0,0
Oily,45-54,8.889102704488185,2362.001127500008,10,Moderate,Medium,90.0,0,0,0,0
Oily,25-34,6.824216448903192,987.481842745128,42,Moderate,Low,82.28170073757754,0,1,0,0
Combination,25-34,8.430392425993775,1703.9168350083105,55,Moderate,Low,90.0,0,0,0,0
Dry,25-34,7.519248731582172,2034.1969303183312,47,High,Low,72.25708935139303,0,1,1,0
Oily,35-44,9.307592476657417,1937.3165070012458,38,Moderate,Low,82.06404643698846,1,0,0,0
Normal,35-44,6.977329614871079,2789.307695239315,20,High,High,79.91752439465245,1,0,0,0
Normal,25-34,6.0126666343747175,2407.1614257038887,41,Low,High,90.0,0,0,0,0
Dry,45-54,6.702076415682304,1498.7290189975354,94,Low,High,46.938620640453365,1,1,1,0
Oily,55+,7.001741480081309,2345.852556803994,74,High,High,65.91673348204733,1,0,1,0
Oily,35-44,9.030564759964767,2737.346992672841,18,Low,Medium,79.66851570744537,1,0,0,0
Combination,55+,6.557853888661701,1506.3753839838932,59,Moderate,Medium,84.0686738796062,0,0,1,0
Combination,25-34,6.521891650633781,1409.2346233349222,87,Low,High,83.38222264296971,0,1,0,0
Dry,55+,6.673920700875242,1829.167358190121,53,Moderate,High,59.52391846182445,1,1,1,0
Combination,under 18,8.091235306235149,897.0324100428109,28,High,High,58.40637551321153,1,1,1,1
Combination,18-24,5.899588080870041,1637.2408477790423,93,Moderate,Medium,77.24390535200908,1,0,0,0
Sensitive,35-44,8.780690878612038,1443.0778112994915,8,Moderate,Medium,82.58695619107792,0,1,0,0
Combination,under 18,7.339986039473491,1935.9357927901094,36,Moderate,Medium,80.95411620033116,1,0,0,0
Sensitive,under 18,8.564563790254573,2297.9159322552737,41,Moderate,Low,81.36742659708128,1,0,0,0
Combination,25-34,7.181865597730569,1722.6665627059658,69,High,Medium,90.0,0,0,0,0
Normal,45-54,4.221486245335186,2123.5428278437025,12,High,High,70.057945948617,1,0,0,1
Combination,25-34,7.795734697794809,1212.5661937626735,95,High,High,69.22530020227302,1,1,0,0
Normal,under 18,5.149458753507176,2126.164986685838,15,Low,Low,71.22526109954967,1,0,0,1
Oily,18-24,7.508712529311805,1504.6763449539703,13,Moderate,Low,75.93782434157337,1,0,0,0
Sensitive,35-44,6.1389029296479425,1081.7555807147867,17,Moderate,Low,79.25342116835792,0,1,0,0
Dry,55+,9.065895855719852,1350.062796315774,12,High,Low,69.74082247277981,0,0,1,1
Oily,18-24,7.813389086872826,1982.5196519233098,55,Moderate,Low,84.04497757541368,1,0,0,0
Oily,35-44,8.934390429437139,1603.8729536126218,36,High,High,59.96970884108809,1,0,1,0
Normal,25-34,7.091879065510581,1150.786545381325,4,Moderate,Low,76.91260013311157,0,1,0,0
Oily,under 18,4.092209744590369,2298.166791932737,69,Moderate,Medium,73.23660352237661,1,0,0,1
Dry,45-54,4.322461241395446,1885.8912327827345,31,Moderate,Low,63.56201831498991,0,0,1,1
Sensitive,25-34,8.51694317195938,2373.3424280473396,99,Moderate,High,79.32610283196624,1,0,0,0
Combination,35-44,6.00312176807711,1205.7484317959138,46,High,High,67.56314927533789,1,1,1,0
Dry,18-24,7.764242292483293,2671.1283914300902,47,Moderate,High,90.0,0,0,0,0
Normal,55+,6.0066428820015645,1598.3435707964418,7,Moderate,Medium,90.0,0,0,0,0
Normal,18-24,6.212647055696502,2285.8043554035576,46,Low,Low,84.60207718595687,1,0,0,0
Normal,55+,8.842776409622369,1380.1965943097389,51,Moderate,Low,76.07454412528874,0,1,0,0
Oily,35-44,4.75257728601302,3169.998160966224,1,Low,Low,79.64627790517474,1,0,0,1
Combination,45-54,6.734015818164942,2126.446397845155,65,Low,Low,90.0,0,0,0,0
Dry,55+,5.962103739073541,2244.981154726358,39,High,Medium,76.08988950888285,0,1,0,1
Sensitive,45-54,8.440091312052283,2149.898085786465,84,Moderate,Low,70.02528011598743,0,0,1,0
Dry,45-54,9.611287115521652,1836.627705029454,50,Moderate,High,80.44378929523084,1,0,0,0
Sensitive,55+,6.605676290446936,2115.7031756387078,24,Moderate,High,62.29670001409745,1,0,1,0
Oily,18-24,7.697442468259146,2113.9736310313046,52,Moderate,Low,79.24964242241259,1,0,0,0
Normal,45-54,5.0733774595673635,2156.2575830977808,32,High,Medium,72.61083967614665,0,0,1,0
Dry,25-34,6.438739622794844,1709.5114929626773,61,High,Low,83.03025218547542,0,1,0,0
Normal,25-34,7.048723082129865,1519.2386563353928,78,High,Medium,90.0,0,0,0,0
Oily,45-54,5.296913014190153,692.2655199980752,28,Moderate,Low,59.845431113078895,1,1,1,0
Sensitive,35-44,9.620855992764836,2277.8656595515013,56,High,Medium,90.0,0,0,0,0
Combination,45-54,6.824853818040542,1666.388381556676,93,High,Medium,90.0,0,0,0,0
Normal,18-24,3.0,1635.735561889258,48,High,High,67.53993986292915,0,0,1,1
Oily,45-54,8.073799505746114,2471.0871517969344,97,Low,Low,80.7230899528736,0,0,1,0
Normal,under 18,7.963437990404953,2079.1959778762343,60,Moderate,Medium,76.85267147901314,1,0,0,0
Dry,45-54,8.955811218897068,1835.73138895573,8,High,Low,56.84032825136648,0,1,1,0
Oily,18-24,8.627783374201542,1807.7087781398936,6,High,High,59.08567101009231,1,0,1,1
Dry,35-44,5.678288036683357,1497.1435097887395,66,Moderate,Low,75.3862857919985,0,1,0,0
Oily,55+,5.40325536824057,2329.5340144012425,43,High,Low,77.28983102029771,1,0,0,1
Combination,45-54,5.885881643354383,1483.4855774825282,94,Moderate,Medium,69.32634419477426,0,1,1,1
Normal,18-24,8.07060282949204,2163.9851952361164,30,Moderate,Low,78.13978674643946,1,0,0,0
Oily,35-44,8.443887974268703,2256.2997556363994,93,Moderate,Low,76.45157649817031,1,0,0,0
Normal,25-34,5.870332629704032,2038.0512082342937,91,Moderate,Low,82.44474394183355,0,0,0,1
Oily,55+,7.187699486154516,1540.4206707629987,85,Moderate,High,78.10716887225284,1,0,0,0
Dry,under 18,5.3430625388590105,1659.6391954411479,74,Low,Medium,67.7911832312567,0,1,0,1
Sensitive,45-54,10.0,1793.6279528892255,93,Moderate,High,80.55270630246065,0,0,1,0
Oily,under 18,8.849300187080072,1765.669745260101,95,Moderate,High,84.0112227073465,1,0,0,0
Sensitive,35-44,8.333258229309989,2451.2458277789237,76,Moderate,High,90.0,0,0,0,0
Sensitive,25-34,8.428885761928067,2193.9136710044795,40,High,High,77.71870111419325,1,0,1,0
Dry,35-44,9.066049868171728,2189.176984676364,4,Moderate,High,83.8103970496521,0,1,0,0
Combination,35-44,9.57029459401042,1190.0400984057833,16,Low,Low,79.68114265489197,0,1,0,0
