skin_type,age_group,stress_level,sleep_hours,sleep_quality,water_intake_ml,physical_activity,smoking,alcohol,uv_index,air_quality_index,has_allergies,has_sensitivities,concern_count,is_oily_or_combo,label_ACNE,label_HYPERPIGMENTATION,label_DARK_SPOTS,label_DRY_SKIN,label_OILY_SKIN,label_SENSITIVE_SKIN,label_WRINKLES,label_FINE_LINES,label_REDNESS,label_UNEVEN_TONE,risk_STRESS,risk_SLEEP,risk_HYDRATION,risk_LIFESTYLE,risk_ENVIRONMENT
0,1,2.9633426610492837,8.324370320002771,0,1865.6607664944338,4,0,2,4.1655056842292435,41.343274906810315,0,0,1,0.0,0.0,0.0,0.0,0.0,0.0,0.0,0.0,0.0,0.0,0.0,0.0,0.0,0.0,0.0,0.0
3,0,6.9663493050455685,8.267426568848022,1,3388.7258654192765,2,3,2,5.052196452537747,43.6616388129445,0,0,4,1.0,0.0,0.0,0.0,0.0,0.0,0.0,0.0,0.0,0.0,0.0,1.0,0.0,0.0,1.0,0.0
3,3,7.901753682725318,5.216170186499945,3,829.0195523631555,4,2,3,11.816392595419618,91.59560721211587,0,1,0,1.0,0.0,0.0,0.0,0.0,0.0,0.0,0.0,0.0,0.0,0.0,0.0,1.0,1.0,0.0,1.0
2,4,2.4997252872562696,4.219932371009422,0,2203.9171056263885,1,3,0,1.010329083161435,229.9753707240168,0,0,4,1.0,0.0,0.0,0.0,0.0,0.0,0.0,0.0,0.0,0.0,0.0,0.0,1.0,0.0,1.0,0.0
2,4,1.3947245507612438,5.822797130842416,0,1523.8625395236752,1,1,3,1.3398135249910195,123.96619235292403,0,1,0,1.0,0.0,0.0,0.0,0.0,0.0,0.0,0.0,0.0,0.0,0.0,0.0,1.0,0.0,1.0,0.0
4,5,4.956286377712049,4.942817829153705,1,2439.021025197672,0,3,2,5.224444095768893,257.87004452649745,0,1,1,0.0,0.0,0.0,0.0,0.0,0.0,1.0,0.0,0.0,0.0,0.0,0.0,1.0,0.0,1.0,0.0
0,2,7.966216773931934,6.374730875294164,2,2446.120181068113,3,1,0,2.030923856216976,284.7459487416493,1,0,1,0.0,0.0,0.0,0.0,0.0,0.0,0.0,0.0,0.0,0.0,0.0,0.0,0.0,0.0,0.0,0.0
3,4,6.8570185201672835,9.876076714915627,3,1221.7744600520555,3,1,4,8.217961927695585,22.626044739561735,0,0,0,1.0,0.0,0.0,0.0,0.0,0.0,0.0,0.0,0.0,0.0,0.0,1.0,0.0,1.0,1.0,0.0
1,4,7.316935483731322,5.086428225431326,2,2857.4282009181984,1,1,0,4.3281303877884305,213.24686249031606,0,1,3,0.0,0.0,0.0,0.0,0.0,0.0,0.0,0.0,0.0,0.0,0.0,0.0,1.0,0.0,0.0,0.0
0,1,4.625554059940315,5.913243660537813,1,773.7874140044237,1,2,2,10.154489574735418,25.57976602798022,1,0,1,0.0,0.0,0.0,0.0,1.0,0.0,0.0,0.0,0.0,0.0,0.0,0.0,1.0,1.0,0.0,1.0
2,5,3.114509907277629,8.350685897917433,3,2954.416613261999,2,0,4,8.98332659139785,21.518448330753802,0,1,0,1.0,0.0,0.0,0.0,0.0,0.0,0.0,0.0,0.0,0.0,0.0,0.0,0.0,0.0,0.0,0.0
4,0,5.786009589561485,7.05509669717153,0,1135.900575738482,3,2,4,5.649681535183781,82.73077546611744,1,1,2,0.0,0.0,0.0,0.0,0.0,0.0,1.0,0.0,0.0,0.0,0.0,1.0,0.0,1.0,0.0,0.0
3,3,2.839291243742772,4.2635688614403096,3,2268.7378954749583,1,3,3,10.139752698724063,30.48076747981461,0,0,2,1.0,0.0,0.0,0.0,0.0,0.0,0.0,0.0,0.0,0.0,0.0,0.0,0.0,0.0,1.0,1.0
3,5,7.536058272865592,4.9701401089679305,1,1541.9291807083102,2,0,3,1.2098261397786723,198.89154742400154,0,1,3,1.0,1.0,0.0,0.0,0.0,0.0,0.0,0.0,0.0,0.0,0.0,1.0,1.0,0.0,0.0,0.0
3,3,2.7726981036352933,9.611497328639174,1,2329.339479865684,0,3,2,6.973188055142737,214.83586919682017,0,0,0,1.0,0.0,0.0,0.0,0.0,0.0,0.0,0.0,0.0,0.0,0.0,0.0,0.0,0.0,1.0,1.0
3,5,3.621369400429073,4.618989956434171,3,1302.2535448231324,4,3,3,7.261595601717757,191.77928167677655,1,1,1,1.0,0.0,0.0,0.0,0.0,0.0,0.0,0.0,0.0,0.0,0.0,0.0,1.0,1.0,0.0,0.0
2,0,5.558903004907048,7.810556723258235,2,2206.891015851532,4,0,4,2.9522533659575676,172.60706033139073,1,0,0,1.0,0.0,0.0,0.0,0.0,0.0,0.0,0.0,0.0,0.0,0.0,0.0,0.0,0.0,0.0,0.0
0,3,5.380389407291455,8.75395389304547,1,524.5947806406925,3,2,2,0.5954559178833447,234.37173098746,1,0,4,0.0,0.0,0.0,0.0,1.0,0.0,0.0,0.0,0.0,0.0,0.0,0.0,0.0,1.0,0.0,0.0
4,4,6.4076443876632645,5.592634376349544,1,1623.3633728516058,4,1,2,6.422387549561364,231.77352275653956,0,0,3,0.0,0.0,0.0,0.0,0.0,0.0,0.0,0.0,0.0,0.0,0.0,1.0,1.0,0.0,0.0,0.0
2,3,4.937001404499252,8.35046801883214,1,2979.1681371865675,3,2,0,6.16412459471821,261.0768072655136,0,1,1,1.0,0.0,0.0,0.0,0.0,0.0,0.0,0.0,0.0,0.0,0.0,1.0,0.0,0.0,0.0,0.0
2,5,9.275259776590822,5.019371074181081,3,1889.0197595165232,4,1,4,7.843341112205911,207.95874088009262,1,0,3,1.0,0.0,0.0,0.0,0.0,0.0,0.0,0.0,0.0,0.0,0.0,1.0,1.0,0.0,0.0,1.0
1,2,8.559406847774694,5.708501649002742,0,1997.7832969698973,2,0,4,2.555144891124414,106.76230919119848,0,0,4,0.0,0.0,0.0,0.0,0.0,0.0,0.0,0.0,0.0,0.0,0.0,1.0,1.0,0.0,0.0,0.0
0,4,8.912021061129746,5.870932185305245,0,2364.730513741979,1,1,3,2.155720341076822,157.40416198713675,0,0,4,0.0,0.0,0.0,0.0,0.0,0.0,0.0,0.0,0.0,0.0,0.0,1.0,1.0,0.0,1.0,0.0
4,2,6.665649142630937,9.978609943385342,1,1802.6287965019471,4,0,3,11.734990672268225,147.18000705512517,1,1,5,0.0,0.0,0.0,0.0,0.0,0.0,1.0,0.0,0.0,0.0,0.0,1.0,0.0,0.0,0.0,1.0
3,5,6.715071242747258,5.287433771307744,1,3101.230183171441,0,1,1,1.3642619434149004,32.360056692814545,0,0,1,1.0,0.0,0.0,0.0,0.0,0.0,0.0,0.0,0.0,0.0,0.0,0.0,1.0,0.0,1.0,0.0
3,0,6.482788153443538,4.77524478780151,3,1709.974009544566,2,3,4,11.992903032255748,243.5229278855219,1,1,0,1.0,0.0,0.0,0.0,0.0,0.0,0.0,0.0,0.0,0.0,0.0,1.0,1.0,0.0,1.0,1.0
2,1,4.913957389793106,9.554148624888462,0,3327.657302729752,3,3,0,8.639721289829046,273.8561567487862,1,0,4,1.0,1.0,0.0,0.0,0.0,0.0,0.0,0.0,0.0,0.0,0.0,0.0,0.0,0.0,0.0,1.0
4,0,3.8989540096053634,4.971584162922117,3,3130.814069972775,3,0,3,7.551866859723164,295.3226672214466,0,1,5,0.0,0.0,0.0,0.0,0.0,0.0,1.0,0.0,0.0,0.0,0.0,0.0,1.0,0.0,1.0,0.0
2,4,6.328025987039833,9.275679517776432,3,1763.2633479769554,3,2,1,4.077401945831728,74.39029805724998,1,1,1,1.0,0.0,0.0,0.0,0.0,0.0,0.0,0.0,0.0,0.0,0.0,0.0,0.0,0.0,0.0,0.0
2,1,1.2297865342460528,7.90273976588014,1,1597.4026237959115,2,0,2,10.413637234622252,28.692058411461918,1,1,4,1.0,0.0,0.0,0.0,0.0,0.0,0.0,0.0,0.0,0.0,0.0,0.0,0.0,0.0,0.0,0.0
2,1,1.0671078828142273,7.461168988423113,3,2529.884056700505,4,0,0,10.920739347482506,33.312555521417444,1,0,3,1.0,0.0,0.0,0.0,0.0,0.0,0.0,0.0,0.0,0.0,0.0,0.0,0.0,0.0,0.0,0.0
1,5,8.664776436670737,8.508032269279461,3,2765.9202460221873,1,2,0,8.662607999925633,241.2890920017219,1,0,5,0.0,0.0,0.0,0.0,0.0,0.0,0.0,0.0,0.0,0.0,0.0,0.0,0.0,0.0,1.0,1.0
0,2,1.4178164029985996,8.3559937428883,3,1057.5847319737643,0,1,1,8.518662950132052,189.522505487171,0,0,1,0.0,0.0,0.0,0.0,1.0,0.0,0.0,0.0,0.0,0.0,0.0,0.0,0.0,0.0,1.0,0.0
2,0,5.723156353000762,4.6631571365098825,1,1223.135609559447,3,2,1,5.917855594097435,226.83604324346913,0,0,2,1.0,1.0,0.0,0.0,0.0,0.0,0.0,0.0,0.0,0.0,0.0,0.0,1.0,0.0,0.0,0.0
4,0,6.534889866546806,9.996796662440135,1,938.7575499454788,1,0,4,0.9340183843267287,271.5589210466045,0,0,3,0.0,0.0,0.0,0.0,0.0,0.0,0.0,0.0,0.0,0.0,0.0,0.0,0.0,0.0,1.0,0.0
0,1,2.7835410666019205,9.651338358692371,3,2782.0756345649556,2,0,2,11.988348528535173,67.88077766821048,0,0,5,0.0,0.0,0.0,0.0,0.0,0.0,0.0,0.0,0.0,0.0,0.0,0.0,0.0,0.0,0.0,1.0
4,5,9.061577544386335,9.379551777171496,1,2643.205594937255,2,2,0,0.18666457473611242,109.22559404239676,1,0,4,0.0,0.0,0.0,0.0,0.0,0.0,1.0,0.0,0.0,0.0,0.0,1.0,0.0,0.0,0.0,0.0
4,3,2.710861945735375,7.733734803654441,0,1067.1614429551287,1,0,4,5.944768792628079,237.7113290833482,1,0,2,0.0,0.0,0.0,0.0,1.0,0.0,1.0,0.0,0.0,0.0,0.0,0.0,1.0,0.0,1.0,0.0
1,5,8.960634886300072,7.136747987993885,2,2110.6243584630292,4,0,3,4.405611752254318,77.81756900157013,0,1,2,0.0,0.0,0.0,0.0,0.0,0.0,0.0,0.0,0.0,0.0,0.0,1.0,1.0,0.0,0.0,0.0
3,1,7.8669124239973165,7.21767150329001,1,2792.7180776101995,1,3,4,9.313588304282677,151.81225706948456,0,0,1,1.0,1.0,0.0,0.0,0.0,0.0,0.0,0.0,0.0,0.0,0.0,0.0,1.0,0.0,1.0,1.0
0,2,3.1666865817177454,4.089621665369394,3,3341.0859882301183,3,2,4,8.829364365703356,133.03520199680707,1,1,2,0.0,0.0,0.0,0.0,0.0,0.0,1.0,0.0,0.0,0.0,0.0,0.0,1.0,0.0,1.0,1.0
3,0,2.356697496484842,6.996817011672658,3,1035.5679623930941,0,3,2,7.5365964896446656,178.5915482281198,0,1,5,1.0,0.0,0.0,0.0,0.0,0.0,0.0,0.0,0.0,0.0,0.0,0.0,0.0,1.0,1.0,0.0
3,2,3.846094391676116,7.742617405959519,0,1412.9893396690677,4,2,0,0.8968625114684747,296.46086088585895,0,1,1,1.0,0.0,0.0,0.0,0.0,0.0,0.0,0.0,0.0,0.0,0.0,0.0,0.0,0.0,0.0,0.0
1,3,4.5815550964324725,7.952237252649691,3,1545.0193509172213,4,1,2,2.8421933728917272,31.114501935052953,1,0,5,0.0,0.0,0.0,0.0,0.0,0.0,0.0,0.0,0.0,0.0,0.0,0.0,0.0,1.0,0.0,0.0
0,4,3.212062088490311,5.992836790307878,3,2374.932077399628,0,2,3,1.1299011579768479,145.39271505234706,0,1,1,0.0,0.0,0.0,0.0,0.0,0.0,0.0,0.0,0.0,0.0,0.0,0.0,0.0,0.0,1.0,0.0
4,2,9.99002393878981,6.827694101761297,3,909.2565506269614,3,3,0,11.747716340591428,287.69604365546843,0,1,0,0.0,0.0,0.0,0.0,1.0,0.0,0.0,0.0,0.0,1.0,0.0,1.0,1.0,1.0,0.0,1.0
2,4,3.066871026156229,7.817863639975447,1,1080.2872077541783,2,2,4,1.5333947494637132,104.36306328840396,0,1,4,1.0,0.0,0.0,0.0,0.0,0.0,0.0,0.0,0.0,0.0,0.0,0.0,0.0,1.0,1.0,0.0
4,3,8.475713442845713,6.5698330616510905,2,2841.3105121759586,0,1,1,11.606312691809082,222.17919327551402,0,1,2,0.0,0.0,0.0,0.0,0.0,0.0,1.0,0.0,0.0,0.0,0.0,1.0,0.0,0.0,0.0,1.0
3,1,2.432059723814255,9.772811193901152,3,2126.1609975682113,3,3,3,1.3525460693169409,278.7811274262177,1,0,4,1.0,0.0,0.0,0.0,0.0,0.0,0.0,0.0,0.0,0.0,0.0,0.0,0.0,0.0,0.0,0.0
3,5,9.822201627483528,8.232652659112002,3,981.1586945853746,3,2,4,10.34676412947732,72.18222699379382,0,1,5,1.0,1.0,0.0,1.0,0.0,0.0,0.0,1.0,0.0,0.0,0.0,1.0,0.0,0.0,1.0,0.0
3,2,3.0297111245477635,4.0076424775053425,1,1665.298244024676,4,3,4,6.895562097333713,24.414076168654354,0,0,0,1.0,0.0,0.0,0.0,0.0,0.0,0.0,0.0,0.0,0.0,0.0,0.0,1.0,0.0,0.0,0.0
0,0,4.79519699305233,4.1396768888935185,2,903.4825859951984,3,2,3,9.980707903236805,22.707908614389204,0,1,3,0.0,0.0,0.0,0.0,1.0,0.0,0.0,0.0,0.0,0.0,0.0,0.0,1.0,1.0,1.0,1.0
1,5,6.027076600911158,8.141801220810247,1,1588.0700037105257,3,1,1,7.608407498788176,21.89808726065028,1,0,1,0.0,0.0,0.0,0.0,0.0,0.0,0.0,0.0,0.0,0.0,0.0,1.0,0.0,0.0,0.0,0.0
2,5,2.08257143640484,6.475870585273016,1,1700.597885634907,3,3,2,9.226046005261303,105.15625583219304,1,0,2,1.0,0.0,0.0,0.0,0.0,0.0,0.0,1.0,0.0,0.0,1.0,0.0,1.0,0.0,1.0,0.0
2,0,8.351380607311912,9.036825695273597,2,836.3312348761888,3,2,2,8.769739205570923,37.8643891458473,0,0,1,1.0,0.0,0.0,0.0,0.0,0.0,0.0,0.0,0.0,0.0,0.0,1.0,0.0,1.0,0.0,0.0
0,5,3.4721697941274687,5.038092456917572,1,679.5002785581262,2,3,4,3.122243722670697,121.50774991526117,0,1,1,0.0,0.0,0.0,0.0,1.0,0.0,0.0,1.0,0.0,0.0,0.0,0.0,1.0,1.0,1.0,0.0
2,5,5.943429114414974,4.082961484313751,0,3144.805670772592,3,3,0,11.220579510044516,226.23827332326312,1,0,3,1.0,0.0,0.0,0.0,0.0,0.0,0.0,0.0,0.0,0.0,0.0,0.0,1.0,0.0,0.0,1.0
0,4,5.946704296239222,6.328494100682274,2,3162.9442689206567,0,1,0,7.723753250695891,89.46785923889784,1,1,2,0.0,0.0,0.0,0.0,0.0,0.0,1.0,0.0,0.0,0.0,0.0,0.0,1.0,0.0,0.0,0.0
3,1,6.4237658709320655,8.416384625844694,1,507.73662563794966,3,0,0,2.4250094229036208,143.82545457593412,1,0,4,1.0,1.0,0.0,0.0,0.0,0.0,0.0,0.0,0.0,0.0,0.0,1.0,0.0,1.0,0.0,0.0
3,3,1.4993738787188322,9.830366400265412,2,2423.6122892724093,1,0,4,3.6725043634480667,38.21063907309503,1,1,2,1.0,0.0,0.0,0.0,0.0,0.0,1.0,0.0,0.0,0.0,0.0,0.0,0.0,0.0,0.0,0.0
4,3,2.517568856484111,9.301923276106333,1,781.0370226169396,2,2,2,6.396612086226188,209.48691358238253,1,1,3,0.0,0.0,0.0,0.0,0.0,0.0,1.0,0.0,0.0,0.0,0.0,0.0,0.0,1.0,1.0,0.0
3,3,2.450730186310278,6.904447671622833,3,2930.4249365939536,3,3,3,10.58192081392985,95.30243587301585,0,1,4,1.0,0.0,0.0,0.0,0.0,0.0,0.0,0.0,0.0,0.0,0.0,0.0,0.0,0.0,1.0,0.0
1,3,3.718461334742667,8.8769036991782,3,3138.6871764612547,0,3,0,9.561037439952532,40.567729598409166,1,0,0,0.0,0.0,0.0,0.0,0.0,0.0,0.0,0.0,0.0,0.0,0.0,0.0,0.0,0.0,1.0,1.0
4,3,2.3042274117250585,4.421982747205684,1,2349.845466110678,3,0,0,3.6245760805200105,286.4011670545267,0,1,2,0.0,0.0,0.0,0.0,0.0,0.0,1.0,0.0,0.0,0.0,0.0,0.0,1.0,0.0,0.0,0.0
2,3,9.297291886968607,7.4336340855093,2,2339.466371608826,1,0,3,8.261835747288963,230.88673557355176,1,1,3,1.0,0.0,0.0,0.0,0.0,0.0,1.0,0.0,0.0,0.0,0.0,1.0,0.0,0.0,1.0,0.0
1,4,5.616590054601707,9.545790478086822,0,1614.4445271611728,3,2,3,0.019881960906891205,195.6983109431932,1,1,3,0.0,0.0,0.0,0.0,0.0,0.0,0.0,0.0,0.0,0.0,0.0,1.0,0.0,1.0,1.0,0.0
4,3,6.61217632932416,6.378310884944439,3,1248.4069080885852,3,1,2,3.9916925698913857,216.89989310307857,1,0,0,0.0,0.0,0.0,0.0,1.0,0.0,1.0,0.0,0.0,0.0,0.0,0.0,1.0,0.0,0.0,0.0
1,0,4.217393578583088,9.760603777978694,0,1997.8124874597393,0,1,0,10.07514269000188,127.647696059691,1,0,0,0.0,0.0,0.0,0.0,0.0,0.0,0.0,0.0,0.0,0.0,0.0,0.0,0.0,0.0,1.0,0.0
0,0,3.486215269305204,5.324110580374632,3,901.1516704296621,1,0,2,1.8144143748697812,89.49932971964006,1,1,5,0.0,0.0,0.0,0.0,1.0,0.0,1.0,0.0,0.0,0.0,0.0,0.0,1.0,1.0,0.0,0.0
2,5,5.528594532089917,4.633802857200362,3,2516.674684582741,4,0,3,4.240743165858745,149.99599840704388,1,0,4,1.0,0.0,0.0,0.0,0.0,0.0,0.0,0.0,0.0,0.0,0.0,0.0,1.0,0.0,0.0,0.0
3,5,3.6489067735135023,7.1485740164902065,0,1910.2606861391555,1,2,1,0.01251980485031634,247.57740503485172,1,1,2,1.0,0.0,0.0,0.0,0.0,0.0,0.0,1.0,0.0,0.0,0.0,0.0,1.0,0.0,1.0,0.0
0,3,4.0928133315678785,9.443481231887347,0,1032.804518092792,2,2,1,0.27759271447556433,289.13780622891585,0,0,0,0.0,0.0,0.0,0.0,1.0,0.0,0.0,0.0,0.0,0.0,0.0,0.0,0.0,1.0,0.0,0.0
2,1,5.074757868437715,5.8676753124684655,2,2264.9427583678485,0,3,3,1.752227892031983,181.58439127788682,1,0,1,1.0,0.0,0.0,0.0,0.0,0.0,0.0,0.0,0.0,0.0,0.0,0.0,1.0,0.0,1.0,0.0
0,4,5.5516031846592,8.800961916393714,3,2885.983509757187,3,1,1,1.2223566635826573,112.90788927021087,0,1,3,0.0,0.0,0.0,0.0,0.0,0.0,0.0,0.0,0.0,0.0,0.0,0.0,0.0,0.0,0.0,0.0
3,0,9.858826106036549,5.015183595281686,2,2266.398385001393,0,2,0,5.876752124783934,215.46179743061006,0,1,4,1.0,0.0,0.0,0.0,0.0,0.0,0.0,0.0,0.0,0.0,0.0,1.0,1.0,0.0,1.0,0.0
2,2,3.0099032934574645,8.473422376005637,0,2088.984234969633,1,3,3,10.800052393090574,209.1203372418062,0,0,4,1.0,0.0,0.0,0.0,0.0,0.0,0.0,0.0,0.0,0.0,0.0,0.0,1.0,0.0,1.0,1.0
1,1,5.391785483943824,7.342161648324586,2,3043.1524343924298,2,1,0,1.0157004768340703,74.23928163214832,0,1,3,0.0,0.0,0.0,0.0,0.0,0.0,0.0,0.0,0.0,0.0,0.0,0.0,0.0,0.0,0.0,0.0
1,0,2.3456056554040505,5.050101852366233,1,532.2661550024899,3,0,2,10.438042434196104,130.65420789643758,0,1,4,0.0,0.0,0.0,0.0,0.0,0.0,0.0,0.0,0.0,0.0,0.0,0.0,1.0,1.0,0.0,0.0
2,4,4.149993094371753,8.308523496625652,3,2350.242883503888,2,3,2,8.01789405988196,40.204085272237364,0,0,1,1.0,0.0,0.0,0.0,0.0,0.0,0.0,0.0,0.0,0.0,0.0,0.0,0.0,0.0,1.0,0.0
3,3,7.455796468357638,8.282536680738563,3,1729.0765495837024,4,0,0,2.0267385051402895,120.68350139982901,1,0,0,1.0,0.0,0.0,0.0,0.0,0.0,0.0,0.0,0.0,0.0,0.0,0.0,0.0,1.0,0.0,0.0
4,1,2.570159293845171,7.092611374860642,3,1080.698445973008,2,1,3,3.4768379304420254,228.82464145736685,1,0,2,0.0,0.0,0.0,0.0,0.0,0.0,1.0,0.0,0.0,0.0,0.0,0.0,0.0,1.0,0.0,0.0
2,3,6.232161767950388,5.352805825856048,1,3438.733550258299,1,0,4,2.3302017906706483,94.17082308334953,0,1,5,1.0,0.0,0.0,0.0,0.0,0.0,0.0,0.0,0.0,0.0,0.0,1.0,1.0,0.0,0.0,0.0
0,0,4.7503092121120645,4.793763353469979,1,1711.441487441568,0,2,4,9.471581481067131,189.9098127842928,0,1,5,0.0,0.0,0.0,0.0,1.0,0.0,0.0,0.0,0.0,0.0,0.0,0.0,1.0,0.0,1.0,1.0
4,2,1.4642158996402568,9.743530290758736,3,1505.7884373266677,3,1,1,8.701204275261752,98.29490240088528,0,1,0,0.0,0.0,0.0,0.0,0.0,0.0,1.0,0.0,0.0,0.0,0.0,0.0,0.0,1.0,0.0,0.0
3,3,9.397677173306,7.934875229554931,0,1007.0253192219402,2,1,1,3.6529121559320044,44.1311017615864,1,0,1,1.0,1.0,0.0,0.0,0.0,0.0,0.0,0.0,0.0,0.0,0.0,1.0,0.0,0.0,0.0,0.0
3,2,4.722428262635978,8.855448901440305,0,3493.297853736452,3,2,3,0.652011955134681,222.41626657080116,0,1,0,1.0,1.0,0.0,0.0,0.0,0.0,0.0,0.0,0.0,0.0,0.0,1.0,0.0,0.0,1.0,0.0
0,4,8.055338821760497,8.18182317430145,0,3068.1540680890303,1,1,2,2.024889119669613,176.79367311120728,1,0,4,0.0,0.0,0.0,0.0,0.0,0.0,0.0,0.0,0.0,0.0,0.0,0.0,0.0,0.0,1.0,0.0
1,1,4.746821398586203,8.976841991153734,2,709.9172560248536,1,1,3,7.558516335914211,247.63729881979935,0,0,4,0.0,0.0,0.0,0.0,0.0,0.0,0.0,0.0,0.0,0.0,0.0,0.0,0.0,1.0,1.0,0.0
3,0,9.43624289420906,4.974944918493541,0,2197.2616283815496,2,1,1,1.08447367694164,203.68623218251,1,1,5,1.0,1.0,0.0,0.0,0.0,0.0,1.0,0.0,0.0,0.0,0.0,1.0,1.0,0.0,0.0,0.0
4,3,3.6142330098600772,6.981701347282266,2,942.2036326263976,1,0,0,6.437586010108928,245.15764660219085,0,1,1,0.0,0.0,0.0,0.0,0.0,0.0,0.0,0.0,0.0,0.0,0.0,0.0,1.0,1.0,0.0,1.0
2,5,4.710075847189271,8.00274862301376,0,2647.344245038841,4,3,0,7.355148146106512,46.48442389035209,1,0,3,1.0,0.0,0.0,0.0,0.0,0.0,0.0,0.0,0.0,0.0,0.0,1.0,0.0,0.0,1.0,0.0
4,2,7.829778162333577,4.620339399371308,3,1952.250287781311,3,3,4,8.25304330161456,184.37510196006605,0,0,2,0.0,0.0,0.0,0.0,0.0,0.0,0.0,0.0,0.0,0.0,0.0,1.0,1.0,0.0,1.0,0.0
4,0,4.093005837527713,4.89974169597045,1,831.1668925978277,4,2,2,1.504268940186988,110.21357699834088,0,1,5,0.0,0.0,0.0,0.0,0.0,0.0,0.0,0.0,0.0,0.0,0.0,0.0,1.0,1.0,0.0,0.0
1,5,4.2792136420166145,7.8038955655056785,0,2171.1166737928697,1,0,2,5.516470570317419,223.95194082953077,1,1,5,0.0,0.0,0.0,0.0,0.0,0.0,0.0,0.0,0.0,0.0,0.0,0.0,0.0,0.0,0.0,0.0
4,2,9.953408560728011,9.21223482552292,2,3232.026953308437,0,1,3,5.5607594630756845,174.0258135149036,0,1,5,0.0,0.0,0.0,0.0,0.0,0.0,1.0,0.0,0.0,1.0,0.0,1.0,0.0,0.0,1.0,0.0
1,1,6.000530731213168,7.962497073649586,1,1523.5840469994575,0,1,1,10.023391163616523,16.254029504341403,0,1,1,0.0,0.0,0.0,0.0,0.0,0.0,0.0,0.0,0.0,0.0,0.0,1.0,0.0,0.0,0.0,1.0
1,3,7.204424083031333,4.217228880736454,1,652.4168442859369,4,0,1,5.624604116428097,160.06379286000106,0,0,2,0.0,0.0,0.0,0.0,0.0,0.0,0.0,0.0,0.0,0.0,0.0,1.0,1.0,1.0,0.0,0.0
3,1,6.791160107382488,9.822597502541939,2,3335.621333793933,4,3,2,4.881549124919551,223.28740019961768,1,1,4,1.0,0.0,0.0,0.0,0.0,0.0,0.0,0.0,0.0,0.0,0.0,1.0,0.0,0.0,1.0,0.0
3,5,8.45131732440915,4.83704140543747,3,925.3975640283518,3,1,0,1.4815253886072486,78.83651715934073,0,0,3,1.0,0.0,0.0,0.0,0.0,0.0,0.0,0.0,0.0,0.0,0.0,1.0,1.0,1.0,0.0,0.0
0,1,8.756425894975688,5.395373401314938,3,1925.156002643701,2,2,3,8.333572213449637,196.35795205172693,1,1,3,0.0,0.0,0.0,0.0,0.0,0.0,0.0,0.0,0.0,0.0,0.0,0.0,0.0,0.0,1.0,0.0
4,3,6.069305192232786,9.849803691428345,1,2134.031383544853,1,2,0,7.4374737761590275,252.2777309634238,1,0,0,0.0,0.0,0.0,0.0,0.0,0.0,1.0,0.0,0.0,0.0,0.0,0.0,0.0,0.0,1.0,0.0
0,3,3.651004674697594,8.62619797992025,3,1211.26238954377,3,1,0,8.603398204570134,19.550263123006594,0,0,2,0.0,0.0,0.0,0.0,1.0,0.0,0.0,0.0,0.0,0.0,0.0,0.0,0.0,1.0,0.0,0.0
4,1,1.2052022281747252,9.61946008227104,0,1032.2540961144168,2,1,3,7.875399059606179,173.40671129913864,0,0,5,0.0,0.0,0.0,0.0,0.0,0.0,0.0,0.0,0.0,0.0,0.0,0.0,0.0,1.0,0.0,1.0
0,2,6.529629259578881,8.839718156848178,3,839.416641844579,3,3,1,10.503405932602334,266.2802693684605,0,1,2,0.0,0.0,0.0,0.0,1.0,0.0,0.0,0.0,0.0,0.0,0.0,1.0,0.0,1.0,0.0,1.0
3,0,8.429219499390577,7.9104068500192,3,709.8658470619202,0,3,3,10.528153275276336,37.925966864803804,1,1,5,1.0,0.0,0.0,0.0,0.0,0.0,1.0,0.0,0.0,0.0,0.0,1.0,0.0,1.0,1.0,0.0
3,3,5.054858249604935,5.707317993178036,2,2024.3796430410346,2,2,2,3.692199092254385,80.77430248957225,1,1,2,1.0,0.0,0.0,0.0,0.0,0.0,0.0,0.0,0.0,0.0,0.0,0.0,0.0,0.0,1.0,0.0
3,4,2.4823552644177784,5.961288650197153,2,3026.0623305029494,3,2,0,2.1889447090434135,187.77721183600042,1,0,5,1.0,0.0,0.0,0.0,0.0,0.0,0.0,0.0,0.0,0.0,0.0,0.0,0.0,0.0,0.0,0.0
3,5,3.592738656420768,9.683626438266218,2,880.2763140998038,3,0,3,11.117730015570679,175.55516704251949,1,1,4,1.0,0.0,0.0,0.0,0.0,0.0,0.0,0.0,0.0,0.0,0.0,0.0,0.0,1.0,0.0,1.0
2,1,5.589900365606781,9.163753696933867,0,2601.8570853364954,0,0,0,8.556478866995256,238.0188366561341,1,1,3,1.0,0.0,0.0,0.0,0.0,0.0,0.0,0.0,0.0,0.0,0.0,0.0,0.0,0.0,0.0,0.0
3,1,8.530130970799,6.156942690653959,3,1737.8623112707996,0,0,1,11.651728802577885,188.71586252767509,0,1,4,1.0,0.0,0.0,0.0,0.0,0.0,0.0,0.0,0.0,0.0,0.0,0.0,0.0,0.0,0.0,1.0
1,3,2.5457783146157857,6.239604505724223,2,605.6727169117584,4,3,3,5.963468443208916,172.75350459061625,1,1,0,0.0,0.0,0.0,0.0,0.0,0.0,0.0,0.0,0.0,0.0,0.0,0.0,1.0,1.0,0.0,0.0
3,4,6.509348881385628,5.786166341655308,3,2107.9169300141643,1,3,2,11.546920279114914,135.55541607660737,0,1,2,1.0,0.0,0.0,0.0,0.0,0.0,0.0,0.0,0.0,0.0,0.0,1.0,0.0,0.0,1.0,1.0
2,5,7.780317525554909,5.956780855750024,0,1256.0247983995291,2,0,1,1.4726255268406043,23.474784545474126,0,0,0,1.0,0.0,0.0,0.0,0.0,0.0,0.0,0.0,0.0,0.0,0.0,0.0,1.0,0.0,0.0,0.0
2,0,9.424427683013409,9.164004797732714,3,2315.762279121507,3,1,1,7.08437474415801,177.32649326184412,1,0,4,1.0,1.0,0.0,0.0,0.0,0.0,0.0,0.0,0.0,0.0,0.0,1.0,0.0,0.0,0.0,0.0
2,1,2.0503332251097346,4.063041139539081,1,1547.9690325166137,2,1,2,5.960823665594739,46.98774931514224,1,1,1,1.0,0.0,0.0,0.0,0.0,0.0,0.0,0.0,0.0,0.0,0.0,0.0,1.0,0.0,0.0,0.0
2,1,9.337524707481016,6.616315726657148,3,2499.3569547888774,4,3,1,0.031739057823993555,298.75484729910187,0,0,3,1.0,0.0,0.0,0.0,0.0,0.0,0.0,0.0,0.0,0.0,0.0,1.0,0.0,0.0,0.0,0.0
0,1,6.413207816570315,9.657038071167447,3,3255.510088793087,4,1,4,2.3147845761473844,23.550024617015097,1,1,5,0.0,0.0,0.0,0.0,0.0,0.0,1.0,0.0,0.0,0.0,0.0,0.0,0.0,0.0,1.0,0.0
0,2,7.900314286890574,7.255818131096853,3,1233.6336862443773,1,0,3,1.841665814680015,22.714891122862156,1,1,4,0.0,0.0,0.0,0.0,1.0,0.0,0.0,0.0,0.0,0.0,0.0,1.0,0.0,0.0,1.0,0.0
1,5,1.483972386116999,6.702674740863421,3,3319.521406963093,0,2,4,0.7297114615386464,236.19882961941028,1,1,3,0.0,0.0,0.0,0.0,0.0,0.0,0.0,0.0,0.0,0.0,0.0,0.0,0.0,0.0,1.0,0.0
0,0,5.555333400765356,5.874218828197528,0,1112.9265807509958,4,0,1,11.37778890693651,30.349576947054313,0,1,0,0.0,0.0,0.0,0.0,0.0,0.0,0.0,0.0,0.0,0.0,0.0,0.0,1.0,0.0,0.0,1.0
2,4,6.6036670667271435,4.443475779171423,1,712.0846466700892,3,2,4,11.584406217253898,121.52288361971378,0,0,3,1.0,0.0,0.0,0.0,0.0,0.0,0.0,0.0,0.0,0.0,1.0,1.0,1.0,1.0,1.0,0.0
3,3,3.761504558855562,5.346918868165077,1,1078.1029621642392,3,3,1,10.700999959280624,278.2497083554109,0,1,2,1.0,0.0,0.0,0.0,0.0,0.0,0.0,0.0,0.0,0.0,0.0,0.0,1.0,1.0,0.0,1.0
3,3,4.884851872911273,4.542750459621228,2,2944.750098546645,2,0,1,11.866570457687017,236.3647403428904,0,1,5,1.0,0.0,0.0,0.0,0.0,0.0,0.0,0.0,0.0,0.0,0.0,0.0,1.0,0.0,0.0,1.0
2,4,5.988683217516383,4.76019657829257,3,2532.6687357936253,2,3,1,9.967970608412116,69.85265861728305,1,0,2,1.0,0.0,0.0,0.0,0.0,0.0,0.0,0.0,0.0,0.0,0.0,1.0,1.0,0.0,1.0,0.0
4,0,5.972931457956819,4.981099264757619,2,3412.5024597842935,0,2,2,11.186172841220326,75.30895981266474,1,0,4,0.0,0.0,0.0,0.0,0.0,0.0,1.0,0.0,0.0,0.0,0.0,0.0,1.0,0.0,1.0,1.0
2,4,1.3767537286615426,5.81217659250567,2,2629.4819312747923,2,0,3,2.3715735544028718,177.68107646679985,1,1,3,1.0,0.0,0.0,0.0,0.0,0.0,1.0,0.0,0.0,0.0,0.0,0.0,1.0,0.0,1.0,0.0
0,1,4.955335899210032,4.0661000799732125,3,1737.893795109902,2,0,0,3.0826063120881644,145.93174170672162,1,1,2,0.0,0.0,0.0,0.0,1.0,0.0,1.0,0.0,0.0,0.0,0.0,0.0,1.0,0.0,0.0,0.0
3,3,2.924363393130078,9.700863313559486,0,3177.2929223986284,0,0,2,10.344793190365637,35.0239083464661,0,1,1,1.0,0.0,0.0,0.0,0.0,0.0,0.0,0.0,0.0,0.0,0.0,0.0,0.0,0.0,0.0,1.0
2,4,9.250255702768149,4.742914556061847,2,3374.38555462538,3,3,4,5.753564747551286,47.594202060091504,0,0,1,1.0,0.0,0.0,0.0,0.0,0.0,0.0,0.0,0.0,0.0,0.0,1.0,1.0,0.0,1.0,0.0
3,3,9.789219911110006,6.298893234157522,2,2874.9647628803177,3,2,2,8.603669127401336,240.86889954814313,1,0,3,1.0,0.0,0.0,0.0,0.0,0.0,0.0,0.0,0.0,0.0,0.0,1.0,0.0,0.0,0.0,1.0
2,1,3.696822067168622,9.277165358288684,0,2169.918757505303,4,1,3,6.742909103579081,103.437228710741,0,0,5,1.0,0.0,0.0,0.0,0.0,0.0,0.0,0.0,0.0,0.0,0.0,0.0,0.0,0.0,0.0,0.0
2,2,2.5766685752595286,4.639407821144573,2,2977.2973439166885,0,2,3,3.6676648812285935,239.70367556318675,0,1,5,1.0,0.0,0.0,0.0,0.0,0.0,0.0,0.0,0.0,0.0,0.0,0.0,1.0,0.0,1.0,0.0
0,2,2.975537358535088,6.901625510524725,3,1037.1341220028448,1,1,4,3.418018173504687,56.948188485698296,0,1,1,0.0,0.0,0.0,0.0,1.0,0.0,0.0,0.0,0.0,0.0,0.0,0.0,0.0,0.0,0.0,0.0
2,0,5.2997702981765835,9.068701585248375,3,3201.050068788159,2,1,3,8.978155219129183,179.82975856525877,0,1,0,1.0,0.0,0.0,0.0,0.0,0.0,0.0,0.0,0.0,0.0,0.0,0.0,0.0,0.0,0.0,0.0
3,4,8.870550392018606,7.34177574420484,3,3498.676947459608,4,2,2,6.385141356351482,151.5326184107998,1,1,1,1.0,0.0,0.0,0.0,0.0,0.0,1.0,0.0,0.0,0.0,0.0,1.0,0.0,0.0,0.0,0.0
1,0,5.500325934438757,5.2620615725365605,3,2495.420499366036,1,0,0,4.312628167473586,97.91564303988412,0,1,3,0.0,0.0,0.0,0.0,0.0,0.0,0.0,0.0,0.0,0.0,0.0,0.0,1.0,0.0,0.0,0.0
3,2,1.4985285554376788,8.413057188475488,1,1087.6671187400254,4,3,4,7.404476382287598,182.57311161366573,0,0,2,1.0,0.0,0.0,0.0,0.0,0.0,0.0,0.0,0.0,0.0,0.0,0.0,0.0,1.0,1.0,1.0
0,3,1.358970424418296,8.088046377205046,0,933.3099865859654,4,3,1,5.039251015084709,37.36045280705497,0,0,0,0.0,0.0,0.0,0.0,1.0,0.0,0.0,0.0,0.0,0.0,0.0,0.0,0.0,1.0,1.0,0.0
1,0,3.046518510605637,6.1731154392815455,3,3378.2432168010414,0,3,4,5.700898118969041,256.9405208613206,1,0,1,0.0,0.0,0.0,0.0,0.0,0.0,0.0,0.0,0.0,0.0,0.0,0.0,1.0,0.0,1.0,0.0
2,5,8.58494149848486,4.277770969488251,1,3114.0584641049763,1,0,1,8.134916416176907,223.0150035955114,0,1,3,1.0,0.0,0.0,0.0,0.0,0.0,0.0,0.0,0.0,0.0,0.0,0.0,1.0,0.0,1.0,1.0
4,2,6.593325017816296,4.047188139376564,2,2746.036554694301,1,1,2,5.495582423647794,86.09199778827815,1,0,1,0.0,0.0,0.0,0.0,0.0,0.0,1.0,0.0,0.0,1.0,0.0,0.0,1.0,0.0,1.0,0.0
1,0,6.066620684076623,8.95235729876303,0,3347.3577608462338,2,1,4,11.399287354292992,174.04553165436897,1,0,1,0.0,0.0,0.0,0.0,0.0,0.0,0.0,0.0,0.0,0.0,0.0,0.0,1.0,0.0,1.0,0.0
1,3,3.870726333243779,5.929344169354412,3,2010.2112586051737,4,2,0,5.822311599746275,270.6506712930063,1,0,2,0.0,0.0,0.0,0.0,0.0,0.0,0.0,0.0,0.0,0.0,0.0,0.0,1.0,0.0,0.0,0.0
2,3,9.364828645415686,4.826619391635427,3,3163.239209007093,1,1,1,11.541873846269345,126.69143722271181,0,1,5,1.0,0.0,0.0,0.0,0.0,1.0,0.0,0.0,0.0,0.0,0.0,1.0,1.0,0.0,0.0,1.0
4,3,3.980604204659192,7.111307356977893,3,988.4609419651374,3,1,3,10.172257856129363,109.00248298761073,0,0,5,0.0,0.0,0.0,0.0,0.0,0.0,0.0,0.0,0.0,0.0,0.0,0.0,0.0,0.0,0.0,1.0
4,4,8.514499713876521,9.52499977435054,0,1048.4291543220875,0,0,1,10.691128341808042,239.68413571738765,1,1,1,0.0,0.0,0.0,0.0,1.0,0.0,1.0,0.0,0.0,0.0,0.0,1.0,0.0,1.0,0.0,0.0
0,2,9.063131661782958,4.050885187134386,3,2037.0291369811698,2,2,4,9.159303957244822,0.35580626066056276,1,0,4,0.0,0.0,0.0,0.0,0.0,0.0,0.0,0.0,0.0,0.0,0.0,1.0,1.0,0.0,1.0,1.0
1,4,5.3500151189452305,4.336861244058487,2,1497.5289825335728,1,2,2,7.254307691568657,205.91197082811044,0,1,5,0.0,0.0,0.0,0.0,0.0,0.0,0.0,0.0,0.0,0.0,0.0,0.0,1.0,0.0,0.0,0.0
4,2,9.048603425326684,6.502269595510434,0,1797.557804043973,4,2,4,6.392011930493599,64.74181836481998,0,1,1,0.0,0.0,0.0,0.0,0.0,0.0,1.0,0.0,0.0,1.0,0.0,1.0,1.0,0.0,0.0,0.0
0,3,3.491229586519424,8.05579544053038,2,2894.5909589015996,3,1,2,6.619861451219076,208.2740982838662,0,1,0,0.0,0.0,0.0,0.0,0.0,0.0,0.0,0.0,0.0,0.0,0.0,0.0,0.0,0.0,0.0,0.0
4,0,6.9259008356494824,6.856602752602301,1,660.2224128267771,1,3,0,2.4174568953171605,131.37030134950766,0,0,1,0.0,0.0,0.0,0.0,1.0,0.0,0.0,0.0,0.0,0.0,0.0,0.0,1.0,1.0,0.0,0.0
1,3,1.7916737367194764,9.385290630792428,2,2662.531502840689,3,2,4,2.5727384746757505,6.088567515266796,1,1,4,0.0,0.0,0.0,0.0,0.0,0.0,0.0,0.0,0.0,0.0,0.0,0.0,0.0,0.0,1.0,0.0
4,1,5.265407926831545,4.264507333224869,0,764.6878053600966,1,0,2,0.40994193893699604,262.27795524834596,0,1,0,0.0,0.0,0.0,0.0,1.0,0.0,0.0,0.0,0.0,0.0,0.0,0.0,1.0,0.0,0.0,0.0
1,4,2.955986219425131,6.040845217862461,2,3042.503150841261,2,1,1,8.946723629743019,163.9619272205021,0,0,1,0.0,0.0,0.0,0.0,0.0,0.0,0.0,0.0,0.0,0.0,0.0,0.0,0.0,0.0,1.0,1.0
2,4,1.564869501375426,6.108087336332325,2,1105.6994196070252,2,2,3,1.4983620715599701,94.08037289222376,0,1,5,1.0,0.0,0.0,0.0,0.0,0.0,0.0,0.0,0.0,0.0,0.0,0.0,0.0,1.0,1.0,0.0
3,5,1.0335295726985865,6.040763355918051,2,2704.816761043987,4,0,1,6.985789575922729,211.01389137603957,1,1,1,1.0,0.0,0.0,0.0,0.0,0.0,1.0,0.0,0.0,0.0,0.0,0.0,1.0,0.0,0.0,0.0
0,5,3.922769047967275,6.926115472740344,3,2275.6381969630675,1,1,2,1.6550771814786418,148.78215049046716,1,1,2,0.0,0.0,0.0,0.0,0.0,0.0,0.0,0.0,0.0,0.0,0.0,0.0,0.0,0.0,0.0,0.0
2,0,6.305775350830865,8.743462271167662,2,1656.866321218543,0,3,3,0.798560777443011,10.484578497935592,0,1,5,1.0,0.0,0.0,0.0,0.0,0.0,0.0,0.0,0.0,0.0,0.0,0.0,0.0,0.0,1.0,0.0
2,0,5.097073128860416,5.907295698416904,2,1302.6087512567458,0,1,2,6.403132422572716,195.07692029322519,1,0,5,1.0,0.0,0.0,0.0,0.0,0.0,0.0,0.0,0.0,0.0,0.0,0.0,0.0,0.0,1.0,1.0
3,5,3.7159236866754646,8.466899239793214,0,672.3779487992273,4,2,3,10.477150713470424,290.85948447387364,0,0,1,1.0,0.0,0.0,0.0,0.0,0.0,0.0,1.0,0.0,0.0,1.0,0.0,0.0,1.0,0.0,1.0
4,2,9.92080027698626,4.878792827674428,3,1560.1406207390212,1,2,0,4.272173221240871,66.59382911284077,0,1,1,0.0,0.0,0.0,0.0,0.0,0.0,0.0,0.0,0.0,0.0,0.0,1.0,1.0,0.0,0.0,0.0
3,0,9.4557253598171,7.364349133803701,1,1101.586269803528,0,1,4,11.030730105751863,258.877828367791,1,0,3,1.0,1.0,0.0,0.0,0.0,0.0,0.0,0.0,0.0,0.0,0.0,1.0,1.0,0.0,0.0,1.0
2,1,2.130879761537472,6.250528153993271,2,907.7375118559469,2,3,3,0.12368565804657683,186.29847404690528,0,0,1,1.0,0.0,0.0,0.0,0.0,0.0,0.0,0.0,0.0,0.0,0.0,0.0,0.0,1.0,1.0,0.0
2,5,4.735966840016452,7.235264813773424,2,2715.4943677674023,4,0,3,5.588868100476815,23.369515799896913,1,1,4,1.0,0.0,0.0,0.0,0.0,0.0,1.0,0.0,0.0,0.0,0.0,1.0,0.0,0.0,0.0,0.0
2,2,6.839622405942498,4.646498502233497,3,1137.5449730396015,4,1,4,1.7611732930230692,218.99249366746037,0,0,4,1.0,0.0,0.0,0.0,0.0,0.0,0.0,0.0,0.0,0.0,0.0,1.0,1.0,1.0,1.0,0.0
4,0,7.601417177769431,9.720777080565451,1,1169.4741431485054,4,2,2,3.789365864018077,132.4470463141967,0,0,2,0.0,0.0,0.0,0.0,1.0,0.0,0.0,0.0,0.0,0.0,0.0,0.0,0.0,0.0,0.0,0.0
1,4,4.297349394185414,9.437284700810668,1,1521.444355262131,3,0,0,0.2847807383967602,238.12019264890478,1,1,2,0.0,0.0,0.0,0.0,0.0,0.0,1.0,0.0,0.0,0.0,0.0,0.0,0.0,0.0,0.0,0.0
0,1,7.7165363146181285,8.958377825743774,3,1887.9594788653076,4,3,0,0.4241698464239705,190.72366841342327,0,0,0,0.0,0.0,0.0,0.0,0.0,0.0,0.0,0.0,0.0,0.0,0.0,1.0,0.0,0.0,1.0,0.0
1,2,2.1173501161961044,9.35669694032831,2,2041.1382328691004,3,0,4,8.5537642441314,0.8353993879624433,0,0,4,0.0,0.0,0.0,0.0,0.0,0.0,0.0,0.0,0.0,0.0,0.0,0.0,0.0,0.0,1.0,0.0
0,0,3.9863136273193422,4.880127221088917,1,2493.6388065212395,0,2,4,7.854480930382344,37.88916193882383,0,0,5,0.0,0.0,0.0,0.0,0.0,0.0,0.0,0.0,0.0,0.0,0.0,0.0,1.0,0.0,1.0,0.0
0,3,7.447898581803146,7.022330638117996,1,2265.5661435137818,2,2,0,2.500025415734014,105.73188600415786,1,1,5,0.0,0.0,0.0,0.0,0.0,0.0,0.0,0.0,0.0,0.0,0.0,0.0,1.0,0.0,0.0,0.0
0,2,6.631145112343376,5.90745495253914,3,1945.0516391799251,2,3,3,10.813787729496203,144.5562952602038,0,1,3,0.0,0.0,0.0,0.0,0.0,0.0,0.0,0.0,0.0,0.0,0.0,0.0,0.0,0.0,1.0,1.0
3,5,8.534891933754894,9.324315647824951,3,1681.820643912411,2,0,3,8.255723232383842,279.6381861772353,0,0,4,1.0,0.0,0.0,0.0,0.0,0.0,0.0,0.0,0.0,0.0,0.0,1.0,0.0,0.0,0.0,1.0
3,2,1.4217132040043956,5.136626094996799,0,1297.3586357877034,4,0,0,4.034077202780646,246.59166237190982,1,0,5,1.0,0.0,0.0,0.0,0.0,0.0,0.0,0.0,0.0,0.0,0.0,0.0,1.0,0.0,0.0,0.0
3,1,2.5695254604074367,5.319672130851834,1,2629.8278410491184,4,2,3,4.891838144545382,240.48463747947366,0,1,1,1.0,0.0,0.0,0.0,0.0,0.0,0.0,0.0,0.0,0.0,0.0,0.0,1.0,0.0,0.0,0.0
2,0,1.4364512404476981,8.120286738130066,3,1452.503961181243,2,3,2,3.5106695631782308,161.87291852233068,1,1,4,1.0,0.0,0.0,0.0,0.0,0.0,1.0,0.0,0.0,0.0,0.0,0.0,0.0,0.0,0.0,0.0
3,1,2.729028018242902,4.533397954526009,0,3048.744180577686,0,3,1,9.967178540446792,27.85911155200489,0,0,0,1.0,0.0,0.0,0.0,0.0,0.0,0.0,0.0,0.0,0.0,0.0,0.0,1.0,0.0,0.0,1.0
0,2,1.038545295696415,8.394203061499839,0,2258.48736766396,1,0,2,5.927519211575183,223.74225350542716,0,0,4,0.0,0.0,0.0,0.0,0.0,0.0,0.0,0.0,0.0,0.0,0.0,0.0,0.0,0.0,0.0,0.0
4,0,5.5378927151097965,5.608763729884734,0,2401.8328355845415,0,1,4,1.6236910566630387,25.964496647831925,1,0,1,0.0,0.0,0.0,0.0,0.0,0.0,1.0,0.0,0.0,0.0,0.0,1.0,1.0,0.0,1.0,0.0
2,2,5.754829560114299,7.965612191602884,2,2026.3706926332,2,1,1,2.420564947413468,27.43431446538237,0,0,3,1.0,0.0,0.0,0.0,0.0,0.0,0.0,0.0,0.0,0.0,0.0,0.0,0.0,0.0,0.0,0.0
4,5,6.921026032653954,9.238226718163963,1,3285.6681939561436,1,3,3,3.5589488806522716,76.5257886084664,0,1,0,0.0,0.0,0.0,0.0,0.0,0.0,0.0,0.0,0.0,0.0,0.0,0.0,0.0,0.0,1.0,0.0
0,4,4.464212024809391,7.657668239409944,1,1764.7867058532336,0,2,3,4.837838095532157,276.76912052916526,0,0,0,0.0,0.0,0.0,0.0,0.0,0.0,0.0,0.0,0.0,0.0,0.0,0.0,1.0,0.0,1.0,0.0
2,3,1.028869216166656,5.276102399716654,0,1780.905360256438,0,1,3,7.111678821110429,224.9756355426467,0,1,3,1.0,0.0,0.0,0.0,0.0,0.0,0.0,0.0,0.0,0.0,0.0,0.0,1.0,0.0,1.0,0.0
3,5,7.065020389668734,4.2949931532353,2,3179.04348731549,2,0,3,11.569979761884431,22.995765365843834,0,0,5,1.0,0.0,0.0,0.0,0.0,0.0,0.0,0.0,0.0,0.0,0.0,0.0,1.0,0.0,1.0,0.0
2,4,1.4886197897312132,4.267683830170395,3,2314.7207628805145,0,2,3,3.143143725268856,275.67313634441217,1,1,0,1.0,0.0,0.0,0.0,0.0,0.0,0.0,0.0,0.0,0.0,0.0,0.0,1.0,0.0,1.0,0.0
2,3,8.795533877359695,4.532871292084048,0,1847.4461471724212,0,1,1,3.940842788490924,235.01255403242828,1,0,4,1.0,0.0,0.0,0.0,0.0,0.0,0.0,0.0,0.0,0.0,0.0,1.0,1.0,0.0,0.0,0.0
0,5,1.2038858893714361,7.478907474818295,2,1286.4533435501926,1,0,0,0.2874240059558755,181.0928364824716,0,1,4,0.0,0.0,0.0,0.0,1.0,0.0,0.0,0.0,0.0,0.0,0.0,0.0,0.0,0.0,0.0,0.0
1,0,5.774276109309692,6.089307124243907,3,1235.1333351557532,3,0,4,4.4706234605841555,38.0886083410375,0,0,4,0.0,0.0,0.0,0.0,0.0,0.0,0.0,0.0,0.0,0.0,0.0,0.0,0.0,1.0,0.0,0.0
1,4,9.054260941469687,5.458641864375389,2,2904.302941265708,3,2,1,8.10092959481631,96.03685456540246,1,0,1,0.0,0.0,0.0,0.0,0.0,0.0,0.0,0.0,0.0,0.0,0.0,1.0,0.0,0.0,1.0,0.0
1,1,6.152406182099021,5.3158393467831475,2,1338.3982328711604,1,2,4,11.556734535005997,90.20454711391882,1,1,5,0.0,0.0,0.0,0.0,0.0,0.0,0.0,0.0,0.0,0.0,0.0,0.0,1.0,1.0,0.0,1.0
3,4,6.47575071889537,9.691489191418594,0,517.213070910097,3,1,1,8.882274346241315,192.01414208833066,0,0,3,1.0,1.0,0.0,0.0,0.0,0.0,0.0,0.0,0.0,0.0,0.0,0.0,0.0,1.0,0.0,0.0
3,5,7.134497635036651,4.712899455352447,3,558.3819178949709,0,3,1,1.4159581519533693,176.36088643670226,1,0,1,1.0,0.0,0.0,0.0,0.0,0.0,0.0,1.0,0.0,0.0,0.0,1.0,1.0,1.0,1.0,0.0
3,2,2.1016796295742033,5.828886464635929,3,3435.2078347896936,3,2,0,10.680463227211597,83.172298133253,0,0,5,1.0,0.0,0.0,0.0,0.0,0.0,0.0,0.0,0.0,0.0,0.0,0.0,0.0,0.0,0.0,1.0
1,0,7.074343907295035,6.828863572115159,2,2179.513809868833,0,2,2,10.064149546566753,93.32977196770183,1,0,1,0.0,0.0,0.0,0.0,0.0,0.0,0.0,0.0,0.0,0.0,0.0,0.0,1.0,0.0,1.0,1.0
4,2,8.923193938115336,4.0026971564455325,3,1967.0738955781862,0,0,4,2.2682693274868986,155.53251459674473,1,0,2,0.0,0.0,0.0,0.0,0.0,0.0,1.0,0.0,0.0,1.0,0.0,1.0,1.0,0.0,1.0,0.0
0,2,9.767987495517849,9.525719124854348,2,3253.6282073249904,4,1,4,11.212114517816588,253.6219790802274,0,0,0,0.0,0.0,0.0,0.0,0.0,0.0,0.0,0.0,0.0,0.0,0.0,1.0,0.0,0.0,0.0,0.0
1,5,4.987467994225123,4.594591544560624,2,1555.0621969708784,2,3,1,8.569188533702876,37.867510572178475,1,0,2,0.0,0.0,0.0,0.0,0.0,0.0,0.0,1.0,0.0,0.0,0.0,0.0,1.0,0.0,1.0,0.0
0,5,4.100543665097922,8.094823604117035,3,2884.992678965699,2,1,2,9.393808068995188,217.721421398365,0,1,3,0.0,0.0,0.0,0.0,0.0,0.0,0.0,0.0,0.0,0.0,0.0,0.0,0.0,0.0,0.0,0.0
1,3,7.779786540366853,7.77319286297493,0,2665.4294383404163,1,2,3,5.509675970011335,298.7022670439864,1,0,5,0.0,0.0,0.0,0.0,0.0,0.0,0.0,0.0,0.0,0.0,0.0,1.0,1.0,0.0,1.0,0.0
4,5,5.885868592857831,8.854383130628424,0,1931.289446965514,3,3,4,2.4082042931600287,224.919864021357,1,0,2,0.0,0.0,0.0,0.0,0.0,0.0,1.0,0.0,1.0,0.0,0.0,0.0,0.0,0.0,1.0,0.0
1,2,3.3157418900952744,7.9083263833729145,0,2823.895692376073,3,2,3,9.58926257446522,132.47133453967743,1,1,3,0.0,0.0,0.0,0.0,0.0,0.0,1.0,0.0,0.0,0.0,0.0,0.0,1.0,0.0,0.0,1.0
4,2,2.549420964727327,8.616324503295877,2,3397.3351627779116,3,2,1,5.729312937295748,219.5023709220669,1,1,0,0.0,0.0,0.0,0.0,0.0,0.0,1.0,0.0,0.0,0.0,0.0,0.0,0.0,0.0,0.0,0.0
2,5,2.532072705334693,6.5274916527311655,0,1101.822127361212,1,0,1,11.609164153040442,258.2059414229574,0,0,1,1.0,0.0,0.0,0.0,0.0,0.0,0.0,0.0,0.0,0.0,0.0,0.0,1.0,1.0,0.0,1.0
3,4,5.132593329455369,6.93222696730974,1,552.5282435030645,3,1,3,1.8400142289403205,230.55002992034193,1,1,3,1.0,0.0,0.0,0.0,0.0,0.0,1.0,0.0,0.0,0.0,0.0,1.0,1.0,1.0,0.0,0.0
2,3,2.531119650540851,8.209972612986515,1,2964.3632187928984,3,0,0,4.264842167114365,3.8272505870677542,1,1,0,1.0,0.0,0.0,0.0,0.0,0.0,0.0,0.0,0.0,0.0,0.0,0.0,0.0,0.0,0.0,0.0
1,2,1.177470496103372,7.410560326330307,2,1710.761218534441,2,0,2,8.826564585615882,39.44805451633911,0,0,2,0.0,0.0,0.0,0.0,0.0,0.0,0.0,0.0,0.0,0.0,0.0,0.0,0.0,0.0,1.0,0.0
3,4,1.46879897472721,7.069231301600319,2,2133.2074805450247,1,2,3,6.867379398063422,32.14278322145533,1,1,0,1.0,0.0,0.0,0.0,0.0,0.0,1.0,0.0,0.0,0.0,0.0,0.0,0.0,0.0,1.0,0.0
4,4,9.368960895576691,5.233350436327296,0,1167.386962197596,3,0,1,5.199300884893955,9.547783682294387,0,0,2,0.0,0.0,0.0,0.0,0.0,0.0,0.0,0.0,0.0,1.0,0.0,1.0,1.0,0.0,0.0,0.0
1,2,1.6566520704412218,5.548649564838252,2,3025.3662855586313,2,1,2,8.419326446078731,214.35690043758927,0,1,1,0.0,0.0,0.0,0.0,0.0,0.0,0.0,0.0,0.0,0.0,0.0,0.0,0.0,0.0,0.0,0.0
3,0,1.658626215228636,6.150983446356361,1,2663.618747218134,1,1,3,8.800212742650142,80.21203353084877,0,1,1,1.0,0.0,0.0,0.0,0.0,0.0,0.0,0.0,0.0,0.0,0.0,0.0,1.0,0.0,1.0,1.0
1,0,5.0606960098017915,4.0557063125410195,0,3360.099884584394,4,1,2,6.927588157920096,216.58698196993114,1,0,2,0.0,0.0,0.0,0.0,0.0,0.0,0.0,0.0,0.0,0.0,0.0,0.0,1.0,0.0,0.0,0.0
3,0,3.205902541015293,6.504180697481422,2,1925.7556147990526,2,2,0,3.8292407810282283,199.8295319038122,0,1,0,1.0,0.0,0.0,0.0,0.0,0.0,0.0,0.0,0.0,0.0,0.0,0.0,0.0,0.0,0.0,0.0
3,2,9.66424466955248,4.016610854583477,1,3429.695038282483,2,1,2,7.425113447544843,157.0833462305091,1,1,4,1.0,0.0,0.0,0.0,0.0,0.0,0.0,0.0,0.0,0.0,0.0,1.0,1.0,0.0,0.0,0.0
2,3,9.198872555480238,7.390092615528021,1,2032.5661789216958,1,3,1,6.542910006261506,17.914267073292233,1,1,2,1.0,1.0,0.0,0.0,0.0,1.0,0.0,0.0,0.0,0.0,0.0,1.0,1.0,0.0,1.0,0.0
3,4,4.642689238041404,8.224172613834092,3,2364.2662725883174,3,1,3,9.571872014418016,91.59186680878956,0,0,5,1.0,0.0,0.0,0.0,0.0,0.0,0.0,0.0,0.0,0.0,0.0,0.0,0.0,0.0,0.0,0.0
1,1,5.038583674746333,7.372891789690758,0,2522.3823194650713,4,3,1,7.841494143529729,8.134424788047301,1,0,1,0.0,0.0,0.0,0.0,0.0,0.0,0.0,0.0,0.0,0.0,0.0,0.0,0.0,0.0,0.0,0.0
0,4,4.376022877680132,8.161119839229254,3,1969.3143671605244,3,3,4,5.961260969785389,273.00607236629713,0,0,0,0.0,0.0,0.0,0.0,0.0,0.0,0.0,1.0,0.0,0.0,0.0,0.0,0.0,0.0,0.0,0.0
0,3,1.340795049788154,4.000079011337245,1,2188.3405729067736,2,1,0,0.22445646265515729,92.59008484974865,1,0,2,0.0,0.0,0.0,0.0,0.0,0.0,0.0,0.0,0.0,0.0,0.0,0.0,1.0,0.0,0.0,0.0
2,0,3.635621553292378,4.356651839705857,3,1169.92119410447,3,3,4,2.0032838264207706,28.48486598271336,0,1,0,1.0,0.0,0.0,0.0,0.0,0.0,0.0,0.0,0.0,0.0,0.0,0.0,1.0,0.0,1.0,0.0
4,2,2.104061226507857,8.190774645253331,3,1587.0891743987247,1,1,0,4.039131507032707,0.7554349056520082,1,0,2,0.0,0.0,0.0,0.0,0.0,0.0,1.0,0.0,0.0,0.0,0.0,0.0,0.0,0.0,1.0,0.0
0,1,1.9213329701361048,8.817400887740623,3,2605.9797352767446,0,3,3,7.216543507200393,183.45379956385526,0,1,4,0.0,0.0,0.0,0.0,0.0,0.0,0.0,0.0,0.0,0.0,0.0,0.0,0.0,0.0,1.0,0.0
2,5,6.047754156427491,8.306209425336366,0,616.9668800538028,3,3,1,9.508305023360133,186.29071489269253,1,0,5,1.0,0.0,0.0,0.0,0.0,0.0,0.0,1.0,0.0,0.0,0.0,0.0,0.0,1.0,0.0,0.0
3,5,1.8888837194220602,7.97807345532131,3,2601.239359901825,0,1,0,11.519449415125912,298.47758779310016,1,0,2,1.0,0.0,0.0,0.0,0.0,0.0,0.0,0.0,0.0,0.0,0.0,0.0,0.0,0.0,0.0,1.0
1,4,1.9263819141573724,8.24429598286936,1,1411.3269336274652,0,1,1,7.197664729848313,86.58275627333263,1,1,1,0.0,0.0,0.0,0.0,0.0,0.0,0.0,0.0,0.0,0.0,0.0,0.0,0.0,1.0,1.0,0.0
3,3,5.324623433374137,8.437539554776995,3,1315.5075091226663,3,3,0,8.746127944575745,13.957558966637718,1,1,2,1.0,0.0,0.0,0.0,0.0,0.0,0.0,0.0,0.0,0.0,0.0,0.0,0.0,0.0,1.0,0.0
1,2,4.980541286103749,8.346264990205416,3,2580.465393057833,2,2,0,7.457294459560039,233.81470653031215,0,0,1,0.0,0.0,0.0,0.0,0.0,0.0,0.0,0.0,0.0,0.0,0.0,1.0,0.0,0.0,0.0,0.0
4,1,2.238713066191324,8.42805086613004,2,1144.8354881622688,4,2,1,5.163332672641187,91.37458702584043,1,1,0,0.0,0.0,0.0,0.0,0.0,0.0,1.0,0.0,0.0,0.0,0.0,0.0,0.0,0.0,1.0,0.0
2,4,1.0400412232797671,4.444118244491085,3,3385.0503076679424,4,2,0,7.316120240134613,99.1977121734832,1,0,4,1.0,0.0,0.0,0.0,0.0,0.0,0.0,0.0,0.0,0.0,0.0,0.0,1.0,0.0,0.0,0.0
2,0,2.736769975910595,4.379629308967749,2,3472.037101139215,0,0,4,4.808075692498393,272.3203016495883,0,1,4,1.0,0.0,0.0,0.0,0.0,0.0,0.0,0.0,0.0,0.0,0.0,0.0,1.0,0.0,0.0,0.0
0,1,3.1230302876383664,6.166719659376634,0,1874.301223554376,3,0,4,5.44367265396188,172.61108308134706,0,0,1,0.0,0.0,0.0,0.0,1.0,0.0,0.0,0.0,0.0,0.0,0.0,0.0,1.0,0.0,0.0,0.0
2,0,8.202235992479809,7.165580287292774,3,1704.2550075268791,1,3,2,10.93204665908905,120.10489451222844,1,0,2,1.0,0.0,0.0,0.0,0.0,0.0,0.0,0.0,0.0,0.0,0.0,0.0,0.0,0.0,1.0,1.0
4,2,9.238945154744934,8.575714323530367,2,737.1123691961985,3,1,0,6.766315944338956,285.16731237442133,1,1,2,0.0,0.0,0.0,0.0,1.0,0.0,1.0,0.0,0.0,0.0,0.0,1.0,0.0,1.0,0.0,0.0
0,1,4.653499577391727,6.008246912746075,0,2834.656051382543,0,3,4,1.2049313269513688,79.5873484377667,0,0,2,0.0,0.0,0.0,0.0,0.0,0.0,0.0,0.0,0.0,0.0,0.0,0.0,1.0,0.0,1.0,0.0
3,1,4.6452405385088005,5.650702459801809,0,988.1719896387142,2,1,3,6.285188094321425,6.443373557721765,0,0,4,1.0,0.0,0.0,0.0,0.0,0.0,0.0,0.0,0.0,0.0,0.0,0.0,1.0,0.0,1.0,0.0
2,2,7.412331553838801,8.688689848711178,2,3299.1435814282427,3,3,0,11.439122578780218,69.26258502775755,0,0,4,1.0,0.0,0.0,0.0,0.0,0.0,0.0,0.0,0.0,0.0,0.0,0.0,0.0,0.0,0.0,0.0
3,5,6.6422981413422,5.49602110872397,3,3471.778216865631,2,2,0,1.2005144191103674,13.237789720789317,1,0,0,1.0,0.0,0.0,0.0,0.0,0.0,0.0,0.0,0.0,0.0,0.0,0.0,1.0,0.0,0.0,0.0
3,3,2.6572616802406825,8.92504826088678,2,867.2293402451346,2,0,3,11.654247697461606,122.32420328970225,0,0,1,1.0,0.0,0.0,0.0,0.0,0.0,0.0,0.0,0.0,0.0,0.0,0.0,0.0,1.0,0.0,1.0
2,4,1.9692021006627523,5.062801298320231,1,2549.0176462781224,0,1,0,11.851684204777696,249.3199675681012,1,0,5,1.0,0.0,0.0,0.0,0.0,0.0,0.0,0.0,0.0,0.0,0.0,0.0,1.0,0.0,0.0,1.0
1,5,4.938507015895457,6.156841137234861,1,1897.9759747031817,0,3,3,6.7285579951696715,292.5538720961524,0,0,2,0.0,0.0,0.0,0.0,0.0,0.0,0.0,0.0,0.0,0.0,0.0,0.0,1.0,0.0,1.0,1.0
3,5,6.083455268464867,6.406453656558342,1,2123.4375626315596,3,0,2,3.9892647535346386,210.09627598890447,0,0,2,1.0,1.0,0.0,0.0,0.0,0.0,0.0,0.0,0.0,0.0,0.0,1.0,0.0,0.0,0.0,0.0
0,2,2.2483684284292833,5.797062683845857,1,1038.7240389643457,2,0,4,0.10361608605471417,277.8344727697841,1,1,4,0.0,0.0,0.0,0.0,1.0,0.0,0.0,0.0,0.0,0.0,0.0,0.0,0.0,0.0,1.0,0.0
2,5,3.639461440676001,4.020141483322076,1,2670.5626983347415,2,0,1,0.18606011384555154,122.55960933185366,0,0,4,1.0,0.0,0.0,0.0,0.0,0.0,0.0,0.0,0.0,0.0,0.0,0.0,1.0,0.0,0.0,0.0
0,5,3.753486967875174,5.413055546927487,0,999.83816289536,1,2,2,4.6571448175353005,90.81284487557524,0,0,3,0.0,0.0,0.0,0.0,1.0,0.0,0.0,1.0,0.0,0.0,0.0,0.0,1.0,1.0,1.0,0.0
3,5,3.351683809217476,6.025921353273242,2,3155.899933231213,0,3,2,9.396861527224843,46.267568571629155,0,1,5,1.0,0.0,0.0,0.0,0.0,0.0,0.0,0.0,0.0,0.0,0.0,0.0,1.0,0.0,1.0,1.0
3,2,5.146851396626119,5.881749367159976,0,1861.9238430294824,3,3,4,11.308482270384735,150.26420981179675,0,0,3,1.0,0.0,0.0,0.0,0.0,0.0,0.0,0.0,0.0,0.0,0.0,0.0,1.0,0.0,1.0,0.0
0,1,6.877572258877647,8.713332978863242,0,2404.604298102634,0,3,3,1.857339661447437,98.08141670315628,1,1,5,0.0,0.0,0.0,0.0,0.0,0.0,0.0,0.0,0.0,0.0,0.0,0.0,0.0,0.0,1.0,0.0
3,3,5.584508952543931,4.284206575218838,1,3265.373321144987,3,3,3,5.853031264629321,32.26130901634586,0,0,2,1.0,0.0,0.0,0.0,0.0,0.0,0.0,0.0,0.0,0.0,0.0,0.0,1.0,0.0,1.0,0.0
2,5,2.8131090602260977,6.333692197931445,3,2713.8185144076106,0,3,1,6.020707616198522,279.574515588141,0,1,1,1.0,0.0,0.0,0.0,0.0,0.0,0.0,0.0,0.0,0.0,0.0,0.0,1.0,0.0,1.0,0.0
3,5,1.926451423426598,4.2250927334766475,2,2122.543650349908,4,2,2,4.563640504748381,37.111141833065005,0,1,0,1.0,0.0,0.0,0.0,0.0,0.0,0.0,0.0,0.0,0.0,0.0,0.0,1.0,0.0,0.0,0.0
0,3,8.396834166088304,9.583885396774056,1,1708.0329435300798,1,3,0,6.479472795401732,221.92182359969365,0,0,3,0.0,0.0,0.0,0.0,0.0,0.0,0.0,0.0,0.0,0.0,0.0,1.0,0.0,0.0,1.0,0.0
0,0,5.313742144460071,8.741256622186578,2,1886.4053659811127,4,2,1,11.100266781694785,20.422521405505666,1,1,5,0.0,0.0,0.0,0.0,0.0,0.0,1.0,0.0,0.0,0.0,0.0,0.0,0.0,0.0,0.0,1.0
2,2,1.5592526572048948,9.892969595428081,2,1525.0191788316179,0,0,4,5.262349806207819,158.1349400959542,1,0,2,1.0,0.0,0.0,0.0,0.0,0.0,0.0,0.0,0.0,0.0,0.0,0.0,0.0,0.0,1.0,0.0
0,4,3.323093496846022,9.46096319017611,1,3338.5514757572155,2,0,0,1.6533567370964821,202.44075955788517,0,0,4,0.0,0.0,0.0,0.0,0.0,0.0,0.0,0.0,0.0,0.0,0.0,0.0,0.0,0.0,0.0,0.0
1,3,8.236304005457393,5.894876632696507,3,1258.5735324429465,2,0,0,7.985394809480081,70.36034448616897,1,1,3,0.0,0.0,0.0,0.0,0.0,0.0,0.0,0.0,0.0,0.0,0.0,1.0,0.0,0.0,0.0,0.0
3,2,7.7655369229619495,8.149500473983482,2,1728.038847790917,0,1,2,0.3764942944008194,22.69489456800723,1,0,4,1.0,1.0,0.0,0.0,0.0,0.0,0.0,0.0,0.0,0.0,0.0,0.0,0.0,0.0,0.0,0.0
0,2,8.8823496960764,5.839324524870451,0,2834.6717739532273,2,1,3,11.28138317389986,178.00938102615814,1,0,4,0.0,0.0,0.0,0.0,0.0,0.0,0.0,0.0,0.0,0.0,0.0,1.0,1.0,0.0,0.0,1.0
3,0,6.418790434015229,9.329267127577744,3,1593.0250178781923,1,2,4,11.278651873083886,180.8720690158427,1,0,4,1.0,0.0,0.0,0.0,0.0,0.0,0.0,0.0,0.0,0.0,0.0,1.0,0.0,0.0,1.0,1.0
0,1,4.806153409222495,6.464517219804049,0,3159.832689314358,2,2,2,1.105711242995167,93.5947496736055,0,1,2,0.0,0.0,0.0,0.0,0.0,0.0,0.0,0.0,0.0,0.0,0.0,1.0,1.0,0.0,0.0,0.0
0,4,4.839714977990056,6.2553252514253925,0,1229.2179204411466,1,1,3,6.61064215008458,112.85800505828017,0,1,2,0.0,0.0,0.0,0.0,1.0,0.0,0.0,0.0,0.0,0.0,0.0,1.0,1.0,1.0,1.0,0.0
2,1,2.7460004004364933,9.4844124654,1,594.0345251282116,0,2,1,9.568684420950575,13.6817296052676,0,1,2,1.0,0.0,0.0,0.0,0.0,0.0,0.0,0.0,0.0,0.0,0.0,0.0,0.0,1.0,1.0,0.0
3,5,6.857190653660937,9.020441725719126,1,2386.253336755606,3,3,2,5.574941756952224,88.73657639134181,1,0,4,1.0,1.0,0.0,0.0,0.0,0.0,0.0,0.0,0.0,0.0,0.0,0.0,0.0,0.0,1.0,0.0
0,0,6.265618804835686,9.79848132018581,3,2024.7603732053913,2,0,1,5.745259614611073,264.7807425135504,0,0,3,0.0,0.0,0.0,0.0,0.0,0.0,0.0,0.0,0.0,0.0,0.0,1.0,0.0,0.0,0.0,1.0
1,3,2.393779702859523,4.398928513446681,2,3299.1742396724676,4,1,0,11.642400042067571,51.388353012370025,0,0,1,0.0,0.0,0.0,0.0,0.0,0.0,0.0,0.0,0.0,0.0,0.0,0.0,1.0,0.0,0.0,0.0
4,2,8.970966280408373,5.460033268233159,0,1769.3969776878853,4,3,1,2.7660971157573004,140.4155683183805,1,0,1,0.0,0.0,0.0,0.0,0.0,0.0,1.0,0.0,0.0,0.0,0.0,1.0,1.0,0.0,0.0,0.0
4,4,4.316213829795373,5.805146487202274,1,906.7707738745817,1,3,1,6.315722266771399,203.04786634950594,0,1,1,0.0,0.0,0.0,0.0,0.0,0.0,1.0,0.0,0.0,0.0,0.0,0.0,1.0,1.0,1.0,0.0
2,5,1.4476488896896162,6.546112365728573,3,1489.2366117390497,1,1,2,1.3796179376105968,240.86467746760792,1,1,3,1.0,0.0,0.0,0.0,0.0,0.0,1.0,0.0,0.0,0.0,0.0,0.0,0.0,0.0,0.0,0.0
2,3,3.9509282870180544,6.838780275691216,2,1679.6354298812694,4,2,3,3.6292818033460756,24.344750783041313,1,0,4,1.0,0.0,0.0,0.0,0.0,0.0,0.0,0.0,0.0,0.0,0.0,0.0,0.0,0.0,1.0,0.0
1,3,8.828710432404183,5.748834568400428,2,2249.3954414774144,1,2,4,10.210853129870888,177.5508372287748,1,1,0,0.0,0.0,0.0,0.0,0.0,0.0,0.0,0.0,0.0,0.0,0.0,1.0,1.0,0.0,1.0,0.0
3,4,9.252609272756061,8.742702538870171,2,1323.501473267528,0,2,4,8.597383889730473,188.18705218779562,0,1,4,1.0,0.0,0.0,0.0,0.0,0.0,0.0,1.0,0.0,0.0,0.0,1.0,0.0,0.0,1.0,1.0
2,3,5.413585755336702,5.339464866910339,2,2150.9399605214153,2,3,1,7.344045442748007,59.214407518953884,1,0,3,1.0,0.0,0.0,0.0,0.0,0.0,0.0,0.0,0.0,0.0,0.0,1.0,1.0,0.0,0.0,0.0
1,1,9.60705946066076,8.179103879794678,0,3224.1375966978912,4,0,4,1.3666627793767252,9.254555117380503,1,0,1,0.0,0.0,0.0,0.0,0.0,0.0,0.0,0.0,0.0,0.0,0.0,1.0,0.0,0.0,0.0,0.0
0,2,8.877176282907785,9.110609893552585,2,1771.1910493957205,1,2,4,10.20838259444422,253.31006952732196,0,0,0,0.0,0.0,0.0,0.0,0.0,0.0,0.0,0.0,0.0,0.0,0.0,0.0,0.0,0.0,1.0,1.0
0,1,8.42707645389303,7.622189434957518,2,2454.7084818128933,3,0,2,3.5773115666115003,132.02094962212539,0,1,0,0.0,0.0,0.0,0.0,0.0,0.0,0.0,0.0,0.0,0.0,0.0,1.0,0.0,0.0,0.0,0.0
4,2,8.737390582139854,6.1249535553569245,0,1186.695761377388,1,3,1,6.419794127409814,18.233780468424467,0,1,4,0.0,0.0,0.0,0.0,0.0,0.0,1.0,0.0,0.0,0.0,0.0,0.0,1.0,1.0,1.0,0.0
2,3,4.436878709519411,5.127347453179908,2,2903.981135138067,1,2,3,2.801696381161687,173.40861261759022,0,0,1,1.0,0.0,0.0,0.0,0.0,0.0,0.0,0.0,0.0,0.0,0.0,0.0,1.0,0.0,1.0,0.0
2,1,7.8082204667998925,4.806077166422176,0,1309.011891080177,2,2,0,6.248838822830706,113.07388813201003,1,1,1,1.0,1.0,0.0,0.0,0.0,0.0,1.0,0.0,0.0,0.0,0.0,0.0,1.0,0.0,0.0,0.0
2,1,6.1960510276853435,8.46504843489437,0,2239.40838051667,0,3,1,6.745674418068797,24.060393052115238,0,0,2,1.0,0.0,0.0,0.0,0.0,0.0,0.0,0.0,0.0,0.0,0.0,0.0,1.0,0.0,1.0,0.0
3,4,7.47715601566276,6.814791985501095,3,1400.7424091980552,1,3,2,4.085621301075658,86.13336969561868,0,0,3,1.0,0.0,0.0,0.0,0.0,0.0,0.0,0.0,0.0,0.0,0.0,1.0,0.0,0.0,1.0,0.0
0,2,2.6000749682269717,4.277917307004206,1,702.2070501855411,1,3,4,6.07105976351509,98.04933699246476,0,0,2,0.0,0.0,0.0,0.0,1.0,0.0,0.0,0.0,0.0,0.0,0.0,0.0,1.0,1.0,1.0,0.0
0,1,7.582545205974478,9.903037041655722,1,1458.9882216830922,4,3,4,4.872628510176036,172.4714943987122,1,1,3,0.0,0.0,0.0,0.0,1.0,0.0,0.0,0.0,0.0,0.0,0.0,1.0,0.0,1.0,1.0,0.0
1,4,9.618331907747546,8.02781909793394,2,1136.0919821340476,1,2,4,8.36994492223503,121.0000614025523,1,0,2,0.0,0.0,0.0,0.0,0.0,0.0,0.0,0.0,0.0,0.0,0.0,1.0,0.0,0.0,1.0,0.0
2,4,3.723969901432866,9.065095308561864,2,3178.021305207887,4,1,2,6.526695997937555,32.097653350418575,1,1,2,1.0,0.0,0.0,0.0,0.0,0.0,0.0,0.0,0.0,0.0,0.0,0.0,0.0,0.0,0.0,0.0
3,4,9.875451915600644,6.6291320279020685,2,1298.4863439144297,0,1,0,10.536913203710737,190.60062565302098,0,1,3,1.0,0.0,0.0,0.0,0.0,0.0,0.0,0.0,0.0,0.0,0.0,1.0,0.0,0.0,1.0,0.0
2,4,4.40538413324834,9.732631724848149,3,3423.269545306766,2,1,3,0.5957034902447282,218.63975647704353,0,0,3,1.0,0.0,0.0,0.0,0.0,0.0,0.0,0.0,0.0,0.0,0.0,0.0,0.0,0.0,1.0,0.0
2,5,2.797511473189296,5.197150125544764,2,1977.0374351745957,1,2,4,0.3196639040042131,152.190891674197,0,0,4,1.0,0.0,0.0,0.0,0.0,0.0,0.0,0.0,0.0,0.0,0.0,0.0,1.0,0.0,1.0,0.0
4,3,2.0105760682021456,5.110816737632897,0,1163.1948997029476,2,3,2,2.2625922323466248,19.005223015531346,1,0,5,0.0,0.0,0.0,0.0,1.0,0.0,1.0,0.0,0.0,0.0,0.0,0.0,1.0,0.0,1.0,0.0
0,1,8.064657219593599,9.342008408622153,0,1674.0323994970868,3,1,2,1.4229189111321814,30.967438187212082,0,1,1,0.0,0.0,0.0,0.0,0.0,0.0,0.0,0.0,0.0,0.0,0.0,1.0,0.0,0.0,0.0,0.0
2,5,5.993428603389115,9.350302384034368,1,1050.293352492762,4,2,4,6.310749273555465,283.39376378393666,0,0,0,1.0,0.0,0.0,0.0,0.0,0.0,0.0,1.0,0.0,0.0,0.0,0.0,0.0,1.0,0.0,1.0
2,1,3.7641816429582597,6.994116912994253,1,3001.0497615363615,3,1,0,2.401608619031817,56.80960726144227,1,1,0,1.0,0.0,0.0,0.0,0.0,0.0,1.0,0.0,0.0,0.0,0.0,0.0,1.0,0.0,0.0,0.0
2,1,6.476053328143821,4.754718132123871,1,859.907807919426,2,2,4,0.19258349592500945,92.24836695793532,0,1,4,1.0,0.0,0.0,0.0,0.0,0.0,0.0,0.0,0.0,0.0,0.0,0.0,1.0,1.0,1.0,0.0
4,4,3.9889106905690426,5.8312987492196315,0,3120.5832544862396,2,3,2,3.3914646651370925,206.2541147378868,1,0,2,0.0,0.0,0.0,0.0,0.0,0.0,1.0,0.0,0.0,0.0,0.0,0.0,1.0,0.0,1.0,0.0
1,5,5.035219815956129,8.524914028206807,0,637.7511453562647,4,1,3,6.1104364528876385,237.55068479370127,0,1,2,0.0,0.0,0.0,0.0,0.0,0.0,0.0,0.0,0.0,0.0,0.0,0.0,1.0,1.0,0.0,0.0
4,2,8.763977131777821,9.075951448007821,0,1398.823794587999,4,1,0,8.571061776631463,273.3056760856833,0,0,4,0.0,0.0,0.0,0.0,0.0,0.0,0.0,0.0,0.0,0.0,0.0,1.0,0.0,0.0,0.0,1.0
1,4,7.013498291732483,6.0859284864689025,3,919.6601607283305,3,0,3,5.260737682619146,118.5557264327795,1,1,4,0.0,0.0,0.0,0.0,0.0,0.0,0.0,0.0,0.0,0.0,0.0,0.0,0.0,1.0,0.0,0.0
2,5,7.8616165573424475,4.367402090901207,1,2555.796637762212,0,1,1,11.552571940522945,297.6876012581422,0,1,5,1.0,1.0,0.0,1.0,0.0,0.0,0.0,0.0,0.0,0.0,1.0,1.0,1.0,0.0,0.0,1.0
2,4,6.251441963226187,7.994360089436683,3,2036.965192979123,1,1,2,2.3934319472444847,31.167159633264554,1,1,5,1.0,0.0,0.0,0.0,0.0,0.0,0.0,0.0,0.0,0.0,0.0,1.0,0.0,0.0,1.0,0.0
4,0,9.922582439970588,8.43698224862976,1,3318.0187185436125,1,0,2,6.168743812108739,247.9602768044092,1,0,4,0.0,0.0,0.0,0.0,0.0,0.0,1.0,0.0,0.0,0.0,0.0,1.0,1.0,0.0,0.0,1.0
2,3,3.1726905966180343,6.544088055182155,1,1598.5422832419474,1,3,4,3.0382047510603942,81.63184586678763,0,1,3,1.0,0.0,0.0,0.0,0.0,0.0,0.0,0.0,0.0,0.0,0.0,0.0,1.0,0.0,1.0,0.0
1,1,3.3606204464693326,7.498585669707216,1,622.2472805014804,4,3,3,9.680014904214037,281.1272764442135,1,1,5,0.0,0.0,0.0,0.0,0.0,0.0,0.0,0.0,0.0,0.0,0.0,0.0,0.0,1.0,1.0,1.0
0,5,1.8330304486449958,9.924228985144499,3,2784.9771895854,0,1,2,2.2531015328655175,260.75889293828607,0,0,0,0.0,0.0,0.0,0.0,0.0,0.0,0.0,0.0,0.0,0.0,0.0,0.0,0.0,0.0,1.0,0.0
1,0,5.9861755186363945,5.469991596157956,2,2238.501949027152,4,3,2,11.539213050313707,228.68118207893613,0,1,5,0.0,0.0,0.0,0.0,0.0,0.0,0.0,0.0,0.0,0.0,0.0,0.0,1.0,0.0,1.0,0.0
4,5,6.5202331276753105,7.437866162795506,0,2982.305915733242,4,1,1,8.599277947467263,181.12423649823455,0,0,2,0.0,0.0,0.0,0.0,0.0,0.0,0.0,0.0,0.0,0.0,0.0,1.0,0.0,0.0,0.0,0.0
0,1,7.533654156089378,7.665762481375856,1,1778.4157162208246,2,1,3,6.68238097372266,64.33690163960699,1,1,1,0.0,0.0,0.0,0.0,0.0,0.0,0.0,0.0,0.0,0.0,0.0,1.0,0.0,0.0,1.0,0.0
4,2,4.0190133335433496,7.294643176146779,3,2714.543484069352,1,0,4,6.388176848012511,138.57760815981322,1,1,3,0.0,0.0,0.0,0.0,0.0,0.0,1.0,0.0,0.0,0.0,0.0,0.0,0.0,0.0,1.0,0.0
2,1,1.1103112167852447,9.214777347662775,0,1013.1971184484045,1,2,2,4.3496428307768475,10.435747424153586,1,1,5,1.0,0.0,0.0,0.0,0.0,0.0,0.0,0.0,0.0,0.0,0.0,0.0,0.0,1.0,1.0,0.0
0,4,6.69006583379488,7.630045191532698,3,3498.579664495523,3,1,3,0.252312721992054,212.82107213905107,0,0,0,0.0,0.0,0.0,0.0,0.0,0.0,0.0,0.0,0.0,0.0,0.0,0.0,0.0,0.0,1.0,0.0
1,2,9.988259432683444,7.04734013434774,3,1020.9409246073269,3,1,1,10.981485191039653,34.763780235961526,1,1,1,0.0,0.0,0.0,0.0,0.0,0.0,0.0,0.0,0.0,0.0,0.0,1.0,0.0,1.0,0.0,0.0
2,4,3.650944184109932,4.738090159967038,0,2989.401882976598,2,1,2,9.539248034106496,77.48647006405791,1,1,3,1.0,0.0,0.0,0.0,0.0,0.0,0.0,0.0,0.0,0.0,0.0,0.0,1.0,0.0,1.0,0.0
1,0,2.6554100722211778,8.219255195760553,2,1137.3145068881786,2,3,2,1.6182969887809682,73.51487749554396,1,0,4,0.0,0.0,0.0,0.0,0.0,0.0,0.0,0.0,0.0,0.0,0.0,0.0,0.0,0.0,1.0,0.0
0,2,3.5359026204371786,4.792644168968202,2,2847.5239537825037,4,2,3,1.4649552743130672,236.38459674725715,0,0,4,0.0,0.0,0.0,0.0,0.0,0.0,0.0,0.0,0.0,0.0,0.0,0.0,1.0,0.0,0.0,0.0
3,5,4.828739272993425,4.159419360185342,3,3083.757251082419,3,0,1,3.6972080621833867,120.19434303260913,1,0,5,1.0,0.0,0.0,0.0,0.0,0.0,0.0,0.0,0.0,0.0,0.0,0.0,1.0,0.0,0.0,0.0
3,5,3.258216360573082,6.931186978380773,3,3129.9227186293037,3,0,1,9.157672849189362,160.3622932793756,1,1,4,1.0,0.0,0.0,0.0,0.0,0.0,1.0,0.0,0.0,0.0,0.0,0.0,0.0,0.0,0.0,1.0
0,1,4.12264022830777,7.434671632886394,0,1927.1553407395293,1,0,1,6.037980362241292,62.5855668423389,1,0,4,0.0,0.0,0.0,0.0,0.0,0.0,0.0,0.0,0.0,0.0,0.0,0.0,0.0,0.0,0.0,0.0
1,2,6.743860647214263,9.99432436824328,1,1786.438919349878,0,0,2,7.850518600360735,100.23063422710615,0,1,0,0.0,0.0,0.0,0.0,0.0,0.0,0.0,0.0,0.0,0.0,0.0,1.0,0.0,0.0,0.0,0.0
1,2,4.105251881583532,8.273960766731719,3,3001.373390392209,2,2,1,0.0743313599639861,153.56968292206224,1,1,2,0.0,0.0,0.0,0.0,0.0,0.0,1.0,0.0,0.0,0.0,0.0,0.0,0.0,0.0,0.0,0.0
3,3,4.564530503052892,9.091541921365463,1,2238.4676688524423,1,0,0,11.084454578115913,58.26116685074517,0,0,4,1.0,0.0,0.0,0.0,0.0,0.0,0.0,0.0,0.0,0.0,0.0,0.0,0.0,0.0,0.0,0.0
3,3,1.3602813651933756,6.078328234184532,0,2363.8304944655847,1,0,2,1.9882297554533328,206.9437504309012,1,0,4,1.0,0.0,0.0,0.0,0.0,0.0,0.0,0.0,0.0,0.0,0.0,0.0,1.0,0.0,0.0,0.0
3,0,9.261482514605827,7.053488095479805,2,1208.2013636258644,2,0,4,3.8268153039421438,134.7802134865612,1,1,2,1.0,1.0,0.0,0.0,0.0,0.0,0.0,0.0,0.0,0.0,0.0,0.0,1.0,0.0,0.0,0.0
4,4,4.661973639233683,9.845613943971134,0,1838.47104260782,4,2,0,11.365806782311834,295.09512502375804,1,1,3,0.0,0.0,0.0,0.0,0.0,0.0,1.0,0.0,0.0,0.0,0.0,0.0,0.0,0.0,0.0,1.0
3,1,3.9532916443131487,6.5043313128566576,0,1608.346664200361,4,3,3,8.794722422882469,73.95911897248287,1,1,1,1.0,0.0,0.0,0.0,0.0,0.0,0.0,0.0,0.0,0.0,0.0,0.0,1.0,0.0,1.0,1.0
1,1,1.7783577662084604,8.843742548814303,3,2495.9646772641026,3,2,4,6.132800465477738,118.81788003554925,1,1,5,0.0,0.0,0.0,0.0,0.0,0.0,1.0,0.0,0.0,0.0,0.0,0.0,0.0,0.0,1.0,0.0
0,5,6.707648938556653,7.155934706466977,0,1089.449840057588,3,3,4,10.354992171640856,277.39886480564184,1,0,3,0.0,0.0,0.0,0.0,1.0,0.0,0.0,1.0,0.0,0.0,1.0,0.0,1.0,1.0,1.0,1.0
3,4,8.774424552373794,5.343771109180384,3,1717.2557801668659,2,2,4,0.7351476805892418,265.7992164866154,0,1,0,1.0,0.0,0.0,0.0,0.0,0.0,0.0,0.0,0.0,0.0,0.0,1.0,1.0,0.0,1.0,0.0
4,2,1.3703788004716029,7.4825118232652965,0,3046.196176994473,2,3,1,0.9155139953263975,145.25093919878623,1,0,3,0.0,0.0,0.0,0.0,0.0,0.0,1.0,0.0,0.0,0.0,0.0,0.0,1.0,0.0,0.0,0.0
4,5,2.3074522062943195,5.308372170221929,0,2139.337031265597,2,1,0,1.8619310260084725,37.078069016509005,0,0,1,0.0,0.0,0.0,0.0,0.0,0.0,0.0,0.0,0.0,0.0,0.0,0.0,1.0,0.0,0.0,0.0
1,2,2.317508459975866,4.018161939254447,2,3188.1319319744357,4,3,4,3.174852398037066,122.63441376965478,0,1,2,0.0,0.0,0.0,0.0,0.0,0.0,0.0,0.0,0.0,0.0,0.0,0.0,1.0,0.0,0.0,0.0
1,3,6.420473698130136,5.415376092840059,0,1197.582331870042,4,2,3,8.50835601540157,176.19918654079106,1,1,2,0.0,0.0,0.0,0.0,0.0,0.0,0.0,0.0,0.0,0.0,0.0,0.0,1.0,0.0,0.0,0.0
0,1,9.29107452446532,5.158862994130542,1,1819.7100097948085,2,0,1,6.38901154939316,76.26874129886085,1,1,5,0.0,0.0,0.0,0.0,0.0,0.0,0.0,0.0,0.0,0.0,0.0,1.0,1.0,0.0,0.0,0.0
0,1,4.939915303589586,6.225527063196602,1,2001.2486695853154,3,0,4,5.112534999778079,57.33986343575337,1,0,5,0.0,0.0,0.0,0.0,1.0,0.0,0.0,0.0,0.0,0.0,0.0,1.0,0.0,0.0,1.0,0.0
2,2,4.094258033744656,9.331581422855729,2,1701.702221918559,0,3,1,9.391061891208055,159.4312987604562,1,1,0,1.0,0.0,0.0,0.0,0.0,0.0,1.0,0.0,0.0,0.0,0.0,0.0,0.0,0.0,0.0,1.0
2,3,7.8925661703702215,6.327118441592055,1,2553.480687042591,2,1,3,3.8059271803409485,52.80719763339231,1,0,1,1.0,1.0,0.0,0.0,0.0,0.0,0.0,0.0,0.0,0.0,0.0,1.0,1.0,0.0,0.0,0.0
1,4,7.683121555800863,9.071125764945947,0,946.1594347804112,4,1,4,1.0254895067556555,262.3604213486273,1,0,2,0.0,0.0,0.0,0.0,0.0,0.0,0.0,0.0,0.0,0.0,0.0,0.0,0.0,0.0,0.0,0.0
1,2,3.2208052534948868,7.333678120789488,0,2058.201170515573,3,3,3,4.761196599805589,22.272261857325514,1,0,5,0.0,0.0,0.0,0.0,0.0,0.0,0.0,0.0,0.0,0.0,0.0,0.0,1.0,0.0,1.0,0.0
4,5,2.4474372607709745,4.045688225335402,0,916.3170514280276,2,3,3,9.196935282673275,296.22020264383184,0,0,1,0.0,0.0,0.0,0.0,0.0,0.0,0.0,1.0,0.0,0.0,0.0,0.0,1.0,0.0,1.0,1.0
2,3,4.220290291738207,5.132420277419291,0,2387.5924663626643,1,0,0,5.689028582058597,161.38290300383906,0,1,4,1.0,0.0,0.0,0.0,0.0,0.0,0.0,0.0,0.0,0.0,0.0,0.0,1.0,0.0,0.0,0.0
4,0,7.980430530039681,9.58766827124822,2,2990.744399823401,4,2,4,11.72577518996442,295.06869616146173,1,0,0,0.0,0.0,0.0,0.0,0.0,0.0,1.0,0.0,0.0,0.0,0.0,0.0,0.0,0.0,1.0,1.0
4,4,7.255570509234804,7.625040677186311,1,559.9911400806922,4,3,2,10.273527643003524,225.4548151799106,0,1,5,0.0,0.0,0.0,0.0,0.0,0.0,0.0,0.0,1.0,0.0,0.0,0.0,0.0,1.0,1.0,1.0
1,3,6.992683357205847,9.577281151433644,0,1870.8086651118033,1,1,3,9.49144630139095,45.869425525815124,1,1,2,0.0,0.0,0.0,0.0,0.0,0.0,1.0,0.0,0.0,0.0,0.0,1.0,0.0,0.0,1.0,0.0
1,2,8.464857041468836,5.860720121820718,1,1978.1107754308857,4,2,3,9.278167196860144,68.23125834074771,1,0,1,0.0,0.0,0.0,0.0,0.0,0.0,0.0,0.0,0.0,0.0,0.0,0.0,1.0,0.0,1.0,1.0
4,2,3.4941728110725436,8.299374269696457,2,2660.7626319594115,2,1,1,6.9734888340397685,32.08407115430767,0,1,4,0.0,0.0,0.0,0.0,0.0,0.0,0.0,0.0,0.0,0.0,0.0,0.0,0.0,0.0,1.0,0.0
3,1,4.057153529225591,8.632150959383559,1,724.1597959251073,1,2,3,10.813796425326341,218.72558766199802,1,0,3,1.0,0.0,0.0,0.0,0.0,0.0,0.0,0.0,0.0,0.0,0.0,0.0,0.0,1.0,0.0,0.0
1,3,1.3810550554825838,9.854197616417533,1,1718.062343810288,1,0,1,7.078465350602679,50.59754186152365,0,1,3,0.0,0.0,0.0,0.0,0.0,0.0,0.0,0.0,0.0,0.0,0.0,0.0,0.0,1.0,0.0,0.0
3,3,8.8187119822318,4.109058899013764,2,2856.4436935176677,2,2,1,4.470438081429476,214.37390846035913,0,0,5,1.0,0.0,0.0,0.0,0.0,0.0,0.0,0.0,0.0,0.0,0.0,1.0,1.0,0.0,1.0,0.0
2,2,6.241867614299602,9.713423290739478,2,2096.433684532623,2,1,4,2.350816480712617,257.849547188764,0,0,2,1.0,1.0,0.0,0.0,0.0,0.0,0.0,0.0,0.0,0.0,0.0,0.0,0.0,0.0,1.0,0.0
4,1,3.68310062695324,6.3495413056249905,2,2749.538564339784,3,2,3,9.757138956019578,123.51433317901748,1,1,3,0.0,0.0,0.0,0.0,0.0,0.0,1.0,0.0,0.0,0.0,0.0,0.0,0.0,0.0,0.0,0.0
1,2,1.62474878304429,9.027954434469201,1,1592.0293408149744,0,1,2,4.453647598716102,198.31125297031775,0,1,2,0.0,0.0,0.0,0.0,0.0,0.0,0.0,0.0,0.0,0.0,0.0,0.0,0.0,0.0,0.0,0.0
4,2,7.510685528462137,7.268277509326504,1,3260.2630456575653,2,3,0,9.490838812679767,268.55873452595733,1,0,1,0.0,0.0,0.0,0.0,0.0,0.0,1.0,0.0,0.0,0.0,0.0,1.0,0.0,0.0,1.0,1.0
4,2,7.73863767594155,7.3878972582001925,3,732.0357746585446,3,3,3,11.796033842487438,225.93768302759798,0,0,1,0.0,0.0,0.0,0.0,0.0,0.0,0.0,0.0,0.0,1.0,0.0,1.0,0.0,1.0,1.0,0.0
0,1,6.9956078690352035,6.156267329118701,3,773.4932174083925,4,1,3,4.784479182096916,39.22818586535144,1,1,3,0.0,0.0,0.0,0.0,1.0,0.0,0.0,0.0,0.0,0.0,0.0,0.0,0.0,1.0,0.0,0.0
0,3,2.8340287385205656,8.970835542269185,0,2085.4577147271393,1,0,0,4.0888952529615015,87.75367018128105,0,0,0,0.0,0.0,0.0,0.0,0.0,0.0,0.0,0.0,0.0,0.0,0.0,0.0,0.0,0.0,0.0,0.0
2,1,9.218944526577443,5.5840814250270006,3,1912.4715471069576,3,1,3,2.041113429662034,160.69128498928495,0,0,4,1.0,1.0,0.0,0.0,0.0,0.0,0.0,0.0,0.0,0.0,0.0,1.0,0.0,0.0,1.0,0.0
0,3,7.778422171187887,6.953448317071639,3,2415.402582394705,1,2,1,5.704219213653438,79.280740723567,0,0,3,0.0,0.0,0.0,0.0,0.0,0.0,0.0,0.0,0.0,0.0,0.0,0.0,0.0,0.0,0.0,0.0
1,0,6.919806912255733,7.3610469926048525,3,1187.1684042176541,3,3,3,7.84822154539521,151.77714103898202,0,0,3,0.0,0.0,0.0,0.0,0.0,0.0,0.0,0.0,0.0,0.0,0.0,0.0,0.0,0.0,1.0,0.0
2,2,6.858495310796088,8.455126560564931,1,1178.0848729306267,1,2,4,3.7534408455697967,285.8492258826413,1,1,4,1.0,0.0,0.0,0.0,0.0,0.0,0.0,0.0,0.0,0.0,0.0,1.0,0.0,1.0,1.0,0.0
4,4,9.13921930082477,6.8298120222492225,2,2747.328703309111,3,2,3,5.827987307632363,135.95011983868613,1,0,2,0.0,0.0,0.0,0.0,0.0,0.0,1.0,0.0,0.0,0.0,0.0,1.0,0.0,0.0,1.0,0.0
4,4,9.354764197874115,8.081697393036963,0,1375.2956021140194,2,0,4,6.4448735820185385,78.50095473968669,0,0,4,0.0,0.0,0.0,0.0,0.0,0.0,0.0,0.0,0.0,1.0,0.0,1.0,0.0,0.0,1.0,0.0
0,4,6.360736762092159,6.911764578087852,0,2681.8752054800066,1,3,0,3.302848097190842,43.9736036337023,0,1,4,0.0,0.0,0.0,0.0,0.0,0.0,0.0,0.0,0.0,0.0,0.0,0.0,0.0,0.0,1.0,0.0
4,4,4.750024698662935,7.955923821751568,2,2422.120955238739,2,1,1,0.28213728768671587,270.32925090794697,1,0,1,0.0,0.0,0.0,0.0,0.0,0.0,1.0,0.0,0.0,0.0,0.0,0.0,0.0,0.0,0.0,0.0
0,0,4.273605816034745,8.044860857248889,0,749.9814599875208,3,1,0,2.587487010410906,68.93795673038493,1,0,1,0.0,0.0,0.0,0.0,1.0,0.0,0.0,0.0,0.0,0.0,0.0,0.0,0.0,1.0,0.0,0.0
3,2,8.371709569726502,8.256649363175462,0,2633.388919208222,3,1,0,9.63779563574864,58.086029525735526,1,1,2,1.0,1.0,0.0,0.0,0.0,0.0,0.0,0.0,0.0,0.0,0.0,0.0,0.0,0.0,0.0,0.0
4,3,6.801448058509002,8.939798763161956,1,3138.546123817777,3,0,1,3.336748117583673,165.34118459118446,1,0,0,0.0,0.0,0.0,0.0,0.0,0.0,1.0,0.0,0.0,0.0,0.0,0.0,0.0,0.0,0.0,0.0
4,4,1.6953942722828828,7.244335365759504,1,2949.9387720428667,3,1,0,0.16586319279871153,138.5133155674037,1,1,3,0.0,0.0,0.0,0.0,0.0,0.0,1.0,0.0,0.0,0.0,0.0,0.0,0.0,0.0,0.0,0.0
1,3,2.2796741171352446,5.15966898321936,0,526.5855976693254,4,1,1,5.099383880222404,115.69946742363926,0,1,5,0.0,0.0,0.0,0.0,0.0,0.0,0.0,0.0,0.0,0.0,0.0,0.0,1.0,1.0,0.0,0.0
4,5,9.101673055943618,8.077845049714332,3,2119.1417184158713,2,0,0,8.189654895463724,173.5955047894393,0,0,4,0.0,0.0,0.0,0.0,0.0,0.0,0.0,0.0,0.0,0.0,0.0,1.0,0.0,0.0,0.0,1.0
0,1,8.960483332940509,4.462708500952971,2,3240.0116353202648,2,0,0,9.028913275663362,170.82176600540268,1,1,4,0.0,0.0,0.0,0.0,0.0,0.0,0.0,0.0,0.0,0.0,0.0,1.0,1.0,0.0,0.0,0.0
2,0,9.56649203827722,5.313730134767104,3,2296.1770225974988,2,0,4,4.96678008022352,20.520755449802085,1,0,1,1.0,0.0,0.0,0.0,0.0,0.0,0.0,0.0,0.0,0.0,0.0,1.0,0.0,0.0,0.0,0.0
2,0,4.850658705954913,8.752945171988795,3,1370.9782119593046,2,3,3,6.8623006978407295,124.47559864514271,0,1,4,1.0,0.0,0.0,0.0,0.0,0.0,0.0,0.0,0.0,0.0,0.0,0.0,0.0,0.0,1.0,0.0
1,3,8.056548168766364,6.610420865980396,2,1083.633925999392,0,1,2,8.94609901833488,216.29598481432868,0,1,0,0.0,0.0,0.0,0.0,0.0,0.0,0.0,0.0,0.0,0.0,0.0,1.0,0.0,0.0,1.0,1.0
0,3,8.454025245828895,6.988265005907302,1,2554.842588064886,4,3,2,10.670898028207784,114.5037440751044,1,0,2,0.0,0.0,0.0,0.0,0.0,0.0,0.0,0.0,0.0,0.0,0.0,1.0,1.0,0.0,0.0,1.0
3,1,3.8412721525437377,9.924381510901181,3,2813.761804138619,2,3,1,7.67879083071102,299.29780428973106,0,0,5,1.0,0.0,0.0,0.0,0.0,0.0,0.0,0.0,0.0,0.0,0.0,0.0,0.0,0.0,1.0,1.0
1,4,2.30803940104428,5.4110349150935075,2,3237.754294752201,2,1,2,8.290353213803645,70.61551829127228,1,1,4,0.0,0.0,0.0,0.0,0.0,0.0,0.0,0.0,0.0,0.0,0.0,0.0,1.0,0.0,0.0,0.0
3,4,9.973237254752556,4.117316497215607,1,3217.1497505993157,4,3,3,1.1841015339455088,148.9092858704094,0,0,0,1.0,1.0,0.0,0.0,0.0,0.0,0.0,0.0,0.0,0.0,0.0,1.0,1.0,0.0,1.0,0.0
2,2,1.271972833762149,4.668235657107065,1,1517.840498347148,2,0,2,5.045403452213166,202.17878415671373,1,0,3,1.0,0.0,0.0,0.0,0.0,0.0,0.0,0.0,0.0,0.0,0.0,0.0,1.0,0.0,0.0,0.0
1,1,6.376023268402987,5.467011157964977,0,2311.630794517352,2,0,3,10.66750619827101,164.35880564035529,1,1,5,0.0,0.0,0.0,0.0,0.0,0.0,0.0,0.0,0.0,0.0,0.0,1.0,1.0,0.0,0.0,0.0
4,4,6.85191046763538,8.355520146378815,3,804.5575575769813,2,3,2,1.9286406713389388,11.721936577767822,1,0,2,0.0,0.0,0.0,0.0,1.0,0.0,1.0,1.0,0.0,0.0,0.0,0.0,0.0,1.0,1.0,0.0
0,4,7.136104077726835,8.654932191908571,3,783.3876504913924,4,2,1,3.7195130536165117,154.0998560993896,0,1,3,0.0,0.0,0.0,0.0,1.0,0.0,0.0,0.0,0.0,0.0,0.0,0.0,0.0,1.0,1.0,0.0
3,1,3.300649695721807,7.392933724084683,2,714.4057004016397,1,2,4,8.13556277290962,289.92815074900204,1,0,2,1.0,0.0,0.0,0.0,0.0,0.0,0.0,0.0,0.0,0.0,0.0,0.0,0.0,1.0,1.0,1.0
3,1,7.494213198689657,5.530278392188968,0,3281.432738263736,0,3,4,10.82488756778945,121.99916494960176,0,0,2,1.0,1.0,0.0,0.0,0.0,0.0,0.0,0.0,0.0,0.0,0.0,0.0,1.0,0.0,1.0,1.0
1,2,2.94759606953139,7.1304513671609415,3,957.2972786824806,0,0,1,0.7084843996567187,34.85366361587643,0,0,3,0.0,0.0,0.0,0.0,0.0,0.0,0.0,0.0,0.0,0.0,0.0,0.0,0.0,0.0,0.0,0.0
1,3,8.461344301765141,4.089745335603605,0,1946.9785954658857,3,0,2,10.445903716985775,6.377521999511993,1,1,1,0.0,0.0,0.0,0.0,0.0,0.0,1.0,0.0,0.0,0.0,0.0,1.0,1.0,0.0,0.0,1.0
0,0,2.9720500667617107,8.090805656450778,0,1799.2170943832218,0,3,3,2.643872566594574,123.67944571772419,1,0,5,0.0,0.0,0.0,0.0,1.0,0.0,0.0,0.0,0.0,0.0,0.0,0.0,1.0,0.0,1.0,0.0
4,5,7.270354261684697,7.685785332455007,0,1474.3133288799634,3,0,1,10.330269730801538,55.589045584551464,1,1,5,0.0,0.0,0.0,0.0,0.0,0.0,1.0,0.0,0.0,0.0,1.0,0.0,1.0,1.0,0.0,0.0
4,2,8.050721372505784,4.1307792362892615,1,2113.191957054309,4,1,3,10.670826779479595,250.4096239964093,1,1,0,0.0,0.0,0.0,0.0,0.0,0.0,1.0,0.0,0.0,1.0,0.0,0.0,1.0,0.0,1.0,0.0
1,2,2.700511754159699,8.902069801796774,1,508.3726714207658,3,0,4,9.3057891040868,285.6772420859358,1,0,1,0.0,0.0,0.0,0.0,0.0,0.0,0.0,0.0,0.0,0.0,0.0,0.0,0.0,1.0,0.0,1.0
0,0,3.141878388693425,8.58055921097273,3,1640.4480149587923,0,1,1,11.085798595226507,282.15902180160975,1,0,3,0.0,0.0,0.0,0.0,1.0,0.0,0.0,0.0,0.0,0.0,0.0,0.0,0.0,0.0,0.0,1.0
0,5,8.011933648609302,5.8493424734098785,1,1938.032181408962,3,0,0,11.533897067108933,112.35886024051479,0,1,2,0.0,0.0,0.0,0.0,1.0,0.0,0.0,0.0,0.0,0.0,0.0,1.0,1.0,0.0,0.0,1.0
0,1,1.7739907447145757,7.812259903793835,3,2909.9131586159015,2,1,4,11.102233232976046,136.42711824206688,1,0,4,0.0,0.0,0.0,0.0,0.0,0.0,0.0,0.0,0.0,0.0,0.0,0.0,0.0,0.0,1.0,1.0
4,5,2.7168485721999773,7.608957780789839,1,2602.890287904936,0,3,4,6.157548843492188,94.52391841458319,1,1,0,0.0,0.0,0.0,0.0,0.0,0.0,1.0,1.0,0.0,0.0,0.0,0.0,1.0,0.0,1.0,0.0
4,2,5.099778155709237,4.859081675361222,2,3049.285412053872,0,1,4,5.564121157889894,38.71573697711077,1,1,4,0.0,0.0,0.0,0.0,0.0,0.0,1.0,0.0,0.0,0.0,0.0,0.0,1.0,0.0,1.0,0.0
0,5,9.371637358702936,5.159555806686195,2,1628.8947057953635,3,3,3,1.2624751197663455,167.71164069987833,0,0,0,0.0,0.0,0.0,0.0,1.0,0.0,0.0,0.0,0.0,0.0,0.0,1.0,1.0,0.0,1.0,0.0
3,1,6.056900514037094,8.099236817368777,3,922.7165833921656,2,3,0,2.593091627553604,55.861575757880054,0,0,1,1.0,0.0,0.0,0.0,0.0,0.0,0.0,0.0,0.0,0.0,0.0,0.0,0.0,1.0,0.0,0.0
0,0,4.489100633874029,9.60130987762005,3,1703.1693917991593,2,2,4,7.828384629554904,17.822459264085577,0,0,4,0.0,0.0,0.0,0.0,0.0,0.0,0.0,0.0,0.0,0.0,0.0,0.0,0.0,0.0,1.0,0.0
1,4,9.80533200000229,7.457705924192519,3,3389.1789017750225,3,2,0,1.5281018717526451,254.82999774438073,1,1,2,0.0,0.0,0.0,0.0,0.0,0.0,1.0,0.0,0.0,0.0,0.0,1.0,0.0,0.0,0.0,0.0
2,4,5.173401755991597,7.406878873357269,3,1142.9827821718056,2,1,0,11.308566354383155,239.55479762558858,0,0,1,1.0,0.0,0.0,0.0,0.0,0.0,0.0,0.0,0.0,0.0,0.0,0.0,0.0,0.0,0.0,1.0
3,3,4.903614763187338,7.880090168223031,0,1024.2660889221897,4,2,3,2.724551944142637,277.88472674272964,0,0,5,1.0,0.0,0.0,0.0,0.0,0.0,0.0,0.0,0.0,0.0,0.0,0.0,0.0,1.0,0.0,0.0
4,0,4.704798851989512,6.643469801068773,0,3333.011828477227,0,3,1,1.0551718764512965,98.22173022865832,0,1,3,0.0,0.0,0.0,0.0,0.0,0.0,1.0,0.0,0.0,0.0,0.0,0.0,0.0,0.0,1.0,0.0
0,5,3.8096206534611663,4.3250322610080625,1,3349.7692544306383,1,3,4,2.822943738527484,261.2161636072123,1,1,1,0.0,0.0,0.0,0.0,0.0,0.0,0.0,0.0,0.0,0.0,0.0,0.0,1.0,0.0,1.0,0.0
0,2,3.9312532876382593,6.379023080348183,0,947.7105632897469,0,0,4,0.5869390742049223,119.53557900718202,0,1,4,0.0,0.0,0.0,0.0,1.0,0.0,0.0,0.0,0.0,0.0,0.0,0.0,1.0,1.0,1.0,0.0
1,5,7.190533539365482,9.401513260707338,1,2808.358584653597,2,2,4,1.9930755024048525,21.833828295584134,1,1,0,0.0,0.0,0.0,0.0,0.0,0.0,0.0,0.0,0.0,0.0,0.0,1.0,0.0,0.0,1.0,0.0
1,5,1.3675203760769303,8.82968080234929,2,1789.2275125573112,4,0,4,7.052208762880022,137.3523314611891,1,1,2,0.0,0.0,0.0,0.0,0.0,0.0,0.0,0.0,0.0,0.0,0.0,0.0,0.0,0.0,0.0,0.0
4,5,7.13635053081687,9.564541411462393,1,1976.647148014765,2,1,2,3.469961263130083,166.13584591246578,1,0,1,0.0,0.0,0.0,0.0,0.0,0.0,1.0,0.0,0.0,0.0,0.0,0.0,0.0,0.0,0.0,0.0
3,4,2.8108404831328553,4.916989510794464,0,1996.0644393744385,1,0,4,9.613925105857756,129.6277556578884,0,0,3,1.0,0.0,0.0,0.0,0.0,0.0,0.0,0.0,0.0,0.0,0.0,0.0,1.0,0.0,1.0,0.0
1,4,4.457872028840436,7.035746542232977,3,3405.114683355031,0,2,4,4.856804821508893,235.63075988408275,1,1,1,0.0,0.0,0.0,0.0,0.0,0.0,0.0,0.0,0.0,0.0,0.0,0.0,0.0,0.0,1.0,0.0
4,3,2.318850753042988,7.508368928877662,1,1053.9833427502658,1,3,1,8.567575322498515,105.54833290813012,0,1,1,0.0,0.0,0.0,0.0,0.0,0.0,1.0,0.0,0.0,0.0,0.0,0.0,0.0,1.0,1.0,0.0
2,0,5.974759396652228,5.259553059957847,3,2819.1912057584545,1,3,2,8.49952665274489,276.3183050304548,0,0,1,1.0,0.0,0.0,0.0,0.0,0.0,0.0,0.0,0.0,0.0,0.0,0.0,1.0,0.0,1.0,0.0
2,2,7.564154004569256,5.205821435613821,2,517.022325078825,0,2,3,1.6293388921018055,22.249011896393945,0,1,4,1.0,0.0,0.0,0.0,0.0,0.0,0.0,0.0,0.0,0.0,0.0,1.0,1.0,1.0,1.0,0.0
2,4,4.191900184507282,8.692197595856815,2,2385.830320726417,0,2,4,0.6789766063789302,216.12220154581937,0,0,5,1.0,0.0,0.0,0.0,0.0,0.0,0.0,0.0,0.0,0.0,0.0,0.0,0.0,0.0,1.0,0.0
0,4,2.4707491978623666,8.03111150231324,3,2458.0339300971787,3,2,1,10.103927879752105,278.6933937997054,0,0,1,0.0,0.0,0.0,0.0,0.0,0.0,0.0,0.0,0.0,0.0,0.0,0.0,0.0,0.0,0.0,1.0
4,3,3.03855023738058,7.883125220890961,1,2761.1186283520633,3,0,1,8.410212027534001,165.94866246617406,0,1,0,0.0,0.0,0.0,0.0,0.0,0.0,1.0,0.0,0.0,0.0,0.0,0.0,1.0,0.0,0.0,0.0
0,4,8.363016266730153,5.60192474789809,0,3277.887088418376,3,2,1,2.099770910351075,263.6034890893509,1,1,3,0.0,0.0,0.0,0.0,0.0,0.0,0.0,0.0,0.0,0.0,0.0,1.0,1.0,0.0,0.0,0.0
0,0,3.408838615538672,7.040616545483241,3,2761.5053169669177,0,2,3,8.159902761382424,207.54935595742364,1,0,3,0.0,0.0,0.0,0.0,0.0,0.0,0.0,0.0,0.0,0.0,0.0,0.0,0.0,0.0,1.0,0.0
1,2,7.972323337101044,4.138419720935967,2,2696.4319575185264,4,0,2,3.9536157561209535,4.358800435561672,0,0,5,0.0,0.0,0.0,0.0,0.0,0.0,0.0,0.0,0.0,0.0,0.0,0.0,1.0,0.0,0.0,0.0
1,3,3.9807946612558998,4.7796763156025674,1,1261.3625489629248,2,2,1,0.6810490030357168,201.37339332419657,0,0,4,0.0,0.0,0.0,0.0,0.0,0.0,0.0,0.0,0.0,0.0,0.0,0.0,1.0,1.0,0.0,0.0
0,5,2.698592989086663,7.109505176564747,2,3478.5191275144384,2,1,3,2.745152731169381,196.9684978579303,1,1,4,0.0,0.0,0.0,0.0,0.0,0.0,0.0,0.0,0.0,0.0,0.0,0.0,1.0,0.0,1.0,0.0
0,1,7.5457770366468795,5.858033653791477,1,1905.2264327717776,4,2,3,9.069658230688233,0.008239450097902168,0,1,0,0.0,0.0,0.0,0.0,0.0,0.0,0.0,0.0,0.0,0.0,0.0,1.0,1.0,0.0,1.0,0.0
3,1,5.216905265276861,9.7940185413791,3,1752.3503068376692,1,3,2,4.688726979471729,122.74821831186455,0,1,0,1.0,0.0,0.0,0.0,0.0,0.0,0.0,0.0,0.0,0.0,0.0,0.0,0.0,0.0,0.0,0.0
4,2,1.2814952614732578,6.828908339602064,2,2005.6327198312804,2,1,3,6.538344234449356,11.639825118572244,0,0,1,0.0,0.0,0.0,0.0,0.0,0.0,0.0,0.0,0.0,0.0,0.0,0.0,0.0,0.0,0.0,0.0
0,1,9.639481774099588,4.501384938141104,1,1682.1693672610502,0,3,1,1.6385061512415908,87.89963924921366,0,1,2,0.0,0.0,0.0,0.0,0.0,0.0,0.0,0.0,0.0,0.0,0.0,1.0,1.0,0.0,1.0,0.0
1,3,2.3297810056489667,4.1070540835318745,2,2280.9127136778634,2,1,0,1.1119254424346892,295.97474368180747,1,0,4,0.0,0.0,0.0,0.0,0.0,0.0,0.0,0.0,0.0,0.0,0.0,0.0,1.0,0.0,0.0,0.0
2,3,4.180662788077822,8.351547243086028,3,1548.8737693550793,1,2,4,2.871026866097309,282.085254963262,0,1,5,1.0,0.0,0.0,0.0,0.0,0.0,0.0,0.0,0.0,0.0,0.0,0.0,0.0,0.0,1.0,0.0
4,4,4.463151714961366,5.029040428301883,1,1219.8345468337877,0,0,3,5.670451785410579,205.45778155276722,0,1,4,0.0,0.0,0.0,0.0,0.0,0.0,0.0,0.0,0.0,0.0,0.0,0.0,1.0,1.0,0.0,0.0
3,5,5.404869093325719,5.126874214030354,3,3283.9847053872186,3,0,4,10.163894060324779,110.055625959495,0,0,5,1.0,0.0,0.0,0.0,0.0,0.0,0.0,0.0,0.0,0.0,0.0,0.0,1.0,0.0,0.0,0.0
3,0,8.068996201007536,6.542843335844026,0,3283.485439912436,0,1,4,9.160699396551495,118.935578996506,0,1,2,1.0,0.0,0.0,0.0,0.0,0.0,0.0,0.0,0.0,0.0,0.0,0.0,1.0,0.0,1.0,0.0
2,1,1.0548125170761409,5.584363534920788,0,1988.7362383420661,4,3,1,1.9207729358824945,11.464406196178823,1,1,3,1.0,0.0,0.0,0.0,0.0,0.0,0.0,0.0,0.0,0.0,0.0,0.0,1.0,0.0,1.0,0.0
2,1,9.392248462024671,7.699462478477137,3,3386.4420318329103,1,1,2,0.857659295419031,101.48547545578185,0,1,0,1.0,0.0,0.0,0.0,0.0,0.0,0.0,0.0,0.0,0.0,0.0,1.0,0.0,0.0,1.0,0.0
0,1,6.8139051418271,6.914155043342583,2,1747.1514795330722,0,1,4,2.70609294522883,235.31535941737496,0,0,0,0.0,0.0,0.0,0.0,1.0,0.0,0.0,0.0,0.0,0.0,0.0,0.0,1.0,0.0,0.0,0.0
4,4,9.55583991234042,4.66870360886338,0,1662.1366053998556,2,3,0,10.227941816456529,155.80588610235907,0,0,4,0.0,0.0,0.0,0.0,0.0,0.0,0.0,0.0,0.0,0.0,0.0,1.0,1.0,1.0,1.0,1.0
4,0,8.356505836748372,8.70844508745669,2,3250.7184071425236,1,1,4,6.1901699216660475,143.00333281766422,1,1,2,0.0,0.0,0.0,0.0,0.0,0.0,1.0,0.0,0.0,0.0,0.0,1.0,0.0,0.0,0.0,0.0
0,0,9.350543962748953,6.5551531264854885,1,2398.7510090695214,3,3,0,9.682830975710552,27.329376197168067,1,0,4,0.0,0.0,0.0,0.0,0.0,0.0,0.0,0.0,0.0,0.0,0.0,1.0,1.0,0.0,0.0,0.0
3,5,6.409004958421103,7.665005917535804,1,2787.552109990647,3,0,1,4.434986411234297,275.70014314181503,1,1,5,1.0,0.0,0.0,0.0,0.0,0.0,0.0,0.0,0.0,0.0,0.0,0.0,0.0,0.0,0.0,0.0
0,5,4.215780845894574,4.02365399519609,1,1738.2314946920637,2,0,2,7.085317135495687,84.92196582136073,1,0,3,0.0,0.0,0.0,0.0,0.0,0.0,0.0,0.0,0.0,0.0,0.0,0.0,1.0,0.0,0.0,0.0
3,1,4.986226568022433,7.7584002006192225,1,1721.0049934280455,2,0,3,7.136794114942369,114.87084295775897,0,0,0,1.0,0.0,0.0,0.0,0.0,0.0,0.0,0.0,0.0,0.0,0.0,0.0,0.0,0.0,0.0,0.0
4,1,6.922290793457016,5.697099142185607,3,749.9111146343014,3,0,1,7.520737141374667,99.21295580867951,0,0,3,0.0,0.0,0.0,0.0,1.0,0.0,0.0,0.0,0.0,0.0,0.0,0.0,1.0,1.0,0.0,0.0
0,3,4.8423867378970264,6.966224459259961,1,3400.2316538413197,3,2,4,5.641815295636039,98.62023075150283,1,1,4,0.0,0.0,0.0,0.0,0.0,0.0,0.0,0.0,0.0,0.0,0.0,1.0,0.0,0.0,1.0,0.0
2,3,7.5850550512101025,5.786323622927738,1,1183.876900526318,0,0,3,2.8708752149120995,179.797186425318,1,1,1,1.0,1.0,0.0,0.0,0.0,0.0,1.0,0.0,0.0,0.0,0.0,0.0,1.0,1.0,1.0,0.0
0,5,1.826632144720266,9.977564467853457,3,1982.801190901793,2,2,3,5.141818189127697,188.10970297613653,0,0,2,0.0,0.0,0.0,0.0,0.0,0.0,0.0,0.0,0.0,0.0,0.0,0.0,0.0,0.0,1.0,0.0
2,2,8.469879840864,5.385053888269741,2,843.8308155382116,3,2,3,11.697101477334957,179.56863166944683,1,0,3,1.0,0.0,0.0,0.0,0.0,0.0,0.0,0.0,0.0,0.0,0.0,1.0,1.0,1.0,0.0,1.0
4,0,2.8376977567780375,9.477157608935538,0,2440.860840063099,1,0,0,3.2653470163258613,20.54943810902252,1,1,4,0.0,0.0,0.0,0.0,0.0,0.0,1.0,0.0,0.0,0.0,0.0,0.0,0.0,0.0,0.0,0.0
0,2,9.495528485722502,9.507799790979501,2,1672.6263507433011,4,0,4,8.697939994219972,290.8612447323088,0,1,1,0.0,0.0,0.0,0.0,0.0,0.0,0.0,0.0,0.0,0.0,0.0,1.0,0.0,0.0,0.0,1.0
1,3,2.3999121994354113,6.526003917606206,2,2802.985622277283,2,0,3,11.336749840056024,214.19630881971563,0,0,0,0.0,0.0,0.0,0.0,0.0,0.0,0.0,0.0,0.0,0.0,0.0,0.0,1.0,0.0,1.0,0.0
4,3,2.1624777649215803,5.824018693140138,2,2085.1359634638948,1,0,0,6.795068085753434,264.81860507276167,1,1,3,0.0,0.0,0.0,0.0,0.0,0.0,1.0,0.0,0.0,0.0,0.0,0.0,1.0,0.0,0.0,0.0
1,3,8.306884995286536,6.286213281392747,0,888.4379455548132,1,2,3,5.872031814009438,47.90079769310456,1,0,0,0.0,0.0,0.0,0.0,0.0,0.0,0.0,0.0,0.0,0.0,0.0,0.0,0.0,1.0,1.0,0.0
0,5,8.368316449327128,9.936034524350788,1,532.221525784838,3,3,0,1.4500535371471917,279.6324210491386,0,0,2,0.0,0.0,0.0,0.0,1.0,0.0,0.0,1.0,1.0,0.0,0.0,0.0,0.0,1.0,0.0,0.0
2,4,7.648834778931225,7.712777364025636,2,1137.3460469009133,3,1,3,9.039206274578225,216.50419995919188,0,0,1,1.0,1.0,0.0,0.0,0.0,0.0,0.0,0.0,0.0,0.0,0.0,1.0,0.0,1.0,0.0,0.0
2,1,9.644774175142341,7.268681426923831,2,2673.039484461367,1,2,2,10.937892168636921,150.21472094089236,1,1,2,1.0,1.0,0.0,0.0,0.0,0.0,0.0,0.0,0.0,0.0,0.0,1.0,0.0,0.0,1.0,1.0
3,2,3.4348566581687443,4.215507288036564,2,2985.5423828025905,0,1,0,11.768217784590707,6.939753714196517,1,0,5,1.0,0.0,0.0,0.0,0.0,0.0,0.0,0.0,0.0,0.0,0.0,0.0,1.0,0.0,1.0,1.0
1,4,8.439838650912588,9.087058182382155,3,1524.0051069788433,0,0,1,2.419890013053042,75.95573102310155,1,1,5,0.0,0.0,0.0,0.0,0.0,0.0,0.0,0.0,0.0,0.0,0.0,1.0,0.0,0.0,0.0,0.0
4,2,4.168364770390788,4.502832734843194,2,2107.7752136985637,2,0,0,11.040664956175451,251.6224105083727,0,1,4,0.0,0.0,0.0,0.0,0.0,0.0,1.0,0.0,0.0,0.0,0.0,0.0,1.0,0.0,0.0,0.0
2,2,5.8365876301240665,4.281834202206288,1,1220.039871375668,4,1,4,4.443215452503936,113.75450990101757,1,1,2,1.0,0.0,0.0,0.0,0.0,0.0,0.0,0.0,0.0,0.0,0.0,0.0,1.0,0.0,0.0,0.0
1,1,5.010400267311958,5.649148516707952,2,3141.3297227598823,4,3,4,7.429830160037277,203.4830182145738,1,0,3,0.0,0.0,0.0,0.0,0.0,0.0,0.0,0.0,0.0,0.0,0.0,0.0,1.0,0.0,1.0,0.0
4,1,1.052650204062465,6.854731630345109,1,3395.6214377275455,2,0,4,2.6838076346800057,219.2379089924419,0,0,0,0.0,0.0,0.0,0.0,0.0,0.0,0.0,0.0,0.0,0.0,0.0,0.0,1.0,0.0,0.0,0.0
4,4,6.170159741852419,9.371733760026403,1,2758.82007118082,2,3,2,2.9806772550963876,232.6949123776375,1,0,5,0.0,0.0,0.0,0.0,0.0,0.0,1.0,0.0,0.0,0.0,0.0,1.0,0.0,0.0,1.0,0.0
2,5,7.727552989875577,8.740472794497032,2,766.6601617754934,2,2,1,7.427497899119759,114.70568489008217,0,1,5,1.0,0.0,0.0,0.0,0.0,0.0,0.0,1.0,0.0,0.0,0.0,0.0,0.0,1.0,0.0,0.0
0,4,2.5709714521774414,5.185792867035058,1,1811.3557418567568,1,1,4,5.817994564297939,272.9500134651106,0,1,2,0.0,0.0,0.0,0.0,0.0,0.0,0.0,0.0,0.0,0.0,0.0,0.0,1.0,0.0,1.0,0.0
2,1,9.384902757037336,6.2324771705636595,2,3471.51704524993,2,2,1,11.572779980267853,87.65998772542508,0,0,0,1.0,1.0,0.0,0.0,0.0,1.0,0.0,0.0,0.0,0.0,0.0,1.0,0.0,0.0,1.0,0.0
2,0,5.773595854766534,8.681441587713296,2,1188.1544879397943,4,2,2,3.1735670496603414,250.8193794965837,1,0,5,1.0,0.0,0.0,0.0,0.0,0.0,0.0,0.0,0.0,0.0,0.0,1.0,0.0,0.0,0.0,0.0
0,0,2.6042140283598414,7.162554684814584,3,2511.415010526436,3,2,0,10.536439941673452,127.41992112135434,0,0,0,0.0,0.0,0.0,0.0,0.0,0.0,0.0,0.0,0.0,0.0,0.0,0.0,0.0,0.0,0.0,0.0
3,2,6.813528138251967,5.046951652144475,0,3315.6904442829696,1,3,4,5.525696054298293,70.2686558779937,1,0,0,1.0,0.0,0.0,0.0,0.0,0.0,0.0,0.0,0.0,0.0,0.0,0.0,1.0,0.0,1.0,0.0
4,3,2.727304376638096,6.3763312160700005,1,2819.610164790162,0,2,0,1.6146487875644437,103.03480545376982,0,1,0,0.0,0.0,0.0,0.0,0.0,0.0,0.0,0.0,0.0,0.0,0.0,0.0,1.0,0.0,0.0,0.0
0,5,1.5718001346580277,7.755614827058241,3,2326.5804669928366,3,0,0,2.8695205889308366,239.86903164187115,1,1,1,0.0,0.0,0.0,0.0,0.0,0.0,0.0,0.0,0.0,0.0,0.0,0.0,0.0,0.0,0.0,0.0
3,5,7.16783718177318,9.839354048853007,1,2020.1154766866878,4,1,4,9.068395411315816,184.46117023262417,1,0,5,1.0,0.0,0.0,0.0,0.0,0.0,0.0,0.0,0.0,0.0,0.0,0.0,0.0,0.0,1.0,0.0
0,0,1.9962539497494505,7.970872329138454,2,3286.4430870110996,0,3,4,9.919604985172427,41.003612759317086,0,1,2,0.0,0.0,0.0,0.0,0.0,0.0,0.0,0.0,0.0,0.0,0.0,0.0,0.0,0.0,1.0,1.0
3,4,1.9559570353879179,4.097170973388382,2,1684.200101323086,1,0,4,0.4747600724160699,37.1901779204585,1,0,1,1.0,0.0,0.0,0.0,0.0,0.0,0.0,0.0,0.0,0.0,0.0,0.0,1.0,0.0,1.0,0.0
2,1,7.65949206863632,8.230049659795169,3,3203.806999653659,4,1,4,4.920355638723514,206.16024204168113,1,0,5,1.0,0.0,0.0,0.0,0.0,0.0,0.0,0.0,0.0,0.0,0.0,1.0,0.0,0.0,0.0,0.0
0,1,1.4968200988726403,5.505188844743383,0,1793.1587870227122,1,2,0,5.930071805570737,71.84768209863843,1,1,2,0.0,0.0,0.0,0.0,0.0,0.0,1.0,0.0,0.0,0.0,0.0,0.0,1.0,0.0,1.0,0.0
4,3,8.287922611431592,9.17295348528289,1,2769.635071276484,0,2,1,7.3804002678873575,62.597845475281034,1,0,4,0.0,0.0,0.0,0.0,0.0,0.0,1.0,0.0,0.0,0.0,0.0,1.0,0.0,0.0,0.0,0.0
0,0,8.16533882783045,6.303339449356831,1,3247.14169780243,1,3,3,7.8074056980013635,224.85053007683217,1,1,3,0.0,0.0,0.0,0.0,0.0,0.0,0.0,0.0,0.0,0.0,0.0,1.0,1.0,0.0,1.0,1.0
2,2,2.272540852699894,5.197690226525801,2,2151.928725884659,1,2,1,9.966704830339108,96.79610186877112,0,1,0,1.0,0.0,0.0,0.0,0.0,0.0,0.0,0.0,0.0,0.0,0.0,0.0,0.0,0.0,0.0,1.0
0,3,5.6654258254927194,6.807683119061407,3,1429.639545002774,2,0,3,3.280674766006326,20.49157797843516,1,1,4,0.0,0.0,0.0,0.0,0.0,0.0,0.0,0.0,0.0,0.0,0.0,0.0,0.0,0.0,0.0,0.0
4,1,1.8696294187204812,5.531187845890033,0,652.9601589760229,4,0,4,1.343137587172639,127.45046147509676,1,1,5,0.0,0.0,0.0,0.0,1.0,0.0,1.0,0.0,0.0,0.0,0.0,0.0,1.0,1.0,0.0,0.0
3,3,6.693140978073885,5.414928930987103,0,2927.7798905143254,4,2,4,2.237841283689788,170.75361127340335,0,0,5,1.0,0.0,0.0,0.0,0.0,0.0,0.0,0.0,0.0,0.0,0.0,1.0,1.0,0.0,1.0,0.0
4,2,1.566370116734919,7.439570804640958,3,2366.029762080251,2,3,3,11.242154773991215,180.4467591018448,1,1,4,0.0,0.0,0.0,0.0,0.0,0.0,1.0,0.0,0.0,0.0,0.0,0.0,0.0,0.0,1.0,1.0
2,4,9.500327706904725,8.604077625105276,2,1289.1369434764874,0,2,3,6.560185541739052,17.55162243244056,0,0,4,1.0,1.0,0.0,0.0,0.0,0.0,0.0,0.0,0.0,0.0,0.0,1.0,0.0,1.0,1.0,0.0
2,1,2.869576618326235,9.009726244959253,2,3132.2349594847688,1,2,2,2.6291387087886533,136.06779289797439,1,0,4,1.0,0.0,0.0,0.0,0.0,0.0,0.0,0.0,0.0,0.0,0.0,0.0,0.0,0.0,1.0,0.0
3,0,7.146051903537805,6.3860192228223465,0,3260.908291327404,0,0,0,9.430377271183913,107.86859798724262,1,0,5,1.0,1.0,0.0,0.0,0.0,0.0,0.0,0.0,0.0,0.0,0.0,0.0,0.0,0.0,0.0,1.0
3,3,2.1546228193939907,4.400822581581636,2,3161.4982385386274,0,0,2,7.0440888061509614,134.68042587012724,1,0,3,1.0,0.0,0.0,0.0,0.0,0.0,0.0,0.0,0.0,0.0,0.0,0.0,1.0,0.0,0.0,0.0
4,1,2.8863680349409884,6.90384999079332,1,2304.5536950685505,1,3,4,4.407933587796841,12.509190737318587,1,1,5,0.0,0.0,0.0,0.0,0.0,0.0,1.0,0.0,0.0,0.0,0.0,0.0,0.0,0.0,1.0,0.0
0,4,5.058546839950336,6.602688862170315,2,3429.7448215078803,0,2,4,0.21963036234555222,88.68207314968149,1,1,2,0.0,0.0,0.0,0.0,0.0,0.0,0.0,0.0,0.0,0.0,0.0,0.0,1.0,0.0,1.0,0.0
3,0,6.1578652720736455,5.181873689518237,0,3124.4168936053043,2,2,1,9.393437524522545,193.0375616255671,1,1,1,1.0,1.0,0.0,0.0,0.0,0.0,0.0,0.0,0.0,0.0,0.0,0.0,1.0,0.0,0.0,0.0
0,3,9.989769163525146,9.37686940686472,1,812.781214836978,1,3,3,8.609298790360736,37.77490843578969,0,0,0,0.0,0.0,0.0,0.0,1.0,0.0,0.0,0.0,0.0,0.0,0.0,1.0,0.0,1.0,1.0,1.0
1,5,1.2333360528184971,9.844889518124134,2,3443.317927878033,3,0,1,3.1452798201223198,287.76611664693047,0,1,2,0.0,0.0,0.0,0.0,0.0,0.0,0.0,0.0,0.0,0.0,0.0,0.0,0.0,0.0,0.0,0.0
4,0,1.0028297767967826,4.310483128198489,2,2146.419118009552,2,3,2,3.1874396892399033,298.1732250325279,1,0,3,0.0,0.0,0.0,0.0,0.0,0.0,1.0,0.0,0.0,0.0,0.0,0.0,1.0,0.0,1.0,0.0
1,1,4.153303852434532,8.774478279144596,3,3260.1077106739153,4,1,3,3.2578563540691534,108.13269006181655,0,1,2,0.0,0.0,0.0,0.0,0.0,0.0,0.0,0.0,0.0,0.0,0.0,0.0,0.0,0.0,0.0,0.0
3,5,4.295407310221779,7.874299347649233,3,2781.0243044980452,2,2,2,8.045037357051068,204.28663089794316,1,0,0,1.0,0.0,0.0,0.0,0.0,0.0,0.0,0.0,0.0,0.0,0.0,0.0,0.0,0.0,0.0,0.0
2,3,8.954535124887684,5.568617548995448,0,2442.700026066256,0,1,3,3.5301274069596067,190.60305686016218,1,1,2,1.0,0.0,0.0,0.0,0.0,0.0,1.0,0.0,0.0,0.0,0.0,1.0,1.0,0.0,1.0,0.0
1,1,9.213242929275717,7.810936709696877,0,1480.0171449690906,4,0,0,3.7243530603837636,50.14944469796818,0,1,3,0.0,0.0,0.0,0.0,0.0,0.0,0.0,0.0,0.0,0.0,0.0,1.0,0.0,0.0,0.0,0.0
1,1,8.92472478723387,4.7718591501008465,1,581.0900707530025,1,3,1,4.519427926691989,116.4582328421562,0,1,0,0.0,0.0,0.0,0.0,0.0,0.0,0.0,0.0,0.0,0.0,0.0,1.0,1.0,1.0,1.0,0.0
2,4,2.28860875437443,4.416439049784984,3,1330.2087573262506,3,1,4,11.762415915272111,294.19388777079286,0,1,3,1.0,0.0,0.0,0.0,0.0,0.0,0.0,0.0,0.0,0.0,0.0,0.0,0.0,0.0,0.0,1.0
3,5,4.708943516629661,9.960934450313562,1,2557.4609686207864,3,0,3,5.5211808832965055,38.30228016814474,0,0,2,1.0,0.0,0.0,0.0,0.0,0.0,0.0,0.0,0.0,0.0,0.0,0.0,0.0,0.0,1.0,0.0
3,2,7.712966460655209,7.818219150751961,3,3089.34472061474,4,0,4,4.528504263859887,172.55303156878765,0,1,3,1.0,0.0,0.0,0.0,0.0,0.0,0.0,0.0,0.0,0.0,0.0,0.0,0.0,0.0,0.0,0.0
4,2,3.8134996100581726,5.519335747199401,0,507.03979134643873,3,3,4,5.640275731732764,179.75422323668633,0,0,0,0.0,0.0,0.0,0.0,1.0,0.0,0.0,0.0,0.0,0.0,0.0,0.0,1.0,1.0,1.0,0.0
4,4,6.969142256594961,6.700203735422596,3,1123.9213213604667,2,3,1,8.630442058162153,50.257628289270116,1,0,4,0.0,0.0,0.0,0.0,0.0,0.0,1.0,0.0,0.0,0.0,0.0,0.0,0.0,0.0,1.0,1.0
3,1,3.134285768719828,9.700529093787043,0,2519.2031462062605,1,2,1,10.60428882359428,160.57444390311093,0,1,2,1.0,0.0,0.0,0.0,0.0,0.0,0.0,0.0,0.0,0.0,0.0,0.0,0.0,0.0,0.0,0.0
3,1,3.9107733216472726,6.632350410320858,3,1350.905312961219,2,3,1,11.889621794980664,275.2386280432453,1,0,2,1.0,0.0,0.0,0.0,0.0,0.0,0.0,0.0,0.0,0.0,0.0,0.0,0.0,1.0,0.0,1.0
1,4,8.743866844136356,9.402667192014064,3,925.1085621608465,3,2,2,5.8327707440413725,34.69686353299566,0,1,0,0.0,0.0,0.0,0.0,0.0,0.0,0.0,0.0,0.0,0.0,0.0,1.0,0.0,1.0,1.0,0.0
2,1,3.254581324800956,9.212855187870769,1,745.8082946705697,2,3,1,5.521716407720702,56.92289834868844,1,1,2,1.0,0.0,0.0,0.0,0.0,0.0,0.0,0.0,0.0,0.0,0.0,0.0,0.0,1.0,0.0,0.0
0,4,9.678916781963766,6.06493789654506,1,2413.6369904736675,0,0,1,3.9637390031202706,76.68857437185491,1,0,2,0.0,0.0,0.0,0.0,0.0,0.0,0.0,0.0,0.0,0.0,0.0,1.0,1.0,0.0,0.0,0.0
1,2,3.7563360484316224,8.176054024462616,2,2284.5794510850346,1,0,0,9.349111375537374,225.2938753801941,0,1,0,0.0,0.0,0.0,0.0,0.0,0.0,0.0,0.0,0.0,0.0,0.0,0.0,0.0,0.0,0.0,0.0
4,5,1.2117529884094962,7.9629910226955545,2,3075.8407164490077,4,2,1,7.8670340159793195,173.17542536312234,0,1,3,0.0,0.0,0.0,0.0,0.0,0.0,0.0,0.0,0.0,0.0,0.0,0.0,0.0,0.0,1.0,1.0
2,0,3.2941081342231344,8.62727122371905,0,1444.5130017357942,1,3,4,4.360374162873571,151.06410819427703,0,1,1,1.0,0.0,0.0,0.0,0.0,0.0,0.0,0.0,0.0,0.0,0.0,0.0,0.0,0.0,1.0,0.0
0,5,2.540844480190832,6.195574985604913,0,910.1558550066583,2,2,2,6.222500179155617,237.61926307045283,0,1,2,0.0,0.0,0.0,0.0,1.0,0.0,0.0,1.0,0.0,0.0,0.0,0.0,1.0,1.0,0.0,0.0
3,1,5.561442695957948,4.313418990988796,3,2897.4652660705533,4,3,3,2.469849279421968,293.48014347915665,0,1,0,1.0,0.0,0.0,0.0,0.0,0.0,0.0,0.0,0.0,0.0,0.0,0.0,1.0,0.0,1.0,0.0
4,0,2.01444459695074,5.0262354466750665,3,3464.557774556999,1,1,2,8.327923783571725,58.787415404735775,0,0,3,0.0,0.0,0.0,0.0,0.0,0.0,0.0,0.0,0.0,0.0,0.0,0.0,1.0,0.0,0.0,0.0
4,4,6.634439895208687,7.699322126042555,0,1581.168621854656,3,2,2,3.0254825653623256,243.6151256485061,1,0,0,0.0,0.0,0.0,0.0,0.0,0.0,0.0,0.0,0.0,0.0,0.0,1.0,1.0,0.0,0.0,0.0
1,3,8.874091635008451,8.65060112138412,3,3096.0488427197906,3,2,3,4.194552828270715,111.02651121401432,1,1,3,0.0,0.0,0.0,0.0,0.0,0.0,1.0,0.0,0.0,0.0,0.0,1.0,0.0,0.0,1.0,0.0
2,5,4.262669936233621,8.536291807213576,3,2787.636412282587,1,3,0,0.8174229683007446,43.797367127672985,1,0,2,1.0,0.0,0.0,0.0,0.0,0.0,0.0,1.0,1.0,0.0,0.0,0.0,0.0,0.0,1.0,0.0
2,0,2.5164344737486397,7.502089510690184,3,3234.7558842762446,4,2,1,2.638445255398579,76.95603027833903,0,0,4,1.0,0.0,0.0,0.0,0.0,0.0,0.0,0.0,0.0,0.0,0.0,0.0,0.0,0.0,1.0,0.0
1,0,4.600224962059716,4.508548874289355,0,1773.117429742788,2,1,0,2.338590609898586,119.78894492744078,1,1,2,0.0,0.0,0.0,0.0,0.0,0.0,0.0,0.0,0.0,0.0,0.0,0.0,1.0,0.0,0.0,0.0
1,3,8.073701393055643,4.103731763114875,2,803.9045144714728,1,0,0,8.823680202094723,269.74826764928036,0,0,3,0.0,0.0,0.0,0.0,0.0,0.0,0.0,0.0,0.0,0.0,0.0,1.0,1.0,1.0,0.0,1.0
1,5,6.32338906671636,8.692850543932437,0,855.0686190947861,1,1,3,8.333613461277773,143.5228593588007,0,0,5,0.0,0.0,0.0,0.0,0.0,0.0,0.0,1.0,0.0,0.0,0.0,0.0,0.0,1.0,1.0,0.0
4,2,1.910288919948428,7.296258605139176,0,2789.5952613741265,1,0,0,6.457725706259035,184.29091878023158,0,0,1,0.0,0.0,0.0,0.0,0.0,0.0,0.0,0.0,0.0,0.0,0.0,0.0,1.0,0.0,0.0,0.0
3,4,5.8346843889433,8.696272616389047,0,3089.9955184951036,2,0,1,4.64467813763714,9.970339581824561,1,1,0,1.0,1.0,0.0,0.0,0.0,0.0,0.0,0.0,0.0,0.0,0.0,0.0,0.0,0.0,0.0,0.0
4,5,5.212768433100338,4.976730768876333,1,1871.0502228111532,1,2,2,10.672957435050982,19.202013514596604,0,1,3,0.0,0.0,0.0,0.0,0.0,0.0,0.0,1.0,0.0,0.0,1.0,1.0,1.0,0.0,1.0,0.0
4,5,3.944010304190453,6.444539024626861,2,678.7126677114378,1,0,1,10.609000172677785,281.49979018681347,1,1,0,0.0,0.0,0.0,0.0,0.0,0.0,1.0,0.0,0.0,0.0,0.0,0.0,1.0,1.0,0.0,1.0
4,3,1.9914453644799095,9.515015722467838,0,700.118121079369,3,1,0,7.234022078387799,251.49534385168943,1,0,1,0.0,0.0,0.0,0.0,1.0,0.0,1.0,0.0,0.0,0.0,0.0,0.0,0.0,1.0,0.0,0.0
0,4,9.830007420582474,5.0295879474829945,0,2295.8010501872714,4,0,4,7.895376540281399,146.89219520392487,1,0,4,0.0,0.0,0.0,0.0,0.0,0.0,0.0,0.0,0.0,0.0,0.0,1.0,1.0,0.0,0.0,1.0
4,3,2.5843898790393007,4.3691614228752655,1,3255.8730506449106,3,0,4,9.557408468283123,60.11947762631177,1,0,4,0.0,0.0,0.0,0.0,0.0,0.0,1.0,0.0,0.0,0.0,0.0,0.0,1.0,0.0,0.0,0.0
0,4,2.7346860171167093,7.92080430269049,0,1698.7505411177494,2,2,2,8.67329950345485,12.052686348142238,1,1,0,0.0,0.0,0.0,0.0,1.0,0.0,0.0,0.0,0.0,0.0,0.0,0.0,1.0,0.0,1.0,0.0
2,3,2.310244228920123,7.567218043730538,3,2451.859445597467,3,0,2,2.6988177862509692,292.6046555622068,0,0,3,1.0,0.0,0.0,0.0,0.0,0.0,0.0,0.0,0.0,0.0,0.0,0.0,0.0,0.0,0.0,0.0
2,3,6.131737348290443,9.7121830351464,0,2126.0233068703146,2,1,4,6.040328420353887,1.7016863641406421,1,0,3,1.0,0.0,0.0,0.0,0.0,0.0,0.0,0.0,0.0,0.0,0.0,0.0,0.0,0.0,0.0,0.0
1,2,4.9930261703443035,9.438810526329256,1,3169.2735333561845,1,0,4,1.8226308444206887,71.29433559865697,0,0,1,0.0,0.0,0.0,0.0,0.0,0.0,0.0,0.0,0.0,0.0,0.0,0.0,0.0,0.0,0.0,0.0
0,3,3.2460146382390036,8.496582341323426,1,2997.1628349267057,3,0,0,9.712570241885977,205.17089187126345,1,1,4,0.0,0.0,0.0,0.0,0.0,0.0,0.0,0.0,0.0,0.0,0.0,0.0,0.0,0.0,0.0,0.0
0,4,4.864810447193753,4.114943427269513,0,1098.0456805082113,0,0,0,7.8429223661891285,281.3694768630213,1,1,4,0.0,0.0,0.0,0.0,1.0,0.0,1.0,0.0,0.0,0.0,0.0,0.0,1.0,0.0,0.0,1.0
4,5,7.061696659555461,6.882321810439361,3,2532.629295679156,4,0,1,11.749094609727003,35.11779274533748,0,0,3,0.0,0.0,0.0,0.0,0.0,0.0,0.0,0.0,0.0,0.0,0.0,1.0,0.0,0.0,0.0,1.0
1,3,3.5353047834876716,9.376611619222233,0,3042.5095574286147,2,0,1,1.638116237237544,232.16729969062163,0,1,1,0.0,0.0,0.0,0.0,0.0,0.0,0.0,0.0,0.0,0.0,0.0,0.0,0.0,0.0,0.0,0.0
1,0,9.237211984273424,6.601906528686864,1,3290.748145437617,4,2,4,6.121772216080851,99.53043923543072,1,0,1,0.0,0.0,0.0,0.0,0.0,0.0,0.0,0.0,0.0,0.0,0.0,1.0,1.0,0.0,1.0,0.0
4,3,3.7571161345993525,9.772874317677967,2,2269.781421575666,0,0,2,8.68812405913651,203.91552794394545,1,0,3,0.0,0.0,0.0,0.0,0.0,0.0,1.0,0.0,0.0,0.0,0.0,0.0,0.0,0.0,0.0,1.0
0,1,2.7836112774056794,7.914927883863895,1,1027.7337054815498,2,3,4,10.408107990430217,28.98996911942544,1,1,0,0.0,0.0,0.0,0.0,1.0,0.0,0.0,0.0,0.0,0.0,0.0,0.0,0.0,0.0,1.0,0.0
4,0,9.59111062185533,4.656742765256765,1,2174.6962522533368,2,1,3,10.240772774865555,259.4450480693165,0,1,2,0.0,0.0,0.0,0.0,0.0,0.0,0.0,0.0,0.0,1.0,0.0,1.0,1.0,0.0,1.0,1.0
4,0,8.295045491063615,7.0556324511201005,0,2497.457034975052,1,1,3,2.4239935251346436,212.16718018812014,1,1,5,0.0,0.0,0.0,0.0,0.0,0.0,1.0,0.0,0.0,0.0,0.0,0.0,1.0,0.0,1.0,0.0
2,3,4.08823862359119,8.173702813870886,1,1317.4671845602024,2,3,4,11.787851263918423,286.6805518357892,0,1,3,1.0,0.0,0.0,0.0,0.0,0.0,0.0,0.0,0.0,0.0,0.0,0.0,0.0,0.0,1.0,1.0
0,5,8.572886660294884,4.392213833437724,0,3419.004446377069,3,3,2,11.776113451703994,150.72574726821722,0,1,5,0.0,0.0,1.0,0.0,0.0,0.0,0.0,0.0,0.0,0.0,1.0,1.0,1.0,0.0,0.0,0.0
0,3,5.6693282423842,6.067897192424605,1,1187.9787539242218,4,1,3,11.62870377397888,266.3073990653262,1,0,1,0.0,0.0,0.0,0.0,0.0,0.0,0.0,0.0,0.0,0.0,0.0,0.0,1.0,1.0,0.0,1.0
1,2,4.1207724843495654,8.302486378323918,1,3234.057565193115,4,3,1,7.363353716347178,162.11958818922832,1,1,4,0.0,0.0,0.0,0.0,0.0,0.0,1.0,0.0,0.0,0.0,0.0,0.0,0.0,0.0,0.0,0.0
2,0,8.556504305852929,4.942428173842204,1,1775.5422725739281,1,2,1,9.983223101686065,153.83675577581172,1,1,4,1.0,1.0,0.0,0.0,0.0,1.0,0.0,0.0,0.0,0.0,0.0,0.0,1.0,0.0,0.0,1.0
0,4,7.769485601779964,6.0900393896231355,0,501.6624944987118,4,2,2,0.9124032924096537,28.38312636478043,0,1,1,0.0,0.0,0.0,0.0,1.0,0.0,0.0,0.0,0.0,0.0,0.0,0.0,1.0,1.0,0.0,0.0
2,0,3.6808735837879523,8.139461934803403,3,2129.867220049936,2,3,4,3.065525000497367,244.2508430955341,1,0,1,1.0,0.0,0.0,0.0,0.0,0.0,0.0,0.0,0.0,0.0,0.0,0.0,0.0,0.0,1.0,0.0
0,5,6.460106637321764,8.653245411184683,0,2384.8575977520395,2,2,0,1.1039508056026905,123.66075564862957,1,1,2,0.0,0.0,0.0,0.0,0.0,0.0,1.0,1.0,0.0,0.0,0.0,0.0,0.0,0.0,0.0,0.0
2,4,4.324512011678175,7.111070762952523,0,3108.090059624893,0,2,2,6.0667286045076345,180.00751330208533,1,1,3,1.0,1.0,0.0,0.0,0.0,0.0,1.0,0.0,0.0,0.0,0.0,0.0,1.0,0.0,1.0,1.0
0,5,1.0094677530434932,9.741145166200058,0,2121.68971541079,3,2,1,11.57676191413389,195.20748862464436,1,1,4,0.0,0.0,0.0,0.0,0.0,0.0,1.0,1.0,0.0,0.0,0.0,0.0,0.0,0.0,0.0,1.0
3,1,9.656341672602514,9.551985152793979,3,782.3881464581948,4,2,4,7.790049002786462,232.4433906519532,1,0,5,1.0,1.0,0.0,0.0,0.0,0.0,0.0,0.0,0.0,0.0,0.0,1.0,0.0,1.0,1.0,0.0
0,0,5.94666168465553,6.840622323446711,1,3280.4406779188334,1,3,2,5.535025404275197,172.60329385695908,0,0,0,0.0,0.0,0.0,0.0,0.0,0.0,0.0,0.0,0.0,0.0,0.0,0.0,0.0,0.0,1.0,0.0
0,1,6.385893414992048,4.961646460667934,1,2196.06437277642,4,2,0,9.514028831192427,185.97316446929858,0,0,3,0.0,0.0,0.0,0.0,0.0,0.0,0.0,0.0,0.0,0.0,0.0,0.0,1.0,0.0,0.0,0.0
0,4,6.399022831095654,8.637589383303752,3,1314.593575916537,0,1,0,6.604034442390306,156.2263993801262,1,0,5,0.0,0.0,0.0,0.0,1.0,0.0,0.0,0.0,0.0,0.0,0.0,0.0,0.0,1.0,0.0,0.0
4,1,5.955773147374625,5.458837452358864,0,3196.5758494654815,4,0,3,5.491772003404744,184.1855168989548,0,0,1,0.0,0.0,0.0,0.0,0.0,0.0,0.0,0.0,0.0,0.0,0.0,0.0,1.0,0.0,0.0,0.0
0,5,3.6104306029623414,9.05692785999463,0,862.7404171011029,1,3,1,7.551938172220343,133.26870400227975,1,0,5,0.0,0.0,0.0,0.0,1.0,0.0,0.0,1.0,0.0,0.0,0.0,0.0,0.0,1.0,1.0,0.0
2,0,9.744185124172507,7.52286604693059,0,792.4485170400849,2,1,0,6.141608242388413,232.92345449743468,0,0,5,1.0,1.0,0.0,0.0,0.0,0.0,0.0,0.0,0.0,0.0,0.0,1.0,1.0,1.0,0.0,0.0
2,0,6.595015712637564,6.3645580383864795,2,2105.0272814017453,0,1,0,7.698542548715617,243.1521743870572,1,1,0,1.0,0.0,0.0,0.0,0.0,0.0,0.0,0.0,0.0,0.0,0.0,1.0,0.0,0.0,0.0,0.0
2,1,7.038292244985653,7.338300151495265,3,2374.652683418629,4,3,0,9.631644249053899,155.1322721156541,0,1,1,1.0,0.0,0.0,0.0,0.0,0.0,0.0,0.0,0.0,0.0,0.0,1.0,0.0,0.0,0.0,1.0
3,4,5.093134815853448,7.196852610747563,2,2032.8775021744195,2,0,1,5.5490221385473575,43.988411792429225,0,0,1,1.0,0.0,0.0,0.0,0.0,0.0,0.0,0.0,0.0,0.0,0.0,0.0,0.0,0.0,0.0,0.0
4,3,3.5907526044170432,9.548397075399507,3,3286.976141337297,4,0,3,4.980254984519579,112.0493917249886,0,0,0,0.0,0.0,0.0,0.0,0.0,0.0,0.0,0.0,0.0,0.0,0.0,0.0,0.0,0.0,0.0,0.0
1,2,1.579140839574364,5.286178298569377,3,1288.4625041782924,1,2,4,6.703986447136026,251.98160089437516,1,0,2,0.0,0.0,0.0,0.0,0.0,0.0,0.0,0.0,0.0,0.0,0.0,0.0,0.0,1.0,1.0,0.0
4,3,4.152071769110976,9.56895071531006,1,3470.705227628185,0,3,2,10.857043609330315,275.0247006479681,1,1,2,0.0,0.0,0.0,0.0,0.0,0.0,1.0,0.0,0.0,0.0,0.0,0.0,0.0,0.0,1.0,1.0
1,3,2.584876863415529,4.188046248759133,0,558.0480033379622,3,3,4,5.0757874051069205,80.11590052129897,1,0,2,0.0,0.0,0.0,0.0,0.0,0.0,0.0,0.0,0.0,0.0,0.0,0.0,1.0,1.0,1.0,0.0
4,3,6.958794414313107,8.61521968919846,0,855.601983980458,0,3,3,10.172996639852228,282.33078007635794,0,1,4,0.0,0.0,0.0,0.0,1.0,0.0,1.0,0.0,0.0,1.0,0.0,1.0,1.0,1.0,1.0,1.0
2,3,8.911034963224473,9.51800878426939,3,1057.028918082236,3,3,0,7.405954446977358,83.01397282376286,1,0,2,1.0,0.0,0.0,0.0,0.0,0.0,0.0,0.0,0.0,0.0,0.0,1.0,0.0,1.0,1.0,0.0
3,0,3.724793724210871,6.364313145919177,2,738.7271811635799,0,2,3,0.14876575911064638,275.6630528239617,0,1,1,1.0,0.0,0.0,0.0,0.0,0.0,0.0,0.0,0.0,0.0,0.0,0.0,0.0,1.0,1.0,0.0
4,1,3.995943628726419,4.438403121971604,3,1814.6535992870436,0,3,1,5.714430858569184,280.6306578112533,0,1,4,0.0,0.0,0.0,0.0,0.0,0.0,1.0,0.0,0.0,0.0,0.0,0.0,1.0,0.0,1.0,0.0
3,3,7.033280534461105,8.82800518896226,2,3096.116527136359,3,1,4,2.5264251354665843,151.44957264547418,0,0,3,1.0,0.0,0.0,0.0,0.0,0.0,0.0,0.0,0.0,0.0,0.0,0.0,0.0,0.0,0.0,0.0
4,0,2.343442908171127,9.057189134150411,3,2962.2779806403914,3,2,4,1.8043963209065246,285.16564627167656,1,0,2,0.0,0.0,0.0,0.0,0.0,0.0,1.0,0.0,0.0,0.0,0.0,0.0,0.0,0.0,1.0,0.0
2,2,9.364936840099292,6.017544327930721,3,2734.2705681428515,0,0,0,2.813254635863875,164.78170975923945,1,0,3,1.0,0.0,0.0,0.0,0.0,0.0,0.0,0.0,0.0,0.0,0.0,1.0,0.0,0.0,0.0,0.0
0,0,4.274621029229348,7.111559714115437,3,522.2282058063731,0,2,0,8.549032165834078,113.66708640841757,0,1,1,0.0,0.0,0.0,0.0,1.0,0.0,0.0,0.0,0.0,0.0,0.0,0.0,0.0,1.0,0.0,1.0
2,4,1.910795013340972,8.856814408060897,3,3097.1180802686845,4,1,2,7.528592698792204,243.04785157580648,1,1,4,1.0,0.0,0.0,0.0,0.0,0.0,0.0,0.0,0.0,0.0,0.0,0.0,0.0,0.0,0.0,1.0
0,0,2.572156044285774,5.152257863500717,0,1689.4972758656445,0,3,3,6.442237539984616,32.55663045359628,1,1,1,0.0,0.0,0.0,0.0,0.0,0.0,0.0,0.0,0.0,0.0,0.0,0.0,1.0,0.0,1.0,0.0
4,0,9.394714684067123,7.77385453834762,2,2694.913263571637,1,1,2,5.943222485039369,64.99652050479784,0,0,0,0.0,0.0,0.0,0.0,0.0,0.0,0.0,0.0,0.0,0.0,0.0,1.0,0.0,0.0,0.0,0.0
1,3,3.2240735953211797,6.583783957094915,3,2680.7560533911856,4,0,0,4.670136069922853,63.97503165774384,0,1,2,0.0,0.0,0.0,0.0,0.0,0.0,0.0,0.0,0.0,0.0,0.0,0.0,0.0,0.0,0.0,0.0
1,1,6.960419234481577,5.046494513525581,1,1032.5630816556084,2,2,3,10.638814744571604,186.622058573322,0,1,1,0.0,0.0,0.0,0.0,0.0,0.0,0.0,0.0,0.0,0.0,0.0,0.0,1.0,1.0,1.0,1.0
1,2,2.405487011844386,8.988641243505757,3,2046.184542752978,0,0,3,11.189450856795556,212.66184754881763,0,0,3,0.0,0.0,0.0,0.0,0.0,0.0,0.0,0.0,0.0,0.0,0.0,0.0,0.0,0.0,0.0,1.0
3,1,2.7469152311389995,5.9480849931995605,1,3278.5428768382226,4,0,4,9.173253570453962,251.22762405820285,1,1,2,1.0,0.0,0.0,0.0,0.0,0.0,1.0,0.0,0.0,0.0,0.0,0.0,1.0,0.0,1.0,0.0
2,1,8.913143970099798,9.606556693930097,0,1289.1458902456397,1,1,1,3.4586945579819113,269.9585893788949,0,1,5,1.0,1.0,0.0,0.0,0.0,0.0,0.0,0.0,0.0,0.0,0.0,1.0,0.0,0.0,0.0,0.0
4,4,2.3322989809230563,7.413603218918812,2,2645.0835440046044,3,2,0,10.96636898918088,262.51425494563335,0,1,2,0.0,0.0,0.0,0.0,0.0,0.0,1.0,0.0,0.0,0.0,0.0,0.0,0.0,0.0,0.0,1.0
2,4,1.1687552806265125,7.08705988830843,0,3374.153117881612,3,2,3,9.829624521448304,204.59837907439692,1,0,0,1.0,0.0,0.0,0.0,0.0,0.0,0.0,0.0,0.0,0.0,0.0,0.0,1.0,0.0,1.0,1.0
1,1,5.511098705736487,6.539835665316154,1,1581.8935268881771,1,0,3,1.4883173129305898,274.44800323802906,1,0,3,0.0,0.0,0.0,0.0,0.0,0.0,0.0,0.0,0.0,0.0,0.0,0.0,1.0,0.0,0.0,0.0
0,4,8.764541319366412,6.404025339137832,3,1662.9010180749565,1,2,2,4.100130609265658,82.66336250280388,1,0,4,0.0,0.0,0.0,0.0,0.0,0.0,0.0,0.0,0.0,0.0,0.0,1.0,0.0,1.0,1.0,0.0
0,4,3.9339194087406226,8.907797649022623,0,1857.6875276257206,2,0,3,3.931271235949141,217.58277786818445,0,1,1,0.0,0.0,0.0,0.0,1.0,0.0,0.0,0.0,0.0,0.0,0.0,0.0,0.0,0.0,0.0,0.0
1,3,2.1534604358113945,8.065005096916757,0,2927.117725008331,1,3,0,8.760561374042734,23.000229514419036,1,0,1,0.0,0.0,0.0,0.0,0.0,0.0,0.0,0.0,0.0,0.0,0.0,0.0,0.0,0.0,0.0,0.0
4,3,9.84007746609074,8.642140786740534,3,1817.8541652084828,0,0,0,6.286782727079568,37.56852742197481,0,1,1,0.0,0.0,0.0,0.0,0.0,0.0,0.0,0.0,0.0,1.0,0.0,1.0,0.0,0.0,0.0,0.0
2,5,7.09064766540472,6.526504957667251,3,1958.737868022126,3,0,2,3.202615012168999,67.83664321589191,0,0,4,1.0,0.0,0.0,0.0,0.0,0.0,0.0,0.0,0.0,0.0,0.0,0.0,0.0,0.0,0.0,0.0
4,2,8.656215687533408,5.568623348216413,1,1166.9524693108315,3,2,4,2.7695354030609716,30.80302271306512,1,0,1,0.0,0.0,0.0,0.0,0.0,0.0,1.0,0.0,0.0,0.0,0.0,1.0,1.0,1.0,1.0,0.0
0,2,7.769244450960313,4.521191311169092,1,3465.035196056572,3,3,2,5.490060517205398,289.6997539816027,0,1,1,0.0,0.0,0.0,0.0,0.0,0.0,0.0,0.0,0.0,0.0,0.0,1.0,1.0,0.0,0.0,0.0
0,3,7.284180465902711,8.659935939904269,3,3177.062461909695,3,3,3,7.991484357135371,139.87326884021653,0,0,0,0.0,0.0,0.0,0.0,0.0,0.0,0.0,0.0,0.0,0.0,0.0,1.0,0.0,0.0,1.0,1.0
4,5,4.461076604178283,6.491658583106225,2,2300.7629390853726,2,2,4,6.104711209292576,272.0113081433398,0,0,2,0.0,0.0,0.0,0.0,0.0,0.0,0.0,0.0,0.0,0.0,0.0,0.0,1.0,0.0,1.0,0.0
0,4,3.9190599388327545,7.0553415525800975,3,3381.6802143797563,4,0,1,3.1324021118320386,142.98958439262543,0,0,5,0.0,0.0,0.0,0.0,0.0,0.0,0.0,0.0,0.0,0.0,0.0,0.0,0.0,0.0,0.0,0.0
0,0,7.452627363050267,6.816059411182272,0,2560.99330024214,4,3,2,7.4398208515965045,209.90285667052024,1,1,2,0.0,0.0,0.0,0.0,0.0,0.0,1.0,0.0,0.0,0.0,0.0,0.0,1.0,0.0,0.0,0.0
2,2,7.450417073595071,6.586827138215441,2,3377.3168975574886,4,0,3,11.98694769259443,96.51443878215986,1,1,0,1.0,1.0,0.0,0.0,0.0,0.0,0.0,0.0,0.0,0.0,0.0,1.0,0.0,0.0,0.0,1.0
4,4,9.55529545644184,8.103397462407099,2,984.6076002188892,0,1,0,2.120025015060131,285.19963587128024,0,1,4,0.0,0.0,0.0,0.0,0.0,0.0,0.0,0.0,0.0,0.0,0.0,1.0,0.0,0.0,1.0,0.0
3,1,6.117938360634901,7.6524046945516515,0,1176.3722207092424,0,3,2,6.340794908212114,10.468338538554821,1,1,2,1.0,1.0,0.0,0.0,0.0,0.0,0.0,0.0,0.0,0.0,0.0,0.0,1.0,1.0,1.0,0.0
0,5,3.651589952089062,9.832322791865833,2,3155.547390915182,2,2,2,4.50787355965814,209.2213743662915,1,0,0,0.0,0.0,0.0,0.0,0.0,0.0,0.0,0.0,0.0,0.0,0.0,0.0,0.0,0.0,1.0,0.0
4,4,5.405759193974297,4.83342344589539,0,1759.6231748798616,3,3,1,2.6209905899438994,285.1139978965148,1,1,0,0.0,0.0,0.0,0.0,0.0,0.0,1.0,0.0,0.0,0.0,0.0,0.0,1.0,0.0,1.0,0.0
4,5,6.523424350533273,7.441115879396301,3,1613.4731123077042,1,3,1,10.505906749701154,236.444588928105,0,0,2,0.0,0.0,0.0,0.0,0.0,0.0,0.0,1.0,0.0,0.0,0.0,0.0,0.0,1.0,1.0,1.0
4,0,4.840568196192212,4.379440980413884,2,2763.0060691520316,0,3,2,11.493246030004455,248.27888371239553,0,0,0,0.0,0.0,0.0,0.0,0.0,0.0,0.0,0.0,0.0,0.0,0.0,1.0,1.0,0.0,1.0,1.0
4,3,8.120198110235934,8.8475105122492,0,2390.9769805080787,0,2,4,4.20234939053422,89.74890598811002,1,1,3,0.0,0.0,0.0,0.0,0.0,0.0,1.0,0.0,0.0,1.0,0.0,1.0,1.0,0.0,1.0,0.0
1,3,6.26151890994254,7.697867999506559,2,1532.214799301728,2,3,2,4.167486975562754,135.55439703466183,0,0,2,0.0,0.0,0.0,0.0,0.0,0.0,0.0,0.0,0.0,0.0,0.0,0.0,1.0,0.0,1.0,0.0
4,3,1.0849215486488548,6.5702728959552275,0,1693.5817626581807,4,0,4,1.101145021873863,40.854279116019555,0,0,3,0.0,0.0,0.0,0.0,0.0,0.0,0.0,0.0,0.0,0.0,0.0,0.0,1.0,0.0,1.0,0.0
1,5,6.128558994088077,8.813413927863676,3,1725.1512749004626,2,0,3,7.413038589863538,112.92166961329937,1,0,1,0.0,0.0,0.0,0.0,0.0,0.0,0.0,0.0,0.0,0.0,0.0,1.0,0.0,0.0,0.0,1.0
4,2,6.7024340734767485,6.730015650949469,0,878.9939842071327,3,0,0,0.3185442828115712,2.530580439486263,0,0,0,0.0,0.0,0.0,0.0,0.0,0.0,0.0,0.0,0.0,0.0,0.0,1.0,1.0,1.0,0.0,0.0
2,3,9.237351263896636,5.3667165718806835,2,1188.661788410535,0,0,4,5.954525023599881,233.6308817205151,0,1,0,1.0,1.0,0.0,0.0,0.0,0.0,0.0,0.0,0.0,0.0,0.0,1.0,1.0,1.0,0.0,0.0
3,4,4.7234950629776975,6.835004566662022,0,2112.590844807511,1,0,2,1.8337743921535452,285.9037041756982,0,1,0,1.0,0.0,0.0,0.0,0.0,0.0,0.0,0.0,0.0,0.0,0.0,0.0,0.0,0.0,0.0,0.0
3,4,6.170208933442225,4.424990779824035,0,2845.4814568354986,3,3,2,8.067819415835055,210.2548052130973,1,0,1,1.0,0.0,0.0,0.0,0.0,0.0,0.0,0.0,0.0,0.0,0.0,0.0,1.0,0.0,0.0,0.0
3,4,5.274977056429366,9.387166657836325,3,1757.1448532876627,2,1,3,11.146921129560688,243.0892780958831,0,0,4,1.0,0.0,0.0,0.0,0.0,0.0,0.0,0.0,0.0,0.0,0.0,0.0,0.0,0.0,1.0,1.0
3,2,5.784907856219968,8.385750248406767,1,1650.0583987578775,0,1,0,1.065392261075913,154.04091764258868,1,0,3,1.0,0.0,0.0,0.0,0.0,0.0,0.0,0.0,0.0,0.0,0.0,0.0,0.0,0.0,0.0,0.0
3,5,1.6057366360209682,8.561894717290166,0,2451.5484605915517,1,2,1,9.332885769715705,57.500541089834435,0,0,2,1.0,0.0,0.0,0.0,0.0,0.0,0.0,0.0,0.0,0.0,0.0,0.0,0.0,0.0,0.0,0.0
3,0,9.075553007797915,9.246959824110654,2,971.7615916406387,3,1,3,9.96681723329858,216.24463848265592,1,0,1,1.0,0.0,0.0,0.0,0.0,0.0,0.0,0.0,0.0,0.0,0.0,1.0,0.0,1.0,0.0,1.0
0,2,9.19371105848463,8.749435532890502,0,1642.2509732513092,3,2,3,2.1144756862687872,89.78514146871908,1,0,0,0.0,0.0,0.0,0.0,1.0,0.0,0.0,0.0,0.0,0.0,0.0,1.0,1.0,0.0,1.0,0.0
4,3,5.932536488583694,6.591115541520638,2,1124.4087085909814,4,0,1,11.071707619584506,137.8575014255425,0,1,0,0.0,0.0,0.0,0.0,1.0,0.0,1.0,0.0,0.0,0.0,0.0,0.0,1.0,1.0,0.0,1.0
2,0,6.00899964148851,4.711818409152698,3,2454.9387029837444,1,2,2,7.4510140726659895,270.2003534116173,1,1,1,1.0,0.0,0.0,0.0,0.0,0.0,1.0,0.0,0.0,0.0,0.0,0.0,1.0,0.0,1.0,1.0
1,2,1.5180043234955907,6.2401886798857165,2,837.0920447482322,4,3,3,6.419243298034916,111.8811397458088,1,0,2,0.0,0.0,0.0,0.0,0.0,0.0,0.0,0.0,0.0,0.0,0.0,0.0,1.0,1.0,1.0,0.0
2,3,6.381554618077811,9.604508286278334,0,1843.4684588073285,4,0,2,8.05695005738864,86.8108552969791,0,0,3,1.0,0.0,0.0,0.0,0.0,0.0,0.0,0.0,0.0,0.0,0.0,1.0,0.0,0.0,0.0,1.0
4,3,4.862366108912463,9.694542947388278,0,2288.5461712772253,1,0,2,3.4573096164190167,9.508351120943924,0,0,5,0.0,0.0,0.0,0.0,0.0,0.0,0.0,0.0,0.0,0.0,0.0,0.0,0.0,0.0,0.0,0.0
4,0,7.381392672109936,8.607225193142774,0,3001.026328634721,1,0,2,0.30493040077464073,210.43706202259858,1,1,5,0.0,0.0,0.0,0.0,0.0,0.0,1.0,0.0,0.0,0.0,0.0,1.0,0.0,0.0,0.0,0.0
4,1,1.4241242493601516,5.226583498428325,2,2673.653829278315,4,2,1,5.304614683705026,64.56597567397127,0,1,1,0.0,0.0,0.0,0.0,0.0,0.0,0.0,0.0,0.0,0.0,0.0,0.0,1.0,0.0,0.0,0.0
2,1,7.397989144565408,5.166699150784964,2,3328.5893630415885,1,3,2,8.920156844460223,191.82498938196423,0,0,4,1.0,0.0,0.0,0.0,0.0,0.0,0.0,0.0,0.0,0.0,0.0,1.0,1.0,0.0,1.0,1.0
3,3,3.582044414490825,9.278629065284322,2,2539.635221758836,2,3,3,11.023804711467754,109.98125217030818,1,0,0,1.0,0.0,0.0,0.0,0.0,0.0,0.0,0.0,0.0,0.0,0.0,0.0,0.0,0.0,1.0,1.0
1,1,6.865347974077972,4.851495538066748,1,1547.5689047005396,4,3,3,5.1612458075764405,236.30270539188794,1,0,4,0.0,0.0,0.0,0.0,0.0,0.0,0.0,0.0,0.0,0.0,0.0,1.0,1.0,1.0,1.0,0.0
3,3,6.644133777809107,7.504824863994935,0,1195.1716475432659,1,2,3,3.163772299220934,266.9683442588916,0,0,5,1.0,0.0,0.0,0.0,0.0,0.0,0.0,0.0,0.0,0.0,0.0,1.0,0.0,0.0,1.0,0.0
3,4,3.0415733616900926,6.269510093674407,3,669.7472109765208,4,2,2,1.5755460333591849,70.71097157231031,0,1,3,1.0,0.0,0.0,0.0,0.0,0.0,0.0,1.0,0.0,0.0,0.0,0.0,1.0,1.0,0.0,0.0
1,4,4.964071106946401,5.812066047767059,2,1332.7628501298996,0,1,3,11.225932017282537,237.69333018296763,0,0,3,0.0,0.0,0.0,0.0,0.0,0.0,0.0,0.0,0.0,0.0,0.0,0.0,0.0,1.0,1.0,1.0
1,1,8.520699331479921,8.064292154061883,2,910.5460665401023,1,2,3,2.7713409105434414,45.84413620212755,0,1,2,0.0,0.0,0.0,0.0,0.0,0.0,0.0,0.0,0.0,0.0,0.0,1.0,0.0,1.0,1.0,0.0
0,5,6.450324792352966,9.757414459911626,0,1607.6743332250455,1,0,1,10.932854788236142,42.27820360395875,0,1,5,0.0,0.0,0.0,0.0,0.0,0.0,0.0,0.0,0.0,0.0,1.0,0.0,0.0,0.0,0.0,1.0
0,0,1.618644717805703,8.665802429441792,1,2607.7344177578166,2,3,2,2.2050744427398707,128.53369573480558,1,1,5,0.0,0.0,0.0,0.0,0.0,0.0,0.0,0.0,0.0,0.0,0.0,0.0,0.0,0.0,1.0,0.0
2,0,4.986179481887467,6.916975558609324,1,2576.1020726394377,1,0,3,0.2175928699805918,97.35285041051056,1,0,4,1.0,0.0,0.0,0.0,0.0,0.0,0.0,0.0,0.0,0.0,0.0,0.0,1.0,0.0,0.0,0.0
2,0,3.8059431290012533,6.644269049213298,2,1454.4992880918262,4,3,3,2.6906439050979527,296.1473313070496,0,0,0,1.0,0.0,0.0,0.0,0.0,0.0,0.0,0.0,0.0,0.0,0.0,0.0,1.0,0.0,1.0,0.0
0,1,6.774811110204695,9.445985129934321,3,2025.6571118482639,3,1,2,5.9134744425635795,241.19369516580187,1,1,5,0.0,0.0,0.0,0.0,1.0,0.0,0.0,0.0,0.0,0.0,0.0,1.0,0.0,0.0,0.0,0.0
2,5,6.531075471657347,7.468642590842524,3,1150.3147094053975,3,2,1,4.184459940717097,267.07106588458225,0,0,4,1.0,0.0,0.0,0.0,0.0,0.0,0.0,1.0,0.0,0.0,0.0,1.0,0.0,0.0,0.0,0.0
3,1,1.093582913591265,6.979834138397171,2,2008.9301556020548,3,0,4,10.892648839012455,40.79929705955322,0,0,2,1.0,0.0,0.0,0.0,0.0,0.0,0.0,0.0,0.0,0.0,0.0,0.0,0.0,0.0,0.0,0.0
1,4,6.469259584766166,8.097015217188538,1,2030.2456286903425,3,1,2,6.541014440737937,214.1882870280913,1,1,1,0.0,0.0,0.0,0.0,0.0,0.0,1.0,0.0,0.0,0.0,0.0,0.0,0.0,0.0,0.0,0.0
1,2,7.613646885864431,5.422922902777159,1,1403.8905167552057,3,3,2,1.413233832240003,181.2852917711371,1,1,4,0.0,0.0,0.0,0.0,0.0,0.0,0.0,0.0,0.0,0.0,0.0,0.0,1.0,1.0,1.0,0.0
1,0,7.918570291614179,4.3824129254492785,2,1278.403388721769,3,0,2,7.503983839508855,29.771775259679412,1,1,3,0.0,0.0,0.0,0.0,0.0,0.0,0.0,0.0,0.0,0.0,0.0,0.0,1.0,0.0,0.0,0.0
2,2,1.5307819335096504,9.130668642912063,1,3438.723391945046,3,0,3,4.66736221571446,238.09907825472138,0,0,4,1.0,0.0,0.0,0.0,0.0,0.0,0.0,0.0,0.0,0.0,0.0,0.0,0.0,0.0,0.0,0.0
1,0,3.7329257539888205,7.643570204196741,1,2111.370533296261,4,2,1,8.1472961448294,256.134540305103,1,1,5,0.0,0.0,0.0,0.0,0.0,0.0,0.0,0.0,0.0,0.0,0.0,0.0,1.0,0.0,0.0,1.0
3,2,4.791462044963715,4.989262607350413,3,2186.2298947319478,0,3,4,9.434120358781922,274.2278988313118,0,1,2,1.0,0.0,0.0,0.0,0.0,0.0,0.0,0.0,0.0,0.0,0.0,1.0,1.0,0.0,1.0,0.0
1,3,2.617945370154206,5.788287559004483,2,523.3822711041856,2,1,0,11.826617339599526,281.9461609068679,1,1,5,0.0,0.0,0.0,0.0,0.0,0.0,0.0,0.0,0.0,0.0,0.0,0.0,0.0,1.0,0.0,1.0
2,3,4.786604840485088,9.939601075537185,1,1045.5223449063506,0,0,0,6.919752705366845,32.343170742012084,1,0,2,1.0,1.0,0.0,0.0,0.0,0.0,0.0,0.0,0.0,0.0,0.0,0.0,0.0,1.0,0.0,0.0
1,1,1.640165822430331,7.806541794781932,2,1569.8658854600685,0,0,2,4.401008044421319,264.6516863868376,0,1,5,0.0,0.0,0.0,0.0,0.0,0.0,0.0,0.0,0.0,0.0,0.0,0.0,1.0,1.0,0.0,0.0
0,4,2.0189555470634644,7.816672845802735,1,3397.942227556306,4,3,4,5.20320421772361,283.6080057517251,1,1,1,0.0,0.0,0.0,0.0,0.0,0.0,1.0,0.0,0.0,0.0,0.0,0.0,0.0,0.0,1.0,0.0
3,3,7.0182528655907745,4.432981979252332,0,1025.7252028611729,2,0,0,4.831460927594209,207.23825850574676,1,0,4,1.0,1.0,0.0,0.0,0.0,0.0,0.0,0.0,0.0,0.0,0.0,1.0,1.0,1.0,0.0,0.0
1,1,3.363152150441395,9.81395040546359,3,1409.869133980603,3,2,3,5.406447984699216,55.155400778377306,0,0,4,0.0,0.0,0.0,0.0,0.0,0.0,0.0,0.0,0.0,0.0,0.0,0.0,0.0,1.0,0.0,0.0
1,2,7.402652627316153,9.356697337352324,1,3470.4709813549375,3,3,1,0.3607040231397063,120.25130135546263,1,1,2,0.0,0.0,0.0,0.0,0.0,0.0,1.0,0.0,0.0,0.0,0.0,0.0,0.0,0.0,1.0,0.0
3,0,1.4329767521500119,7.286694653579323,1,1943.3259270076883,0,1,0,2.96793886466215,27.033073436583855,0,0,5,1.0,0.0,0.0,0.0,0.0,0.0,0.0,0.0,0.0,0.0,0.0,0.0,1.0,0.0,0.0,0.0
4,5,6.064327477391526,5.856333498705241,0,1455.2233264106794,2,0,1,11.853129653614019,1.2739336438832183,0,1,2,0.0,0.0,0.0,0.0,0.0,0.0,1.0,0.0,0.0,0.0,0.0,0.0,1.0,0.0,0.0,0.0
3,4,4.523037972281562,8.18833137031655,3,2403.07676146046,0,3,3,11.136174325524042,276.0186253447389,1,1,4,1.0,0.0,0.0,0.0,0.0,0.0,0.0,0.0,0.0,0.0,0.0,0.0,0.0,0.0,1.0,1.0
4,1,8.172742527239187,9.000246366831215,2,1988.9068535493316,1,3,3,0.5794676090467425,291.70152287147056,0,0,3,0.0,0.0,0.0,0.0,0.0,0.0,0.0,0.0,0.0,1.0,0.0,0.0,0.0,0.0,1.0,0.0
4,4,8.055564221850057,8.71672845893952,1,3372.347274924374,0,2,4,11.754970532011079,275.7878671338379,1,1,0,0.0,0.0,0.0,0.0,0.0,0.0,1.0,0.0,0.0,1.0,1.0,1.0,0.0,0.0,1.0,1.0
2,4,4.380036782117573,9.862284232287273,2,749.5851439761357,3,3,4,9.503449951635684,76.18877490102197,1,0,1,1.0,0.0,0.0,0.0,0.0,0.0,0.0,0.0,0.0,0.0,0.0,0.0,0.0,1.0,1.0,1.0
3,3,6.604426126789429,7.821132392001655,1,2871.643761552984,0,3,0,0.03296551365073075,186.33327914996525,0,0,4,1.0,1.0,0.0,0.0,0.0,0.0,0.0,0.0,0.0,0.0,0.0,0.0,0.0,0.0,1.0,0.0
1,0,3.047939819375393,5.927352589353192,1,1337.259135388955,2,2,4,10.961562662566225,149.90928751179294,1,0,2,0.0,0.0,0.0,0.0,0.0,0.0,0.0,0.0,0.0,0.0,0.0,0.0,1.0,1.0,1.0,0.0
2,5,6.223661525623782,6.987565678411202,1,2920.007992970695,1,1,0,11.524430775766106,148.81427147432268,0,1,5,1.0,0.0,0.0,0.0,0.0,0.0,0.0,0.0,0.0,0.0,0.0,1.0,1.0,0.0,1.0,1.0
2,5,1.7313822455277021,8.897903007703698,0,3043.161021748599,4,0,4,7.5450962168142865,128.50014657930186,0,0,0,1.0,0.0,0.0,0.0,0.0,0.0,0.0,0.0,0.0,0.0,0.0,0.0,0.0,0.0,0.0,1.0
4,5,4.911438557067491,5.592055523292265,3,3047.6685740701955,3,2,3,9.45994802133269,282.35413668566554,0,0,4,0.0,0.0,0.0,0.0,0.0,0.0,0.0,0.0,0.0,0.0,0.0,0.0,1.0,0.0,1.0,1.0
4,5,2.6445491338429825,5.388449529663949,3,3100.087096665266,1,3,4,3.990379864877544,237.26681874971382,1,0,5,0.0,0.0,0.0,0.0,0.0,0.0,1.0,1.0,0.0,0.0,0.0,0.0,1.0,0.0,1.0,0.0
2,5,8.950430638823704,8.349007481958825,3,2654.382520349272,1,2,0,6.867855138586981,254.06057022083527,0,1,5,1.0,0.0,0.0,0.0,0.0,0.0,0.0,0.0,0.0,0.0,0.0,1.0,0.0,0.0,0.0,0.0
3,4,5.004107361701486,6.666564559092465,1,927.2124401445807,3,2,0,8.778599389657412,10.383202629875388,0,0,4,1.0,0.0,0.0,0.0,0.0,0.0,0.0,0.0,0.0,0.0,0.0,0.0,0.0,1.0,0.0,0.0
1,0,6.316963737737813,8.899422371138336,3,655.7077804963308,3,2,4,6.7351307127916895,123.58505013536536,0,1,2,0.0,0.0,0.0,0.0,0.0,0.0,0.0,0.0,0.0,0.0,0.0,0.0,0.0,1.0,1.0,0.0
4,2,4.243436742970093,4.862101516953933,1,1522.2957313425736,2,1,1,3.655260883507426,179.39347951584617,0,1,0,0.0,0.0,0.0,0.0,0.0,0.0,1.0,0.0,0.0,0.0,0.0,0.0,1.0,0.0,1.0,0.0
2,1,3.598669317158226,6.01417877889644,3,1985.2095758332323,0,0,1,7.7904032556547005,197.61645316058062,1,1,1,1.0,0.0,0.0,0.0,0.0,0.0,1.0,0.0,0.0,0.0,0.0,0.0,0.0,0.0,0.0,0.0
2,1,2.826278047553802,5.608599439540607,0,1407.862702218658,0,2,1,10.061027107055976,268.463931625766,1,1,3,1.0,0.0,0.0,0.0,0.0,0.0,0.0,0.0,0.0,0.0,0.0,0.0,1.0,1.0,1.0,1.0
3,4,9.206844244003177,8.187208888397642,1,2726.620801776788,3,3,0,10.032098578231546,50.10087628490755,1,1,5,1.0,1.0,0.0,0.0,0.0,0.0,0.0,0.0,1.0,0.0,0.0,1.0,0.0,0.0,0.0,0.0
3,4,8.195192041842574,8.555975279959897,2,2667.330433303774,2,0,0,1.5860516031639271,27.011014100030874,0,0,4,1.0,1.0,0.0,0.0,0.0,0.0,0.0,0.0,0.0,0.0,0.0,0.0,0.0,0.0,0.0,0.0
0,3,2.1993502998792778,6.736016175319338,3,3415.773503341233,4,0,0,5.345049554182039,267.9596592746088,1,1,3,0.0,0.0,0.0,0.0,0.0,0.0,1.0,0.0,0.0,0.0,0.0,0.0,0.0,0.0,0.0,0.0
1,4,7.720523886626185,6.868176258393614,1,1701.7192714982284,0,2,4,0.4648706762172248,151.98577254449683,0,1,5,0.0,0.0,0.0,0.0,0.0,0.0,0.0,0.0,0.0,0.0,0.0,0.0,1.0,0.0,1.0,0.0
0,0,4.766776993329879,4.792191296734777,1,2857.1829824292904,0,1,0,7.59319973324274,161.7646689382907,0,0,1,0.0,0.0,0.0,0.0,0.0,0.0,0.0,0.0,0.0,0.0,0.0,0.0,1.0,0.0,0.0,0.0
3,1,1.1385698946451286,8.210968562878314,3,2723.5999122209205,3,3,4,2.905946578095489,267.0001976041657,1,0,1,1.0,0.0,0.0,0.0,0.0,0.0,0.0,0.0,0.0,0.0,0.0,0.0,0.0,0.0,1.0,0.0
0,5,5.755305883385998,9.953905801595484,1,3466.248551726881,4,1,1,11.164258056494184,224.94299169203808,0,0,0,0.0,0.0,0.0,0.0,0.0,0.0,0.0,0.0,0.0,0.0,0.0,0.0,0.0,0.0,0.0,1.0
1,2,2.170417960763795,8.667531044990856,2,2820.8457536280944,3,2,3,7.419071312932914,219.22634676966396,0,0,3,0.0,0.0,0.0,0.0,0.0,0.0,0.0,0.0,0.0,0.0,0.0,0.0,0.0,0.0,1.0,0.0
2,3,2.889408817842352,5.338673939125768,1,1350.7235921061865,0,0,1,4.80741137690849,55.808538358740954,0,0,1,1.0,0.0,0.0,0.0,0.0,0.0,0.0,0.0,0.0,0.0,0.0,0.0,1.0,0.0,0.0,0.0
3,2,7.264368652816837,7.7387364375654135,0,545.8171973832018,0,3,4,8.777558271320244,186.42308777292627,1,1,1,1.0,0.0,0.0,0.0,0.0,0.0,1.0,0.0,0.0,0.0,0.0,0.0,1.0,1.0,1.0,0.0
2,1,3.3142783342707647,5.769740863985517,1,3404.4984634363336,4,1,0,2.4887003418020437,135.02136812003087,1,1,0,1.0,0.0,0.0,0.0,0.0,0.0,1.0,0.0,0.0,0.0,0.0,0.0,1.0,0.0,0.0,0.0
4,4,9.026993816576349,4.181059317497698,2,2648.207131534241,2,1,3,1.097181670303188,183.31244961739378,1,1,5,0.0,0.0,0.0,0.0,0.0,0.0,1.0,0.0,0.0,0.0,0.0,1.0,1.0,0.0,1.0,0.0
4,4,6.91452782581753,5.078937133935002,0,2937.8198838075446,2,2,4,1.0485783692942898,172.7031532916338,1,1,1,0.0,0.0,0.0,0.0,0.0,0.0,1.0,0.0,0.0,1.0,0.0,0.0,1.0,0.0,1.0,0.0
0,4,8.49055136419728,4.615561433583048,0,2879.732463286257,4,3,2,6.99366191817424,7.8839924730459305,1,1,5,0.0,0.0,0.0,0.0,0.0,0.0,0.0,0.0,0.0,0.0,0.0,1.0,1.0,0.0,1.0,0.0
4,2,6.536705844971657,5.1755953214091655,3,2707.2832699795076,1,3,2,10.666422548089859,103.16262164118227,1,1,1,0.0,0.0,0.0,0.0,0.0,0.0,1.0,0.0,0.0,0.0,0.0,0.0,1.0,0.0,1.0,0.0
3,3,8.819646319198142,8.77362652869402,0,2754.423405752526,1,3,0,2.673097257382838,137.34096211897744,1,1,0,1.0,1.0,0.0,0.0,0.0,0.0,0.0,0.0,0.0,0.0,0.0,1.0,0.0,0.0,0.0,0.0
3,5,4.255162075199351,5.75699280418259,0,3288.3745543216055,3,0,4,9.120580629133652,150.06657648888586,1,1,5,1.0,0.0,0.0,0.0,0.0,0.0,1.0,0.0,0.0,0.0,0.0,0.0,1.0,0.0,1.0,0.0
0,3,5.942265191970217,8.54223970567067,2,3242.333845785421,4,0,4,0.45148230820416657,29.840780893130002,1,0,1,0.0,0.0,0.0,0.0,0.0,0.0,0.0,0.0,0.0,0.0,0.0,0.0,0.0,0.0,0.0,0.0
3,2,5.643013603999002,9.693175329056626,2,1637.6802375199488,1,3,2,4.240080878371887,269.5616704088212,0,1,4,1.0,1.0,0.0,0.0,0.0,0.0,0.0,0.0,0.0,0.0,0.0,0.0,0.0,0.0,1.0,0.0
3,1,9.134116372701735,7.445638690406648,0,592.8845708985436,0,3,3,7.844598114696834,100.29470781151943,1,0,0,1.0,1.0,0.0,0.0,0.0,0.0,0.0,0.0,0.0,0.0,0.0,1.0,1.0,1.0,1.0,0.0
2,3,2.4842386774775216,6.912453652060328,0,616.0447804882001,0,2,3,9.915006750944313,146.8265926241312,1,0,1,1.0,0.0,0.0,0.0,0.0,0.0,0.0,0.0,0.0,0.0,0.0,0.0,1.0,1.0,1.0,1.0
0,2,6.202546868680232,8.500763053541583,3,1839.9150935704063,0,3,1,11.318301365146272,199.11822430100767,1,0,2,0.0,0.0,0.0,0.0,0.0,0.0,0.0,0.0,0.0,0.0,0.0,0.0,0.0,0.0,1.0,1.0
2,3,7.789880748042823,4.58254083935854,2,3004.9385897012216,1,1,0,7.5908443795092,215.7244908251253,1,0,4,1.0,0.0,0.0,0.0,0.0,0.0,0.0,0.0,0.0,0.0,0.0,0.0,1.0,0.0,0.0,0.0
4,0,4.3304478448029435,6.5692725249093105,2,3042.8336798465652,2,1,0,5.552090790746386,113.40825467187251,0,0,0,0.0,0.0,0.0,0.0,0.0,0.0,0.0,0.0,0.0,0.0,0.0,0.0,0.0,0.0,0.0,0.0
3,1,8.808233721543788,6.9929475695923635,0,1713.1687436897732,2,0,4,0.727636704215243,38.733847889117904,1,0,3,1.0,1.0,0.0,0.0,0.0,0.0,0.0,0.0,0.0,0.0,0.0,1.0,1.0,0.0,1.0,0.0
0,4,4.357132903699607,8.986307862390266,0,1404.8348760439017,1,3,3,3.3077717620946094,62.19530076996814,1,1,4,0.0,0.0,0.0,0.0,1.0,0.0,1.0,1.0,0.0,0.0,0.0,0.0,0.0,0.0,1.0,0.0
4,2,2.5597788390632448,8.885305961387797,0,2019.8043332946377,3,2,0,11.077341669862612,49.515557231887406,1,1,0,0.0,0.0,0.0,0.0,0.0,0.0,1.0,0.0,0.0,0.0,0.0,0.0,0.0,0.0,0.0,1.0
4,2,6.256435198645286,9.089592159099887,3,2997.6296206098127,4,0,4,6.9947585169625395,73.2413413558853,0,1,2,0.0,0.0,0.0,0.0,0.0,0.0,1.0,0.0,0.0,1.0,0.0,0.0,0.0,0.0,0.0,0.0
0,3,4.785112090335812,8.18723756720621,3,2409.488359031504,1,3,4,4.112127459801977,181.09389939983967,1,1,5,0.0,0.0,0.0,0.0,0.0,0.0,1.0,0.0,0.0,0.0,0.0,0.0,0.0,0.0,1.0,0.0
4,2,1.1367109421380408,7.183334843109026,2,919.4174409786044,3,0,2,2.985802480059738,160.72764613829352,0,1,3,0.0,0.0,0.0,0.0,0.0,0.0,1.0,0.0,0.0,0.0,0.0,0.0,1.0,1.0,0.0,0.0
2,4,1.628547332441529,8.967275928060293,2,1586.7018309756734,2,3,2,1.3638843322518728,50.58913434745265,0,0,4,1.0,0.0,0.0,0.0,0.0,0.0,0.0,0.0,0.0,0.0,0.0,0.0,0.0,0.0,1.0,0.0
2,1,2.75749462185931,9.239694491531617,0,2166.2777455746136,3,0,4,9.019259742150712,204.45495131476832,1,1,4,1.0,0.0,0.0,0.0,0.0,0.0,1.0,0.0,0.0,0.0,0.0,0.0,1.0,0.0,0.0,0.0
2,4,7.92396963566337,6.882907555952882,3,2114.787293861516,0,3,4,4.948513638459705,19.111409779428655,1,0,2,1.0,0.0,0.0,0.0,0.0,0.0,0.0,0.0,0.0,0.0,0.0,1.0,0.0,0.0,1.0,0.0
3,1,9.028355644303735,9.91397144733263,2,2991.9020602661226,3,1,1,11.238592384507312,272.88210654525227,0,1,4,1.0,1.0,0.0,0.0,0.0,0.0,0.0,0.0,0.0,0.0,0.0,1.0,0.0,0.0,0.0,1.0
4,2,5.910767866128002,9.248908749875072,2,3296.5152915219705,3,0,2,5.452700534347862,169.85724953388515,1,0,5,0.0,0.0,0.0,0.0,0.0,0.0,1.0,0.0,0.0,0.0,0.0,0.0,0.0,0.0,0.0,0.0
3,3,1.950089162627111,7.062817992528448,3,801.3892825257674,3,0,4,9.820518763157462,177.1251974631989,0,0,1,1.0,0.0,0.0,0.0,0.0,0.0,0.0,0.0,0.0,0.0,0.0,0.0,0.0,1.0,0.0,1.0
4,5,5.809770570176614,4.415725572082638,0,1173.2227710376649,4,2,4,1.5628514789257273,85.76815242492322,0,0,0,0.0,0.0,0.0,0.0,0.0,0.0,0.0,0.0,0.0,0.0,0.0,1.0,1.0,0.0,1.0,0.0
4,1,8.700449145372506,5.346952305231378,1,1676.4707319182648,3,0,3,1.8108915273205737,153.49110090595727,1,1,4,0.0,0.0,0.0,0.0,0.0,0.0,1.0,0.0,0.0,0.0,0.0,1.0,1.0,1.0,0.0,0.0
0,3,7.745298662103306,8.658391476257709,0,1389.1942443530836,4,1,3,3.278542976905539,127.87718721241738,0,1,1,0.0,0.0,0.0,0.0,0.0,0.0,0.0,0.0,0.0,0.0,0.0,1.0,0.0,0.0,0.0,0.0
1,0,3.6198834732763747,4.666925541992109,1,1724.8714848753284,3,3,3,2.2948159131832795,285.2239338256308,0,1,3,0.0,0.0,0.0,0.0,0.0,0.0,0.0,0.0,0.0,0.0,0.0,0.0,1.0,0.0,1.0,0.0
3,0,2.1150154835952204,6.818800397915579,1,622.1636858456959,2,3,1,11.720887047082567,22.866437222519174,1,1,0,1.0,0.0,0.0,0.0,0.0,0.0,0.0,0.0,0.0,0.0,0.0,0.0,1.0,1.0,1.0,0.0
2,4,9.106135297860186,7.629113152628365,1,698.039810488445,4,1,4,9.697701007873516,137.62069069240061,1,1,1,1.0,0.0,0.0,0.0,0.0,0.0,0.0,0.0,0.0,0.0,0.0,1.0,0.0,1.0,0.0,0.0
0,4,8.6867987196899,9.270080970223091,2,3015.0844338112233,3,2,1,4.180946920726983,237.4552051435805,0,0,4,0.0,0.0,0.0,0.0,0.0,0.0,0.0,0.0,0.0,0.0,0.0,1.0,0.0,0.0,1.0,0.0
0,2,1.4834382863070321,9.08268317736088,1,807.745352335661,2,3,4,6.237877886065052,163.37312725327686,1,0,0,0.0,0.0,0.0,0.0,1.0,0.0,0.0,0.0,0.0,0.0,0.0,0.0,0.0,0.0,1.0,0.0
2,3,8.413070408421078,8.585667526358396,0,2972.2253359842484,2,2,4,6.398977401218737,169.56538852912354,0,1,2,1.0,1.0,0.0,0.0,0.0,0.0,0.0,0.0,0.0,0.0,0.0,1.0,1.0,0.0,1.0,0.0
3,2,1.8749137400644553,6.446165455667194,0,1419.5360054091052,1,0,1,7.286508659960374,273.3646843970223,1,1,4,1.0,0.0,0.0,0.0,0.0,0.0,0.0,0.0,0.0,0.0,0.0,0.0,0.0,0.0,0.0,0.0
0,1,1.5695527006183332,4.853495526053782,2,1427.6701096665674,3,3,4,1.2434009739945893,112.70783543789325,1,1,2,0.0,0.0,0.0,0.0,1.0,0.0,1.0,0.0,0.0,0.0,0.0,0.0,1.0,1.0,1.0,0.0
0,2,7.827408074316335,8.017895857347087,2,802.2410843804214,2,0,4,4.187761980216858,0.6193066592754315,0,0,0,0.0,0.0,0.0,0.0,1.0,0.0,0.0,0.0,0.0,0.0,0.0,0.0,0.0,1.0,1.0,0.0
0,1,5.826795597324622,5.087731734930836,3,539.7901444504961,0,2,2,1.0311575935604518,277.7014240954032,0,1,3,0.0,0.0,0.0,0.0,1.0,0.0,0.0,0.0,0.0,0.0,0.0,1.0,1.0,1.0,1.0,0.0
2,4,4.73093221681287,7.367886900451695,3,1565.8658253361557,2,3,2,11.028782624043306,9.917924491797637,1,0,0,1.0,0.0,0.0,0.0,0.0,0.0,0.0,0.0,0.0,0.0,0.0,0.0,0.0,0.0,0.0,0.0
0,2,9.134759763784198,9.884069094780067,0,3006.0707188819497,4,2,2,4.841446483321118,239.2212371721256,1,0,3,0.0,0.0,0.0,0.0,0.0,0.0,0.0,0.0,0.0,0.0,0.0,1.0,0.0,0.0,0.0,0.0
2,1,8.553732148609784,7.301858654843647,2,3259.8663936141857,1,1,0,8.724204530937254,41.87826552968021,0,1,2,1.0,1.0,0.0,0.0,0.0,0.0,0.0,0.0,0.0,0.0,0.0,1.0,0.0,0.0,0.0,0.0
2,3,1.5186112439235093,7.873341203562685,0,684.7566683909887,3,1,2,11.049916914050751,6.205256322649588,1,0,3,1.0,0.0,0.0,0.0,0.0,0.0,0.0,0.0,0.0,0.0,0.0,0.0,1.0,1.0,0.0,1.0
2,4,6.544785177470551,8.065452831497044,0,592.7241914168262,2,1,3,3.7132479129049556,106.40107118768229,1,1,5,1.0,1.0,0.0,0.0,0.0,0.0,0.0,0.0,0.0,0.0,0.0,0.0,0.0,1.0,0.0,0.0
3,1,7.950406628867124,8.98233014605303,3,976.4018603910004,1,2,2,1.0541903449281391,259.2169280267875,1,0,5,1.0,1.0,0.0,0.0,0.0,0.0,0.0,0.0,0.0,0.0,0.0,0.0,0.0,1.0,1.0,0.0
2,5,5.954415217974569,6.609884068642293,1,2798.8694260570874,1,3,2,4.034594938875696,11.081360720565204,0,1,4,1.0,0.0,0.0,0.0,0.0,0.0,0.0,1.0,0.0,0.0,0.0,0.0,1.0,0.0,1.0,0.0
3,2,9.847049491685695,6.985059406314987,3,1114.6482980704243,4,3,2,8.051850507631084,78.80403223964522,1,1,2,1.0,0.0,0.0,0.0,0.0,0.0,1.0,0.0,0.0,0.0,0.0,1.0,0.0,1.0,1.0,0.0
3,3,7.174427541827934,5.055832083547539,0,1192.4311231833979,0,1,2,5.997569598031715,83.71476843567,0,0,4,1.0,1.0,0.0,0.0,0.0,0.0,0.0,0.0,0.0,0.0,0.0,0.0,1.0,1.0,1.0,0.0
4,5,1.9372871142732278,7.6880793264250125,2,3166.828093673868,3,0,4,0.8994428139889656,28.44207975308688,1,1,0,0.0,0.0,0.0,0.0,0.0,0.0,1.0,0.0,0.0,0.0,0.0,0.0,1.0,0.0,0.0,0.0
3,2,2.784682107999581,5.774548037946335,1,3124.847116275604,4,1,2,0.8423548410703887,27.767413062814338,0,0,1,1.0,0.0,0.0,0.0,0.0,0.0,0.0,0.0,0.0,0.0,0.0,0.0,0.0,0.0,0.0,0.0
2,1,8.436210590795158,7.045748493332198,3,2510.8676582605062,0,3,1,8.394739261895985,272.45418454678514,0,1,2,1.0,0.0,0.0,0.0,0.0,0.0,0.0,0.0,0.0,0.0,0.0,1.0,0.0,0.0,1.0,0.0
2,4,9.970810058298701,8.599343161059387,2,992.041341444437,3,2,0,8.838544068288092,208.58869649121797,1,0,5,1.0,0.0,0.0,0.0,0.0,1.0,0.0,0.0,0.0,0.0,0.0,1.0,0.0,1.0,0.0,0.0
1,0,1.8850534018515073,4.10541942809192,3,1643.4475689547155,3,1,4,1.3140933713260674,93.341260567117,1,1,2,0.0,0.0,0.0,0.0,0.0,0.0,0.0,0.0,0.0,0.0,0.0,0.0,1.0,0.0,0.0,0.0
2,2,1.9029638606054355,7.383493159506239,1,1208.5322184773156,1,0,0,9.53661470799775,71.4962344379711,0,0,2,1.0,0.0,0.0,0.0,0.0,0.0,0.0,0.0,0.0,0.0,0.0,0.0,0.0,1.0,0.0,1.0
0,5,7.870483487289551,5.040670103864138,3,2515.5367455293863,0,1,2,4.146709448588931,12.864363866019989,0,0,5,0.0,0.0,0.0,0.0,0.0,0.0,0.0,0.0,0.0,0.0,0.0,1.0,1.0,0.0,0.0,0.0
4,2,1.5791885354488562,5.676300038703122,3,2839.7931625418832,4,2,3,0.8185096576486046,107.63616936893315,0,0,5,0.0,0.0,0.0,0.0,0.0,0.0,0.0,0.0,0.0,0.0,0.0,0.0,0.0,0.0,1.0,0.0
4,4,1.6170410445836272,4.208279680521987,3,926.4011660526668,0,2,0,4.00633246946477,90.34036985264855,0,1,0,0.0,0.0,0.0,0.0,1.0,0.0,1.0,0.0,0.0,0.0,0.0,0.0,1.0,1.0,0.0,0.0
0,3,8.999348347086963,5.016776561115414,1,3193.8674987210566,4,1,1,8.765701305557215,275.12394257334535,0,0,3,0.0,0.0,0.0,0.0,0.0,0.0,0.0,0.0,0.0,0.0,0.0,1.0,1.0,0.0,0.0,0.0
3,1,8.204048310866058,9.91977635972291,3,1888.47772155151,3,1,3,7.869338868986844,66.15256953518836,0,1,4,1.0,1.0,0.0,0.0,0.0,0.0,0.0,0.0,0.0,0.0,0.0,1.0,0.0,0.0,1.0,0.0
0,1,8.93406879877944,9.991136567195872,2,2885.017563484845,4,0,3,5.7776505287814475,121.54417326652556,1,0,3,0.0,0.0,0.0,0.0,0.0,0.0,0.0,0.0,0.0,0.0,0.0,1.0,0.0,0.0,0.0,0.0
3,3,6.854620619194783,8.319087519337884,0,654.912825625887,1,3,1,3.3558321597107246,204.60422583693375,0,1,5,1.0,1.0,0.0,0.0,0.0,0.0,0.0,0.0,0.0,0.0,0.0,1.0,0.0,1.0,1.0,0.0
0,0,3.902827797449726,7.671141128627161,3,1581.743561058313,0,1,2,5.015174192129168,96.35411244640633,1,0,5,0.0,0.0,0.0,0.0,1.0,0.0,0.0,0.0,0.0,0.0,0.0,0.0,0.0,1.0,0.0,0.0
2,2,9.15681871299512,8.66204171859559,0,544.3428430919755,3,3,3,4.579328166274541,234.53578796708337,0,1,1,1.0,1.0,0.0,0.0,0.0,0.0,0.0,0.0,0.0,0.0,0.0,1.0,0.0,1.0,1.0,0.0
3,2,3.688511724769886,9.37932563311097,2,2655.4541943069485,1,1,1,4.680272689839818,217.87692747152232,0,0,5,1.0,0.0,0.0,0.0,0.0,0.0,0.0,0.0,0.0,0.0,0.0,0.0,0.0,0.0,0.0,0.0
3,5,3.479597555093644,7.115830357392449,0,738.3529106935556,2,2,2,5.876315404967115,10.640685012604866,1,0,2,1.0,1.0,0.0,0.0,0.0,0.0,0.0,0.0,0.0,0.0,0.0,0.0,1.0,1.0,1.0,0.0
2,0,8.977603772734941,4.211703996506207,3,1514.8573730793337,2,2,1,5.463406052175969,256.74918834318106,0,1,0,1.0,1.0,0.0,0.0,0.0,0.0,0.0,0.0,0.0,0.0,0.0,1.0,1.0,0.0,1.0,0.0
4,5,7.12740333243887,8.256374923480315,2,2845.24604191642,1,1,4,1.2296268686298282,109.17002150808214,1,1,2,0.0,0.0,0.0,0.0,0.0,0.0,1.0,0.0,0.0,1.0,0.0,1.0,0.0,0.0,1.0,0.0
3,2,9.061048762383185,9.907615012434535,3,2746.899435298742,3,3,1,3.4820347941738863,28.756722926153945,0,1,1,1.0,1.0,0.0,0.0,0.0,0.0,0.0,0.0,0.0,0.0,0.0,1.0,0.0,0.0,1.0,0.0
1,3,2.4031116032857516,5.548317735831768,2,2420.868861118528,2,1,4,1.5493115506205846,209.50367957474353,1,0,5,0.0,0.0,0.0,0.0,0.0,0.0,0.0,0.0,0.0,0.0,0.0,0.0,1.0,0.0,0.0,0.0
3,3,9.570671179890683,6.7807933927666,2,2582.0619165241665,3,3,4,7.225154575042051,224.14399450934943,1,1,3,1.0,1.0,0.0,0.0,0.0,0.0,0.0,0.0,0.0,0.0,0.0,1.0,0.0,0.0,1.0,0.0
3,1,6.514679410302944,6.1676464063076875,3,2453.693975310718,3,3,0,5.0737802051988865,21.302909354897015,0,0,1,1.0,0.0,0.0,0.0,0.0,0.0,0.0,0.0,0.0,0.0,0.0,0.0,0.0,0.0,0.0,0.0
1,5,7.012315396840848,6.34280496537918,1,2423.8278770204906,3,1,4,8.063108495242759,106.17619656833249,1,0,0,0.0,0.0,0.0,0.0,0.0,0.0,0.0,0.0,0.0,0.0,0.0,1.0,1.0,0.0,1.0,0.0
3,1,9.226545222938064,8.328399963252142,2,1548.963920124199,1,0,0,1.0512384220602402,268.644146573021,1,0,2,1.0,0.0,0.0,0.0,0.0,0.0,0.0,0.0,0.0,0.0,0.0,1.0,0.0,0.0,0.0,0.0
4,0,4.426776772251658,6.2704263385363,1,584.4971122305668,3,3,1,4.138908873314078,200.83139080652242,1,0,1,0.0,0.0,0.0,0.0,0.0,0.0,1.0,0.0,0.0,0.0,0.0,0.0,1.0,1.0,1.0,0.0
4,4,7.47617495226276,9.64650475275236,0,1825.47754944734,1,3,0,2.1642208440029,160.1765098643573,1,1,2,0.0,0.0,0.0,0.0,0.0,0.0,1.0,0.0,0.0,0.0,0.0,1.0,0.0,0.0,1.0,0.0
3,3,6.763065590120355,8.737950722581363,3,636.3789547710342,4,3,0,1.1050525741554953,151.23389650430877,1,1,1,1.0,0.0,0.0,0.0,0.0,0.0,1.0,0.0,0.0,0.0,0.0,1.0,0.0,1.0,0.0,0.0
3,5,8.089774469793642,4.165882150526171,1,1906.6021853709256,4,3,2,9.281361349265353,182.52489977276858,1,0,3,1.0,1.0,0.0,0.0,0.0,0.0,0.0,1.0,1.0,0.0,0.0,0.0,1.0,0.0,1.0,1.0
1,2,9.072485126499766,8.911293292202348,0,1892.23693018927,2,0,3,1.571239455966802,195.9062805641223,0,1,3,0.0,0.0,0.0,0.0,0.0,0.0,0.0,0.0,0.0,0.0,0.0,1.0,0.0,0.0,0.0,0.0
3,0,7.120547698870852,8.637144534631952,3,1036.1646117914577,0,3,2,2.098979016879085,20.650973631799474,1,1,4,1.0,0.0,0.0,0.0,0.0,0.0,0.0,0.0,0.0,0.0,0.0,0.0,0.0,1.0,1.0,0.0
1,0,1.6087559905275792,7.098962370287401,3,2852.784891107558,4,0,2,4.401332384540291,100.24448700343,1,1,3,0.0,0.0,0.0,0.0,0.0,0.0,0.0,0.0,0.0,0.0,0.0,0.0,0.0,0.0,0.0,0.0
2,2,2.648263112648022,6.980904380478481,2,2612.6280257312933,2,0,3,3.5131534813008667,157.9955856650826,0,0,4,1.0,0.0,0.0,0.0,0.0,0.0,0.0,0.0,0.0,0.0,0.0,0.0,1.0,0.0,0.0,0.0
1,1,9.585803640403757,9.013161420801719,1,2178.618622102833,4,0,2,11.037824260534101,219.1024419048297,1,1,1,0.0,0.0,0.0,0.0,0.0,0.0,1.0,0.0,0.0,0.0,0.0,1.0,0.0,0.0,0.0,1.0
1,5,9.717854260395036,6.54871173497821,3,3277.725740365062,0,0,2,11.863757219413007,222.83241800725128,1,0,0,0.0,0.0,0.0,1.0,0.0,0.0,0.0,0.0,0.0,0.0,0.0,1.0,0.0,0.0,1.0,1.0
0,0,9.706719823285262,4.956774059759791,2,1361.5613396306326,1,0,2,5.068808416552255,181.65279966421284,1,0,3,0.0,0.0,0.0,0.0,1.0,0.0,0.0,0.0,0.0,0.0,0.0,1.0,1.0,0.0,1.0,0.0
4,5,1.3311946036010618,5.877392997094196,1,1286.0966643949805,1,0,1,2.4136180089555728,175.95744919703432,1,0,5,0.0,0.0,0.0,0.0,0.0,0.0,1.0,0.0,0.0,0.0,0.0,0.0,1.0,1.0,0.0,0.0
0,1,4.442033511544764,5.5912144201449365,1,1050.307446657167,4,1,3,5.977340235513957,110.32525554868099,0,1,2,0.0,0.0,0.0,0.0,1.0,0.0,0.0,0.0,0.0,0.0,0.0,0.0,1.0,0.0,0.0,0.0
0,0,7.837054335891964,8.086354177908701,3,2133.3193633450996,2,1,4,5.94802324483033,250.4100199562061,1,1,4,0.0,0.0,0.0,0.0,0.0,0.0,0.0,0.0,0.0,0.0,0.0,0.0,0.0,0.0,1.0,0.0
4,1,7.775972232920478,5.073240100245071,3,1116.0715480957415,0,1,1,5.592463673381438,274.9200689284958,1,1,5,0.0,0.0,0.0,0.0,0.0,0.0,1.0,0.0,0.0,0.0,0.0,0.0,1.0,1.0,0.0,0.0
2,0,1.7731801445496265,7.868634618596842,2,3106.6867352048544,3,0,2,0.24403474623845955,253.8952232319899,0,1,0,1.0,0.0,0.0,0.0,0.0,0.0,0.0,0.0,0.0,0.0,0.0,0.0,0.0,0.0,0.0,0.0
2,2,6.485399983805671,6.795801683582571,0,1412.9293114514116,0,3,4,1.5405234536103967,261.57629815967107,1,0,0,1.0,1.0,0.0,0.0,0.0,0.0,0.0,0.0,0.0,0.0,0.0,0.0,1.0,1.0,1.0,0.0
3,1,2.285826566867717,9.037965576470691,0,1972.7930307081813,2,1,1,1.6921030646444604,272.6430235201889,1,1,3,1.0,0.0,0.0,0.0,0.0,0.0,0.0,0.0,0.0,0.0,0.0,0.0,0.0,0.0,0.0,0.0
1,3,5.43888399581014,6.909992459304807,1,2088.532294790487,4,1,2,4.221133218846049,60.61909065228682,0,0,5,0.0,0.0,0.0,0.0,0.0,0.0,0.0,0.0,0.0,0.0,0.0,0.0,1.0,0.0,0.0,0.0
0,3,3.157171307570094,9.578823607416297,2,1422.9396423064954,2,0,1,6.969454426773666,154.16297150492403,1,1,4,0.0,0.0,0.0,0.0,1.0,0.0,0.0,0.0,0.0,0.0,0.0,0.0,0.0,1.0,0.0,1.0
3,0,1.478450545612549,9.402814767313526,3,2715.2588632090647,2,0,1,10.534122327264425,160.36208931989873,0,1,5,1.0,0.0,0.0,0.0,0.0,0.0,0.0,0.0,0.0,0.0,0.0,0.0,0.0,0.0,0.0,0.0
0,0,1.720174829739486,5.111725474624137,3,2576.2188087012696,0,0,2,2.6802742512845215,145.62747123194174,1,1,0,0.0,0.0,0.0,0.0,0.0,0.0,0.0,0.0,0.0,0.0,0.0,0.0,1.0,0.0,1.0,0.0
2,0,9.198036547569174,8.1169981141113,1,2782.4330846637336,2,3,4,9.254400693722493,254.54655587075666,1,0,3,1.0,0.0,0.0,0.0,0.0,0.0,0.0,0.0,0.0,0.0,0.0,1.0,1.0,0.0,1.0,0.0
4,1,7.701813677813806,5.287748494724651,0,2317.7614093729817,4,0,0,2.7144943123475125,97.51167997111617,1,1,4,0.0,0.0,0.0,0.0,0.0,0.0,1.0,0.0,0.0,0.0,0.0,1.0,1.0,0.0,0.0,0.0
4,0,9.386415835956553,8.939825837382745,1,1880.546876779633,4,2,1,0.3914004155627704,48.39411188574656,1,0,4,0.0,0.0,0.0,0.0,0.0,0.0,1.0,0.0,0.0,0.0,0.0,1.0,0.0,0.0,0.0,0.0
1,1,5.229909391001974,7.814338927219415,0,1846.7512896275487,4,2,4,7.798299982909898,82.29018404990791,0,1,0,0.0,0.0,0.0,0.0,0.0,0.0,0.0,0.0,0.0,0.0,0.0,0.0,1.0,0.0,1.0,1.0
3,3,4.719632490575238,5.764706165689907,3,2649.6036848553968,1,0,0,2.5755951693350934,42.938295204039136,0,1,0,1.0,0.0,0.0,0.0,0.0,0.0,0.0,0.0,0.0,0.0,0.0,0.0,0.0,0.0,0.0,0.0
3,1,4.22566563251886,5.494741770301038,0,1631.105723166548,0,1,2,11.035860100087008,121.43701352466638,0,1,5,1.0,0.0,0.0,0.0,0.0,0.0,0.0,0.0,0.0,0.0,0.0,0.0,1.0,0.0,0.0,0.0
2,1,6.54676386446881,6.57746593027258,3,1811.779343336558,1,0,0,11.201032965588954,35.043329984038486,1,1,2,1.0,0.0,0.0,0.0,0.0,0.0,0.0,0.0,0.0,0.0,0.0,0.0,0.0,0.0,0.0,1.0
0,2,4.164034482742002,8.804337828766787,2,991.013357666103,1,0,2,1.260381456146816,26.272728995625016,0,1,1,0.0,0.0,0.0,0.0,1.0,0.0,0.0,0.0,0.0,0.0,0.0,0.0,0.0,1.0,1.0,0.0
1,3,7.716459105838055,8.77696965423671,0,2538.8913689641404,0,2,3,2.3366241615075305,135.3015748536634,0,1,1,0.0,0.0,0.0,0.0,0.0,0.0,0.0,0.0,0.0,0.0,0.0,1.0,1.0,0.0,1.0,0.0
3,1,8.21185593594276,4.200257353329613,2,730.7742477043796,3,2,3,2.5249633058561596,180.34222447360534,0,0,1,1.0,1.0,0.0,0.0,0.0,0.0,0.0,0.0,0.0,0.0,0.0,1.0,1.0,1.0,1.0,0.0
4,1,8.88260134086443,5.813723292825401,2,3471.536482641445,2,1,2,10.937262074045627,182.29256375379236,0,0,3,0.0,0.0,0.0,0.0,0.0,0.0,0.0,0.0,0.0,0.0,0.0,1.0,0.0,0.0,0.0,1.0
0,2,3.1852083722074953,6.5371057808183055,0,931.2127315088469,3,0,3,0.9362856663114947,27.685995975370258,1,1,3,0.0,0.0,0.0,0.0,1.0,0.0,0.0,0.0,0.0,0.0,0.0,0.0,1.0,1.0,0.0,0.0
3,0,5.743198443631378,7.5134920806654595,0,1648.935188355279,0,2,2,9.014016448677543,291.4724851303977,0,1,5,1.0,1.0,0.0,0.0,0.0,0.0,0.0,0.0,0.0,0.0,0.0,0.0,1.0,0.0,1.0,1.0
4,2,3.0110015505685497,4.897162052888194,1,1213.341898694844,3,3,3,3.452455523862719,36.52388660918826,0,0,2,0.0,0.0,0.0,0.0,0.0,0.0,0.0,0.0,0.0,0.0,0.0,0.0,1.0,1.0,1.0,0.0
4,5,1.3380024107830701,6.011698123173549,0,1371.9743779515247,0,3,0,6.9892147368492,198.13903927900594,1,0,0,0.0,0.0,0.0,0.0,1.0,0.0,1.0,1.0,0.0,0.0,0.0,0.0,1.0,1.0,1.0,0.0
2,2,7.370427737528539,9.313582123407752,2,1467.3597479121938,3,0,0,2.127384694850046,266.59214903897697,1,1,3,1.0,1.0,0.0,0.0,0.0,0.0,0.0,0.0,0.0,0.0,0.0,0.0,0.0,0.0,0.0,0.0
0,0,5.940831465416122,6.8592850804818974,2,2655.009917163137,4,2,0,9.678355891887996,265.4298126282721,0,1,2,0.0,0.0,0.0,0.0,0.0,0.0,0.0,0.0,0.0,0.0,0.0,1.0,0.0,0.0,0.0,0.0
1,4,7.515345515977753,8.464859356260636,0,1030.2478194633468,1,0,2,8.04926329087767,153.63868986784263,0,1,1,0.0,0.0,0.0,0.0,0.0,0.0,0.0,0.0,0.0,0.0,0.0,0.0,0.0,1.0,0.0,0.0
4,0,1.7886062026588339,6.9086710389780395,0,1291.5696265380197,1,3,1,0.2537608546079668,83.23584038240043,1,0,4,0.0,0.0,0.0,0.0,0.0,0.0,1.0,0.0,0.0,0.0,0.0,0.0,1.0,1.0,1.0,0.0
4,1,9.959735611557477,6.789895458402782,2,803.6182708113324,2,1,1,2.8455906512263685,248.36084374940236,1,0,5,0.0,0.0,0.0,0.0,0.0,0.0,1.0,0.0,0.0,0.0,0.0,1.0,0.0,1.0,0.0,0.0
3,0,9.949137102523288,7.731553150501025,1,1494.37999614223,2,2,2,5.596203156005675,183.77693886248883,0,1,2,1.0,0.0,0.0,0.0,0.0,0.0,0.0,0.0,0.0,0.0,0.0,1.0,0.0,1.0,1.0,0.0
0,5,5.184998429531614,5.556187073137705,1,3323.725230081566,2,2,4,6.374105420995567,237.3139783942819,0,0,4,0.0,0.0,0.0,0.0,0.0,0.0,0.0,0.0,0.0,0.0,0.0,0.0,1.0,0.0,1.0,1.0
0,5,8.794528436654524,5.498812595837499,1,1640.3269480500119,0,2,1,9.927257756019094,119.99761014978056,0,1,3,0.0,0.0,0.0,1.0,0.0,0.0,0.0,0.0,0.0,0.0,0.0,1.0,1.0,0.0,1.0,0.0
2,3,3.1921170022500114,9.936123129349653,0,2832.014912139598,1,3,2,4.643574876907497,274.0285980297138,0,0,4,1.0,0.0,0.0,0.0,0.0,0.0,0.0,0.0,0.0,0.0,0.0,0.0,0.0,0.0,0.0,0.0
2,3,7.638095451009673,9.213952055915334,3,1885.1118140002825,2,0,2,11.122132875682004,278.87780073652505,0,0,2,1.0,0.0,0.0,0.0,0.0,0.0,0.0,0.0,0.0,0.0,0.0,1.0,0.0,0.0,0.0,1.0
0,3,8.913032711322092,8.426529378697868,3,1848.7990529360948,3,3,3,2.3266248155960723,221.20412871346375,1,1,1,0.0,0.0,0.0,0.0,0.0,0.0,1.0,0.0,0.0,0.0,0.0,0.0,0.0,0.0,1.0,0.0
3,3,8.331996394727007,4.8228672343331995,2,2971.912832010244,3,1,3,10.29255579345227,282.77004931961665,0,1,3,1.0,0.0,0.0,0.0,0.0,0.0,0.0,0.0,0.0,0.0,0.0,1.0,1.0,0.0,0.0,1.0
2,3,8.305966704170416,4.1813482671086,1,580.4583607213234,3,0,4,10.851594360306173,136.04946226862182,0,1,2,1.0,0.0,0.0,0.0,0.0,0.0,0.0,0.0,0.0,0.0,0.0,1.0,1.0,1.0,0.0,0.0
0,5,5.167239688799786,5.052475025182558,0,3094.6594976284396,2,1,3,7.520243602432589,58.33908602682756,0,1,0,0.0,0.0,0.0,0.0,0.0,0.0,0.0,0.0,0.0,0.0,0.0,0.0,1.0,0.0,0.0,0.0
0,4,8.379909530008955,9.62638578704512,1,1955.625354800558,2,0,4,11.61028570215098,196.771213983939,1,1,4,0.0,0.0,0.0,0.0,0.0,0.0,0.0,0.0,0.0,0.0,0.0,1.0,0.0,0.0,0.0,1.0
2,0,7.216343317191704,8.897738621493927,3,1553.3815555521776,1,2,3,4.92704755539391,196.0095268327217,0,0,3,1.0,0.0,0.0,0.0,0.0,0.0,0.0,0.0,0.0,0.0,0.0,0.0,0.0,1.0,1.0,0.0
3,2,2.1920625832978393,7.138456074931458,0,3220.5048528767024,1,1,2,8.39139796120128,147.39660770410023,1,0,3,1.0,0.0,0.0,0.0,0.0,0.0,0.0,0.0,0.0,0.0,0.0,0.0,1.0,0.0,0.0,1.0
4,5,2.0276596365806814,9.812683548210263,3,1519.5780553206064,1,1,2,0.12117215506177814,78.18556855870084,0,1,3,0.0,0.0,0.0,0.0,0.0,0.0,1.0,0.0,0.0,0.0,0.0,0.0,0.0,1.0,1.0,0.0
2,2,7.9472992234117585,4.879492617413806,1,3433.0920652585883,2,1,2,3.2961654511331453,187.30288581846256,1,0,5,1.0,0.0,0.0,0.0,0.0,0.0,0.0,0.0,0.0,0.0,0.0,1.0,1.0,0.0,1.0,0.0
1,1,6.629176798956315,7.354902640036221,1,3309.069497848864,0,2,1,6.796428075947446,54.23392161905491,1,0,1,0.0,0.0,0.0,0.0,0.0,0.0,0.0,0.0,0.0,0.0,0.0,1.0,0.0,0.0,0.0,0.0
4,5,5.674385054722397,5.099332758392259,3,1303.769636650226,1,3,1,10.511205132455,225.98968603040493,1,0,0,0.0,0.0,0.0,0.0,0.0,0.0,1.0,1.0,0.0,0.0,0.0,0.0,0.0,0.0,0.0,1.0
2,3,9.165356117639453,5.838571628825836,3,1521.8081594710445,0,1,3,11.435108070494309,272.0436097727962,1,1,3,1.0,0.0,0.0,0.0,0.0,0.0,0.0,0.0,0.0,0.0,0.0,1.0,1.0,0.0,1.0,1.0
1,3,6.936313211840967,9.640810113779354,3,2936.5026380511545,2,0,3,6.953200469506328,49.98636175809561,0,1,5,0.0,0.0,0.0,0.0,0.0,0.0,0.0,0.0,0.0,0.0,0.0,0.0,0.0,0.0,0.0,0.0
2,2,4.565320705794702,9.209671099292102,1,1086.8302467941794,2,2,0,10.270446399099129,246.0813916074782,1,0,2,1.0,0.0,0.0,0.0,0.0,0.0,0.0,0.0,0.0,0.0,0.0,0.0,0.0,1.0,0.0,1.0
0,0,4.725386273585654,4.610792713783517,2,2695.854692214567,0,3,4,9.5907889089542,59.5416051075575,0,1,2,0.0,0.0,0.0,0.0,0.0,0.0,0.0,0.0,0.0,0.0,0.0,0.0,1.0,0.0,1.0,0.0
1,2,6.447199247358264,5.497262833365631,1,887.4534410255698,0,1,3,9.284087869140752,150.12728570653937,0,1,3,0.0,0.0,0.0,0.0,0.0,0.0,0.0,0.0,0.0,0.0,0.0,1.0,1.0,1.0,1.0,0.0
2,2,7.842477562177136,7.567044817492303,0,1116.816580237898,2,0,2,1.3375043316193005,278.77383509524697,1,1,2,1.0,0.0,0.0,0.0,0.0,0.0,1.0,0.0,0.0,0.0,0.0,1.0,0.0,0.0,0.0,0.0
4,5,6.079179762542117,4.368116724044946,1,2001.5174287660031,1,3,2,5.743667938076489,24.813215269120615,0,1,3,0.0,0.0,0.0,0.0,0.0,0.0,1.0,0.0,0.0,0.0,0.0,0.0,1.0,0.0,1.0,0.0
3,1,5.578847939972618,7.300507884108624,0,2737.645180449269,4,1,2,5.835113676012114,26.930016016345746,0,0,5,1.0,0.0,0.0,0.0,0.0,0.0,0.0,0.0,0.0,0.0,0.0,1.0,1.0,0.0,0.0,0.0
3,0,7.542106323887636,7.506948614764064,0,2718.285930653547,0,1,2,9.449498803652373,287.6170450625172,0,0,2,1.0,0.0,0.0,0.0,0.0,0.0,0.0,0.0,0.0,0.0,0.0,1.0,1.0,0.0,0.0,1.0
2,2,7.347380949163327,5.7458030879827575,2,2326.7668167402358,2,1,2,7.033290148666584,47.654806613853616,1,0,2,1.0,0.0,0.0,0.0,0.0,0.0,0.0,0.0,0.0,0.0,0.0,1.0,0.0,0.0,0.0,0.0
0,5,8.47312156552205,5.75873788075074,2,1316.3380216877176,4,2,4,9.838232399654714,102.61428861873863,1,0,4,0.0,0.0,0.0,0.0,0.0,0.0,0.0,1.0,0.0,0.0,0.0,1.0,0.0,0.0,0.0,1.0
1,2,1.5629660764956497,5.374475612620425,1,1746.1335924302584,0,0,0,11.47740695544873,137.69820006232135,0,0,4,0.0,0.0,0.0,0.0,0.0,0.0,0.0,0.0,0.0,0.0,0.0,0.0,1.0,0.0,0.0,1.0
4,2,7.7945691887378095,9.614058221176258,2,1238.642799752481,2,2,1,6.6559662475669,2.0087937417845314,0,1,2,0.0,0.0,0.0,0.0,0.0,0.0,0.0,0.0,0.0,0.0,0.0,0.0,0.0,0.0,1.0,0.0
0,4,5.62384405856521,6.333226844194465,3,1331.0522751223907,2,1,1,9.500532405537706,56.42411760053145,0,0,3,0.0,0.0,0.0,0.0,1.0,0.0,0.0,0.0,0.0,0.0,0.0,1.0,0.0,1.0,0.0,0.0
4,3,1.6722380802983667,7.511614378683342,3,1469.6720620956985,2,1,0,6.726719837059633,248.5216261368969,1,0,2,0.0,0.0,0.0,0.0,0.0,0.0,1.0,0.0,0.0,0.0,0.0,0.0,0.0,1.0,0.0,0.0
3,1,7.111090253525678,5.809447445521087,2,2296.5431331005675,4,0,0,7.508432166043407,155.65615183029104,1,1,2,1.0,0.0,0.0,0.0,0.0,0.0,1.0,0.0,0.0,0.0,0.0,1.0,0.0,0.0,0.0,0.0
1,5,7.448861746017485,8.215984026489426,0,1122.7846656534975,2,3,4,5.712075926527452,118.16939704469603,0,1,2,0.0,0.0,0.0,0.0,0.0,0.0,0.0,0.0,0.0,0.0,0.0,1.0,0.0,1.0,1.0,0.0
3,3,5.71264452590216,4.608647626351855,2,627.7085575522927,1,1,3,11.515144365224034,204.59090331864863,0,1,0,1.0,0.0,0.0,0.0,0.0,0.0,0.0,0.0,0.0,0.0,0.0,1.0,1.0,1.0,1.0,1.0
4,0,8.144190798847866,4.429849258567984,0,2577.363955397488,1,3,1,9.810927699035428,97.43074927396613,1,1,2,0.0,0.0,0.0,0.0,0.0,0.0,1.0,0.0,0.0,0.0,0.0,1.0,1.0,0.0,0.0,0.0
0,2,3.7022329776637135,8.465702563491318,0,565.4192018174608,3,3,1,9.023296584301391,131.56153416089492,0,1,1,0.0,0.0,0.0,0.0,1.0,0.0,0.0,0.0,0.0,0.0,0.0,0.0,0.0,1.0,0.0,0.0
0,5,2.817164966782925,8.3600077498921,1,3412.3544535772053,1,3,2,3.9549999027519145,298.1179057552258,1,0,4,0.0,0.0,0.0,0.0,0.0,0.0,0.0,0.0,0.0,0.0,0.0,0.0,0.0,0.0,0.0,0.0
3,2,4.156605565689507,5.590008016843973,1,1550.856530740012,3,1,3,5.824979889067102,232.28584485137657,1,0,3,1.0,0.0,0.0,0.0,0.0,0.0,0.0,0.0,0.0,0.0,0.0,0.0,1.0,0.0,0.0,0.0
4,3,4.6904546196637975,6.13028027634813,0,519.7441169575479,1,3,1,10.354907696718215,166.19199154119707,0,0,4,0.0,0.0,0.0,0.0,1.0,0.0,0.0,1.0,0.0,0.0,0.0,0.0,1.0,1.0,1.0,0.0
0,3,7.26340242161952,9.743563007996933,0,3153.7559342435616,0,2,0,11.236598845271484,158.02363806490365,1,1,1,0.0,0.0,0.0,0.0,0.0,0.0,1.0,0.0,0.0,0.0,0.0,1.0,0.0,0.0,1.0,1.0
3,4,8.60967944090405,4.625981769971886,3,2299.4136000104836,2,1,2,11.970600125458153,253.28158769931915,0,1,0,1.0,0.0,0.0,0.0,0.0,0.0,0.0,0.0,0.0,0.0,0.0,1.0,1.0,0.0,0.0,1.0
0,5,7.488263710708089,5.098882399280026,2,2952.1768845230204,1,1,2,8.813150879584992,180.2600848119172,0,1,2,0.0,0.0,0.0,0.0,0.0,0.0,0.0,0.0,0.0,0.0,0.0,1.0,1.0,0.0,0.0,0.0
3,0,2.5658880316264137,6.5802301898394,2,1805.0741469078964,1,3,2,8.770062628427088,101.78359642241166,0,1,2,1.0,0.0,0.0,0.0,0.0,0.0,0.0,0.0,0.0,0.0,0.0,0.0,0.0,0.0,1.0,0.0
3,3,4.295953763202316,5.6925934363331505,0,1562.5456490418,1,1,0,1.126504207054769,125.33751193977943,0,0,2,1.0,0.0,0.0,0.0,0.0,0.0,0.0,0.0,0.0,0.0,0.0,0.0,1.0,0.0,0.0,0.0
0,3,2.425723421030002,7.894051291793243,3,2465.568329143791,0,3,4,9.018489992810073,55.01690855579977,1,0,0,0.0,0.0,0.0,0.0,0.0,0.0,0.0,0.0,0.0,0.0,0.0,0.0,0.0,0.0,1.0,1.0
3,0,7.180517796022462,8.143610337680107,1,1718.0026246733853,1,0,3,4.160895774607665,287.85617404726236,0,0,1,1.0,1.0,0.0,0.0,0.0,0.0,0.0,0.0,0.0,0.0,0.0,1.0,1.0,0.0,0.0,0.0
4,4,3.233546903952047,7.158328503340571,2,2168.625794062764,4,3,3,10.37548242958664,195.66189332715726,1,1,4,0.0,0.0,0.0,0.0,0.0,0.0,1.0,0.0,0.0,0.0,0.0,0.0,0.0,0.0,1.0,1.0
4,0,5.728482395666621,7.667183808416619,1,1333.4686343442318,1,1,4,0.13500934918721752,119.57112622741715,1,0,5,0.0,0.0,0.0,0.0,1.0,0.0,1.0,0.0,0.0,0.0,0.0,0.0,0.0,0.0,0.0,0.0
0,2,8.126468588752159,6.600524992122069,0,1497.936220192325,3,3,2,11.212627702908335,107.96637633407342,0,0,5,0.0,0.0,0.0,0.0,0.0,0.0,0.0,0.0,0.0,0.0,0.0,0.0,1.0,0.0,1.0,0.0
1,1,7.038453474294536,8.562323522350997,1,746.5722896651641,2,3,2,5.806570085290112,272.0976942345109,1,0,3,0.0,0.0,0.0,0.0,0.0,0.0,0.0,0.0,0.0,0.0,0.0,1.0,0.0,1.0,1.0,0.0
1,0,3.6853659159861945,4.252590987077618,0,2844.115960155096,0,2,3,1.5354690618445832,108.09466610213816,0,1,3,0.0,0.0,0.0,0.0,0.0,0.0,0.0,0.0,0.0,0.0,0.0,0.0,1.0,0.0,1.0,0.0
2,4,3.9958007555470676,5.877348019935285,3,1546.5524809216913,4,3,3,7.211983006365571,226.90943833580087,0,1,3,1.0,0.0,0.0,0.0,0.0,0.0,0.0,0.0,0.0,0.0,0.0,0.0,1.0,0.0,0.0,0.0
0,1,6.880278579427286,8.106580248369365,1,3424.9974362933735,4,2,4,8.304430245334576,250.6278972635887,0,0,2,0.0,0.0,0.0,0.0,0.0,0.0,0.0,0.0,0.0,0.0,0.0,1.0,0.0,0.0,1.0,0.0
4,1,5.945209744059497,5.977870647252295,3,1279.2764723563755,1,3,3,9.35757980092278,272.9401017464553,0,0,1,0.0,0.0,0.0,0.0,1.0,0.0,0.0,0.0,0.0,0.0,0.0,1.0,0.0,0.0,1.0,1.0
3,5,1.8675413872303994,4.471211682657697,3,1925.1580408085772,0,2,0,8.422170273130883,111.9155563046979,0,0,0,1.0,0.0,0.0,0.0,0.0,0.0,0.0,0.0,0.0,0.0,0.0,0.0,0.0,0.0,1.0,1.0
4,5,8.865924303461915,6.070080570800652,0,1416.5966016151733,4,0,1,6.640503529634752,229.5980709917796,1,0,0,0.0,0.0,0.0,0.0,0.0,0.0,1.0,0.0,0.0,0.0,0.0,1.0,1.0,0.0,0.0,0.0
0,0,5.613519232482657,8.26896863073198,1,2581.776124747021,0,1,2,0.9833283032023941,98.06453005079914,1,0,1,0.0,0.0,0.0,0.0,0.0,0.0,0.0,0.0,0.0,0.0,0.0,0.0,0.0,0.0,1.0,0.0
0,1,5.260249118777188,4.7319091915199065,0,2925.097758861262,4,0,2,10.354780505211236,283.2057375992261,0,0,2,0.0,0.0,0.0,0.0,0.0,0.0,0.0,0.0,0.0,0.0,0.0,0.0,1.0,0.0,0.0,1.0
4,4,2.7859540296903607,8.347788185269927,0,1961.0321915536326,0,2,0,11.800853932282749,3.3480485053664077,0,0,3,0.0,0.0,0.0,0.0,0.0,0.0,0.0,0.0,0.0,0.0,0.0,0.0,1.0,0.0,0.0,0.0
1,4,4.392944370734836,8.652734298145454,3,1600.782672218636,4,0,1,9.336083832818879,171.0571348598646,0,1,5,0.0,0.0,0.0,0.0,0.0,0.0,0.0,0.0,0.0,0.0,0.0,0.0,0.0,1.0,0.0,0.0
3,5,3.995423760835892,7.811804466536193,2,2734.253957191539,4,1,1,0.41690610503727576,152.9855810681788,0,0,5,1.0,0.0,0.0,0.0,0.0,0.0,0.0,0.0,0.0,0.0,0.0,0.0,0.0,0.0,0.0,0.0
4,3,3.4366211454648417,5.465404291348865,1,1074.3651321920756,1,3,0,9.068374505093203,263.2867432475827,1,0,1,0.0,0.0,0.0,0.0,0.0,0.0,1.0,0.0,0.0,0.0,0.0,0.0,1.0,1.0,1.0,1.0
0,0,6.106659171820958,8.831772143170369,0,2298.399014636396,1,2,3,3.235692442633101,64.89367558361093,1,0,3,0.0,0.0,0.0,0.0,0.0,0.0,0.0,0.0,0.0,0.0,0.0,1.0,0.0,0.0,0.0,0.0
0,5,5.160478242522538,5.286655010670792,2,2700.873380818759,0,1,1,11.545202217915488,26.186370386272472,1,1,3,0.0,0.0,0.0,0.0,0.0,0.0,1.0,0.0,0.0,0.0,0.0,1.0,1.0,0.0,1.0,0.0
0,0,9.002779167832005,9.434925713028104,2,1307.8088341372181,3,2,3,0.7620907201716975,253.93186876045672,0,1,5,0.0,0.0,0.0,0.0,0.0,0.0,0.0,0.0,0.0,0.0,0.0,1.0,0.0,0.0,1.0,0.0
0,0,9.472095793424447,8.239874194852494,0,2467.0980203420586,1,2,4,1.1071007139565605,105.03056862719696,0,0,2,0.0,0.0,0.0,0.0,0.0,0.0,0.0,0.0,0.0,0.0,0.0,1.0,1.0,0.0,1.0,0.0
0,4,2.975260863052818,4.328319559882358,0,2705.6784352607783,3,1,4,2.176444048492138,97.47577425977929,0,1,2,0.0,0.0,0.0,0.0,0.0,0.0,0.0,0.0,0.0,0.0,0.0,0.0,1.0,0.0,0.0,0.0
4,3,1.9009488589048946,8.795722711969978,1,852.2498884522174,3,2,4,9.037897331413959,31.593140239378116,0,0,4,0.0,0.0,0.0,0.0,1.0,0.0,0.0,0.0,0.0,0.0,0.0,0.0,0.0,1.0,1.0,0.0
3,0,8.068037963389745,7.038601242159444,2,1471.7224530175095,2,0,2,7.8168595464975805,276.01767370061043,0,1,0,1.0,1.0,0.0,0.0,0.0,0.0,0.0,0.0,0.0,0.0,0.0,1.0,0.0,0.0,0.0,1.0
4,1,9.95375263274748,6.7158933778783085,3,1718.918143802565,1,1,1,8.726840465980537,189.88734888234688,0,1,0,0.0,0.0,0.0,0.0,0.0,0.0,0.0,0.0,0.0,1.0,0.0,1.0,0.0,0.0,1.0,0.0
4,3,8.772400628687388,6.523067156190921,1,2827.872191179694,1,1,0,4.246610929705245,207.65513295578572,1,0,3,0.0,0.0,0.0,0.0,0.0,0.0,1.0,0.0,0.0,0.0,0.0,1.0,1.0,0.0,0.0,0.0
4,1,1.2132766190686124,7.6397803986455015,0,2202.5153987376198,2,2,3,10.554909082139456,269.38139940911367,0,1,1,0.0,0.0,0.0,0.0,0.0,0.0,1.0,0.0,0.0,0.0,0.0,0.0,0.0,0.0,0.0,1.0
1,4,3.261371956358194,8.347471004697768,3,1848.6844194107316,0,2,0,5.355072914592078,253.15635811583155,1,1,1,0.0,0.0,0.0,0.0,0.0,0.0,0.0,0.0,0.0,0.0,0.0,0.0,0.0,0.0,1.0,0.0
1,2,1.3900804933713753,9.375859694347364,1,1456.3173460126882,2,3,1,1.6093733046105143,135.54416123759466,1,0,4,0.0,0.0,0.0,0.0,0.0,0.0,0.0,0.0,0.0,0.0,0.0,0.0,0.0,0.0,1.0,0.0
4,3,8.3870143933705,5.6376688776833515,2,512.1841016746511,3,1,1,9.209688448001131,47.93161246219052,1,0,1,0.0,0.0,0.0,0.0,1.0,0.0,1.0,0.0,0.0,0.0,0.0,1.0,0.0,1.0,0.0,0.0
1,2,6.232662786630847,7.7846576374625425,0,560.660272890761,2,0,1,6.3544605265786505,201.6941707956648,0,1,0,0.0,0.0,0.0,0.0,0.0,0.0,0.0,0.0,0.0,0.0,0.0,0.0,0.0,1.0,0.0,0.0
0,2,5.623466870503485,8.118055668808779,0,1221.3386772087758,1,0,1,7.12093212596609,195.2145692606031,1,0,0,0.0,0.0,0.0,0.0,1.0,0.0,0.0,0.0,0.0,0.0,0.0,0.0,0.0,0.0,0.0,1.0
3,2,5.990048937968748,8.048782838721355,0,850.0718175052777,4,3,1,4.621449747095215,14.123875509857575,1,1,5,1.0,0.0,0.0,0.0,0.0,0.0,0.0,0.0,0.0,0.0,0.0,0.0,0.0,1.0,0.0,0.0
4,4,3.27206132826932,6.95800388669782,3,858.7597910833263,2,1,2,8.528634481434517,269.82040374514764,1,1,3,0.0,0.0,0.0,0.0,0.0,0.0,1.0,0.0,0.0,0.0,0.0,0.0,0.0,0.0,0.0,0.0
4,3,6.4147453222497655,6.3461352892222065,0,2308.218872199339,3,3,4,0.42681545062712,100.57177244480904,1,1,0,0.0,0.0,0.0,0.0,0.0,0.0,1.0,0.0,0.0,1.0,0.0,1.0,1.0,0.0,1.0,0.0
4,3,1.2760028061762698,8.57427290240255,3,2316.3659696605837,0,1,3,5.894109188811573,128.63392424760883,1,0,1,0.0,0.0,0.0,0.0,0.0,0.0,1.0,0.0,0.0,0.0,0.0,0.0,0.0,0.0,1.0,0.0
0,3,6.814105515737556,5.800058824244808,3,634.316328312029,4,1,3,5.125902923623899,154.1344186624226,1,1,1,0.0,0.0,0.0,0.0,1.0,0.0,1.0,0.0,0.0,0.0,0.0,1.0,0.0,1.0,0.0,0.0
3,1,7.609904471609477,5.248318974389459,2,2281.80575540124,3,0,0,8.957736379753019,273.605770922556,0,0,5,1.0,1.0,0.0,0.0,0.0,0.0,0.0,0.0,0.0,0.0,0.0,1.0,1.0,0.0,0.0,1.0
4,5,7.057236373406445,7.274975162560743,3,937.4557821011047,4,3,0,3.190430513861915,51.146961168946866,0,1,3,0.0,0.0,0.0,0.0,1.0,0.0,0.0,1.0,0.0,0.0,0.0,1.0,0.0,1.0,0.0,0.0
3,3,3.989057664809982,5.605665145973061,3,1631.6772044217182,3,1,0,2.804537182632262,110.60693828846917,0,0,5,1.0,0.0,0.0,0.0,0.0,0.0,0.0,0.0,0.0,0.0,0.0,0.0,1.0,0.0,0.0,0.0
4,4,8.436366236147883,4.199398976587235,2,3469.051579002747,2,1,4,3.8379872470961107,150.4021518508289,0,1,2,0.0,0.0,0.0,0.0,0.0,0.0,1.0,0.0,0.0,0.0,0.0,1.0,1.0,0.0,0.0,0.0
4,5,7.439895974057339,4.309454460293832,3,2066.0160896613465,2,2,0,5.766523087315843,297.5696179359085,0,0,4,0.0,0.0,0.0,0.0,0.0,0.0,0.0,0.0,0.0,0.0,0.0,0.0,1.0,0.0,0.0,0.0
2,5,2.154675906318501,8.170063158321248,2,602.5640400870353,3,2,4,2.5185287873249136,131.92531413721807,0,0,0,1.0,0.0,0.0,0.0,0.0,0.0,0.0,0.0,0.0,0.0,0.0,0.0,0.0,1.0,1.0,0.0
0,4,2.7562979848448355,9.838875075952439,0,1542.9746050376248,2,2,3,8.210484162701334,119.5613436548918,0,0,2,0.0,0.0,0.0,0.0,0.0,0.0,0.0,0.0,0.0,0.0,0.0,0.0,0.0,0.0,1.0,0.0
2,4,6.733975718604148,6.72813030175645,0,2512.694476510298,3,0,4,3.9793351239686463,280.5080431840995,0,1,2,1.0,0.0,0.0,0.0,0.0,0.0,0.0,0.0,0.0,0.0,0.0,0.0,1.0,0.0,0.0,0.0
1,2,3.604745202004235,4.882366753508405,1,1173.79365390527,1,3,1,5.0583264785982545,198.44845838795325,1,1,0,0.0,0.0,0.0,0.0,0.0,0.0,0.0,0.0,0.0,0.0,0.0,0.0,1.0,0.0,1.0,0.0
0,4,2.074896473016133,8.908499263176118,1,3393.347710875729,3,0,0,6.691121125037046,49.07227847562786,0,1,1,0.0,0.0,0.0,0.0,0.0,0.0,0.0,0.0,0.0,0.0,0.0,0.0,0.0,0.0,0.0,0.0
0,1,2.39472093834903,5.568615381842319,1,1775.8810936727466,1,0,0,4.52250401179448,52.74055846326109,1,0,4,0.0,0.0,0.0,0.0,0.0,0.0,0.0,0.0,0.0,0.0,0.0,0.0,1.0,0.0,0.0,0.0
3,4,2.4905546248636057,9.973758769623284,0,563.2619202281315,2,0,4,8.414724826377519,193.3358057350455,1,0,4,1.0,0.0,0.0,0.0,0.0,0.0,0.0,0.0,0.0,0.0,0.0,0.0,0.0,1.0,0.0,0.0
2,0,5.30011816136544,7.379584994962361,2,2121.6984938388764,0,1,2,7.874342377407105,140.116603845022,1,0,0,1.0,0.0,0.0,0.0,0.0,0.0,0.0,0.0,0.0,0.0,0.0,0.0,0.0,0.0,1.0,0.0
2,5,6.466469080865476,5.395795291360604,1,2528.568873057611,4,1,2,9.08201862591783,2.6904170170439667,1,1,1,1.0,0.0,0.0,0.0,0.0,0.0,0.0,0.0,0.0,0.0,0.0,0.0,1.0,0.0,0.0,0.0
3,1,2.587620473689735,6.9760286171460635,3,1867.973531155207,3,0,1,6.276054933389675,134.5776243030747,0,0,2,1.0,0.0,0.0,0.0,0.0,0.0,0.0,0.0,0.0,0.0,0.0,0.0,0.0,0.0,0.0,0.0
2,3,7.41246949326899,6.012287630977892,3,3284.5125193215986,1,2,1,4.409062254609274,281.90859309986485,1,0,1,1.0,0.0,0.0,0.0,0.0,0.0,0.0,0.0,0.0,0.0,0.0,0.0,0.0,0.0,1.0,0.0
3,0,3.5291134675137563,8.676831907761686,2,3205.796502396819,0,2,1,2.4135325326341253,224.2136656140621,0,0,0,1.0,0.0,0.0,0.0,0.0,0.0,0.0,0.0,0.0,0.0,0.0,0.0,0.0,0.0,0.0,0.0
0,0,3.8040232455456477,4.634895314848334,3,916.8802194582735,4,3,3,5.242633350791172,167.58075274092812,0,0,0,0.0,0.0,0.0,0.0,1.0,0.0,0.0,0.0,0.0,0.0,0.0,0.0,1.0,1.0,1.0,0.0
4,5,3.011487589666968,9.14201630219529,1,739.8445020333706,0,0,4,10.476176140235752,58.5588346314757,1,0,3,0.0,0.0,0.0,0.0,0.0,0.0,1.0,0.0,0.0,0.0,1.0,0.0,0.0,1.0,0.0,1.0
2,5,8.06685522348872,8.604021365584808,3,1436.9269922923706,2,0,2,1.4523131857492624,100.69201833225216,0,0,2,1.0,0.0,0.0,0.0,0.0,0.0,0.0,0.0,0.0,0.0,0.0,1.0,0.0,0.0,0.0,0.0
0,1,9.638324496431894,9.168182823408925,3,2324.397986803059,0,0,1,2.584821072754912,298.99178494112226,0,0,3,0.0,0.0,0.0,0.0,0.0,0.0,0.0,0.0,0.0,0.0,0.0,1.0,0.0,0.0,0.0,0.0
4,0,5.432498638102834,9.369962476249988,0,2304.7859429460186,3,1,2,7.982949703857881,197.7160989166047,0,1,4,0.0,0.0,0.0,0.0,0.0,0.0,0.0,0.0,0.0,0.0,0.0,0.0,0.0,0.0,1.0,1.0
3,4,1.3782757728879298,5.378666937658488,2,1314.9292991750697,1,2,0,6.899420358023556,82.88627311932835,1,0,3,1.0,0.0,0.0,0.0,0.0,0.0,0.0,0.0,0.0,0.0,0.0,0.0,0.0,0.0,0.0,0.0
0,5,3.345123847829283,7.126034843371725,1,3353.3016403310016,2,0,0,10.994226313938617,221.39725118233105,1,0,3,0.0,0.0,0.0,0.0,0.0,0.0,0.0,0.0,0.0,0.0,0.0,0.0,0.0,0.0,0.0,1.0
0,1,2.4224526200696146,9.099533320998264,1,1421.995150146602,2,1,1,0.3483992574648376,27.409461396140166,0,1,4,0.0,0.0,0.0,0.0,1.0,0.0,0.0,0.0,0.0,0.0,0.0,0.0,0.0,1.0,0.0,0.0
0,3,8.584860563668162,6.264327832696669,1,2912.598308303469,1,2,0,10.542195436767141,111.17471161600709,0,1,1,0.0,0.0,0.0,0.0,0.0,0.0,0.0,0.0,0.0,0.0,0.0,1.0,0.0,0.0,0.0,0.0
1,1,1.7636858868988465,4.362445460773795,3,2995.940541754105,3,2,0,8.705879030733534,68.73924649748724,1,0,1,0.0,0.0,0.0,0.0,0.0,0.0,0.0,0.0,0.0,0.0,0.0,0.0,1.0,0.0,0.0,1.0
0,4,9.698286166195453,5.749806139231099,3,795.3050567820276,2,2,1,9.306200245548501,268.8024254500722,0,1,4,0.0,0.0,0.0,0.0,1.0,0.0,0.0,0.0,0.0,0.0,0.0,1.0,0.0,1.0,1.0,1.0
3,2,6.296623989621634,5.451521868848865,1,1197.6587365425557,2,2,4,4.544004951162183,220.54365415887452,0,0,1,1.0,0.0,0.0,0.0,0.0,0.0,0.0,0.0,0.0,0.0,0.0,1.0,0.0,0.0,1.0,0.0
2,0,5.659658083667469,9.220375712134627,1,1145.574523850731,1,3,0,3.687902682186635,149.24995869068044,0,1,5,1.0,0.0,0.0,0.0,0.0,0.0,0.0,0.0,0.0,0.0,0.0,0.0,0.0,0.0,0.0,0.0
4,1,8.62615560177268,6.78307809645489,2,3258.9539503243986,2,3,3,0.17253400781290607,122.34003597122218,1,1,2,0.0,0.0,0.0,0.0,0.0,0.0,1.0,0.0,0.0,1.0,0.0,1.0,1.0,0.0,1.0,0.0
3,3,1.2479285916231055,8.10126542467788,2,1553.3147718168057,1,3,0,9.448861973766665,257.5761595636496,1,1,0,1.0,0.0,0.0,0.0,0.0,0.0,0.0,0.0,0.0,0.0,0.0,0.0,0.0,0.0,1.0,0.0
3,4,7.994374744663086,9.772714898149513,1,3009.414000174522,2,1,2,1.9386385846374408,58.62950718467492,0,0,4,1.0,1.0,0.0,0.0,0.0,0.0,0.0,0.0,0.0,0.0,0.0,1.0,0.0,0.0,0.0,0.0
2,0,2.049436410116649,5.795127114311223,1,1934.0540065318248,3,1,3,2.713550099273366,22.4288417453943,0,1,2,1.0,0.0,0.0,0.0,0.0,0.0,0.0,0.0,0.0,0.0,0.0,0.0,1.0,0.0,1.0,0.0
0,5,8.56700289046389,8.567197345164374,3,1871.6571325820612,2,1,2,3.318737369361664,255.5312347166135,0,0,0,0.0,0.0,0.0,0.0,0.0,0.0,0.0,0.0,0.0,0.0,0.0,1.0,0.0,0.0,1.0,0.0
0,3,5.762585973140757,4.136584729112329,1,3210.2640727797325,0,1,3,10.436091888229539,256.94883584161505,0,0,1,0.0,0.0,0.0,0.0,0.0,0.0,0.0,0.0,0.0,0.0,0.0,0.0,1.0,0.0,0.0,1.0
3,5,1.550164621240826,4.624697051869169,1,1822.7042215832812,4,2,1,3.454804765861466,72.92292940446123,1,1,5,1.0,0.0,0.0,0.0,0.0,0.0,0.0,1.0,0.0,0.0,0.0,0.0,1.0,0.0,0.0,0.0
0,5,8.49920534921192,4.971190540019668,1,2734.555751692779,3,2,3,5.108198800570896,58.585147850114524,1,1,2,0.0,0.0,0.0,0.0,0.0,0.0,0.0,0.0,0.0,0.0,0.0,1.0,1.0,0.0,1.0,0.0
0,0,1.2458270536412648,5.87451002123505,1,1773.1325053711014,4,0,2,8.968134279028186,216.39215176826679,0,1,1,0.0,0.0,0.0,0.0,1.0,0.0,0.0,0.0,0.0,0.0,0.0,0.0,1.0,0.0,0.0,1.0
1,0,2.2453362360424314,6.417923290776271,2,805.6092097289378,0,3,2,10.707252009280047,43.01555159144381,1,0,3,0.0,0.0,0.0,0.0,0.0,0.0,0.0,0.0,0.0,0.0,0.0,0.0,0.0,1.0,1.0,1.0
4,4,8.18042071443966,6.862095344393526,2,659.2843834923444,4,0,1,9.494190324685743,186.58529910025567,0,0,0,0.0,0.0,0.0,0.0,0.0,0.0,0.0,0.0,0.0,0.0,0.0,1.0,1.0,1.0,0.0,1.0
2,1,5.1838401147210185,5.471988077700384,0,1124.7205309360938,2,1,4,6.424966402274206,210.37038447652452,1,0,2,1.0,0.0,0.0,0.0,0.0,0.0,0.0,0.0,0.0,0.0,0.0,0.0,1.0,0.0,1.0,0.0
3,0,8.932498339193504,4.397291917660816,3,2666.804108681312,4,1,4,0.026150379927602163,186.5939854000025,1,1,3,1.0,0.0,0.0,0.0,0.0,0.0,1.0,0.0,0.0,0.0,0.0,1.0,1.0,0.0,0.0,0.0
2,2,6.7188634551197515,8.06513855104146,1,1620.949160301484,3,1,2,1.8941073562061974,128.07851210259966,1,0,5,1.0,0.0,0.0,0.0,0.0,0.0,0.0,0.0,0.0,0.0,0.0,1.0,0.0,0.0,0.0,0.0
0,5,6.611758789333672,4.141968121205586,0,1862.322744162576,4,0,3,3.04323323049052,244.8533152178899,0,1,1,0.0,0.0,0.0,0.0,0.0,0.0,0.0,0.0,0.0,0.0,0.0,0.0,1.0,0.0,0.0,0.0
1,4,3.630115955188134,8.856823809152349,2,805.6291955526448,0,2,4,4.965186647946534,278.9950408443613,1,1,4,0.0,0.0,0.0,0.0,0.0,0.0,0.0,0.0,0.0,0.0,0.0,0.0,0.0,1.0,1.0,0.0
0,3,2.203124711965602,9.574928950907209,0,2369.1127993641785,2,0,1,4.346275375499303,211.71260449807156,0,0,2,0.0,0.0,0.0,0.0,0.0,0.0,0.0,0.0,0.0,0.0,0.0,0.0,0.0,0.0,0.0,0.0
3,1,9.650551518070143,8.262213481957806,3,2910.344631205856,3,2,1,6.172876118508565,125.68537587678448,1,0,5,1.0,1.0,0.0,0.0,0.0,0.0,0.0,0.0,0.0,0.0,0.0,1.0,0.0,0.0,0.0,0.0
0,2,1.9431792022905565,7.575763103648992,3,2374.0497320130858,2,2,3,4.944330331619441,298.7103953155419,0,1,0,0.0,0.0,0.0,0.0,0.0,0.0,0.0,0.0,0.0,0.0,0.0,0.0,0.0,0.0,1.0,0.0
1,4,5.761095400662108,7.942111175971797,2,3453.8422454759184,4,3,1,8.712800450711576,134.8247521878503,0,0,0,0.0,0.0,0.0,0.0,0.0,0.0,0.0,0.0,0.0,0.0,0.0,1.0,0.0,0.0,0.0,0.0
4,0,3.4531173175130223,7.913332279705566,3,549.0241745374135,3,3,0,0.6267685033117814,34.87902770222709,1,0,2,0.0,0.0,0.0,0.0,1.0,0.0,1.0,0.0,0.0,0.0,0.0,0.0,0.0,1.0,0.0,0.0
2,3,3.3772659722330927,9.590230816399004,1,547.0094817515637,0,3,2,11.93673811047492,54.77466787168801,1,1,4,1.0,0.0,0.0,0.0,0.0,0.0,1.0,1.0,0.0,0.0,0.0,0.0,0.0,1.0,1.0,1.0
2,0,6.3512759737253175,9.785835227163805,1,2000.016809345121,0,0,1,10.116706230447354,104.38333113106758,0,0,1,1.0,0.0,0.0,0.0,0.0,0.0,0.0,0.0,0.0,0.0,0.0,1.0,0.0,0.0,0.0,1.0
2,1,8.18140705460982,6.5602698514493305,2,1299.2241766311704,3,3,2,4.01960000686179,51.33499968150754,0,1,0,1.0,1.0,0.0,0.0,0.0,0.0,0.0,0.0,0.0,0.0,0.0,1.0,0.0,0.0,1.0,0.0
3,1,7.994615345481508,7.702475056890509,1,2559.5312160530116,1,2,0,4.761625299263022,233.4877315806432,1,0,1,1.0,0.0,0.0,0.0,0.0,0.0,0.0,0.0,0.0,0.0,0.0,1.0,0.0,0.0,1.0,0.0
1,4,8.819215202741981,8.816842322405034,3,2879.630460659397,1,0,2,11.564480512242662,4.231709647930726,0,0,1,0.0,0.0,0.0,0.0,0.0,0.0,0.0,0.0,0.0,0.0,0.0,1.0,0.0,0.0,1.0,0.0
3,5,3.6361246412113037,4.006228943032825,1,807.307726348999,4,3,1,11.229651518652396,121.76499008761526,1,1,2,1.0,0.0,1.0,0.0,0.0,0.0,0.0,1.0,0.0,0.0,1.0,0.0,1.0,1.0,1.0,1.0
4,0,5.191762435435664,7.162095500966294,1,3252.014608238707,0,3,2,4.718082786497725,263.4621289924354,0,0,3,0.0,0.0,0.0,0.0,0.0,0.0,0.0,0.0,0.0,0.0,0.0,0.0,1.0,0.0,1.0,0.0
2,4,1.0840111589802246,7.917258038906186,2,589.7688134183034,2,1,1,0.715389945283134,35.321020434644424,0,1,4,1.0,0.0,0.0,0.0,0.0,0.0,0.0,0.0,0.0,0.0,0.0,0.0,0.0,1.0,0.0,0.0
2,3,7.72171860822729,8.30323269842549,0,2565.2117833834905,1,3,1,11.855596401211931,172.82514562659645,0,1,0,1.0,0.0,0.0,0.0,0.0,0.0,0.0,0.0,0.0,0.0,0.0,1.0,0.0,0.0,1.0,1.0
0,5,3.7210880092805474,6.212736456377687,2,1653.5022987718673,0,2,4,7.845040563555873,280.1546953123381,1,1,4,0.0,0.0,0.0,0.0,1.0,0.0,1.0,0.0,0.0,0.0,0.0,0.0,1.0,0.0,1.0,0.0
1,5,6.0534417994316785,5.773866523669554,3,2502.3176384296466,1,1,4,8.316021725188504,21.478897027720855,1,0,5,0.0,0.0,0.0,0.0,0.0,0.0,0.0,0.0,0.0,0.0,0.0,0.0,1.0,0.0,0.0,0.0
4,0,2.523702538175056,5.092855399407451,3,792.9089648326897,2,0,1,3.295145532979812,104.91772783084684,1,0,2,0.0,0.0,0.0,0.0,1.0,0.0,1.0,0.0,0.0,0.0,0.0,0.0,0.0,1.0,0.0,0.0
2,4,8.374595564208956,7.346893294316107,0,3311.2409583163662,2,2,3,9.824453636925654,11.298530000211526,1,0,1,1.0,1.0,0.0,0.0,0.0,0.0,0.0,0.0,0.0,0.0,0.0,1.0,1.0,0.0,1.0,0.0
1,3,8.3554499735045,9.515820593512728,0,3312.225019520055,0,3,1,6.689782516293882,204.65829748046605,1,1,5,0.0,0.0,0.0,0.0,0.0,0.0,1.0,0.0,0.0,0.0,0.0,1.0,0.0,0.0,1.0,0.0
2,0,8.8970762327766,9.375868904344289,0,2058.2024425283353,3,0,0,5.642908005864415,125.24979416618064,0,1,5,1.0,1.0,0.0,0.0,0.0,0.0,0.0,0.0,0.0,0.0,0.0,1.0,0.0,0.0,0.0,0.0
2,1,1.4134329739605054,6.1597955629461545,3,2028.7536021954338,1,0,0,8.894423891276098,284.19641548367395,0,1,0,1.0,0.0,0.0,0.0,0.0,0.0,0.0,0.0,0.0,0.0,0.0,0.0,1.0,0.0,0.0,1.0
2,5,9.932128387975123,5.547130839629216,1,2404.4245634411127,2,0,4,4.462793710463478,207.38698043766252,0,1,5,1.0,1.0,0.0,0.0,0.0,0.0,0.0,0.0,0.0,0.0,0.0,1.0,1.0,0.0,1.0,0.0
3,3,3.230014729957251,8.732762936024663,0,2240.2068516426134,2,1,0,5.152857814423601,180.58217177155564,1,0,5,1.0,0.0,0.0,0.0,0.0,0.0,0.0,0.0,0.0,0.0,0.0,0.0,1.0,0.0,0.0,0.0
1,2,3.784903174426145,8.34988010946513,2,2130.639700482534,2,1,2,7.827921936089071,273.0966969197117,0,1,1,0.0,0.0,0.0,0.0,0.0,0.0,0.0,0.0,0.0,0.0,0.0,0.0,0.0,0.0,0.0,1.0
3,1,3.244021562714015,7.032038986824953,3,2267.5734466577996,2,3,1,7.675037041529554,38.89868312550669,0,0,5,1.0,0.0,0.0,0.0,0.0,0.0,0.0,0.0,0.0,0.0,0.0,0.0,0.0,0.0,1.0,0.0
2,5,3.4077942852987912,6.334181557233145,0,3075.8905165360084,1,3,3,11.654231604167732,235.03349384502653,1,0,1,1.0,0.0,1.0,0.0,0.0,0.0,0.0,0.0,0.0,0.0,1.0,0.0,1.0,0.0,1.0,1.0
4,1,5.97395220493282,4.74278742247105,0,2333.200338742353,2,2,0,6.754215711214227,218.94141843503385,0,1,3,0.0,0.0,0.0,0.0,0.0,0.0,1.0,0.0,0.0,0.0,0.0,0.0,1.0,0.0,0.0,0.0
0,0,3.1582948987340163,8.710831534553419,0,1087.5030643902342,2,0,2,3.8518253914365688,201.97528989518554,0,1,4,0.0,0.0,0.0,0.0,1.0,0.0,0.0,0.0,0.0,0.0,0.0,0.0,1.0,0.0,0.0,0.0
0,3,4.543941802603642,7.704786661490184,0,3241.7361211376247,0,0,1,3.449266529636829,191.42303377886887,0,1,0,0.0,0.0,0.0,0.0,0.0,0.0,0.0,0.0,0.0,0.0,0.0,0.0,0.0,0.0,0.0,0.0
2,5,6.900459241988938,6.2612900784281,0,1147.8818557485374,3,0,2,6.408228076844248,37.31189998764906,0,0,5,1.0,1.0,0.0,0.0,0.0,0.0,0.0,0.0,0.0,0.0,0.0,1.0,1.0,1.0,0.0,0.0
2,1,8.52423583219954,9.512727856400797,0,995.4850843730744,2,3,0,1.434707301639032,244.21301240791504,1,0,5,1.0,1.0,0.0,0.0,0.0,1.0,0.0,0.0,0.0,0.0,0.0,0.0,0.0,1.0,1.0,0.0
3,1,7.2346735024019155,7.958036238471173,2,3491.1734871915837,1,0,0,7.057186898904587,190.54621947815016,0,0,2,1.0,1.0,0.0,0.0,0.0,0.0,0.0,0.0,0.0,0.0,0.0,0.0,0.0,0.0,0.0,1.0
2,2,6.348905603085909,9.575433201062477,0,1140.2500833590848,0,3,0,4.683059289388893,231.4418937060267,0,0,2,1.0,1.0,0.0,0.0,0.0,0.0,0.0,0.0,0.0,0.0,0.0,0.0,0.0,0.0,1.0,0.0
4,1,2.3295570628696183,6.846474762037864,2,800.2800759782222,1,2,2,4.223964942207476,262.82702613832726,0,1,2,0.0,0.0,0.0,0.0,0.0,0.0,0.0,0.0,0.0,0.0,0.0,0.0,0.0,1.0,0.0,0.0
2,3,8.345040413871544,6.72770694438358,1,2186.0216326079017,2,1,3,2.3097282481293324,162.72779526884676,1,1,1,1.0,1.0,0.0,0.0,0.0,0.0,1.0,0.0,0.0,0.0,0.0,1.0,0.0,0.0,0.0,0.0
0,1,1.3354739919373482,9.623435741884478,2,2981.5812310249794,4,3,4,5.944960349220791,287.0655710753287,1,0,5,0.0,0.0,0.0,0.0,0.0,0.0,0.0,0.0,0.0,0.0,0.0,0.0,0.0,0.0,1.0,0.0
0,0,3.3777249691177187,9.7587485694612,2,682.2521595899065,3,0,4,0.45159529465416126,32.76041412061023,0,1,5,0.0,0.0,0.0,0.0,1.0,0.0,0.0,0.0,0.0,0.0,0.0,0.0,0.0,1.0,0.0,0.0
4,1,1.5135302523876506,9.764603913273318,2,1970.3125256548199,2,1,3,7.286207110199031,1.2113596203255583,1,0,3,0.0,0.0,0.0,0.0,0.0,0.0,1.0,0.0,0.0,0.0,0.0,0.0,0.0,0.0,1.0,0.0
0,5,7.006860780260163,8.913384363444656,3,705.5070213709673,0,1,0,3.426589011327754,98.98308424141746,0,0,2,0.0,0.0,0.0,0.0,1.0,0.0,0.0,0.0,0.0,0.0,0.0,0.0,0.0,1.0,0.0,0.0
4,5,4.31533974334163,6.774436868946031,0,1786.0733536678488,1,0,3,10.860840319468451,64.96502843400353,0,1,4,0.0,0.0,0.0,0.0,0.0,0.0,1.0,0.0,0.0,0.0,0.0,0.0,1.0,0.0,0.0,1.0
1,3,6.868436348843801,5.261795765614353,2,1531.880386310975,4,3,3,6.316342737782387,166.0829667823416,0,1,2,0.0,0.0,0.0,0.0,0.0,0.0,0.0,0.0,0.0,0.0,0.0,0.0,0.0,0.0,1.0,0.0
0,2,4.123278633732313,6.30064528766697,1,911.3882543991695,0,2,3,9.367046844214823,84.0886189285983,0,1,4,0.0,0.0,0.0,0.0,1.0,0.0,0.0,0.0,0.0,0.0,0.0,0.0,1.0,1.0,1.0,1.0
1,4,5.101666577195448,9.629784949106732,2,3293.0630702906474,3,0,3,10.214266350127586,206.44129091344573,0,1,3,0.0,0.0,0.0,0.0,0.0,0.0,0.0,0.0,0.0,0.0,0.0,1.0,0.0,0.0,0.0,1.0
3,1,5.121649091495628,6.181325770481799,0,2404.6609383570913,2,0,3,10.547798181852482,283.5985513409314,1,0,1,1.0,0.0,0.0,0.0,0.0,0.0,0.0,0.0,0.0,0.0,0.0,0.0,1.0,0.0,0.0,0.0
2,3,1.4102258830079015,8.540304560941225,1,3029.1689017346216,1,1,2,10.447571879291264,230.77693929820373,1,0,5,1.0,0.0,0.0,0.0,0.0,0.0,0.0,0.0,0.0,0.0,0.0,0.0,0.0,0.0,1.0,1.0
3,4,4.872038737114032,9.538026106546647,3,3217.8335875445296,4,3,3,2.7056248365802116,126.07555548977672,0,1,2,1.0,0.0,0.0,0.0,0.0,0.0,0.0,0.0,0.0,0.0,0.0,1.0,0.0,0.0,0.0,0.0
3,4,6.769579268036824,9.822352977288578,3,3290.555992965463,1,0,3,3.63978660814129,295.650881331179,1,0,3,1.0,0.0,0.0,0.0,0.0,0.0,0.0,0.0,0.0,0.0,0.0,0.0,0.0,0.0,1.0,0.0
2,1,5.914470214678904,9.686044881252137,1,2744.343849108136,3,2,0,8.495257342787248,231.35471573002934,1,1,3,1.0,0.0,0.0,0.0,0.0,0.0,0.0,0.0,0.0,0.0,0.0,1.0,0.0,0.0,1.0,1.0
3,4,1.6775538965045853,7.330345586333656,0,1420.8449457025918,0,0,2,6.451420649866369,243.2644746701628,0,0,5,1.0,0.0,0.0,0.0,0.0,0.0,0.0,0.0,0.0,0.0,0.0,0.0,0.0,0.0,0.0,0.0
4,3,7.01250387118074,6.951280447905222,2,2986.7978565660605,4,1,0,7.311987453908999,61.42471394612701,1,1,2,0.0,0.0,0.0,0.0,0.0,0.0,1.0,0.0,0.0,0.0,0.0,0.0,0.0,0.0,0.0,0.0
2,5,3.7797647942373485,9.925843052607917,1,2060.54873444621,0,2,4,8.132751779864527,206.0698397524328,0,1,1,1.0,0.0,0.0,0.0,0.0,0.0,0.0,1.0,0.0,0.0,0.0,0.0,0.0,0.0,1.0,1.0
0,1,1.1299132250111987,5.309075227481841,1,1314.9617654803114,1,0,4,1.3710313797181435,21.190611754769172,1,1,0,0.0,0.0,0.0,0.0,1.0,0.0,0.0,0.0,0.0,0.0,0.0,0.0,1.0,0.0,1.0,0.0
2,3,2.400360013758207,5.125181570108576,0,1657.3214299817591,4,1,0,2.0196772709732946,70.59282403353268,0,1,3,1.0,0.0,0.0,0.0,0.0,0.0,0.0,0.0,0.0,0.0,0.0,0.0,1.0,0.0,0.0,0.0
4,4,5.478036915849035,9.779093786475011,1,1403.6705923193258,3,1,4,7.654034700596118,4.931338684963771,1,0,2,0.0,0.0,0.0,0.0,0.0,0.0,1.0,0.0,0.0,0.0,0.0,0.0,0.0,0.0,0.0,0.0
1,1,3.7936149312706178,8.135168930945017,0,1898.6121200090822,3,0,2,7.504455838366386,211.57084281689112,1,1,3,0.0,0.0,0.0,0.0,0.0,0.0,0.0,0.0,0.0,0.0,0.0,0.0,1.0,0.0,0.0,0.0
4,4,7.249447123781957,7.217824058788947,0,2844.0054143627362,1,0,3,9.809179358740392,6.283866560920148,0,0,5,0.0,0.0,0.0,0.0,0.0,0.0,0.0,0.0,0.0,1.0,0.0,1.0,1.0,0.0,0.0,0.0
2,0,3.16588128009188,4.792298757047834,2,1954.6020255276003,3,0,3,8.325382071055113,134.75303288604323,0,1,1,1.0,0.0,0.0,0.0,0.0,0.0,0.0,0.0,0.0,0.0,0.0,0.0,1.0,0.0,0.0,0.0
3,4,7.955165516276518,7.079441494097976,3,1303.5757342729444,4,2,0,2.492119648962475,194.66020605321907,1,0,3,1.0,0.0,0.0,0.0,0.0,0.0,0.0,0.0,0.0,0.0,0.0,1.0,0.0,0.0,0.0,0.0
1,3,3.5782946325458194,9.66532692112933,0,762.2092240370922,3,0,4,0.840868404254909,91.4986666583885,1,0,1,0.0,0.0,0.0,0.0,0.0,0.0,0.0,0.0,0.0,0.0,0.0,0.0,0.0,1.0,1.0,0.0
4,1,6.587773368259741,7.61734794009203,0,3067.2682613887964,1,2,3,4.692297270978247,110.18413298279019,0,0,4,0.0,0.0,0.0,0.0,0.0,0.0,0.0,0.0,0.0,0.0,0.0,0.0,1.0,0.0,1.0,0.0
0,0,8.192947422260621,6.427771734637209,0,1752.105820329034,4,0,2,4.4552681744093565,260.44770265157905,0,0,0,0.0,0.0,0.0,0.0,1.0,0.0,0.0,0.0,0.0,0.0,0.0,1.0,0.0,0.0,0.0,0.0
1,4,4.470005157793739,7.30661800879077,2,1825.7676361238532,0,0,3,9.208992416306053,270.4239125230679,0,1,1,0.0,0.0,0.0,0.0,0.0,0.0,0.0,0.0,0.0,0.0,0.0,0.0,0.0,0.0,1.0,1.0
2,1,1.421244476339234,9.316870522106708,3,2791.1647106977152,4,0,4,8.057800291473903,257.6100174081485,0,0,1,1.0,0.0,0.0,0.0,0.0,0.0,0.0,0.0,0.0,0.0,0.0,0.0,0.0,0.0,0.0,0.0
2,2,5.819009689529928,9.477091966811965,1,3049.179487594429,0,1,3,10.466429497199943,224.98032934969999,1,1,1,1.0,0.0,0.0,0.0,0.0,0.0,0.0,0.0,0.0,0.0,0.0,1.0,0.0,0.0,1.0,1.0
2,0,9.958681553900503,6.400528993917372,0,2033.4347239240115,0,2,3,6.051141353121793,83.25880576969604,1,1,4,1.0,1.0,0.0,0.0,0.0,0.0,0.0,0.0,0.0,0.0,0.0,1.0,1.0,0.0,1.0,0.0
0,5,9.720926797392222,7.648366014605932,0,2397.1035014257614,0,1,4,3.4643889481157277,22.40314085607089,0,1,2,0.0,0.0,0.0,0.0,0.0,0.0,0.0,0.0,0.0,0.0,0.0,1.0,0.0,0.0,1.0,0.0
1,3,2.989199745497514,5.675215676096984,2,1217.4701016169506,0,0,3,6.051004494593165,146.6086134443524,1,1,1,0.0,0.0,0.0,0.0,0.0,0.0,0.0,0.0,0.0,0.0,0.0,0.0,0.0,1.0,0.0,0.0
0,5,7.8012685848182715,6.706511776950859,1,3305.203836698079,3,0,0,2.5860241506889023,277.31788657312717,1,1,1,0.0,0.0,0.0,0.0,0.0,0.0,1.0,0.0,0.0,0.0,0.0,1.0,0.0,0.0,0.0,0.0
2,0,4.104566486380594,5.319295820698858,1,2203.763804185226,1,1,4,0.7263672904004284,67.01209293158466,0,0,4,1.0,0.0,0.0,0.0,0.0,0.0,0.0,0.0,0.0,0.0,0.0,0.0,1.0,0.0,1.0,0.0
1,1,2.4424523216478233,7.188833571193451,0,2658.814671485579,0,1,4,5.996196614713394,62.86481693105364,0,0,3,0.0,0.0,0.0,0.0,0.0,0.0,0.0,0.0,0.0,0.0,0.0,0.0,0.0,0.0,1.0,0.0
2,3,6.993232305422439,7.469440809787972,3,842.6391630577124,1,2,3,4.963261368826014,233.89464072968215,0,1,5,1.0,0.0,0.0,0.0,0.0,0.0,0.0,0.0,0.0,0.0,0.0,0.0,0.0,0.0,1.0,0.0
2,3,5.507818565740921,6.027020416784639,1,2410.7628570731495,4,1,0,0.38674863978810725,177.59645594078148,1,0,3,1.0,1.0,0.0,0.0,0.0,0.0,0.0,0.0,0.0,0.0,0.0,0.0,0.0,0.0,0.0,0.0
3,4,5.853075018901095,5.632709803831889,2,1606.8493472105995,2,2,2,8.655284964427988,121.28996288362902,0,0,4,1.0,1.0,0.0,0.0,0.0,0.0,0.0,0.0,0.0,0.0,0.0,0.0,0.0,0.0,1.0,0.0
2,5,8.446533960119577,4.9061536397887116,2,1850.1889255354702,3,1,0,7.732213488550431,258.80108258093605,0,0,5,1.0,0.0,0.0,0.0,0.0,0.0,0.0,0.0,0.0,0.0,0.0,1.0,1.0,0.0,0.0,0.0
3,4,4.028893082986808,4.837261997236959,0,2546.4860970272084,1,2,3,0.8856260439675196,174.75847910271833,0,1,4,1.0,0.0,0.0,0.0,0.0,0.0,0.0,0.0,0.0,0.0,0.0,0.0,1.0,0.0,1.0,0.0
2,0,7.003852836000967,8.268766694284706,0,2888.9826296253345,2,0,4,8.520282918731906,276.08026520168534,1,1,4,1.0,1.0,0.0,0.0,0.0,0.0,0.0,0.0,0.0,0.0,0.0,1.0,1.0,0.0,1.0,1.0
3,1,4.295723202663627,5.32982802143622,3,1548.0957150050951,3,3,0,0.9938675442667395,110.44507381928747,1,1,3,1.0,0.0,0.0,0.0,0.0,0.0,0.0,0.0,0.0,0.0,0.0,0.0,0.0,0.0,0.0,0.0
3,5,1.3845150692238626,4.7078621266393625,3,3119.7105567038925,3,3,0,6.211879596602698,133.2226506571899,1,0,5,1.0,0.0,0.0,0.0,0.0,0.0,0.0,0.0,0.0,0.0,0.0,0.0,1.0,0.0,0.0,0.0
1,3,4.40213596602714,9.993230138585734,1,1156.970912575085,0,1,4,7.466962315405805,22.291053395760528,1,1,5,0.0,0.0,0.0,0.0,0.0,0.0,1.0,0.0,0.0,0.0,0.0,0.0,0.0,1.0,1.0,0.0
1,5,9.550310168837212,5.559499011334342,0,2188.6946997878545,3,0,3,5.987826594563618,110.30682664402089,1,1,0,0.0,0.0,0.0,0.0,0.0,0.0,1.0,0.0,0.0,0.0,0.0,1.0,1.0,0.0,0.0,0.0
3,3,5.349362338795753,9.376289892568792,1,953.7964410042175,3,0,4,8.968870345546781,53.914281358021796,0,1,4,1.0,0.0,0.0,0.0,0.0,0.0,0.0,0.0,0.0,0.0,0.0,0.0,0.0,0.0,1.0,0.0
1,0,1.9740739315318137,7.655115722511504,3,1367.749317183161,0,3,1,4.62679946328227,9.849632054905422,1,1,0,0.0,0.0,0.0,0.0,0.0,0.0,0.0,0.0,0.0,0.0,0.0,0.0,0.0,1.0,1.0,0.0
2,2,7.190441464386033,8.29042100084089,2,3186.234408191778,1,0,3,2.5554668492550685,76.7285718055156,0,1,1,1.0,1.0,0.0,0.0,0.0,0.0,0.0,0.0,0.0,0.0,0.0,1.0,0.0,0.0,1.0,0.0
0,4,9.67041414746669,7.365513468997812,0,534.670328224864,3,0,4,5.836895784381487,147.18799174174436,0,1,4,0.0,0.0,0.0,0.0,1.0,0.0,0.0,0.0,0.0,0.0,0.0,1.0,0.0,1.0,0.0,0.0
2,3,9.171507218898315,5.084867170359813,2,3246.8335659363406,0,0,0,4.106843222805922,74.207327842735,1,1,4,1.0,1.0,0.0,0.0,0.0,0.0,0.0,0.0,0.0,0.0,0.0,1.0,1.0,0.0,0.0,0.0
2,0,6.147647540273248,9.082309428715615,0,1485.2061017415804,3,1,1,1.815316200052564,32.72658172511858,0,1,3,1.0,0.0,0.0,0.0,0.0,0.0,0.0,0.0,0.0,0.0,0.0,1.0,1.0,1.0,0.0,0.0
3,1,4.38652669913678,8.967836598920705,1,2587.386259631252,4,3,1,5.653001377857491,135.4602112907824,1,1,4,1.0,0.0,0.0,0.0,0.0,0.0,0.0,0.0,0.0,0.0,0.0,0.0,0.0,0.0,1.0,0.0
2,5,6.226099016583164,6.098112792101604,1,775.1548833025033,2,0,2,2.4171648298023274,44.35419626310071,1,0,0,1.0,0.0,0.0,0.0,0.0,0.0,0.0,0.0,0.0,0.0,0.0,0.0,1.0,1.0,0.0,0.0
1,5,8.343379559793245,8.583104178468783,1,2423.8143870099248,2,2,1,5.643554416315474,25.797963789449252,1,1,4,0.0,0.0,0.0,0.0,0.0,0.0,0.0,0.0,0.0,0.0,0.0,0.0,0.0,0.0,0.0,0.0
4,4,8.751136078166088,7.2582415500665665,2,3228.3838392955654,0,2,1,7.110336263895974,288.0547965922965,0,1,0,0.0,0.0,0.0,0.0,0.0,0.0,1.0,0.0,0.0,0.0,0.0,1.0,1.0,0.0,1.0,1.0
2,0,8.369594964481971,9.454294843360389,0,2165.605776199949,3,3,1,9.38637130719588,142.78688143151498,1,1,1,1.0,0.0,0.0,0.0,0.0,0.0,1.0,0.0,0.0,0.0,0.0,1.0,0.0,0.0,0.0,0.0
4,3,5.099287405975639,8.816946227823808,3,1586.3644948504275,4,2,0,10.237991813663676,240.69820332250055,1,0,0,0.0,0.0,0.0,0.0,0.0,0.0,1.0,0.0,0.0,0.0,0.0,0.0,0.0,0.0,0.0,0.0
3,4,2.0697219061320697,4.245974618812185,2,2880.7328602885814,4,3,3,8.017959695309191,51.23521736019649,0,0,3,1.0,0.0,0.0,0.0,0.0,0.0,0.0,0.0,0.0,0.0,0.0,0.0,1.0,0.0,1.0,0.0
2,3,6.122560840648987,9.27565583314755,1,2638.1762731147783,2,2,3,10.722506339946388,138.4649649265477,1,1,5,1.0,1.0,0.0,0.0,0.0,0.0,0.0,0.0,0.0,0.0,0.0,0.0,0.0,0.0,1.0,0.0
4,3,2.407859452300287,9.811398507870939,3,853.0776827658094,0,3,4,6.693470281967866,26.977387556851383,1,1,5,0.0,0.0,0.0,0.0,1.0,0.0,1.0,0.0,0.0,0.0,0.0,0.0,0.0,0.0,1.0,0.0
0,2,1.5486250050807038,8.452937215750623,1,2497.104610629909,1,1,2,8.525187077019233,123.5402219810844,1,1,0,0.0,0.0,0.0,0.0,0.0,0.0,0.0,0.0,0.0,0.0,0.0,0.0,0.0,0.0,1.0,0.0
4,1,5.488010500859748,4.719481185082408,1,2493.967538254639,1,1,3,9.244351274191143,247.9199320989776,0,1,5,0.0,0.0,0.0,0.0,0.0,0.0,1.0,0.0,0.0,0.0,0.0,0.0,1.0,0.0,0.0,1.0
4,1,6.898361050419652,8.844255339022721,0,2755.763502079094,0,2,1,9.898151294268605,267.824288431318,0,0,1,0.0,0.0,0.0,0.0,0.0,0.0,0.0,0.0,0.0,0.0,0.0,0.0,0.0,0.0,1.0,1.0
2,4,8.687325757657536,7.884934255741515,3,1448.9205954207696,0,3,1,9.022217399349504,155.70182909801562,1,1,2,1.0,0.0,0.0,0.0,0.0,0.0,0.0,1.0,1.0,0.0,0.0,1.0,0.0,0.0,1.0,0.0
3,0,8.045519985588733,6.032957905131881,3,1703.833944922388,2,0,2,10.828969511160388,85.92068405939779,0,1,1,1.0,0.0,0.0,0.0,0.0,0.0,0.0,0.0,0.0,0.0,0.0,0.0,0.0,0.0,0.0,1.0
2,0,8.715164614808934,9.304183307156,0,3380.1141696074355,0,1,4,5.674257871210826,220.04075916403542,0,0,2,1.0,1.0,0.0,0.0,0.0,0.0,0.0,0.0,0.0,0.0,0.0,1.0,0.0,0.0,1.0,0.0
1,2,7.840618937388014,7.393400130719037,3,2220.3707623333785,0,3,2,11.441785318012851,191.67851510055124,1,1,0,0.0,0.0,0.0,0.0,0.0,0.0,1.0,0.0,0.0,0.0,0.0,1.0,0.0,0.0,1.0,1.0
3,4,7.329154572155254,9.117567586116413,3,2025.5149312944336,4,0,4,4.803439142761356,141.14296331435827,1,0,1,1.0,0.0,0.0,0.0,0.0,0.0,0.0,0.0,0.0,0.0,0.0,1.0,0.0,0.0,1.0,0.0
1,3,1.0912381222662968,8.020682491505458,1,3460.549076606293,3,1,1,0.8422853786696654,142.60906090796138,1,1,1,0.0,0.0,0.0,0.0,0.0,0.0,1.0,0.0,0.0,0.0,0.0,0.0,1.0,0.0,0.0,0.0
1,3,6.634920806282895,5.731096622229569,3,1188.672895688167,4,2,3,2.1853858665350447,147.96425931730442,0,0,4,0.0,0.0,0.0,0.0,0.0,0.0,0.0,0.0,0.0,0.0,0.0,1.0,1.0,0.0,0.0,0.0
2,3,2.0843362372520593,9.850112175166219,2,1693.8107301764592,1,0,1,6.69919068903938,101.77268122731452,1,0,5,1.0,0.0,0.0,0.0,0.0,0.0,0.0,0.0,0.0,0.0,0.0,0.0,0.0,0.0,0.0,0.0
4,0,1.5280041909928697,7.426033287637351,2,2779.650684787367,1,3,1,0.17505489289102005,155.69123655410536,0,1,0,0.0,0.0,0.0,0.0,0.0,0.0,0.0,0.0,0.0,0.0,0.0,0.0,0.0,0.0,1.0,0.0
1,1,2.407709368950899,7.100531450958753,0,2639.3017438581332,3,1,4,1.8887297713598379,17.212172225646892,0,1,2,0.0,0.0,0.0,0.0,0.0,0.0,0.0,0.0,0.0,0.0,0.0,0.0,1.0,0.0,0.0,0.0
2,0,8.409629452975752,6.42105776951953,0,3400.1019292276465,3,3,3,4.488928187510265,171.05514743892672,0,0,5,1.0,1.0,0.0,0.0,0.0,0.0,0.0,0.0,0.0,0.0,0.0,1.0,1.0,0.0,0.0,0.0
0,4,7.694644537900192,4.818065218466124,2,2462.9010224092526,1,1,2,7.491565362057918,148.86138210470895,0,0,5,0.0,0.0,0.0,0.0,0.0,0.0,0.0,0.0,0.0,0.0,0.0,1.0,1.0,0.0,0.0,0.0
0,4,9.538951646846911,8.117277280216971,1,1439.2849197460578,4,1,2,1.9866014509184158,126.16879803696266,1,1,3,0.0,0.0,0.0,0.0,0.0,0.0,0.0,0.0,0.0,0.0,0.0,1.0,0.0,0.0,0.0,0.0
0,1,9.810786327853695,6.584795188034884,3,1692.9559011640247,3,3,3,6.898370339420776,97.19810272475448,1,0,4,0.0,0.0,0.0,0.0,0.0,0.0,0.0,0.0,0.0,0.0,0.0,1.0,1.0,0.0,1.0,0.0
0,1,9.039555877365839,9.607675062133852,0,769.1387720503697,1,3,0,7.957747612782287,186.5341022412529,1,0,1,0.0,0.0,0.0,0.0,1.0,0.0,0.0,0.0,0.0,0.0,0.0,1.0,0.0,1.0,0.0,1.0
4,1,2.1963344587929923,9.79058301171339,3,3271.160774966239,0,2,4,9.16391317888981,145.49258946466406,1,0,4,0.0,0.0,0.0,0.0,0.0,0.0,1.0,0.0,0.0,0.0,0.0,0.0,0.0,0.0,1.0,1.0
4,5,8.905444668324822,8.605845132099706,2,886.0040682385771,0,1,3,7.92574508786264,30.251887164272183,0,1,0,0.0,0.0,0.0,0.0,1.0,0.0,0.0,1.0,0.0,1.0,0.0,1.0,0.0,1.0,1.0,0.0
4,2,8.547734213097808,5.454968582215211,3,2137.1111722293426,4,3,1,3.000993244058338,112.33580645723181,0,0,3,0.0,0.0,0.0,0.0,0.0,0.0,0.0,0.0,0.0,0.0,0.0,0.0,1.0,0.0,0.0,0.0
0,4,8.839772738737276,8.295878084823798,3,1704.185373852404,4,2,3,11.968322462747768,22.951617522879342,0,1,3,0.0,0.0,0.0,0.0,0.0,0.0,0.0,0.0,0.0,0.0,0.0,1.0,0.0,0.0,0.0,1.0
0,2,2.3651705540484227,4.122530505790333,3,902.6708390982124,2,3,4,10.65898413773209,113.75082390145465,0,0,1,0.0,0.0,0.0,0.0,1.0,0.0,0.0,0.0,0.0,0.0,0.0,0.0,1.0,1.0,1.0,0.0
1,4,2.051126449959858,8.958403016850356,1,1378.9767608743941,3,1,1,4.482227543430851,159.84956967957552,0,1,3,0.0,0.0,0.0,0.0,0.0,0.0,0.0,0.0,0.0,0.0,0.0,0.0,0.0,0.0,0.0,0.0
2,3,9.314279916256735,6.961711402543175,2,2400.7070477123752,4,0,1,0.3502759428969071,117.30868895426573,1,1,5,1.0,0.0,0.0,0.0,0.0,0.0,1.0,0.0,0.0,0.0,0.0,1.0,0.0,0.0,0.0,0.0
1,1,2.5644398422105406,9.620437899311119,0,593.7544733325974,0,0,4,6.344498697489652,102.48900623766359,1,0,4,0.0,0.0,0.0,0.0,0.0,0.0,0.0,0.0,0.0,0.0,0.0,0.0,0.0,1.0,1.0,0.0
2,5,4.317595579383411,6.26656024795579,1,3397.968600053878,4,2,1,10.38227617101536,84.344787627726,0,0,0,1.0,1.0,0.0,0.0,0.0,0.0,0.0,0.0,0.0,0.0,0.0,0.0,1.0,0.0,0.0,0.0
0,4,5.103863645446542,5.579041626903066,1,3227.286853910152,2,1,4,9.863319185324691,114.53175103280473,1,0,3,0.0,0.0,0.0,0.0,0.0,0.0,0.0,0.0,0.0,0.0,0.0,0.0,1.0,0.0,1.0,1.0
3,4,2.1199827504660798,9.970338032536237,1,753.8043389795091,2,3,4,10.770684464748383,20.793209776143584,0,0,4,1.0,0.0,0.0,0.0,0.0,0.0,0.0,1.0,0.0,0.0,0.0,0.0,0.0,1.0,1.0,0.0
1,5,1.1857085922929267,7.184067229072451,2,3105.06064506167,0,3,2,11.634195084703075,298.170225793104,1,0,3,0.0,0.0,0.0,0.0,0.0,0.0,0.0,0.0,0.0,0.0,0.0,0.0,0.0,0.0,1.0,1.0
0,1,9.946814227904046,9.179095254462629,0,1485.7136556447408,3,0,0,8.556337692781169,166.60174105836023,1,1,0,0.0,0.0,0.0,0.0,0.0,0.0,0.0,0.0,0.0,0.0,0.0,1.0,0.0,0.0,0.0,1.0
3,0,8.88991520351465,9.466342984126051,2,702.5133455773225,3,3,0,1.9487705037534253,190.85272504882323,1,1,1,1.0,0.0,0.0,0.0,0.0,0.0,0.0,0.0,0.0,0.0,0.0,1.0,0.0,1.0,0.0,0.0
4,3,9.211041364155736,7.11081227668854,1,1418.338502875687,0,2,1,0.4369576481224109,54.9421956765278,1,1,2,0.0,0.0,0.0,0.0,0.0,0.0,1.0,0.0,0.0,1.0,0.0,1.0,0.0,0.0,1.0,0.0
0,1,3.5610676234490666,6.734283553115126,0,2926.662482651855,3,1,0,1.8168873855736303,277.0214285006845,1,1,1,0.0,0.0,0.0,0.0,0.0,0.0,0.0,0.0,0.0,0.0,0.0,0.0,1.0,0.0,0.0,0.0
2,2,2.9809141547089517,7.317315728634101,2,2497.4943565037674,0,0,3,2.41319850450527,171.34920926879028,0,1,2,1.0,0.0,0.0,0.0,0.0,0.0,0.0,0.0,0.0,0.0,0.0,0.0,0.0,0.0,0.0,0.0
4,1,4.83279902357884,9.086437017288485,3,1215.6788020111662,1,0,3,0.7366835916562064,124.31218283529978,0,0,1,0.0,0.0,0.0,0.0,1.0,0.0,0.0,0.0,0.0,0.0,0.0,0.0,0.0,1.0,1.0,0.0
3,2,5.079874320802062,9.787961389604797,2,2657.5294297107257,3,1,2,5.4414206985040146,213.96420815697172,0,1,0,1.0,0.0,0.0,0.0,0.0,0.0,0.0,0.0,0.0,0.0,0.0,0.0,0.0,0.0,0.0,0.0
4,2,1.0503949497781657,5.9699326562182975,0,2623.4633435316173,3,0,4,9.406532559190932,91.30511650192214,1,0,2,0.0,0.0,0.0,0.0,0.0,0.0,1.0,0.0,0.0,0.0,0.0,0.0,1.0,0.0,0.0,0.0
2,2,8.013278013038496,8.431782292719081,2,2728.5840905208315,0,0,0,0.05102154484892196,280.3922063865095,0,0,0,1.0,0.0,0.0,0.0,0.0,0.0,0.0,0.0,0.0,0.0,0.0,1.0,0.0,0.0,0.0,0.0
1,4,9.970003343278156,5.7122468637397565,2,2121.970002991219,2,3,2,9.643515808193625,50.79423732537948,0,1,4,0.0,0.0,0.0,0.0,0.0,0.0,0.0,0.0,1.0,0.0,0.0,1.0,1.0,0.0,1.0,0.0
3,3,5.758217830918804,7.665718247989032,2,2956.836956362109,1,1,1,11.103688056370448,249.93315292022902,0,0,0,1.0,0.0,0.0,0.0,0.0,0.0,0.0,0.0,0.0,0.0,0.0,0.0,0.0,0.0,1.0,1.0
0,2,4.494328255112061,8.828737529309624,1,2424.0866538707405,3,2,0,1.8238314841904777,289.9824947599382,1,1,0,0.0,0.0,0.0,0.0,0.0,0.0,1.0,0.0,0.0,0.0,0.0,0.0,0.0,0.0,0.0,0.0
1,0,4.53476703899083,9.31891794796776,0,876.1976292331774,4,1,2,0.2561539031317359,147.52277718311063,0,0,1,0.0,0.0,0.0,0.0,0.0,0.0,0.0,0.0,0.0,0.0,0.0,0.0,0.0,1.0,0.0,0.0
3,3,1.864694189548906,6.692297105675481,0,2930.767963266005,3,2,0,5.752379324815518,262.9979698481217,1,1,3,1.0,0.0,0.0,0.0,0.0,0.0,0.0,0.0,0.0,0.0,0.0,0.0,1.0,0.0,0.0,0.0
3,1,3.3954563652761056,6.218534095395349,1,1471.3043151333995,3,1,0,10.42236252692475,21.468853135808786,1,1,2,1.0,0.0,0.0,0.0,0.0,0.0,1.0,0.0,0.0,0.0,0.0,0.0,0.0,0.0,0.0,1.0
0,1,5.51919509771168,5.520709672065327,2,2615.1041545918806,2,0,1,8.841977059315301,186.1766747644255,1,0,0,0.0,0.0,0.0,0.0,0.0,0.0,0.0,0.0,0.0,0.0,0.0,1.0,1.0,0.0,0.0,0.0
2,2,4.886632010212276,4.800503022509125,2,2525.395118275417,2,2,0,0.41638910269216867,106.86978955891632,0,0,2,1.0,0.0,0.0,0.0,0.0,0.0,0.0,0.0,0.0,0.0,0.0,0.0,1.0,0.0,0.0,0.0
1,0,5.9053127116879915,6.1895054118620445,2,1507.73756311013,1,0,3,8.079172975664601,109.29341237042385,0,1,0,0.0,0.0,0.0,0.0,0.0,0.0,0.0,0.0,0.0,0.0,0.0,0.0,0.0,1.0,0.0,1.0
2,2,8.64159083773666,9.231866828487084,1,985.0509754660465,4,2,3,9.812939093439196,135.10899818852363,0,1,2,1.0,1.0,0.0,0.0,0.0,0.0,0.0,0.0,0.0,0.0,0.0,1.0,0.0,0.0,0.0,0.0
4,1,3.0271807242965076,6.512857097263829,1,2584.874263821073,1,3,2,3.2525957828861127,179.0329131574147,1,1,1,0.0,0.0,0.0,0.0,0.0,0.0,1.0,0.0,0.0,0.0,0.0,0.0,1.0,0.0,1.0,0.0
0,5,1.2489776281568075,5.903758994867332,0,3047.07005923823,4,2,3,7.840960227323906,184.80405180298604,1,0,5,0.0,0.0,0.0,0.0,0.0,0.0,0.0,0.0,0.0,0.0,1.0,0.0,1.0,0.0,0.0,0.0
4,5,1.3440290075446666,8.434793467518489,3,3014.6939508036053,3,2,0,5.9273875148491175,83.48178600706125,1,1,2,0.0,0.0,0.0,0.0,0.0,0.0,1.0,0.0,0.0,0.0,0.0,0.0,0.0,0.0,0.0,0.0
2,0,2.2075192477617254,5.293506829755632,1,2379.5145255990983,4,3,3,2.4675487985711606,115.18378852480791,1,1,3,1.0,0.0,0.0,0.0,0.0,0.0,1.0,0.0,0.0,0.0,0.0,0.0,1.0,0.0,1.0,0.0
3,3,6.134346863239623,5.537720814926095,2,1182.2218092043543,3,0,2,10.818112792437223,74.8578767340471,1,0,1,1.0,0.0,0.0,0.0,0.0,0.0,0.0,0.0,0.0,0.0,0.0,0.0,1.0,1.0,0.0,1.0
2,3,8.273663290341322,9.615451890029814,1,1448.6299019088533,1,3,2,2.676100377942114,189.76208927089525,0,0,2,1.0,0.0,0.0,0.0,0.0,0.0,0.0,0.0,0.0,0.0,0.0,1.0,0.0,1.0,1.0,0.0
1,2,8.981253453525685,4.4895381557033005,1,2763.88304281813,1,0,4,10.085705093909992,30.610450016781463,0,0,5,0.0,0.0,0.0,0.0,0.0,0.0,0.0,0.0,0.0,0.0,0.0,1.0,1.0,0.0,0.0,0.0
3,2,6.716018817774741,6.48778708146054,0,1732.5617891207835,0,0,1,8.41986235030072,127.07234467758714,0,1,0,1.0,0.0,0.0,0.0,0.0,0.0,0.0,0.0,0.0,0.0,0.0,0.0,1.0,0.0,0.0,0.0
3,4,4.628289272058041,7.460507154368826,3,2697.4922554045415,4,0,2,2.6509081371941763,293.5462131602761,1,0,1,1.0,0.0,0.0,0.0,0.0,0.0,0.0,0.0,0.0,0.0,0.0,0.0,0.0,0.0,0.0,0.0
0,2,2.3906323734053267,5.381564293687633,0,1428.349977779377,0,2,4,8.535878817648271,296.63349576633726,1,1,2,0.0,0.0,0.0,0.0,1.0,0.0,0.0,0.0,0.0,0.0,0.0,0.0,1.0,1.0,1.0,1.0
3,0,4.6127650549913115,5.686074905408319,3,518.9547396101959,4,0,0,0.312059020070671,155.3889760248103,0,0,2,1.0,0.0,0.0,0.0,0.0,0.0,0.0,0.0,0.0,0.0,0.0,0.0,1.0,1.0,0.0,0.0
3,2,3.991736205170052,5.331072188491987,0,2310.470193968973,3,1,2,2.8352589539408712,74.23800293080004,1,1,2,1.0,0.0,0.0,0.0,0.0,0.0,0.0,0.0,0.0,0.0,0.0,0.0,1.0,0.0,0.0,0.0
1,1,8.830232927714238,6.07111343236385,0,2302.749065316202,0,0,2,3.4248600881047078,175.0487795257471,1,1,5,0.0,0.0,0.0,0.0,0.0,0.0,1.0,0.0,0.0,0.0,0.0,1.0,1.0,0.0,0.0,0.0
4,2,5.380474396695465,9.39103453047069,3,2382.6640483399897,4,0,3,10.670279235395661,146.53823569124836,1,0,0,0.0,0.0,0.0,0.0,0.0,0.0,0.0,0.0,0.0,0.0,0.0,1.0,0.0,0.0,0.0,1.0
3,1,3.0357630995907594,6.5895240794299905,3,1304.5569073054457,0,2,4,10.984649874365774,12.746013167023973,1,1,1,1.0,0.0,0.0,0.0,0.0,0.0,0.0,0.0,0.0,0.0,0.0,0.0,1.0,1.0,1.0,0.0
1,0,3.599209601342019,6.50697409914059,3,2933.2128509347667,0,0,1,3.251904778240796,296.72840802971024,0,0,2,0.0,0.0,0.0,0.0,0.0,0.0,0.0,0.0,0.0,0.0,0.0,0.0,0.0,0.0,1.0,0.0
0,5,2.228231480884201,6.319485281046336,3,1962.4005164910961,2,1,0,5.695902826400277,98.15017520679052,1,1,3,0.0,0.0,0.0,0.0,0.0,0.0,0.0,0.0,0.0,0.0,0.0,0.0,0.0,0.0,0.0,0.0
3,0,9.26726904162218,9.784694361625446,1,2787.1637269545413,0,0,1,11.779481368497986,119.78389117746791,1,1,0,1.0,1.0,0.0,0.0,0.0,0.0,0.0,0.0,0.0,0.0,0.0,1.0,0.0,0.0,0.0,1.0
1,4,1.4531126161282168,4.703796617318893,0,2333.280393128794,0,1,0,7.991730354440289,154.0683081808512,0,1,4,0.0,0.0,0.0,0.0,0.0,0.0,0.0,0.0,0.0,0.0,0.0,0.0,1.0,0.0,0.0,0.0
3,4,1.115616237003048,9.231252525636199,2,1748.212444406962,3,3,3,0.8365487549295407,264.11098430165373,1,1,3,1.0,0.0,0.0,0.0,0.0,0.0,0.0,0.0,0.0,0.0,0.0,0.0,0.0,0.0,1.0,0.0
2,3,2.6469004017418185,5.962966406367853,2,2538.8805399218363,4,2,2,4.697184016309311,239.73587893739054,1,0,1,1.0,0.0,0.0,0.0,0.0,0.0,0.0,0.0,0.0,0.0,0.0,0.0,0.0,0.0,0.0,0.0
2,5,8.297866161195632,9.73906955023212,2,2224.932068036167,0,0,3,5.057259234673191,61.66504384877918,1,0,2,1.0,0.0,0.0,0.0,0.0,0.0,0.0,0.0,0.0,0.0,0.0,1.0,0.0,0.0,1.0,0.0
0,0,5.711201079679731,5.891363477461953,0,2032.133400193662,3,1,1,3.6767599785334593,214.93389246111312,1,1,0,0.0,0.0,0.0,0.0,0.0,0.0,0.0,0.0,0.0,0.0,0.0,1.0,1.0,0.0,0.0,0.0
3,1,6.632589586392877,4.497246179537923,0,2445.6815777579204,3,2,4,6.238958445971754,262.3694134132878,1,0,3,1.0,1.0,0.0,0.0,0.0,0.0,0.0,0.0,0.0,0.0,0.0,1.0,1.0,0.0,1.0,0.0
0,1,4.219585078741613,7.120251306115096,2,757.8169291007881,0,1,4,8.83224864787918,214.27917482112548,0,1,4,0.0,0.0,0.0,0.0,1.0,0.0,0.0,0.0,0.0,0.0,0.0,0.0,0.0,1.0,0.0,1.0
2,3,1.6181018699425302,5.367193475859462,3,3230.7832680662864,0,1,4,8.298008105773754,41.75529708318118,0,1,5,1.0,0.0,0.0,0.0,0.0,0.0,0.0,0.0,0.0,0.0,0.0,0.0,1.0,0.0,0.0,0.0
4,3,8.705423462429513,8.517938892840256,3,1505.246138247081,2,3,3,4.2185780327601785,161.66955078447313,1,1,1,0.0,0.0,0.0,0.0,0.0,0.0,1.0,0.0,0.0,0.0,0.0,0.0,0.0,0.0,1.0,0.0
4,5,2.727048449128667,7.943833709967727,2,1174.0788907610881,3,3,0,8.8396768062101,251.56738049762393,1,0,1,0.0,0.0,0.0,0.0,0.0,0.0,1.0,1.0,0.0,0.0,0.0,0.0,0.0,1.0,0.0,0.0
4,2,1.2975328049060322,8.118814947534261,1,2815.3890730285343,1,0,0,6.408887527489806,58.685124607313696,1,1,1,0.0,0.0,0.0,0.0,0.0,0.0,1.0,0.0,0.0,0.0,0.0,0.0,1.0,0.0,0.0,0.0
4,1,6.154337223398743,5.160936931663819,1,1193.6656612775546,2,2,4,9.234158598157773,161.56118825561856,1,0,0,0.0,0.0,0.0,0.0,0.0,0.0,1.0,0.0,0.0,0.0,0.0,0.0,1.0,0.0,0.0,0.0
2,5,1.7496029834614095,8.251781589310843,2,3487.30886960318,2,3,4,1.366668151818999,200.86514653806088,0,0,2,1.0,0.0,0.0,0.0,0.0,0.0,0.0,0.0,0.0,0.0,0.0,0.0,0.0,0.0,1.0,0.0
1,4,1.861856666738508,5.867986161882024,2,1761.4776246903289,3,3,4,4.857120121540583,190.61099436223319,0,1,0,0.0,0.0,0.0,0.0,0.0,0.0,0.0,0.0,0.0,0.0,0.0,0.0,1.0,0.0,1.0,0.0
4,4,8.203393283342727,9.992044168360426,0,1389.87322598943,1,1,3,4.735796876927775,31.9812115750851,1,1,0,0.0,0.0,0.0,0.0,0.0,0.0,1.0,0.0,0.0,0.0,0.0,0.0,0.0,1.0,1.0,0.0
4,2,5.4244863038619595,8.390605978444038,1,686.1952178782205,3,2,4,4.221633762573795,83.23674619050469,0,1,2,0.0,0.0,0.0,0.0,0.0,0.0,1.0,0.0,0.0,0.0,0.0,0.0,1.0,1.0,1.0,0.0
4,2,3.173576070224287,7.542469044451076,2,625.4125320914604,4,0,2,8.37640652771333,165.63985800201505,0,1,5,0.0,0.0,0.0,0.0,0.0,0.0,1.0,0.0,0.0,0.0,0.0,0.0,0.0,1.0,0.0,0.0
3,2,4.137637810235669,9.202706675293289,3,785.4216834211038,2,1,0,6.685542226892424,62.62896082690735,1,0,5,1.0,0.0,0.0,0.0,0.0,0.0,0.0,0.0,0.0,0.0,0.0,0.0,0.0,1.0,0.0,0.0
0,4,7.563168809588544,7.535870198316562,3,515.0984864363356,3,0,1,4.63070463126553,100.11361501825088,1,1,5,0.0,0.0,0.0,0.0,1.0,0.0,0.0,0.0,0.0,0.0,0.0,1.0,0.0,1.0,0.0,0.0
2,1,1.5971873028094166,7.3164992006532,3,1481.269938217821,0,2,4,6.43562770813014,124.52290347031861,1,0,5,1.0,0.0,0.0,0.0,0.0,0.0,0.0,0.0,0.0,0.0,0.0,0.0,0.0,0.0,1.0,0.0
2,5,2.048325543398889,5.423893616832277,0,1431.3632003024177,4,2,3,8.452715078703529,4.08720039068684,0,0,5,1.0,0.0,0.0,0.0,0.0,0.0,0.0,0.0,0.0,0.0,0.0,0.0,1.0,0.0,1.0,0.0
4,1,6.5463583149151265,8.06867197195255,1,1790.2752363157676,1,1,4,8.101529367680563,153.1268842942935,0,1,3,0.0,0.0,0.0,0.0,0.0,0.0,1.0,0.0,0.0,1.0,0.0,0.0,0.0,0.0,1.0,1.0
1,2,6.4627456102039655,6.247866569496768,2,1198.7687697232943,0,1,4,9.128089435041245,298.42696895356977,1,0,1,0.0,0.0,0.0,0.0,0.0,0.0,0.0,0.0,0.0,0.0,0.0,1.0,0.0,1.0,1.0,1.0
1,1,9.752159660818347,4.258495766872782,3,688.2234738323596,2,0,3,10.21770105920709,122.48035244862005,0,0,4,0.0,0.0,0.0,0.0,0.0,0.0,0.0,0.0,0.0,0.0,0.0,1.0,1.0,1.0,0.0,1.0
0,3,4.370945331299047,8.896370778219746,1,713.4875838588463,1,3,0,8.872702436992242,82.28951748910276,0,1,5,0.0,0.0,0.0,0.0,1.0,0.0,0.0,0.0,0.0,0.0,0.0,0.0,0.0,1.0,1.0,0.0
4,4,1.5856986445976426,4.311238999892451,3,1046.4391259155489,2,3,0,2.161669621821559,75.89861600772895,1,1,2,0.0,0.0,0.0,0.0,1.0,0.0,1.0,0.0,0.0,0.0,0.0,0.0,1.0,1.0,0.0,0.0
3,5,5.837836913646651,8.033800737043155,2,1449.7685806073441,4,0,1,10.158946564136436,154.55232937895042,1,0,3,1.0,0.0,0.0,0.0,0.0,0.0,0.0,0.0,0.0,0.0,0.0,0.0,0.0,0.0,0.0,0.0
0,4,6.745121305856113,4.940325348909491,2,943.976150646537,2,1,0,3.9842787610384147,136.80313145519423,0,1,2,0.0,0.0,0.0,0.0,1.0,0.0,0.0,0.0,0.0,0.0,0.0,1.0,1.0,1.0,0.0,0.0
2,1,2.2564250720762415,6.595417099425183,2,1595.353470843288,1,2,4,7.9917063420338845,258.5955453166683,1,1,3,1.0,0.0,0.0,0.0,0.0,0.0,0.0,0.0,0.0,0.0,0.0,0.0,0.0,0.0,1.0,1.0
2,1,5.97575776181677,9.154549951280323,3,3266.6604600865944,4,1,1,11.891636860248827,191.77342255418026,1,0,0,1.0,0.0,0.0,0.0,0.0,0.0,0.0,0.0,0.0,0.0,0.0,1.0,0.0,0.0,0.0,1.0
2,5,2.7799040949243814,4.56651729468488,2,1284.8090285888504,1,0,1,3.5357047089724616,119.59564507735175,1,0,4,1.0,0.0,0.0,0.0,0.0,0.0,0.0,0.0,0.0,0.0,0.0,0.0,1.0,0.0,0.0,0.0
4,2,8.602570520929614,8.002904071315726,2,1005.1979510379406,4,0,3,3.2425311870826903,115.72405997714841,1,0,3,0.0,0.0,0.0,0.0,1.0,0.0,0.0,0.0,0.0,0.0,0.0,0.0,0.0,0.0,0.0,0.0
0,0,8.516453462054468,7.675712454916511,1,2494.3287590066952,4,0,0,2.1859614220727597,164.15717720154964,0,0,4,0.0,0.0,0.0,0.0,0.0,0.0,0.0,0.0,0.0,0.0,0.0,0.0,0.0,0.0,0.0,0.0
1,4,4.866661863985977,9.205178478137757,1,1972.6431138820958,2,3,3,11.808935454644189,76.01041906878027,0,0,2,0.0,0.0,0.0,0.0,0.0,0.0,0.0,0.0,0.0,0.0,0.0,0.0,0.0,0.0,1.0,0.0
0,3,9.700688714615236,5.0364092279444,2,641.7620474277714,3,2,0,5.123226605306499,126.85368201893652,1,0,2,0.0,0.0,0.0,0.0,1.0,0.0,0.0,0.0,0.0,0.0,0.0,1.0,1.0,1.0,0.0,0.0
1,0,9.817964870047675,8.798725027814829,3,2863.4219934991665,3,1,4,9.406385528617195,85.51203272857744,0,0,0,0.0,0.0,0.0,0.0,0.0,0.0,0.0,0.0,0.0,0.0,0.0,1.0,0.0,0.0,0.0,0.0
4,4,2.1632598005285755,6.700727180447969,2,2646.028915561328,4,0,3,0.590874045757595,154.63986082455432,1,0,3,0.0,0.0,0.0,0.0,0.0,0.0,1.0,0.0,0.0,0.0,0.0,0.0,0.0,0.0,0.0,0.0
4,3,4.3094242434922085,6.571863474959473,3,3431.8950852210237,2,3,1,2.165088014116804,163.98071216967193,1,1,5,0.0,0.0,0.0,0.0,0.0,0.0,1.0,0.0,0.0,0.0,0.0,0.0,1.0,0.0,0.0,0.0
0,3,6.402893230419801,6.170706105039249,2,3314.919858686887,2,1,3,0.7582131740581355,254.0427781217403,0,0,3,0.0,0.0,0.0,0.0,0.0,0.0,0.0,0.0,0.0,0.0,0.0,0.0,1.0,0.0,1.0,0.0
3,5,1.7635402862329994,6.313444877175508,1,2252.7448808757317,1,1,1,9.787620340139155,75.35314747301655,0,0,5,1.0,0.0,0.0,0.0,0.0,0.0,0.0,0.0,0.0,0.0,0.0,0.0,1.0,0.0,0.0,1.0
1,2,4.443899534327233,7.1197577585513505,2,2558.0638807418377,2,2,0,1.278641961987144,271.41747917736166,0,1,0,0.0,0.0,0.0,0.0,0.0,0.0,0.0,0.0,0.0,0.0,0.0,0.0,1.0,0.0,1.0,0.0
0,2,3.350548756149317,4.6407989375407945,2,1728.5204719604815,3,0,0,11.07793897172678,160.5805041937353,1,0,4,0.0,0.0,0.0,0.0,1.0,0.0,0.0,0.0,0.0,0.0,0.0,0.0,1.0,0.0,0.0,1.0
1,3,9.568451988700337,6.550395219237748,3,3165.4015595871397,2,2,1,7.965089564066513,218.05004436659283,0,0,0,0.0,0.0,0.0,0.0,0.0,0.0,0.0,0.0,0.0,0.0,0.0,1.0,0.0,0.0,0.0,0.0
0,1,4.704272405483234,7.911887290357138,1,2158.426475598044,1,1,3,10.914454936367903,183.5014735464502,1,1,2,0.0,0.0,0.0,0.0,0.0,0.0,1.0,0.0,0.0,0.0,0.0,0.0,1.0,0.0,1.0,0.0
2,0,7.864037726927612,6.9891541206298875,0,1476.6539790051365,2,2,2,4.906303782842695,248.71165917737866,1,0,2,1.0,1.0,0.0,0.0,0.0,0.0,0.0,0.0,0.0,0.0,0.0,1.0,1.0,1.0,1.0,0.0
4,5,4.480348271609564,4.994976813097737,0,528.4744757287476,2,2,1,6.307894156392176,198.9419026630061,1,0,2,0.0,0.0,0.0,0.0,1.0,0.0,1.0,1.0,0.0,0.0,0.0,0.0,1.0,1.0,0.0,0.0
2,1,2.186308633769519,6.1783102107497925,0,2259.3492949309993,0,0,3,0.3308673880784623,3.322059557358492,0,1,3,1.0,0.0,0.0,0.0,0.0,0.0,0.0,0.0,0.0,0.0,0.0,0.0,1.0,0.0,0.0,0.0
3,3,8.768363771447627,6.657770046555579,2,2076.301671544684,3,2,1,5.590870926281882,117.08258705095662,0,0,4,1.0,0.0,0.0,0.0,0.0,0.0,0.0,0.0,0.0,0.0,0.0,1.0,0.0,0.0,0.0,0.0
2,1,1.0037522521279347,8.01324888779781,3,2935.6315335893096,4,0,0,7.088603256172554,281.50926796137554,1,1,4,1.0,0.0,0.0,0.0,0.0,0.0,0.0,0.0,0.0,0.0,0.0,0.0,0.0,0.0,0.0,0.0
0,1,1.5034678657700502,9.404597935224986,2,1061.013878919909,1,2,3,1.2070809642000566,135.43577884292802,0,1,0,0.0,0.0,0.0,0.0,1.0,0.0,0.0,0.0,0.0,0.0,0.0,0.0,0.0,1.0,1.0,0.0
0,3,4.279459653073389,7.302253075526911,0,2946.2038035420237,1,1,2,11.774823249022143,248.5153919154903,1,0,4,0.0,0.0,0.0,0.0,0.0,0.0,0.0,0.0,0.0,0.0,0.0,0.0,0.0,0.0,1.0,1.0
1,4,7.182084299668628,8.058208768704185,1,545.8508307666907,0,2,3,0.05269217215346256,260.6879403814324,0,0,2,0.0,0.0,0.0,0.0,0.0,0.0,0.0,0.0,0.0,0.0,0.0,1.0,0.0,1.0,1.0,0.0
1,2,4.075338657616982,4.463137752636427,3,2261.940133099197,2,0,2,3.209407330184219,99.77338816926368,0,1,3,0.0,0.0,0.0,0.0,0.0,0.0,0.0,0.0,0.0,0.0,0.0,0.0,1.0,0.0,0.0,0.0
4,0,1.5968153585887745,9.72680217608556,0,1690.5572037346433,2,1,0,7.3874589706058025,257.31741271061696,0,1,5,0.0,0.0,0.0,0.0,0.0,0.0,1.0,0.0,0.0,0.0,0.0,0.0,0.0,0.0,0.0,0.0
4,1,3.8605603036073393,5.891252142133137,2,1494.5615640271753,4,1,0,5.971659635603613,113.23049869284047,0,0,1,0.0,0.0,0.0,0.0,0.0,0.0,0.0,0.0,0.0,0.0,0.0,0.0,0.0,0.0,0.0,0.0
4,0,3.204827730911461,6.125750498127529,1,1799.8879015001617,4,1,0,2.870384218230828,7.608128702992145,0,0,3,0.0,0.0,0.0,0.0,0.0,0.0,0.0,0.0,0.0,0.0,0.0,0.0,1.0,0.0,0.0,0.0
3,5,1.0487781983637816,5.337056683849076,3,1170.774458597218,3,1,1,11.841044119130013,208.32224437301943,0,1,3,1.0,0.0,0.0,0.0,0.0,0.0,0.0,0.0,0.0,0.0,0.0,0.0,1.0,0.0,0.0,1.0
2,1,5.813217218623617,4.508020430593295,2,1050.2769592999255,1,0,1,2.266528842063603,246.08678451719743,0,1,3,1.0,0.0,0.0,0.0,0.0,0.0,0.0,0.0,0.0,0.0,0.0,1.0,1.0,1.0,0.0,0.0
3,2,2.049813232697675,8.740280740851107,2,2915.3206520043486,0,1,4,6.820222765382624,135.48225466018891,0,0,1,1.0,0.0,0.0,0.0,0.0,0.0,0.0,0.0,0.0,0.0,0.0,0.0,0.0,0.0,1.0,0.0
2,0,3.587466599169995,5.442940490237037,2,1183.274900691942,2,0,3,1.390608936517161,52.02280871801956,0,0,4,1.0,0.0,0.0,0.0,0.0,0.0,0.0,0.0,0.0,0.0,0.0,0.0,1.0,1.0,0.0,0.0
3,2,6.77070847200173,5.696126412071878,3,2710.915983489098,3,2,4,0.67367697795917,184.58543465868127,0,0,4,1.0,0.0,0.0,0.0,0.0,0.0,0.0,0.0,0.0,0.0,0.0,0.0,1.0,0.0,1.0,0.0
3,5,7.526041199406794,5.090777659637636,2,2634.0816333278967,0,0,2,5.8544611415460714,221.4770411669276,1,0,5,1.0,0.0,0.0,0.0,0.0,0.0,0.0,0.0,0.0,0.0,0.0,1.0,1.0,0.0,0.0,0.0
3,2,3.371100641704203,9.849311681793282,2,600.2012471210074,2,0,1,9.656400790213898,196.44508568747122,1,0,2,1.0,0.0,0.0,0.0,0.0,0.0,0.0,0.0,0.0,0.0,0.0,0.0,0.0,1.0,0.0,1.0
3,3,3.962743039587106,8.686208783675227,3,3143.2172605626356,0,1,2,6.375780342527984,106.73779203845164,1,1,0,1.0,0.0,0.0,0.0,0.0,0.0,0.0,0.0,0.0,0.0,0.0,0.0,0.0,0.0,1.0,0.0
0,1,3.2221831431471872,9.579397899884203,2,2868.065390280141,1,1,4,3.5235652262977952,110.49881973324902,1,1,5,0.0,0.0,0.0,0.0,0.0,0.0,1.0,0.0,0.0,0.0,0.0,0.0,0.0,0.0,1.0,0.0
3,0,9.611997402845727,9.170340202321063,2,2888.2017482701526,1,3,1,0.20075631682096517,164.72922716380427,1,0,3,1.0,1.0,0.0,0.0,0.0,0.0,0.0,0.0,0.0,0.0,0.0,1.0,0.0,0.0,1.0,0.0
1,4,2.7146775428866254,9.43778079727157,1,2927.5731566570807,0,1,3,11.286385176532264,58.018102628713784,0,0,0,0.0,0.0,0.0,0.0,0.0,0.0,0.0,0.0,0.0,0.0,0.0,0.0,0.0,0.0,1.0,0.0
3,0,2.6486254327030867,6.874204311095158,1,2247.659687225191,1,1,0,2.5426151227845417,253.85293588240614,1,0,4,1.0,0.0,0.0,0.0,0.0,0.0,0.0,0.0,0.0,0.0,0.0,0.0,1.0,0.0,1.0,0.0
2,2,5.0053176624837885,5.023248624142603,0,3480.1426006632864,3,0,4,6.894862266596995,30.695713722589048,0,1,4,1.0,1.0,0.0,0.0,0.0,0.0,0.0,0.0,0.0,0.0,0.0,0.0,1.0,0.0,0.0,0.0
4,1,2.7037572328051223,5.961282006145266,2,1037.4564214323652,4,3,3,0.18631509500569488,145.96490384705092,1,0,4,0.0,0.0,0.0,0.0,0.0,0.0,0.0,0.0,0.0,0.0,0.0,0.0,1.0,0.0,1.0,0.0
1,0,2.410376106570473,5.754709101890222,1,717.0077928250244,3,3,4,1.1664547735750044,257.8317073378403,1,1,2,0.0,0.0,0.0,0.0,0.0,0.0,1.0,0.0,0.0,0.0,0.0,0.0,1.0,1.0,1.0,0.0
4,3,1.8629158393097693,8.302803025608139,3,2612.502417138266,1,0,1,2.042034175096253,158.82539910992932,1,1,2,0.0,0.0,0.0,0.0,0.0,0.0,1.0,0.0,0.0,0.0,0.0,0.0,0.0,0.0,0.0,0.0
4,5,6.761541232974245,4.154036117844054,3,1381.8117121870587,4,1,3,1.347766399491749,228.2848361989632,1,0,0,0.0,0.0,0.0,0.0,0.0,0.0,1.0,1.0,0.0,0.0,0.0,0.0,1.0,0.0,0.0,0.0
1,0,6.5087402941170645,4.852253289507862,3,2324.6996717901584,2,0,1,6.369044054202111,71.87326188220536,1,0,2,0.0,0.0,0.0,0.0,0.0,0.0,0.0,0.0,0.0,0.0,0.0,0.0,1.0,0.0,0.0,0.0
2,4,6.851466026901696,8.097310721529166,1,1675.104838816528,1,0,2,4.764640979769652,133.65374108207547,1,0,3,1.0,1.0,0.0,0.0,0.0,0.0,0.0,0.0,0.0,0.0,0.0,1.0,0.0,0.0,1.0,0.0
2,3,7.9597000720845665,4.740654122802649,2,1500.5724755030105,4,0,1,9.61542020298264,213.91803507486313,1,1,5,1.0,0.0,0.0,0.0,0.0,1.0,0.0,0.0,0.0,0.0,0.0,1.0,1.0,0.0,0.0,1.0
3,4,3.9372221151331823,4.289751104622401,3,3179.7458737846173,1,3,0,1.3944500718814234,266.49906864966687,1,0,1,1.0,0.0,0.0,0.0,0.0,0.0,0.0,0.0,0.0,0.0,0.0,0.0,1.0,0.0,0.0,0.0
3,0,9.265813602507293,4.655290987667145,2,926.1303758357957,3,1,2,5.172816140809443,192.9136869919545,0,0,0,1.0,0.0,0.0,0.0,0.0,0.0,0.0,0.0,0.0,0.0,0.0,1.0,1.0,1.0,0.0,0.0
4,5,7.598841499618804,8.144044918258578,2,1066.9569631809472,0,1,2,5.139011127289661,72.82995151597204,0,0,1,0.0,0.0,0.0,0.0,0.0,0.0,0.0,1.0,0.0,0.0,0.0,1.0,0.0,0.0,1.0,0.0
1,0,8.242377297230682,4.835951556428201,1,2503.522558610242,1,0,0,2.769741599707213,43.8878444482527,1,0,1,0.0,0.0,0.0,0.0,0.0,0.0,0.0,0.0,0.0,0.0,0.0,1.0,1.0,0.0,0.0,0.0
2,5,7.488659474440401,4.877826166818888,1,2847.8030382953893,4,0,1,1.151537815669263,252.46194655176697,1,1,2,1.0,0.0,0.0,0.0,0.0,0.0,0.0,0.0,0.0,0.0,0.0,1.0,1.0,0.0,0.0,0.0
2,3,4.226100808893056,5.3818011805545956,2,2996.6434759547647,1,2,0,0.12795375801750275,166.2107665876778,1,0,4,1.0,0.0,0.0,0.0,0.0,0.0,0.0,0.0,0.0,0.0,0.0,0.0,1.0,0.0,0.0,0.0
4,2,3.5472923925637145,8.505464225179136,3,1193.4491490267555,4,3,3,0.22593463447332507,55.16161868027457,0,0,2,0.0,0.0,0.0,0.0,0.0,0.0,0.0,0.0,0.0,0.0,0.0,0.0,0.0,0.0,1.0,0.0
1,0,4.802653626211127,5.202117473564656,0,3146.3402548683616,2,2,1,4.7835003895799275,145.70302069719648,1,0,2,0.0,0.0,0.0,0.0,0.0,0.0,0.0,0.0,0.0,0.0,0.0,0.0,1.0,0.0,0.0,0.0
2,3,1.873273244800226,4.212252380345243,0,2328.6519692736656,4,2,0,0.6513274590892539,37.896794726664275,0,0,2,1.0,0.0,0.0,0.0,0.0,0.0,0.0,0.0,0.0,0.0,0.0,0.0,1.0,0.0,0.0,0.0
0,0,5.061524514093524,9.435180133455644,0,2969.6552567421295,2,1,2,4.734690702516622,31.551494615273267,0,1,5,0.0,0.0,0.0,0.0,0.0,0.0,0.0,0.0,0.0,0.0,0.0,1.0,0.0,0.0,1.0,0.0
4,3,1.3882688478571585,9.257910545745537,2,705.565820609659,2,3,4,5.248914440354474,275.9930773525567,1,0,2,0.0,0.0,0.0,0.0,1.0,0.0,1.0,0.0,0.0,0.0,0.0,0.0,0.0,1.0,1.0,0.0
1,4,1.0355136402447505,5.108914005378835,1,1570.6830079562646,1,3,4,5.344631442220278,163.3881516270442,0,1,4,0.0,0.0,0.0,0.0,0.0,0.0,0.0,0.0,0.0,0.0,0.0,0.0,1.0,0.0,1.0,0.0
1,1,9.383490455272234,5.59205553864073,1,2074.5919534720065,1,3,4,2.2998656561600113,74.6737886032893,1,1,0,0.0,0.0,0.0,0.0,0.0,0.0,0.0,0.0,0.0,0.0,0.0,1.0,1.0,0.0,1.0,0.0
2,1,7.2040317452910365,5.131345428661845,3,2230.8710977468577,4,2,0,5.984583507027709,264.3800367779005,0,1,0,1.0,0.0,0.0,0.0,0.0,0.0,0.0,0.0,0.0,0.0,0.0,1.0,1.0,0.0,0.0,0.0
2,1,6.05662252359372,8.317207233770379,0,797.2146622211185,2,2,1,4.707807389024645,299.66527139969725,1,0,2,1.0,0.0,0.0,0.0,0.0,0.0,0.0,0.0,0.0,0.0,0.0,1.0,0.0,1.0,0.0,0.0
4,1,4.069918354807521,5.500053305135392,0,2115.9747338065263,2,0,4,11.874323759573363,265.2606062336949,0,1,3,0.0,0.0,0.0,0.0,0.0,0.0,1.0,0.0,0.0,1.0,0.0,0.0,1.0,0.0,1.0,1.0
2,0,6.134842132165668,9.588698544271013,0,2496.459299279074,1,0,3,0.5444282162354415,224.27739151990872,1,0,2,1.0,1.0,0.0,0.0,0.0,0.0,0.0,0.0,0.0,0.0,0.0,0.0,0.0,0.0,0.0,0.0
2,1,9.024181987044985,8.965846146301413,1,1584.785257294018,3,0,2,0.6465420919301841,288.6200725303122,1,0,1,1.0,1.0,0.0,0.0,0.0,0.0,0.0,0.0,0.0,0.0,0.0,1.0,0.0,0.0,0.0,0.0
0,3,6.871421205494782,7.530406765418039,2,2002.2177328418923,1,1,4,9.894358601072451,59.21616921438025,1,0,3,0.0,0.0,0.0,0.0,0.0,0.0,0.0,0.0,0.0,0.0,0.0,0.0,0.0,0.0,0.0,0.0
0,1,6.422337981581538,4.053629348282279,0,1377.6992649321796,1,2,0,3.1922280820062046,263.30808687360525,0,1,1,0.0,0.0,0.0,0.0,1.0,0.0,0.0,0.0,0.0,0.0,0.0,1.0,1.0,0.0,1.0,0.0
1,4,5.141840526745102,9.3020164385,0,3111.500815615956,0,0,2,2.2054376948226295,107.62184221329125,0,1,2,0.0,0.0,0.0,0.0,0.0,0.0,0.0,0.0,0.0,0.0,0.0,0.0,0.0,0.0,0.0,0.0
4,4,4.111273275857722,8.366569879195325,0,2297.619820070079,4,3,2,10.493823137423504,9.671371192381672,1,0,0,0.0,0.0,0.0,0.0,0.0,0.0,1.0,0.0,0.0,0.0,0.0,0.0,1.0,0.0,0.0,0.0
4,4,7.286924025295406,8.727444379246037,3,2153.8216884076874,0,2,4,6.3927491805881544,9.71338274819572,0,1,1,0.0,0.0,0.0,0.0,0.0,0.0,0.0,0.0,0.0,0.0,0.0,1.0,0.0,0.0,1.0,0.0
3,3,9.828828469142328,4.4309512274319465,0,3333.0722776331304,4,2,2,7.389475956991037,56.35030521056431,1,1,5,1.0,1.0,0.0,0.0,0.0,0.0,1.0,0.0,0.0,0.0,0.0,1.0,1.0,0.0,0.0,0.0
3,1,4.822819241685311,8.251361021311254,2,2494.7945709803275,1,3,2,0.09552817514582923,233.84665839980835,1,0,3,1.0,0.0,0.0,0.0,0.0,0.0,0.0,0.0,0.0,0.0,0.0,0.0,0.0,0.0,0.0,0.0
1,5,4.529846836127807,8.827536841744863,2,1339.4703246182842,0,2,4,3.1290120518155673,269.00153305934793,1,1,1,0.0,0.0,0.0,0.0,0.0,0.0,0.0,1.0,0.0,0.0,0.0,0.0,0.0,0.0,1.0,0.0
0,1,4.853021251285382,9.739812136942328,0,2425.259243581848,4,0,1,3.110435758149777,38.38868896734243,0,1,0,0.0,0.0,0.0,0.0,0.0,0.0,0.0,0.0,0.0,0.0,0.0,0.0,0.0,0.0,0.0,0.0
0,2,4.8298957124474935,7.482822836694614,2,3384.8703699596645,3,3,0,9.130706369612131,253.61478248362403,1,1,4,0.0,0.0,0.0,0.0,0.0,0.0,1.0,0.0,0.0,0.0,0.0,0.0,0.0,0.0,0.0,1.0
1,2,9.915622960316457,7.048251111995629,1,570.6747677818956,3,3,2,4.62662701771526,226.64173075568968,0,1,1,0.0,0.0,0.0,0.0,0.0,0.0,0.0,0.0,0.0,0.0,0.0,1.0,1.0,1.0,1.0,0.0
1,4,7.361004317584066,6.55238073989147,2,2379.773021032983,2,0,3,6.929223380691965,15.667230109173335,0,0,2,0.0,0.0,0.0,0.0,0.0,0.0,0.0,0.0,0.0,0.0,0.0,1.0,0.0,0.0,0.0,0.0
0,3,4.232660042895326,8.207726085787863,0,970.5048826593479,3,2,2,11.18284300220204,219.41686541170918,0,0,3,0.0,0.0,0.0,0.0,0.0,0.0,0.0,0.0,0.0,0.0,0.0,0.0,0.0,0.0,1.0,1.0
1,4,4.3435213644405035,9.524927828287684,2,2949.3785331991676,0,1,3,11.816125787415254,11.513769306603006,0,1,0,0.0,0.0,0.0,0.0,0.0,0.0,0.0,0.0,0.0,0.0,0.0,0.0,0.0,0.0,1.0,1.0
0,5,4.877172322696501,7.598530292296214,3,2422.053588923771,1,0,1,1.5279521060842742,78.77490938757559,1,1,3,0.0,0.0,0.0,0.0,0.0,0.0,1.0,0.0,0.0,0.0,0.0,0.0,0.0,0.0,0.0,0.0
3,2,1.3304096882240473,5.363701849050039,0,3310.9684789086996,2,1,0,6.670405274700835,159.2728199881342,0,0,5,1.0,0.0,0.0,0.0,0.0,0.0,0.0,0.0,0.0,0.0,0.0,0.0,1.0,0.0,0.0,0.0
4,5,5.75034761819125,4.1054437018550605,2,2508.7335862922896,3,3,3,8.389703319832066,272.7776810977684,1,0,1,0.0,0.0,0.0,0.0,0.0,0.0,0.0,1.0,0.0,0.0,0.0,0.0,1.0,0.0,1.0,0.0
3,1,8.302428563704883,7.714678709605165,2,551.6566794729341,2,1,4,9.384633446296327,31.605536300861402,0,0,5,1.0,0.0,0.0,0.0,0.0,1.0,0.0,0.0,0.0,0.0,0.0,1.0,0.0,1.0,0.0,1.0
2,5,6.945110138867595,9.187587328114315,0,2031.061533202503,2,2,3,11.041298327528263,104.49160811704411,1,1,2,1.0,1.0,0.0,0.0,0.0,0.0,1.0,0.0,0.0,0.0,1.0,1.0,0.0,0.0,1.0,1.0
2,1,2.785787620853874,4.395851665440456,2,3211.004190848466,3,3,1,8.740046648391731,173.0750545802546,0,1,0,1.0,0.0,0.0,0.0,0.0,0.0,0.0,0.0,0.0,0.0,0.0,0.0,1.0,0.0,1.0,0.0
1,5,7.552308172405329,6.385427253768075,2,1196.9090125139874,0,1,1,8.279222369040937,222.0615761371272,1,1,2,0.0,0.0,0.0,0.0,0.0,0.0,0.0,0.0,0.0,0.0,0.0,1.0,1.0,1.0,0.0,0.0
0,2,7.475127456988273,9.640281556485416,1,748.6892125396546,2,3,2,0.649172075247634,274.61659251234954,0,1,1,0.0,0.0,0.0,0.0,1.0,0.0,0.0,0.0,0.0,0.0,0.0,1.0,0.0,1.0,1.0,0.0
2,5,3.3628529408409737,7.0100619751408315,1,2659.6636076655254,1,1,2,6.537829908169217,140.65503529968615,1,1,2,1.0,0.0,0.0,0.0,0.0,0.0,0.0,0.0,0.0,0.0,0.0,0.0,0.0,0.0,1.0,0.0
2,0,6.605871911712416,5.323949378731559,2,2007.5257008173598,2,3,1,7.1851851211224655,252.2698376532972,0,0,1,1.0,0.0,0.0,0.0,0.0,0.0,0.0,0.0,0.0,0.0,0.0,1.0,1.0,0.0,0.0,0.0
0,2,6.498541298097425,6.121938470613091,2,642.7857841841048,0,0,1,8.35797116037819,185.10650891021214,0,1,4,0.0,0.0,0.0,0.0,1.0,0.0,0.0,0.0,0.0,0.0,0.0,0.0,1.0,1.0,0.0,1.0
2,5,8.558088614705634,6.4488373971688375,3,1339.745697318272,4,3,1,7.000359546075642,61.21619140515252,1,0,2,1.0,0.0,0.0,0.0,0.0,0.0,0.0,1.0,0.0,0.0,0.0,1.0,0.0,0.0,0.0,0.0
1,0,2.2246508065009714,4.703737086500753,0,1480.2459429292858,4,0,2,4.913401210879602,173.87628468902557,1,0,4,0.0,0.0,0.0,0.0,0.0,0.0,0.0,0.0,0.0,0.0,0.0,0.0,1.0,0.0,0.0,0.0
0,1,2.7535465406037045,7.964753463090467,3,2503.584433962506,4,3,1,5.84948963204887,94.14528254233022,1,0,1,0.0,0.0,0.0,0.0,0.0,0.0,0.0,0.0,0.0,0.0,0.0,0.0,0.0,0.0,0.0,0.0
3,0,5.373725533910247,7.552985974554859,0,1914.8006621322984,4,2,2,11.607835074587706,211.09272465196128,1,0,0,1.0,1.0,0.0,0.0,0.0,0.0,0.0,0.0,0.0,0.0,0.0,0.0,0.0,0.0,0.0,1.0
2,1,1.3973063400307633,7.886337267193464,2,1961.5709796832555,3,2,4,3.949246119380097,85.36226319820274,0,0,1,1.0,0.0,0.0,0.0,0.0,0.0,0.0,0.0,0.0,0.0,0.0,0.0,0.0,0.0,1.0,0.0
3,2,4.740347778415359,7.664749412081127,1,2919.811098783732,1,3,1,9.413483589999437,78.85324709417534,1,0,4,1.0,0.0,0.0,0.0,0.0,0.0,0.0,0.0,0.0,0.0,0.0,0.0,0.0,0.0,1.0,0.0
3,3,8.093971377997509,4.100032409730038,0,1335.2512955043894,0,2,0,7.2892814183479295,283.608985948127,1,1,5,1.0,0.0,0.0,0.0,0.0,0.0,0.0,0.0,0.0,0.0,0.0,0.0,1.0,1.0,0.0,1.0
4,1,2.338429545855984,5.046777097397918,2,2517.718224725927,3,2,4,5.325971239555537,272.6098339298684,0,1,5,0.0,0.0,0.0,0.0,0.0,0.0,1.0,0.0,0.0,0.0,0.0,0.0,1.0,0.0,0.0,1.0
4,0,5.1395386324287236,4.993432011675163,2,1602.671914486175,4,3,0,4.971822112399332,135.52356631530733,0,1,0,0.0,0.0,0.0,0.0,0.0,0.0,1.0,0.0,0.0,0.0,0.0,0.0,1.0,0.0,0.0,0.0
3,1,9.907923100442002,4.587708917787936,2,1755.110142639813,1,3,4,6.446719527119517,229.6402418707311,1,0,5,1.0,1.0,0.0,0.0,0.0,0.0,0.0,0.0,0.0,0.0,0.0,1.0,1.0,0.0,1.0,0.0
4,5,5.553280120823779,8.412854639189659,1,2167.7072395122823,4,0,2,9.597510016066058,294.61875472980546,0,1,2,0.0,0.0,0.0,0.0,0.0,0.0,0.0,0.0,0.0,0.0,0.0,0.0,0.0,0.0,0.0,0.0
2,5,5.484914417098815,4.72082328687095,1,2586.9404144068762,0,3,2,1.4658018513748186,26.587535847470512,1,0,0,1.0,0.0,0.0,0.0,0.0,0.0,0.0,0.0,0.0,0.0,0.0,0.0,1.0,0.0,1.0,0.0
4,1,6.029142253517513,8.009164440702065,2,3335.5857826981232,1,2,2,10.927888560794955,181.84957487131507,0,1,1,0.0,0.0,0.0,0.0,0.0,0.0,1.0,0.0,0.0,0.0,0.0,0.0,0.0,0.0,1.0,1.0
3,1,2.6740393329946706,5.0703418579220525,0,1307.0334876748188,3,0,3,9.289762191838452,76.04926099393954,0,0,5,1.0,0.0,0.0,0.0,0.0,0.0,0.0,0.0,0.0,0.0,0.0,0.0,1.0,0.0,0.0,0.0
3,0,2.3244749441734984,4.709861069487558,3,811.2356589262262,2,3,3,4.188339205368363,240.00451174842937,0,0,3,1.0,0.0,0.0,0.0,0.0,0.0,0.0,0.0,0.0,0.0,0.0,0.0,1.0,1.0,1.0,0.0
4,5,7.096191662035976,4.975180291696476,2,1786.375768017811,3,3,4,0.1221789513843361,30.423258938070717,1,0,0,0.0,0.0,0.0,0.0,0.0,0.0,1.0,0.0,0.0,0.0,0.0,1.0,0.0,0.0,1.0,0.0
2,4,4.5619012891519315,7.0504207392281195,3,2140.1479964530185,1,3,0,1.262708700892348,236.64313844095093,1,0,4,1.0,0.0,0.0,0.0,0.0,0.0,0.0,0.0,0.0,0.0,0.0,0.0,0.0,0.0,1.0,0.0
3,4,3.609159653939282,7.8728950591465345,0,1184.0108121176695,3,3,0,1.732744112829415,60.18279830498716,0,0,2,1.0,0.0,0.0,0.0,0.0,0.0,0.0,1.0,0.0,0.0,0.0,0.0,0.0,1.0,0.0,0.0
1,1,1.2825245792790783,8.87154916034582,2,3171.487321894256,1,1,1,1.2429603321392242,136.805807703309,1,0,0,0.0,0.0,0.0,0.0,0.0,0.0,0.0,0.0,0.0,0.0,0.0,0.0,0.0,0.0,0.0,0.0
4,3,8.614454474606342,4.771373232787783,2,2896.541047638671,0,1,0,1.233347753911274,244.146234276886,1,1,2,0.0,0.0,0.0,0.0,0.0,0.0,1.0,0.0,0.0,0.0,0.0,1.0,1.0,0.0,0.0,0.0
3,0,1.2909597926034948,7.697120484314981,3,1980.9917403265815,2,1,4,11.521742146349354,20.239046152829253,0,1,4,1.0,0.0,0.0,0.0,0.0,0.0,0.0,0.0,0.0,0.0,0.0,0.0,0.0,0.0,1.0,1.0
3,4,7.749848116749874,8.643037596467483,1,1850.191799106766,2,1,0,7.901520209597187,278.4509325201843,0,0,1,1.0,1.0,0.0,0.0,0.0,0.0,0.0,0.0,0.0,0.0,0.0,0.0,0.0,0.0,0.0,1.0
2,3,4.437897030987228,5.874431029047306,3,622.2237701138374,2,0,0,9.84766472011654,65.20450854654248,1,1,0,1.0,0.0,0.0,0.0,0.0,0.0,0.0,0.0,0.0,0.0,0.0,0.0,0.0,1.0,0.0,1.0
4,1,6.388190294541851,4.478293476204626,0,2110.669198328829,0,2,2,6.753765147364615,150.218427850598,1,0,1,0.0,0.0,0.0,0.0,0.0,0.0,1.0,0.0,0.0,0.0,0.0,0.0,1.0,0.0,1.0,0.0
0,4,3.229102006211461,4.935675778399084,3,2287.241286271662,2,3,1,7.433816381888569,220.37074963887713,0,1,4,0.0,0.0,0.0,0.0,0.0,0.0,0.0,0.0,0.0,0.0,0.0,0.0,1.0,0.0,0.0,0.0
0,3,2.398596996088658,4.54935188536274,2,3174.8953443573496,0,3,1,10.571979842446508,37.04912856237505,1,0,1,0.0,0.0,0.0,0.0,0.0,0.0,0.0,0.0,0.0,0.0,0.0,0.0,1.0,0.0,1.0,0.0
2,2,5.800492007514527,9.323271586136068,3,2003.2941972394465,4,2,3,3.1436303673826766,182.62369017508377,1,0,2,1.0,0.0,0.0,0.0,0.0,0.0,0.0,0.0,0.0,0.0,0.0,1.0,0.0,0.0,0.0,0.0
3,1,7.260559254587292,6.2602100101614075,0,972.1322680343878,0,3,2,8.334295701488054,154.6702311727075,1,1,3,1.0,1.0,0.0,0.0,0.0,0.0,1.0,0.0,0.0,0.0,0.0,1.0,1.0,1.0,1.0,0.0
4,0,2.759439654506319,7.140091630814716,1,1040.1707036700468,4,0,4,10.79170774813908,175.75026863065176,0,1,0,0.0,0.0,0.0,0.0,0.0,0.0,1.0,0.0,0.0,0.0,0.0,0.0,0.0,0.0,0.0,1.0
2,5,4.927230526893078,8.612128910825888,2,979.6022555702928,0,1,2,11.235507166228183,198.74859410419828,0,1,3,1.0,0.0,0.0,0.0,0.0,0.0,0.0,0.0,0.0,0.0,0.0,0.0,0.0,1.0,0.0,1.0
3,1,5.001894732622561,6.228990532724342,2,3315.6046221666834,3,3,4,5.3285788735144966,126.18841138703189,1,1,4,1.0,0.0,0.0,0.0,0.0,0.0,0.0,0.0,0.0,0.0,0.0,0.0,0.0,0.0,1.0,0.0
2,1,2.9438123417151654,7.894615927765677,0,2880.1677720812218,1,3,0,10.280546484000075,89.63076297527492,1,0,3,1.0,0.0,0.0,0.0,0.0,0.0,0.0,0.0,0.0,0.0,0.0,0.0,0.0,0.0,1.0,0.0
4,4,6.08544501626918,4.460079119310627,2,2974.298378960161,0,3,0,6.046314751573162,55.15604177046062,1,1,1,0.0,0.0,0.0,0.0,0.0,0.0,1.0,0.0,0.0,0.0,0.0,0.0,1.0,0.0,1.0,0.0
3,1,2.313421181035306,6.885433885411603,1,3021.300556431362,1,1,1,3.0946317487286956,281.71979646229113,1,0,3,1.0,0.0,0.0,0.0,0.0,0.0,0.0,0.0,0.0,0.0,0.0,0.0,0.0,0.0,1.0,0.0
2,2,5.587742559867221,4.579113797021845,0,786.9039277697758,0,0,0,3.0115088550607907,120.41273672416415,0,1,5,1.0,0.0,0.0,0.0,0.0,0.0,0.0,0.0,0.0,0.0,0.0,0.0,1.0,1.0,0.0,0.0
4,4,2.0208836022939956,5.489704844081368,2,2606.530568544836,3,3,0,5.421198177660402,84.66730125825406,1,0,1,0.0,0.0,0.0,0.0,0.0,0.0,1.0,0.0,0.0,0.0,0.0,0.0,1.0,0.0,0.0,0.0
0,3,5.3698816796962365,5.760044965572812,2,2613.010137566075,4,1,1,3.09466229364674,15.763998424793524,1,1,0,0.0,0.0,0.0,0.0,0.0,0.0,0.0,0.0,0.0,0.0,0.0,0.0,0.0,0.0,0.0,0.0
4,3,3.8043914938800114,8.30550282332168,0,1174.4651237922349,1,2,2,0.35974371941234473,225.36192691313596,0,0,3,0.0,0.0,0.0,0.0,1.0,0.0,0.0,0.0,0.0,0.0,0.0,0.0,0.0,1.0,0.0,0.0
0,0,5.070216628733815,8.044625117735523,3,1971.9973107177123,2,0,1,1.2665639143016523,158.3236887575846,0,1,2,0.0,0.0,0.0,0.0,1.0,0.0,0.0,0.0,0.0,0.0,0.0,1.0,0.0,0.0,0.0,0.0
1,2,4.903744234988567,8.482480533586395,2,2487.2926523554543,0,3,1,10.19064162781931,57.28926226087563,1,1,3,0.0,0.0,0.0,0.0,0.0,0.0,0.0,0.0,0.0,0.0,0.0,1.0,0.0,0.0,1.0,0.0
4,2,9.171398105367336,4.370530283424011,1,3192.0093107378916,2,1,0,10.590105007593152,268.0121523059004,0,0,3,0.0,0.0,0.0,0.0,0.0,0.0,0.0,0.0,0.0,1.0,0.0,1.0,1.0,0.0,0.0,1.0
3,3,5.409420399608164,9.96348527303828,3,831.2765327899506,4,3,0,10.476526260540975,280.1341843964086,1,1,0,1.0,0.0,0.0,0.0,0.0,0.0,0.0,0.0,0.0,0.0,0.0,0.0,0.0,1.0,0.0,1.0
4,0,8.366490134891869,4.326520172258613,3,3176.579462019905,2,2,4,6.644548107459508,264.20289335149613,0,1,4,0.0,0.0,0.0,0.0,0.0,0.0,1.0,0.0,0.0,1.0,0.0,0.0,1.0,0.0,1.0,0.0
3,0,3.0308715362054373,8.954486748634924,3,3267.2448997815177,4,1,0,11.222608276853123,168.29131147450087,1,0,5,1.0,0.0,0.0,0.0,0.0,0.0,0.0,0.0,0.0,0.0,0.0,0.0,0.0,0.0,0.0,0.0
3,4,4.16874515170833,8.441613600883214,3,3270.829504472142,3,1,3,5.989111342578216,111.98392636563811,1,1,0,1.0,0.0,0.0,0.0,0.0,0.0,0.0,0.0,0.0,0.0,0.0,0.0,0.0,0.0,0.0,0.0
1,4,1.6758044256987183,7.550570742950919,0,514.5046763155349,0,3,3,5.550536607752485,48.565720974915685,0,1,3,0.0,0.0,0.0,0.0,0.0,0.0,0.0,1.0,0.0,0.0,0.0,0.0,0.0,1.0,1.0,0.0
0,4,4.786730153393442,6.633142990869923,0,1162.9963182644565,0,2,1,5.692585877728664,113.17299376673161,0,0,2,0.0,0.0,0.0,0.0,0.0,0.0,0.0,0.0,0.0,0.0,0.0,0.0,1.0,1.0,1.0,0.0
0,1,7.018298983674379,8.542794119621096,0,2573.735708076114,1,2,1,3.049343198938255,183.65118897544812,1,0,3,0.0,0.0,0.0,0.0,0.0,0.0,0.0,0.0,0.0,0.0,0.0,1.0,0.0,0.0,0.0,0.0
1,5,8.543503306984565,8.439146819613077,3,1465.2193429648328,4,2,1,7.362040427233158,67.96601095311746,1,0,3,0.0,0.0,0.0,0.0,0.0,0.0,0.0,1.0,0.0,0.0,0.0,1.0,0.0,1.0,0.0,0.0
0,1,6.093234206192397,4.823070012938827,1,683.2498745475883,0,0,3,5.387413623353615,139.18881656909758,0,0,3,0.0,0.0,0.0,0.0,1.0,0.0,0.0,0.0,0.0,0.0,0.0,0.0,1.0,1.0,0.0,0.0
2,3,6.760654026337707,8.755794837765222,1,2788.8262416478124,0,0,0,11.695892002437253,171.9278609265312,1,1,0,1.0,1.0,0.0,0.0,0.0,0.0,0.0,0.0,0.0,0.0,0.0,1.0,0.0,0.0,0.0,1.0
3,0,2.5954036985525333,4.471341984609792,3,585.7765773952605,4,0,4,2.063776754445919,219.43034666959923,1,1,4,1.0,0.0,0.0,0.0,0.0,0.0,0.0,0.0,0.0,0.0,0.0,0.0,1.0,1.0,0.0,0.0
4,5,1.3348543441009544,7.003276852771209,0,1838.0639837964316,0,1,1,0.9204511022508401,27.405334900789047,0,1,4,0.0,0.0,0.0,0.0,0.0,0.0,1.0,1.0,0.0,0.0,0.0,0.0,1.0,0.0,1.0,0.0
2,1,8.125193306595843,7.870490959403165,1,3342.7282722664672,1,2,2,4.2136778331270595,260.0988780992492,1,1,3,1.0,0.0,0.0,0.0,0.0,0.0,1.0,0.0,0.0,0.0,0.0,1.0,1.0,0.0,1.0,0.0
4,4,2.5033438669715773,8.930133144251366,1,1820.6984790922543,3,1,4,2.586598952450348,136.82232236228305,0,0,1,0.0,0.0,0.0,0.0,0.0,0.0,0.0,0.0,0.0,0.0,0.0,0.0,0.0,0.0,0.0,0.0
4,1,1.8205258197947718,6.7786613085583225,1,3235.6618562084195,0,0,0,11.902855018254757,174.5793148672973,0,0,4,0.0,0.0,0.0,0.0,0.0,0.0,0.0,0.0,0.0,0.0,0.0,0.0,1.0,0.0,0.0,0.0
4,4,9.438060888159358,5.421148465390871,2,1727.0127377876613,0,1,4,6.702939115942359,282.0950344350614,0,1,1,0.0,0.0,0.0,0.0,0.0,0.0,1.0,0.0,0.0,1.0,0.0,1.0,1.0,0.0,0.0,0.0
2,2,9.671692276532589,6.943957692739639,2,1540.0583273058785,3,0,3,4.316611562705333,50.39361401488457,0,0,0,1.0,1.0,0.0,0.0,0.0,0.0,0.0,0.0,0.0,0.0,0.0,1.0,0.0,0.0,0.0,0.0
1,0,6.546315624422451,5.501248662622721,1,822.1484077970704,0,1,2,7.712893644955756,265.34580646322684,1,0,1,0.0,0.0,0.0,0.0,0.0,0.0,0.0,0.0,0.0,0.0,0.0,1.0,1.0,1.0,1.0,1.0
4,1,4.407735454185641,7.1723522887368905,0,1574.2727270815976,3,2,0,5.437338050523829,241.32912736076347,1,0,0,0.0,0.0,0.0,0.0,0.0,0.0,1.0,0.0,0.0,0.0,0.0,0.0,0.0,0.0,0.0,0.0
1,4,8.499155868676468,6.775049098639107,2,1510.9594700654193,2,1,0,2.5059016706244552,298.2082099024639,1,1,2,0.0,0.0,0.0,0.0,0.0,0.0,0.0,0.0,0.0,0.0,0.0,1.0,1.0,0.0,0.0,0.0
2,1,2.8424796340187117,8.683026902502366,2,3039.653557930955,1,0,4,4.734231687534956,117.91268536959163,0,0,1,1.0,0.0,0.0,0.0,0.0,0.0,0.0,0.0,0.0,0.0,0.0,0.0,0.0,0.0,1.0,0.0
0,1,4.864530946867138,5.4405406806551735,2,3259.7455226479583,3,0,2,3.4362522900685777,38.054131938230576,0,0,0,0.0,0.0,0.0,0.0,0.0,0.0,0.0,0.0,0.0,0.0,0.0,0.0,0.0,0.0,0.0,0.0
3,3,4.213155691005416,5.1999111051420375,1,565.7902572599896,1,1,3,7.651110933808791,4.252846145599831,1,0,5,1.0,0.0,0.0,0.0,0.0,0.0,0.0,0.0,0.0,0.0,0.0,0.0,1.0,1.0,0.0,0.0
3,1,9.214299916675134,6.84511203740176,3,794.7692316410022,4,0,4,9.798823221475253,237.77876641244103,0,0,4,1.0,0.0,0.0,0.0,0.0,1.0,0.0,0.0,0.0,0.0,0.0,0.0,0.0,1.0,0.0,1.0
0,0,9.277996738260462,4.303026191145104,2,2429.68540127055,2,3,2,3.1509251772089324,40.978857736261986,0,1,2,0.0,0.0,0.0,0.0,0.0,0.0,0.0,0.0,0.0,0.0,0.0,1.0,1.0,0.0,1.0,0.0
1,3,6.857973336912997,5.376043770613035,3,1954.228664271483,3,0,1,7.455920066258238,91.80363531018845,0,0,2,0.0,0.0,0.0,0.0,0.0,0.0,0.0,0.0,0.0,0.0,0.0,1.0,1.0,0.0,0.0,0.0
2,4,1.9966612624542268,6.122229485126152,2,1390.6359051412878,1,0,1,8.501758344496372,296.1945112658685,0,0,1,1.0,0.0,0.0,0.0,0.0,0.0,0.0,0.0,0.0,0.0,0.0,0.0,1.0,0.0,0.0,1.0
2,4,5.3397351069247225,6.925778275365461,1,1279.721179148984,4,2,3,4.440129794950087,132.62848469317677,0,1,4,1.0,0.0,0.0,0.0,0.0,0.0,0.0,1.0,0.0,0.0,0.0,0.0,1.0,0.0,0.0,0.0
4,5,3.2079552960165105,5.616620267352184,1,1174.0237685558595,1,2,3,5.850427769116897,69.36171096199027,1,1,1,0.0,0.0,0.0,0.0,0.0,0.0,1.0,1.0,0.0,0.0,0.0,0.0,1.0,1.0,1.0,0.0
1,0,8.964240968660338,7.363818968250438,2,2076.3526077744114,2,2,1,4.305800089116717,225.97006738114396,0,0,0,0.0,0.0,0.0,0.0,0.0,0.0,0.0,0.0,0.0,0.0,0.0,1.0,0.0,0.0,1.0,0.0
4,2,2.245625191145817,9.27048799867103,2,552.4398094614802,4,0,2,4.47485961954885,81.4661052780604,1,1,2,0.0,0.0,0.0,0.0,1.0,0.0,1.0,0.0,0.0,0.0,0.0,0.0,0.0,1.0,0.0,0.0
2,1,1.488792482746366,7.262364768145613,2,2716.653129406874,4,2,2,5.354598503058933,159.30656260549088,0,0,1,1.0,0.0,0.0,0.0,0.0,0.0,0.0,0.0,0.0,0.0,0.0,0.0,0.0,0.0,0.0,0.0
4,5,7.339861301950704,5.7210371304185905,2,1401.1640236721933,3,3,0,3.5450751086414702,47.19959623276815,0,0,5,0.0,0.0,0.0,0.0,0.0,0.0,0.0,0.0,0.0,0.0,0.0,0.0,1.0,0.0,0.0,0.0
1,3,5.079574674713376,4.37188583201389,1,1780.4943537067115,3,2,2,5.859959597607217,138.24987731469594,1,0,2,0.0,0.0,0.0,0.0,0.0,0.0,0.0,0.0,0.0,0.0,0.0,0.0,1.0,0.0,0.0,0.0
0,0,8.54528398842776,4.819997828489942,0,2081.156593526176,3,1,3,9.026942667260434,32.585313012625626,0,1,4,0.0,0.0,0.0,0.0,0.0,0.0,0.0,0.0,0.0,0.0,0.0,0.0,1.0,0.0,1.0,0.0
0,4,1.6716666805238058,7.367304211283144,1,1134.078808182947,2,1,4,4.731572756210308,231.92841443336266,0,1,2,0.0,0.0,0.0,0.0,1.0,0.0,0.0,0.0,0.0,0.0,0.0,0.0,1.0,1.0,0.0,0.0
1,0,8.209685193470582,8.10225302862628,3,3151.1079422711064,3,3,1,11.345253617100118,109.54170614213986,1,0,1,0.0,0.0,0.0,0.0,0.0,0.0,0.0,0.0,0.0,0.0,0.0,1.0,0.0,0.0,1.0,0.0
4,1,1.336012775597425,4.298007661324423,2,2546.2797655348018,2,0,1,2.6159463440508013,95.64110761230583,0,0,1,0.0,0.0,0.0,0.0,0.0,0.0,0.0,0.0,0.0,0.0,0.0,0.0,1.0,0.0,0.0,0.0
0,4,1.2526301072256127,5.1132989782808895,3,3110.889026208999,2,2,4,5.394056985190575,298.13574155610416,1,1,5,0.0,0.0,0.0,0.0,0.0,0.0,0.0,0.0,0.0,0.0,0.0,0.0,1.0,0.0,1.0,0.0
1,3,5.151841765579267,5.914487624059423,2,1926.351815792704,1,1,4,7.220220120001102,248.910757912246,1,0,0,0.0,0.0,0.0,0.0,0.0,0.0,0.0,0.0,0.0,0.0,0.0,0.0,1.0,0.0,1.0,1.0
0,4,2.9916216071258663,5.918638653283014,3,1797.3813739682291,1,3,4,6.519173057591045,166.1775766291308,1,1,5,0.0,0.0,0.0,0.0,1.0,0.0,1.0,1.0,0.0,0.0,0.0,0.0,0.0,0.0,1.0,0.0
4,3,6.343468363058776,9.750442085067766,0,1211.4277055274247,0,0,1,11.36328803777948,283.26367102331227,1,0,0,0.0,0.0,0.0,0.0,0.0,0.0,1.0,0.0,0.0,0.0,0.0,1.0,0.0,0.0,0.0,1.0
3,5,1.2323529479032338,5.222623587654535,2,2134.521083622378,3,2,1,3.891936433393683,63.41961943994154,1,1,4,1.0,0.0,0.0,0.0,0.0,0.0,0.0,1.0,0.0,0.0,0.0,0.0,1.0,0.0,0.0,0.0
3,3,1.3185058812668067,4.375122096874653,0,2279.4907199537197,0,1,3,4.5315866800804345,172.04562947040287,1,1,4,1.0,0.0,0.0,0.0,0.0,0.0,0.0,0.0,0.0,0.0,0.0,0.0,1.0,0.0,1.0,0.0
3,0,7.544336465547464,6.118088975873914,0,1759.7701311255116,0,1,1,7.148178834396608,278.71717615680893,0,0,3,1.0,1.0,0.0,0.0,0.0,0.0,0.0,0.0,0.0,0.0,0.0,0.0,0.0,0.0,0.0,1.0
3,0,2.8914864624308048,4.806651826178077,0,936.1476809379169,1,1,3,7.156402723864979,170.91195896625635,0,1,0,1.0,0.0,0.0,0.0,0.0,0.0,0.0,0.0,0.0,0.0,0.0,0.0,1.0,1.0,1.0,0.0
3,4,6.907754112946602,4.759491790814735,1,1319.3133868868094,0,0,1,9.449291669765874,92.3969348299544,1,1,4,1.0,1.0,0.0,0.0,0.0,0.0,1.0,0.0,0.0,0.0,0.0,0.0,1.0,0.0,1.0,0.0
0,0,7.7492994535068265,6.44470396670277,0,542.7545285521003,3,3,1,9.534188957911367,243.4968037314068,1,1,0,0.0,0.0,0.0,0.0,1.0,0.0,0.0,0.0,0.0,0.0,0.0,1.0,1.0,1.0,1.0,1.0
4,2,1.5339804915247068,5.838346835499692,1,1457.4163034537426,0,2,4,0.13045150130789196,41.64303805682482,1,1,4,0.0,0.0,0.0,0.0,0.0,0.0,1.0,0.0,0.0,0.0,0.0,0.0,1.0,0.0,1.0,0.0
3,0,7.927785590178153,4.550360656932157,0,2242.2769298726203,2,2,1,9.170392580797866,45.600089447359224,1,0,4,1.0,1.0,0.0,0.0,0.0,0.0,0.0,0.0,0.0,0.0,0.0,1.0,1.0,0.0,0.0,0.0
3,1,3.4157909616515743,7.625820576564696,0,3367.1332935110154,3,2,0,8.614424089308276,219.3374669858702,1,1,5,1.0,0.0,0.0,0.0,0.0,0.0,0.0,0.0,0.0,0.0,0.0,0.0,1.0,0.0,0.0,0.0
1,3,4.505913623797734,7.0101985961221,1,1033.6903891682857,2,2,3,7.029242160486458,20.79955485391408,1,0,2,0.0,0.0,0.0,0.0,0.0,0.0,0.0,0.0,0.0,0.0,0.0,0.0,1.0,1.0,1.0,0.0
4,1,1.7797527306578502,4.462598013707832,1,666.3935915824391,2,2,1,3.803841014352467,15.189234826028175,0,1,3,0.0,0.0,0.0,0.0,1.0,0.0,1.0,0.0,0.0,0.0,0.0,0.0,1.0,1.0,1.0,0.0
1,2,8.547669850283675,9.176466844084866,1,1388.9338636143862,1,1,3,10.884672799681129,113.72241644312373,0,1,1,0.0,0.0,0.0,0.0,0.0,0.0,0.0,0.0,0.0,0.0,0.0,1.0,0.0,0.0,1.0,1.0
0,5,6.046559076931875,5.708278349273996,1,970.3930945058094,2,0,3,8.858635515585153,119.37194926042538,0,1,3,0.0,0.0,0.0,0.0,1.0,0.0,0.0,0.0,0.0,0.0,0.0,0.0,1.0,1.0,0.0,0.0
4,0,5.54198750062455,9.768284709683076,1,2586.5569906821684,3,0,0,3.0874488419100348,140.89509500080905,1,0,4,0.0,0.0,0.0,0.0,0.0,0.0,1.0,0.0,0.0,0.0,0.0,0.0,0.0,0.0,0.0,0.0
1,0,9.7169932981248,9.589231795337954,0,517.2474935799969,2,2,0,3.6626423992662582,222.21964633288883,1,0,1,0.0,0.0,0.0,0.0,0.0,0.0,0.0,0.0,0.0,0.0,0.0,1.0,0.0,1.0,0.0,0.0
0,1,4.0105518394660375,6.604579757312517,1,3442.6012768186383,3,0,4,8.525468513153267,170.65588688770669,1,0,4,0.0,0.0,0.0,0.0,0.0,0.0,0.0,0.0,0.0,0.0,0.0,0.0,1.0,0.0,0.0,1.0
3,4,9.017013578290264,5.371401642630009,3,3067.0000257870524,4,1,0,11.011851825153206,214.06457317877891,1,0,2,1.0,0.0,0.0,0.0,0.0,0.0,0.0,0.0,0.0,0.0,0.0,1.0,0.0,0.0,0.0,1.0
1,2,7.477190929581438,9.009116275181334,0,1972.011776226136,1,2,1,5.886494140283849,14.9683640085555,0,1,5,0.0,0.0,0.0,0.0,0.0,0.0,0.0,0.0,0.0,0.0,0.0,0.0,0.0,0.0,0.0,0.0
4,3,9.35675322267015,6.167715049734681,0,3262.8266594207207,0,2,3,10.55039628412408,94.71097593826353,1,1,0,0.0,0.0,0.0,0.0,0.0,0.0,1.0,0.0,0.0,1.0,0.0,1.0,0.0,0.0,1.0,1.0
2,0,9.170218474862137,4.98130416802779,3,2384.1779979718312,2,0,0,4.585373879699301,289.92207375565556,0,0,1,1.0,0.0,0.0,0.0,0.0,1.0,0.0,0.0,0.0,0.0,0.0,1.0,1.0,0.0,0.0,0.0
0,4,9.919268245234626,7.309646294913647,2,3481.2946300675085,1,2,2,4.74196497187946,128.32957570564074,0,0,4,0.0,0.0,0.0,0.0,0.0,0.0,0.0,0.0,0.0,0.0,0.0,1.0,0.0,0.0,1.0,0.0
4,0,2.185090768334418,6.936414656207594,1,1334.9186042284023,0,3,0,8.231294421059966,66.74750135972056,1,1,1,0.0,0.0,0.0,0.0,0.0,0.0,1.0,0.0,0.0,0.0,0.0,0.0,0.0,0.0,1.0,0.0
2,4,8.164147528824355,9.100107272883738,3,3490.7184278525406,3,1,2,0.6064522179324379,297.62585805798517,1,1,5,1.0,1.0,0.0,0.0,0.0,0.0,0.0,0.0,0.0,0.0,0.0,1.0,0.0,0.0,0.0,0.0
1,0,8.240449194527528,8.375688279035993,1,1040.7418763662167,3,0,3,1.667061969762531,123.39544200702095,1,1,5,0.0,0.0,0.0,0.0,0.0,0.0,1.0,0.0,0.0,0.0,0.0,1.0,0.0,1.0,0.0,0.0
3,5,6.799361753606381,9.256836921020522,2,1560.255102917121,3,2,1,8.741100124317365,143.6345562932828,0,1,0,1.0,0.0,0.0,0.0,0.0,0.0,0.0,0.0,1.0,0.0,0.0,1.0,0.0,1.0,1.0,0.0
2,1,3.509748624143818,8.408217474324246,2,3305.9722410202835,3,2,1,2.905025904603935,67.13915757875327,1,0,5,1.0,0.0,0.0,0.0,0.0,0.0,0.0,0.0,0.0,0.0,0.0,0.0,0.0,0.0,1.0,0.0
0,1,9.686334444654836,7.853049763886782,0,1611.6268557611554,2,1,2,2.100948704353426,196.9059221649742,0,1,2,0.0,0.0,0.0,0.0,0.0,0.0,0.0,0.0,0.0,0.0,0.0,1.0,1.0,0.0,0.0,0.0
3,2,2.839799241011886,7.001062913662077,3,1129.5091312095997,2,2,3,1.0686326926605223,62.169021971649975,0,0,5,1.0,0.0,0.0,0.0,0.0,0.0,0.0,0.0,0.0,0.0,0.0,0.0,0.0,0.0,1.0,0.0
2,0,5.496178405225951,9.925319736978686,2,678.4613164196874,1,3,2,2.698253665655008,182.97707089937188,0,1,4,1.0,0.0,0.0,0.0,0.0,0.0,0.0,0.0,0.0,0.0,0.0,0.0,0.0,1.0,1.0,0.0
3,0,5.6933840153726765,9.754988944001035,0,946.8746291663208,3,2,3,3.0056509061276606,227.23177349111654,0,1,1,1.0,0.0,0.0,0.0,0.0,0.0,0.0,0.0,0.0,0.0,0.0,0.0,0.0,0.0,0.0,0.0
4,3,2.4564641035243495,9.093117889214497,3,1565.6703209635575,4,3,2,4.093935675508125,195.71934973837108,0,0,0,0.0,0.0,0.0,0.0,0.0,0.0,0.0,0.0,0.0,0.0,0.0,0.0,0.0,0.0,1.0,0.0
3,1,7.502759400999168,8.651915282713167,2,1763.6961574061265,4,0,0,11.259954642001055,27.114680831833084,0,1,1,1.0,0.0,0.0,0.0,0.0,0.0,0.0,0.0,0.0,0.0,0.0,0.0,0.0,0.0,0.0,0.0
3,2,1.7998044776221578,7.465357300711073,3,2127.3534032607186,2,1,4,7.7354220807170595,23.932228914825636,1,1,2,1.0,0.0,0.0,0.0,0.0,0.0,1.0,0.0,0.0,0.0,0.0,0.0,0.0,0.0,1.0,0.0
1,4,7.237880009620399,5.55852016315724,3,2940.763983581542,0,2,3,8.3197631796623,252.70546422708998,0,1,3,0.0,0.0,0.0,0.0,0.0,0.0,0.0,0.0,0.0,0.0,0.0,1.0,1.0,0.0,1.0,0.0
1,0,8.637539466615731,9.252634162527789,1,540.2445494551524,4,1,0,1.592980672441135,271.367730530285,0,1,4,0.0,0.0,0.0,0.0,0.0,0.0,0.0,0.0,0.0,0.0,0.0,1.0,0.0,1.0,0.0,0.0
2,2,4.144567825741596,4.064896809273746,3,3023.3483936917305,2,3,1,2.312000263104105,40.69811052671221,1,1,4,1.0,0.0,0.0,0.0,0.0,0.0,0.0,0.0,0.0,0.0,0.0,0.0,1.0,0.0,1.0,0.0
4,1,7.384787277392801,5.364639800763599,0,2231.7480290693275,3,2,2,10.784053205845247,112.63805617757836,1,0,1,0.0,0.0,0.0,0.0,0.0,0.0,1.0,0.0,0.0,1.0,0.0,0.0,1.0,0.0,0.0,1.0
2,2,2.4109660733306484,6.422394670506819,1,2769.4341748535057,1,1,0,7.611709522915728,196.22005839865253,0,0,1,1.0,0.0,0.0,0.0,0.0,0.0,0.0,0.0,0.0,0.0,0.0,0.0,1.0,0.0,1.0,0.0
1,1,8.613541013075908,7.516942931404432,2,2770.937662122573,4,3,4,9.715811943903338,250.64428546883414,0,0,3,0.0,0.0,0.0,0.0,0.0,0.0,0.0,0.0,0.0,0.0,0.0,0.0,0.0,0.0,1.0,0.0
3,0,9.568285286979021,7.365275922162136,2,3209.608037921857,4,3,0,4.289551591635051,272.6955627085429,0,1,4,1.0,1.0,0.0,0.0,0.0,0.0,0.0,0.0,0.0,0.0,0.0,1.0,0.0,0.0,0.0,0.0
4,0,2.374243241497992,5.054894958311708,0,780.1406265030445,0,0,1,6.926482478157368,209.60482661994126,0,1,3,0.0,0.0,0.0,0.0,1.0,0.0,1.0,0.0,0.0,0.0,0.0,0.0,1.0,1.0,1.0,1.0
4,5,7.22673526575099,4.628789198881191,0,2214.5458650692144,2,2,1,6.02649134236918,44.24235548970618,0,1,3,0.0,0.0,0.0,0.0,0.0,0.0,1.0,0.0,0.0,0.0,0.0,1.0,1.0,0.0,1.0,0.0
1,0,5.5524798690087325,5.333973565511678,3,3227.088585184462,2,1,4,2.4649441219582213,230.5052882747367,1,0,4,0.0,0.0,0.0,0.0,0.0,0.0,0.0,0.0,0.0,0.0,0.0,0.0,0.0,0.0,1.0,0.0
3,4,5.783493986491408,6.092252733378902,3,2657.618942114658,3,3,1,9.897234132578863,257.7074801496105,0,0,2,1.0,0.0,0.0,0.0,0.0,0.0,0.0,0.0,0.0,0.0,0.0,0.0,0.0,0.0,0.0,1.0
2,5,7.3584074674061934,4.084322127520517,2,789.7547344896137,1,1,2,4.005074880198575,105.39179108859825,1,0,1,1.0,0.0,0.0,0.0,0.0,0.0,0.0,0.0,0.0,0.0,0.0,1.0,1.0,1.0,1.0,0.0
2,2,5.398664494027935,8.154734923299134,2,2341.892932639271,0,1,3,5.6026494609112145,148.24580354411333,0,0,4,1.0,0.0,0.0,0.0,0.0,0.0,0.0,0.0,0.0,0.0,0.0,0.0,0.0,0.0,1.0,0.0
1,1,6.402937528159451,5.486364614424948,3,2899.642727602834,1,3,0,1.5959171642793426,49.914782733773386,0,0,1,0.0,0.0,0.0,0.0,0.0,0.0,0.0,0.0,0.0,0.0,0.0,1.0,0.0,0.0,1.0,0.0
0,4,3.0781091747023948,6.108426619290174,0,1324.5853589170965,2,3,0,7.660280348323493,91.35584989335493,0,0,0,0.0,0.0,0.0,0.0,0.0,0.0,0.0,0.0,0.0,0.0,0.0,0.0,1.0,1.0,0.0,0.0
1,5,4.406559368397673,6.009410143503397,3,2397.4797050501415,1,0,0,9.493625323916316,260.939884532835,1,1,0,0.0,0.0,0.0,0.0,0.0,0.0,1.0,0.0,0.0,0.0,0.0,0.0,0.0,0.0,0.0,0.0
2,0,8.787163150643519,7.070978805271131,0,3021.2366641824324,2,2,0,4.924659688377359,26.654169234514523,1,0,2,1.0,1.0,0.0,0.0,0.0,0.0,0.0,0.0,0.0,0.0,0.0,1.0,1.0,0.0,1.0,0.0
4,5,1.9891226048354704,9.158798332567667,2,2071.6008677244636,1,3,1,11.737584120681612,228.72693687028655,0,0,2,0.0,0.0,1.0,0.0,0.0,0.0,0.0,0.0,0.0,0.0,0.0,0.0,0.0,0.0,1.0,1.0
4,5,6.378177348402759,4.896339721033247,1,1082.561602536277,3,0,4,3.0910074999911474,29.2911222192036,0,0,3,0.0,0.0,0.0,0.0,0.0,0.0,0.0,0.0,0.0,0.0,0.0,0.0,1.0,0.0,1.0,0.0
0,0,2.658583560114012,6.04436267938762,3,2149.0463663502323,2,2,4,10.47696690920024,87.78612465211556,0,0,1,0.0,0.0,0.0,0.0,0.0,0.0,0.0,0.0,0.0,0.0,0.0,0.0,1.0,0.0,1.0,1.0
3,0,8.618856381310348,8.152172846390702,0,2264.0117994648454,0,3,2,8.6545859625351,174.7237217437854,0,0,2,1.0,1.0,0.0,0.0,0.0,0.0,0.0,0.0,0.0,0.0,0.0,0.0,1.0,0.0,1.0,1.0
0,4,6.211395584681948,4.2653884796826205,2,1708.5583167021794,3,3,4,11.127139516783284,0.9940161742150511,0,1,3,0.0,0.0,0.0,0.0,1.0,0.0,0.0,0.0,0.0,0.0,0.0,0.0,1.0,0.0,1.0,0.0
3,0,4.62743904403244,8.979871810973343,0,2538.8498735827916,1,0,0,8.887778561327083,202.611747722056,1,0,1,1.0,0.0,0.0,0.0,0.0,0.0,0.0,0.0,0.0,0.0,0.0,0.0,0.0,0.0,0.0,0.0
1,3,3.2484220628663616,9.77095084298456,0,1799.998684065183,1,3,2,5.938227332689761,94.85855044651986,1,0,3,0.0,0.0,0.0,0.0,0.0,0.0,0.0,0.0,0.0,0.0,0.0,0.0,0.0,0.0,1.0,0.0
2,0,4.93160229270671,7.645823215491945,1,3132.215262963422,3,1,2,4.961645562373213,224.5710930084444,0,1,1,1.0,0.0,0.0,0.0,0.0,0.0,0.0,0.0,0.0,0.0,0.0,1.0,1.0,0.0,0.0,0.0
3,4,9.618510933295681,9.739050226184329,3,2874.876402536546,1,1,0,9.952793841139707,292.5710264039889,0,0,5,1.0,1.0,0.0,0.0,0.0,0.0,0.0,0.0,0.0,0.0,0.0,1.0,0.0,0.0,0.0,1.0
2,1,5.582883607692585,6.478370976590487,1,2914.31559754745,0,1,2,10.084361672761734,124.94672731560291,0,0,2,1.0,0.0,0.0,0.0,0.0,0.0,0.0,0.0,0.0,0.0,0.0,0.0,1.0,0.0,0.0,0.0
4,0,5.225405785298742,6.4901903839308215,2,2078.230115819856,1,2,2,7.066847013448207,8.99876835708142,1,0,4,0.0,0.0,0.0,0.0,0.0,0.0,1.0,0.0,0.0,0.0,0.0,0.0,1.0,0.0,0.0,0.0
2,0,7.716464321502782,4.637493456480625,2,1089.0434617720116,1,0,3,8.425491919019745,254.66747304912292,1,0,2,1.0,0.0,0.0,0.0,0.0,0.0,0.0,0.0,0.0,0.0,0.0,0.0,1.0,0.0,0.0,1.0
4,1,4.41142363748716,4.212681609998619,3,2673.2654573249947,3,2,2,5.554290433682787,82.37350471199031,1,0,2,0.0,0.0,0.0,0.0,0.0,0.0,1.0,0.0,0.0,0.0,0.0,0.0,1.0,0.0,0.0,0.0
3,3,4.846815548927147,5.467025908807203,1,706.7640547382947,3,0,2,2.6204556801803403,44.584945240129144,1,0,4,1.0,1.0,0.0,0.0,0.0,0.0,0.0,0.0,0.0,0.0,0.0,0.0,1.0,1.0,0.0,0.0
1,0,4.032529584144571,6.8687719426068865,0,2052.724808458962,0,3,1,0.5997657471149882,263.7635946177858,0,0,1,0.0,0.0,0.0,0.0,0.0,0.0,0.0,0.0,0.0,0.0,0.0,0.0,1.0,0.0,1.0,0.0
3,4,2.3582777979645226,7.046094345177334,3,658.9372444445522,3,1,2,7.844464587211231,69.75891095676322,0,0,4,1.0,0.0,0.0,0.0,0.0,0.0,0.0,0.0,0.0,0.0,0.0,0.0,0.0,1.0,1.0,0.0
2,3,7.424282927823856,5.3054522904486,1,2085.256062071035,3,2,0,8.030556391770368,181.58558752452637,1,0,0,1.0,1.0,0.0,0.0,0.0,0.0,0.0,0.0,0.0,0.0,0.0,0.0,1.0,0.0,0.0,0.0
2,1,8.857278224952614,7.6768340479685655,0,2557.7665073867156,0,0,2,7.983162740506003,76.19509359232968,0,0,5,1.0,1.0,0.0,0.0,0.0,0.0,0.0,0.0,0.0,0.0,0.0,1.0,0.0,0.0,0.0,0.0
0,5,9.15033384318489,5.087235249030328,3,1757.5947392578955,1,0,1,6.748889586201663,213.73745849500227,0,0,4,0.0,0.0,0.0,0.0,0.0,0.0,0.0,0.0,0.0,0.0,0.0,1.0,1.0,0.0,0.0,0.0
0,3,8.927226442340018,5.957266841614601,3,1750.7094996629617,3,0,1,4.108810336653699,194.62397764783313,1,1,3,0.0,0.0,0.0,0.0,1.0,0.0,1.0,0.0,0.0,0.0,0.0,1.0,0.0,0.0,0.0,0.0
2,4,5.066054221941936,5.174257091135964,0,868.381550822481,2,3,1,2.904439688895125,152.75046400124864,1,0,2,1.0,0.0,0.0,0.0,0.0,0.0,0.0,1.0,0.0,0.0,0.0,0.0,1.0,1.0,1.0,0.0
0,1,3.5565957298287665,8.179981599940824,3,1405.5488158950789,1,0,4,0.7884578989847117,166.5074711128564,0,0,2,0.0,0.0,0.0,0.0,0.0,0.0,0.0,0.0,0.0,0.0,0.0,0.0,0.0,1.0,1.0,0.0
4,4,6.74131374640741,7.099435049333871,2,1832.8211617550198,3,0,3,1.7761047940815367,68.17305921211845,1,0,2,0.0,0.0,0.0,0.0,0.0,0.0,1.0,0.0,0.0,0.0,0.0,1.0,1.0,0.0,0.0,0.0
4,3,9.592344207154285,8.416606594435692,1,3090.686415890678,3,2,4,7.53957821177948,6.57804122581579,0,0,1,0.0,0.0,0.0,0.0,0.0,0.0,0.0,0.0,0.0,1.0,0.0,1.0,0.0,0.0,1.0,0.0
3,5,7.543455833517445,4.343489017549898,2,3193.9397070172295,2,3,1,9.216856146477602,240.21267135125703,0,0,4,1.0,0.0,0.0,0.0,0.0,0.0,0.0,0.0,0.0,0.0,0.0,1.0,1.0,0.0,1.0,1.0
3,2,5.453637054311409,6.552172481410849,0,3360.740306022756,0,0,1,10.891474051634237,266.790385451453,1,0,1,1.0,0.0,0.0,0.0,0.0,0.0,0.0,0.0,0.0,0.0,0.0,0.0,1.0,0.0,0.0,0.0
2,4,7.199277170621034,9.801751473888523,0,800.791091380041,3,1,0,1.0070011372730554,233.36078736513682,0,0,1,1.0,0.0,0.0,0.0,0.0,0.0,0.0,0.0,0.0,0.0,0.0,0.0,0.0,1.0,0.0,0.0
0,2,7.952841212089573,4.321717088238182,0,1388.632433806663,0,2,3,9.768314856635552,212.37748098086317,0,1,2,0.0,0.0,0.0,0.0,1.0,0.0,0.0,0.0,0.0,0.0,0.0,1.0,1.0,1.0,1.0,1.0
1,0,9.273423351952637,6.510272138175773,0,1888.7387562600438,4,1,0,7.169037343671773,141.57723845908794,1,0,2,0.0,0.0,0.0,0.0,0.0,0.0,0.0,0.0,0.0,0.0,0.0,1.0,1.0,0.0,0.0,0.0
2,0,7.868941785749387,4.242389313133724,2,2425.231473170157,0,0,4,3.6157966389064207,175.17093089468162,1,0,1,1.0,0.0,0.0,0.0,0.0,0.0,0.0,0.0,0.0,0.0,0.0,0.0,1.0,0.0,0.0,0.0
4,5,4.898715000723151,4.8799199258248,3,2608.39546879848,0,3,3,8.70951294148265,207.48816163169232,0,0,2,0.0,0.0,0.0,0.0,0.0,0.0,0.0,0.0,0.0,0.0,0.0,1.0,1.0,0.0,1.0,0.0
1,4,3.462458666189357,6.775158709438309,1,2858.048865856749,1,1,2,11.872248397007198,7.868450055772236,0,1,4,0.0,0.0,0.0,0.0,0.0,0.0,0.0,0.0,0.0,0.0,0.0,0.0,1.0,0.0,0.0,1.0
2,2,5.498934982566322,4.9450803861043156,0,1987.6214301804616,1,2,3,4.553011696420492,127.10116025672042,1,1,1,1.0,0.0,0.0,0.0,0.0,0.0,0.0,0.0,0.0,0.0,0.0,0.0,1.0,0.0,1.0,0.0
1,4,3.953601501449246,7.112532549783058,1,2169.7527998806845,1,1,4,7.529254919227951,67.40595214801446,1,0,1,0.0,0.0,0.0,0.0,0.0,0.0,0.0,0.0,0.0,0.0,0.0,0.0,0.0,0.0,1.0,0.0
0,0,9.484881334190327,9.536390096620417,2,3381.712067154634,4,2,0,3.129991193103419,109.3347276439079,0,1,4,0.0,0.0,0.0,0.0,0.0,0.0,0.0,0.0,0.0,0.0,0.0,1.0,0.0,0.0,0.0,0.0
0,0,5.5716925910496595,5.20244534918456,3,1220.0848393690876,1,3,3,2.4603369552755985,224.76951352465466,0,1,1,0.0,0.0,0.0,0.0,1.0,0.0,0.0,0.0,0.0,0.0,0.0,0.0,1.0,0.0,1.0,0.0
1,3,5.2485070236760745,4.643119058273187,2,2911.2792286525237,4,1,4,1.7895753229291986,109.01590494233179,0,0,4,0.0,0.0,0.0,0.0,0.0,0.0,0.0,0.0,0.0,0.0,0.0,0.0,1.0,0.0,0.0,0.0
0,3,4.133765963393766,8.951659371897712,1,2635.454103072363,0,3,2,0.38584330304003656,221.7284239732791,0,1,5,0.0,0.0,0.0,0.0,0.0,0.0,0.0,0.0,0.0,0.0,0.0,0.0,0.0,0.0,1.0,0.0
0,5,6.754662912624402,6.761619084482531,2,920.2695101843185,3,1,3,8.685725541883432,291.54944631166177,0,1,3,0.0,0.0,0.0,0.0,1.0,0.0,0.0,0.0,0.0,0.0,0.0,1.0,0.0,1.0,1.0,1.0
1,4,5.6804615075885305,9.295666593064826,0,3279.4750781543135,0,1,2,1.7515075668914277,277.01483709329415,0,1,3,0.0,0.0,0.0,0.0,0.0,0.0,0.0,0.0,0.0,0.0,0.0,1.0,0.0,0.0,1.0,0.0
1,1,2.161440306084309,5.836739767992324,1,3066.068468379345,1,0,0,8.115275212345551,248.3174567321417,0,0,4,0.0,0.0,0.0,0.0,0.0,0.0,0.0,0.0,0.0,0.0,0.0,0.0,1.0,0.0,0.0,0.0
2,4,8.822870297474452,7.765192031122538,2,2838.5139586901787,0,1,4,10.435306498227654,255.89724281395334,0,1,0,1.0,0.0,0.0,0.0,0.0,0.0,0.0,0.0,0.0,0.0,0.0,1.0,0.0,0.0,1.0,0.0
0,2,4.231115489294186,9.539881325809986,0,880.3207512606779,1,2,1,10.159195542011702,118.17969586660644,1,0,0,0.0,0.0,0.0,0.0,1.0,0.0,0.0,0.0,0.0,0.0,0.0,0.0,0.0,1.0,0.0,1.0
1,4,4.893205869623388,5.030174796687436,0,919.0115932785513,2,2,1,3.587580379359495,219.47471598833175,0,0,1,0.0,0.0,0.0,0.0,0.0,0.0,0.0,0.0,0.0,0.0,0.0,0.0,1.0,1.0,1.0,0.0
2,1,2.851003509972212,8.80437135583242,3,2549.595374595723,4,1,4,1.4928743557361703,200.10409714972297,0,0,2,1.0,0.0,0.0,0.0,0.0,0.0,0.0,0.0,0.0,0.0,0.0,0.0,0.0,0.0,1.0,0.0
4,0,5.980583868561002,7.789100499070764,0,821.8100455372962,3,1,0,5.31677379868026,294.86764455370394,0,0,5,0.0,0.0,0.0,0.0,1.0,0.0,0.0,0.0,0.0,0.0,0.0,0.0,1.0,1.0,0.0,0.0
3,0,7.3184955618572465,8.877680467762321,0,839.9468177084873,3,0,2,2.1754705019179745,172.4695523783904,1,0,3,1.0,1.0,0.0,0.0,0.0,0.0,0.0,0.0,0.0,0.0,0.0,0.0,1.0,1.0,0.0,0.0
4,5,8.930487885633456,5.024160069718649,2,1700.8384008623273,2,3,2,4.482094768607832,128.92982682988696,1,0,5,0.0,0.0,0.0,0.0,0.0,0.0,1.0,1.0,1.0,0.0,0.0,1.0,1.0,0.0,1.0,0.0
1,0,1.464468984750364,6.604518822022074,1,516.1336663268655,1,1,1,6.825856427615954,251.18005204771617,0,1,2,0.0,0.0,0.0,0.0,0.0,0.0,0.0,0.0,0.0,0.0,0.0,0.0,0.0,1.0,0.0,0.0
2,5,9.759987187294405,4.773023370861716,3,2664.450208447984,1,1,3,7.732163531373587,224.87200463226677,1,1,4,1.0,1.0,0.0,0.0,0.0,0.0,1.0,0.0,0.0,0.0,0.0,1.0,1.0,0.0,0.0,0.0
2,4,7.334359678183211,9.760492647912187,3,2120.6209795244795,0,3,2,2.619885104265229,37.45851258030819,0,0,4,1.0,0.0,0.0,0.0,0.0,0.0,0.0,0.0,0.0,0.0,0.0,0.0,0.0,0.0,1.0,0.0
4,0,3.5586881597036566,4.376150337760807,3,734.5224476439524,3,2,1,2.72755332566328,178.88405673619314,0,0,0,0.0,0.0,0.0,0.0,1.0,0.0,0.0,0.0,0.0,0.0,0.0,0.0,1.0,1.0,1.0,0.0
4,5,2.8402727951256947,4.39290038796633,1,2130.748245387028,3,3,1,10.391609175056454,177.69200234282462,0,1,3,0.0,0.0,0.0,0.0,0.0,0.0,1.0,0.0,0.0,0.0,0.0,0.0,1.0,0.0,1.0,0.0
4,0,3.664791267891381,9.388937153090215,3,662.2636186307839,2,1,1,11.338653050339474,189.48745639360337,1,0,3,0.0,0.0,0.0,0.0,0.0,0.0,1.0,0.0,0.0,0.0,0.0,0.0,0.0,1.0,0.0,0.0
3,0,8.88153176499798,5.8045728888260495,1,712.0883179946971,2,1,3,7.709352940818075,282.4494268899869,1,1,2,1.0,0.0,0.0,0.0,0.0,0.0,1.0,0.0,0.0,0.0,0.0,0.0,0.0,1.0,0.0,1.0
2,3,3.6225115587635535,7.582120197082901,0,1956.398570454362,1,2,2,6.681878426370057,180.6106864469895,0,0,4,1.0,1.0,0.0,0.0,0.0,0.0,0.0,0.0,0.0,0.0,0.0,0.0,0.0,0.0,0.0,0.0
2,1,5.165390211015121,5.72485317344384,3,1999.4697515469354,4,3,3,7.896879058844062,261.00565660344085,1,1,2,1.0,0.0,0.0,0.0,0.0,0.0,0.0,0.0,0.0,0.0,0.0,0.0,0.0,0.0,1.0,0.0
4,1,7.351642488180093,7.892550253765189,2,1516.9843186796102,4,3,3,1.5434456877215932,107.51424445795965,0,0,4,0.0,0.0,0.0,0.0,0.0,0.0,0.0,0.0,0.0,1.0,0.0,1.0,0.0,0.0,0.0,0.0
1,1,8.84790877351497,5.154816215620164,0,2365.314374935495,2,1,4,10.764468496291006,17.2136863937849,0,0,4,0.0,0.0,0.0,0.0,0.0,0.0,0.0,0.0,0.0,0.0,0.0,1.0,1.0,0.0,0.0,0.0
1,3,6.927140461114937,6.753216748308816,3,1662.0752079643732,3,2,4,2.5031480300349567,112.56682175820332,1,1,1,0.0,0.0,0.0,0.0,0.0,0.0,0.0,0.0,0.0,0.0,0.0,1.0,0.0,0.0,1.0,0.0
4,0,7.777982768809804,7.200953048682367,0,2260.881737038962,1,1,3,8.036167315313126,159.80082233282548,1,0,0,0.0,0.0,0.0,0.0,0.0,0.0,1.0,0.0,0.0,0.0,0.0,0.0,1.0,0.0,0.0,0.0
1,1,2.5599411666636005,6.00185734172278,2,1549.3548121989027,0,1,1,2.663647991307489,249.9964133443771,0,0,5,0.0,0.0,0.0,0.0,0.0,0.0,0.0,0.0,0.0,0.0,0.0,0.0,1.0,0.0,0.0,0.0
1,3,8.896670449220249,5.5102036676137125,1,2644.900893976927,1,1,3,8.469498399975029,189.55464259346996,0,1,5,0.0,0.0,0.0,0.0,0.0,0.0,0.0,0.0,0.0,0.0,0.0,1.0,1.0,0.0,0.0,0.0
2,2,3.4814726525629958,4.8412400060273,0,2237.858352378703,4,0,4,9.041205772503725,132.66062070707414,1,0,5,1.0,0.0,0.0,0.0,0.0,0.0,0.0,0.0,0.0,0.0,0.0,0.0,1.0,0.0,0.0,0.0
1,4,2.155403476508641,8.236866017847518,3,980.1306405266826,2,3,1,8.892551630979565,138.5617823245749,1,0,0,0.0,0.0,0.0,0.0,0.0,0.0,0.0,0.0,0.0,0.0,0.0,0.0,0.0,1.0,1.0,1.0
4,1,9.786198613066023,5.009696295966539,2,2558.8065655331598,4,0,2,5.144382294401597,298.99718359003515,0,0,4,0.0,0.0,0.0,0.0,0.0,0.0,0.0,0.0,0.0,0.0,0.0,1.0,0.0,0.0,0.0,0.0
4,3,2.814759329087449,5.752758347128868,3,2851.8077676003754,1,1,4,7.284390257839798,42.40315142708142,0,1,0,0.0,0.0,0.0,0.0,0.0,0.0,1.0,0.0,0.0,0.0,0.0,0.0,0.0,0.0,1.0,0.0
1,4,2.2298677307017885,6.0214525876991045,2,697.6222038682479,2,1,2,7.175863693767939,61.65482335282765,1,0,2,0.0,0.0,0.0,0.0,0.0,0.0,0.0,0.0,0.0,0.0,0.0,0.0,1.0,1.0,0.0,0.0
2,2,6.634188100916079,6.7262007818780205,3,2329.8817859018286,0,0,0,8.643754245803896,187.5844481063855,1,0,4,1.0,0.0,0.0,0.0,0.0,0.0,0.0,0.0,0.0,0.0,0.0,0.0,1.0,0.0,0.0,0.0
4,1,3.8697683454648577,8.215412197300402,3,2871.2889680392173,3,1,1,5.988010384902395,210.4216456956918,0,0,1,0.0,0.0,0.0,0.0,0.0,0.0,0.0,0.0,0.0,0.0,0.0,0.0,0.0,0.0,0.0,0.0
3,3,2.20014284662444,6.567670807922233,3,843.9586933358103,1,3,1,6.08752452666758,118.49376075487905,0,1,2,1.0,0.0,0.0,0.0,0.0,0.0,0.0,0.0,0.0,0.0,0.0,0.0,0.0,1.0,1.0,0.0
1,3,6.410090054942884,9.2265617286129,2,3204.957259205093,0,1,2,8.212901580991538,9.639542329326844,1,1,2,0.0,0.0,0.0,0.0,0.0,0.0,0.0,0.0,0.0,0.0,0.0,0.0,0.0,0.0,1.0,0.0
2,0,7.83086704500012,8.078713879721107,0,1744.396358758268,1,2,4,2.04181089789504,156.60358347232844,1,1,2,1.0,1.0,0.0,0.0,0.0,0.0,0.0,0.0,0.0,0.0,0.0,0.0,1.0,0.0,1.0,0.0
3,3,8.138785367864408,9.03092029678108,1,2713.5194632961543,3,2,4,7.829757970880945,43.30804427730074,0,1,0,1.0,0.0,0.0,0.0,0.0,0.0,0.0,0.0,0.0,0.0,0.0,1.0,0.0,0.0,0.0,0.0
3,0,2.3996134091104513,8.298123767985643,2,3197.149540487802,4,3,4,1.778771603003912,16.81449346136801,1,0,2,1.0,0.0,0.0,0.0,0.0,0.0,0.0,0.0,0.0,0.0,0.0,0.0,0.0,0.0,1.0,0.0
0,3,6.01180361145948,4.891790799022598,0,3468.911452610849,4,2,3,8.698020193562238,103.42788998682238,1,0,5,0.0,0.0,0.0,0.0,0.0,0.0,0.0,0.0,0.0,0.0,0.0,1.0,1.0,0.0,0.0,0.0
1,5,8.323105336133146,9.86756381118454,0,2251.775192093869,1,2,2,4.666957380424877,40.69581538690188,1,1,0,0.0,0.0,0.0,0.0,0.0,0.0,0.0,0.0,0.0,0.0,0.0,1.0,0.0,0.0,1.0,0.0
4,3,2.4497831028176673,8.719517594610194,1,2612.8217855094626,2,3,3,10.074992571321054,131.69908883909238,1,1,2,0.0,0.0,0.0,0.0,0.0,0.0,1.0,0.0,0.0,0.0,0.0,0.0,0.0,0.0,1.0,1.0
1,4,2.869140265936074,7.436330611804075,3,1255.0990223522597,2,2,2,1.060942519722953,228.50833909842052,0,1,3,0.0,0.0,0.0,0.0,0.0,0.0,0.0,0.0,0.0,0.0,0.0,0.0,0.0,0.0,1.0,0.0
1,1,1.0217025768850987,4.991385644428757,1,1370.1391165561604,3,2,0,5.526281501931555,14.113810997324826,0,1,2,0.0,0.0,0.0,0.0,0.0,0.0,0.0,0.0,0.0,0.0,0.0,0.0,1.0,0.0,0.0,0.0
1,5,5.721707407557593,5.036083891473847,3,3052.3082807077844,3,0,0,2.006609306085004,149.96745290055424,1,0,4,0.0,0.0,0.0,0.0,0.0,0.0,0.0,0.0,0.0,0.0,0.0,0.0,1.0,0.0,0.0,0.0
0,4,2.7521352717575582,7.68598704916085,3,1694.7317109570185,0,2,2,10.426358337886477,149.094123802744,1,0,1,0.0,0.0,0.0,0.0,0.0,0.0,0.0,0.0,0.0,0.0,0.0,0.0,0.0,0.0,0.0,0.0
0,5,7.518183181542092,6.4971827980120676,1,2967.3018632841136,0,3,3,1.502976126654639,0.532610545716905,0,0,1,0.0,0.0,0.0,0.0,0.0,0.0,0.0,0.0,0.0,0.0,0.0,1.0,1.0,0.0,1.0,0.0
1,4,9.659924700558452,8.055157003090875,0,651.7904436153583,2,1,1,5.822343358916546,221.47532226385016,0,0,5,0.0,0.0,0.0,0.0,0.0,0.0,0.0,0.0,0.0,0.0,0.0,1.0,1.0,1.0,0.0,0.0
4,3,2.8787994009916322,6.234566349398216,3,1154.7602653787371,2,0,0,1.2630147448319429,26.920772664639802,0,1,4,0.0,0.0,0.0,0.0,0.0,0.0,1.0,0.0,0.0,0.0,0.0,0.0,0.0,1.0,0.0,0.0
0,3,6.841873105871794,7.077071028739569,3,1010.2822669104587,4,2,0,9.572549446724032,279.61659946432906,0,1,1,0.0,0.0,0.0,0.0,1.0,0.0,0.0,0.0,0.0,0.0,0.0,1.0,0.0,0.0,0.0,0.0
1,5,2.9065101531266024,5.127748227783773,2,2081.2024091073717,4,0,1,3.3844749093007613,191.809355881966,1,1,0,0.0,0.0,0.0,0.0,0.0,0.0,1.0,0.0,0.0,0.0,0.0,0.0,0.0,0.0,0.0,0.0
0,5,1.162061730817336,4.9312068657629595,3,741.5916426698888,0,2,4,7.128710360533186,86.34483953010488,0,1,2,0.0,0.0,0.0,0.0,1.0,0.0,0.0,0.0,0.0,0.0,0.0,0.0,1.0,1.0,1.0,0.0
2,2,7.8269877479312635,4.453868582190943,0,1531.6113122639242,2,3,2,2.041724371793443,277.5843039942652,1,1,4,1.0,1.0,0.0,0.0,0.0,0.0,0.0,0.0,0.0,0.0,0.0,1.0,1.0,0.0,1.0,0.0
1,0,4.906042089858035,8.917835829391315,1,3458.735329551789,2,1,4,4.219270565000812,120.1381563445243,0,0,3,0.0,0.0,0.0,0.0,0.0,0.0,0.0,0.0,0.0,0.0,0.0,0.0,0.0,0.0,1.0,0.0
3,0,9.521081753631877,7.332317509477967,2,2882.651410101116,2,0,4,1.3643660740617416,78.0781747183145,0,1,4,1.0,1.0,0.0,0.0,0.0,0.0,0.0,0.0,0.0,0.0,0.0,1.0,1.0,0.0,1.0,0.0
2,1,5.80857293929065,9.682846239439975,0,2781.774238759884,0,1,4,6.6099726353576695,115.3502269272613,1,1,3,1.0,0.0,0.0,0.0,0.0,0.0,0.0,0.0,0.0,0.0,0.0,0.0,0.0,0.0,1.0,0.0
3,0,2.417345820781156,8.496917688155968,3,905.3440983216283,4,0,4,0.041437284906339134,183.47608231479597,1,0,5,1.0,0.0,0.0,0.0,0.0,0.0,0.0,0.0,0.0,0.0,0.0,0.0,0.0,1.0,1.0,0.0
3,1,5.047969976175501,8.612578961496965,2,1593.67731974604,0,1,1,11.916857895894529,217.0790961027324,0,0,0,1.0,0.0,0.0,0.0,0.0,0.0,0.0,0.0,0.0,0.0,0.0,0.0,0.0,1.0,1.0,1.0
2,0,2.8260261532541486,7.054350605182092,1,2541.7639138617615,4,1,4,4.995346352689653,198.5466082723254,1,0,4,1.0,0.0,0.0,0.0,0.0,0.0,0.0,0.0,0.0,0.0,0.0,0.0,0.0,0.0,1.0,0.0
4,5,8.90226345417917,8.892723619153905,0,564.8757117301888,4,3,4,7.553366364890311,276.371008649815,1,0,5,0.0,0.0,0.0,0.0,1.0,0.0,1.0,1.0,0.0,1.0,0.0,1.0,0.0,1.0,1.0,1.0
2,0,7.218128627987723,9.6523806718829,0,1801.9294729283824,4,3,3,3.441372054293853,286.85137495226184,1,1,5,1.0,0.0,0.0,0.0,0.0,0.0,0.0,0.0,0.0,0.0,0.0,1.0,0.0,0.0,1.0,0.0
4,3,4.071149241892332,8.330441514012627,2,3285.769367668323,0,1,0,3.0389779422384144,59.1188427667002,0,0,1,0.0,0.0,0.0,0.0,0.0,0.0,0.0,0.0,0.0,0.0,0.0,0.0,0.0,0.0,0.0,0.0
4,2,5.750382905264264,4.633533645322008,3,747.0194206988235,2,3,1,10.153619221577529,273.762720411982,0,0,5,0.0,0.0,0.0,0.0,1.0,0.0,0.0,0.0,0.0,0.0,0.0,0.0,1.0,1.0,0.0,1.0
2,1,7.025321693917256,7.906119155521037,0,3218.7780161180012,0,1,3,9.098194653663507,32.004559726318895,1,1,5,1.0,1.0,0.0,0.0,0.0,0.0,0.0,0.0,0.0,0.0,0.0,0.0,1.0,0.0,1.0,0.0
3,4,8.045719449808828,4.722599273446551,1,1083.564873563108,3,0,0,7.719504333086726,287.06753460752856,0,1,5,1.0,0.0,0.0,0.0,0.0,0.0,0.0,0.0,0.0,0.0,0.0,1.0,1.0,0.0,0.0,1.0
1,5,1.721324888834875,4.463334534512007,2,1067.3216700323937,4,3,4,9.027658895112504,77.80345412444782,1,0,1,0.0,0.0,0.0,0.0,0.0,0.0,0.0,1.0,0.0,0.0,0.0,0.0,1.0,1.0,1.0,0.0
4,4,1.202669577957221,8.157402430695628,1,1086.3078762906293,2,1,2,2.103757835737665,79.73674593985157,0,1,4,0.0,0.0,0.0,0.0,0.0,0.0,1.0,0.0,0.0,0.0,0.0,0.0,0.0,1.0,0.0,0.0
3,5,2.0300742745290083,9.008712591544231,2,3293.768246909635,0,3,0,11.209106966231088,126.46366531529917,1,0,5,1.0,0.0,0.0,0.0,0.0,0.0,0.0,1.0,0.0,0.0,0.0,0.0,0.0,0.0,1.0,1.0
4,3,4.554966791553067,4.953048944376199,2,2311.234983180988,1,2,1,5.456945881543392,54.522686545473476,0,1,1,0.0,0.0,0.0,0.0,0.0,0.0,1.0,0.0,0.0,0.0,0.0,0.0,1.0,0.0,0.0,0.0
1,4,5.200359490738828,4.444891647796268,3,2752.366835890619,0,3,1,10.424540013964638,248.31559569777428,0,1,1,0.0,0.0,0.0,0.0,0.0,0.0,0.0,0.0,0.0,0.0,0.0,1.0,0.0,0.0,1.0,1.0
3,0,2.2281546719246355,9.319137365152264,2,1599.2228182540146,2,2,3,8.832683055212174,37.42124404314754,1,1,4,1.0,0.0,0.0,0.0,0.0,0.0,0.0,0.0,0.0,0.0,0.0,0.0,0.0,0.0,1.0,0.0
2,5,4.700378241096447,4.793256021945213,2,3119.7528079193353,1,2,3,3.4310550572645746,131.78664109864508,0,0,4,1.0,0.0,0.0,0.0,0.0,0.0,0.0,0.0,0.0,0.0,0.0,0.0,0.0,0.0,1.0,0.0
0,4,4.9746050772564745,4.2105165624624235,1,2245.8114077448126,4,0,1,6.831802789766044,272.14680322882873,0,1,3,0.0,0.0,0.0,0.0,0.0,0.0,0.0,0.0,0.0,0.0,0.0,1.0,1.0,0.0,0.0,0.0
0,1,1.9818096730973802,8.326326212598934,0,2299.5047996196236,1,1,3,11.599749579269089,190.61672957827614,0,0,3,0.0,0.0,0.0,0.0,0.0,0.0,0.0,0.0,0.0,0.0,0.0,0.0,1.0,0.0,0.0,0.0
2,2,9.249939641761607,9.086293324572058,0,2756.9631562344116,1,1,4,0.44505765764952043,182.14945337343076,0,1,5,1.0,1.0,0.0,0.0,0.0,0.0,0.0,0.0,0.0,0.0,0.0,1.0,0.0,0.0,1.0,0.0
1,3,6.392313348289369,7.086840048785358,0,2820.9278700174855,1,1,1,5.117780759747001,298.39326717866174,0,0,2,0.0,0.0,0.0,0.0,0.0,0.0,0.0,0.0,0.0,0.0,0.0,0.0,1.0,0.0,0.0,0.0
0,0,4.496819774106539,7.239551464562727,3,2545.5907147588696,4,2,1,7.446475162979366,6.7647247192082265,1,1,4,0.0,0.0,0.0,0.0,0.0,0.0,1.0,0.0,0.0,0.0,0.0,0.0,0.0,0.0,0.0,0.0
2,4,5.5621646512498595,6.021163076364272,0,856.7298007876259,1,3,0,4.078752725282394,95.9381055315583,0,0,5,1.0,0.0,0.0,0.0,0.0,0.0,0.0,1.0,0.0,0.0,0.0,0.0,1.0,1.0,1.0,0.0
3,1,3.8277773782192606,5.430779193197395,1,3100.1797781996743,4,0,1,3.8149931717255803,37.505465368841996,0,1,1,1.0,0.0,0.0,0.0,0.0,0.0,0.0,0.0,0.0,0.0,0.0,0.0,1.0,0.0,0.0,0.0
1,0,8.688979284801338,8.531392421053518,2,1282.6973482557912,3,2,1,8.984299569293176,55.37318369110934,1,0,0,0.0,0.0,0.0,0.0,0.0,0.0,0.0,0.0,0.0,0.0,0.0,1.0,0.0,1.0,0.0,0.0
4,1,6.175135374116533,9.095706448726254,2,3488.582475028759,1,3,3,10.995922734195151,64.80134955824855,1,1,0,0.0,0.0,0.0,0.0,0.0,0.0,1.0,0.0,0.0,0.0,0.0,0.0,0.0,0.0,1.0,1.0
3,5,5.454062329541891,5.927468548991181,0,1656.5237953057797,2,1,0,6.451539985178247,188.06703317019085,0,0,4,1.0,1.0,0.0,0.0,0.0,0.0,0.0,1.0,0.0,0.0,0.0,1.0,1.0,0.0,0.0,0.0
2,1,9.197968627860378,5.6429151092539085,3,859.9918927967828,0,1,2,11.378516840189764,81.63210713811526,1,0,1,1.0,0.0,0.0,0.0,0.0,0.0,0.0,0.0,0.0,0.0,0.0,1.0,1.0,1.0,1.0,1.0
4,3,8.54181728410661,5.606750317270301,1,1448.2595077675874,4,1,3,1.215344370066982,199.2553525910624,1,1,4,0.0,0.0,0.0,0.0,0.0,0.0,1.0,0.0,0.0,1.0,0.0,0.0,1.0,1.0,1.0,0.0
2,4,8.315217022832645,4.3035725081341365,0,2220.602730802092,4,3,1,2.729644455288118,221.42089516065093,1,1,2,1.0,0.0,0.0,0.0,0.0,0.0,0.0,0.0,0.0,0.0,0.0,1.0,1.0,0.0,0.0,0.0
0,0,3.0304828380865976,5.686450149042287,0,1674.3387146072596,1,3,0,1.0525433356856233,120.57384065767764,1,1,5,0.0,0.0,0.0,0.0,1.0,0.0,0.0,0.0,0.0,0.0,0.0,0.0,1.0,0.0,0.0,0.0
0,4,2.378108003215211,4.15390550181403,3,2986.045066907663,0,2,3,5.226411420296396,160.89818231937926,0,1,3,0.0,0.0,0.0,0.0,0.0,0.0,0.0,0.0,0.0,0.0,0.0,0.0,1.0,0.0,1.0,0.0
4,1,7.210868677414729,8.730445734810237,3,2546.618886261429,2,1,2,7.520576631797074,39.62765223075858,0,0,3,0.0,0.0,0.0,0.0,0.0,0.0,0.0,0.0,0.0,1.0,0.0,1.0,0.0,0.0,0.0,0.0
4,4,5.217780307072563,5.53556097418576,3,1140.3516968122515,3,2,2,2.405663046647311,225.79180949096394,0,0,1,0.0,0.0,0.0,0.0,0.0,0.0,0.0,0.0,0.0,0.0,0.0,1.0,0.0,1.0,1.0,0.0
3,1,7.153414416611592,8.140931136108183,1,2116.5599148898864,3,2,4,5.382464182936242,125.73548512455307,0,1,1,1.0,1.0,0.0,0.0,0.0,0.0,0.0,0.0,0.0,0.0,0.0,1.0,0.0,0.0,0.0,0.0
0,0,7.8456450890000475,7.259130313243337,3,2862.596000594703,0,3,0,8.212735140203485,250.3905613910675,1,0,1,0.0,0.0,0.0,0.0,0.0,0.0,0.0,0.0,0.0,0.0,0.0,1.0,0.0,0.0,0.0,1.0
1,4,3.657821566102758,9.024781779863192,1,3173.7012546576934,0,0,0,7.673847302960568,157.86585590882805,0,1,0,0.0,0.0,0.0,0.0,0.0,0.0,0.0,0.0,0.0,0.0,0.0,0.0,0.0,0.0,0.0,0.0
0,4,3.5618538981052783,9.762272365342131,0,1684.8330047241247,1,0,2,7.551383379161631,209.02939301839535,1,0,1,0.0,0.0,0.0,0.0,0.0,0.0,0.0,0.0,0.0,0.0,0.0,0.0,0.0,0.0,0.0,1.0
0,5,5.417484096323653,6.20374968477499,3,3273.394160454317,3,1,2,7.272387186832024,107.57480803564263,0,0,5,0.0,0.0,0.0,0.0,0.0,0.0,0.0,0.0,0.0,0.0,0.0,0.0,0.0,0.0,0.0,0.0
1,4,3.461943821738476,4.530044919337823,1,607.9083788584142,1,1,4,11.839323854207242,111.53088873966406,1,1,4,0.0,0.0,0.0,0.0,0.0,0.0,1.0,0.0,0.0,0.0,0.0,0.0,1.0,1.0,1.0,1.0
2,2,7.005657484145796,8.497874586315536,2,2530.073606539305,4,2,3,8.567058033816835,130.95253246928317,0,0,1,1.0,0.0,0.0,0.0,0.0,0.0,0.0,0.0,0.0,0.0,0.0,0.0,0.0,0.0,1.0,0.0
0,1,7.720574012926451,4.1278139571951,2,2845.954234526574,1,2,1,10.892076005221417,190.81026170605813,1,0,2,0.0,0.0,0.0,0.0,0.0,0.0,0.0,0.0,0.0,0.0,0.0,0.0,1.0,0.0,1.0,1.0
4,1,5.248350514479199,5.337780006917478,0,1775.4241419261662,4,3,4,11.42076255736864,151.96007443817734,0,0,4,0.0,0.0,0.0,0.0,0.0,0.0,0.0,0.0,0.0,0.0,0.0,0.0,1.0,0.0,1.0,1.0
2,3,7.5141978903877895,4.319504010838831,3,532.9234277564778,4,3,2,10.316145885889025,241.28293476740393,0,0,0,1.0,1.0,0.0,0.0,0.0,0.0,0.0,1.0,0.0,0.0,0.0,1.0,1.0,1.0,0.0,0.0
1,2,5.5939381216369854,9.388890229718893,0,2561.1054808084314,3,0,4,1.142017095364951,16.43921467820899,0,1,4,0.0,0.0,0.0,0.0,0.0,0.0,0.0,0.0,0.0,0.0,0.0,0.0,0.0,0.0,0.0,0.0
2,2,7.415845497703083,4.031782490209434,3,1527.692727613973,0,3,1,6.35093423421654,270.1628175767989,1,0,3,1.0,0.0,0.0,0.0,0.0,0.0,0.0,0.0,0.0,0.0,0.0,0.0,1.0,0.0,1.0,0.0
3,1,3.024714230161528,6.956452990091391,1,955.4388640775419,0,3,3,4.578149776531113,277.8109998833387,0,0,4,1.0,0.0,0.0,0.0,0.0,0.0,0.0,0.0,0.0,0.0,0.0,0.0,0.0,1.0,1.0,0.0
1,2,7.649587413397377,6.543994762953881,1,971.326329547431,0,1,2,1.1648214911661103,73.22270665715277,0,0,0,0.0,0.0,0.0,0.0,0.0,0.0,0.0,0.0,0.0,0.0,0.0,1.0,1.0,1.0,1.0,0.0
0,1,7.43611621111316,7.916467987288837,1,2807.4921674939633,3,0,2,6.77050754814727,30.232905072539694,0,0,5,0.0,0.0,0.0,0.0,0.0,0.0,0.0,0.0,0.0,0.0,0.0,1.0,1.0,0.0,0.0,0.0
0,0,3.3994513634425987,5.738464531415499,2,1062.1682726373224,3,3,4,2.553894335020379,171.556868036138,0,1,4,0.0,0.0,0.0,0.0,1.0,0.0,0.0,0.0,0.0,0.0,0.0,0.0,1.0,1.0,1.0,0.0
4,0,6.003738919361575,9.24217240281675,0,1952.2948944264997,4,0,0,6.9808465920831235,19.251051174684374,1,0,1,0.0,0.0,0.0,0.0,0.0,0.0,0.0,0.0,0.0,0.0,0.0,1.0,0.0,0.0,0.0,0.0
0,3,8.697805010869615,8.40607444948836,0,3411.1680789696757,4,0,1,9.808666669254809,68.91469425442348,0,1,5,0.0,0.0,0.0,0.0,0.0,0.0,0.0,0.0,0.0,0.0,0.0,1.0,0.0,0.0,0.0,1.0
3,2,3.245703822751951,6.593766555953398,2,2776.4560936050248,1,1,0,4.726056796549019,152.269808704475,1,0,0,1.0,0.0,0.0,0.0,0.0,0.0,0.0,0.0,0.0,0.0,0.0,0.0,1.0,0.0,0.0,0.0
1,0,7.623818056132087,6.148157497075248,2,2141.5809461442004,1,0,4,11.397942867633736,184.14342952853173,1,0,0,0.0,0.0,0.0,0.0,0.0,0.0,0.0,0.0,0.0,0.0,0.0,1.0,0.0,0.0,0.0,1.0
3,3,9.585700454321984,8.895329484985506,3,2084.826057872599,3,1,4,9.197622305047132,58.2914478209983,1,0,4,1.0,0.0,0.0,0.0,0.0,0.0,0.0,0.0,0.0,0.0,0.0,1.0,0.0,0.0,0.0,1.0
0,0,8.796177277818085,8.542361791214624,3,1001.9823246398512,3,0,4,9.651385026701686,279.82138861233665,1,1,5,0.0,0.0,0.0,0.0,1.0,0.0,0.0,0.0,0.0,0.0,0.0,1.0,0.0,1.0,0.0,1.0
4,0,4.613680744122485,6.394000348144285,3,1839.2707250458216,1,0,1,1.3474966626042124,54.39692910716085,1,1,0,0.0,0.0,0.0,0.0,0.0,0.0,1.0,0.0,0.0,0.0,0.0,0.0,0.0,0.0,0.0,0.0
3,0,6.464869596893246,6.048231175660764,3,934.6989617190063,0,3,1,11.302477000851736,46.096739142032675,1,0,4,1.0,0.0,0.0,0.0,0.0,0.0,0.0,0.0,0.0,0.0,0.0,0.0,0.0,1.0,1.0,0.0
2,2,9.925931208274335,4.233327937975253,3,750.7463456931306,0,1,2,0.4143499781407436,48.69599535777257,1,1,4,1.0,0.0,0.0,0.0,0.0,0.0,1.0,0.0,0.0,0.0,0.0,1.0,0.0,1.0,1.0,0.0
1,5,6.115936702381466,4.4902434726408735,1,827.4117078777035,4,2,3,10.126742446650002,278.8574284740854,1,1,0,0.0,0.0,0.0,0.0,0.0,0.0,0.0,1.0,0.0,0.0,1.0,0.0,1.0,1.0,1.0,1.0
4,1,2.035248421873299,4.323510733325408,3,2319.8334699553343,1,3,3,0.35580795503764273,263.6313059318722,0,1,0,0.0,0.0,0.0,0.0,0.0,0.0,0.0,0.0,0.0,0.0,0.0,0.0,1.0,0.0,1.0,0.0
1,1,1.4088767930088482,4.1464929180881605,3,1080.6589482855688,3,1,4,1.9494892175353034,9.912259276698066,1,1,1,0.0,0.0,0.0,0.0,0.0,0.0,0.0,0.0,0.0,0.0,0.0,0.0,1.0,0.0,0.0,0.0
2,1,8.112830587696255,4.917234292844686,2,948.0365449732515,4,1,3,3.7841411326981578,217.98459647020056,0,1,1,1.0,0.0,0.0,0.0,0.0,0.0,0.0,0.0,0.0,0.0,0.0,0.0,1.0,1.0,1.0,0.0
1,2,4.812654928616615,9.14285090608345,0,3101.392886290962,4,2,4,8.853126810061445,22.046616393523834,1,1,1,0.0,0.0,0.0,0.0,0.0,0.0,1.0,0.0,0.0,0.0,0.0,0.0,0.0,0.0,1.0,1.0
1,4,3.22131601566275,8.78895586453519,0,866.0388897033586,2,2,1,10.793044992273787,22.593163160788478,0,0,4,0.0,0.0,0.0,0.0,0.0,0.0,0.0,1.0,0.0,0.0,1.0,0.0,0.0,1.0,0.0,1.0
2,1,4.129048275948523,9.073443086969183,1,2616.905341726397,3,0,3,7.997985160919846,22.806060641222736,1,1,1,1.0,0.0,0.0,0.0,0.0,0.0,0.0,0.0,0.0,0.0,0.0,0.0,0.0,0.0,0.0,0.0
0,3,7.816355798918071,7.742802168552831,2,1751.0007864421896,0,3,2,8.73322261248577,248.88629349468258,0,1,3,0.0,0.0,0.0,0.0,1.0,0.0,0.0,0.0,0.0,0.0,0.0,0.0,0.0,0.0,1.0,1.0
0,5,5.187226020704462,7.74437860744402,2,2237.239213294878,4,0,0,3.4772739087850795,128.23068977658474,0,1,2,0.0,0.0,0.0,0.0,0.0,0.0,0.0,0.0,0.0,0.0,0.0,0.0,0.0,0.0,0.0,0.0
1,5,8.81649543273289,4.7435904793181,3,570.0662434910248,4,2,4,11.704518105890779,167.10884644615822,0,1,1,0.0,0.0,0.0,0.0,0.0,0.0,0.0,0.0,1.0,0.0,0.0,1.0,1.0,1.0,1.0,1.0
0,3,7.614330298999294,8.19379212185432,2,500.05771854973636,1,0,0,4.892810615955852,9.24410004181544,1,0,5,0.0,0.0,0.0,0.0,1.0,0.0,0.0,0.0,0.0,0.0,0.0,1.0,0.0,1.0,0.0,0.0
2,4,9.766127354008825,5.680158465222838,2,2951.7456320567735,1,0,4,10.954965643488276,270.26750974107415,1,0,1,1.0,0.0,0.0,0.0,0.0,0.0,0.0,0.0,0.0,0.0,0.0,1.0,1.0,0.0,1.0,1.0
4,5,8.99653390110859,7.115519978717207,3,1926.323475529299,3,0,1,9.351051297938954,294.6067986978511,1,0,1,0.0,0.0,0.0,0.0,0.0,0.0,1.0,0.0,0.0,0.0,0.0,1.0,0.0,0.0,0.0,1.0
0,4,3.2909249060740824,9.728335622805144,3,713.9208093475781,2,2,1,4.407198663493537,70.55357044052633,1,1,1,0.0,0.0,0.0,0.0,1.0,0.0,0.0,0.0,0.0,0.0,0.0,0.0,0.0,1.0,0.0,0.0
0,1,6.93153309522298,9.223692365910564,2,1530.3683095716449,3,1,3,4.117623104719323,196.95455488444597,0,0,5,0.0,0.0,0.0,0.0,0.0,0.0,0.0,0.0,0.0,0.0,0.0,1.0,0.0,0.0,1.0,0.0
0,0,1.184887310753295,5.399161043774753,2,2019.0633087523568,0,2,2,8.153772058996138,203.6408866447098,0,1,5,0.0,0.0,0.0,0.0,0.0,0.0,0.0,0.0,0.0,0.0,0.0,0.0,1.0,0.0,0.0,0.0
2,0,9.919960519866384,8.41990369420176,0,906.4804305409992,1,1,1,11.285655600444787,289.88407279603746,0,0,3,1.0,1.0,0.0,0.0,0.0,0.0,0.0,0.0,0.0,0.0,0.0,1.0,1.0,1.0,0.0,1.0
1,5,3.349054979223369,4.624544499755267,2,2139.013849332613,3,0,4,8.068133551682863,145.12984465699827,0,0,3,0.0,0.0,0.0,0.0,0.0,0.0,0.0,0.0,0.0,0.0,0.0,0.0,1.0,0.0,0.0,0.0
2,3,6.983155842612256,4.160454914464196,0,2086.2521595117923,4,3,3,10.289124333160126,71.37437863558758,0,0,3,1.0,1.0,0.0,0.0,0.0,0.0,0.0,0.0,0.0,0.0,0.0,0.0,1.0,0.0,0.0,1.0
0,1,8.642382590796087,4.169045648691161,1,2308.5054990326776,0,3,3,11.595393796542211,108.08479028495455,1,0,3,0.0,0.0,0.0,0.0,0.0,0.0,0.0,0.0,0.0,0.0,0.0,0.0,1.0,0.0,1.0,1.0
1,2,2.444181964551743,5.021478905308074,2,2930.7854157663155,3,3,3,3.9600315472534158,191.88351306881907,0,1,4,0.0,0.0,0.0,0.0,0.0,0.0,0.0,0.0,0.0,0.0,0.0,0.0,1.0,0.0,0.0,0.0
2,1,8.630914085294313,8.169690412562758,0,1738.3364401605854,0,0,4,6.461898300523701,141.74613541991238,0,1,0,1.0,1.0,0.0,0.0,0.0,0.0,0.0,0.0,0.0,0.0,0.0,1.0,0.0,0.0,1.0,0.0
2,4,1.110210992117402,6.179835360748112,2,3165.6800853802138,4,3,0,7.309297651981663,23.822229026385976,1,0,4,1.0,0.0,0.0,0.0,0.0,0.0,0.0,0.0,0.0,0.0,0.0,0.0,1.0,0.0,1.0,0.0
2,3,4.977794242768667,4.095654633800151,1,1924.0212587298142,1,2,2,2.6061198681004036,242.20986948578152,0,0,4,1.0,0.0,0.0,0.0,0.0,0.0,0.0,0.0,0.0,0.0,0.0,0.0,1.0,0.0,0.0,0.0
3,5,5.248338602780246,9.928135788261052,2,1871.446892642938,1,0,4,9.570585205865202,259.28062941487633,1,0,5,1.0,0.0,0.0,0.0,0.0,0.0,0.0,0.0,0.0,0.0,0.0,0.0,0.0,0.0,0.0,1.0
2,1,4.366816419328623,7.200270419391959,1,2467.057095211938,3,0,4,3.14109725334773,143.4996502106687,0,0,2,1.0,0.0,0.0,0.0,0.0,0.0,0.0,0.0,0.0,0.0,0.0,0.0,1.0,0.0,1.0,0.0
4,2,6.277462716704497,6.3632812906679055,1,2352.563645974351,4,2,0,8.482495715510149,157.04111480478332,1,0,0,0.0,0.0,0.0,0.0,0.0,0.0,1.0,0.0,0.0,0.0,0.0,0.0,1.0,0.0,0.0,1.0
2,0,9.233581138323688,7.113099370292988,1,534.3048162767783,2,2,1,6.285890479768194,147.4719838887571,0,1,2,1.0,1.0,0.0,0.0,0.0,0.0,0.0,0.0,0.0,0.0,0.0,1.0,0.0,1.0,1.0,0.0
1,5,3.9429020287026018,7.119825459151299,0,3447.291770672585,1,0,1,10.040052608007837,158.9238588375353,1,0,2,0.0,0.0,0.0,0.0,0.0,0.0,0.0,0.0,0.0,0.0,0.0,0.0,1.0,0.0,0.0,0.0
1,3,6.213338984497818,6.821419462557962,0,3328.0807584334034,4,1,2,6.138660739076744,30.786701550182727,1,1,3,0.0,0.0,0.0,0.0,0.0,0.0,0.0,0.0,0.0,0.0,0.0,1.0,1.0,0.0,0.0,0.0
1,3,8.897162731689907,7.6776934267898245,3,1343.8578274896674,4,0,4,7.040007629278708,130.0898661974678,1,1,1,0.0,0.0,0.0,0.0,0.0,0.0,1.0,0.0,0.0,0.0,0.0,1.0,0.0,0.0,0.0,0.0
2,2,7.956958555912403,9.31375971920984,0,2175.7500204972557,2,3,2,2.1728680071444204,134.3625905699992,1,0,0,1.0,1.0,0.0,0.0,0.0,0.0,0.0,0.0,0.0,0.0,0.0,1.0,0.0,0.0,1.0,0.0
1,1,1.366599383249464,5.810282152462519,1,2811.4555207689486,0,2,0,9.698241128998212,299.31430050724737,1,1,0,0.0,0.0,0.0,0.0,0.0,0.0,1.0,0.0,0.0,0.0,0.0,0.0,1.0,0.0,1.0,1.0
4,5,9.485116877148961,6.921811737075773,0,3261.4034722938745,4,1,2,4.82549239803175,14.595952063413865,0,0,4,0.0,0.0,0.0,0.0,0.0,0.0,0.0,0.0,0.0,0.0,0.0,1.0,0.0,0.0,0.0,0.0
2,2,1.4198221383275147,4.021863977180612,2,2257.719920373498,3,1,1,6.9569337437511845,93.64167761635967,1,1,0,1.0,0.0,0.0,0.0,0.0,0.0,1.0,0.0,0.0,0.0,0.0,0.0,1.0,0.0,0.0,0.0
4,4,6.298826269368966,9.158885687909216,2,556.8203988145473,2,3,3,10.152705193566204,148.79858047254368,0,1,3,0.0,0.0,0.0,0.0,0.0,0.0,1.0,1.0,0.0,1.0,0.0,1.0,0.0,1.0,1.0,0.0
3,0,6.178182582836483,5.835423333478698,1,2542.033842611736,0,2,4,5.7526698132611305,254.17060362068906,0,1,4,1.0,1.0,0.0,0.0,0.0,0.0,0.0,0.0,0.0,0.0,0.0,1.0,0.0,0.0,1.0,1.0
1,1,8.077512076320843,5.627781389970213,3,779.2342066971167,4,1,3,3.2935757314249567,138.37113450504455,1,0,3,0.0,0.0,0.0,0.0,0.0,0.0,0.0,0.0,0.0,0.0,0.0,0.0,0.0,1.0,1.0,0.0
1,4,2.335987466640799,9.985223015266207,1,2513.5333206128,3,3,4,3.1848890997287613,87.30193437013911,0,1,0,0.0,0.0,0.0,0.0,0.0,0.0,0.0,0.0,0.0,0.0,0.0,0.0,0.0,0.0,1.0,0.0
3,0,2.614333528564334,7.506357632471127,2,2262.282806091901,1,2,2,6.795912083822302,160.58046360197608,1,0,0,1.0,0.0,0.0,0.0,0.0,0.0,0.0,0.0,0.0,0.0,0.0,0.0,0.0,0.0,1.0,0.0
1,0,7.768962394645245,4.738259476845942,1,2422.008883744429,1,0,4,3.4944486674702593,89.10804128950828,0,0,5,0.0,0.0,0.0,0.0,0.0,0.0,0.0,0.0,0.0,0.0,0.0,1.0,1.0,0.0,1.0,0.0
1,4,2.3455427717046256,5.593149819361426,2,1067.7730969562024,1,2,4,4.06259909318108,164.4964417372583,0,1,3,0.0,0.0,0.0,0.0,0.0,0.0,0.0,0.0,0.0,0.0,0.0,0.0,1.0,0.0,1.0,0.0
4,1,5.225006143590756,6.119359529597868,0,1980.8295884358688,4,3,0,2.8176619470296687,206.95807765476977,1,0,4,0.0,0.0,0.0,0.0,0.0,0.0,1.0,0.0,0.0,0.0,0.0,0.0,1.0,0.0,0.0,0.0
2,1,7.584832811898387,9.916360287223924,1,2353.8703834001863,2,3,3,5.355442024832117,159.23470637925567,1,1,5,1.0,1.0,0.0,0.0,0.0,0.0,0.0,0.0,0.0,0.0,0.0,1.0,0.0,0.0,1.0,0.0
0,3,6.861177359044131,6.583730067489148,2,1400.8787342424885,4,0,1,5.592986296668098,182.89056484796572,0,0,2,0.0,0.0,0.0,0.0,1.0,0.0,0.0,0.0,0.0,0.0,0.0,1.0,0.0,0.0,0.0,0.0
2,1,2.8954376750178565,5.380803929756855,3,1044.8697842704933,3,3,0,6.311046140602719,11.615232507592532,0,1,5,1.0,0.0,0.0,0.0,0.0,0.0,0.0,0.0,0.0,0.0,0.0,0.0,1.0,1.0,1.0,0.0
2,0,3.73564232817477,7.418385804476903,1,1168.0422166588974,1,3,1,7.114255201212605,197.64002382663992,1,0,2,1.0,0.0,0.0,0.0,0.0,0.0,0.0,0.0,0.0,0.0,0.0,0.0,0.0,0.0,1.0,0.0
4,0,9.720774129169369,6.428557948342062,1,3074.050007329338,2,0,0,7.0548599604943565,290.9026184047811,0,1,5,0.0,0.0,0.0,0.0,0.0,0.0,1.0,0.0,0.0,0.0,0.0,1.0,1.0,0.0,0.0,0.0
3,0,5.038035581393955,4.329762328851222,1,1893.630560885002,4,2,0,4.407022688609195,147.49342623207608,1,1,4,1.0,1.0,0.0,0.0,0.0,0.0,0.0,0.0,0.0,0.0,0.0,0.0,1.0,0.0,0.0,0.0
0,0,1.4001172879274248,9.165517674725953,1,2483.220130929661,2,3,0,10.808148702517679,240.81246968819048,0,1,1,0.0,0.0,0.0,0.0,0.0,0.0,0.0,0.0,0.0,0.0,0.0,0.0,0.0,0.0,0.0,1.0
0,4,2.976264095196994,4.0941251636998235,3,2044.6665924469855,3,0,4,6.139878312060268,164.6716020839215,1,1,0,0.0,0.0,0.0,0.0,0.0,0.0,0.0,0.0,0.0,0.0,0.0,0.0,1.0,0.0,0.0,0.0
3,1,4.081915806956539,9.39090181447286,2,3002.381755622246,0,3,2,9.985393558293241,211.19961708424248,0,1,5,1.0,0.0,0.0,0.0,0.0,0.0,0.0,0.0,0.0,0.0,0.0,0.0,0.0,0.0,1.0,1.0
0,0,9.995404638651273,8.751152221610813,1,2025.4846014418586,2,1,0,6.688544289271735,92.9736463711167,0,0,2,0.0,0.0,0.0,0.0,0.0,0.0,0.0,0.0,0.0,0.0,0.0,1.0,0.0,0.0,0.0,0.0
1,0,3.7242239272922677,4.4549392608544665,1,779.9759387648921,2,1,1,4.4473583629303555,290.0592443359045,1,0,5,0.0,0.0,0.0,0.0,0.0,0.0,0.0,0.0,0.0,0.0,0.0,0.0,1.0,1.0,0.0,0.0
0,2,1.2375626390429049,8.341666466878323,2,1093.9540805994593,1,1,3,8.863776425308618,64.54349472413926,1,0,1,0.0,0.0,0.0,0.0,1.0,0.0,0.0,0.0,0.0,0.0,0.0,0.0,0.0,1.0,0.0,1.0
0,5,5.616294197998023,8.625650092835913,2,539.7962455160635,4,2,3,2.123520989622288,47.72928686200905,0,1,2,0.0,0.0,0.0,0.0,1.0,0.0,0.0,1.0,0.0,0.0,0.0,0.0,0.0,1.0,0.0,0.0
4,2,1.7524484647657936,7.613842440572107,1,2994.572849179183,1,3,0,11.636163841632865,13.657317616968667,1,1,1,0.0,0.0,0.0,0.0,0.0,0.0,1.0,0.0,0.0,0.0,0.0,0.0,0.0,0.0,0.0,1.0
0,0,3.4666083882614966,7.46602480093674,3,2489.8184999230534,4,3,0,6.867630729497938,162.3571687284851,0,1,0,0.0,0.0,0.0,0.0,0.0,0.0,0.0,0.0,0.0,0.0,0.0,0.0,0.0,0.0,0.0,1.0
0,1,9.931448584845452,4.298122157487844,1,2777.6057543649963,0,0,2,1.249988030924578,185.67027313138857,1,1,3,0.0,0.0,0.0,0.0,0.0,0.0,0.0,0.0,0.0,0.0,0.0,1.0,1.0,0.0,0.0,0.0
4,2,7.341746670371389,4.356978230936695,1,2645.060704088752,2,3,4,5.0562991788652685,194.85659190859712,0,0,2,0.0,0.0,0.0,0.0,0.0,0.0,0.0,0.0,0.0,1.0,0.0,1.0,1.0,0.0,1.0,0.0
0,1,1.4559996635458332,8.36373189901418,0,2973.4390662100914,2,3,0,8.550458996373663,51.66944543203339,1,1,1,0.0,0.0,0.0,0.0,0.0,0.0,0.0,0.0,0.0,0.0,0.0,0.0,0.0,0.0,0.0,0.0
4,5,5.038180467326164,4.633391073513459,1,3460.9085093517583,1,0,4,0.8173166098380995,195.43112746790052,0,0,2,0.0,0.0,0.0,0.0,0.0,0.0,0.0,0.0,0.0,1.0,0.0,0.0,1.0,0.0,0.0,0.0
0,4,2.5447376136596436,5.451064604238866,3,2460.4139897317186,2,1,0,3.1365655445950678,49.531969387762445,0,1,2,0.0,0.0,0.0,0.0,0.0,0.0,0.0,0.0,0.0,0.0,0.0,0.0,0.0,0.0,0.0,0.0
0,2,2.1065019076190916,6.993019562940153,3,1256.7968088813159,4,0,2,11.092489992143793,226.49794682135993,0,1,1,0.0,0.0,0.0,0.0,1.0,0.0,0.0,0.0,0.0,0.0,0.0,0.0,0.0,0.0,0.0,1.0
0,5,6.283588720139218,4.98498204167609,1,804.1701266295324,2,3,1,4.274435773550048,82.57337802712122,1,1,4,0.0,0.0,0.0,0.0,1.0,0.0,1.0,1.0,0.0,0.0,0.0,0.0,1.0,1.0,0.0,0.0
3,1,5.550903006761941,8.739037363300152,0,2269.2437851839577,2,1,2,1.9099515404705323,126.61377522224949,1,0,1,1.0,0.0,0.0,0.0,0.0,0.0,0.0,0.0,0.0,0.0,0.0,0.0,0.0,0.0,0.0,0.0
3,0,7.685799258839574,8.844268142674531,2,2812.271183842438,4,1,4,1.1805923502417803,110.16811331414688,0,0,3,1.0,0.0,0.0,0.0,0.0,0.0,0.0,0.0,0.0,0.0,0.0,0.0,0.0,0.0,1.0,0.0
2,5,9.030756054086737,9.052859267565353,2,2184.715142603839,4,3,1,7.428751848897937,110.31691361396176,0,1,4,1.0,1.0,0.0,0.0,0.0,0.0,0.0,1.0,1.0,0.0,0.0,0.0,0.0,0.0,1.0,0.0
1,5,3.2201367168849573,4.29740872464823,3,1410.6643041648485,0,2,3,6.697597572138243,216.28304471373042,0,0,1,0.0,0.0,0.0,0.0,0.0,0.0,0.0,0.0,0.0,0.0,0.0,0.0,1.0,1.0,1.0,0.0
0,1,9.306927879898574,6.567238967401746,2,2659.204543717208,3,3,1,7.772899557360686,299.33187602973203,0,1,0,0.0,0.0,0.0,0.0,0.0,0.0,0.0,0.0,0.0,0.0,0.0,1.0,0.0,0.0,0.0,1.0
2,3,5.661925952986859,9.081506036286015,0,1843.9174882089937,4,3,3,11.496441100405669,158.19892546389508,0,0,0,1.0,1.0,0.0,0.0,0.0,0.0,0.0,0.0,0.0,0.0,0.0,0.0,0.0,0.0,1.0,1.0
1,1,3.3295142636660544,6.1793163418401935,3,1359.7673038769728,4,3,0,0.721419163738406,120.31166809911437,0,0,3,0.0,0.0,0.0,0.0,0.0,0.0,0.0,0.0,0.0,0.0,0.0,0.0,1.0,0.0,1.0,0.0
2,3,8.612072542923483,8.174922269938135,2,3023.2534640732333,4,0,1,2.3720522181740193,88.10973383455264,0,1,0,1.0,0.0,0.0,0.0,0.0,0.0,0.0,0.0,0.0,0.0,0.0,1.0,0.0,0.0,0.0,0.0
3,4,1.3197692622612025,7.535475425140057,3,2229.5563433546213,0,0,4,2.8058918896360656,187.34346872735946,1,0,0,1.0,0.0,0.0,0.0,0.0,0.0,0.0,0.0,0.0,0.0,0.0,0.0,0.0,0.0,1.0,0.0
4,4,6.035584397256645,6.083251700243071,0,1350.3439936588697,3,0,3,5.1250664331389935,135.35496455931556,0,1,2,0.0,0.0,0.0,0.0,0.0,0.0,1.0,0.0,0.0,1.0,0.0,1.0,1.0,1.0,1.0,0.0
2,3,7.4945938152697,5.6584289745425425,1,1485.8130029567565,4,1,4,1.452316078937113,231.85076052597475,0,0,1,1.0,1.0,0.0,0.0,0.0,0.0,0.0,0.0,0.0,0.0,0.0,0.0,1.0,1.0,0.0,0.0
0,4,3.519799184405289,7.91645855259644,1,2214.9953461542837,2,2,3,4.918439067709979,182.00674170453124,0,1,2,0.0,0.0,0.0,0.0,0.0,0.0,0.0,0.0,0.0,0.0,0.0,0.0,1.0,0.0,1.0,0.0
1,3,8.771427258068961,4.8017448220173815,1,1768.7707819758566,0,2,0,9.794335544669416,123.57641647712421,1,1,4,0.0,0.0,0.0,0.0,0.0,0.0,0.0,0.0,0.0,0.0,0.0,1.0,1.0,0.0,1.0,0.0
4,4,3.162561070221864,9.160735114526553,3,981.5573544032034,0,2,2,1.9638939290073743,285.90337598480045,0,0,4,0.0,0.0,0.0,0.0,1.0,0.0,0.0,1.0,0.0,0.0,0.0,0.0,0.0,1.0,1.0,0.0
2,1,8.558868544585653,7.458660646484221,0,2331.40979717624,1,2,4,10.99896559652102,3.3793726586131223,0,1,2,1.0,1.0,0.0,0.0,0.0,0.0,0.0,0.0,0.0,0.0,0.0,1.0,1.0,0.0,1.0,0.0
3,2,1.7069046744921152,4.669021030755035,0,2567.330198156736,4,3,3,10.93504098077241,206.84640738444895,0,0,0,1.0,0.0,0.0,0.0,0.0,0.0,0.0,0.0,0.0,0.0,0.0,0.0,1.0,0.0,1.0,1.0
2,2,2.4393483268158818,8.221165871160181,0,500.32638885030354,0,2,2,6.155846767151003,123.23743709610707,0,0,1,1.0,0.0,0.0,0.0,0.0,0.0,0.0,0.0,0.0,0.0,0.0,0.0,1.0,1.0,1.0,0.0
0,3,4.428861255117173,6.586675299294514,3,2110.607948280148,3,1,4,10.321890696834902,36.48654967846336,1,0,5,0.0,0.0,0.0,0.0,0.0,0.0,0.0,0.0,0.0,0.0,0.0,0.0,0.0,0.0,0.0,0.0
4,0,8.686499615183614,5.224488492179054,0,2231.4844396477006,0,1,0,8.538009778687403,27.80863556389597,1,0,0,0.0,0.0,0.0,0.0,0.0,0.0,1.0,0.0,0.0,0.0,0.0,1.0,1.0,0.0,0.0,0.0
3,1,2.301268286141042,9.766415757549197,2,1496.1921626869043,4,3,4,4.280861459327369,194.79569606082896,1,1,1,1.0,0.0,0.0,0.0,0.0,0.0,1.0,0.0,0.0,0.0,0.0,0.0,0.0,1.0,1.0,0.0
4,5,8.878944158148173,8.317886710086555,0,1516.1937771144017,0,3,0,6.741017980679476,44.331945133118985,0,1,5,0.0,0.0,0.0,0.0,0.0,0.0,1.0,0.0,1.0,0.0,0.0,0.0,0.0,0.0,1.0,0.0
4,0,3.0675837395151433,7.557961739967976,1,1452.9766469879623,1,3,4,1.3993986662873428,256.8228136020072,1,1,2,0.0,0.0,0.0,0.0,1.0,0.0,1.0,0.0,0.0,0.0,0.0,0.0,0.0,0.0,1.0,0.0
1,3,5.072575587350759,9.09320308635617,2,1835.9842049839576,0,2,4,5.949148472385777,93.27839589145482,1,1,0,0.0,0.0,0.0,0.0,0.0,0.0,1.0,0.0,0.0,0.0,0.0,0.0,0.0,0.0,1.0,0.0
1,3,4.17460963834304,7.263218739292916,0,2935.8196365778995,2,3,2,9.95974863863962,103.15285821957421,1,1,5,0.0,0.0,0.0,0.0,0.0,0.0,1.0,0.0,0.0,0.0,0.0,0.0,0.0,0.0,0.0,1.0
1,2,2.063136039530712,6.648823673997423,0,1907.078201278786,3,1,2,7.022879972310259,198.0373306676185,1,1,4,0.0,0.0,0.0,0.0,0.0,0.0,1.0,0.0,0.0,0.0,0.0,0.0,1.0,0.0,0.0,0.0
4,0,9.498787655672261,5.13668115916425,2,3480.9461200431824,2,0,0,4.584367364002556,66.04916472351111,1,1,5,0.0,0.0,0.0,0.0,0.0,0.0,1.0,0.0,0.0,0.0,0.0,1.0,1.0,0.0,0.0,0.0
2,0,4.943604616769921,4.920342550709072,0,1628.476024300499,2,2,1,7.962715691238536,2.1117629048151954,0,0,4,1.0,0.0,0.0,0.0,0.0,0.0,0.0,0.0,0.0,0.0,0.0,1.0,1.0,0.0,1.0,0.0
2,1,7.21298135220575,6.591815898231089,1,2597.7867685019155,3,0,1,11.722265324656945,133.74880204000422,0,1,3,1.0,1.0,0.0,0.0,0.0,0.0,0.0,0.0,0.0,0.0,0.0,0.0,0.0,0.0,0.0,1.0
4,0,6.17740908997628,6.735847474165094,2,2146.8970141722903,2,2,3,0.8097783514575068,158.36393350675667,1,1,4,0.0,0.0,0.0,0.0,0.0,0.0,1.0,0.0,0.0,0.0,0.0,0.0,0.0,0.0,1.0,0.0
3,0,5.515443251669867,8.399875031384363,0,2786.8658633676614,3,3,0,3.9643718689765537,133.76865913245888,1,1,0,1.0,1.0,0.0,0.0,0.0,0.0,1.0,0.0,0.0,0.0,0.0,0.0,0.0,0.0,1.0,0.0
4,0,6.549198612011641,6.652510060221259,0,3165.09370702929,1,0,4,1.8712711373128248,137.3975114987003,1,0,0,0.0,0.0,0.0,0.0,0.0,0.0,1.0,0.0,0.0,1.0,0.0,1.0,0.0,0.0,0.0,0.0
4,1,9.08508075582186,7.558955203392507,1,2035.0498793609524,0,2,1,11.483370209672458,199.72166945757138,0,1,3,0.0,0.0,0.0,0.0,0.0,0.0,0.0,0.0,0.0,0.0,0.0,1.0,1.0,0.0,0.0,1.0
0,5,7.293811381246986,8.995111144457477,2,1983.4376275359389,0,3,4,6.55082241167813,253.7066361288065,1,1,2,0.0,0.0,0.0,0.0,0.0,0.0,1.0,1.0,1.0,0.0,0.0,0.0,0.0,0.0,1.0,0.0
1,3,5.79232071509699,9.960008173063251,0,3328.1570896805597,0,2,1,1.556029608968351,109.65166876127218,0,1,4,0.0,0.0,0.0,0.0,0.0,0.0,0.0,0.0,0.0,0.0,0.0,0.0,0.0,0.0,1.0,0.0
3,0,6.806673645993787,5.935151890907695,1,3300.9787178900415,0,2,3,7.346040701816763,237.028065852435,0,1,5,1.0,0.0,0.0,0.0,0.0,0.0,0.0,0.0,0.0,0.0,0.0,0.0,1.0,0.0,1.0,1.0
4,3,6.457548524581194,9.411726782370213,3,3490.990188779682,0,3,3,6.005042279668732,18.80512987360713,1,0,1,0.0,0.0,0.0,0.0,0.0,0.0,1.0,0.0,0.0,0.0,0.0,0.0,0.0,0.0,1.0,0.0
0,0,4.898090867376818,8.836305231121592,1,969.4277458633848,0,3,4,0.7118456314694925,144.07825676777998,1,1,1,0.0,0.0,0.0,0.0,0.0,0.0,0.0,0.0,0.0,0.0,0.0,0.0,0.0,1.0,1.0,0.0
1,2,6.622876091174053,4.4080401419173185,1,510.7061709058325,0,0,2,10.374175966624716,112.84557631042547,0,0,1,0.0,0.0,0.0,0.0,0.0,0.0,0.0,0.0,0.0,0.0,0.0,0.0,1.0,1.0,0.0,0.0
2,0,4.992128201477472,6.0049535851233475,2,1811.9309062193124,3,3,1,8.510355148546871,139.782173497339,0,1,4,1.0,0.0,0.0,0.0,0.0,0.0,0.0,0.0,0.0,0.0,0.0,0.0,0.0,0.0,0.0,1.0
3,0,7.818529400847211,5.3142577590063,1,2700.0204900801436,1,3,3,0.06286554393914923,27.44335691873856,0,0,2,1.0,0.0,0.0,0.0,0.0,0.0,0.0,0.0,0.0,0.0,0.0,0.0,1.0,0.0,1.0,0.0
0,0,9.72021235170057,7.986305634537988,1,718.5680303863995,2,0,0,11.516067023242895,41.64879743856058,0,1,2,0.0,0.0,0.0,0.0,1.0,0.0,0.0,0.0,0.0,0.0,0.0,1.0,0.0,1.0,0.0,0.0
3,2,9.638788217475064,7.331794817306129,3,1620.8048965201574,0,2,4,1.9112176355021067,88.04398806999541,1,0,4,1.0,1.0,0.0,0.0,0.0,0.0,0.0,0.0,0.0,0.0,0.0,1.0,0.0,0.0,1.0,0.0
1,2,8.386622077824825,6.969106315537322,0,2244.3784303628067,4,3,3,0.00314408497272467,82.05948789354382,1,1,2,0.0,0.0,0.0,0.0,0.0,0.0,0.0,0.0,0.0,0.0,0.0,1.0,0.0,0.0,1.0,0.0
1,2,6.415830073535366,8.581382582845464,2,1137.6422751534974,1,3,0,5.127258655177305,115.52897476235532,1,0,3,0.0,0.0,0.0,0.0,0.0,0.0,0.0,0.0,0.0,0.0,0.0,1.0,0.0,0.0,1.0,0.0
2,3,7.743987892636665,5.999852174871901,1,2693.4259933347084,2,3,0,1.6893895846724707,137.17766313596528,1,1,4,1.0,0.0,0.0,0.0,0.0,0.0,0.0,0.0,0.0,0.0,0.0,0.0,1.0,0.0,0.0,0.0
2,4,2.6024346573179895,6.296513773319594,3,1188.6129649272539,3,3,0,6.841775147827448,66.35175480902714,0,1,1,1.0,0.0,0.0,0.0,0.0,0.0,0.0,0.0,0.0,0.0,0.0,0.0,1.0,1.0,0.0,0.0
3,4,5.311166115825303,9.193803689352695,2,3022.0160456414555,4,0,3,3.7371553823176353,185.76613093665742,1,0,3,1.0,0.0,0.0,0.0,0.0,0.0,0.0,0.0,0.0,0.0,0.0,0.0,0.0,0.0,0.0,0.0
1,3,3.315742884922279,9.833251055560039,3,1544.820013033871,3,1,3,2.222137038651131,112.74646851233567,1,0,5,0.0,0.0,0.0,0.0,0.0,0.0,0.0,0.0,0.0,0.0,0.0,0.0,0.0,0.0,0.0,0.0
4,3,1.0314548299841237,8.658144044606994,0,2295.9453421913313,2,0,0,11.824139681542473,18.04058420270689,1,0,5,0.0,0.0,0.0,0.0,0.0,0.0,0.0,0.0,0.0,0.0,1.0,0.0,0.0,0.0,0.0,1.0
0,2,9.700638172048684,5.302425848663358,0,2132.462021300018,1,0,2,3.992748194038643,73.10901333432275,1,0,5,0.0,0.0,0.0,0.0,0.0,0.0,0.0,0.0,0.0,0.0,0.0,1.0,1.0,0.0,1.0,0.0
4,1,8.774637056666572,4.675909792983084,3,1389.3401494328114,1,1,2,4.976799176695625,168.04418815588974,0,0,1,0.0,0.0,0.0,0.0,1.0,0.0,0.0,0.0,0.0,1.0,0.0,1.0,1.0,0.0,0.0,0.0
0,2,5.623287566229341,5.255230886594812,1,1817.2148714280686,0,3,2,3.53088166527656,182.0631473830536,1,0,3,0.0,0.0,0.0,0.0,0.0,0.0,0.0,0.0,0.0,0.0,0.0,0.0,1.0,0.0,1.0,0.0
3,0,3.2873705930710613,6.536568190137379,3,3037.919275676579,1,2,3,10.043843773495807,239.8982609520793,0,0,3,1.0,0.0,0.0,0.0,0.0,0.0,0.0,0.0,0.0,0.0,0.0,0.0,0.0,0.0,1.0,1.0
1,5,7.23677689179313,5.420182166485829,2,2145.0328568776913,3,3,4,2.361408932822435,73.64359800805468,0,1,0,0.0,0.0,0.0,0.0,0.0,0.0,0.0,1.0,1.0,0.0,0.0,1.0,1.0,0.0,1.0,0.0
1,2,4.913209760949347,9.40624688843207,1,666.7608824820135,1,2,4,1.5318903354126707,168.66448381823906,1,1,3,0.0,0.0,0.0,0.0,0.0,0.0,0.0,0.0,0.0,0.0,0.0,0.0,0.0,1.0,1.0,0.0
0,4,8.230145800804294,8.024337410604641,0,2639.0968727639715,1,1,0,10.577493111480672,142.83156573033477,1,0,1,0.0,0.0,0.0,0.0,0.0,0.0,0.0,0.0,0.0,0.0,1.0,1.0,1.0,0.0,0.0,0.0
3,5,9.995662991628544,6.500375468698085,0,1047.3574933885811,0,1,4,2.200317197701304,254.5545522455436,0,0,3,1.0,1.0,0.0,0.0,0.0,0.0,0.0,1.0,0.0,0.0,0.0,1.0,1.0,1.0,1.0,0.0
0,2,4.141743467408831,5.642870397169364,2,1958.1882905205432,1,3,2,10.295256100986514,218.99752061603164,1,0,3,0.0,0.0,0.0,0.0,0.0,0.0,0.0,0.0,0.0,0.0,0.0,0.0,0.0,0.0,1.0,1.0
3,5,3.19962739130243,6.283966030845786,0,1905.6166421213384,0,1,0,6.938133133876023,39.5956373224766,1,0,4,1.0,0.0,0.0,0.0,0.0,0.0,0.0,0.0,0.0,0.0,0.0,0.0,1.0,0.0,0.0,0.0
3,2,3.406442399152824,6.856303572200382,0,1959.460785650836,2,1,4,9.880460487094005,287.6322453586309,1,1,4,1.0,0.0,0.0,0.0,0.0,0.0,0.0,0.0,0.0,0.0,0.0,0.0,1.0,0.0,1.0,1.0
4,0,1.8401162111260476,8.282934113054372,0,593.0420189779818,1,3,1,0.8418968408862679,106.56439173961432,0,0,3,0.0,0.0,0.0,0.0,0.0,0.0,0.0,0.0,0.0,0.0,0.0,0.0,1.0,1.0,1.0,0.0
3,0,4.546415768501398,4.536049349373274,3,1317.165557604275,4,1,2,11.563450914088943,286.37741663766724,0,1,2,1.0,0.0,0.0,0.0,0.0,0.0,0.0,0.0,0.0,0.0,0.0,0.0,0.0,1.0,0.0,1.0
1,0,1.1568254744521838,9.092997638733674,2,652.2064181566836,2,3,4,3.597152497778242,85.566314340969,0,0,5,0.0,0.0,0.0,0.0,0.0,0.0,0.0,0.0,0.0,0.0,0.0,0.0,0.0,1.0,1.0,0.0
3,5,2.0295600166114802,4.76536018678108,2,1744.8701078626748,1,3,2,0.703523363953936,140.6816475060899,1,0,1,1.0,0.0,0.0,0.0,0.0,0.0,0.0,1.0,0.0,0.0,0.0,0.0,1.0,0.0,1.0,0.0
4,2,3.4452617254540328,5.574700491834627,2,2364.0101818586463,2,0,0,9.178629520757228,165.13914430883105,1,0,1,0.0,0.0,0.0,0.0,0.0,0.0,0.0,0.0,0.0,0.0,0.0,0.0,1.0,0.0,0.0,0.0
1,1,2.4387649831853264,9.961539374635503,2,2462.2223771278527,4,2,0,2.141444877714948,19.077510857933067,0,1,5,0.0,0.0,0.0,0.0,0.0,0.0,0.0,0.0,0.0,0.0,0.0,0.0,0.0,0.0,0.0,0.0
0,2,7.589431895506527,5.141251804265507,1,693.6440109785765,0,0,4,4.213342496889011,214.69969069618512,0,1,5,0.0,0.0,0.0,0.0,1.0,0.0,0.0,0.0,0.0,0.0,0.0,1.0,1.0,1.0,1.0,0.0
4,1,1.9504431178111028,4.6068531267180735,1,856.667314894817,1,3,1,7.135875133173479,31.413109339094337,1,0,2,0.0,0.0,0.0,0.0,0.0,0.0,1.0,0.0,0.0,0.0,0.0,0.0,1.0,1.0,1.0,0.0
0,5,8.793946945220721,7.83043181151279,2,2484.520335988611,2,0,0,0.8233967119197678,49.24883313348013,1,1,5,0.0,0.0,0.0,0.0,0.0,0.0,1.0,0.0,0.0,0.0,0.0,0.0,0.0,0.0,0.0,0.0
2,5,2.990030533398576,6.35877447910735,3,2093.5629486601924,0,3,0,2.4232026583949184,87.07266112660395,1,1,5,1.0,0.0,0.0,0.0,0.0,0.0,1.0,0.0,0.0,0.0,0.0,0.0,0.0,0.0,1.0,0.0
1,0,1.977315552744109,4.551012605611052,3,3000.236024685722,2,3,4,5.868866796266759,288.2238883263831,0,0,5,0.0,0.0,0.0,0.0,0.0,0.0,0.0,0.0,0.0,0.0,0.0,0.0,1.0,0.0,1.0,0.0
0,4,1.0909597998813267,4.02245457009427,2,1115.4265016430256,0,2,2,5.062835644547301,291.934884440562,1,1,3,0.0,0.0,0.0,0.0,1.0,0.0,0.0,0.0,0.0,0.0,0.0,0.0,1.0,1.0,0.0,0.0
3,2,7.4368450388993175,4.474969458288867,3,861.0268627291496,4,0,2,6.690880669268694,146.79493267521136,0,0,4,1.0,0.0,0.0,0.0,0.0,0.0,0.0,0.0,0.0,0.0,0.0,1.0,1.0,1.0,0.0,0.0
0,0,3.3095507134468782,7.13641347263144,3,1586.072438412041,3,1,2,8.743594262961274,159.99633187938062,0,0,3,0.0,0.0,0.0,0.0,0.0,0.0,0.0,0.0,0.0,0.0,0.0,0.0,0.0,0.0,0.0,0.0
3,5,5.5854874462399735,5.385357670785654,2,2411.201404979815,0,1,2,4.235907269796892,63.55293520563511,1,0,0,1.0,0.0,0.0,0.0,0.0,0.0,0.0,0.0,0.0,0.0,0.0,0.0,1.0,0.0,1.0,0.0
3,0,2.0045444200494016,8.6653128059137,3,1957.9017240660603,2,3,4,4.852868333327344,125.4124936616728,0,0,0,1.0,0.0,0.0,0.0,0.0,0.0,0.0,0.0,0.0,0.0,0.0,0.0,0.0,0.0,1.0,0.0
0,1,9.867663309126243,9.145051798430458,0,795.779798293697,1,3,3,3.2685763409763915,295.3254823059821,0,0,5,0.0,0.0,0.0,0.0,1.0,0.0,0.0,0.0,0.0,0.0,0.0,1.0,0.0,1.0,1.0,0.0
0,0,2.1284626516295977,4.868998106291766,0,713.8762667792728,2,2,3,4.076364065107343,237.23762220572868,1,0,1,0.0,0.0,0.0,0.0,1.0,0.0,0.0,0.0,0.0,0.0,0.0,0.0,1.0,1.0,1.0,0.0
3,2,4.707333339776904,6.022119224406821,1,2533.0808814765696,2,0,4,0.6123500761408072,209.21969763711644,1,0,1,1.0,0.0,0.0,0.0,0.0,0.0,0.0,0.0,0.0,0.0,0.0,0.0,1.0,0.0,0.0,0.0
2,3,8.664845521010193,4.879444752809185,0,1390.9046342501704,4,2,0,6.961489591672677,83.52447426258979,1,0,5,1.0,0.0,0.0,0.0,0.0,0.0,0.0,0.0,0.0,0.0,0.0,0.0,1.0,0.0,0.0,0.0
0,1,3.2039825363236614,5.720156221491683,1,2508.447413051587,0,3,1,2.0733447048723974,228.9177747262721,1,1,2,0.0,0.0,0.0,0.0,0.0,0.0,0.0,0.0,0.0,0.0,0.0,0.0,1.0,0.0,1.0,0.0
4,0,3.4027460681155604,5.435226512503428,0,1384.7446492299678,2,2,4,8.595440853425208,289.9661721611499,1,0,4,0.0,0.0,0.0,0.0,0.0,0.0,1.0,0.0,0.0,0.0,0.0,0.0,1.0,1.0,1.0,0.0
1,0,8.276495643016595,8.721189405623118,3,1444.3826355306276,4,3,0,0.5063215948556219,296.3859764637031,1,0,4,0.0,0.0,0.0,0.0,0.0,0.0,0.0,0.0,0.0,0.0,0.0,1.0,0.0,0.0,0.0,0.0
0,5,3.4600569147281144,6.072878068084397,2,1129.4441942400463,0,0,1,0.718511268598689,179.9376455470094,0,0,2,0.0,0.0,0.0,0.0,1.0,0.0,0.0,0.0,0.0,0.0,0.0,0.0,1.0,0.0,0.0,0.0
4,4,1.0258417998533167,6.973388792465058,0,3451.150884569193,1,2,0,3.416273190632506,48.21961433526474,0,0,3,0.0,0.0,0.0,0.0,0.0,0.0,0.0,0.0,0.0,0.0,0.0,0.0,0.0,0.0,1.0,0.0
0,5,4.851223484409548,8.043370632837888,2,548.2108702806822,3,0,3,5.260850941157788,289.2210170589102,0,0,3,0.0,0.0,0.0,0.0,1.0,0.0,0.0,0.0,0.0,0.0,0.0,0.0,0.0,1.0,0.0,0.0
2,3,1.112816887106275,8.933539894913121,2,881.7573015849046,0,2,4,8.323300225449778,162.41362476771133,1,1,2,1.0,0.0,0.0,0.0,0.0,0.0,0.0,0.0,0.0,0.0,0.0,0.0,0.0,1.0,1.0,0.0
4,3,9.188130554464301,5.807254541934711,1,3008.870542825208,1,2,1,8.306200864711887,11.502172937808519,0,1,0,0.0,0.0,0.0,0.0,0.0,0.0,0.0,0.0,0.0,0.0,0.0,1.0,1.0,0.0,0.0,1.0
2,4,6.776319017612988,5.255324006224114,3,914.4852021815634,4,1,3,11.68054901525138,24.449107671849603,1,0,0,1.0,0.0,0.0,0.0,0.0,0.0,0.0,0.0,0.0,0.0,0.0,0.0,1.0,1.0,1.0,0.0
2,3,6.247128395991179,9.870720242535207,3,1342.0906758232195,2,3,3,4.219733839426682,173.17738056711073,1,1,4,1.0,0.0,0.0,0.0,0.0,0.0,1.0,0.0,0.0,0.0,0.0,0.0,0.0,0.0,1.0,0.0
1,2,2.814305597761268,5.920885267884982,3,1288.3549048329774,0,3,4,0.7122116006261119,250.5881511346127,0,1,5,0.0,0.0,0.0,0.0,0.0,0.0,0.0,0.0,0.0,0.0,0.0,0.0,0.0,1.0,1.0,0.0
0,1,7.299515668857727,8.026408595085254,0,2590.9567467736447,4,1,4,10.335172692883754,282.4564283806008,0,1,0,0.0,0.0,0.0,0.0,0.0,0.0,0.0,0.0,0.0,0.0,0.0,1.0,0.0,0.0,1.0,1.0
2,2,7.095291793105112,8.067046244066827,1,1733.603534119472,2,1,2,8.767652016066341,283.33083327901187,1,0,1,1.0,0.0,0.0,0.0,0.0,0.0,0.0,0.0,0.0,0.0,0.0,1.0,0.0,0.0,0.0,1.0
4,0,1.5441721653282845,7.084176673597246,3,3021.763467892968,2,0,0,0.8174631179898526,173.58433615213931,0,0,2,0.0,0.0,0.0,0.0,0.0,0.0,0.0,0.0,0.0,0.0,0.0,0.0,0.0,0.0,0.0,0.0
0,1,8.927618777295152,5.370684672907342,1,2742.281587217222,4,0,3,1.0000612670206905,294.4227632779472,0,1,0,0.0,0.0,0.0,0.0,0.0,0.0,0.0,0.0,0.0,0.0,0.0,1.0,1.0,0.0,0.0,0.0
4,4,6.21472026636825,4.848744525725057,1,2093.3039936234486,1,1,2,5.719631695553943,44.87882823637119,0,0,2,0.0,0.0,0.0,0.0,0.0,0.0,0.0,0.0,0.0,0.0,0.0,0.0,1.0,0.0,0.0,0.0
2,5,8.132201929347492,6.9220968694865865,1,1247.1853268572227,1,1,2,4.099739405522435,28.40029520114743,0,1,5,1.0,0.0,0.0,0.0,0.0,0.0,0.0,0.0,0.0,0.0,0.0,1.0,1.0,0.0,0.0,0.0
2,0,3.366226649159598,7.065577220268262,1,2877.2564286080947,2,3,2,7.156464562992441,9.08336616466351,1,0,3,1.0,0.0,0.0,0.0,0.0,0.0,0.0,0.0,0.0,0.0,0.0,0.0,1.0,0.0,1.0,0.0
0,0,2.098430197781087,8.640200540648785,2,3097.97166228352,1,3,3,2.62993097320784,232.23963226839217,0,1,5,0.0,0.0,0.0,0.0,0.0,0.0,0.0,0.0,0.0,0.0,0.0,0.0,0.0,0.0,1.0,0.0
3,0,7.3220461586810615,8.259000663713161,0,3008.8475333258148,0,0,1,11.512069495377107,274.97908368886795,1,0,2,1.0,1.0,0.0,0.0,0.0,0.0,0.0,0.0,0.0,0.0,0.0,0.0,0.0,0.0,0.0,1.0
0,4,8.144944176296459,9.4722476730152,3,655.1413028345062,0,0,1,6.1456205973004545,251.95011239308218,0,1,4,0.0,0.0,0.0,0.0,1.0,0.0,0.0,0.0,0.0,0.0,0.0,1.0,0.0,1.0,0.0,0.0
1,1,4.474301802573622,9.82516337132579,2,2593.8760485663192,1,2,1,9.008626018922262,281.8908571578046,0,0,5,0.0,0.0,0.0,0.0,0.0,0.0,0.0,0.0,0.0,0.0,0.0,0.0,0.0,0.0,1.0,1.0
3,1,1.213230477846801,8.367107957197245,0,2611.8159088462307,0,1,2,1.5094137153315121,164.4203549471992,1,1,3,1.0,0.0,0.0,0.0,0.0,0.0,0.0,0.0,0.0,0.0,0.0,0.0,1.0,0.0,0.0,0.0
0,0,8.36428622188478,4.459067492981521,3,3329.2266196885134,2,2,3,7.403100499590689,228.91243270448274,1,0,4,0.0,0.0,0.0,0.0,0.0,0.0,0.0,0.0,0.0,0.0,0.0,1.0,1.0,0.0,0.0,0.0
2,5,2.854845156973966,6.430709855302616,2,1290.4351001871005,4,1,0,10.382157485394492,101.0129619886266,0,0,1,1.0,0.0,0.0,0.0,0.0,0.0,0.0,1.0,0.0,0.0,0.0,0.0,0.0,1.0,0.0,0.0
2,2,4.051287477077394,7.652814219044098,1,2859.0404885297767,1,1,1,0.2758875881288154,229.97366816301732,1,1,5,1.0,0.0,0.0,0.0,0.0,0.0,0.0,0.0,0.0,0.0,0.0,0.0,0.0,0.0,1.0,0.0
0,4,6.6540790699941725,7.541170428699745,1,2567.2895004869397,0,1,3,6.479834344334117,225.9137996269624,1,1,5,0.0,0.0,0.0,0.0,0.0,0.0,0.0,0.0,0.0,0.0,0.0,1.0,0.0,0.0,1.0,0.0
1,4,1.8995924729017246,5.088662714983589,2,3136.1809135665985,0,2,0,2.961139486434883,130.6808632262275,0,0,3,0.0,0.0,0.0,0.0,0.0,0.0,0.0,0.0,0.0,0.0,0.0,0.0,1.0,0.0,1.0,0.0
1,0,1.6479618952461683,7.497668376705228,0,2579.9240909423693,0,0,3,5.740665571737999,13.129694873768273,1,0,0,0.0,0.0,0.0,0.0,0.0,0.0,0.0,0.0,0.0,0.0,0.0,0.0,0.0,0.0,0.0,0.0
3,4,1.2313339441774684,6.0980830472886645,2,3057.363610200336,2,3,3,9.791941554620125,79.87888761408021,0,0,1,1.0,0.0,0.0,0.0,0.0,0.0,0.0,0.0,0.0,0.0,0.0,0.0,1.0,0.0,1.0,1.0
4,3,9.249758742155098,6.033561069062296,2,1578.7260411109837,2,1,1,8.280848391286343,265.555511310872,1,1,1,0.0,0.0,0.0,0.0,0.0,0.0,1.0,0.0,0.0,0.0,0.0,1.0,0.0,0.0,1.0,1.0
4,3,3.802444698417901,9.004042031807417,1,972.8732621963071,2,0,3,9.05398955759879,176.179997638154,0,1,5,0.0,0.0,0.0,0.0,0.0,0.0,1.0,0.0,0.0,0.0,0.0,0.0,0.0,0.0,0.0,0.0
0,1,6.945929336054187,6.53159895200932,1,1590.0561039377728,3,2,2,2.5401942234917576,121.52797439532691,0,0,0,0.0,0.0,0.0,0.0,0.0,0.0,0.0,0.0,0.0,0.0,0.0,1.0,0.0,1.0,0.0,0.0
0,5,9.903117241159679,7.164375724386716,2,2945.1550665357336,1,0,1,9.990239150098134,284.21859883686625,1,0,0,0.0,0.0,0.0,0.0,0.0,0.0,0.0,0.0,0.0,0.0,0.0,1.0,0.0,0.0,0.0,1.0
0,5,7.025057142057491,7.377237166206872,2,894.9499330358683,3,2,0,7.367905393395776,109.93256895364459,0,1,5,0.0,0.0,0.0,0.0,0.0,0.0,0.0,1.0,0.0,0.0,0.0,1.0,1.0,1.0,0.0,0.0
2,2,5.72585316270562,7.377980679109697,1,2413.835537885234,4,0,4,0.8316254083280112,98.42487881001537,0,1,5,1.0,0.0,0.0,0.0,0.0,0.0,0.0,0.0,0.0,0.0,0.0,0.0,0.0,0.0,0.0,0.0
0,0,5.688279401655147,5.278729082700233,3,3462.6681655538923,0,1,4,10.35251218661301,231.1488064646024,0,1,1,0.0,0.0,0.0,0.0,0.0,0.0,0.0,0.0,0.0,0.0,0.0,0.0,1.0,0.0,1.0,1.0
1,5,4.392254336099965,7.596720178894042,3,3185.0446273866323,0,2,4,0.6690628853329805,106.5913889673682,1,1,0,0.0,0.0,0.0,0.0,0.0,0.0,1.0,0.0,0.0,0.0,0.0,0.0,0.0,0.0,1.0,0.0
4,5,6.398016903595768,6.007741653664717,1,2513.5499849868506,1,1,0,0.3452474256214213,133.8699666038497,0,1,5,0.0,0.0,0.0,0.0,0.0,0.0,1.0,0.0,0.0,0.0,0.0,0.0,1.0,0.0,1.0,0.0
4,3,9.629122505911338,7.930121767577018,2,2877.890980484486,0,3,4,10.004966130542082,216.73740968684348,1,0,4,0.0,0.0,0.0,0.0,0.0,0.0,1.0,0.0,0.0,1.0,0.0,1.0,0.0,0.0,1.0,1.0
4,3,8.09239630328479,4.874185593794363,3,849.429362196865,4,1,3,0.15628447871273066,129.03605440593176,0,1,4,0.0,0.0,0.0,0.0,1.0,0.0,1.0,0.0,0.0,0.0,0.0,0.0,0.0,1.0,1.0,0.0
1,1,4.818039553299137,9.964693567802017,0,1996.5012875407094,4,2,2,1.061209131673623,96.6863824547753,1,0,4,0.0,0.0,0.0,0.0,0.0,0.0,0.0,0.0,0.0,0.0,0.0,0.0,0.0,0.0,1.0,0.0
3,0,3.992003461292799,8.632259748720372,2,2095.7372698189747,2,0,1,0.20343602034719988,4.616650875844952,1,0,5,1.0,0.0,0.0,0.0,0.0,0.0,0.0,0.0,0.0,0.0,0.0,0.0,0.0,0.0,0.0,0.0
3,5,8.951783766608093,6.503508600905845,3,2848.0872788777697,0,3,1,10.563344910249864,258.17089947831226,1,1,3,1.0,0.0,0.0,0.0,0.0,0.0,1.0,0.0,1.0,0.0,0.0,1.0,0.0,0.0,1.0,1.0
0,2,2.2220724306393445,5.808111105185698,0,1347.7800371346977,4,2,1,0.5363458616560037,158.01113790378807,0,0,0,0.0,0.0,0.0,0.0,1.0,0.0,0.0,0.0,0.0,0.0,0.0,0.0,1.0,1.0,0.0,0.0
2,1,8.646267312678717,6.326812208907075,1,819.4558593251809,4,2,0,4.472157773809268,255.39956178237892,0,1,4,1.0,0.0,0.0,0.0,0.0,0.0,0.0,0.0,0.0,0.0,0.0,1.0,1.0,1.0,0.0,0.0
2,4,3.295690852080991,8.327249636643248,3,2594.341527761501,2,1,3,2.603908439242653,185.3526378145136,1,0,0,1.0,0.0,0.0,0.0,0.0,0.0,0.0,0.0,0.0,0.0,0.0,0.0,0.0,0.0,0.0,0.0
1,0,7.44066312198326,7.932446797507391,3,1977.7823887139912,3,1,4,4.099932154055438,60.19991451911589,1,1,0,0.0,0.0,0.0,0.0,0.0,0.0,0.0,0.0,0.0,0.0,0.0,0.0,0.0,0.0,0.0,0.0
3,0,8.25598522697347,8.212555072003525,3,3026.882179156149,3,1,4,3.4871113735916928,108.94828530342093,0,0,2,1.0,0.0,0.0,0.0,0.0,0.0,0.0,0.0,0.0,0.0,0.0,1.0,0.0,0.0,0.0,0.0
3,1,5.292968655371253,9.333995172709235,2,1944.4690806160547,2,1,4,10.654460709489262,125.17745281287002,0,0,2,1.0,0.0,0.0,0.0,0.0,0.0,0.0,0.0,0.0,0.0,0.0,0.0,0.0,0.0,1.0,1.0
2,2,2.730555785280469,6.737771357862456,0,3038.8123375649866,1,0,0,9.224466667840469,221.91779598487832,0,0,3,1.0,1.0,0.0,0.0,0.0,0.0,0.0,0.0,0.0,0.0,0.0,0.0,1.0,0.0,0.0,1.0
3,2,8.60290969116138,8.017126890685988,0,2023.505005455257,1,2,3,10.620202510746882,164.45195773744757,0,1,2,1.0,1.0,0.0,0.0,0.0,0.0,0.0,0.0,0.0,0.0,0.0,0.0,1.0,0.0,1.0,1.0
3,1,4.307575105479833,6.64904772975921,3,2848.095529468743,1,2,4,8.64051138611803,190.95105198175034,0,0,5,1.0,0.0,0.0,0.0,0.0,0.0,0.0,0.0,0.0,0.0,0.0,0.0,0.0,0.0,1.0,0.0
2,2,3.886122344342674,7.828588468719259,2,2662.2355367593,1,2,2,3.9641770825292713,225.92405081953365,1,0,5,1.0,0.0,0.0,0.0,0.0,0.0,0.0,0.0,0.0,0.0,0.0,0.0,0.0,0.0,0.0,0.0
1,2,5.590145641180956,6.848941821777683,0,1298.247621140392,3,2,2,2.2301414346756334,82.15839742673296,1,1,5,0.0,0.0,0.0,0.0,0.0,0.0,0.0,0.0,0.0,0.0,0.0,1.0,1.0,0.0,0.0,0.0
3,3,4.91577616993526,8.659981764027359,0,1428.1949752611224,4,2,1,6.357353764727829,264.597539478955,0,0,2,1.0,0.0,0.0,0.0,0.0,0.0,0.0,0.0,0.0,0.0,0.0,0.0,0.0,1.0,0.0,0.0
3,3,7.1474699533485175,4.031560739702398,0,3197.586567557688,0,3,4,4.280020250005193,135.9830849894615,0,1,3,1.0,1.0,0.0,0.0,0.0,0.0,0.0,0.0,0.0,0.0,0.0,1.0,1.0,0.0,1.0,0.0
4,5,2.2347802753539883,5.2942657347386906,3,1193.0213828900128,0,2,3,7.7209559745486525,198.33656752612265,1,0,0,0.0,0.0,0.0,0.0,0.0,0.0,1.0,1.0,0.0,0.0,0.0,0.0,1.0,0.0,1.0,0.0
0,4,4.9212068864308565,5.778625750979467,3,2592.5016687828247,2,2,3,0.46719110532826,65.46068961323996,1,1,5,0.0,0.0,0.0,0.0,0.0,0.0,0.0,0.0,0.0,0.0,0.0,0.0,0.0,0.0,1.0,0.0
2,1,9.025316301026836,9.672367037506698,3,935.360395991914,3,1,0,8.55578434610759,70.01170799657706,1,1,1,1.0,0.0,0.0,0.0,0.0,1.0,0.0,0.0,0.0,0.0,0.0,1.0,0.0,1.0,0.0,0.0
4,5,1.324564384957529,7.0422772778015075,0,2765.4751137477256,2,0,4,3.5947101239735653,220.49682106095264,1,0,1,0.0,0.0,0.0,0.0,0.0,0.0,1.0,0.0,0.0,0.0,0.0,0.0,1.0,0.0,1.0,0.0
2,3,5.116044998379937,6.186111279988848,2,1169.8695487379791,4,1,2,5.546886056424137,105.12182302270031,1,1,5,1.0,0.0,0.0,0.0,0.0,0.0,0.0,0.0,0.0,0.0,0.0,1.0,0.0,1.0,0.0,0.0
4,1,6.944787697466891,6.425872693682031,3,2282.196118253948,3,2,4,11.743367469207497,262.7873303247487,0,1,5,0.0,0.0,0.0,0.0,0.0,0.0,0.0,0.0,0.0,0.0,0.0,1.0,0.0,0.0,1.0,1.0
0,2,8.989399783377868,6.710933700595218,2,2192.730463211113,3,2,3,2.5869053353261537,199.4241268906149,1,1,5,0.0,0.0,0.0,0.0,0.0,0.0,1.0,0.0,0.0,0.0,0.0,1.0,1.0,0.0,0.0,0.0
0,4,6.344076042398582,9.206982340683826,3,1110.5427591005487,2,2,2,1.4118669927587462,199.62867543520568,1,0,0,0.0,0.0,0.0,0.0,1.0,0.0,0.0,1.0,0.0,0.0,0.0,1.0,0.0,0.0,0.0,0.0
3,4,8.420358441153958,9.774015194080828,2,1974.2099633770695,0,2,3,2.5177663300287887,114.08019131845221,1,0,5,1.0,0.0,0.0,0.0,0.0,0.0,0.0,0.0,0.0,0.0,0.0,1.0,0.0,0.0,1.0,0.0
1,2,3.004219170633578,9.064987838441382,0,3137.7440763287623,0,0,1,4.218042307839468,270.80109592980364,1,0,2,0.0,0.0,0.0,0.0,0.0,0.0,0.0,0.0,0.0,0.0,0.0,0.0,0.0,0.0,0.0,0.0
2,0,4.175284926050736,9.049940580513692,1,2541.588044456079,3,3,2,6.434823473655863,283.39183943190466,0,1,0,1.0,0.0,0.0,0.0,0.0,0.0,0.0,0.0,0.0,0.0,0.0,0.0,0.0,0.0,0.0,0.0
2,1,9.479190465352383,5.194090665732768,1,3477.963197297498,1,2,0,11.762714828521862,77.38177489070041,1,0,0,1.0,1.0,0.0,0.0,0.0,0.0,0.0,0.0,0.0,0.0,0.0,1.0,1.0,0.0,0.0,1.0
2,0,8.973776017834176,5.612068430573532,0,2853.66278298859,3,1,3,10.438600594861274,154.3687712464901,1,0,4,1.0,1.0,0.0,0.0,0.0,0.0,0.0,0.0,0.0,0.0,0.0,1.0,1.0,0.0,1.0,0.0
4,4,6.021576844198341,7.576295083348595,2,2430.3663029090144,1,2,1,8.579477345118756,272.0795542395578,1,1,4,0.0,0.0,0.0,0.0,0.0,0.0,1.0,0.0,0.0,0.0,0.0,0.0,0.0,0.0,0.0,1.0
0,3,5.279395040153607,7.936824480647866,3,2189.6061924662545,0,3,0,8.646354538426689,30.384163528006646,0,1,2,0.0,0.0,0.0,0.0,0.0,0.0,0.0,0.0,0.0,0.0,0.0,0.0,0.0,0.0,1.0,0.0
3,2,5.059606523090126,5.216232240676488,0,3312.2859380861846,3,0,3,3.4054007571127425,89.27369956816985,1,0,3,1.0,1.0,0.0,0.0,0.0,0.0,0.0,0.0,0.0,0.0,0.0,0.0,1.0,0.0,0.0,0.0
4,4,1.5291069541031443,8.477691236479103,1,2081.040312057587,4,1,1,11.135629686891377,286.3279555636189,0,1,4,0.0,0.0,0.0,0.0,0.0,0.0,1.0,0.0,0.0,0.0,0.0,0.0,0.0,0.0,0.0,1.0
3,4,9.031393935609103,5.1997813175175205,2,1708.0183119074586,2,0,1,6.474625929812587,145.49207646975177,1,1,2,1.0,0.0,0.0,0.0,0.0,0.0,1.0,0.0,0.0,0.0,0.0,1.0,1.0,0.0,0.0,0.0
1,4,8.36334557573802,5.578063879536485,1,3003.48073810731,0,1,0,1.9502474245723023,285.46115337259704,0,0,4,0.0,0.0,0.0,0.0,0.0,0.0,0.0,0.0,0.0,0.0,0.0,1.0,1.0,0.0,0.0,0.0
0,0,5.106260302550804,5.840773227889664,0,3320.7332567610547,2,0,3,11.403630192433745,114.05048360401602,0,0,1,0.0,0.0,0.0,0.0,0.0,0.0,0.0,0.0,0.0,0.0,0.0,0.0,1.0,0.0,0.0,1.0
3,3,3.5149597544752607,9.075948498941901,0,1936.7506757005135,4,3,1,6.078310985766471,158.24989183833884,0,1,1,1.0,0.0,0.0,0.0,0.0,0.0,0.0,0.0,0.0,0.0,0.0,0.0,0.0,0.0,1.0,0.0
2,5,4.086285457838775,8.3925033812253,0,911.7155708378077,1,3,2,1.8661457557242764,136.23686643329071,1,1,2,1.0,0.0,0.0,0.0,0.0,0.0,1.0,1.0,1.0,0.0,0.0,0.0,0.0,1.0,1.0,0.0
0,4,2.108445272856005,7.184112614345088,3,2325.1184546365066,0,3,1,8.822785995531575,137.1642514612315,0,1,3,0.0,0.0,0.0,0.0,0.0,0.0,0.0,0.0,0.0,0.0,0.0,0.0,0.0,0.0,1.0,0.0
1,1,7.496107671751504,8.91849578880937,1,2722.646785787195,3,1,3,2.8054812781118836,275.3138782350464,1,1,1,0.0,0.0,0.0,0.0,0.0,0.0,0.0,0.0,0.0,0.0,0.0,1.0,0.0,0.0,0.0,0.0
4,2,6.010028708993719,8.877569484015542,3,1620.908249550321,1,3,1,2.2520032693244523,208.39284854994236,1,0,1,0.0,0.0,0.0,0.0,0.0,0.0,1.0,0.0,0.0,0.0,0.0,0.0,0.0,0.0,1.0,0.0
1,5,3.1069308054240543,6.33899857569234,2,2743.636572693897,0,0,3,3.2110977103144362,283.7194428828985,1,1,1,0.0,0.0,0.0,0.0,0.0,0.0,1.0,0.0,0.0,0.0,0.0,0.0,0.0,0.0,0.0,0.0
0,0,6.607050148699207,8.688623724924518,1,2093.1540279268734,3,0,2,6.939317377463808,98.85960183326972,1,0,2,0.0,0.0,0.0,0.0,1.0,0.0,0.0,0.0,0.0,0.0,0.0,0.0,0.0,0.0,0.0,0.0
3,3,9.813071928294772,5.237456632009945,3,1404.0683912293885,1,1,0,3.5110735152311543,298.16816655310663,1,0,4,1.0,1.0,0.0,0.0,0.0,0.0,0.0,0.0,0.0,0.0,0.0,1.0,0.0,1.0,0.0,0.0
0,0,2.1015562192856128,7.0193730997330555,1,2388.5636853284827,0,1,2,0.4897616851209512,212.29933531592002,1,1,1,0.0,0.0,0.0,0.0,0.0,0.0,1.0,0.0,0.0,0.0,0.0,0.0,0.0,0.0,1.0,0.0
4,5,5.12636509562795,4.709450382332022,0,1666.8426965491542,0,3,1,4.649964655057168,39.393061977187024,0,1,4,0.0,0.0,0.0,0.0,0.0,0.0,1.0,0.0,0.0,0.0,0.0,0.0,1.0,0.0,1.0,0.0
4,0,5.44742938829914,6.560766913547548,3,2860.476511865753,0,3,2,2.8126512287604704,123.88293175043967,1,1,2,0.0,0.0,0.0,0.0,0.0,0.0,1.0,0.0,0.0,0.0,0.0,1.0,0.0,0.0,1.0,0.0
4,0,2.501174924414222,7.122194618603144,2,509.2400837505757,0,3,0,6.137368103456382,74.6003397226842,1,0,1,0.0,0.0,0.0,0.0,0.0,0.0,0.0,0.0,0.0,0.0,0.0,0.0,0.0,1.0,0.0,0.0
4,1,5.784221898975833,4.479510147496422,1,2954.5343478599343,0,3,3,5.514739244098601,70.63780435050504,1,1,1,0.0,0.0,0.0,0.0,0.0,0.0,1.0,0.0,0.0,0.0,0.0,0.0,1.0,0.0,1.0,0.0
1,1,6.45379532693281,6.7756765703905,2,1419.7258325922805,1,2,3,0.9369968989559885,278.8658512972866,1,0,4,0.0,0.0,0.0,0.0,0.0,0.0,0.0,0.0,0.0,0.0,0.0,0.0,1.0,0.0,1.0,0.0
1,2,2.4161008493664577,7.910023257760798,3,3378.8796904399414,4,2,0,2.943768568879228,287.9848482361154,1,0,1,0.0,0.0,0.0,0.0,0.0,0.0,0.0,0.0,0.0,0.0,0.0,0.0,0.0,0.0,0.0,0.0
1,1,2.3925150910798876,7.684529408468427,1,2777.49460287309,1,0,4,3.3778113409004997,4.2500100326241625,1,0,3,0.0,0.0,0.0,0.0,0.0,0.0,0.0,0.0,0.0,0.0,0.0,0.0,0.0,0.0,1.0,0.0
2,2,8.707138440703805,4.326123327346342,3,1223.1208542973673,0,0,1,5.816839586252816,41.41102162509669,1,0,3,1.0,0.0,0.0,0.0,0.0,0.0,0.0,0.0,0.0,0.0,0.0,0.0,1.0,0.0,1.0,0.0
4,3,3.802486930030404,4.572038115449207,3,3436.3974761944432,4,3,1,9.866625992858346,83.35355549137724,0,0,4,0.0,0.0,0.0,0.0,0.0,0.0,0.0,0.0,0.0,0.0,0.0,0.0,1.0,0.0,1.0,0.0
3,3,6.673000483707678,6.108137475730846,3,1998.741775990165,3,2,0,2.6232323831653,254.3206022859645,0,0,3,1.0,0.0,0.0,0.0,0.0,0.0,0.0,0.0,0.0,0.0,0.0,0.0,0.0,0.0,0.0,0.0
3,5,6.640957681076927,9.056114337496634,0,2068.771391793793,4,3,1,1.8982400618226647,183.33172457315732,0,1,5,1.0,0.0,0.0,0.0,0.0,0.0,0.0,0.0,0.0,0.0,0.0,0.0,0.0,0.0,1.0,0.0
4,2,8.552537880243715,9.218536319004174,0,3228.554402281596,2,0,0,0.01225893021136537,169.6283160125559,0,1,5,0.0,0.0,0.0,0.0,0.0,0.0,1.0,0.0,0.0,0.0,0.0,1.0,0.0,0.0,0.0,0.0
3,3,7.659051681083711,5.857677218247556,0,3255.209202445356,2,2,2,7.278038270077559,179.48230713114725,1,0,1,1.0,1.0,0.0,0.0,0.0,0.0,0.0,0.0,0.0,0.0,0.0,1.0,1.0,0.0,0.0,1.0
1,4,8.565187900944501,8.313352511448738,2,2590.6475126498985,2,1,3,3.9076782720700054,285.17610600878226,0,0,2,0.0,0.0,0.0,0.0,0.0,0.0,0.0,0.0,0.0,0.0,0.0,1.0,0.0,0.0,0.0,0.0
2,1,6.626933106855991,7.464343554109859,1,3435.348918686761,0,1,1,8.041864230173815,82.73713162351268,1,1,2,1.0,1.0,0.0,0.0,0.0,0.0,1.0,0.0,0.0,0.0,0.0,0.0,1.0,0.0,0.0,0.0
2,4,5.045114444625946,9.900533552556595,3,1486.6109287622485,1,2,4,8.28170873309503,36.996632743429046,0,0,3,1.0,0.0,0.0,0.0,0.0,0.0,0.0,0.0,0.0,0.0,0.0,0.0,0.0,1.0,1.0,0.0
0,5,4.542098691817673,4.56786347373815,0,1197.0097532057985,2,1,4,0.5364422923978833,182.34461045019978,1,1,2,0.0,0.0,0.0,0.0,1.0,0.0,1.0,1.0,0.0,0.0,0.0,1.0,1.0,1.0,1.0,0.0
3,1,4.4112678999529225,7.287284453441529,1,587.7701643416168,1,0,1,5.0209403658610015,290.6607234162187,1,1,5,1.0,0.0,0.0,0.0,0.0,0.0,1.0,0.0,0.0,0.0,0.0,0.0,1.0,1.0,0.0,0.0
3,1,4.76553788118242,7.555225893227523,1,1539.0348154333624,4,3,3,11.61579236832898,213.0012790028784,0,0,4,1.0,1.0,0.0,0.0,0.0,0.0,0.0,0.0,0.0,0.0,0.0,0.0,0.0,0.0,1.0,1.0
3,2,2.163783269383933,5.846011425706696,3,2307.900029936254,4,2,2,3.3017255649691197,267.63490836225327,1,1,2,1.0,0.0,0.0,0.0,0.0,0.0,1.0,0.0,0.0,0.0,0.0,0.0,0.0,0.0,1.0,0.0
2,1,4.815625339028504,4.281719484948825,0,1416.1371497498922,2,1,1,6.3546052167654405,268.8569535367938,1,0,1,1.0,0.0,0.0,0.0,0.0,0.0,0.0,0.0,0.0,0.0,0.0,0.0,1.0,0.0,0.0,0.0
3,3,4.505004164823591,4.312627214126956,1,2238.860771396284,3,2,1,6.453762847645351,65.77712726736281,1,0,4,1.0,0.0,0.0,0.0,0.0,0.0,0.0,0.0,0.0,0.0,0.0,0.0,1.0,0.0,0.0,0.0
4,5,1.3111449698640834,6.721708325203829,3,645.157256491603,1,0,2,3.1266150886730424,205.6795367103559,0,1,4,0.0,0.0,0.0,0.0,1.0,0.0,1.0,0.0,0.0,0.0,0.0,0.0,0.0,1.0,0.0,0.0
2,3,3.47617679793706,8.154842736663515,3,1562.2731939386933,4,1,0,9.351076426928206,258.6662675951842,0,0,5,1.0,0.0,0.0,0.0,0.0,0.0,0.0,0.0,0.0,0.0,0.0,0.0,0.0,0.0,0.0,1.0
2,0,7.767162772661951,8.201054714818765,3,2744.0147194420833,3,1,3,0.04419436138634181,30.402266186404148,1,0,3,1.0,0.0,0.0,0.0,0.0,0.0,0.0,0.0,0.0,0.0,0.0,1.0,0.0,0.0,0.0,0.0
0,1,6.201510142686628,5.085819098330945,2,812.9805805729011,3,1,4,2.7214860820301627,195.44348789524523,1,1,4,0.0,0.0,0.0,0.0,1.0,0.0,0.0,0.0,0.0,0.0,0.0,1.0,0.0,1.0,1.0,0.0
3,4,8.255507470804272,9.147832846034717,0,2644.5123669665463,2,1,1,7.110327283161482,81.60094933852783,0,0,5,1.0,0.0,0.0,0.0,0.0,0.0,0.0,0.0,0.0,0.0,0.0,1.0,0.0,0.0,0.0,0.0
4,1,5.884192399426884,6.262974555818469,0,2789.933339028467,4,3,2,11.007524000450736,246.50115292524015,0,0,0,0.0,0.0,0.0,0.0,0.0,0.0,0.0,0.0,0.0,0.0,0.0,0.0,1.0,0.0,1.0,1.0
3,3,8.686753889277407,9.786207411834507,1,2206.284527350621,2,0,4,0.11437383748728314,66.96228451331834,1,1,0,1.0,0.0,0.0,0.0,0.0,0.0,0.0,0.0,0.0,0.0,0.0,0.0,0.0,0.0,0.0,0.0
4,4,8.16460389641545,4.708957806553821,1,3158.262659212909,4,2,3,7.210414340323354,112.02614972743048,0,0,1,0.0,0.0,0.0,0.0,0.0,0.0,0.0,0.0,0.0,0.0,0.0,1.0,1.0,0.0,1.0,0.0
4,1,1.8845611312802242,9.01872819181289,2,3363.6905366769533,3,3,2,0.040400556296343204,203.02277740397187,1,1,1,0.0,0.0,0.0,0.0,0.0,0.0,1.0,0.0,0.0,0.0,0.0,0.0,0.0,0.0,1.0,0.0
3,3,9.793057312143931,9.450028919472686,0,604.0324488611357,2,3,4,7.473809504311033,166.74784781126363,1,0,1,1.0,1.0,0.0,0.0,0.0,0.0,0.0,0.0,0.0,0.0,0.0,1.0,0.0,1.0,1.0,0.0
2,2,1.132727022111959,8.936053156862389,2,2537.2490722116218,1,3,0,4.939144930774055,35.992805560895334,0,0,0,1.0,0.0,0.0,0.0,0.0,0.0,0.0,0.0,0.0,0.0,0.0,0.0,0.0,0.0,1.0,0.0
0,0,6.371542341366567,8.853046847198105,1,1211.5235074205884,4,1,2,5.2134515823500465,67.5885420891952,0,0,4,0.0,0.0,0.0,0.0,0.0,0.0,0.0,0.0,0.0,0.0,0.0,0.0,0.0,1.0,0.0,0.0
0,2,8.13260358385086,6.16786009242967,0,1724.5499270144828,0,2,1,11.610115488073212,265.7520189326486,1,0,3,0.0,0.0,0.0,0.0,0.0,0.0,0.0,0.0,0.0,0.0,0.0,0.0,1.0,0.0,1.0,1.0
1,2,3.987047258658131,8.280058640325837,3,2369.4628475290974,0,2,0,8.186956123856284,296.63387741092026,1,1,4,0.0,0.0,0.0,0.0,0.0,0.0,1.0,0.0,0.0,0.0,0.0,0.0,0.0,0.0,1.0,1.0
2,0,6.387128130674421,7.476079396067803,1,2636.816810976429,0,3,2,2.356975592190792,208.1916120245387,1,1,4,1.0,0.0,0.0,0.0,0.0,0.0,1.0,0.0,0.0,0.0,0.0,0.0,0.0,0.0,1.0,0.0
3,5,4.259102777627034,6.54687478858731,0,3020.5727892238287,0,3,3,11.968046578008728,2.9294017802588335,0,0,0,1.0,0.0,0.0,0.0,0.0,0.0,0.0,0.0,0.0,0.0,0.0,0.0,1.0,0.0,1.0,1.0
2,3,1.5455347750675172,9.958670176322078,1,2616.160754850778,1,1,3,3.0801327823842577,223.020197354493,1,1,1,1.0,0.0,0.0,0.0,0.0,0.0,1.0,0.0,0.0,0.0,0.0,0.0,0.0,0.0,1.0,0.0
0,0,1.0761536718039781,5.74272830887072,3,2832.196981589933,2,0,3,8.230881871918594,192.847675461362,1,1,2,0.0,0.0,0.0,0.0,0.0,0.0,1.0,0.0,0.0,0.0,0.0,0.0,0.0,0.0,0.0,1.0
1,5,1.8537582710006948,6.478864133126705,3,2297.2135980782346,1,1,1,8.1635399453537,123.54610663316195,1,1,1,0.0,0.0,0.0,0.0,0.0,0.0,0.0,0.0,0.0,0.0,0.0,0.0,1.0,0.0,0.0,1.0
4,5,1.885686347080421,9.417166224028705,0,851.1772511648746,2,1,2,10.196700208658987,68.4137437540747,1,0,2,0.0,0.0,0.0,0.0,0.0,0.0,1.0,0.0,0.0,0.0,1.0,0.0,0.0,1.0,1.0,0.0
4,0,6.498007996543749,5.734049674577645,2,564.29094465588,2,1,0,4.786402502880845,49.7093562217667,1,0,2,0.0,0.0,0.0,0.0,0.0,0.0,1.0,0.0,0.0,0.0,0.0,1.0,0.0,1.0,0.0,0.0
1,0,5.73278707866262,4.916086852771227,2,2089.349146764588,2,3,3,8.351574157504452,25.06105865643705,1,1,4,0.0,0.0,0.0,0.0,0.0,0.0,1.0,0.0,0.0,0.0,0.0,0.0,1.0,0.0,1.0,0.0
4,2,5.099169701558279,5.85999849801691,3,2646.6231438554,0,0,4,7.51129288655598,191.7811126520814,1,0,1,0.0,0.0,0.0,0.0,0.0,0.0,0.0,0.0,0.0,0.0,0.0,0.0,0.0,0.0,1.0,0.0
3,3,7.227293280421758,8.555870062610747,3,826.5967653240702,2,1,2,5.2370394124215585,101.18237207410348,1,1,1,1.0,0.0,0.0,0.0,0.0,0.0,1.0,0.0,0.0,0.0,0.0,1.0,0.0,1.0,0.0,0.0
4,4,1.1514352331120357,9.159124058213596,2,1787.887843626846,1,1,1,10.991489068855001,155.403977731686,0,1,1,0.0,0.0,0.0,0.0,0.0,0.0,0.0,0.0,0.0,0.0,0.0,0.0,0.0,0.0,0.0,1.0
4,2,3.4388513327415784,4.686669925734167,2,1268.5321902669343,2,1,1,3.0231551202509337,157.56251039523193,1,1,1,0.0,0.0,0.0,0.0,0.0,0.0,1.0,0.0,0.0,0.0,0.0,0.0,1.0,1.0,0.0,0.0
3,3,7.996534581588651,7.73027608644896,1,2201.2791504107236,0,0,3,2.691282915992923,182.19074513724172,1,0,4,1.0,1.0,0.0,0.0,0.0,0.0,0.0,0.0,0.0,0.0,0.0,1.0,0.0,0.0,0.0,0.0
1,0,9.189793958654066,7.403721433568458,3,1671.5082572714841,4,3,3,7.56465906246077,178.36380327597217,1,0,3,0.0,0.0,0.0,0.0,0.0,0.0,0.0,0.0,0.0,0.0,0.0,1.0,0.0,0.0,0.0,1.0
3,3,4.945029366138234,8.01278671308019,3,1104.4025013024393,3,2,2,2.2831996593404464,155.72302300570053,1,0,4,1.0,0.0,0.0,0.0,0.0,0.0,0.0,0.0,0.0,0.0,0.0,0.0,0.0,0.0,1.0,0.0
1,5,1.7333558212461972,8.026338226760775,3,513.1781412183338,1,0,1,9.959937681678682,46.53532935562065,1,1,0,0.0,0.0,0.0,0.0,0.0,0.0,0.0,0.0,0.0,0.0,0.0,0.0,0.0,1.0,0.0,1.0
1,3,8.188558653056392,9.75680482159917,3,1464.5752861427918,1,2,2,4.076103073420679,8.112949132382042,1,1,4,0.0,0.0,0.0,0.0,0.0,0.0,0.0,0.0,0.0,0.0,0.0,1.0,0.0,0.0,0.0,0.0
3,2,8.966533899454603,6.079175250560436,2,2048.486440058937,1,2,1,5.053193702180254,172.85544031543247,1,1,4,1.0,1.0,0.0,0.0,0.0,0.0,1.0,0.0,0.0,0.0,0.0,1.0,0.0,0.0,1.0,0.0
2,1,4.722942436243475,5.798601530414673,3,3287.6272490103775,4,1,0,8.187790291101267,126.96599967340879,0,1,4,1.0,0.0,0.0,0.0,0.0,0.0,0.0,0.0,0.0,0.0,0.0,0.0,0.0,0.0,0.0,0.0
2,5,3.190197285282493,7.487351714930951,3,1182.428044658987,3,3,2,10.621220316008074,123.03559750387728,0,0,2,1.0,0.0,0.0,0.0,0.0,0.0,0.0,1.0,0.0,0.0,0.0,0.0,0.0,0.0,1.0,1.0
1,0,1.3957450140065077,6.57651075543197,0,2036.7651978908998,2,3,4,8.279609769884358,129.0196971086132,0,0,4,0.0,0.0,0.0,0.0,0.0,0.0,0.0,0.0,0.0,0.0,0.0,0.0,0.0,0.0,1.0,0.0
2,1,6.319745397053704,6.84252563387547,0,2199.489603423054,3,3,3,1.1304626996593319,34.06260603594535,1,0,3,1.0,1.0,0.0,0.0,0.0,0.0,0.0,0.0,0.0,0.0,0.0,0.0,1.0,0.0,1.0,0.0
0,0,9.188825415062492,4.415661961026957,3,2447.682970576958,0,2,0,4.056731850150232,53.780388579178705,1,0,4,0.0,0.0,0.0,0.0,0.0,0.0,0.0,0.0,0.0,0.0,0.0,1.0,1.0,0.0,0.0,0.0
3,5,7.100992229682931,4.889453061721558,1,1485.6990526233558,4,1,4,9.000754988802255,198.64633085684554,0,0,4,1.0,1.0,0.0,0.0,0.0,0.0,0.0,0.0,0.0,0.0,1.0,0.0,1.0,0.0,0.0,1.0
2,2,3.8552373810526093,9.612249619557172,3,798.4454584699324,2,0,1,10.89300770832687,154.1344420871258,0,0,5,1.0,0.0,0.0,0.0,0.0,0.0,0.0,0.0,0.0,0.0,0.0,0.0,0.0,1.0,0.0,1.0
4,5,6.785994918609702,4.409748710020731,1,3264.0687205467266,1,0,3,7.605925416324984,182.89869924368446,0,1,1,0.0,0.0,0.0,0.0,0.0,0.0,1.0,0.0,0.0,1.0,0.0,1.0,1.0,0.0,1.0,0.0
2,3,8.488615667032228,7.540873556083725,1,3358.2662865607836,3,3,2,7.153860352557299,38.802186817822516,0,0,4,1.0,1.0,0.0,0.0,0.0,0.0,0.0,0.0,0.0,0.0,0.0,0.0,1.0,0.0,1.0,0.0
2,3,5.282470534145121,8.52745017410734,3,1814.6934147407621,0,3,3,4.550634693721287,244.24188646696,1,0,1,1.0,0.0,0.0,0.0,0.0,0.0,0.0,0.0,0.0,0.0,0.0,0.0,0.0,0.0,1.0,0.0
0,3,8.377736409980546,4.071181170644965,2,2241.724885753557,2,0,3,5.73661991658112,111.79191766475381,0,1,2,0.0,0.0,0.0,0.0,0.0,0.0,0.0,0.0,0.0,0.0,0.0,1.0,1.0,0.0,1.0,0.0
0,1,4.527187089997187,5.336488887600309,2,587.0791798379513,4,3,1,5.186730560843824,183.92159634217148,1,0,5,0.0,0.0,0.0,0.0,1.0,0.0,0.0,0.0,0.0,0.0,0.0,0.0,1.0,1.0,1.0,0.0
1,3,4.136551107361935,6.262432185096321,1,641.6469233455246,3,0,3,0.6621177186354639,139.6959659040126,0,1,0,0.0,0.0,0.0,0.0,0.0,0.0,0.0,0.0,0.0,0.0,0.0,0.0,1.0,1.0,0.0,0.0
1,4,6.246897632906986,7.040904682412011,2,730.0022474797456,0,0,2,0.26223464284007036,140.49692119759578,1,1,4,0.0,0.0,0.0,0.0,0.0,0.0,0.0,0.0,0.0,0.0,0.0,0.0,0.0,1.0,0.0,0.0
1,5,5.182177759250331,6.049571768533962,1,2716.238944546763,2,0,1,7.408846010837819,233.5741411635376,0,1,1,0.0,0.0,0.0,0.0,0.0,0.0,0.0,0.0,0.0,0.0,0.0,0.0,1.0,0.0,0.0,0.0
1,3,9.79400728414975,7.8939955488943,3,1181.7034732680495,3,1,0,6.11806540506273,33.10465995196209,1,0,1,0.0,0.0,0.0,0.0,0.0,0.0,0.0,0.0,0.0,0.0,0.0,1.0,0.0,0.0,0.0,0.0
3,5,5.647504811753572,5.3583851035042755,1,1053.3416689231353,2,1,2,2.9386896452235964,22.437065939425693,1,1,0,1.0,0.0,0.0,0.0,0.0,0.0,1.0,0.0,0.0,0.0,0.0,0.0,1.0,0.0,0.0,0.0
0,5,4.466548260244194,4.152897618574114,0,525.005998270353,1,2,2,10.71301155680298,30.317491036559254,0,0,4,0.0,0.0,0.0,0.0,1.0,0.0,0.0,1.0,0.0,0.0,0.0,0.0,1.0,1.0,1.0,0.0
1,3,4.554401888156827,4.009426304909525,2,568.6926328207664,3,1,2,2.4791388003909836,298.59004155055027,1,0,4,0.0,0.0,0.0,0.0,0.0,0.0,0.0,0.0,0.0,0.0,0.0,0.0,1.0,1.0,0.0,0.0
0,2,5.93145955551805,6.073072071697805,3,1716.1512570049788,2,0,3,8.405985905855399,278.1444387769933,1,1,2,0.0,0.0,0.0,0.0,0.0,0.0,0.0,0.0,0.0,0.0,0.0,1.0,0.0,0.0,0.0,0.0
1,0,4.194208342073758,6.169976795165483,3,2125.033792031575,4,0,3,9.460354931825322,210.1660427741193,0,1,1,0.0,0.0,0.0,0.0,0.0,0.0,0.0,0.0,0.0,0.0,0.0,0.0,0.0,0.0,0.0,0.0
3,1,7.506159417684423,9.691624704319263,0,2237.177545303759,4,3,0,10.082723703254711,134.26374358091581,1,0,3,1.0,0.0,0.0,0.0,0.0,0.0,0.0,0.0,0.0,0.0,0.0,0.0,0.0,0.0,0.0,0.0
0,5,4.425966349314768,4.268684275121418,3,1873.733543542745,4,2,1,10.074359262476447,25.521363207066482,1,1,5,0.0,0.0,0.0,0.0,1.0,0.0,0.0,0.0,0.0,0.0,0.0,0.0,1.0,0.0,0.0,0.0
1,0,4.457299478727188,7.180390360811087,1,1878.6838164285148,2,3,4,9.530181065975828,246.2687075335193,0,0,4,0.0,0.0,0.0,0.0,0.0,0.0,0.0,0.0,0.0,0.0,0.0,0.0,0.0,0.0,1.0,1.0
0,2,6.5527592443912415,7.466879885583078,3,2759.426555798831,3,0,2,5.493602078363667,56.832779854990534,1,1,4,0.0,0.0,0.0,0.0,0.0,0.0,0.0,0.0,0.0,0.0,0.0,0.0,0.0,0.0,0.0,0.0
4,4,1.5476218542640896,8.195650071386318,2,1368.7104038003524,0,1,2,7.486938719567881,81.85261460092505,1,0,0,0.0,0.0,0.0,0.0,0.0,0.0,1.0,0.0,0.0,0.0,0.0,0.0,0.0,0.0,1.0,0.0
3,1,6.898194263036315,7.832407600843963,3,1213.1534540268185,3,0,4,10.292536547440374,252.23758261333487,1,1,5,1.0,0.0,0.0,0.0,0.0,0.0,1.0,0.0,0.0,0.0,0.0,0.0,0.0,1.0,0.0,1.0
1,5,5.544749954428184,4.048836962343657,1,3062.9725640954925,3,3,3,5.043472598414043,77.20032212908004,0,1,3,0.0,0.0,0.0,0.0,0.0,0.0,0.0,0.0,0.0,0.0,0.0,1.0,1.0,0.0,1.0,0.0
0,3,5.077235028579775,7.79114604045407,2,2567.791423148255,3,0,4,8.05025970343886,253.37294670240425,1,0,3,0.0,0.0,0.0,0.0,0.0,0.0,0.0,0.0,0.0,0.0,0.0,1.0,0.0,0.0,0.0,1.0
0,0,7.473276916371562,5.9343276381983925,2,1930.5993472486114,0,3,2,1.914435971476665,235.78156895821115,1,1,2,0.0,0.0,0.0,0.0,1.0,0.0,1.0,0.0,0.0,0.0,0.0,1.0,1.0,0.0,1.0,0.0
2,1,7.824302038043749,8.637213768086811,0,1326.214476602021,2,0,0,6.776311338655782,251.18707223122755,1,1,5,1.0,1.0,0.0,0.0,0.0,0.0,0.0,0.0,0.0,0.0,0.0,0.0,1.0,1.0,0.0,0.0
3,4,8.616347770712133,5.1301923168141945,3,909.7454587358554,1,2,3,1.692550839266147,202.28736059303128,0,0,3,1.0,0.0,0.0,0.0,0.0,1.0,0.0,0.0,0.0,0.0,0.0,1.0,1.0,1.0,1.0,0.0
2,5,4.373228087357026,8.297233911863076,0,612.2635902499294,4,1,4,7.923491916911341,105.63774648014873,1,0,1,1.0,0.0,0.0,0.0,0.0,0.0,0.0,1.0,0.0,0.0,0.0,0.0,0.0,1.0,1.0,1.0
4,5,3.9433392302804298,7.752972002134365,3,3057.096073973725,2,3,2,4.521971438872184,195.95036249057506,0,1,2,0.0,0.0,0.0,0.0,0.0,0.0,1.0,0.0,0.0,0.0,0.0,0.0,0.0,0.0,1.0,0.0
1,5,7.429078913450676,7.913745311964849,0,2280.156504191574,3,0,2,2.7341152121002694,248.73231482905769,0,1,1,0.0,0.0,0.0,0.0,0.0,0.0,0.0,0.0,0.0,0.0,0.0,1.0,1.0,0.0,0.0,0.0
1,0,6.236243732264013,5.055686122525326,0,637.488478735638,2,1,0,4.328918970212994,224.82586704007392,1,1,5,0.0,0.0,0.0,0.0,0.0,0.0,0.0,0.0,0.0,0.0,0.0,0.0,1.0,1.0,0.0,0.0
2,4,6.6862139171663495,8.015044007994774,1,975.7621936842631,0,2,1,8.417005471008014,258.60841814962004,1,0,4,1.0,0.0,0.0,0.0,0.0,0.0,0.0,0.0,0.0,0.0,0.0,0.0,0.0,1.0,0.0,0.0
1,0,5.999706163952518,8.42187045185149,0,1338.6928044596723,3,3,4,10.896401089108736,295.0592931102414,0,0,3,0.0,0.0,0.0,0.0,0.0,0.0,0.0,0.0,0.0,0.0,0.0,1.0,0.0,1.0,1.0,1.0
4,0,7.95423720883469,6.936461567426834,0,1289.214763141442,3,2,0,0.1353713843491522,207.0435802110631,0,1,4,0.0,0.0,0.0,0.0,0.0,0.0,1.0,0.0,0.0,0.0,0.0,0.0,1.0,0.0,0.0,0.0
0,4,2.7103679964293788,6.042194097925272,0,2145.172967663807,1,0,3,2.014175362601498,278.43816162141906,0,1,5,0.0,0.0,0.0,0.0,1.0,0.0,0.0,0.0,0.0,0.0,0.0,0.0,1.0,0.0,0.0,0.0
2,2,6.00140919467257,4.999329095729055,1,1698.3308695605954,3,2,3,8.468800083229484,81.5333415332829,0,0,2,1.0,0.0,0.0,0.0,0.0,0.0,0.0,0.0,0.0,0.0,0.0,0.0,1.0,0.0,0.0,0.0
2,3,2.4229161004926683,5.7397631506644435,1,3146.6498127859,1,1,2,6.8248183408265035,292.0448222541922,0,1,1,1.0,0.0,0.0,0.0,0.0,0.0,0.0,0.0,0.0,0.0,0.0,0.0,0.0,0.0,1.0,1.0
0,5,4.665267453618927,8.582970174715125,0,2658.2321018234643,3,3,4,3.830196569536622,273.0973699692953,1,1,5,0.0,0.0,0.0,0.0,0.0,0.0,0.0,0.0,0.0,0.0,0.0,0.0,0.0,0.0,1.0,0.0
2,0,6.975944410744673,6.456404347277535,0,3232.1977079302387,1,2,3,7.821159036841532,12.372893346655934,1,0,2,1.0,0.0,0.0,0.0,0.0,0.0,0.0,0.0,0.0,0.0,0.0,0.0,1.0,0.0,1.0,0.0
2,3,5.437644474827533,8.216279451959545,2,3088.4558754783566,3,3,4,10.40625075163741,177.13433614517277,1,1,0,1.0,0.0,0.0,0.0,0.0,0.0,0.0,0.0,0.0,0.0,0.0,1.0,0.0,0.0,1.0,1.0
1,5,4.416323830049631,8.44054794999092,1,3264.1074004803663,4,0,1,3.0957440703744,150.89150846862964,0,1,4,0.0,0.0,0.0,0.0,0.0,0.0,0.0,0.0,0.0,0.0,0.0,0.0,0.0,0.0,0.0,0.0
0,2,8.964730012740455,8.045021344745738,3,3440.034350866293,2,2,3,5.828066127689908,244.68157578458758,1,1,1,0.0,0.0,0.0,0.0,0.0,0.0,0.0,0.0,0.0,0.0,0.0,1.0,0.0,0.0,0.0,0.0
0,3,7.955431430477305,8.04123054209769,3,1435.0893141783877,0,2,3,0.2492080955647724,37.90204010984751,1,1,1,0.0,0.0,0.0,0.0,0.0,0.0,1.0,0.0,0.0,0.0,0.0,1.0,0.0,1.0,1.0,0.0
0,2,5.736617065003375,7.664849225956309,0,1129.0418115609798,3,1,4,11.351951754530438,158.29178202409705,1,0,4,0.0,0.0,0.0,0.0,0.0,0.0,0.0,0.0,0.0,0.0,0.0,0.0,1.0,1.0,1.0,1.0
2,5,9.55047840107939,7.110531872282281,3,995.4570866472294,4,1,2,9.619724792708483,150.37913886716402,0,1,5,1.0,0.0,0.0,1.0,0.0,0.0,0.0,0.0,0.0,0.0,0.0,1.0,1.0,1.0,0.0,1.0
0,0,4.819287604914945,5.186900121221619,2,2384.265395047353,3,2,1,6.061086442056032,118.66170877966049,0,0,0,0.0,0.0,0.0,0.0,0.0,0.0,0.0,0.0,0.0,0.0,0.0,0.0,1.0,0.0,1.0,0.0
4,5,8.092656348292953,9.056820321531102,3,2542.900094529201,1,1,4,11.90397589121939,297.6548266004288,1,1,3,0.0,0.0,0.0,0.0,0.0,0.0,1.0,0.0,0.0,1.0,0.0,0.0,0.0,0.0,1.0,1.0
1,4,2.5114261582127613,9.785585034925571,1,763.5124826319397,2,1,3,2.6426235538072573,161.86391882346115,1,0,1,0.0,0.0,0.0,0.0,0.0,0.0,0.0,1.0,0.0,0.0,0.0,0.0,0.0,1.0,1.0,0.0
3,4,3.572132293995373,6.798904393600997,0,2963.2147901979024,1,2,1,8.927646587831317,123.97332123872704,1,0,5,1.0,0.0,0.0,0.0,0.0,0.0,0.0,0.0,0.0,0.0,0.0,0.0,0.0,0.0,1.0,1.0
3,2,4.042770232005593,9.599432535307935,3,2849.1995943292945,3,3,1,9.23407878515812,256.92101511727395,1,0,5,1.0,0.0,0.0,0.0,0.0,0.0,0.0,0.0,0.0,0.0,0.0,0.0,0.0,0.0,0.0,1.0
2,3,1.9523867743407095,9.9879672263397,2,2385.4217996173666,3,0,3,9.970269746111379,41.71632010854188,1,1,0,1.0,0.0,0.0,0.0,0.0,0.0,0.0,0.0,0.0,0.0,0.0,0.0,0.0,0.0,1.0,0.0
4,2,5.516243335684611,6.917175475514924,0,1806.8374384089004,3,3,2,8.221155643002,86.26869015764132,0,0,0,0.0,0.0,0.0,0.0,0.0,0.0,0.0,0.0,0.0,0.0,0.0,0.0,0.0,0.0,1.0,0.0
0,1,2.730341207138461,8.34613224249981,0,960.9718651279877,1,0,4,2.2870872298955627,83.66757616074247,0,0,2,0.0,0.0,0.0,0.0,0.0,0.0,0.0,0.0,0.0,0.0,0.0,0.0,0.0,1.0,0.0,0.0
1,5,6.707673005046927,7.862742029503135,0,2016.7768127956613,0,0,3,1.0960094341325743,280.11020559328205,0,1,0,0.0,0.0,0.0,0.0,0.0,0.0,0.0,0.0,0.0,0.0,0.0,1.0,1.0,0.0,0.0,0.0
1,3,2.7108312361571647,5.423588896004484,1,977.5078866244532,3,0,4,2.1642864943531146,264.09891479950784,0,1,2,0.0,0.0,0.0,0.0,0.0,0.0,0.0,0.0,0.0,0.0,0.0,0.0,1.0,1.0,0.0,0.0
0,4,2.111556316053478,4.282536662525913,1,2314.9363552668005,1,0,1,10.299822267788123,182.00530508970684,0,1,1,0.0,0.0,0.0,0.0,0.0,0.0,0.0,0.0,0.0,0.0,0.0,0.0,1.0,0.0,0.0,1.0
1,0,9.72178054839032,6.7201318670467405,1,1429.8941909692076,4,3,3,4.823941239326557,95.8888284437427,1,1,5,0.0,0.0,0.0,0.0,0.0,0.0,0.0,0.0,0.0,0.0,0.0,1.0,1.0,0.0,1.0,0.0
1,4,6.9241627522999565,8.723229984377634,3,1241.9187869113905,0,1,0,6.553993066794048,140.43113157393728,0,1,4,0.0,0.0,0.0,0.0,0.0,0.0,0.0,0.0,0.0,0.0,0.0,1.0,0.0,0.0,0.0,0.0
3,3,9.428058232376397,5.950807976138181,3,1823.1541398649088,4,3,3,0.3044759408332083,171.3439616701052,0,0,0,1.0,1.0,0.0,0.0,0.0,0.0,0.0,0.0,0.0,0.0,0.0,1.0,1.0,0.0,1.0,0.0
1,5,5.408990127939088,8.706632327159106,2,2242.1384007759943,3,0,2,5.897142347380813,162.0260518355334,0,1,3,0.0,0.0,0.0,0.0,0.0,0.0,0.0,0.0,0.0,0.0,0.0,0.0,0.0,0.0,0.0,0.0
4,0,1.3006221675703682,7.928810091777733,2,1602.3921967141384,2,2,2,4.9112312199989905,76.78060339569151,0,1,4,0.0,0.0,0.0,0.0,0.0,0.0,0.0,0.0,0.0,0.0,0.0,0.0,0.0,0.0,0.0,0.0
3,3,6.169340533882996,8.173248110905524,3,3390.8102034148633,4,1,4,6.414722928148967,39.146281206094066,1,1,4,1.0,0.0,0.0,0.0,0.0,0.0,0.0,0.0,0.0,0.0,0.0,1.0,0.0,0.0,0.0,0.0
4,3,6.024959981521376,5.71444533026434,1,517.6929077750907,3,2,0,4.503281221427818,272.2909072192373,1,1,3,0.0,0.0,0.0,0.0,1.0,0.0,1.0,0.0,0.0,0.0,0.0,0.0,0.0,1.0,0.0,0.0
0,3,1.1347804534293457,6.820284297058281,2,3238.5830553430324,0,3,1,0.9053064155401453,192.25420288394386,0,0,3,0.0,0.0,0.0,0.0,0.0,0.0,0.0,0.0,0.0,0.0,0.0,0.0,1.0,0.0,1.0,0.0
4,0,8.751178399616485,5.090222800151302,2,502.0521484479124,1,2,2,0.52752383300761,43.527715028082255,0,1,5,0.0,0.0,0.0,0.0,1.0,0.0,1.0,0.0,0.0,0.0,0.0,1.0,1.0,1.0,1.0,0.0
3,2,6.579736125547822,5.4794831684783585,1,1150.135815990272,4,2,2,11.39756365448335,296.95304416611293,1,1,1,1.0,0.0,0.0,0.0,0.0,0.0,1.0,0.0,0.0,0.0,0.0,0.0,1.0,1.0,0.0,1.0
4,1,7.702220524385315,4.539100258554491,3,3489.0536745636864,3,1,2,7.245823881247436,123.3831948433145,0,0,5,0.0,0.0,0.0,0.0,0.0,0.0,0.0,0.0,0.0,0.0,0.0,0.0,1.0,0.0,0.0,1.0
1,3,5.445289955417632,4.760640437777248,0,2684.2861271410684,0,0,2,7.720755263375398,219.89103542815747,0,0,1,0.0,0.0,0.0,0.0,0.0,0.0,0.0,0.0,0.0,0.0,0.0,0.0,1.0,0.0,1.0,0.0
4,1,6.565621941174367,5.263080875775019,0,2433.4951151420255,0,0,0,10.98502558999386,53.01441634311487,0,1,4,0.0,0.0,0.0,0.0,0.0,0.0,1.0,0.0,0.0,0.0,0.0,0.0,1.0,0.0,0.0,0.0
2,2,3.317229039056718,7.481405268255022,1,2678.2786425661916,4,1,4,6.610338054957384,279.8297089448553,1,1,5,1.0,0.0,0.0,0.0,0.0,0.0,1.0,0.0,0.0,0.0,0.0,0.0,0.0,0.0,0.0,0.0
0,3,9.763819909917824,6.647266717285839,3,1724.8885610581233,0,2,3,7.386634043739036,23.762192084693712,0,0,1,0.0,0.0,0.0,0.0,0.0,0.0,0.0,0.0,0.0,0.0,0.0,1.0,0.0,0.0,1.0,0.0
2,0,4.606480067928986,5.601637075393372,1,2852.6291939788775,4,0,3,6.2764630364107905,286.74649294508555,0,0,3,1.0,0.0,0.0,0.0,0.0,0.0,0.0,0.0,0.0,0.0,0.0,0.0,1.0,0.0,0.0,0.0
0,4,2.460939592038662,9.166674681386134,0,964.6040987548387,2,1,0,2.1116935289960193,218.13677751699075,1,0,5,0.0,0.0,0.0,0.0,1.0,0.0,0.0,0.0,0.0,0.0,0.0,0.0,0.0,0.0,0.0,0.0
4,4,1.503238765371646,7.150886148051917,3,2881.677162186794,4,2,0,3.738130890303124,68.17337290157403,0,0,1,0.0,0.0,0.0,0.0,0.0,0.0,0.0,0.0,0.0,0.0,0.0,0.0,0.0,0.0,0.0,0.0
1,0,6.72554739776834,9.538656841814761,0,3318.580039733284,1,3,2,10.61207893907133,54.27172212375155,0,0,3,0.0,0.0,0.0,0.0,0.0,0.0,0.0,0.0,0.0,0.0,0.0,0.0,0.0,0.0,1.0,1.0
1,0,9.850418660588101,7.809789773665406,0,3073.0605515196744,1,3,0,5.326371957737408,251.1302742661772,1,0,4,0.0,0.0,0.0,0.0,0.0,0.0,0.0,0.0,0.0,0.0,0.0,1.0,0.0,0.0,1.0,0.0
2,5,9.062150471616535,4.0947255791723,3,2718.9828599101797,3,0,2,2.4497944232706037,11.977185405315893,0,0,3,1.0,0.0,0.0,0.0,0.0,0.0,0.0,0.0,0.0,0.0,0.0,1.0,1.0,0.0,0.0,0.0
2,1,7.318941107377722,9.48085414609417,1,2454.131939485031,0,0,4,9.93648473789094,34.284035333042205,0,1,4,1.0,0.0,0.0,0.0,0.0,0.0,0.0,0.0,0.0,0.0,0.0,1.0,0.0,0.0,0.0,0.0
0,5,9.915381360935747,9.144780014084958,0,2063.276495964882,0,2,4,1.0476586560282684,201.85682385724346,0,1,1,0.0,0.0,0.0,0.0,0.0,0.0,0.0,1.0,1.0,0.0,0.0,1.0,1.0,0.0,1.0,0.0
4,2,7.505454358378959,7.811627336685396,1,1685.6698386085643,3,3,2,7.674363432508716,23.210097803137597,1,0,3,0.0,0.0,0.0,0.0,0.0,0.0,0.0,0.0,0.0,1.0,0.0,1.0,0.0,0.0,1.0,0.0
4,2,4.053260110612563,7.208641334384907,2,3096.9607725795186,0,1,1,8.401493770796186,162.37361851778954,0,0,4,0.0,0.0,0.0,0.0,0.0,0.0,0.0,0.0,0.0,0.0,0.0,0.0,0.0,0.0,0.0,0.0
3,1,6.410963197541558,6.71755643991151,3,2442.3757239442302,4,3,0,3.6452195991221275,172.21584550732126,0,1,1,1.0,0.0,0.0,0.0,0.0,0.0,0.0,0.0,0.0,0.0,0.0,0.0,0.0,0.0,0.0,0.0
3,3,1.7178997823700537,6.89304907460099,0,1804.7009417440963,3,2,0,2.0026175141421465,5.361447966920874,1,0,2,1.0,0.0,0.0,0.0,0.0,0.0,0.0,0.0,0.0,0.0,0.0,0.0,1.0,0.0,0.0,0.0
2,0,2.9951424120028673,8.6153238450541,1,2854.3751543430744,3,3,1,5.379513196787856,113.14895423967606,0,1,3,1.0,0.0,0.0,0.0,0.0,0.0,0.0,0.0,0.0,0.0,0.0,0.0,0.0,0.0,1.0,0.0
2,2,4.75786212335643,7.078849614152115,2,662.3112621150443,2,3,2,9.060387657066926,8.559191229816099,1,0,4,1.0,0.0,0.0,0.0,0.0,0.0,0.0,0.0,0.0,0.0,0.0,0.0,0.0,1.0,1.0,0.0
2,2,2.8163664420674075,5.056148192214644,2,2939.357752798896,3,0,3,10.640298695129767,290.0656044185355,0,1,4,1.0,0.0,0.0,0.0,0.0,0.0,0.0,0.0,0.0,0.0,0.0,0.0,0.0,0.0,0.0,1.0
0,0,9.581509133453535,4.349065403037956,2,2932.1065182333805,4,1,2,9.784042781595897,64.59651446551258,1,1,2,0.0,0.0,0.0,0.0,0.0,0.0,0.0,0.0,0.0,0.0,0.0,1.0,1.0,0.0,0.0,1.0
0,2,9.960377740701844,4.757117657719075,1,1185.5882399669608,0,0,4,1.314350376558731,206.9130084815806,0,1,5,0.0,0.0,0.0,0.0,1.0,0.0,0.0,0.0,0.0,0.0,0.0,1.0,1.0,0.0,1.0,0.0
1,3,4.338423281094989,5.508646653024317,3,613.0147697356897,1,0,0,2.673319018598169,202.1296875174261,1,0,3,0.0,0.0,0.0,0.0,0.0,0.0,0.0,0.0,0.0,0.0,0.0,0.0,0.0,1.0,0.0,0.0
2,4,7.383060874694788,6.2064047286382396,0,2641.1238665893893,3,1,2,7.4038288209349945,231.669564905579,0,1,3,1.0,0.0,0.0,0.0,0.0,0.0,0.0,0.0,0.0,0.0,0.0,0.0,1.0,0.0,1.0,0.0
0,0,4.669936575969165,9.354496073051251,3,1099.6148852891483,0,2,3,8.518921333561456,100.59827345451919,0,0,0,0.0,0.0,0.0,0.0,1.0,0.0,0.0,0.0,0.0,0.0,0.0,0.0,0.0,0.0,1.0,1.0
0,5,2.2555828394758577,5.434523393198008,3,3488.0653721631975,1,3,0,0.10485884306809323,55.319402048605305,1,1,1,0.0,0.0,0.0,0.0,0.0,0.0,1.0,0.0,0.0,0.0,0.0,0.0,0.0,0.0,0.0,0.0
4,5,4.032341629318977,5.9175913480152085,2,527.5473357279883,0,0,4,1.7108847466050663,159.15066365759807,0,1,0,0.0,0.0,0.0,0.0,1.0,0.0,0.0,1.0,0.0,0.0,0.0,0.0,1.0,1.0,1.0,0.0
1,4,3.100345288440969,5.338087237160643,1,1189.375943746972,0,0,4,1.1282028956503645,208.3010119442237,1,0,0,0.0,0.0,0.0,0.0,0.0,0.0,0.0,0.0,0.0,0.0,0.0,0.0,1.0,1.0,1.0,0.0
2,5,3.952703983666778,7.2744509122368,1,626.1871918174932,2,0,3,4.09331093277083,226.59040166269696,1,1,5,1.0,0.0,0.0,0.0,0.0,0.0,0.0,0.0,0.0,0.0,0.0,0.0,0.0,1.0,1.0,0.0
2,2,2.935195195579449,7.702520177766921,1,2847.9672063506587,3,3,3,8.169627662299916,14.674620664485015,0,0,1,1.0,0.0,0.0,0.0,0.0,0.0,0.0,0.0,0.0,0.0,0.0,0.0,0.0,0.0,1.0,0.0
3,4,2.0111060715242175,7.192765191382964,0,2236.0864765216797,0,2,1,11.318329977175564,225.79792401934347,1,1,4,1.0,0.0,0.0,0.0,0.0,0.0,1.0,0.0,0.0,0.0,0.0,0.0,0.0,0.0,1.0,1.0
3,4,2.9568558642617164,9.711139907301641,0,3045.3036036377425,4,1,0,1.0742797054925144,33.72967629886139,0,0,3,1.0,0.0,0.0,0.0,0.0,0.0,0.0,0.0,0.0,0.0,0.0,0.0,0.0,0.0,0.0,0.0
1,3,9.151813286468585,9.972268105924746,2,3387.8401120187823,3,0,1,6.073096127304401,157.39374634724862,0,0,1,0.0,0.0,0.0,0.0,0.0,0.0,0.0,0.0,0.0,0.0,0.0,1.0,0.0,0.0,0.0,0.0
4,1,1.7669950819887585,9.02437593883338,2,2330.3445811262127,3,1,0,4.46959915074984,166.62331673276077,1,0,4,0.0,0.0,0.0,0.0,0.0,0.0,0.0,0.0,0.0,0.0,0.0,0.0,0.0,0.0,0.0,0.0
1,3,3.9228097937971107,8.831776869341812,1,1195.2605108540358,0,0,2,4.779858691551437,38.11505786607097,1,0,3,0.0,0.0,0.0,0.0,0.0,0.0,0.0,0.0,0.0,0.0,0.0,0.0,0.0,0.0,0.0,0.0
4,5,5.7560490505237185,6.196316660497652,1,777.9483223928302,2,0,4,0.8165558202999996,289.19937772875033,1,1,4,0.0,0.0,0.0,0.0,1.0,0.0,1.0,0.0,0.0,0.0,0.0,0.0,1.0,1.0,1.0,0.0
2,5,4.190613905605211,7.47870103697199,0,3098.783134938501,4,1,3,3.459850676662597,191.4049254929419,1,0,4,1.0,0.0,0.0,0.0,0.0,0.0,0.0,0.0,0.0,0.0,0.0,0.0,1.0,0.0,0.0,0.0
0,2,5.658463855169985,6.108834513693311,3,1235.3397650557918,1,2,4,3.0294719526806237,67.16743315308685,1,1,4,0.0,0.0,0.0,0.0,1.0,0.0,1.0,0.0,0.0,0.0,0.0,0.0,0.0,0.0,1.0,0.0
3,1,1.3907805421091857,8.706135077042436,3,3180.554674094232,2,1,4,8.619583737801062,15.26930332058889,1,1,3,1.0,0.0,0.0,0.0,0.0,0.0,0.0,0.0,0.0,0.0,0.0,0.0,0.0,0.0,0.0,0.0
0,4,6.8371267002794,5.030986834551016,0,3134.8627988428248,2,3,3,7.702299986784578,232.50702736945925,0,0,0,0.0,0.0,0.0,0.0,0.0,0.0,0.0,0.0,0.0,0.0,0.0,1.0,1.0,0.0,1.0,1.0
3,0,6.071309214004542,5.300030285767859,1,2383.4276368107803,3,3,0,7.635725365931362,252.39469255989465,1,0,2,1.0,0.0,0.0,0.0,0.0,0.0,0.0,0.0,0.0,0.0,0.0,0.0,1.0,0.0,1.0,0.0
0,0,7.128696392692224,4.232164425221853,2,2311.987461725479,4,0,4,6.2310990352803515,27.189019559533257,0,0,4,0.0,0.0,0.0,0.0,0.0,0.0,0.0,0.0,0.0,0.0,0.0,0.0,1.0,0.0,0.0,0.0
1,3,6.1053203424451326,7.653638040027954,0,3352.479405580664,0,1,2,4.105022255611876,77.22920854737372,1,0,5,0.0,0.0,0.0,0.0,0.0,0.0,0.0,0.0,0.0,0.0,0.0,0.0,1.0,0.0,1.0,0.0
3,5,4.941132241830969,8.131229552733743,0,2768.0453053548463,0,2,2,2.9255045847652363,192.7133639966593,1,1,3,1.0,0.0,0.0,0.0,0.0,0.0,1.0,0.0,0.0,0.0,0.0,0.0,0.0,0.0,1.0,0.0
4,1,4.151273880646742,4.020173717388273,3,2549.8453135417217,0,1,4,0.13540558842100836,125.69314073164914,0,0,0,0.0,0.0,0.0,0.0,0.0,0.0,0.0,0.0,0.0,0.0,0.0,0.0,1.0,0.0,1.0,0.0
2,2,3.037916710897986,7.064714583965504,0,1807.2222560554346,1,1,3,1.7751365393658634,102.75368656236112,1,1,5,1.0,0.0,0.0,0.0,0.0,0.0,0.0,0.0,0.0,0.0,0.0,0.0,1.0,0.0,0.0,0.0
0,1,5.5006095412595135,6.261247230938643,2,1951.995337210651,1,2,0,2.6385784886039394,127.3353854314732,0,0,3,0.0,0.0,0.0,0.0,1.0,0.0,0.0,0.0,0.0,0.0,0.0,0.0,0.0,0.0,0.0,0.0
1,2,1.2344720713975628,8.754284690912606,3,1666.7632949950053,4,0,3,11.706762396279547,151.59136425831946,0,0,3,0.0,0.0,0.0,0.0,0.0,0.0,0.0,0.0,0.0,0.0,0.0,0.0,0.0,0.0,0.0,0.0
4,0,3.9541674528939317,4.23334447599186,2,3338.96306107979,2,3,4,11.645419876353811,55.398776751883496,1,0,2,0.0,0.0,0.0,0.0,0.0,0.0,1.0,0.0,0.0,0.0,0.0,0.0,1.0,0.0,1.0,0.0
3,3,7.100850642080765,4.291394132908471,1,2414.3576395798136,3,1,1,9.211993930793279,116.41895974873381,0,1,2,1.0,0.0,0.0,0.0,0.0,0.0,0.0,0.0,0.0,0.0,0.0,1.0,1.0,0.0,0.0,1.0
0,3,1.9784533571772334,7.7212545923552796,0,2841.0907631713335,2,1,2,7.323912285653961,20.94763191485335,1,0,3,0.0,0.0,0.0,0.0,0.0,0.0,0.0,0.0,0.0,0.0,0.0,0.0,0.0,0.0,0.0,0.0
1,1,1.5660211808757571,7.549833127478584,2,611.5992052476518,4,0,0,8.025700851580446,1.8166921978972073,0,1,3,0.0,0.0,0.0,0.0,0.0,0.0,0.0,0.0,0.0,0.0,0.0,0.0,0.0,1.0,0.0,0.0
1,1,6.869607447622288,8.986540137988062,1,3057.2789064255285,1,2,3,7.206588640634865,292.5579994990612,1,0,1,0.0,0.0,0.0,0.0,0.0,0.0,0.0,0.0,0.0,0.0,0.0,1.0,0.0,0.0,1.0,0.0
0,4,4.579972490281152,7.553601334944167,3,1752.9148923337418,3,2,0,7.761961716934097,16.442358203959127,0,0,2,0.0,0.0,0.0,0.0,1.0,0.0,0.0,0.0,0.0,0.0,0.0,0.0,0.0,0.0,0.0,0.0
4,1,8.21642532894443,9.696224971549007,2,2711.48112444849,1,2,2,2.63084290275429,13.043368436197634,0,0,0,0.0,0.0,0.0,0.0,0.0,0.0,0.0,0.0,0.0,0.0,0.0,1.0,0.0,0.0,0.0,0.0
3,0,9.435801735741915,5.8863078534065325,0,620.0759444623269,1,1,3,11.720422999669122,266.9885927067977,1,0,1,1.0,1.0,0.0,0.0,0.0,0.0,0.0,0.0,0.0,0.0,0.0,1.0,1.0,1.0,1.0,1.0
0,0,9.613364083593193,6.387528438428801,1,3181.6195498578945,4,1,4,9.079662233399445,292.8110430822564,0,0,5,0.0,0.0,0.0,0.0,0.0,0.0,0.0,0.0,0.0,0.0,0.0,1.0,0.0,0.0,1.0,1.0
3,5,4.830335685047613,9.8660479990175,2,2479.536768797583,0,2,1,2.8109247364761756,253.3604477866332,1,0,1,1.0,0.0,0.0,0.0,0.0,0.0,0.0,0.0,0.0,0.0,0.0,0.0,0.0,0.0,0.0,0.0
2,2,3.3789450184752905,4.645145460230669,2,1872.5023726139816,1,0,4,6.163775275394903,41.86513581724181,1,1,5,1.0,0.0,0.0,0.0,0.0,0.0,0.0,0.0,0.0,0.0,0.0,0.0,1.0,0.0,1.0,0.0
0,0,6.477523648682302,8.775429119177677,2,1410.6742970303485,1,1,0,9.470607723768783,191.85950095547244,1,1,2,0.0,0.0,0.0,0.0,0.0,0.0,0.0,0.0,0.0,0.0,0.0,1.0,0.0,0.0,0.0,1.0
2,5,6.653736333354128,4.069412287962642,0,1433.0724273461533,0,2,0,10.933921289866156,209.07735724202826,0,1,5,1.0,1.0,0.0,0.0,0.0,0.0,0.0,1.0,0.0,0.0,0.0,1.0,1.0,0.0,1.0,1.0
0,0,6.60110442468307,6.919079496420114,0,1410.194373429198,3,2,0,4.606133994979421,231.49875164117284,0,1,3,0.0,0.0,0.0,0.0,1.0,0.0,0.0,0.0,0.0,0.0,0.0,0.0,1.0,1.0,0.0,0.0
1,2,3.8960075234699305,4.920414024212047,0,893.0775582354566,1,1,3,5.804763381695892,33.86666057557588,1,1,4,0.0,0.0,0.0,0.0,0.0,0.0,1.0,0.0,0.0,0.0,0.0,0.0,1.0,0.0,1.0,0.0
4,0,1.5737656277557273,7.59317022236839,2,1891.428614087231,2,1,1,3.718592309071239,117.2258193100375,0,0,2,0.0,0.0,0.0,0.0,0.0,0.0,0.0,0.0,0.0,0.0,0.0,0.0,0.0,0.0,0.0,0.0
3,4,2.8900435494303904,8.789019818246969,0,1860.4590624022057,1,1,0,4.518952246673575,82.8290771341003,0,0,0,1.0,0.0,0.0,0.0,0.0,0.0,0.0,0.0,0.0,0.0,0.0,0.0,0.0,0.0,0.0,0.0
0,4,2.3897748522001034,4.198253814104124,3,1735.8099778702021,4,3,3,2.7325121885800714,196.35480378065373,0,1,2,0.0,0.0,0.0,0.0,0.0,0.0,0.0,0.0,0.0,0.0,0.0,0.0,1.0,0.0,1.0,0.0
4,4,2.115103112049792,4.9826363595504715,1,2609.2827124538558,2,2,1,0.35894046188905104,103.08045458920105,1,1,3,0.0,0.0,0.0,0.0,0.0,0.0,1.0,0.0,0.0,0.0,0.0,0.0,1.0,0.0,1.0,0.0
2,1,9.336549889644157,6.0556622869714145,1,1759.4445880352525,3,0,3,4.995969569552136,152.646780993248,0,1,1,1.0,0.0,0.0,0.0,0.0,0.0,0.0,0.0,0.0,0.0,0.0,1.0,1.0,0.0,0.0,0.0
4,1,1.1246288137657112,5.534793795134044,0,767.011150500862,3,0,2,5.646943121224464,187.9312375171191,0,0,2,0.0,0.0,0.0,0.0,1.0,0.0,0.0,0.0,0.0,0.0,0.0,0.0,1.0,1.0,0.0,0.0
3,5,6.416719653126895,6.299319338837531,1,3056.178866941064,4,0,0,9.358762950622452,259.7431800354121,0,1,0,1.0,1.0,0.0,0.0,0.0,0.0,0.0,0.0,0.0,0.0,0.0,1.0,1.0,0.0,0.0,0.0
1,4,9.52726416166123,9.711209798904711,3,1775.3025954417978,3,0,3,6.271458753535163,276.2750497253445,1,0,2,0.0,0.0,0.0,0.0,0.0,0.0,0.0,0.0,0.0,0.0,0.0,1.0,0.0,0.0,1.0,0.0
2,0,4.240478147447151,4.607236764641443,0,2465.8569628577898,4,0,4,3.916766692171922,208.03435206555227,0,1,0,1.0,0.0,0.0,0.0,0.0,0.0,0.0,0.0,0.0,0.0,0.0,0.0,1.0,0.0,0.0,0.0
2,4,5.743882802552163,6.539692651994633,2,3289.6890640708584,3,1,1,5.55891392844816,46.917393922062075,0,0,1,1.0,0.0,0.0,0.0,0.0,0.0,0.0,0.0,0.0,0.0,0.0,1.0,0.0,0.0,0.0,0.0
3,4,7.262052971276437,6.742548229645497,0,2802.2453085974144,0,2,4,9.55359367175243,266.67514309865805,0,0,2,1.0,0.0,0.0,0.0,0.0,0.0,0.0,0.0,0.0,0.0,0.0,1.0,1.0,0.0,1.0,1.0
1,3,3.8545272519241496,5.682052310974976,0,2116.3966135346113,0,3,1,5.771411404685338,61.3546720673963,1,1,1,0.0,0.0,0.0,0.0,0.0,0.0,1.0,0.0,0.0,0.0,0.0,0.0,1.0,0.0,1.0,0.0
1,3,5.298867889365242,5.6710393461254185,2,2135.0667715273726,3,2,1,6.662196130705999,15.956487266256259,0,1,0,0.0,0.0,0.0,0.0,0.0,0.0,0.0,0.0,0.0,0.0,0.0,1.0,0.0,0.0,0.0,0.0
1,0,8.353925652994768,8.288512970495924,2,3048.59311127422,0,3,0,2.075987334211902,131.18134539578824,0,0,0,0.0,0.0,0.0,0.0,0.0,0.0,0.0,0.0,0.0,0.0,0.0,1.0,0.0,0.0,0.0,0.0
1,0,7.708200987522372,7.707063055905897,2,2970.896879272419,0,2,1,0.09162340767775934,205.3914737044241,0,1,3,0.0,0.0,0.0,0.0,0.0,0.0,0.0,0.0,0.0,0.0,0.0,1.0,0.0,0.0,0.0,0.0
0,0,8.276044703435566,8.876992118398919,0,1035.9581963822716,3,1,1,11.156119744146615,44.80930415627715,1,0,0,0.0,0.0,0.0,0.0,1.0,0.0,0.0,0.0,0.0,0.0,0.0,1.0,1.0,1.0,0.0,1.0
0,0,9.886061472648905,6.430439334868313,0,2379.5032445553106,1,2,3,3.2155784793510347,89.80971595961046,1,1,0,0.0,0.0,0.0,0.0,0.0,0.0,0.0,0.0,0.0,0.0,0.0,1.0,1.0,0.0,1.0,0.0
4,5,4.332947274425611,7.6402661618780385,1,3097.146975305334,1,1,0,4.170900119861569,24.017982185124932,1,0,4,0.0,0.0,0.0,0.0,0.0,0.0,1.0,0.0,0.0,0.0,0.0,0.0,1.0,0.0,0.0,0.0
0,3,7.723821366421958,9.361528844095506,0,2909.9222810271885,0,1,2,1.3781588049285207,185.46192106403623,0,1,2,0.0,0.0,0.0,0.0,0.0,0.0,0.0,0.0,0.0,0.0,0.0,0.0,0.0,0.0,1.0,0.0
4,4,6.425061103917846,9.107970830298314,3,874.1480489368784,1,3,1,6.155975658461518,212.47134376175572,0,1,5,0.0,0.0,0.0,0.0,0.0,0.0,0.0,1.0,0.0,0.0,0.0,0.0,0.0,1.0,0.0,0.0
0,1,6.999442904990767,9.520140354999754,1,1807.0784670100304,4,3,0,8.845186157619725,155.9060237337545,0,0,2,0.0,0.0,0.0,0.0,1.0,0.0,0.0,0.0,0.0,0.0,0.0,0.0,0.0,0.0,1.0,1.0
3,5,7.65886514349641,5.61385013516935,2,2054.6993138282082,2,2,4,8.232805021426874,133.3296264590571,0,0,2,1.0,0.0,0.0,0.0,0.0,0.0,0.0,1.0,0.0,0.0,0.0,0.0,0.0,0.0,1.0,0.0
1,1,7.747581852516833,9.912527107192721,0,1273.4286636585102,4,2,2,10.267225377520571,254.31050872304786,1,1,0,0.0,0.0,0.0,0.0,0.0,0.0,0.0,0.0,0.0,0.0,0.0,1.0,0.0,1.0,1.0,1.0
2,5,8.971706343653377,8.8983394928285,2,2538.4981566512447,3,2,1,3.4388411190992345,125.75572509941948,1,1,0,1.0,0.0,0.0,0.0,0.0,0.0,0.0,0.0,1.0,0.0,0.0,1.0,0.0,0.0,1.0,0.0
1,0,4.1438950771244984,8.76884683624782,0,1928.6794776839877,1,3,3,3.775959362868636,132.53089156240102,1,0,5,0.0,0.0,0.0,0.0,0.0,0.0,0.0,0.0,0.0,0.0,0.0,0.0,1.0,0.0,1.0,0.0
2,0,6.881332205007196,8.005471605751955,1,1392.526125958897,0,0,4,11.586882515649341,173.1984293155872,1,0,1,1.0,1.0,0.0,0.0,0.0,0.0,0.0,0.0,0.0,0.0,0.0,1.0,1.0,1.0,0.0,1.0
2,0,3.5226138843717028,9.899607840232392,1,1510.593576902339,4,1,1,5.479197575406737,211.1548271743612,1,0,0,1.0,0.0,0.0,0.0,0.0,0.0,0.0,0.0,0.0,0.0,0.0,0.0,0.0,0.0,0.0,0.0
2,4,6.351118346052776,6.649379368278883,0,3070.0050650199382,4,0,1,10.014164611508297,233.10916455649138,0,0,4,1.0,1.0,0.0,0.0,0.0,0.0,0.0,0.0,0.0,0.0,0.0,0.0,1.0,0.0,0.0,1.0
1,1,7.760576261547351,8.449235828574464,0,3098.5994164527656,0,2,3,7.338024480087863,12.245990681560336,1,1,5,0.0,0.0,0.0,0.0,0.0,0.0,0.0,0.0,0.0,0.0,0.0,1.0,0.0,0.0,1.0,0.0
2,2,8.119009775454764,8.192867727931128,3,2937.126972238513,1,1,2,2.1703776078413215,255.3469729625997,0,1,2,1.0,0.0,0.0,0.0,0.0,1.0,0.0,0.0,0.0,0.0,0.0,1.0,0.0,0.0,1.0,0.0
4,2,4.781120526902105,8.392533438682394,1,3241.6064635488096,3,1,3,11.489257772004143,135.39655316678875,0,0,2,0.0,0.0,0.0,0.0,0.0,0.0,0.0,0.0,0.0,0.0,0.0,1.0,0.0,0.0,0.0,1.0
2,4,5.578482008812238,8.50878888501554,2,3356.9195260443767,4,3,0,3.893313487025295,271.76174013695703,1,0,3,1.0,0.0,0.0,0.0,0.0,0.0,0.0,0.0,0.0,0.0,0.0,0.0,0.0,0.0,0.0,0.0
1,2,4.004648660531556,5.14453534672728,2,1975.4837323397269,4,0,4,7.701498237156015,160.9029618164117,0,0,0,0.0,0.0,0.0,0.0,0.0,0.0,0.0,0.0,0.0,0.0,0.0,0.0,1.0,0.0,0.0,0.0
0,0,2.5213271188566746,6.094308818214413,2,790.1108670490014,1,3,0,3.0541877790826133,142.74993158588646,1,0,1,0.0,0.0,0.0,0.0,1.0,0.0,0.0,0.0,0.0,0.0,0.0,0.0,1.0,1.0,1.0,0.0
1,2,3.3446566467327896,6.353523974955429,2,2900.2130219293663,4,1,1,6.908017323954745,58.61593387019115,1,1,5,0.0,0.0,0.0,0.0,0.0,0.0,1.0,0.0,0.0,0.0,0.0,0.0,1.0,0.0,0.0,0.0
0,1,9.20923304409842,8.487998883879772,3,2400.295785219885,3,0,3,6.493374752648815,140.88123746028512,1,1,4,0.0,0.0,0.0,0.0,0.0,0.0,0.0,0.0,0.0,0.0,0.0,1.0,0.0,0.0,0.0,0.0
0,4,3.7807258816838436,8.297487854315825,2,1641.5515706888048,2,0,2,3.1324587036505047,147.87889880962152,1,1,0,0.0,0.0,0.0,0.0,0.0,0.0,1.0,0.0,0.0,0.0,0.0,0.0,0.0,0.0,0.0,0.0
4,4,9.772834001910491,9.000197231414315,1,3426.5994578716613,1,2,1,11.865250612343665,268.34348601418105,0,1,3,0.0,0.0,0.0,0.0,0.0,0.0,1.0,0.0,0.0,0.0,0.0,1.0,0.0,0.0,1.0,1.0
0,0,3.1733027669384355,8.731114947342016,1,1516.0556081109094,4,3,4,1.688202237350167,266.1258521816295,0,0,5,0.0,0.0,0.0,0.0,1.0,0.0,0.0,0.0,0.0,0.0,0.0,0.0,0.0,0.0,1.0,0.0
2,4,7.507639787329403,7.576203276336464,3,3222.901935998306,4,3,1,5.316150507149259,145.9243999976706,0,0,1,1.0,0.0,0.0,0.0,0.0,0.0,0.0,0.0,0.0,0.0,0.0,0.0,0.0,0.0,0.0,0.0
4,0,6.165129642146521,4.839690918924655,1,2277.753344175926,4,0,3,0.3765298585870913,260.2702093378808,1,1,1,0.0,0.0,0.0,0.0,0.0,0.0,1.0,0.0,0.0,0.0,0.0,0.0,1.0,0.0,0.0,0.0
4,3,7.271830445723188,7.8127315553941905,2,609.9259522276541,2,3,2,8.192670933096508,256.31722069805176,0,1,5,0.0,0.0,0.0,0.0,1.0,0.0,0.0,0.0,0.0,0.0,0.0,0.0,0.0,1.0,1.0,1.0
0,2,6.795621519482629,9.322355701824875,3,3081.005324240444,1,0,2,5.54524308723515,284.51552220037865,1,1,5,0.0,0.0,0.0,0.0,0.0,0.0,0.0,0.0,0.0,0.0,0.0,0.0,0.0,0.0,0.0,0.0
0,1,7.360737252378303,7.859046180338387,0,2786.635925765903,4,1,3,6.721110710324584,108.4809941853363,0,0,3,0.0,0.0,0.0,0.0,0.0,0.0,0.0,0.0,0.0,0.0,0.0,0.0,1.0,0.0,0.0,0.0
1,2,9.149923435919131,9.37375857146645,0,2427.462638988176,1,0,1,8.382086401664658,63.66844027596029,0,0,2,0.0,0.0,0.0,0.0,0.0,0.0,0.0,0.0,0.0,0.0,0.0,1.0,0.0,0.0,0.0,0.0
2,1,6.071225464562333,9.994318108821396,0,2343.7614202309146,3,1,1,9.168104893286273,283.1773465026395,1,1,1,1.0,0.0,0.0,0.0,0.0,0.0,1.0,0.0,0.0,0.0,0.0,1.0,0.0,0.0,0.0,0.0
4,4,1.6106390461359568,6.155213398141198,0,1156.5064779677089,2,1,3,11.589932294499175,175.4584042155629,1,1,0,0.0,0.0,0.0,0.0,1.0,0.0,1.0,0.0,0.0,0.0,1.0,0.0,1.0,0.0,0.0,1.0
1,5,3.437428910022096,8.339738166087105,2,1143.4583875980343,2,3,0,10.367953381906062,139.99727993717295,0,1,3,0.0,0.0,0.0,0.0,0.0,0.0,0.0,0.0,0.0,0.0,0.0,0.0,0.0,1.0,0.0,1.0
0,4,7.373970823678874,7.239751795603032,2,587.5172851903784,1,1,2,3.8856563488542784,123.43748690767795,0,0,0,0.0,0.0,0.0,0.0,1.0,0.0,0.0,0.0,0.0,0.0,0.0,0.0,0.0,1.0,1.0,0.0
1,2,5.4466716517810605,6.729830804248993,1,962.4123891610731,1,1,1,8.727176798664496,25.42562369346314,0,1,2,0.0,0.0,0.0,0.0,0.0,0.0,0.0,0.0,0.0,0.0,0.0,1.0,0.0,1.0,0.0,1.0
4,3,5.9369678435771815,5.439202472154767,0,1509.4437928895086,3,1,2,0.9115730778891455,61.22833912595682,1,1,5,0.0,0.0,0.0,0.0,0.0,0.0,1.0,0.0,0.0,0.0,0.0,0.0,1.0,0.0,0.0,0.0
0,2,6.369224098422623,5.4754875759755866,2,2122.17468902549,1,1,2,1.634482288056598,87.47479594077117,0,0,5,0.0,0.0,0.0,0.0,0.0,0.0,0.0,0.0,0.0,0.0,0.0,0.0,0.0,0.0,1.0,0.0
1,4,4.443663456861129,5.109833720559826,0,892.4256724931661,3,2,2,5.515351405718448,165.3950747102622,0,0,2,0.0,0.0,0.0,0.0,0.0,0.0,0.0,0.0,0.0,0.0,0.0,0.0,1.0,1.0,1.0,0.0
0,3,7.965059725790697,7.788901038993648,2,2172.716540820104,4,0,4,5.515494529454263,155.01350748847742,0,0,1,0.0,0.0,0.0,0.0,0.0,0.0,0.0,0.0,0.0,0.0,0.0,1.0,0.0,0.0,0.0,0.0
0,2,7.511813955068937,4.852318579858618,3,1289.9603636353859,0,1,4,6.06900783428187,162.85992656476782,1,0,5,0.0,0.0,0.0,0.0,1.0,0.0,0.0,0.0,0.0,0.0,0.0,0.0,0.0,0.0,1.0,0.0
4,2,7.428694709738025,6.588318818902304,1,1261.8833748270858,4,2,0,5.702364102567735,22.938449800722825,1,1,5,0.0,0.0,0.0,0.0,0.0,0.0,1.0,0.0,0.0,0.0,0.0,1.0,1.0,1.0,0.0,0.0
0,2,7.437791566314502,7.139999435633165,1,3343.832622219138,0,3,3,7.69654415027739,2.931958564518844,1,0,3,0.0,0.0,0.0,0.0,0.0,0.0,0.0,0.0,0.0,0.0,0.0,0.0,0.0,0.0,1.0,0.0
1,3,9.01322201488823,6.629406863133819,2,3477.033631515402,0,0,1,11.452145367582972,138.94559049321003,1,1,4,0.0,0.0,0.0,0.0,0.0,0.0,1.0,0.0,0.0,0.0,0.0,1.0,0.0,0.0,1.0,0.0
4,4,6.35853501498947,9.1295770808435,0,2934.315789802782,4,1,3,2.072269566166664,58.044759567793655,0,1,2,0.0,0.0,0.0,0.0,0.0,0.0,0.0,0.0,0.0,0.0,0.0,0.0,0.0,0.0,0.0,0.0
3,2,9.703649795472625,6.659016158763162,2,663.1759422002051,1,2,2,4.289549530893936,267.50404030085684,1,1,4,1.0,0.0,0.0,0.0,0.0,0.0,0.0,0.0,0.0,0.0,0.0,1.0,1.0,1.0,1.0,0.0
0,4,2.072734159515741,4.496992557785815,1,2685.8951316311854,3,3,4,0.8911857191199726,129.27377096450155,1,1,3,0.0,0.0,0.0,0.0,0.0,0.0,0.0,0.0,0.0,0.0,0.0,0.0,1.0,0.0,1.0,0.0
2,4,6.687630789344779,9.953197247035884,1,1035.277195394953,0,3,4,2.399798333109073,105.59769965169282,0,0,1,1.0,1.0,0.0,0.0,0.0,0.0,0.0,1.0,0.0,0.0,0.0,1.0,0.0,0.0,1.0,0.0
4,2,7.452338913422159,9.069901546361276,0,2207.663941162671,0,3,0,11.847661196352579,163.20165975279969,0,0,0,0.0,0.0,0.0,0.0,0.0,0.0,0.0,0.0,0.0,0.0,0.0,0.0,0.0,0.0,1.0,1.0
2,5,5.294983698589236,7.960260912435999,3,3181.140887627265,1,2,0,0.47468059435192256,188.58055551540238,1,0,0,1.0,0.0,0.0,0.0,0.0,0.0,0.0,0.0,0.0,0.0,0.0,0.0,0.0,0.0,0.0,0.0
2,1,3.5938754781124285,8.537941724851645,1,1640.5868952324402,2,0,0,2.564133877614918,24.59020882017924,0,0,4,1.0,0.0,0.0,0.0,0.0,0.0,0.0,0.0,0.0,0.0,0.0,0.0,0.0,0.0,0.0,0.0
2,5,5.950337074399892,4.769144198529064,0,3286.5250552016987,1,3,3,5.118051824782162,222.40145757551556,1,1,5,1.0,1.0,0.0,0.0,0.0,0.0,0.0,1.0,0.0,0.0,0.0,0.0,1.0,0.0,1.0,0.0
3,1,4.282729122616324,8.595488764619049,3,2625.116652017938,1,2,1,3.512032167269489,41.27366204132067,1,0,3,1.0,0.0,0.0,0.0,0.0,0.0,0.0,0.0,0.0,0.0,0.0,0.0,0.0,0.0,0.0,0.0
0,3,9.182116639610348,5.246493650272571,3,1403.035440073002,4,3,3,6.542678367723497,116.019795457684,1,0,3,0.0,0.0,0.0,0.0,1.0,0.0,0.0,0.0,0.0,0.0,0.0,1.0,1.0,0.0,0.0,0.0
4,1,4.211131712799294,6.933856777443855,2,784.7515966383198,0,3,1,11.88535896805336,107.06028607224023,1,0,5,0.0,0.0,0.0,0.0,1.0,0.0,1.0,0.0,0.0,0.0,0.0,0.0,1.0,1.0,1.0,1.0
4,2,2.581362934319162,5.067896735945702,0,2946.0538543050716,0,3,1,8.44719933296947,170.74855622316153,0,1,5,0.0,0.0,0.0,0.0,0.0,0.0,0.0,0.0,0.0,0.0,0.0,0.0,1.0,0.0,1.0,0.0
0,2,6.187502261489076,8.52270978599315,3,1874.178225478986,0,1,3,4.8703241373550465,206.84031320116455,0,0,4,0.0,0.0,0.0,0.0,0.0,0.0,0.0,0.0,0.0,0.0,0.0,1.0,0.0,0.0,0.0,0.0
4,4,4.563933322423324,5.4756032830746815,0,718.0804644799024,4,2,3,8.195240867403331,240.24553080086454,0,0,3,0.0,0.0,0.0,0.0,0.0,0.0,0.0,0.0,0.0,0.0,0.0,0.0,1.0,1.0,0.0,0.0
4,0,1.8630833032075693,5.519250510950156,0,809.3670714051561,2,2,2,10.467079423906455,158.14365936554398,0,0,2,0.0,0.0,0.0,0.0,0.0,0.0,0.0,0.0,0.0,0.0,0.0,0.0,1.0,1.0,0.0,1.0
3,5,6.0835811589811755,4.655334096041795,2,3400.8841456864398,4,3,2,2.7480336645428984,46.6175420409885,1,1,3,1.0,0.0,0.0,0.0,0.0,0.0,0.0,0.0,0.0,0.0,0.0,1.0,1.0,0.0,0.0,0.0
1,5,5.840617700491313,8.323638741783231,1,1229.0058634866984,4,0,3,8.603153464714792,208.78613644050682,1,1,4,0.0,0.0,0.0,0.0,0.0,0.0,1.0,0.0,0.0,0.0,0.0,0.0,0.0,0.0,0.0,1.0
2,3,2.5587737796987557,5.775067784685267,0,3399.7735335721386,1,2,0,7.367403982388741,143.6398545070307,1,0,5,1.0,0.0,0.0,0.0,0.0,0.0,0.0,0.0,0.0,0.0,0.0,0.0,1.0,0.0,1.0,0.0
4,3,6.3787435206385865,7.109680079211804,2,2543.4787390937117,3,2,2,8.805843514527872,176.67999743335378,1,1,3,0.0,0.0,0.0,0.0,0.0,0.0,1.0,0.0,0.0,0.0,0.0,1.0,0.0,0.0,0.0,1.0
0,4,6.1062307647174014,5.9934613442022355,1,1401.4733054860076,2,0,1,1.0099218298650903,133.1122340973522,0,0,4,0.0,0.0,0.0,0.0,1.0,0.0,0.0,0.0,0.0,0.0,0.0,1.0,1.0,0.0,0.0,0.0
4,1,7.962513607374318,8.6482075529334,3,1651.1836227304364,2,1,0,8.79529929404767,124.888197136061,1,1,0,0.0,0.0,0.0,0.0,0.0,0.0,1.0,0.0,0.0,0.0,0.0,0.0,0.0,0.0,0.0,0.0
4,4,4.254129368583709,5.358901938964007,0,2831.1153323240037,2,3,1,9.45630933326361,210.40766972362871,1,1,2,0.0,0.0,0.0,0.0,0.0,0.0,1.0,0.0,0.0,0.0,0.0,0.0,1.0,0.0,0.0,0.0
3,1,3.2388357129727536,9.645007000278351,3,1806.2449367761874,3,0,0,8.24678618906592,157.2325724607887,1,0,1,1.0,0.0,0.0,0.0,0.0,0.0,0.0,0.0,0.0,0.0,0.0,0.0,0.0,0.0,0.0,0.0
1,4,9.56097898273698,5.928039849338246,2,724.2523329928588,1,2,1,2.3668863233412862,260.3392517632874,1,1,4,0.0,0.0,0.0,0.0,0.0,0.0,0.0,0.0,0.0,0.0,0.0,1.0,1.0,1.0,0.0,0.0
2,1,6.050957705045093,4.623109727744504,0,1189.4423887090609,0,2,0,1.9361330945882012,223.03379185996462,1,1,1,1.0,1.0,0.0,0.0,0.0,0.0,0.0,0.0,0.0,0.0,0.0,0.0,1.0,1.0,0.0,0.0
0,4,1.2442596299576227,5.441831396889595,2,3081.034918991673,3,3,3,8.860519869486158,142.89354692321692,1,0,1,0.0,0.0,0.0,0.0,0.0,0.0,0.0,0.0,0.0,0.0,0.0,0.0,0.0,0.0,1.0,0.0
4,4,8.38640515700569,4.443645574403051,3,2588.5224109344595,4,1,1,7.772500832457191,64.26249597882847,0,0,3,0.0,0.0,0.0,0.0,0.0,0.0,0.0,0.0,0.0,0.0,0.0,1.0,1.0,0.0,0.0,0.0
1,1,2.770822548270467,6.812432385954549,0,2003.0483335242986,2,1,3,11.803625769183318,5.272386394183847,0,1,3,0.0,0.0,0.0,0.0,0.0,0.0,0.0,0.0,0.0,0.0,0.0,0.0,1.0,0.0,0.0,1.0
0,3,8.07432685881259,5.501507324340814,3,1236.48700584685,0,0,3,5.456943817576983,61.61995068019237,1,0,2,0.0,0.0,0.0,0.0,1.0,0.0,0.0,0.0,0.0,0.0,0.0,1.0,0.0,0.0,1.0,0.0
3,2,7.346461844403683,9.316276266669258,1,1923.7718452699908,0,1,4,2.7517975835158426,84.38098856217262,1,0,1,1.0,1.0,0.0,0.0,0.0,0.0,0.0,0.0,0.0,0.0,0.0,0.0,0.0,0.0,1.0,0.0
3,1,9.719323518368416,7.102771721320878,3,2866.547173332544,2,3,0,9.236664912651193,35.43396012142927,0,1,5,1.0,0.0,0.0,0.0,0.0,1.0,0.0,0.0,0.0,0.0,0.0,1.0,0.0,0.0,1.0,1.0
3,3,9.690213714350737,5.400210692375718,0,744.6295914265155,4,3,2,8.982303487685689,200.72731095057063,1,1,5,1.0,1.0,0.0,0.0,0.0,1.0,1.0,0.0,0.0,0.0,0.0,1.0,1.0,1.0,0.0,0.0
0,5,3.4696956219018396,6.707621979429648,2,3484.3034562056655,3,1,2,6.272437394726579,97.8233159749709,0,0,0,0.0,0.0,0.0,0.0,0.0,0.0,0.0,0.0,0.0,0.0,0.0,0.0,1.0,0.0,0.0,0.0
3,0,7.898046231010766,5.175965632842546,3,3079.2876315768062,1,2,1,8.952589863235644,9.073675589522146,0,0,5,1.0,1.0,0.0,0.0,0.0,0.0,0.0,0.0,0.0,0.0,0.0,1.0,0.0,0.0,0.0,0.0
3,5,3.8516957720193155,5.072376255549511,1,1453.897348544688,3,3,4,3.7271090414087316,131.0632296612194,1,0,4,1.0,0.0,0.0,0.0,0.0,0.0,0.0,1.0,0.0,0.0,0.0,0.0,1.0,0.0,1.0,0.0
3,5,6.662781449466348,5.8039388208006635,0,3111.7301416466503,0,1,0,2.5886439359332516,235.2941536851997,1,1,5,1.0,1.0,0.0,0.0,0.0,0.0,1.0,0.0,0.0,0.0,0.0,0.0,1.0,0.0,1.0,0.0
4,3,6.379714764591339,4.64980878861368,1,2545.143589709889,2,1,1,1.5131440819363244,101.92435575788015,1,1,2,0.0,0.0,0.0,0.0,0.0,0.0,1.0,0.0,0.0,0.0,0.0,1.0,1.0,0.0,0.0,0.0
1,3,1.490891640590482,5.131885221465344,2,2499.063281297987,4,3,3,3.4857349783710108,270.69950155306213,0,1,2,0.0,0.0,0.0,0.0,0.0,0.0,0.0,0.0,0.0,0.0,0.0,0.0,1.0,0.0,1.0,0.0
1,2,1.0466357485182183,9.628281237972532,2,919.1293068326897,3,3,1,7.854798439036646,255.83802105575234,0,0,3,0.0,0.0,0.0,0.0,0.0,0.0,0.0,0.0,0.0,0.0,0.0,0.0,0.0,0.0,0.0,1.0
4,0,1.5198761313532856,8.000815808184772,1,3217.6839221154164,0,2,0,3.101161922589047,266.81350747429,0,0,4,0.0,0.0,0.0,0.0,0.0,0.0,0.0,0.0,0.0,0.0,0.0,0.0,1.0,0.0,0.0,0.0
2,3,2.15147842778567,9.526615980743594,3,1851.0253907641256,1,0,0,10.601267007874217,200.3369711559936,1,0,5,1.0,0.0,0.0,0.0,0.0,0.0,0.0,0.0,0.0,0.0,0.0,0.0,0.0,0.0,0.0,1.0
2,4,3.3188724221299633,5.541081648806703,2,2909.6832750194494,0,0,1,2.9971574293833845,241.97859468554833,1,0,1,1.0,0.0,0.0,0.0,0.0,0.0,0.0,0.0,0.0,0.0,0.0,0.0,1.0,0.0,0.0,0.0
1,1,9.162597009183061,9.142080014805543,2,1398.5713710782284,2,0,1,8.213373186450301,116.69253205377116,1,0,5,0.0,0.0,0.0,0.0,0.0,0.0,0.0,0.0,0.0,0.0,0.0,0.0,0.0,0.0,0.0,0.0
3,4,5.667694078120177,6.173636841123903,3,1424.0109968074937,1,2,3,6.330776230776806,207.9657092047308,0,1,2,1.0,0.0,0.0,0.0,0.0,0.0,0.0,0.0,0.0,0.0,0.0,0.0,0.0,0.0,1.0,0.0
3,4,8.172025649567098,4.865169886734914,3,3394.0675399457364,4,0,0,2.53856529963698,67.17018929251482,0,0,3,1.0,0.0,0.0,0.0,0.0,0.0,0.0,0.0,0.0,0.0,0.0,1.0,1.0,0.0,0.0,0.0
0,4,8.544805768964872,8.828242600025181,1,1989.979773990299,1,0,3,6.674364323718153,61.41562683965278,0,0,4,0.0,0.0,0.0,0.0,0.0,0.0,0.0,0.0,0.0,0.0,0.0,1.0,0.0,0.0,1.0,0.0
2,2,7.614487887314871,4.357900791176501,1,679.6721401490067,0,2,1,11.456797371042057,283.0845042692929,0,1,3,1.0,1.0,0.0,0.0,0.0,0.0,0.0,0.0,0.0,0.0,0.0,1.0,1.0,1.0,0.0,1.0
4,2,4.522466119785148,6.429117033609797,2,3007.1199410961503,2,1,0,11.330130390813386,164.64512355559924,1,0,0,0.0,0.0,0.0,0.0,0.0,0.0,1.0,0.0,0.0,0.0,0.0,0.0,0.0,0.0,0.0,1.0
1,2,8.774734544568844,8.91588801106986,2,1181.690067049216,3,2,0,3.4991286230232466,21.50326949371053,0,1,5,0.0,0.0,0.0,0.0,0.0,0.0,0.0,0.0,0.0,0.0,0.0,1.0,0.0,0.0,0.0,0.0
1,5,7.678447779888286,7.703109552679056,1,3136.2612584270755,3,0,3,6.437862570948587,59.19030641795335,1,1,0,0.0,0.0,0.0,0.0,0.0,0.0,0.0,0.0,0.0,0.0,0.0,1.0,1.0,0.0,0.0,0.0
4,5,7.688362990645472,7.1083941723981585,2,3249.3196339214737,4,0,3,1.810270960933984,138.40182643883412,0,0,3,0.0,0.0,0.0,0.0,0.0,0.0,0.0,0.0,0.0,0.0,0.0,1.0,0.0,0.0,0.0,0.0
0,2,9.114168944490123,6.121803529021484,2,718.2980397140094,1,0,0,5.628427836050396,253.76776638184893,1,0,3,0.0,0.0,0.0,0.0,1.0,0.0,0.0,0.0,0.0,0.0,0.0,1.0,1.0,1.0,0.0,0.0
1,5,6.387971252119153,4.450334982328121,3,2247.287682723155,2,2,1,3.857938945838668,268.78595279536603,0,0,1,0.0,0.0,0.0,0.0,0.0,0.0,0.0,0.0,0.0,0.0,0.0,0.0,1.0,0.0,0.0,0.0
2,3,5.75716986965959,9.945831916215393,1,3444.572316730539,2,3,3,11.153797708629925,34.03732001288385,0,1,4,1.0,0.0,0.0,0.0,0.0,0.0,0.0,0.0,0.0,0.0,0.0,0.0,0.0,0.0,1.0,1.0
3,2,9.011463018373679,5.048642360350291,3,3292.7588439375954,0,3,4,7.59217956513198,18.608580568843138,0,1,3,1.0,1.0,0.0,0.0,0.0,0.0,0.0,0.0,0.0,0.0,0.0,0.0,1.0,0.0,1.0,0.0
0,0,5.090155553477771,5.531850849856263,0,2075.7298581727,0,0,3,2.219129180142024,36.50645578346888,1,1,2,0.0,0.0,0.0,0.0,0.0,0.0,1.0,0.0,0.0,0.0,0.0,0.0,1.0,0.0,1.0,0.0
2,3,8.304136264259586,5.415494574967706,3,2541.479585807707,3,2,3,11.908068560267575,201.41855777634967,0,1,0,1.0,1.0,0.0,0.0,0.0,1.0,0.0,0.0,0.0,0.0,0.0,1.0,1.0,0.0,0.0,1.0
0,3,1.4846172440032697,9.447648440114218,0,2312.786105477224,1,3,3,8.330105581232402,159.84885561606475,0,0,4,0.0,0.0,0.0,0.0,0.0,0.0,0.0,0.0,0.0,0.0,0.0,0.0,0.0,0.0,1.0,0.0
3,5,1.0116095001068992,8.582130356341182,3,1109.7600387191087,3,0,1,1.6161052499633226,221.36733538079434,0,0,0,1.0,0.0,0.0,0.0,0.0,0.0,0.0,0.0,0.0,0.0,0.0,0.0,0.0,1.0,0.0,0.0
3,4,5.754632406439211,6.74397879663602,0,2458.9927235647137,4,2,0,9.594620313960702,178.00795429573716,0,0,5,1.0,0.0,0.0,0.0,0.0,0.0,0.0,0.0,0.0,0.0,0.0,0.0,0.0,0.0,0.0,1.0
2,0,1.662507044347422,9.732538203711155,3,1499.4235505024396,1,1,2,6.690700671995836,28.76558956333618,0,1,0,1.0,0.0,0.0,0.0,0.0,0.0,0.0,0.0,0.0,0.0,0.0,0.0,0.0,1.0,0.0,0.0
1,3,9.788887121077572,4.31670028471865,3,1513.9157875874748,3,0,2,4.803135155730916,77.28958905517155,0,1,0,0.0,0.0,0.0,0.0,0.0,0.0,0.0,0.0,0.0,0.0,0.0,1.0,1.0,0.0,0.0,0.0
0,4,1.049510566358189,9.362022287329912,3,1759.964482821565,1,3,4,2.3558066239326108,99.46545774202662,1,0,1,0.0,0.0,0.0,0.0,1.0,0.0,0.0,0.0,0.0,0.0,0.0,0.0,0.0,0.0,1.0,0.0
4,2,7.463346728487817,4.362564014128955,3,3056.5306500131574,3,3,1,3.3351323858499176,212.30893222847254,1,0,4,0.0,0.0,0.0,0.0,0.0,0.0,1.0,0.0,0.0,0.0,0.0,0.0,1.0,0.0,1.0,0.0
3,2,3.190462262075986,6.346784175607382,1,1215.0374772857226,0,2,4,2.0070924019153034,179.05560518717513,0,0,5,1.0,0.0,0.0,0.0,0.0,0.0,0.0,0.0,0.0,0.0,0.0,0.0,1.0,1.0,1.0,0.0
1,4,9.707968047448507,4.324029270258938,0,1252.3750002363006,1,0,2,9.64025994799234,284.04707010354656,1,1,3,0.0,0.0,0.0,0.0,0.0,0.0,1.0,0.0,0.0,0.0,1.0,1.0,1.0,0.0,0.0,1.0
2,3,4.433874855651065,9.993813950546112,3,522.0197408196565,2,1,2,3.275699863280143,43.65680449234913,0,0,4,1.0,0.0,0.0,0.0,0.0,0.0,0.0,0.0,0.0,0.0,0.0,0.0,0.0,1.0,1.0,0.0
3,4,1.2455508363747865,9.48633701500361,2,965.0206067568087,2,2,4,5.639542463489336,281.58789608638887,0,0,2,1.0,0.0,0.0,0.0,0.0,0.0,0.0,0.0,0.0,0.0,0.0,0.0,0.0,1.0,1.0,0.0
3,2,1.2424218886790446,7.508793731477387,3,3436.0378622148096,0,3,2,11.614971704937634,66.04512566402987,0,1,5,1.0,0.0,0.0,0.0,0.0,0.0,0.0,0.0,0.0,0.0,0.0,0.0,0.0,0.0,1.0,0.0
2,1,5.980360345522198,5.307067443989473,2,1801.6098365194275,4,3,0,11.934686525584965,103.04010259118053,1,0,0,1.0,1.0,0.0,0.0,0.0,0.0,0.0,0.0,0.0,0.0,0.0,1.0,1.0,0.0,0.0,1.0
1,3,9.88040781128153,5.660666351184815,2,1085.4940769425352,0,2,1,9.495217439026954,10.37377467326468,1,0,3,0.0,0.0,0.0,0.0,0.0,0.0,0.0,0.0,0.0,0.0,0.0,1.0,1.0,0.0,1.0,0.0
3,5,9.817961815411474,6.697260196342722,1,3397.045432270828,4,3,2,9.58692756687035,88.95821481856811,1,1,2,1.0,1.0,0.0,0.0,0.0,1.0,0.0,0.0,1.0,0.0,0.0,1.0,1.0,0.0,1.0,0.0
3,3,4.035456750603392,5.936681094954075,1,581.3536041108275,1,2,1,11.33816286966627,59.912015161597985,1,1,2,1.0,0.0,0.0,0.0,0.0,0.0,1.0,0.0,0.0,0.0,0.0,0.0,1.0,1.0,1.0,0.0
2,4,5.344332842700073,4.127883432609645,1,1952.4991599201894,3,1,0,9.561874941751014,65.17534826020419,0,0,4,1.0,0.0,0.0,0.0,0.0,0.0,0.0,0.0,0.0,0.0,0.0,1.0,1.0,0.0,0.0,0.0
0,0,1.904102252180345,7.937536048702808,2,2913.8064068825483,3,0,1,5.411415815090746,171.66115041973114,0,1,4,0.0,0.0,0.0,0.0,0.0,0.0,0.0,0.0,0.0,0.0,0.0,0.0,0.0,0.0,0.0,0.0
2,5,5.699591703925585,7.680567424559808,2,2818.475613840915,2,3,2,0.7237308758725289,234.23616057980016,1,0,3,1.0,0.0,0.0,0.0,0.0,0.0,0.0,0.0,0.0,0.0,0.0,0.0,0.0,0.0,0.0,0.0
3,1,6.397314391434458,9.425864219313045,0,1067.6517964874583,2,2,0,2.500438839089185,223.4871936042514,1,0,5,1.0,1.0,0.0,0.0,0.0,0.0,0.0,0.0,0.0,0.0,0.0,0.0,0.0,0.0,0.0,0.0
4,5,3.2595549905018895,6.861124240632702,0,2623.3690201332943,0,3,2,5.334591215499305,248.74433342479782,1,1,1,0.0,0.0,0.0,0.0,0.0,0.0,1.0,0.0,0.0,0.0,0.0,0.0,1.0,0.0,1.0,0.0
2,2,6.5090299232365645,6.068253770790327,0,2366.8658259375497,4,2,3,3.1849219799312647,219.40078991202108,0,1,0,1.0,0.0,0.0,0.0,0.0,0.0,0.0,0.0,0.0,0.0,0.0,0.0,1.0,0.0,1.0,0.0
1,5,9.097234765266284,7.069103097506602,2,2525.8286484478003,0,1,2,3.9501917303043164,292.9516768395751,1,0,1,0.0,0.0,0.0,0.0,0.0,0.0,0.0,0.0,0.0,0.0,0.0,1.0,0.0,0.0,1.0,0.0
2,5,1.008598000811325,5.168169945375038,2,1298.3144468832102,3,2,3,0.7071692133226546,5.54201475530035,1,0,0,1.0,0.0,0.0,0.0,0.0,0.0,0.0,0.0,0.0,0.0,0.0,0.0,1.0,0.0,0.0,0.0
0,4,3.0604039687715003,7.753242110948719,0,2932.2031640953574,0,2,3,6.625545472068392,296.36882509968285,0,0,5,0.0,0.0,0.0,0.0,0.0,0.0,0.0,0.0,0.0,0.0,0.0,0.0,0.0,0.0,1.0,0.0
0,5,2.889276069915443,8.620197296740969,2,2177.712527926204,3,3,2,4.218959694114924,122.94859368144225,1,1,3,0.0,0.0,0.0,0.0,0.0,0.0,0.0,1.0,0.0,0.0,0.0,0.0,0.0,0.0,1.0,0.0
3,3,2.114975827304443,4.920770280254153,0,2675.2341425160043,1,1,4,3.1060836853010705,143.34124729199095,1,0,2,1.0,0.0,0.0,0.0,0.0,0.0,0.0,0.0,0.0,0.0,0.0,0.0,1.0,0.0,1.0,0.0
4,5,2.494910914633917,5.910299305811975,3,3318.7205296590932,2,1,3,7.324477339656591,173.20500771985303,1,1,2,0.0,0.0,0.0,0.0,0.0,0.0,1.0,0.0,0.0,0.0,0.0,0.0,1.0,0.0,1.0,0.0
4,1,6.633212908288489,9.206805876198391,2,3066.4918186715854,0,1,4,3.3213263591346815,2.556981052751628,0,0,0,0.0,0.0,0.0,0.0,0.0,0.0,0.0,0.0,0.0,0.0,0.0,0.0,0.0,0.0,1.0,0.0
2,0,1.9242495113557836,7.033190491802931,2,2847.0124115808203,1,0,3,5.715158664526713,54.51299494389771,1,1,3,1.0,0.0,0.0,0.0,0.0,0.0,0.0,0.0,0.0,0.0,0.0,0.0,1.0,0.0,0.0,0.0
0,3,7.646784481186495,7.19101988006528,2,1368.9462482937884,2,1,4,2.9568260559075963,133.7911766637067,1,0,5,0.0,0.0,0.0,0.0,1.0,0.0,0.0,0.0,0.0,0.0,0.0,1.0,0.0,0.0,0.0,0.0
4,4,8.98320331502545,8.33444918232011,1,662.2493379743524,3,1,2,8.166169936243223,230.85519772175923,1,0,0,0.0,0.0,0.0,0.0,0.0,0.0,1.0,1.0,0.0,1.0,0.0,1.0,0.0,1.0,0.0,0.0
2,4,9.339289517605321,7.4673568913279595,3,2223.9333889682493,2,0,0,10.249835153865535,261.02642717025645,0,0,1,1.0,0.0,0.0,0.0,0.0,0.0,0.0,0.0,0.0,0.0,0.0,1.0,0.0,0.0,0.0,1.0
1,3,6.941582328877308,4.417478608442915,2,603.5391596581737,1,3,0,0.9805271173544865,44.32007407491785,0,1,4,0.0,0.0,0.0,0.0,0.0,0.0,0.0,0.0,0.0,0.0,0.0,1.0,1.0,1.0,0.0,0.0
4,3,2.776567695702544,8.823770271178216,0,2642.5693226561366,2,2,4,9.838203666599156,78.89596718248737,0,1,4,0.0,0.0,0.0,0.0,0.0,0.0,1.0,0.0,0.0,0.0,0.0,0.0,0.0,0.0,1.0,0.0
3,3,1.7676691798591708,9.537016223490806,3,2710.4650138888123,1,0,3,10.220377972772477,182.211115876187,0,0,1,1.0,0.0,0.0,0.0,0.0,0.0,0.0,0.0,0.0,0.0,0.0,0.0,0.0,0.0,1.0,1.0
3,5,3.0882245842629965,4.319663397944874,2,2188.7337837159816,2,0,1,11.579133498747987,108.29491550513445,1,0,0,1.0,0.0,0.0,0.0,0.0,0.0,0.0,0.0,0.0,0.0,0.0,0.0,1.0,0.0,0.0,1.0
1,5,9.657614672065383,4.727498538745306,1,1004.4557376240286,2,2,2,9.934055015893865,89.37393717476543,0,1,4,0.0,0.0,0.0,1.0,0.0,0.0,0.0,1.0,1.0,0.0,0.0,1.0,1.0,0.0,0.0,0.0
4,0,9.661106815756408,8.211851213244882,3,3127.1643037051294,1,0,0,6.628689923412329,114.99626606139988,0,0,1,0.0,0.0,0.0,0.0,0.0,0.0,0.0,0.0,0.0,0.0,0.0,1.0,0.0,0.0,0.0,0.0
2,3,4.437269955265078,7.626843595087153,0,2287.763696014316,1,0,4,0.8430489970146846,210.4787353523663,1,0,4,1.0,0.0,0.0,0.0,0.0,0.0,0.0,0.0,0.0,0.0,0.0,0.0,0.0,0.0,1.0,0.0
2,2,3.9321238698779553,6.295101993830475,2,2044.6758502223295,2,1,2,0.8933849726715093,59.58002523393361,1,1,2,1.0,0.0,0.0,0.0,0.0,0.0,1.0,0.0,0.0,0.0,0.0,0.0,0.0,0.0,1.0,0.0
3,4,5.590095240331588,7.235491893642228,2,2202.775278626164,2,3,1,2.3604092322254453,18.57180201053328,1,0,5,1.0,0.0,0.0,0.0,0.0,0.0,0.0,0.0,0.0,0.0,0.0,1.0,0.0,0.0,1.0,0.0
3,3,3.625192823206606,8.220031408006353,3,748.6612604408926,4,0,1,5.365196604988583,1.0370698607031215,1,1,5,1.0,0.0,0.0,0.0,0.0,0.0,0.0,0.0,0.0,0.0,0.0,0.0,0.0,1.0,0.0,0.0
0,5,9.81696206490007,7.026858771285576,2,2721.311164216779,2,2,0,11.465275657882358,158.00097524505014,1,0,0,0.0,0.0,0.0,0.0,0.0,0.0,0.0,0.0,0.0,0.0,1.0,1.0,0.0,0.0,0.0,0.0
1,2,2.9909925102211967,4.841129947813895,3,682.326751667132,2,2,3,2.1042438103482706,75.0052111869256,0,0,4,0.0,0.0,0.0,0.0,0.0,0.0,0.0,0.0,0.0,0.0,0.0,0.0,1.0,1.0,1.0,0.0
1,4,4.322284139644918,4.536616174799741,1,2235.1644755477246,2,1,1,6.465567898064783,168.49159190435864,1,0,4,0.0,0.0,0.0,0.0,0.0,0.0,0.0,0.0,0.0,0.0,0.0,0.0,1.0,0.0,0.0,0.0
4,0,4.864337881301605,6.63315241113029,3,1007.7712612113633,4,2,0,11.976850618917991,264.2974558138815,1,1,1,0.0,0.0,0.0,0.0,1.0,0.0,1.0,0.0,0.0,0.0,0.0,0.0,0.0,0.0,0.0,1.0
3,5,2.125576207730459,9.537308547093001,0,1123.1058168990016,1,2,4,0.16533497024552313,88.09738749975445,0,0,5,1.0,0.0,0.0,0.0,0.0,0.0,0.0,1.0,0.0,0.0,0.0,0.0,0.0,1.0,1.0,0.0
1,0,4.445423440931169,7.346675048250963,3,1199.762752123518,1,0,2,0.5637868525726124,55.07113879018968,0,1,4,0.0,0.0,0.0,0.0,0.0,0.0,0.0,0.0,0.0,0.0,0.0,0.0,0.0,1.0,0.0,0.0
3,2,8.71057648091776,6.149320414107095,3,542.9169154653761,1,3,0,3.2389487790934854,0.4725921476387507,0,1,1,1.0,0.0,0.0,0.0,0.0,1.0,0.0,0.0,0.0,0.0,0.0,1.0,0.0,1.0,1.0,0.0
3,5,2.2632490131108263,9.452237017126212,2,3175.5164933410315,3,0,1,2.7017788400857907,294.4058769872057,1,1,4,1.0,0.0,0.0,0.0,0.0,0.0,1.0,0.0,0.0,0.0,0.0,0.0,0.0,0.0,0.0,0.0
1,5,6.256197557435685,6.331792937073629,0,2912.705814469572,3,1,2,5.983217075653565,155.04801415842246,0,0,4,0.0,0.0,0.0,0.0,0.0,0.0,0.0,0.0,0.0,0.0,0.0,0.0,1.0,0.0,1.0,0.0
2,2,4.659734242540151,7.054878885606251,1,593.8593429992966,2,0,1,5.0454240291043595,240.6283406543347,0,1,3,1.0,0.0,0.0,0.0,0.0,0.0,0.0,0.0,0.0,0.0,0.0,0.0,1.0,1.0,0.0,0.0
4,2,2.5348305350570928,4.698995983772328,0,670.9582639984004,1,2,4,7.003720630957499,257.42983842122845,1,0,5,0.0,0.0,0.0,0.0,0.0,0.0,1.0,0.0,0.0,0.0,0.0,0.0,1.0,1.0,1.0,0.0
2,0,1.1110254800428523,8.424405673116286,3,2848.6305424300836,3,2,4,1.7649290160291748,298.5643449554042,0,1,3,1.0,0.0,0.0,0.0,0.0,0.0,0.0,0.0,0.0,0.0,0.0,0.0,0.0,0.0,1.0,0.0
0,5,3.460089731409102,8.201817742862293,1,520.4098627091032,1,0,4,8.230112148459593,257.88988781519305,0,1,1,0.0,0.0,0.0,0.0,1.0,0.0,0.0,1.0,0.0,0.0,0.0,0.0,0.0,1.0,0.0,0.0
3,0,1.5564606462820172,8.765463957155974,3,1906.9967411244445,4,1,2,2.576324503912464,88.21763627079707,1,1,3,1.0,0.0,0.0,0.0,0.0,0.0,1.0,0.0,0.0,0.0,0.0,0.0,0.0,0.0,0.0,0.0
2,0,4.390916241670617,5.95114788056658,3,821.891762882924,3,3,4,5.423902598647519,169.30998320536446,0,1,2,1.0,0.0,0.0,0.0,0.0,0.0,0.0,0.0,0.0,0.0,0.0,0.0,1.0,1.0,1.0,0.0
2,2,8.291888701294111,6.616319314397151,0,2274.896681055675,2,2,1,0.4002015412861093,288.82065380410063,1,0,1,1.0,1.0,0.0,0.0,0.0,0.0,0.0,0.0,0.0,0.0,0.0,1.0,1.0,0.0,1.0,0.0
3,0,7.4771673478985115,5.01005026916319,3,3495.0212536532217,1,1,2,9.574326885434074,190.01340751346788,1,1,3,1.0,0.0,0.0,0.0,0.0,0.0,0.0,0.0,0.0,0.0,0.0,1.0,0.0,0.0,1.0,0.0
4,0,9.526453405315902,9.787029256578997,1,1016.0645466244448,3,2,3,7.525284130913139,230.71912947568111,0,1,4,0.0,0.0,0.0,0.0,0.0,0.0,0.0,0.0,0.0,0.0,0.0,1.0,0.0,0.0,0.0,0.0
1,3,4.843138756033623,4.516464084447296,0,3370.0515420781862,3,2,2,2.505272496443772,271.9985577492787,1,0,5,0.0,0.0,0.0,0.0,0.0,0.0,0.0,0.0,0.0,0.0,0.0,0.0,1.0,0.0,1.0,0.0
2,4,7.370212587326675,7.894079822048844,1,3096.4356318078353,4,1,4,7.221018584009757,184.09590138427993,0,0,4,1.0,0.0,0.0,0.0,0.0,0.0,0.0,0.0,0.0,0.0,0.0,1.0,1.0,0.0,0.0,0.0
0,1,6.988075498918183,8.231544367391116,2,3457.5649044313436,3,0,0,5.244088870681994,207.7399667654013,0,0,2,0.0,0.0,0.0,0.0,0.0,0.0,0.0,0.0,0.0,0.0,0.0,0.0,0.0,0.0,0.0,0.0
3,4,2.9534167284243362,4.946418841905878,3,2798.5659008075554,3,0,2,9.915213033972316,176.48209880567055,1,1,5,1.0,0.0,0.0,0.0,0.0,0.0,1.0,0.0,0.0,0.0,0.0,0.0,1.0,0.0,0.0,0.0
2,3,3.7322425470939264,6.191939234982939,2,3070.982754359375,0,3,4,11.804645472341985,101.59125326041428,1,0,5,1.0,0.0,0.0,0.0,0.0,0.0,0.0,0.0,0.0,0.0,0.0,0.0,0.0,0.0,1.0,1.0
1,1,5.768465800579842,4.2587594005749,0,2283.792918725978,0,1,0,1.4942453880820654,74.63855515057537,0,1,4,0.0,0.0,0.0,0.0,0.0,0.0,0.0,0.0,0.0,0.0,0.0,1.0,1.0,0.0,0.0,0.0
3,4,8.169915871053297,7.339649545519846,1,3101.8522435235373,3,3,1,5.881279335559666,190.06029138065873,1,1,4,1.0,1.0,0.0,0.0,0.0,1.0,0.0,0.0,0.0,0.0,0.0,0.0,0.0,0.0,1.0,0.0
2,3,5.156314610166393,9.969628856941744,1,834.5367676382377,0,1,4,3.096275881090358,294.3371243759324,1,0,4,1.0,0.0,0.0,0.0,0.0,0.0,0.0,0.0,0.0,0.0,0.0,0.0,0.0,1.0,1.0,0.0
2,4,3.0496738255797453,6.5793097409329535,2,2724.9629131052766,4,2,3,8.996186035123525,274.8412468510771,0,0,2,1.0,0.0,0.0,0.0,0.0,0.0,0.0,0.0,0.0,0.0,0.0,0.0,1.0,0.0,0.0,1.0
2,0,9.941191212523329,9.94004932223762,2,2386.1707610034728,4,1,1,0.4135599294937373,62.95778242682311,0,0,4,1.0,0.0,0.0,0.0,0.0,1.0,0.0,0.0,0.0,0.0,0.0,1.0,0.0,0.0,0.0,0.0
1,1,2.040209257183016,4.757352542853775,0,679.5394482135943,2,2,1,6.534900832432054,252.82713376116297,1,1,2,0.0,0.0,0.0,0.0,0.0,0.0,0.0,0.0,0.0,0.0,0.0,0.0,1.0,1.0,0.0,1.0
0,1,9.60300016742195,6.354726059606774,0,1374.7711140459535,3,3,1,10.285142855159862,6.332312648763294,0,1,5,0.0,0.0,0.0,0.0,1.0,0.0,0.0,0.0,0.0,0.0,0.0,1.0,0.0,0.0,0.0,1.0
4,2,8.281416595874399,9.411789820290831,0,1148.3204011175594,2,3,3,4.671436030836492,176.83465082623007,1,1,5,0.0,0.0,0.0,0.0,0.0,0.0,1.0,0.0,0.0,0.0,0.0,1.0,0.0,0.0,1.0,0.0
0,5,8.550041673770666,9.260172889944833,3,1715.5263523965514,4,0,0,10.054763235036997,279.10083706000813,0,1,3,0.0,0.0,0.0,0.0,1.0,0.0,0.0,0.0,0.0,0.0,0.0,1.0,0.0,0.0,0.0,1.0
1,4,8.154258247823496,5.941549467218705,2,1095.0600245711944,0,2,1,1.7626849975918306,287.8006283964975,1,1,4,0.0,0.0,0.0,0.0,0.0,0.0,1.0,0.0,0.0,0.0,0.0,1.0,1.0,1.0,1.0,0.0
3,3,2.8735384717415977,8.07166350260999,1,1324.4889324559554,1,1,0,11.019908008404157,180.9173738947051,0,1,4,1.0,0.0,0.0,0.0,0.0,0.0,0.0,0.0,0.0,0.0,0.0,0.0,0.0,0.0,0.0,0.0
0,3,6.693241396557176,9.316961029346745,3,1388.0904057285381,3,0,3,9.497429234370705,189.24428168877589,1,1,3,0.0,0.0,0.0,0.0,1.0,0.0,0.0,0.0,0.0,0.0,0.0,1.0,0.0,1.0,0.0,0.0
3,5,7.810748312058386,8.601264796919367,0,2299.432685373591,3,3,4,4.69318179911551,116.97197253103559,1,1,4,1.0,1.0,0.0,0.0,0.0,0.0,1.0,1.0,0.0,0.0,0.0,1.0,1.0,0.0,1.0,0.0
3,2,7.711172128914863,7.7708571815975045,0,904.6212802104099,1,3,0,1.5675332476348824,217.09153438533193,1,1,4,1.0,1.0,0.0,0.0,0.0,0.0,0.0,0.0,0.0,0.0,0.0,1.0,1.0,1.0,1.0,0.0
3,1,3.444088334896698,4.915453687360135,1,1223.303704166324,4,3,4,6.245072238289876,73.71257936854036,1,0,1,1.0,0.0,0.0,0.0,0.0,0.0,0.0,0.0,0.0,0.0,0.0,0.0,1.0,1.0,1.0,0.0
1,0,2.6300744898731327,4.438016155423381,0,1451.4441829402965,2,3,4,8.045115378858247,10.161356584294644,0,0,0,0.0,0.0,0.0,0.0,0.0,0.0,0.0,0.0,0.0,0.0,0.0,0.0,1.0,0.0,1.0,0.0
0,1,3.953106855230943,7.687733078899366,3,1847.2038148282181,4,1,2,1.5471184889640273,250.5911580327655,0,1,3,0.0,0.0,0.0,0.0,1.0,0.0,0.0,0.0,0.0,0.0,0.0,0.0,0.0,0.0,0.0,0.0
4,3,5.318600323396526,7.0016539941346485,3,614.2658984899492,1,2,0,11.198091992186523,18.108668927895334,0,1,0,0.0,0.0,0.0,0.0,1.0,0.0,1.0,0.0,0.0,0.0,0.0,1.0,0.0,1.0,1.0,1.0
1,2,6.164026723573089,5.428219958388906,2,3497.6343562182838,3,2,3,9.152420838187115,199.41233154363545,0,1,4,0.0,0.0,0.0,0.0,0.0,0.0,0.0,0.0,0.0,0.0,0.0,0.0,1.0,0.0,1.0,1.0
4,2,8.532553260872444,5.756618769754148,3,1401.1760076560763,1,2,2,11.419576110988114,131.0792626532117,1,0,4,0.0,0.0,0.0,0.0,0.0,0.0,1.0,0.0,0.0,1.0,0.0,1.0,1.0,0.0,1.0,0.0
0,2,7.921308049341544,6.35252306320846,1,1362.034582206838,0,0,4,3.5909204260931964,12.977077205781452,0,0,0,0.0,0.0,0.0,0.0,1.0,0.0,0.0,0.0,0.0,0.0,0.0,1.0,0.0,1.0,1.0,0.0
0,5,7.085354730998645,6.973125112735033,0,2164.611759773563,3,3,1,5.201163100203035,47.944755333733134,0,1,1,0.0,0.0,0.0,0.0,0.0,0.0,0.0,0.0,0.0,0.0,0.0,1.0,0.0,0.0,1.0,0.0
3,5,3.371403636484845,6.341553814530475,1,3062.0965379663485,3,3,2,2.88131105102118,30.215726308245983,1,0,3,1.0,0.0,0.0,0.0,0.0,0.0,0.0,0.0,0.0,0.0,0.0,0.0,1.0,0.0,1.0,0.0
4,0,5.30992449041449,6.323750032515799,0,1870.428104182392,1,3,4,3.285401874156593,64.3216148942766,1,0,4,0.0,0.0,0.0,0.0,0.0,0.0,1.0,0.0,0.0,1.0,0.0,0.0,1.0,0.0,1.0,0.0
4,0,4.01892286715165,4.694396867868118,3,1246.5176025192377,3,2,3,1.7434403493715518,190.5830857135396,1,1,0,0.0,0.0,0.0,0.0,1.0,0.0,1.0,0.0,0.0,0.0,0.0,0.0,1.0,0.0,0.0,0.0
3,1,3.114353615954807,9.193542509532058,2,2197.6265095860626,4,1,3,1.502831795956041,171.18636200089227,1,1,3,1.0,0.0,0.0,0.0,0.0,0.0,1.0,0.0,0.0,0.0,0.0,0.0,0.0,0.0,0.0,0.0
1,5,1.092208243451315,7.654924490668566,3,1948.8276500771892,1,1,4,8.049413270989907,129.8808070569414,0,1,1,0.0,0.0,0.0,0.0,0.0,0.0,0.0,0.0,0.0,0.0,0.0,0.0,0.0,0.0,1.0,0.0
4,2,4.055157735136215,4.876613107612071,1,1769.2244810668874,2,2,2,1.8833199356096948,252.9160451143739,0,0,2,0.0,0.0,0.0,0.0,0.0,0.0,0.0,0.0,0.0,0.0,0.0,0.0,1.0,0.0,1.0,0.0
3,5,3.3050464094315934,6.543246417267614,2,3451.64885235267,1,1,0,1.6012214502958697,225.9233747229371,1,1,2,1.0,0.0,0.0,0.0,0.0,0.0,0.0,0.0,0.0,0.0,0.0,0.0,1.0,0.0,0.0,0.0
0,3,6.14712094270135,6.500295472177273,1,3487.8507934056947,2,3,4,6.415028700068612,204.8121046303951,1,0,1,0.0,0.0,0.0,0.0,0.0,0.0,0.0,0.0,0.0,0.0,0.0,1.0,1.0,0.0,1.0,0.0
0,3,1.5607159325534097,7.603725270934737,1,2185.8314853727816,4,1,0,8.447976927358043,179.65917049791284,1,0,1,0.0,0.0,0.0,0.0,0.0,0.0,0.0,0.0,0.0,0.0,0.0,0.0,1.0,0.0,0.0,0.0
4,1,3.4346763703918097,7.6532177070959895,2,704.0117812154327,3,1,2,9.336461562900068,208.83294366159953,1,0,2,0.0,0.0,0.0,0.0,1.0,0.0,1.0,0.0,0.0,0.0,0.0,0.0,0.0,1.0,1.0,1.0
1,2,1.402925409895738,7.871332821878575,3,2200.7527414486794,0,2,3,6.962868461650544,67.97816227331302,1,1,4,0.0,0.0,0.0,0.0,0.0,0.0,0.0,0.0,0.0,0.0,0.0,0.0,0.0,0.0,1.0,0.0
3,0,6.772761140620925,8.187418344062845,2,3357.416445148656,3,1,3,2.4187369813155426,77.94651695671504,0,1,1,1.0,0.0,0.0,0.0,0.0,0.0,0.0,0.0,0.0,0.0,0.0,1.0,0.0,0.0,1.0,0.0
0,3,6.113706027117623,4.620124276774098,2,3277.077592084056,2,0,3,6.878761306287965,89.43459231187678,1,0,3,0.0,0.0,0.0,0.0,0.0,0.0,0.0,0.0,0.0,0.0,0.0,0.0,1.0,0.0,0.0,0.0
1,1,4.037320207670259,5.829533203436872,2,1146.502548293968,0,2,2,7.509568044304144,222.31881804839085,1,1,2,0.0,0.0,0.0,0.0,0.0,0.0,0.0,0.0,0.0,0.0,0.0,0.0,0.0,0.0,1.0,0.0
1,1,2.3260114039198942,4.104086915036034,1,1070.3584460908532,3,2,0,3.097169137103439,129.6824053551291,0,0,1,0.0,0.0,0.0,0.0,0.0,0.0,0.0,0.0,0.0,0.0,0.0,0.0,1.0,1.0,0.0,0.0
1,0,9.621278494918617,6.7278490724822975,3,956.7675650347097,1,1,0,1.7338236578898094,287.85114483538786,0,1,0,0.0,0.0,0.0,0.0,0.0,0.0,0.0,0.0,0.0,0.0,0.0,1.0,0.0,1.0,0.0,0.0
3,4,6.259532026497521,6.576580466981724,3,2959.3530482370425,4,0,1,11.107808430618483,12.060559675452653,0,1,0,1.0,0.0,0.0,0.0,0.0,0.0,0.0,0.0,0.0,0.0,0.0,1.0,0.0,0.0,0.0,0.0
4,5,7.112020299148611,8.405961581076873,1,1970.1651709684204,4,1,4,1.1513659705257946,114.95003931240969,1,1,2,0.0,0.0,0.0,0.0,0.0,0.0,1.0,0.0,0.0,0.0,0.0,0.0,0.0,0.0,0.0,0.0
4,2,5.7821387794250665,5.002701679647167,3,1514.139711977737,3,3,3,3.3261768931713642,46.41804848418217,1,1,1,0.0,0.0,0.0,0.0,0.0,0.0,1.0,0.0,0.0,0.0,0.0,1.0,0.0,0.0,1.0,0.0
3,3,8.258799228815846,7.7889667427530656,1,1474.421506519101,3,3,2,2.7773795646971653,244.89620571149476,1,1,4,1.0,1.0,0.0,0.0,0.0,0.0,1.0,0.0,0.0,0.0,0.0,1.0,0.0,0.0,0.0,0.0
1,5,9.067420445933092,5.840165187580913,2,1326.2397288631637,1,0,2,10.703811790051724,143.8826273098043,0,1,3,0.0,0.0,0.0,0.0,0.0,0.0,0.0,0.0,0.0,0.0,0.0,1.0,0.0,0.0,0.0,0.0
4,3,4.444394892378668,6.291498848858195,2,3147.8593223432244,0,1,1,6.0235120706249,186.005083521245,0,0,0,0.0,0.0,0.0,0.0,0.0,0.0,0.0,0.0,0.0,0.0,0.0,0.0,1.0,0.0,0.0,0.0
2,3,7.210227810075495,8.315721174228724,3,1729.0396782413154,0,3,4,11.478953592994994,179.38488070443043,0,0,4,1.0,0.0,0.0,0.0,0.0,0.0,0.0,0.0,0.0,0.0,0.0,0.0,0.0,0.0,1.0,0.0
2,2,3.0689873609175726,4.429288291441452,3,1232.0532069256428,2,1,2,9.938630796745736,23.719861122192633,1,1,2,1.0,0.0,0.0,0.0,0.0,0.0,1.0,0.0,0.0,0.0,0.0,0.0,1.0,1.0,1.0,0.0
3,3,6.866695424458346,6.056697333586975,1,2631.214418195835,1,1,4,9.058453682932596,235.12145481540466,1,1,3,1.0,1.0,0.0,0.0,0.0,0.0,0.0,0.0,0.0,0.0,0.0,0.0,1.0,0.0,0.0,1.0
3,3,4.592400669788974,6.347939380837911,2,2406.363670675395,4,2,0,2.1213538821378717,246.59303623156538,0,0,0,1.0,0.0,0.0,0.0,0.0,0.0,0.0,0.0,0.0,0.0,0.0,0.0,1.0,0.0,0.0,0.0
4,4,1.0610343946117446,8.294495871110012,2,2646.0966637822858,1,1,2,4.132245172000447,182.23178868041825,1,1,0,0.0,0.0,0.0,0.0,0.0,0.0,1.0,0.0,0.0,0.0,0.0,0.0,0.0,0.0,0.0,0.0
2,3,9.599750815803587,5.195346490424204,3,2965.868343589595,1,3,3,9.843244604273115,84.28420302300718,1,0,0,1.0,1.0,0.0,0.0,0.0,0.0,0.0,0.0,0.0,0.0,0.0,1.0,1.0,0.0,1.0,1.0
3,3,8.81597390984847,9.684477962142779,0,803.7011437067581,4,1,3,11.802369384795906,217.22754763587807,1,0,2,1.0,1.0,0.0,0.0,0.0,0.0,0.0,0.0,0.0,0.0,0.0,1.0,0.0,1.0,0.0,1.0
3,0,3.6175289531142556,9.98657171676495,2,505.9662243504341,4,1,0,10.53504950133221,210.19973652774576,0,0,5,1.0,0.0,0.0,0.0,0.0,0.0,0.0,0.0,0.0,0.0,0.0,0.0,0.0,1.0,0.0,1.0
1,5,9.979815828095745,8.913460844920332,2,651.6987234684625,1,2,3,11.38094598856962,273.7616719813661,1,1,5,0.0,0.0,1.0,0.0,0.0,0.0,1.0,1.0,0.0,0.0,1.0,1.0,0.0,1.0,1.0,1.0
1,5,3.8541490710088073,5.798275008781169,1,2620.3797774464356,0,2,4,7.702197324369275,35.20006148717177,0,0,4,0.0,0.0,0.0,0.0,0.0,0.0,0.0,0.0,0.0,0.0,0.0,0.0,1.0,0.0,1.0,0.0
3,1,5.129597678131673,7.983199924437128,1,3303.48962074914,0,1,0,5.793807172055845,272.9411154035103,0,1,5,1.0,0.0,0.0,0.0,0.0,0.0,0.0,0.0,0.0,0.0,0.0,0.0,1.0,0.0,0.0,0.0
0,1,8.661331235569754,4.498888190187598,2,1493.3161460491006,2,1,1,6.176658376940911,266.12161039541377,1,0,4,0.0,0.0,0.0,0.0,0.0,0.0,0.0,0.0,0.0,0.0,0.0,1.0,1.0,0.0,0.0,0.0
1,5,3.741367161952368,9.227675894239063,1,2843.5824991833306,4,1,2,5.501901645499061,89.25822123397916,1,0,4,0.0,0.0,0.0,0.0,0.0,0.0,0.0,0.0,0.0,0.0,0.0,0.0,0.0,0.0,1.0,0.0
3,1,5.054862559487501,7.095957227561643,0,2687.553532606008,1,0,1,1.858444416896897,214.8593298732965,1,0,2,1.0,0.0,0.0,0.0,0.0,0.0,0.0,0.0,0.0,0.0,0.0,0.0,0.0,0.0,0.0,0.0
4,4,6.990284504109299,5.058634997918714,3,3434.1847378577595,0,0,2,3.669145015084022,79.11244689740774,1,1,1,0.0,0.0,0.0,0.0,0.0,0.0,1.0,0.0,0.0,0.0,0.0,1.0,1.0,0.0,0.0,0.0
2,4,2.174207992951854,5.964499357370215,1,1912.3792444691057,1,3,4,1.0844890726134575,70.52874624315861,1,1,3,1.0,0.0,0.0,0.0,0.0,0.0,0.0,0.0,0.0,0.0,0.0,0.0,1.0,0.0,1.0,0.0
1,5,4.8011533182254595,8.80445646692785,0,998.2189018606817,0,1,4,1.062721944845351,192.4604807991625,0,1,0,0.0,0.0,0.0,0.0,0.0,0.0,0.0,0.0,0.0,0.0,0.0,0.0,0.0,1.0,1.0,0.0
2,0,3.7846894362546384,9.221360604562278,0,2795.694201763227,2,1,3,3.742013936501418,15.01000027060142,1,1,1,1.0,0.0,0.0,0.0,0.0,0.0,0.0,0.0,0.0,0.0,0.0,0.0,0.0,0.0,0.0,0.0
3,2,7.090968752783362,7.118280321606541,3,2956.456592064318,2,3,4,7.993510200380415,28.943177372744156,0,0,2,1.0,0.0,0.0,0.0,0.0,0.0,0.0,0.0,0.0,0.0,0.0,1.0,0.0,0.0,1.0,0.0
2,3,2.223724510543346,6.881869001864039,1,2621.9002271147456,3,3,4,7.364520804216191,198.04308689569146,1,1,3,1.0,0.0,0.0,0.0,0.0,0.0,0.0,0.0,0.0,0.0,0.0,0.0,0.0,0.0,1.0,0.0
0,5,3.0945833119084365,8.504408479319556,1,3089.5450198393373,0,0,0,6.713556751140172,285.56075732266777,1,1,2,0.0,0.0,0.0,0.0,0.0,0.0,0.0,0.0,0.0,0.0,0.0,0.0,0.0,0.0,0.0,0.0
2,1,7.402385833772345,8.95713773511133,1,1613.5477499597134,2,1,1,8.987187311733484,10.211633229979034,0,1,4,1.0,1.0,0.0,0.0,0.0,0.0,0.0,0.0,0.0,0.0,0.0,0.0,0.0,0.0,0.0,0.0
2,1,2.406019327517033,8.589080874374924,0,2570.945009670647,0,3,4,5.072299183737087,6.875532084602753,0,0,4,1.0,0.0,0.0,0.0,0.0,0.0,0.0,0.0,0.0,0.0,0.0,0.0,0.0,0.0,1.0,0.0
3,1,4.798173360159008,6.306568301405246,2,1291.545917489186,2,1,2,5.3052225929078825,22.431506342338924,1,1,1,1.0,0.0,0.0,0.0,0.0,0.0,1.0,0.0,0.0,0.0,0.0,0.0,1.0,1.0,0.0,0.0
4,4,7.415926498833569,7.851554569655916,0,1839.3204378195128,4,3,3,6.216220874064897,0.4993362895168052,0,0,0,0.0,0.0,0.0,0.0,0.0,0.0,0.0,0.0,0.0,0.0,0.0,1.0,1.0,0.0,0.0,0.0
4,5,7.889215459870048,9.144159449625565,3,1227.4765074668546,3,2,2,0.7990864835954743,278.49373652909355,1,0,1,0.0,0.0,0.0,0.0,0.0,0.0,1.0,1.0,0.0,0.0,0.0,0.0,0.0,1.0,1.0,0.0
3,0,1.8539306080450162,4.910563804284518,1,963.6010179444353,4,2,0,6.980305483422464,142.21258765455343,0,0,5,1.0,0.0,0.0,0.0,0.0,0.0,0.0,0.0,0.0,0.0,0.0,0.0,1.0,0.0,0.0,0.0
1,1,8.667960484775303,6.328820110689779,0,607.8597440059661,0,2,2,9.00287241463004,207.63406438196915,0,1,1,0.0,0.0,0.0,0.0,0.0,0.0,0.0,0.0,0.0,0.0,0.0,0.0,0.0,1.0,1.0,0.0
2,1,7.515750710169697,4.339713303251588,1,2514.2727745770017,3,0,1,3.1637085491515027,124.91606384993668,1,1,4,1.0,0.0,0.0,0.0,0.0,0.0,1.0,0.0,0.0,0.0,0.0,1.0,1.0,0.0,0.0,0.0
0,5,4.053651298239824,6.453263714124399,0,3125.8192648322492,4,3,3,10.257766542736853,299.17350345781205,0,1,4,0.0,0.0,0.0,0.0,0.0,0.0,0.0,0.0,0.0,0.0,1.0,0.0,1.0,0.0,0.0,1.0
4,2,7.8742256709721605,8.633692503511893,1,1443.2583029338052,3,2,4,3.19459637446304,143.97941586386136,1,0,5,0.0,0.0,0.0,0.0,0.0,0.0,1.0,0.0,0.0,1.0,0.0,1.0,0.0,0.0,1.0,0.0
4,1,7.554689788065931,5.182170660553525,0,1787.7061503431814,3,0,0,6.158562004363359,281.7797659176951,0,0,5,0.0,0.0,0.0,0.0,0.0,0.0,0.0,0.0,0.0,0.0,0.0,1.0,1.0,0.0,0.0,0.0
4,1,6.40802103857547,7.251322906746302,2,510.6408449077205,0,3,1,10.493691975816763,194.88313533004487,1,1,5,0.0,0.0,0.0,0.0,0.0,0.0,1.0,0.0,0.0,0.0,0.0,0.0,1.0,1.0,1.0,0.0
1,3,6.0263305606526,4.219514400530963,3,1738.5643175943467,3,1,1,8.857542802659601,284.3214562293568,0,0,1,0.0,0.0,0.0,0.0,0.0,0.0,0.0,0.0,0.0,0.0,0.0,1.0,1.0,0.0,0.0,1.0
1,2,7.612331400096269,9.38589994438995,1,1343.9663452462532,4,1,3,6.913529142474374,148.54252744005075,0,0,2,0.0,0.0,0.0,0.0,0.0,0.0,0.0,0.0,0.0,0.0,0.0,1.0,0.0,1.0,1.0,0.0
4,0,9.993339115349091,8.920028169402709,0,2222.600090373804,1,2,1,7.472777011566827,263.66402833020436,1,0,2,0.0,0.0,0.0,0.0,0.0,0.0,1.0,0.0,0.0,1.0,0.0,1.0,0.0,0.0,0.0,0.0
2,4,6.206970243842968,7.146455150722396,0,3225.5515485531864,2,1,2,1.3066385367817417,100.16601811675613,0,0,3,1.0,1.0,0.0,0.0,0.0,0.0,0.0,0.0,0.0,0.0,0.0,1.0,0.0,0.0,1.0,0.0
3,2,8.27846084586023,8.234721975831699,3,2018.4577073645376,2,0,4,8.391856056205295,198.35951293618143,0,1,0,1.0,0.0,0.0,0.0,0.0,0.0,0.0,0.0,0.0,0.0,0.0,1.0,0.0,0.0,0.0,1.0
2,1,7.698463455840246,4.623496989213153,1,2526.597979708585,0,1,2,7.343109329273339,185.15543815658623,1,1,5,1.0,0.0,0.0,0.0,0.0,0.0,0.0,0.0,0.0,0.0,0.0,0.0,1.0,0.0,0.0,0.0
2,4,8.70227561830443,9.071256978384223,1,2616.44851941686,0,2,0,1.014410986217953,146.0508464196382,0,0,3,1.0,1.0,0.0,0.0,0.0,0.0,0.0,0.0,0.0,0.0,0.0,1.0,0.0,0.0,0.0,0.0
3,4,9.590723752457246,8.291569186430628,0,957.2957365242395,1,1,2,1.4917061238137963,150.44478062623313,0,0,1,1.0,1.0,0.0,0.0,0.0,0.0,0.0,0.0,0.0,0.0,0.0,1.0,0.0,0.0,0.0,0.0
4,0,2.737748867147337,4.719804380350483,2,1539.7118234354784,0,2,4,11.652065884000052,51.036339181615176,0,0,0,0.0,0.0,0.0,0.0,0.0,0.0,0.0,0.0,0.0,0.0,0.0,0.0,1.0,0.0,1.0,1.0
1,0,2.4891367275560468,9.884135710712666,0,839.4366537949877,2,0,2,2.1373379559625194,271.80813405028357,1,0,0,0.0,0.0,0.0,0.0,0.0,0.0,0.0,0.0,0.0,0.0,0.0,0.0,0.0,1.0,0.0,0.0
4,0,6.277166455734108,4.1351826652386805,3,1822.239811365771,0,1,4,10.749276328758663,136.26294305619186,0,1,2,0.0,0.0,0.0,0.0,0.0,0.0,1.0,0.0,0.0,0.0,0.0,1.0,1.0,0.0,1.0,0.0
1,4,5.04365556597854,7.771065175556641,0,3161.8570448292307,0,0,4,3.310006578777638,45.4407451051975,1,0,1,0.0,0.0,0.0,0.0,0.0,0.0,0.0,0.0,0.0,0.0,0.0,0.0,1.0,0.0,0.0,0.0
2,3,6.136504236272523,5.0305299804449,0,1942.803052212241,3,0,1,4.753457504310553,211.29855162132603,0,0,0,1.0,0.0,0.0,0.0,0.0,0.0,0.0,0.0,0.0,0.0,0.0,0.0,1.0,0.0,0.0,0.0
4,4,8.182384610369578,8.315545895317221,2,1868.4589496567792,1,2,2,6.665871487584727,218.14832945863282,1,0,2,0.0,0.0,0.0,0.0,0.0,0.0,1.0,0.0,0.0,0.0,0.0,1.0,0.0,0.0,1.0,0.0
4,3,9.385430320443218,4.422437523812674,1,1127.9706373857548,1,0,0,7.510419302244992,13.535164163144087,1,1,0,0.0,0.0,0.0,0.0,1.0,0.0,1.0,0.0,0.0,0.0,0.0,1.0,1.0,1.0,0.0,0.0
4,2,4.756742426787023,4.486605297058697,2,1430.6518402611675,1,1,0,5.973349111053372,99.84606564569485,0,0,3,0.0,0.0,0.0,0.0,0.0,0.0,0.0,0.0,0.0,0.0,0.0,0.0,1.0,0.0,0.0,0.0
1,3,7.46139380989262,6.797750443378794,0,3309.798717604725,2,3,1,4.181252100028377,175.2782032019934,0,1,2,0.0,0.0,0.0,0.0,0.0,0.0,0.0,0.0,0.0,0.0,0.0,1.0,1.0,0.0,1.0,0.0
4,4,2.7711926905726845,9.964056792411478,3,1408.9859727861249,2,0,2,5.984248604576503,246.47477058610076,0,1,1,0.0,0.0,0.0,0.0,0.0,0.0,1.0,0.0,0.0,0.0,0.0,0.0,0.0,0.0,0.0,0.0
4,2,5.810967544190712,5.659097438623907,1,2694.159756650048,0,0,1,8.408248290538491,93.18155146296876,0,0,2,0.0,0.0,0.0,0.0,0.0,0.0,0.0,0.0,0.0,0.0,0.0,1.0,1.0,0.0,0.0,1.0
4,5,1.1962430000246793,7.675168964539136,3,626.4249947434274,0,3,3,4.757796924723497,89.89648523129208,1,0,2,0.0,0.0,0.0,0.0,0.0,0.0,1.0,1.0,0.0,0.0,0.0,0.0,0.0,1.0,1.0,0.0
0,5,5.533755104197873,7.111594446245412,3,884.9418802834937,2,1,0,6.542951206791956,220.97038964698433,0,1,5,0.0,0.0,0.0,0.0,0.0,0.0,0.0,0.0,0.0,0.0,0.0,1.0,0.0,1.0,0.0,0.0
3,4,5.908028132129499,9.052717657902626,2,1434.4337489146947,2,1,2,4.5500790077497975,65.76132174251795,1,0,3,1.0,1.0,0.0,0.0,0.0,0.0,0.0,0.0,0.0,0.0,0.0,0.0,0.0,1.0,0.0,0.0
4,5,7.619008022004982,5.7315376462309615,1,3204.262584080676,3,2,4,3.9591212554877475,268.7996096189294,0,1,1,0.0,0.0,0.0,0.0,0.0,0.0,1.0,0.0,0.0,1.0,0.0,0.0,1.0,0.0,1.0,0.0
3,2,6.845363111862925,7.329666284268917,1,1157.874964637157,0,0,3,3.585823256165823,237.12466549496796,0,0,4,1.0,1.0,0.0,0.0,0.0,0.0,0.0,0.0,0.0,0.0,0.0,1.0,0.0,1.0,0.0,0.0
1,0,4.225570608752214,9.703741090631084,2,2680.233830255024,0,1,1,2.687447846703647,267.91659306558233,0,0,1,0.0,0.0,0.0,0.0,0.0,0.0,0.0,0.0,0.0,0.0,0.0,0.0,0.0,0.0,0.0,0.0
3,2,1.0515781064180918,5.995514850016345,0,1002.5734006990701,2,0,1,9.129240667756365,106.12371565838245,1,1,1,1.0,0.0,0.0,0.0,0.0,0.0,1.0,0.0,0.0,0.0,0.0,0.0,1.0,1.0,0.0,0.0
0,4,2.03937286260654,6.636433487861086,0,2338.526138354425,4,3,4,11.80675774646698,49.72078027695011,1,0,4,0.0,0.0,1.0,0.0,0.0,0.0,0.0,0.0,0.0,0.0,0.0,0.0,1.0,0.0,1.0,0.0
2,4,9.757545881657071,9.332879887022028,2,2260.4846922538436,1,1,2,0.3479258017237905,175.5173245157557,1,1,4,1.0,1.0,0.0,0.0,0.0,0.0,1.0,0.0,0.0,0.0,0.0,1.0,0.0,0.0,0.0,0.0
3,2,9.300998424837752,5.994993143406747,0,2365.8437034190174,0,2,4,2.352753475965846,56.99068992205218,0,0,0,1.0,1.0,0.0,0.0,0.0,0.0,0.0,0.0,0.0,0.0,0.0,1.0,1.0,0.0,1.0,0.0
2,1,3.925838467730308,6.284042587802893,1,1358.8295649875913,2,2,4,11.570997669357164,79.83394789673783,0,1,5,1.0,0.0,0.0,0.0,0.0,0.0,0.0,0.0,0.0,0.0,0.0,0.0,1.0,1.0,1.0,0.0
3,2,3.3296764593149892,5.82471285326619,2,986.3089908577488,2,1,2,4.101302399550807,120.17028078520457,1,0,3,1.0,0.0,0.0,0.0,0.0,0.0,0.0,0.0,0.0,0.0,0.0,0.0,1.0,1.0,0.0,0.0
1,4,4.927746643210337,8.857188251950436,1,3159.4572474111446,3,0,2,4.66769434181629,138.81854326211612,1,1,2,0.0,0.0,0.0,0.0,0.0,0.0,1.0,0.0,0.0,0.0,0.0,0.0,0.0,0.0,0.0,0.0
3,0,7.209460266508655,9.582321822626678,3,2208.331812504447,0,1,1,7.9556133720952715,96.72399376420438,1,0,4,1.0,0.0,0.0,0.0,0.0,0.0,0.0,0.0,0.0,0.0,0.0,1.0,0.0,0.0,0.0,0.0
3,1,4.211449053921763,7.786593284001434,3,1136.1295091628142,3,3,3,4.232222264495094,85.41598143252361,1,1,3,1.0,0.0,0.0,0.0,0.0,0.0,0.0,0.0,0.0,0.0,0.0,0.0,0.0,1.0,1.0,0.0
3,1,1.6056446295803999,7.741780787557915,0,1739.987159586306,1,2,3,5.912405462747639,74.018086811867,1,0,5,1.0,0.0,0.0,0.0,0.0,0.0,0.0,0.0,0.0,0.0,0.0,0.0,0.0,0.0,1.0,0.0
1,4,4.625155831999567,6.340021718279051,0,701.2744787756207,0,3,3,10.808634463932925,207.04077068357563,0,0,0,0.0,0.0,0.0,0.0,0.0,0.0,0.0,1.0,0.0,0.0,0.0,0.0,1.0,1.0,1.0,1.0
1,2,3.345300950332887,4.07490249742898,3,1926.1283498071227,4,2,4,6.777405726459554,91.76352717824646,1,0,3,0.0,0.0,0.0,0.0,0.0,0.0,0.0,0.0,0.0,0.0,0.0,0.0,1.0,0.0,1.0,0.0
1,0,3.924370100900906,5.0436255929414395,0,1771.6723285489063,2,1,3,8.00256461013704,208.31934404525072,0,1,4,0.0,0.0,0.0,0.0,0.0,0.0,0.0,0.0,0.0,0.0,0.0,0.0,1.0,0.0,0.0,1.0
2,1,2.4666152120857396,4.884630127541406,1,898.1787121201809,1,1,0,2.6050052355345468,222.86542296927325,1,0,0,1.0,0.0,0.0,0.0,0.0,0.0,0.0,0.0,0.0,0.0,0.0,0.0,1.0,1.0,0.0,0.0
2,0,6.929560625010827,4.69529201687822,3,1833.1170055476298,4,3,1,3.1374281863311846,214.26896191442322,0,0,5,1.0,0.0,0.0,0.0,0.0,0.0,0.0,0.0,0.0,0.0,0.0,1.0,0.0,0.0,1.0,0.0
1,2,5.739678399207024,7.924283896320372,2,2418.5970187781177,3,0,2,10.698690924749423,274.33119988257357,1,0,2,0.0,0.0,0.0,0.0,0.0,0.0,0.0,0.0,0.0,0.0,0.0,1.0,0.0,0.0,0.0,1.0
2,5,3.4377680556581884,4.818093714242786,1,3285.4713342002738,1,2,3,11.010988445156194,286.3456990066359,0,1,0,1.0,0.0,0.0,0.0,0.0,0.0,0.0,0.0,0.0,0.0,1.0,0.0,1.0,0.0,1.0,0.0
1,3,5.984762331756173,4.513803715220315,0,2609.555581878574,4,3,4,9.68374985842526,44.0581816901359,1,0,2,0.0,0.0,0.0,0.0,0.0,0.0,0.0,0.0,0.0,0.0,0.0,0.0,1.0,0.0,1.0,0.0
1,5,5.434370624505142,6.295489039371149,1,2007.3058591092783,2,3,2,1.4647835720425015,96.17613640483987,1,1,5,0.0,0.0,0.0,0.0,0.0,0.0,0.0,1.0,0.0,0.0,0.0,0.0,0.0,0.0,1.0,0.0
3,4,8.16377370909425,5.4941359778073915,2,2810.153353583427,1,1,4,9.822389852851552,236.30000899134853,0,0,5,1.0,0.0,0.0,0.0,0.0,0.0,0.0,0.0,0.0,0.0,0.0,1.0,1.0,0.0,1.0,0.0
4,5,9.603858424061816,4.875163273815294,0,1339.8058440525367,2,1,1,0.23073272246069365,234.5409443974236,0,1,0,0.0,0.0,0.0,0.0,0.0,0.0,1.0,0.0,0.0,0.0,0.0,1.0,1.0,0.0,1.0,0.0
1,1,2.1760345808079036,4.876767253351408,2,2506.3447953346677,0,2,0,7.1586534496980585,21.282912737946823,0,0,2,0.0,0.0,0.0,0.0,0.0,0.0,0.0,0.0,0.0,0.0,0.0,0.0,1.0,0.0,0.0,0.0
4,5,8.955221310171847,5.537234240696595,1,515.1865003954234,4,2,2,8.103148166617101,288.6111273716493,0,0,5,0.0,0.0,0.0,0.0,1.0,0.0,0.0,1.0,0.0,0.0,0.0,1.0,1.0,1.0,0.0,1.0
2,1,7.343172444564119,7.221098580256248,1,717.6533913485763,1,2,0,5.116831582088868,256.86137189058053,1,1,0,1.0,1.0,0.0,0.0,0.0,0.0,1.0,0.0,0.0,0.0,0.0,1.0,1.0,1.0,0.0,0.0
0,2,7.232981907681143,8.548573600547508,3,2372.796909385348,2,0,2,5.750561537064582,269.76125164723794,1,1,3,0.0,0.0,0.0,0.0,0.0,0.0,1.0,0.0,0.0,0.0,0.0,1.0,0.0,0.0,0.0,0.0
1,4,4.36870807428225,9.116659859512836,3,1077.6487231638791,0,2,1,8.902191712167804,61.31543850937442,0,1,3,0.0,0.0,0.0,0.0,0.0,0.0,0.0,0.0,0.0,0.0,0.0,0.0,0.0,1.0,1.0,0.0
0,1,4.09517375918429,8.508507098433101,2,2566.1887587941433,4,0,0,10.738519838198908,150.27598959159423,0,1,2,0.0,0.0,0.0,0.0,0.0,0.0,0.0,0.0,0.0,0.0,0.0,0.0,0.0,0.0,0.0,0.0
0,1,1.0507553634026527,7.7692795582250245,2,2410.259793511462,1,3,3,2.272053542725243,132.16266319993895,1,1,1,0.0,0.0,0.0,0.0,0.0,0.0,0.0,0.0,0.0,0.0,0.0,0.0,1.0,0.0,1.0,0.0
1,0,9.83984387173577,9.445747465116899,1,691.0002482237742,3,3,3,1.6618163646060085,108.08960884687433,1,0,5,0.0,0.0,0.0,0.0,0.0,0.0,0.0,0.0,0.0,0.0,0.0,1.0,0.0,1.0,0.0,0.0
2,0,6.458552491357439,7.118420816405504,0,1677.4899997840096,1,2,0,7.559904894755251,68.20654402241708,1,1,2,1.0,1.0,0.0,0.0,0.0,0.0,1.0,0.0,0.0,0.0,0.0,1.0,1.0,0.0,1.0,0.0
3,3,4.620957615315329,7.800141045122148,1,2339.0065949208674,2,1,2,2.769115178328969,41.881969174210646,1,0,3,1.0,0.0,0.0,0.0,0.0,0.0,0.0,0.0,0.0,0.0,0.0,0.0,1.0,0.0,1.0,0.0
0,5,5.893919397029607,6.469723301991211,0,2640.4448947500755,2,2,2,2.3306965358604206,261.15252803111537,1,1,4,0.0,0.0,0.0,0.0,0.0,0.0,0.0,0.0,0.0,0.0,0.0,0.0,1.0,0.0,1.0,0.0
4,1,1.3647433068663621,5.964305205284476,1,2948.252481580242,1,1,0,2.4418960199682287,159.1306942892571,1,1,0,0.0,0.0,0.0,0.0,0.0,0.0,1.0,0.0,0.0,0.0,0.0,0.0,1.0,0.0,0.0,0.0
1,2,2.5628585976250196,5.990270676767521,1,1491.3287049950777,2,2,3,2.3620628436160946,180.24798630211976,0,1,4,0.0,0.0,0.0,0.0,0.0,0.0,0.0,0.0,0.0,0.0,0.0,0.0,1.0,0.0,1.0,0.0
0,5,6.610239324670623,4.889903690273757,2,3010.148126764353,2,0,1,5.725417383788697,78.48034854829437,0,0,4,0.0,0.0,0.0,0.0,0.0,0.0,0.0,0.0,0.0,0.0,0.0,0.0,1.0,0.0,0.0,0.0
3,4,5.62835556715258,8.779585904043108,1,1562.7632780169329,1,1,4,11.57267933163703,280.5159243775458,0,0,1,1.0,0.0,0.0,0.0,0.0,0.0,0.0,0.0,0.0,0.0,0.0,0.0,0.0,0.0,0.0,1.0
3,0,8.083673406348698,4.332208506001263,1,520.9605236000091,0,3,3,9.936839842265812,280.9129946804507,0,0,1,1.0,1.0,0.0,0.0,0.0,0.0,0.0,0.0,0.0,0.0,0.0,1.0,1.0,1.0,1.0,1.0
3,3,6.928684214008033,8.04811146258712,2,2330.0176995110414,0,0,0,6.520027114425344,201.43502718139223,1,0,3,1.0,0.0,0.0,0.0,0.0,0.0,0.0,0.0,0.0,0.0,0.0,0.0,0.0,0.0,0.0,0.0
0,0,6.412921083814485,9.186761157022215,0,1225.005791473797,2,1,2,0.9739830357888075,96.1658949440515,1,1,5,0.0,0.0,0.0,0.0,0.0,0.0,1.0,0.0,0.0,0.0,0.0,1.0,0.0,1.0,0.0,0.0
0,1,8.337391338747821,6.984570081912203,0,873.1439059805831,1,1,0,8.075177485160312,69.85325122341456,1,0,5,0.0,0.0,0.0,0.0,1.0,0.0,0.0,0.0,0.0,0.0,0.0,1.0,1.0,1.0,1.0,0.0
1,1,1.6143679499671055,4.421204691049301,2,1275.0734300144422,1,0,3,5.413709478195212,178.5813968345638,0,1,0,0.0,0.0,0.0,0.0,0.0,0.0,0.0,0.0,0.0,0.0,0.0,0.0,1.0,1.0,1.0,0.0
2,3,7.217981167881567,6.570504769821345,2,2983.7419942382157,3,1,1,9.34031920024385,249.8637278281286,1,0,3,1.0,0.0,0.0,0.0,0.0,0.0,0.0,0.0,0.0,0.0,0.0,0.0,0.0,0.0,0.0,1.0
4,1,7.440316419601139,6.059359617294099,3,3242.0039247805457,3,2,2,5.9274881729559805,290.0951400656938,1,0,2,0.0,0.0,0.0,0.0,0.0,0.0,1.0,0.0,0.0,0.0,0.0,1.0,0.0,0.0,0.0,0.0
1,1,3.476471947120099,9.913235915796584,2,3385.089871610723,4,0,3,8.01928486007086,20.457121433799642,1,0,4,0.0,0.0,0.0,0.0,0.0,0.0,0.0,0.0,0.0,0.0,0.0,0.0,0.0,0.0,0.0,0.0
0,1,2.7608467283865497,8.147591209713667,3,1408.4910890007532,3,0,4,2.4005943877017053,100.2589517421436,0,1,3,0.0,0.0,0.0,0.0,1.0,0.0,0.0,0.0,0.0,0.0,0.0,0.0,0.0,1.0,0.0,0.0
4,2,2.9246722791039925,8.32815882897352,2,1867.7861245671488,2,3,2,9.998585198146223,117.34481445372023,1,1,3,0.0,0.0,0.0,0.0,0.0,0.0,1.0,0.0,0.0,0.0,0.0,0.0,0.0,0.0,1.0,1.0
0,3,2.783267770887948,7.094961513773386,3,2907.5783084245513,4,1,0,9.353088734381494,110.70761228290662,1,1,3,0.0,0.0,0.0,0.0,0.0,0.0,0.0,0.0,0.0,0.0,0.0,0.0,0.0,0.0,0.0,0.0
0,2,5.7140397181323515,8.256485526652579,0,1453.7080655211332,4,1,1,4.48817452278701,200.33285878719406,1,1,0,0.0,0.0,0.0,0.0,0.0,0.0,0.0,0.0,0.0,0.0,0.0,0.0,1.0,0.0,0.0,0.0
2,1,2.2206368022924563,8.33542586033301,2,1655.4295589388396,1,2,3,11.563729852747045,164.16194566218064,0,1,3,1.0,0.0,0.0,0.0,0.0,0.0,0.0,0.0,0.0,0.0,0.0,0.0,0.0,0.0,1.0,1.0
2,3,6.933572752774154,4.39815328447663,3,1211.8234676889265,0,2,0,1.9247373090261237,267.4122501215114,1,1,0,1.0,0.0,0.0,0.0,0.0,0.0,1.0,0.0,0.0,0.0,0.0,1.0,1.0,1.0,0.0,0.0
3,3,1.9457043305389259,5.335639146863622,3,2217.1019580551774,4,3,1,0.24015910151665754,66.76536109299704,0,1,2,1.0,0.0,0.0,0.0,0.0,0.0,0.0,0.0,0.0,0.0,0.0,0.0,1.0,0.0,0.0,0.0
4,0,1.2420067627923057,4.077805332573316,1,2477.8000964759312,4,0,1,9.157649413849597,119.79953664490753,0,1,3,0.0,0.0,0.0,0.0,0.0,0.0,0.0,0.0,0.0,0.0,0.0,0.0,1.0,0.0,0.0,0.0
4,5,3.87361218201284,7.058844435571431,3,1455.3183652597893,4,3,1,7.206806436427794,162.34791525340364,0,1,4,0.0,0.0,0.0,0.0,0.0,0.0,1.0,0.0,0.0,0.0,0.0,0.0,0.0,0.0,0.0,0.0
1,5,2.7267375135973695,9.25479912901616,1,572.6915495346929,2,2,4,1.3310596946257052,245.0390258455976,0,0,5,0.0,0.0,0.0,0.0,0.0,0.0,0.0,0.0,0.0,0.0,0.0,0.0,0.0,1.0,1.0,0.0
4,3,9.897958498690741,7.657327208171971,0,2707.72344010991,4,0,4,1.9140797404841874,246.9718954760265,1,1,0,0.0,0.0,0.0,0.0,0.0,0.0,1.0,0.0,0.0,1.0,0.0,1.0,0.0,0.0,1.0,0.0
3,3,3.7269667055549567,7.001245166846257,3,2349.7918680397706,3,3,4,1.570545876353898,257.8116687025293,0,0,3,1.0,0.0,0.0,0.0,0.0,0.0,0.0,0.0,0.0,0.0,0.0,0.0,0.0,0.0,1.0,0.0
0,4,2.998576774229624,9.555795085663839,1,1156.9963568040823,3,1,4,2.0022378422049076,155.74041833171952,0,0,4,0.0,0.0,0.0,0.0,1.0,0.0,0.0,0.0,0.0,0.0,0.0,0.0,0.0,0.0,1.0,0.0
4,2,2.770928411492931,5.033311066130524,0,1443.9430254973122,3,1,4,5.53688773761058,72.47982537086042,0,0,1,0.0,0.0,0.0,0.0,0.0,0.0,0.0,0.0,0.0,0.0,0.0,0.0,1.0,0.0,1.0,0.0
0,2,4.364676143231413,4.447625848946114,0,3371.3407678090316,1,3,0,0.6115475865331845,217.8766550721198,0,0,0,0.0,0.0,0.0,0.0,0.0,0.0,0.0,0.0,0.0,0.0,0.0,0.0,1.0,0.0,0.0,0.0
2,2,6.4526400579842,9.503834418458306,0,2390.610635027858,3,2,1,6.232638047662496,286.4020574934961,1,1,5,1.0,0.0,0.0,0.0,0.0,0.0,0.0,0.0,0.0,0.0,0.0,1.0,0.0,0.0,1.0,1.0
3,0,8.037507475416541,9.41669052951288,3,2286.433269174154,4,1,0,7.2644806196838925,85.5898993750406,1,0,5,1.0,0.0,0.0,0.0,0.0,1.0,0.0,0.0,0.0,0.0,0.0,1.0,0.0,0.0,0.0,0.0
1,5,4.2811862296876155,8.097834917277698,3,2419.0722123906303,4,1,3,8.72841806373674,59.514445778895094,1,1,4,0.0,0.0,0.0,0.0,0.0,0.0,0.0,0.0,0.0,0.0,0.0,0.0,0.0,0.0,0.0,0.0
1,1,6.633738820385105,5.475874972576312,3,3363.333604381271,2,2,4,11.352398405082642,6.74275188030572,1,0,4,0.0,0.0,0.0,0.0,0.0,0.0,0.0,0.0,0.0,0.0,0.0,0.0,0.0,0.0,1.0,1.0
2,1,5.338539084514487,9.818584148226225,0,1519.5772204789846,0,0,0,0.9897255186171923,199.94035938142625,1,1,1,1.0,0.0,0.0,0.0,0.0,0.0,1.0,0.0,0.0,0.0,0.0,0.0,0.0,0.0,0.0,0.0
4,5,8.618458116280586,8.59207811082296,3,1342.7479283154667,3,1,0,0.4218944938510334,163.50452506549905,1,0,4,0.0,0.0,0.0,0.0,0.0,0.0,0.0,0.0,0.0,0.0,0.0,1.0,0.0,0.0,0.0,0.0
1,3,6.121375994425916,8.043367501508015,2,1630.2274408076732,1,2,0,1.669663442186716,40.41430898826085,0,1,5,0.0,0.0,0.0,0.0,0.0,0.0,0.0,0.0,0.0,0.0,0.0,0.0,0.0,0.0,0.0,0.0
3,3,3.6090250469119014,5.337467944092687,1,2902.8472822316826,1,3,4,4.047776450183006,59.85471548011402,0,0,1,1.0,0.0,0.0,0.0,0.0,0.0,0.0,0.0,0.0,0.0,0.0,0.0,1.0,0.0,1.0,0.0
2,1,7.332285314604303,7.078535029798694,2,862.8766231699276,0,3,3,6.304340570843518,198.66677467013855,1,0,2,1.0,0.0,0.0,0.0,0.0,0.0,0.0,0.0,0.0,0.0,0.0,1.0,0.0,0.0,1.0,0.0
0,1,8.380580392206962,8.935457447782,3,1120.4740938580533,0,1,1,0.0514307360085966,130.805246936673,0,0,5,0.0,0.0,0.0,0.0,1.0,0.0,0.0,0.0,0.0,0.0,0.0,0.0,0.0,0.0,1.0,0.0
3,4,5.188965910875686,9.161561348393716,1,1184.7365374345964,2,0,0,8.308436063936997,69.96927342382143,0,0,1,1.0,1.0,0.0,0.0,0.0,0.0,0.0,0.0,0.0,0.0,0.0,1.0,0.0,1.0,0.0,0.0
4,2,9.88477514994087,7.3685806948076085,0,2409.1321735610413,1,3,2,11.48258908137225,181.74696610911784,0,0,4,0.0,0.0,0.0,0.0,0.0,0.0,0.0,0.0,0.0,1.0,0.0,1.0,0.0,0.0,1.0,1.0
2,0,8.911871912721821,7.136763062315585,3,2424.749073887715,1,2,2,2.997347088210926,15.799731650182093,0,1,0,1.0,0.0,0.0,0.0,0.0,0.0,0.0,0.0,0.0,0.0,0.0,1.0,0.0,0.0,1.0,0.0
0,5,2.772592026989423,8.186102969845843,0,1615.6591501719336,2,1,0,0.10556447067290797,4.860844193938552,1,1,5,0.0,0.0,0.0,0.0,0.0,0.0,0.0,0.0,0.0,0.0,0.0,0.0,0.0,0.0,0.0,0.0
0,2,8.080802849406137,7.169493065874837,0,1328.5768176537813,2,3,2,9.038944066580587,78.26332053157708,1,1,0,0.0,0.0,0.0,0.0,1.0,0.0,0.0,0.0,0.0,0.0,0.0,0.0,0.0,0.0,1.0,0.0
2,4,6.408561199147895,6.506086228393966,2,2763.955793958545,2,2,2,9.240603837277105,86.85562519345157,0,0,0,1.0,1.0,0.0,0.0,0.0,0.0,0.0,0.0,0.0,0.0,0.0,1.0,0.0,0.0,0.0,1.0
2,2,5.813301680270512,4.5125140685463325,3,595.179700849488,2,1,4,0.5221126650193217,31.310527097675255,1,1,2,1.0,0.0,0.0,0.0,0.0,0.0,1.0,0.0,0.0,0.0,0.0,0.0,0.0,1.0,0.0,0.0
2,3,5.625447279216115,4.756298054293481,3,2716.2131322442806,4,0,0,7.407867504982038,34.459899351598686,0,1,4,1.0,0.0,0.0,0.0,0.0,0.0,0.0,0.0,0.0,0.0,0.0,0.0,1.0,0.0,0.0,0.0
1,4,8.680700285041862,8.561652809204004,3,1130.8219831125734,1,0,0,2.914076714279241,50.34090885283414,1,0,1,0.0,0.0,0.0,0.0,0.0,0.0,0.0,0.0,0.0,0.0,0.0,1.0,0.0,1.0,0.0,0.0
2,5,6.497855100131037,4.147984387745608,3,3208.331170843494,0,2,2,7.59449592648284,217.38263424420177,0,1,3,1.0,0.0,0.0,0.0,0.0,0.0,0.0,0.0,0.0,0.0,0.0,0.0,1.0,0.0,1.0,0.0
1,1,5.839353865483603,4.313830154785652,0,1741.0797371675958,4,0,1,8.716542499652379,241.84973327140557,0,0,2,0.0,0.0,0.0,0.0,0.0,0.0,0.0,0.0,0.0,0.0,0.0,1.0,1.0,0.0,0.0,0.0
3,4,1.4397391608224417,9.427861468518506,1,2426.890710027332,0,1,4,2.672918574816339,54.481486704590665,1,1,5,1.0,0.0,0.0,0.0,0.0,0.0,0.0,0.0,0.0,0.0,0.0,0.0,0.0,0.0,1.0,0.0
3,5,5.034725827827017,8.22398268072811,2,862.9079293035261,3,2,3,3.129114952103627,197.0310235170108,1,0,2,1.0,0.0,0.0,0.0,0.0,0.0,0.0,0.0,0.0,0.0,0.0,0.0,0.0,1.0,0.0,0.0
3,3,9.172374058409568,4.025276331484877,1,1261.653225351356,1,0,1,7.338892047919666,70.09575074588913,0,0,2,1.0,1.0,0.0,0.0,0.0,0.0,0.0,0.0,0.0,0.0,0.0,1.0,1.0,1.0,0.0,0.0
0,0,7.40563056410157,5.872260246129237,2,2601.8257830666807,4,3,1,6.98715140067382,264.01757924950584,1,1,0,0.0,0.0,0.0,0.0,0.0,0.0,0.0,0.0,0.0,0.0,0.0,0.0,1.0,0.0,0.0,0.0
4,1,1.4585858025053808,8.579910763573269,1,2151.0663509966203,0,1,3,10.634000757690902,80.67833523250518,1,0,1,0.0,0.0,0.0,0.0,0.0,0.0,1.0,0.0,0.0,0.0,0.0,0.0,0.0,0.0,1.0,1.0
0,1,8.95593053935938,6.505604799863534,1,2811.432142893673,0,3,4,6.124421285320535,38.9314238620108,1,1,0,0.0,0.0,0.0,0.0,0.0,0.0,0.0,0.0,0.0,0.0,0.0,1.0,1.0,0.0,1.0,0.0
4,0,8.440004992393487,6.81278693714867,0,2190.2070192822557,2,0,1,9.597208521435045,131.74379382954098,0,1,5,0.0,0.0,0.0,0.0,0.0,0.0,0.0,0.0,0.0,0.0,0.0,1.0,1.0,0.0,0.0,0.0
0,4,5.920157904125752,6.752794366276333,2,2207.9935421967284,2,1,1,8.784084977755388,46.2638596054158,1,1,2,0.0,0.0,0.0,0.0,0.0,0.0,1.0,0.0,0.0,0.0,0.0,0.0,0.0,0.0,0.0,0.0
2,5,1.2016491866405334,5.212806419554244,3,3074.776945188306,3,3,3,7.988399993996262,59.51005500932444,1,1,1,1.0,0.0,0.0,0.0,0.0,0.0,0.0,0.0,0.0,0.0,0.0,0.0,1.0,0.0,1.0,0.0
0,3,6.061866562304206,8.328348627389566,3,1774.0697519175221,3,2,4,2.301275734184329,101.71884876926485,1,1,1,0.0,0.0,0.0,0.0,0.0,0.0,1.0,0.0,0.0,0.0,0.0,0.0,0.0,0.0,1.0,0.0
0,3,1.491301449337835,4.618037983128218,1,3185.134158972512,4,3,1,3.31632522781706,198.2161559475945,1,1,4,0.0,0.0,0.0,0.0,0.0,0.0,1.0,0.0,0.0,0.0,0.0,0.0,1.0,0.0,1.0,0.0
3,4,3.883410636737324,7.0435066332800265,2,1616.645744134997,3,2,2,6.80123379686272,35.05623263999834,1,1,3,1.0,0.0,0.0,0.0,0.0,0.0,1.0,0.0,0.0,0.0,0.0,0.0,0.0,0.0,0.0,0.0
3,2,6.66018657012465,5.019734964756171,0,1485.7826203101424,1,2,3,0.7913239782008863,85.232704091562,0,0,1,1.0,1.0,0.0,0.0,0.0,0.0,0.0,0.0,0.0,0.0,0.0,1.0,1.0,0.0,1.0,0.0
0,2,9.216217754939569,4.279196857462936,2,2838.263830219336,0,1,2,0.5405926898620135,257.50938843098965,0,1,1,0.0,0.0,0.0,0.0,0.0,0.0,0.0,0.0,0.0,0.0,0.0,1.0,1.0,0.0,0.0,0.0
4,3,4.220160735335309,4.8594633066830095,1,534.6391984889856,1,1,3,0.5978041181814886,82.1308101740866,1,0,5,0.0,0.0,0.0,0.0,1.0,0.0,1.0,0.0,0.0,0.0,0.0,0.0,1.0,1.0,0.0,0.0
1,1,8.74021404595108,9.216009617870451,3,1016.5763595164117,4,0,2,11.055692306552125,50.534049614583,0,1,0,0.0,0.0,0.0,0.0,0.0,0.0,0.0,0.0,0.0,0.0,0.0,1.0,0.0,1.0,0.0,0.0
1,0,9.265249093604647,5.056885988682767,2,715.2972193633486,3,1,4,8.266542676998405,160.08493184502493,1,0,3,0.0,0.0,0.0,0.0,0.0,0.0,0.0,0.0,0.0,0.0,0.0,1.0,0.0,1.0,1.0,0.0
1,3,1.1893949241158288,5.670215254074103,0,2036.3152790274753,3,0,3,10.041138064554062,9.99476393435943,1,0,5,0.0,0.0,0.0,0.0,0.0,0.0,0.0,0.0,0.0,0.0,0.0,0.0,1.0,0.0,0.0,1.0
2,4,3.1548505397727835,4.828568729322438,3,2384.2130039857884,1,1,4,11.561002005578876,241.18534997072237,0,1,1,1.0,0.0,0.0,0.0,0.0,0.0,0.0,0.0,0.0,0.0,0.0,0.0,0.0,0.0,1.0,0.0
0,0,7.388760693047489,8.41327060994655,2,531.1278375875213,2,2,4,8.411629625755989,66.73848943383199,0,0,0,0.0,0.0,0.0,0.0,1.0,0.0,0.0,0.0,0.0,0.0,0.0,1.0,0.0,1.0,1.0,0.0
2,1,7.811587387715936,6.672695003539009,0,984.3906456210135,3,0,1,6.183855519110069,39.85740133163434,1,0,4,1.0,0.0,0.0,0.0,0.0,0.0,0.0,0.0,0.0,0.0,0.0,0.0,1.0,1.0,0.0,0.0
1,1,4.531751651953487,9.661810231870426,1,1407.624075787117,4,1,4,5.7482149045155335,242.4608289558541,0,0,5,0.0,0.0,0.0,0.0,0.0,0.0,0.0,0.0,0.0,0.0,0.0,0.0,0.0,0.0,0.0,0.0
0,4,6.910791514955695,7.985947493487414,0,1382.6790056858044,2,2,0,8.952326409054265,252.82647381026314,1,0,0,0.0,0.0,0.0,0.0,0.0,0.0,0.0,0.0,0.0,0.0,0.0,1.0,0.0,0.0,1.0,1.0
1,3,6.509427556258316,7.18833532292063,1,791.3981506835689,0,0,1,10.414766990697267,220.4194534273653,0,1,2,0.0,0.0,0.0,0.0,0.0,0.0,0.0,0.0,0.0,0.0,0.0,1.0,0.0,1.0,1.0,1.0
3,3,7.657974654409539,7.9397855897690075,3,1018.5423681516093,4,3,0,9.955393500982625,70.37906090961408,1,1,0,1.0,0.0,0.0,0.0,0.0,0.0,0.0,0.0,0.0,0.0,0.0,1.0,0.0,1.0,0.0,0.0
3,3,7.467925849706096,4.242552299257985,3,3041.1552829171137,4,3,0,5.91534383657449,158.09667129097502,0,1,5,1.0,0.0,0.0,0.0,0.0,0.0,0.0,0.0,0.0,0.0,0.0,0.0,1.0,0.0,0.0,0.0
1,1,1.772837181913252,9.703961560772143,2,2601.743424842012,0,0,3,9.282108440846788,290.71980224407076,1,0,5,0.0,0.0,0.0,0.0,0.0,0.0,0.0,0.0,0.0,0.0,0.0,0.0,0.0,0.0,0.0,0.0
1,4,2.4242516284605484,9.738577662503488,1,1388.2831479900399,1,0,0,5.719037374361161,143.32982967490832,0,0,4,0.0,0.0,0.0,0.0,0.0,0.0,0.0,0.0,0.0,0.0,0.0,0.0,0.0,0.0,0.0,0.0
3,0,2.194544325333844,5.656839211333178,1,1290.2223929482548,4,0,0,4.612627244836531,284.8919179983143,1,0,1,1.0,0.0,0.0,0.0,0.0,0.0,0.0,0.0,0.0,0.0,0.0,0.0,1.0,1.0,0.0,0.0
3,0,9.39232062858537,7.769772896458802,3,740.5976064600555,4,1,2,3.5720587513239,202.91051504900622,1,0,4,1.0,0.0,0.0,0.0,0.0,0.0,0.0,0.0,0.0,0.0,0.0,1.0,0.0,1.0,0.0,0.0
4,4,9.221883835176904,5.211491464839248,0,1546.7178121939514,4,0,4,0.6545478292428615,253.4987581734693,0,0,1,0.0,0.0,0.0,0.0,0.0,0.0,0.0,0.0,0.0,1.0,0.0,1.0,1.0,0.0,0.0,0.0
4,3,8.176710426372729,7.284830767602753,3,1694.208543882984,4,0,4,2.413950465955096,57.72000287203631,1,1,0,0.0,0.0,0.0,0.0,0.0,0.0,1.0,0.0,0.0,1.0,0.0,1.0,0.0,0.0,0.0,0.0
4,1,2.050467046083634,8.62473543474636,3,3212.5449691623353,0,1,4,8.76008465763867,278.0204524707818,1,1,3,0.0,0.0,0.0,0.0,0.0,0.0,1.0,0.0,0.0,0.0,0.0,0.0,0.0,0.0,1.0,0.0
4,2,6.1684432292762725,9.638930348832353,3,2729.34714204563,0,2,0,2.060529824965407,256.0033423128078,0,0,5,0.0,0.0,0.0,0.0,0.0,0.0,0.0,0.0,0.0,0.0,0.0,0.0,0.0,0.0,1.0,0.0
2,0,2.685075634808663,6.035301539594031,2,1937.4613230470222,2,0,0,10.814124666791166,235.51489683263463,0,1,1,1.0,0.0,0.0,0.0,0.0,0.0,0.0,0.0,0.0,0.0,0.0,0.0,1.0,0.0,0.0,0.0
1,4,4.315455438029223,8.16103157825657,3,904.57180637024,3,2,1,0.9429917352494708,282.36692560701414,0,1,2,0.0,0.0,0.0,0.0,0.0,0.0,0.0,0.0,0.0,0.0,0.0,0.0,0.0,1.0,0.0,0.0
1,4,3.4038214897367167,8.298562686083077,0,2468.4849470249874,2,1,1,0.6135225187287574,236.66365681203015,1,0,5,0.0,0.0,0.0,0.0,0.0,0.0,0.0,0.0,0.0,0.0,0.0,0.0,0.0,0.0,1.0,0.0
1,1,8.460378833387193,5.326892806988448,3,3308.0369383131447,1,0,0,5.772989766533398,173.02413354980678,1,0,2,0.0,0.0,0.0,0.0,0.0,0.0,0.0,0.0,0.0,0.0,0.0,0.0,0.0,0.0,0.0,0.0
3,2,2.300062595673459,7.774192788960353,0,734.1345560220614,1,0,2,2.671967350489593,194.60706135657583,0,0,4,1.0,0.0,0.0,0.0,0.0,0.0,0.0,0.0,0.0,0.0,0.0,0.0,0.0,1.0,1.0,0.0
3,1,6.815612517490681,7.93252773512666,0,3045.8233035842845,3,3,2,1.23543528156265,246.2682807955538,0,0,4,1.0,1.0,0.0,0.0,0.0,0.0,0.0,0.0,0.0,0.0,0.0,1.0,0.0,0.0,1.0,0.0
4,2,9.855051973985502,8.584456638076205,0,1040.3436656574727,4,0,2,0.7184153597920417,224.74737549538992,1,1,5,0.0,0.0,0.0,0.0,0.0,0.0,1.0,0.0,0.0,1.0,0.0,1.0,0.0,1.0,0.0,0.0
0,1,7.183491249282701,9.999683544727201,2,2603.8428029421857,4,0,0,6.327558373017863,177.53746236789678,1,1,2,0.0,0.0,0.0,0.0,0.0,0.0,0.0,0.0,0.0,0.0,0.0,1.0,0.0,0.0,0.0,0.0
2,1,1.7131014010626373,4.241394216558883,0,1051.5681117302506,0,2,2,3.113570472736637,179.4238025982072,1,0,5,1.0,0.0,0.0,0.0,0.0,0.0,0.0,0.0,0.0,0.0,0.0,0.0,1.0,1.0,1.0,0.0
1,2,9.170645517662724,5.213830262065349,2,2300.0406646619117,0,2,2,6.669196990192382,264.08463611365755,1,0,4,0.0,0.0,0.0,0.0,0.0,0.0,0.0,0.0,0.0,0.0,0.0,1.0,0.0,0.0,1.0,1.0
4,5,6.787717099206366,4.870470591518444,0,1212.8737526876691,1,3,1,1.7795734350245644,2.973484274709659,0,0,5,0.0,0.0,0.0,0.0,0.0,0.0,0.0,1.0,0.0,0.0,0.0,1.0,1.0,0.0,0.0,0.0
1,4,5.106798816446831,4.926604314524215,2,2125.094186459819,3,0,3,0.29308834409950224,215.38607473919114,0,1,5,0.0,0.0,0.0,0.0,0.0,0.0,0.0,0.0,0.0,0.0,0.0,1.0,1.0,0.0,0.0,0.0
0,1,6.937232306870067,6.72549196373179,0,2300.473607437031,0,0,4,0.3271106055561126,169.69829524584705,1,1,2,0.0,0.0,0.0,0.0,0.0,0.0,0.0,0.0,0.0,0.0,0.0,0.0,0.0,0.0,0.0,0.0
2,5,8.911398974253732,9.271219339677625,2,2355.5609753214303,3,2,4,1.3520741746317584,251.48819787670942,1,0,4,1.0,0.0,0.0,0.0,0.0,0.0,0.0,0.0,0.0,0.0,0.0,1.0,0.0,0.0,0.0,0.0
4,1,5.294145051237244,6.692339614406531,0,2548.396633420238,2,0,3,9.552509034567398,61.63108892602839,1,1,4,0.0,0.0,0.0,0.0,0.0,0.0,1.0,0.0,0.0,0.0,0.0,0.0,1.0,0.0,0.0,0.0
4,5,5.781893345310063,8.010882387006479,3,707.0887261548274,3,1,3,5.382168102355581,157.60306972187794,0,1,0,0.0,0.0,0.0,0.0,1.0,0.0,1.0,0.0,0.0,0.0,0.0,0.0,0.0,1.0,0.0,0.0
0,1,5.072026592961581,6.258994855181315,1,2610.1622115138107,4,1,0,7.486325284438021,38.293293788055685,0,1,5,0.0,0.0,0.0,0.0,0.0,0.0,0.0,0.0,0.0,0.0,0.0,1.0,1.0,0.0,0.0,0.0
1,3,1.653322836912987,5.917979891866691,2,963.7931727062405,2,3,1,10.499873266778971,197.8124019535763,0,1,4,0.0,0.0,0.0,0.0,0.0,0.0,0.0,0.0,0.0,0.0,0.0,0.0,1.0,1.0,1.0,1.0
0,1,8.083631142346226,9.005411108974254,1,2531.09735941078,3,3,0,2.551258419345549,229.13035764539262,0,1,4,0.0,0.0,0.0,0.0,0.0,0.0,0.0,0.0,0.0,0.0,0.0,1.0,0.0,0.0,0.0,0.0
1,4,2.1377056927765503,7.933285060710517,2,872.1128427122256,2,3,2,10.456183236598946,187.05974153575852,0,0,0,0.0,0.0,0.0,0.0,0.0,0.0,0.0,1.0,0.0,0.0,0.0,0.0,0.0,1.0,1.0,0.0
2,1,4.551130092594793,6.105371728495216,1,1938.244131655266,3,2,3,8.94762560789523,166.43138392400905,0,1,5,1.0,1.0,0.0,0.0,0.0,0.0,0.0,0.0,0.0,0.0,0.0,0.0,0.0,0.0,0.0,1.0
1,5,4.4814056104695625,9.484961567482989,0,1660.3052779454174,1,1,3,8.748217329392647,103.01368788575913,0,1,5,0.0,0.0,0.0,0.0,0.0,0.0,0.0,0.0,0.0,0.0,1.0,1.0,0.0,0.0,0.0,0.0
0,0,3.5203671287806415,6.991069390705868,3,3402.039069929802,0,2,0,10.448840881224488,191.93528510313357,0,1,5,0.0,0.0,0.0,0.0,0.0,0.0,0.0,0.0,0.0,0.0,0.0,0.0,1.0,0.0,1.0,1.0
2,3,4.6225641330497655,5.129648483795731,2,2392.4274972333696,0,0,2,1.51053224721971,269.85163087035556,0,0,2,1.0,0.0,0.0,0.0,0.0,0.0,0.0,0.0,0.0,0.0,0.0,0.0,1.0,0.0,0.0,0.0
0,0,6.562081993441857,6.899331174806087,1,764.6177397539443,3,2,4,6.4860135955234,216.42548457011577,1,0,0,0.0,0.0,0.0,0.0,1.0,0.0,0.0,0.0,0.0,0.0,0.0,0.0,1.0,1.0,1.0,0.0
1,5,3.802485809869406,8.048196627600856,0,2602.6593843138844,3,1,0,5.80239986071232,6.885912293504681,0,1,4,0.0,0.0,0.0,0.0,0.0,0.0,0.0,0.0,0.0,0.0,0.0,0.0,1.0,0.0,0.0,0.0
0,2,2.552607439284488,6.202675535536974,3,1082.4151978369496,2,3,2,7.967994460038769,152.61642766859703,0,1,3,0.0,0.0,0.0,0.0,1.0,0.0,0.0,0.0,0.0,0.0,0.0,0.0,1.0,1.0,0.0,0.0
0,4,8.824307594565399,9.06270841765236,1,1358.4510881400697,3,0,1,2.855866387613849,220.92508334134686,1,1,1,0.0,0.0,0.0,0.0,1.0,0.0,1.0,0.0,0.0,0.0,0.0,0.0,0.0,0.0,0.0,0.0
2,5,9.73749384871422,7.198863883636605,3,1635.3291213339255,2,0,4,1.527915119825003,151.24890837038154,1,1,1,1.0,1.0,0.0,0.0,0.0,1.0,0.0,0.0,0.0,0.0,0.0,1.0,0.0,0.0,0.0,0.0
4,3,5.1272544148868855,6.806588679606798,3,2828.6763209251976,1,3,2,11.681328407235387,177.40501365666964,0,1,4,0.0,0.0,0.0,0.0,0.0,0.0,0.0,0.0,0.0,0.0,0.0,0.0,0.0,0.0,1.0,1.0
3,0,3.9431774111012725,9.152268539582312,3,3332.242816359171,2,0,3,5.588178293898994,273.47532268262853,0,0,5,1.0,0.0,0.0,0.0,0.0,0.0,0.0,0.0,0.0,0.0,0.0,0.0,0.0,0.0,1.0,1.0
0,1,1.4273387000040638,6.777506838796918,2,3273.005530543951,1,2,2,2.7842434407011067,262.1850193302174,0,1,3,0.0,0.0,0.0,0.0,0.0,0.0,0.0,0.0,0.0,0.0,0.0,0.0,0.0,0.0,1.0,0.0
0,1,1.3316638654904782,6.486460851104899,0,1012.0508953820384,4,1,4,1.5438735411977866,24.394322406344994,0,0,5,0.0,0.0,0.0,0.0,0.0,0.0,0.0,0.0,0.0,0.0,0.0,0.0,0.0,0.0,1.0,0.0
1,5,4.535937960808619,4.622298372000976,0,681.2404321837394,3,1,1,7.123179307386219,153.16596217638008,0,0,3,0.0,0.0,0.0,0.0,0.0,0.0,0.0,0.0,0.0,0.0,0.0,0.0,1.0,1.0,0.0,0.0
3,5,9.372178164708691,6.174951273141791,0,2985.5990578385354,3,1,3,1.7731472073800596,186.69489474338985,1,0,3,1.0,1.0,0.0,0.0,0.0,0.0,0.0,0.0,0.0,0.0,0.0,1.0,1.0,0.0,0.0,0.0
3,2,7.57637689061408,6.38228980337849,1,1364.6547884945207,3,2,2,2.196511624039456,255.60941191857285,0,0,2,1.0,0.0,0.0,0.0,0.0,0.0,0.0,0.0,0.0,0.0,0.0,0.0,1.0,0.0,0.0,0.0
4,5,4.143424769836975,5.083733915346938,2,2248.4783114687625,3,0,2,11.42583285545633,79.6501842008816,0,0,0,0.0,0.0,0.0,0.0,0.0,0.0,0.0,0.0,0.0,0.0,1.0,0.0,1.0,0.0,0.0,1.0
1,1,9.712417826638548,7.526939210279006,3,3435.882395708932,3,2,3,0.3499879523573619,41.95618193021101,0,1,1,0.0,0.0,0.0,0.0,0.0,0.0,0.0,0.0,0.0,0.0,0.0,1.0,0.0,0.0,0.0,0.0
0,4,4.858821129301576,4.863052423302086,0,1059.266016116211,2,3,0,2.24196268132229,179.14638110377552,1,0,2,0.0,0.0,0.0,0.0,0.0,0.0,0.0,0.0,0.0,0.0,0.0,0.0,1.0,0.0,0.0,0.0
0,2,3.4911346957718115,5.342138731623346,2,1624.567675570565,4,1,4,8.054628099328848,140.2836385148516,0,0,3,0.0,0.0,0.0,0.0,0.0,0.0,0.0,0.0,0.0,0.0,0.0,0.0,1.0,0.0,0.0,1.0
0,1,4.837179202519215,7.366551914350843,0,3102.796838438348,0,2,3,2.602728248480971,77.31156042551194,0,0,1,0.0,0.0,0.0,0.0,0.0,0.0,0.0,0.0,0.0,0.0,0.0,0.0,0.0,0.0,1.0,0.0
0,1,2.903889042854495,5.613901388348422,1,2449.9416412341243,3,3,2,2.1832800528248937,282.87844243958193,1,0,3,0.0,0.0,0.0,0.0,0.0,0.0,0.0,0.0,0.0,0.0,0.0,0.0,1.0,0.0,1.0,0.0
4,2,8.970748931807162,7.83800986077012,0,3312.659020258677,2,3,2,6.678003057376938,95.26679412797162,1,1,3,0.0,0.0,0.0,0.0,0.0,0.0,1.0,0.0,0.0,1.0,0.0,1.0,0.0,0.0,1.0,0.0
1,2,4.250559793759212,8.143078797524227,1,2395.1579448765006,0,2,3,8.351477028185105,16.5857789317559,1,0,3,0.0,0.0,0.0,0.0,0.0,0.0,0.0,0.0,0.0,0.0,0.0,0.0,0.0,0.0,1.0,1.0
4,1,6.921720680448892,5.807742463639902,2,1410.7099041224521,3,3,2,5.1675929487786085,17.63976897156717,1,1,5,0.0,0.0,0.0,0.0,0.0,0.0,1.0,0.0,0.0,0.0,0.0,0.0,1.0,0.0,1.0,0.0
2,2,4.501424789444472,4.524326088980319,2,2915.3258165674647,0,3,3,9.37545427047873,60.32467249560881,1,1,1,1.0,0.0,0.0,0.0,0.0,0.0,0.0,0.0,0.0,0.0,0.0,0.0,1.0,0.0,1.0,0.0
2,0,9.115582761675663,6.93671100297351,3,2777.7912647632334,3,2,2,9.782520673684973,35.0207474618368,1,0,2,1.0,0.0,0.0,0.0,0.0,0.0,0.0,0.0,0.0,0.0,0.0,1.0,0.0,0.0,1.0,0.0
2,5,6.7814267654406715,4.557390520550903,2,3300.8568232365906,2,0,3,7.477011233715411,118.40661212534667,1,0,2,1.0,1.0,0.0,0.0,0.0,0.0,0.0,0.0,0.0,0.0,0.0,1.0,1.0,0.0,0.0,0.0
4,2,5.394267012531695,7.091414089143209,1,1928.5007966390979,3,3,1,6.933828333239346,24.139414894777765,1,0,4,0.0,0.0,0.0,0.0,0.0,0.0,1.0,0.0,0.0,0.0,0.0,0.0,1.0,0.0,0.0,0.0
0,0,2.1892867226320467,8.357307052773761,3,2008.5178614029292,3,1,0,9.795661318930357,168.3495605983038,0,1,3,0.0,0.0,0.0,0.0,1.0,0.0,0.0,0.0,0.0,0.0,0.0,0.0,0.0,0.0,0.0,1.0
0,3,9.117249965669838,7.72197874882482,3,1471.469301085026,1,2,2,0.18035929340284973,122.51736735134568,0,1,4,0.0,0.0,0.0,0.0,1.0,0.0,0.0,0.0,0.0,0.0,0.0,1.0,0.0,0.0,1.0,0.0
2,5,5.921351814445938,6.689605847272105,3,1306.2750035196,3,2,4,6.1276179011301455,179.37754763494917,0,1,3,1.0,0.0,0.0,0.0,0.0,0.0,0.0,1.0,0.0,0.0,0.0,0.0,0.0,1.0,1.0,0.0
1,2,3.5654767566527577,9.675151287385285,3,3489.5834574238984,1,1,0,1.5447908764398157,296.7709640772076,1,1,4,0.0,0.0,0.0,0.0,0.0,0.0,0.0,0.0,0.0,0.0,0.0,0.0,0.0,0.0,1.0,0.0
2,5,8.901342026350338,4.610483398493023,3,3431.7665487316826,3,3,4,2.6586811524770813,297.5704782008578,1,1,0,1.0,1.0,0.0,0.0,0.0,0.0,0.0,0.0,0.0,0.0,0.0,1.0,1.0,0.0,1.0,0.0
3,3,1.4899638465496703,9.280009041471587,0,2088.939389003534,0,2,2,11.38799086194686,125.10871248914039,1,0,0,1.0,0.0,0.0,0.0,0.0,0.0,0.0,0.0,0.0,0.0,1.0,0.0,0.0,0.0,1.0,1.0
2,4,3.8266922559661447,8.800773235847219,2,3365.2567470915096,0,2,1,0.04452286422128804,110.1161801070181,1,1,3,1.0,0.0,0.0,0.0,0.0,0.0,0.0,0.0,0.0,0.0,0.0,0.0,0.0,0.0,0.0,0.0
1,1,5.8314556108193285,6.518431482187507,1,1568.4663428193273,3,3,2,3.6841682093323542,204.4658646149713,1,1,1,0.0,0.0,0.0,0.0,0.0,0.0,0.0,0.0,0.0,0.0,0.0,0.0,0.0,0.0,1.0,0.0
1,0,4.0583290243896375,4.917203031404286,1,3049.982972224059,0,1,4,1.8523321499582655,110.30388427594566,0,1,1,0.0,0.0,0.0,0.0,0.0,0.0,0.0,0.0,0.0,0.0,0.0,0.0,1.0,0.0,1.0,0.0
3,2,5.290608298409721,4.935200714665847,0,2404.604473536006,4,3,4,6.845003070127163,233.48447279487468,0,0,1,1.0,0.0,0.0,0.0,0.0,0.0,0.0,0.0,0.0,0.0,0.0,1.0,1.0,0.0,1.0,0.0
1,5,3.3788462709788547,9.530834564456784,0,2651.198342418993,0,0,3,10.131119061781778,180.4937975890077,1,1,0,0.0,0.0,0.0,0.0,0.0,0.0,0.0,0.0,0.0,0.0,0.0,0.0,0.0,0.0,1.0,0.0
2,4,2.1707478183960744,5.40222798566956,3,2654.6087972127284,2,2,2,4.690665492578895,59.84616687496682,0,0,1,1.0,0.0,0.0,0.0,0.0,0.0,0.0,0.0,0.0,0.0,0.0,0.0,0.0,0.0,1.0,0.0
2,4,1.3316872475516655,9.244694247926972,3,2407.48595001879,4,0,4,10.046224867408647,124.45014596374874,0,0,5,1.0,0.0,0.0,0.0,0.0,0.0,0.0,0.0,0.0,0.0,0.0,0.0,0.0,0.0,0.0,0.0
3,5,2.418819084209277,7.019771319581734,2,3056.984033960338,3,0,4,5.282837436569714,259.09741461029137,0,0,0,1.0,0.0,0.0,0.0,0.0,0.0,0.0,0.0,0.0,0.0,0.0,0.0,0.0,0.0,0.0,1.0
3,2,9.576518626223306,6.770407820364199,0,1676.0397519717285,3,0,3,10.908527407685382,166.00598496893844,1,0,5,1.0,1.0,0.0,0.0,0.0,0.0,0.0,0.0,0.0,0.0,0.0,1.0,1.0,0.0,0.0,1.0
2,1,6.178628200030646,7.717067605502924,2,3047.566852889269,3,3,4,10.163339556495632,212.97561752140933,0,1,3,1.0,1.0,0.0,0.0,0.0,0.0,0.0,0.0,0.0,0.0,0.0,1.0,0.0,0.0,1.0,1.0
1,5,5.400641127501563,5.290234497359398,0,1050.2454917616456,3,1,4,2.1458340430446188,212.95521093852648,0,0,4,0.0,0.0,0.0,0.0,0.0,0.0,0.0,0.0,0.0,0.0,0.0,0.0,1.0,1.0,1.0,0.0
1,3,4.458914553751377,6.570224044358164,2,1099.8782606001705,0,1,0,10.620768336245543,144.64658162342113,0,1,4,0.0,0.0,0.0,0.0,0.0,0.0,0.0,0.0,0.0,0.0,0.0,0.0,0.0,0.0,0.0,1.0
2,1,7.375781313850468,9.630906632829578,0,2652.0296611760095,1,1,0,2.3107690143822444,88.6474132427824,0,1,0,1.0,1.0,0.0,0.0,0.0,0.0,0.0,0.0,0.0,0.0,0.0,1.0,0.0,0.0,0.0,0.0
1,1,2.27133528315484,5.429541573872499,1,2750.3896709827623,0,2,2,5.884736966244178,178.90165194235394,0,1,1,0.0,0.0,0.0,0.0,0.0,0.0,0.0,0.0,0.0,0.0,0.0,0.0,1.0,0.0,1.0,0.0
3,5,3.485168808873971,9.52950135327851,0,3206.903224602702,1,3,4,2.3520469066380865,33.91741884953726,0,0,5,1.0,1.0,0.0,0.0,0.0,0.0,0.0,0.0,0.0,0.0,0.0,0.0,0.0,0.0,1.0,0.0
1,0,6.903119076973775,9.965258179655072,3,1324.0487144141837,1,2,1,4.637549694399438,179.21118593643953,0,0,3,0.0,0.0,0.0,0.0,0.0,0.0,0.0,0.0,0.0,0.0,0.0,0.0,0.0,0.0,1.0,0.0
3,0,5.3115792812670515,4.31144312845298,2,668.2083571593278,3,0,4,11.827251451687113,30.821590671555445,1,1,2,1.0,0.0,0.0,0.0,0.0,0.0,0.0,0.0,0.0,0.0,0.0,1.0,1.0,1.0,1.0,1.0
3,4,7.930832850631798,7.188274735548229,3,2022.4151762206836,4,2,4,9.181682285909323,270.53940907055045,0,0,3,1.0,0.0,0.0,0.0,0.0,0.0,0.0,0.0,0.0,0.0,0.0,1.0,0.0,0.0,1.0,1.0
4,0,9.07398859560988,5.030915798162131,0,3126.0213961303775,2,0,0,6.648885249978862,223.16144827740268,0,0,2,0.0,0.0,0.0,0.0,0.0,0.0,0.0,0.0,0.0,0.0,0.0,1.0,1.0,0.0,0.0,0.0
0,1,8.410353322335904,7.730285535740064,2,3414.39756094056,0,0,2,11.225742362368337,54.36299333886575,0,0,0,0.0,0.0,0.0,0.0,0.0,0.0,0.0,0.0,0.0,0.0,0.0,1.0,0.0,0.0,0.0,1.0
3,5,2.6578694283465882,9.937255859289253,1,3073.478885614194,3,0,1,4.316442212944985,235.39810974926095,0,0,5,1.0,0.0,0.0,0.0,0.0,0.0,0.0,0.0,0.0,0.0,0.0,0.0,0.0,0.0,0.0,0.0
0,2,1.8232321197428067,9.381285372509236,1,1969.8693490178157,2,2,0,2.0784703251773244,217.75584378616804,1,0,1,0.0,0.0,0.0,0.0,1.0,0.0,0.0,0.0,0.0,0.0,0.0,0.0,0.0,0.0,0.0,0.0
1,4,2.5249654049054366,9.54909076963812,3,3090.146708213093,3,3,3,9.947431330707575,218.533426474778,1,0,5,0.0,0.0,0.0,0.0,0.0,0.0,0.0,0.0,0.0,0.0,0.0,0.0,0.0,0.0,0.0,1.0
0,2,8.051776224402076,5.280098879872596,0,1141.912771607108,1,0,1,0.1461043312406054,100.58453504688191,1,1,1,0.0,0.0,0.0,0.0,1.0,0.0,1.0,0.0,0.0,0.0,0.0,1.0,1.0,0.0,0.0,0.0
0,0,9.224479805434395,7.253917593335808,3,3263.5089537045756,2,3,2,9.655144760826548,156.82226793465858,1,1,3,0.0,0.0,0.0,0.0,0.0,0.0,0.0,0.0,0.0,0.0,0.0,1.0,0.0,0.0,1.0,0.0
0,1,9.329039809334716,5.408986098369704,0,2200.537883054142,3,1,3,0.2622860076842004,175.73244152754987,0,1,2,0.0,0.0,0.0,0.0,0.0,0.0,0.0,0.0,0.0,0.0,0.0,1.0,1.0,0.0,0.0,0.0
0,4,3.68394210433401,9.396548245465908,1,1668.0907574063065,3,1,2,3.4125651754114377,113.09348583555021,1,1,5,0.0,0.0,0.0,0.0,0.0,0.0,0.0,0.0,0.0,0.0,0.0,0.0,0.0,1.0,1.0,0.0
4,0,8.563072402122025,5.146923958445479,0,2244.923546492965,1,0,0,4.265995986468571,168.1196640541623,0,0,3,0.0,0.0,0.0,0.0,0.0,0.0,0.0,0.0,0.0,0.0,0.0,0.0,1.0,0.0,0.0,0.0
0,3,5.82611981519887,4.923753474455198,2,2852.024629601585,2,0,0,3.822349522513263,73.2049218199495,0,1,3,0.0,0.0,0.0,0.0,0.0,0.0,0.0,0.0,0.0,0.0,0.0,1.0,1.0,0.0,0.0,0.0
1,2,8.405126635133865,4.072975790284112,2,1220.364538294299,4,2,1,2.921184471753387,262.4654063857999,0,1,1,0.0,0.0,0.0,0.0,0.0,0.0,0.0,0.0,0.0,0.0,0.0,1.0,1.0,0.0,0.0,0.0
3,2,5.935283581420009,5.09168716051973,2,805.6394083062075,0,1,0,1.2981415291815446,288.10095876322373,1,0,5,1.0,0.0,0.0,0.0,0.0,0.0,0.0,0.0,0.0,0.0,0.0,0.0,0.0,1.0,0.0,0.0
4,5,2.3130389780120635,5.138577081127197,3,2699.3603109865444,1,0,4,0.03816085617749776,98.01988524840681,1,0,0,0.0,0.0,0.0,0.0,0.0,0.0,1.0,0.0,0.0,0.0,0.0,0.0,0.0,0.0,1.0,0.0
4,3,1.7129759596578769,4.46494112515367,3,3357.406898998769,2,2,0,9.296542183195525,102.71927626204238,1,1,3,0.0,0.0,0.0,0.0,0.0,0.0,1.0,0.0,0.0,0.0,0.0,0.0,1.0,0.0,0.0,0.0
0,3,9.614972342884057,9.206446620478953,3,2410.934275922719,4,1,0,5.482988984034721,64.86303690398364,1,0,1,0.0,0.0,0.0,0.0,0.0,0.0,0.0,0.0,0.0,0.0,0.0,1.0,0.0,0.0,0.0,0.0
4,2,4.8322230078842106,8.679986852176743,1,927.750362270674,4,1,0,1.9433289957333701,259.433798198704,1,1,2,0.0,0.0,0.0,0.0,0.0,0.0,1.0,0.0,0.0,0.0,0.0,1.0,0.0,0.0,0.0,0.0
3,2,4.154685804075861,5.5268889840835405,0,2430.1561083711704,2,3,3,0.9861243538080235,49.00853844108194,0,0,0,1.0,1.0,0.0,0.0,0.0,0.0,0.0,0.0,0.0,0.0,0.0,0.0,1.0,0.0,1.0,0.0
0,4,4.2067277629147934,8.699546219867216,0,849.8962885426504,2,1,2,3.341253607244154,239.65765485714022,0,1,4,0.0,0.0,0.0,0.0,1.0,0.0,0.0,0.0,0.0,0.0,0.0,0.0,1.0,1.0,1.0,0.0
2,0,4.410409703279248,6.532987280780789,1,1410.5742590597356,2,1,3,4.252489481108485,249.6985915034757,0,1,4,1.0,0.0,0.0,0.0,0.0,0.0,0.0,0.0,0.0,0.0,0.0,0.0,1.0,0.0,1.0,0.0
4,1,9.504971451049043,8.653121856089108,2,594.7931035968993,2,2,1,5.537021122841445,94.86568996625934,1,1,4,0.0,0.0,0.0,0.0,1.0,0.0,1.0,0.0,0.0,0.0,0.0,1.0,0.0,1.0,1.0,0.0
1,3,1.5643412866285828,5.9380459110110415,0,1962.5048722637002,3,3,1,1.2126421389065345,233.03747820289792,0,0,4,0.0,0.0,0.0,0.0,0.0,0.0,0.0,0.0,0.0,0.0,0.0,0.0,1.0,0.0,1.0,0.0
0,3,2.0715515864406924,7.387925358927262,3,1464.0625565237035,2,2,3,11.759080069210903,135.89159767241128,0,1,0,0.0,0.0,0.0,0.0,1.0,0.0,0.0,0.0,0.0,0.0,0.0,0.0,0.0,0.0,1.0,1.0
4,0,8.106863639336643,6.2896632517250115,3,792.5656695361911,2,1,0,3.2249557304406395,104.53578230976169,0,0,4,0.0,0.0,0.0,0.0,1.0,0.0,0.0,0.0,0.0,0.0,0.0,1.0,0.0,1.0,0.0,0.0
4,4,5.944685422061249,5.126054902140815,0,1427.0819068479552,4,1,1,5.295550733075612,268.01352637863755,0,1,1,0.0,0.0,0.0,0.0,1.0,0.0,0.0,0.0,0.0,0.0,0.0,0.0,1.0,1.0,0.0,0.0
4,3,2.156830821648568,7.513797304012004,3,2442.710358248489,0,0,0,8.508185167097388,136.0584281061684,0,0,3,0.0,0.0,0.0,0.0,0.0,0.0,0.0,0.0,0.0,0.0,0.0,0.0,0.0,0.0,0.0,0.0
4,1,1.3101412310050273,8.504984799867106,2,1367.2446665014122,4,0,2,3.7222835932104408,16.568906882840984,1,1,3,0.0,0.0,0.0,0.0,0.0,0.0,1.0,0.0,0.0,0.0,0.0,0.0,0.0,0.0,0.0,0.0
4,4,3.0181091345130464,8.518642747564893,1,929.2163521787901,3,3,4,0.9899635332253389,190.3564202716973,1,1,1,0.0,0.0,0.0,0.0,0.0,0.0,1.0,0.0,0.0,0.0,0.0,0.0,0.0,1.0,1.0,0.0
2,5,3.3472966393924395,6.137736509915461,2,2134.392395077336,2,2,4,4.518485466885596,197.4006976369549,0,0,0,1.0,0.0,0.0,0.0,0.0,0.0,0.0,1.0,0.0,0.0,0.0,0.0,1.0,0.0,1.0,0.0
0,2,1.127917266171778,7.112270610434968,2,2759.6818117594494,2,1,3,6.634472603955526,190.39514578097666,0,0,0,0.0,0.0,0.0,0.0,0.0,0.0,0.0,0.0,0.0,0.0,0.0,0.0,0.0,0.0,1.0,0.0
3,1,2.9448148450347404,8.582671591510518,1,2990.424068619374,2,3,3,10.101047038243664,108.09565193328397,1,1,2,1.0,0.0,0.0,0.0,0.0,0.0,0.0,0.0,0.0,0.0,0.0,0.0,1.0,0.0,1.0,0.0
1,1,7.644870432571597,4.326985567135545,2,1916.2913393394315,2,3,1,4.415112946629925,203.58444641042982,0,1,3,0.0,0.0,0.0,0.0,0.0,0.0,0.0,0.0,0.0,0.0,0.0,1.0,1.0,0.0,0.0,0.0
2,3,8.698903206733034,4.431329999805162,0,2633.21726277116,1,2,3,10.6742515263549,87.32829590487583,0,1,0,1.0,1.0,0.0,0.0,0.0,1.0,0.0,0.0,0.0,0.0,0.0,1.0,1.0,0.0,1.0,0.0
3,0,9.084122467927461,6.257336439832464,1,2999.983245332306,3,1,4,6.552904253521016,139.3086527823448,1,1,4,1.0,1.0,0.0,0.0,0.0,0.0,0.0,0.0,0.0,0.0,0.0,1.0,1.0,0.0,0.0,1.0
4,2,4.50922629379189,5.3408296061738,3,2518.667691715177,1,2,2,8.60983969433302,65.01201599288822,0,0,1,0.0,0.0,0.0,0.0,0.0,0.0,0.0,0.0,0.0,0.0,0.0,0.0,0.0,0.0,1.0,0.0
1,0,3.874723533132019,6.247876117301322,0,2081.8142152499186,3,3,0,0.36199062846648156,183.97573084279472,1,1,4,0.0,0.0,0.0,0.0,0.0,0.0,1.0,0.0,0.0,0.0,0.0,0.0,1.0,0.0,1.0,0.0
1,0,9.998747633870988,4.562518479157742,2,679.8181014227087,2,2,3,10.748727873208718,243.15022938630278,1,0,4,0.0,0.0,0.0,0.0,0.0,0.0,0.0,0.0,0.0,0.0,0.0,1.0,1.0,1.0,1.0,1.0
3,2,7.924064058294299,7.552048184051725,1,1370.1031237874802,1,1,0,2.5613649595287797,29.299968886175222,0,0,4,1.0,1.0,0.0,0.0,0.0,0.0,0.0,0.0,0.0,0.0,0.0,1.0,0.0,0.0,0.0,0.0
0,4,5.83616872816799,8.030443035966126,1,1459.44547233718,4,2,1,3.9104239514300496,8.103702894558785,1,0,1,0.0,0.0,0.0,0.0,1.0,0.0,0.0,0.0,0.0,0.0,0.0,0.0,0.0,1.0,0.0,0.0
2,5,3.2929428942045695,8.751043047363439,0,1685.0337528022376,1,3,0,6.283863317485773,228.34032106959447,1,0,3,1.0,0.0,0.0,0.0,0.0,0.0,0.0,1.0,0.0,0.0,0.0,0.0,0.0,0.0,1.0,0.0
3,0,3.8917490759659423,7.903137628451962,2,3352.6781099129385,3,1,0,11.517958599107766,96.86394475279957,1,1,4,1.0,0.0,0.0,0.0,0.0,0.0,0.0,0.0,0.0,0.0,0.0,0.0,0.0,0.0,0.0,1.0
2,1,5.638279139464485,6.378288370036455,2,1126.6260270585285,1,0,3,4.148101316508978,97.14764357685911,0,0,4,1.0,0.0,0.0,0.0,0.0,0.0,0.0,0.0,0.0,0.0,0.0,0.0,0.0,1.0,0.0,0.0
1,2,5.878746278116756,9.609569348907145,2,2124.664733021881,1,2,3,2.6460208909581,169.4218593262611,1,1,3,0.0,0.0,0.0,0.0,0.0,0.0,1.0,0.0,0.0,0.0,0.0,0.0,0.0,0.0,1.0,0.0
4,3,1.1231077984631004,8.357992096167942,1,3473.654320082661,2,2,2,11.528726321265706,146.02126941062966,0,1,4,0.0,0.0,0.0,0.0,0.0,0.0,1.0,0.0,0.0,0.0,0.0,0.0,0.0,0.0,1.0,1.0
1,5,9.63460076744327,7.166087474960653,2,2356.3836823419742,4,3,1,9.701572049828615,36.46800905939983,0,0,2,0.0,0.0,0.0,0.0,0.0,0.0,0.0,0.0,0.0,0.0,0.0,1.0,0.0,0.0,0.0,0.0
3,4,6.180456226164072,5.241102450013553,2,1126.732171034545,1,0,3,7.961042630734501,228.13053941958455,0,1,5,1.0,0.0,0.0,0.0,0.0,0.0,0.0,0.0,0.0,0.0,0.0,0.0,1.0,1.0,0.0,1.0
2,3,6.3024241996822,7.893849920417294,2,3380.572795334323,0,3,2,4.915636226825078,52.88144311590288,1,0,4,1.0,0.0,0.0,0.0,0.0,0.0,0.0,0.0,0.0,0.0,0.0,1.0,0.0,0.0,1.0,0.0
0,0,2.9032402037843728,7.550323150515736,2,1508.8780071614506,0,3,1,5.045459759057737,247.80846714504352,0,0,0,0.0,0.0,0.0,0.0,0.0,0.0,0.0,0.0,0.0,0.0,0.0,0.0,0.0,1.0,1.0,0.0
2,0,7.884884609211231,8.09997999362528,1,643.6121287958931,2,2,2,11.408045308827719,229.3042927632811,0,1,4,1.0,0.0,0.0,0.0,0.0,0.0,0.0,0.0,0.0,0.0,0.0,1.0,0.0,1.0,1.0,0.0
0,0,7.635380680826585,8.686748591849806,2,1794.085302379041,3,0,3,0.8275019954772436,50.167981536801484,0,0,0,0.0,0.0,0.0,0.0,0.0,0.0,0.0,0.0,0.0,0.0,0.0,1.0,0.0,0.0,0.0,0.0
4,3,1.8564217606428766,9.490297713869344,2,1221.9670885251444,3,0,2,9.090002466422785,227.4641011622862,0,0,0,0.0,0.0,0.0,0.0,0.0,0.0,0.0,0.0,0.0,0.0,0.0,0.0,0.0,0.0,0.0,1.0
3,1,6.354949350339282,9.694339548148875,3,2956.5913192860357,1,1,4,7.213805729036862,198.28185865822613,1,0,3,1.0,0.0,0.0,0.0,0.0,0.0,0.0,0.0,0.0,0.0,0.0,0.0,0.0,0.0,1.0,0.0
1,1,6.923743707968919,7.781113012753577,1,1159.8675027417662,4,0,2,11.621222883964368,294.54603684625096,1,1,2,0.0,0.0,0.0,0.0,0.0,0.0,0.0,0.0,0.0,0.0,0.0,1.0,0.0,1.0,0.0,1.0
2,4,8.520113571164895,9.79573621452006,1,2959.562066713438,0,2,2,6.700863768319233,213.54866806944486,1,0,2,1.0,1.0,0.0,0.0,0.0,0.0,0.0,0.0,0.0,0.0,0.0,1.0,0.0,0.0,1.0,0.0
3,4,2.854820610259396,9.468534394003406,2,608.513049604429,2,3,3,3.3664803540584853,117.0652359460436,1,0,2,1.0,0.0,0.0,0.0,0.0,0.0,0.0,1.0,0.0,0.0,0.0,0.0,0.0,1.0,1.0,0.0
1,2,8.898713171257654,4.015686142091326,2,3287.4719537563687,4,1,1,9.359025326802797,186.01729293097148,0,0,2,0.0,0.0,0.0,0.0,0.0,0.0,0.0,0.0,0.0,0.0,0.0,1.0,1.0,0.0,0.0,1.0
1,5,5.153329645368361,7.825704797476047,1,626.5805803550406,4,2,3,11.827542943982502,198.56166728658664,1,0,5,0.0,0.0,0.0,0.0,0.0,0.0,0.0,1.0,0.0,0.0,1.0,0.0,1.0,1.0,0.0,0.0
2,4,1.8687125737508032,5.070816459004382,0,3315.619531960975,3,3,3,10.889443864008454,223.69509995591235,0,1,4,1.0,0.0,0.0,0.0,0.0,0.0,0.0,0.0,0.0,0.0,0.0,0.0,1.0,0.0,0.0,1.0
1,4,1.9505909935978836,5.771155926750991,2,721.0738274944885,1,3,1,3.5368706128153504,140.58775394461443,1,0,4,0.0,0.0,0.0,0.0,0.0,0.0,0.0,1.0,0.0,0.0,0.0,0.0,0.0,1.0,1.0,0.0
3,5,2.7802400830585263,5.785001198413533,2,3117.7508076752692,3,2,1,4.156203496192015,248.30832926029996,0,0,3,1.0,0.0,0.0,0.0,0.0,0.0,0.0,0.0,0.0,0.0,0.0,0.0,1.0,0.0,0.0,0.0
0,1,3.5447563538677764,6.898777837822644,3,2993.996112949154,1,0,0,9.057842308012251,86.08253223184049,0,1,4,0.0,0.0,0.0,0.0,0.0,0.0,0.0,0.0,0.0,0.0,0.0,0.0,1.0,0.0,0.0,1.0
4,4,5.467652240138197,4.065197067960199,2,2283.2715128222308,1,0,0,7.178285866314631,289.0020917363049,0,0,3,0.0,0.0,0.0,0.0,0.0,0.0,0.0,0.0,0.0,0.0,0.0,0.0,1.0,0.0,0.0,1.0
1,5,7.738760779701039,5.414778448147939,2,607.9582521970428,2,3,0,0.13935314150851097,93.1291911151542,0,1,5,0.0,0.0,0.0,0.0,0.0,0.0,0.0,0.0,1.0,0.0,0.0,1.0,1.0,1.0,0.0,0.0
2,5,2.680533118174891,4.17472574175902,0,2363.4284203088446,3,3,3,1.7023397750993965,11.263846982038917,1,1,0,1.0,0.0,0.0,0.0,0.0,0.0,0.0,0.0,0.0,0.0,0.0,0.0,1.0,0.0,1.0,0.0
0,3,9.93386615049583,7.903351394315427,1,2353.53926248058,1,3,0,1.0259046427229617,60.040475686021225,1,1,4,0.0,0.0,0.0,0.0,0.0,0.0,1.0,0.0,0.0,0.0,0.0,1.0,0.0,0.0,0.0,0.0
1,4,2.4536973859328133,9.335725472156998,0,2171.5924249315085,4,1,2,2.1447445981375113,278.2321264486265,0,1,2,0.0,0.0,0.0,0.0,0.0,0.0,0.0,0.0,0.0,0.0,0.0,0.0,0.0,0.0,0.0,0.0
3,5,6.394401709499327,9.986731958991593,2,2394.576714340162,4,0,0,3.658917077290371,237.01541406142303,0,0,1,1.0,0.0,0.0,0.0,0.0,0.0,0.0,0.0,0.0,0.0,0.0,0.0,0.0,0.0,0.0,0.0
1,5,9.36046392284206,6.691341350692585,2,3404.3222097358803,1,2,3,11.606394567306944,131.81126337054002,1,0,3,0.0,0.0,0.0,0.0,0.0,0.0,0.0,0.0,0.0,0.0,1.0,1.0,0.0,0.0,1.0,0.0
0,5,8.492566805891444,5.560846661764916,3,3486.5217429709,1,2,3,8.117632006218233,271.54658868408234,0,0,5,0.0,0.0,0.0,0.0,0.0,0.0,0.0,0.0,1.0,0.0,0.0,1.0,0.0,0.0,1.0,0.0
2,4,6.831002814968439,9.118621580384154,2,2061.48741993752,0,0,1,0.6571354577865245,73.98991511437238,1,1,1,1.0,0.0,0.0,0.0,0.0,0.0,1.0,0.0,0.0,0.0,0.0,0.0,0.0,0.0,1.0,0.0
0,2,7.439436971118086,4.678951105242836,3,775.4018728677065,2,1,3,7.28838156953562,70.06747315222842,1,0,2,0.0,0.0,0.0,0.0,1.0,0.0,0.0,0.0,0.0,0.0,0.0,1.0,1.0,1.0,0.0,0.0
1,4,2.2078506403482785,9.845433886336846,2,901.9071309355338,0,1,1,5.239971566774935,38.687490845926185,1,0,1,0.0,0.0,0.0,0.0,0.0,0.0,0.0,0.0,0.0,0.0,0.0,0.0,0.0,1.0,0.0,0.0
2,2,1.086967483842234,8.289024728309213,3,2661.052638020046,4,1,3,9.048475712371564,132.72968949700635,1,0,4,1.0,0.0,0.0,0.0,0.0,0.0,0.0,0.0,0.0,0.0,0.0,0.0,0.0,0.0,1.0,0.0
2,4,4.907339059243355,7.023607992204485,1,3445.8907616691968,4,3,3,10.607136665428074,154.23768188332113,0,1,3,1.0,0.0,0.0,0.0,0.0,0.0,0.0,0.0,0.0,0.0,1.0,1.0,1.0,0.0,1.0,1.0
3,4,1.8056703370447273,4.5799032239454,2,1808.165671195843,4,1,2,0.7825587131736094,43.54235573340638,1,1,1,1.0,0.0,0.0,0.0,0.0,0.0,0.0,0.0,0.0,0.0,0.0,0.0,1.0,0.0,1.0,0.0
3,5,4.219773057215419,4.109175614258628,2,794.1162377349465,1,3,3,11.759190216713687,34.381648764931526,0,1,5,1.0,0.0,0.0,0.0,0.0,0.0,0.0,1.0,0.0,0.0,1.0,0.0,1.0,1.0,1.0,0.0
4,3,3.0136851421276383,7.267193184891635,2,1559.1336575148455,3,0,4,0.6948630682173467,117.13556566172568,1,1,1,0.0,0.0,0.0,0.0,0.0,0.0,1.0,0.0,0.0,0.0,0.0,0.0,0.0,0.0,0.0,0.0
0,2,9.247120501426684,6.483103044640128,2,1655.0308313615672,2,3,2,8.788480187876342,69.78566129566573,0,1,0,0.0,0.0,0.0,0.0,1.0,0.0,0.0,0.0,0.0,0.0,0.0,1.0,1.0,0.0,1.0,0.0
1,0,8.920503991072518,9.05598696617222,3,3489.7860016557943,1,2,1,10.837583796272892,172.27919966778475,0,1,1,0.0,0.0,0.0,0.0,0.0,0.0,0.0,0.0,0.0,0.0,0.0,1.0,0.0,0.0,1.0,0.0
0,3,8.370485636779076,7.853832878160621,0,2559.7500598831616,2,2,2,9.020630095395115,157.30055708676045,1,1,1,0.0,0.0,0.0,0.0,0.0,0.0,1.0,0.0,0.0,0.0,0.0,1.0,1.0,0.0,1.0,1.0
0,3,7.425498685725888,6.59137807897417,1,853.5982582122393,0,1,2,1.809472820031187,48.74505146883475,1,1,1,0.0,0.0,0.0,0.0,1.0,0.0,0.0,0.0,0.0,0.0,0.0,1.0,0.0,1.0,0.0,0.0
1,3,2.386647361936243,5.356042360607163,2,1511.2301508272476,4,0,0,2.495912728276874,3.983102904372704,1,0,0,0.0,0.0,0.0,0.0,0.0,0.0,0.0,0.0,0.0,0.0,0.0,0.0,1.0,0.0,0.0,0.0
2,4,1.4353068357923642,6.882533252872037,2,645.6761374967775,0,0,4,0.49414883224392003,193.43689894085563,0,0,5,1.0,0.0,0.0,0.0,0.0,0.0,0.0,0.0,0.0,0.0,0.0,0.0,0.0,1.0,0.0,0.0
4,5,6.884990720692232,4.977965672716939,2,2459.181524334348,1,1,2,1.5728630492745506,231.86564942376157,1,1,1,0.0,0.0,0.0,0.0,0.0,0.0,1.0,0.0,0.0,1.0,0.0,0.0,1.0,0.0,0.0,0.0
3,0,6.780323234575894,8.002075974839112,0,2518.2178066312,1,1,4,0.7321978375804346,146.4818123732297,0,1,5,1.0,1.0,0.0,0.0,0.0,0.0,0.0,0.0,0.0,0.0,0.0,1.0,0.0,0.0,1.0,0.0
3,2,4.324818562790329,7.634374434794561,3,672.49023522174,2,0,4,0.6436651274020271,172.65028282090807,0,0,4,1.0,0.0,0.0,0.0,0.0,0.0,0.0,0.0,0.0,0.0,0.0,0.0,0.0,1.0,0.0,0.0
3,4,5.254179997920374,8.860428208757217,2,1506.559823896288,3,0,0,6.7453423886408554,288.51342896915855,1,0,4,1.0,0.0,0.0,0.0,0.0,0.0,0.0,0.0,0.0,0.0,0.0,0.0,0.0,1.0,0.0,0.0
0,4,5.4023444941419045,6.697175633453657,1,3208.5151008110374,4,2,0,0.9204021399319462,230.31116610505975,0,0,1,0.0,0.0,0.0,0.0,0.0,0.0,0.0,0.0,0.0,0.0,0.0,0.0,1.0,0.0,0.0,0.0
4,4,3.159353194718557,5.671891198165174,3,2980.448090224413,1,2,0,5.100739694763387,100.14296114436357,0,1,3,0.0,0.0,0.0,0.0,0.0,0.0,0.0,0.0,0.0,0.0,0.0,0.0,0.0,0.0,0.0,0.0
4,4,3.827499507168273,9.018372155414532,1,2222.6377094336485,1,0,2,8.515955728869976,255.09050215873984,1,0,2,0.0,0.0,0.0,0.0,0.0,0.0,1.0,0.0,0.0,0.0,0.0,0.0,0.0,0.0,0.0,1.0
0,5,4.765505991971514,8.145982488759309,0,1953.870081423811,0,3,1,0.18161708566556367,164.54767158950827,1,1,2,0.0,0.0,0.0,0.0,0.0,0.0,0.0,1.0,0.0,0.0,0.0,0.0,0.0,0.0,1.0,0.0
2,5,6.428611269204308,8.240254984356099,3,3478.555736200978,2,3,0,7.666531188977455,156.58033177588052,0,1,5,1.0,0.0,0.0,0.0,0.0,0.0,0.0,0.0,1.0,0.0,0.0,1.0,0.0,0.0,1.0,1.0
4,3,9.602372854156531,7.168507428438073,1,2666.5866785573817,4,3,2,9.086206396284215,207.5615768652676,0,1,5,0.0,0.0,0.0,0.0,0.0,0.0,1.0,0.0,0.0,0.0,0.0,1.0,0.0,0.0,0.0,0.0
2,1,5.84636148567136,9.25587168932124,3,3357.905633587437,0,0,1,6.440041131182108,128.84549369102237,1,1,2,1.0,0.0,0.0,0.0,0.0,0.0,0.0,0.0,0.0,0.0,0.0,0.0,0.0,0.0,1.0,0.0
4,3,7.5804751858888135,5.366701044829215,2,714.75564305955,4,1,4,5.70710094644129,264.23176085185906,1,0,0,0.0,0.0,0.0,0.0,1.0,0.0,1.0,0.0,0.0,0.0,0.0,0.0,1.0,1.0,0.0,0.0
4,4,8.263009921559979,6.410152152117524,0,1136.4534690756552,1,0,3,8.770090366944501,50.185329076769406,1,1,3,0.0,0.0,0.0,0.0,0.0,0.0,1.0,0.0,0.0,0.0,0.0,1.0,1.0,0.0,0.0,1.0
2,0,2.0215730917769825,8.777395429988943,1,593.3331072346401,4,0,4,6.3567914626024145,126.57398765831431,1,1,5,1.0,0.0,0.0,0.0,0.0,0.0,1.0,0.0,0.0,0.0,0.0,0.0,0.0,1.0,0.0,0.0
0,4,6.878122007985469,4.797765411812087,3,3103.752844067526,0,3,2,6.111396456463645,19.459090322008155,0,0,5,0.0,0.0,0.0,0.0,0.0,0.0,0.0,0.0,0.0,0.0,0.0,1.0,0.0,0.0,1.0,0.0
1,3,5.33899648228982,8.848656958097289,3,2582.6943234959917,4,3,3,9.621796520621777,211.61828677898262,0,1,2,0.0,0.0,0.0,0.0,0.0,0.0,0.0,0.0,0.0,0.0,0.0,0.0,0.0,0.0,1.0,1.0
1,5,6.151878480231029,6.115571324385042,0,1032.9549585264122,1,0,0,10.050657117557321,81.0885677043979,1,0,3,0.0,0.0,0.0,0.0,0.0,0.0,0.0,0.0,0.0,0.0,1.0,1.0,1.0,1.0,0.0,0.0
2,1,1.3457524219214014,4.7530221941822015,3,3422.5718223263816,1,1,3,4.421018923198103,127.62740175705967,1,1,5,1.0,0.0,0.0,0.0,0.0,0.0,1.0,0.0,0.0,0.0,0.0,0.0,1.0,0.0,0.0,0.0
2,5,9.155941628926467,4.474896913211374,3,3367.391667844112,1,0,2,4.985749117464058,265.9086618518655,0,1,1,1.0,1.0,0.0,0.0,0.0,0.0,0.0,0.0,0.0,0.0,0.0,0.0,1.0,0.0,0.0,0.0
2,2,9.575057346179051,9.058172312522405,2,1173.7934147741207,0,3,0,9.609122751741618,55.88566161319404,1,0,1,1.0,1.0,0.0,0.0,0.0,0.0,0.0,0.0,0.0,0.0,0.0,1.0,0.0,0.0,1.0,0.0
0,3,1.0313373131615058,8.671693273753814,0,2441.0292591281313,3,2,0,6.5384170658745635,0.6754585006905067,1,0,0,0.0,0.0,0.0,0.0,0.0,0.0,0.0,0.0,0.0,0.0,0.0,0.0,0.0,0.0,0.0,0.0
1,3,2.915124328373598,5.728248072337099,2,2504.3087502067574,0,1,1,8.241761082790163,173.4359401031614,0,0,3,0.0,0.0,0.0,0.0,0.0,0.0,0.0,0.0,0.0,0.0,0.0,0.0,1.0,0.0,1.0,0.0
3,3,2.62174756338055,4.698173135424869,1,512.0502650643468,2,3,1,0.9021004397665231,131.26357211024816,1,0,5,1.0,0.0,0.0,0.0,0.0,0.0,0.0,0.0,0.0,0.0,0.0,0.0,1.0,1.0,1.0,0.0
0,5,8.031740655518663,5.483406556226308,0,2566.3393768054984,4,0,1,1.144424874702834,16.488218137192312,0,0,1,0.0,0.0,0.0,0.0,0.0,0.0,0.0,0.0,0.0,0.0,0.0,1.0,1.0,0.0,0.0,0.0
1,1,6.382720532006383,5.277925814162055,3,1164.0205843161625,2,1,3,6.381617324589628,88.87370215901205,0,1,5,0.0,0.0,0.0,0.0,0.0,0.0,0.0,0.0,0.0,0.0,0.0,1.0,1.0,1.0,0.0,0.0
4,4,2.5960029696705855,8.39833391015319,2,3203.9562518055177,4,2,2,9.830730530710472,71.73180666919498,1,1,3,0.0,0.0,0.0,0.0,0.0,0.0,1.0,0.0,0.0,0.0,0.0,0.0,0.0,0.0,0.0,1.0
0,5,8.325738597869744,5.293378506141505,0,3015.5213976785476,3,1,1,3.798505114893167,78.18543957645622,1,1,1,0.0,0.0,0.0,0.0,0.0,0.0,0.0,0.0,0.0,0.0,0.0,0.0,1.0,0.0,0.0,0.0
2,1,4.181273846251736,5.2965911306057505,1,3215.880754012871,3,2,3,11.52758716088432,236.8987149721059,0,0,5,1.0,0.0,0.0,0.0,0.0,0.0,0.0,0.0,0.0,0.0,0.0,0.0,1.0,0.0,1.0,1.0
1,1,5.1477118866379215,4.193608794993132,3,2772.6618870330403,4,0,2,9.12390391636242,91.4249412741573,0,0,3,0.0,0.0,0.0,0.0,0.0,0.0,0.0,0.0,0.0,0.0,0.0,0.0,1.0,0.0,0.0,1.0
0,2,4.485759447885808,7.5811581298571085,1,994.7163156427526,0,2,3,9.380539918641368,146.88795097639803,1,1,3,0.0,0.0,0.0,0.0,0.0,0.0,0.0,0.0,0.0,0.0,0.0,0.0,0.0,0.0,1.0,0.0
2,4,5.692421857971065,8.133877289536644,1,1581.6629389655475,1,2,2,10.008407292924117,79.65602530504083,0,1,0,1.0,0.0,0.0,0.0,0.0,0.0,0.0,0.0,0.0,0.0,0.0,1.0,0.0,0.0,1.0,0.0
2,5,5.321282219458528,7.920942813688503,0,2626.7944207592586,1,0,3,3.0538583898193843,285.1620523170137,1,0,3,1.0,0.0,0.0,0.0,0.0,0.0,0.0,0.0,0.0,0.0,0.0,0.0,0.0,0.0,1.0,0.0
0,4,3.471256023961984,7.411594936936471,0,1469.9751297746373,0,1,4,3.9639071962671353,232.2641455157502,0,1,1,0.0,0.0,0.0,0.0,0.0,0.0,0.0,0.0,0.0,0.0,0.0,0.0,1.0,0.0,1.0,0.0
0,4,4.821004337444563,9.796449693045012,3,2630.0988008502245,0,1,0,1.4211815335727227,126.98478396269365,1,0,2,0.0,0.0,0.0,0.0,0.0,0.0,0.0,0.0,0.0,0.0,0.0,0.0,0.0,0.0,0.0,0.0
0,2,9.175034348688701,6.8364310730625295,3,1508.4761749178133,0,2,0,4.564269865500883,218.0950123288124,0,0,5,0.0,0.0,0.0,0.0,0.0,0.0,0.0,0.0,0.0,0.0,0.0,0.0,0.0,0.0,0.0,0.0
3,3,5.526047228313206,9.160819048727408,0,1033.1883630536254,4,1,3,0.42998596134769995,94.44756527856323,1,1,5,1.0,1.0,0.0,0.0,0.0,0.0,0.0,0.0,0.0,0.0,0.0,1.0,0.0,0.0,1.0,0.0
4,1,9.24747769380138,7.876059462264033,2,2054.491455168609,4,1,2,9.01784989994347,24.668966467947108,0,1,2,0.0,0.0,0.0,0.0,0.0,0.0,0.0,0.0,0.0,1.0,0.0,1.0,0.0,0.0,0.0,1.0
0,2,5.9511434303616815,4.504971644127016,2,2558.683278510748,2,0,1,9.630685435972655,129.15666112143933,1,1,1,0.0,0.0,0.0,0.0,0.0,0.0,0.0,0.0,0.0,0.0,0.0,0.0,1.0,0.0,0.0,1.0
1,1,7.91935563937743,8.860530765856534,3,2051.587061848276,4,3,0,2.563469710459425,169.3756064789674,1,0,1,0.0,0.0,0.0,0.0,0.0,0.0,0.0,0.0,0.0,0.0,0.0,1.0,0.0,0.0,0.0,0.0
1,0,3.6423217869374165,7.50633125013891,2,2425.6018948978694,1,2,4,5.878788403889562,104.80640075670897,0,0,1,0.0,0.0,0.0,0.0,0.0,0.0,0.0,0.0,0.0,0.0,0.0,0.0,0.0,0.0,1.0,0.0
1,5,8.11372141039967,7.921153955952608,3,1814.1530543129923,2,2,0,8.063913346438547,120.46151645996996,0,0,3,0.0,0.0,0.0,0.0,0.0,0.0,0.0,0.0,0.0,0.0,0.0,1.0,0.0,0.0,1.0,0.0
1,4,3.3788945168648703,5.081364613743111,0,2834.9939869500345,4,1,2,8.910486380544995,214.32864715284987,1,1,5,0.0,0.0,0.0,0.0,0.0,0.0,1.0,0.0,0.0,0.0,0.0,0.0,1.0,0.0,0.0,1.0
0,3,1.175949744786757,6.624940564854144,0,2449.8992679341227,0,2,1,11.633259867172317,268.6342146178491,1,0,5,0.0,0.0,0.0,0.0,0.0,0.0,0.0,0.0,0.0,0.0,0.0,0.0,0.0,0.0,1.0,1.0
2,0,2.4465604885992374,9.283494846245706,1,2223.8199022559506,0,0,1,2.407839547142293,268.2318128864854,1,1,1,1.0,0.0,0.0,0.0,0.0,0.0,1.0,0.0,0.0,0.0,0.0,0.0,0.0,0.0,0.0,0.0
1,0,1.1948758752883315,5.292587158517891,1,1806.1151464266818,2,1,3,2.9606869047329676,172.7075441420571,0,0,4,0.0,0.0,0.0,0.0,0.0,0.0,0.0,0.0,0.0,0.0,0.0,0.0,1.0,0.0,0.0,0.0
1,0,9.523563777022858,4.000749439223162,3,2107.182668413867,1,1,2,10.246549545153684,188.84710718670777,0,0,2,0.0,0.0,0.0,0.0,0.0,0.0,0.0,0.0,0.0,0.0,0.0,1.0,1.0,0.0,1.0,1.0
1,4,9.999793183759248,5.545052272704851,1,653.0291650743853,3,1,0,1.1665585971206425,159.84337960435624,1,0,3,0.0,0.0,0.0,0.0,0.0,0.0,0.0,0.0,0.0,0.0,0.0,1.0,0.0,1.0,0.0,0.0
4,1,7.860072372575686,6.925254695058472,1,2500.159030050605,3,2,0,9.430587152168687,111.37071563148453,1,0,1,0.0,0.0,0.0,0.0,0.0,0.0,1.0,0.0,0.0,0.0,0.0,1.0,1.0,0.0,0.0,1.0
3,1,1.9731534737642886,8.927668259811528,2,1113.2351877962635,1,1,4,1.600088660759222,221.44790881117746,1,0,4,1.0,0.0,0.0,0.0,0.0,0.0,0.0,0.0,0.0,0.0,0.0,0.0,0.0,0.0,1.0,0.0
2,5,9.090509142993845,7.8597454034401055,3,3080.446881175525,0,2,1,5.573648544965121,33.37358511990064,0,1,2,1.0,0.0,0.0,0.0,0.0,0.0,0.0,0.0,0.0,0.0,0.0,1.0,0.0,0.0,0.0,0.0
1,5,7.693985649394939,9.514380813743056,0,2937.0313045699168,0,2,2,7.106917832355483,268.20425126707244,1,1,4,0.0,0.0,0.0,0.0,0.0,0.0,0.0,0.0,0.0,0.0,0.0,1.0,0.0,0.0,0.0,0.0
4,4,3.990200638618791,6.7333865897673615,2,2083.8639986199582,2,3,3,9.214530921066295,85.11584073719375,1,0,1,0.0,0.0,0.0,0.0,0.0,0.0,1.0,0.0,0.0,0.0,0.0,0.0,1.0,0.0,1.0,0.0
4,1,5.520501206280389,6.344891337742224,1,3041.393204937248,1,0,4,1.3743560620199902,65.64664543113425,1,1,5,0.0,0.0,0.0,0.0,0.0,0.0,1.0,0.0,0.0,0.0,0.0,1.0,1.0,0.0,1.0,0.0
0,3,6.95583407135772,5.388509299574279,0,2512.409731447822,0,3,1,9.888697104860793,82.19826220344476,1,1,2,0.0,0.0,0.0,0.0,0.0,0.0,0.0,0.0,0.0,0.0,0.0,1.0,1.0,0.0,1.0,1.0
4,1,1.2164542810594412,5.308374907234625,3,923.7801346739398,3,0,1,10.206690525661982,243.51508038829357,1,0,3,0.0,0.0,0.0,0.0,0.0,0.0,1.0,0.0,0.0,0.0,0.0,0.0,1.0,0.0,0.0,0.0
3,5,5.513868208899057,8.416659382048362,3,2722.318263887567,4,2,2,9.521993629811167,80.66835343139837,1,1,3,1.0,0.0,0.0,0.0,0.0,0.0,1.0,0.0,0.0,0.0,0.0,1.0,0.0,0.0,0.0,0.0
0,0,7.591558899294866,4.482154738271855,0,3487.4193970162532,4,1,1,11.247734985131498,182.8615752046837,1,0,3,0.0,0.0,0.0,0.0,0.0,0.0,0.0,0.0,0.0,0.0,0.0,1.0,1.0,0.0,0.0,1.0
3,4,2.6940283470669955,5.456281508998051,3,622.9319262732762,0,3,3,10.466701744544393,102.94733038893197,1,0,1,1.0,0.0,0.0,0.0,0.0,0.0,0.0,1.0,0.0,0.0,0.0,0.0,1.0,1.0,1.0,1.0
0,3,4.994115161313998,9.315371557240779,2,1234.7583039843016,0,0,3,9.215744690689267,196.92111441375087,1,0,5,0.0,0.0,0.0,0.0,0.0,0.0,0.0,0.0,0.0,0.0,0.0,0.0,0.0,1.0,0.0,0.0
0,4,5.792771162664399,7.461524908597918,2,2293.222245150693,2,1,1,6.952029835729791,177.48796240872485,0,0,1,0.0,0.0,0.0,0.0,0.0,0.0,0.0,0.0,0.0,0.0,0.0,0.0,0.0,0.0,0.0,0.0
0,2,7.62008834763309,4.279525654409993,1,1745.5833599757912,4,0,1,9.703494942149215,299.3299567864526,0,1,2,0.0,0.0,0.0,0.0,0.0,0.0,0.0,0.0,0.0,0.0,0.0,1.0,1.0,0.0,0.0,1.0
2,0,9.680083397137967,8.225530289978714,1,2412.6686196399287,2,3,3,11.703994440397201,93.28679702262266,1,0,2,1.0,1.0,0.0,0.0,0.0,0.0,0.0,0.0,0.0,0.0,0.0,1.0,0.0,0.0,1.0,1.0
3,4,8.634479932038623,7.040094206518698,0,2259.212999416357,2,2,2,7.647830985486754,104.94221210635413,0,1,2,1.0,1.0,0.0,0.0,0.0,1.0,0.0,0.0,0.0,0.0,0.0,1.0,1.0,0.0,0.0,0.0
2,3,6.593665782069552,9.127130364988094,0,2863.968403698528,4,0,2,2.9112614800668513,59.630265313815215,1,1,1,1.0,0.0,0.0,0.0,0.0,0.0,0.0,0.0,0.0,0.0,0.0,1.0,0.0,0.0,0.0,0.0
0,2,6.252766073513284,8.094603235247579,0,712.7087604222379,3,3,4,2.9741504390223397,139.17245164305643,1,0,5,0.0,0.0,0.0,0.0,1.0,0.0,0.0,0.0,0.0,0.0,0.0,0.0,0.0,1.0,1.0,0.0
0,2,6.428680237654036,4.026679527866731,2,1821.848209785345,4,1,3,9.551846912918355,251.20806355224843,0,0,3,0.0,0.0,0.0,0.0,0.0,0.0,0.0,0.0,0.0,0.0,0.0,1.0,1.0,0.0,0.0,1.0
4,2,5.9066077839379645,5.234434523049524,0,3080.161369069401,4,0,3,11.873399475918372,63.29941068810031,1,1,5,0.0,0.0,0.0,0.0,0.0,0.0,1.0,0.0,0.0,0.0,0.0,1.0,1.0,0.0,0.0,1.0
4,2,1.5342659223303121,5.54778220338967,2,1588.2857160408848,4,1,2,2.5237420140681883,288.4229483161039,1,1,2,0.0,0.0,0.0,0.0,0.0,0.0,1.0,0.0,0.0,0.0,0.0,0.0,0.0,0.0,0.0,0.0
3,1,7.284667551293845,8.2133937349699,2,2011.3664158107363,2,3,4,11.641016359356906,3.947184838389306,1,0,2,1.0,0.0,0.0,0.0,0.0,0.0,0.0,0.0,0.0,0.0,0.0,1.0,0.0,0.0,1.0,0.0
0,1,7.447031201166427,7.055885066020565,1,564.7358788808998,1,3,0,3.2194698318859922,241.54461904407157,1,1,3,0.0,0.0,0.0,0.0,1.0,0.0,0.0,0.0,0.0,0.0,0.0,1.0,1.0,1.0,1.0,0.0
4,1,5.6123232604032465,8.484684982546979,0,1172.5216852528956,0,0,0,4.953635151401979,207.48772253920845,1,1,3,0.0,0.0,0.0,0.0,0.0,0.0,1.0,0.0,0.0,0.0,0.0,1.0,0.0,0.0,0.0,0.0
3,0,8.833488448622887,7.077203192700775,2,1890.9653647470398,3,3,3,10.897839329018744,271.5760421996829,1,0,1,1.0,0.0,0.0,0.0,0.0,0.0,0.0,0.0,0.0,0.0,0.0,1.0,0.0,0.0,1.0,1.0
2,5,7.051931224810106,5.964307664179605,3,1696.904378793031,1,3,3,11.541773608386187,156.5437534438985,1,1,5,1.0,0.0,0.0,0.0,0.0,0.0,1.0,0.0,0.0,0.0,0.0,0.0,0.0,0.0,1.0,1.0
0,1,4.263981920713153,4.621963880252136,1,2643.964630730429,0,1,1,6.803452916570702,204.2893099219166,1,1,5,0.0,0.0,0.0,0.0,0.0,0.0,1.0,0.0,0.0,0.0,0.0,0.0,1.0,0.0,0.0,0.0
4,0,1.1772491823877083,5.215732592012418,3,2335.6399447746335,4,2,3,11.401085633548872,14.827218610155823,0,0,3,0.0,0.0,0.0,0.0,0.0,0.0,0.0,0.0,0.0,0.0,0.0,0.0,0.0,0.0,0.0,1.0
2,0,1.5324548184791207,6.40468048207409,1,3140.847566493496,2,1,0,10.109028942686612,118.30655843360869,0,0,2,1.0,0.0,0.0,0.0,0.0,0.0,0.0,0.0,0.0,0.0,0.0,0.0,0.0,0.0,0.0,1.0
0,5,4.166184354776076,7.308725849090672,0,3064.312105092203,2,1,3,10.396746391195407,231.20986701692104,0,0,2,0.0,0.0,0.0,0.0,0.0,0.0,0.0,0.0,0.0,0.0,0.0,0.0,0.0,0.0,1.0,1.0
1,2,5.158947926788146,9.631824419143737,2,1223.6595222989286,3,2,1,10.418980033638785,32.694505905924075,0,0,0,0.0,0.0,0.0,0.0,0.0,0.0,0.0,0.0,0.0,0.0,0.0,0.0,0.0,1.0,1.0,0.0
2,1,2.501840075575825,5.438321062399007,3,552.916187101613,1,2,2,4.634985705198504,234.7192208876932,0,0,0,1.0,0.0,0.0,0.0,0.0,0.0,0.0,0.0,0.0,0.0,0.0,0.0,1.0,1.0,1.0,0.0
0,2,2.7039547578036887,7.996509636680103,3,3063.412309111287,4,1,1,0.3679928291971972,92.48199564018988,0,1,2,0.0,0.0,0.0,0.0,0.0,0.0,0.0,0.0,0.0,0.0,0.0,0.0,0.0,0.0,0.0,0.0
1,0,3.0719022290140265,4.91527546895981,3,1487.362592315099,2,1,3,1.9758272015568425,105.89673238778069,0,1,1,0.0,0.0,0.0,0.0,0.0,0.0,0.0,0.0,0.0,0.0,0.0,0.0,0.0,0.0,0.0,0.0
2,1,8.024620056186453,8.282518731534005,0,1541.3291277218,2,1,0,0.8936204114970394,194.21245738120948,1,0,1,1.0,1.0,0.0,0.0,0.0,0.0,0.0,0.0,0.0,0.0,0.0,0.0,1.0,0.0,0.0,0.0
4,1,7.9415905685659425,4.068045262863874,0,975.1843945954224,1,1,4,2.908778345840823,23.44919175582406,0,1,1,0.0,0.0,0.0,0.0,0.0,0.0,1.0,0.0,0.0,1.0,0.0,1.0,1.0,0.0,1.0,0.0
0,4,4.446450868724009,7.935519699577694,2,2579.021798441698,3,0,2,0.6635268337350961,187.38783031580883,0,1,1,0.0,0.0,0.0,0.0,0.0,0.0,0.0,0.0,0.0,0.0,0.0,0.0,0.0,0.0,0.0,0.0
2,0,2.5512794342595626,4.979305940287146,3,1340.3267550823844,1,1,1,3.3232888436624486,274.11717752161593,1,1,2,1.0,0.0,0.0,0.0,0.0,0.0,0.0,0.0,0.0,0.0,0.0,0.0,1.0,0.0,0.0,0.0
4,2,1.9981754655712232,5.08194667828494,3,1030.2293031867312,3,2,4,7.067520897161156,28.129283334398036,0,0,0,0.0,0.0,0.0,0.0,0.0,0.0,0.0,0.0,0.0,0.0,0.0,0.0,1.0,1.0,1.0,0.0
4,4,1.784163808424559,7.353445799887464,1,2010.1722231847345,4,3,0,1.6927184508592306,75.89918852453431,1,1,4,0.0,0.0,0.0,0.0,0.0,0.0,1.0,0.0,0.0,0.0,0.0,0.0,0.0,0.0,1.0,0.0
4,5,4.521513258094349,6.252469275452274,1,2751.2477177643273,0,3,2,3.7889137552496397,4.104446642166126,1,1,4,0.0,0.0,0.0,0.0,0.0,0.0,1.0,0.0,0.0,0.0,0.0,0.0,1.0,0.0,1.0,0.0
0,3,1.4098818998900746,6.827830903305017,2,1308.795792574905,2,3,0,2.689632102932195,155.39699914229072,1,1,1,0.0,0.0,0.0,0.0,1.0,0.0,0.0,0.0,0.0,0.0,0.0,0.0,0.0,1.0,0.0,0.0
4,1,4.002715334137015,5.853333295337547,3,2666.1170029665523,3,3,4,1.1412264760496376,219.28805997357367,1,0,0,0.0,0.0,0.0,0.0,0.0,0.0,1.0,0.0,0.0,0.0,0.0,0.0,1.0,0.0,1.0,0.0
4,2,9.653799182870236,9.72080229716995,0,1885.925329013214,1,2,0,8.113183060199644,277.9194629377189,1,0,0,0.0,0.0,0.0,0.0,0.0,0.0,1.0,0.0,0.0,0.0,0.0,1.0,0.0,0.0,1.0,0.0
1,1,5.567541540490348,5.743936600491333,3,1711.3181697173056,0,2,1,10.716316062975057,110.40888156743607,1,0,1,0.0,0.0,0.0,0.0,0.0,0.0,0.0,0.0,0.0,0.0,0.0,0.0,1.0,0.0,1.0,1.0
2,3,8.403801911516702,7.252284548413,3,1578.5626044085075,2,3,3,8.591915159816507,44.625374157212796,0,1,3,1.0,0.0,0.0,0.0,0.0,0.0,0.0,0.0,0.0,0.0,0.0,1.0,0.0,0.0,1.0,0.0
2,1,2.1633935130585917,9.126133333245072,0,936.7428959583796,2,0,4,8.210571235590642,8.725369707848573,0,1,0,1.0,0.0,0.0,0.0,0.0,0.0,0.0,0.0,0.0,0.0,0.0,0.0,0.0,1.0,0.0,0.0
2,3,3.412709041687344,7.985084873564927,3,1497.9013005476827,4,0,2,11.796218959296718,97.50186457612288,1,0,0,1.0,0.0,0.0,0.0,0.0,0.0,0.0,0.0,0.0,0.0,0.0,0.0,0.0,0.0,0.0,1.0
1,3,9.518918000896079,5.936661681890324,2,3137.7545918824458,4,1,1,8.775301245944453,153.66834374659035,1,0,3,0.0,0.0,0.0,0.0,0.0,0.0,0.0,0.0,0.0,0.0,0.0,1.0,1.0,0.0,0.0,1.0
4,5,4.451967072406212,7.314620100200917,3,806.500773416176,0,2,1,0.565231346989707,270.2320208744079,1,1,5,0.0,0.0,0.0,0.0,0.0,0.0,1.0,1.0,0.0,0.0,0.0,0.0,0.0,1.0,0.0,0.0
4,2,6.8356551560349015,4.497946757396365,0,3374.900045305408,1,3,4,2.618957406943644,64.93545951906944,1,1,2,0.0,0.0,0.0,0.0,0.0,0.0,1.0,0.0,0.0,0.0,0.0,0.0,1.0,0.0,1.0,0.0
1,5,9.785141012463304,7.274118416246154,3,822.4895824634536,0,1,4,7.649545404172503,234.38973709722478,1,1,1,0.0,0.0,0.0,0.0,0.0,0.0,0.0,1.0,0.0,0.0,0.0,1.0,0.0,1.0,0.0,1.0
4,2,5.95708980697662,6.5883345301212515,0,1586.0949268980614,4,3,0,7.668532059374751,144.27595446775848,1,0,4,0.0,0.0,0.0,0.0,0.0,0.0,1.0,0.0,0.0,0.0,0.0,0.0,1.0,0.0,1.0,0.0
1,4,3.7481135430586234,8.547602242440664,0,2318.9185214016325,1,1,4,9.991181006061039,260.26050477920717,0,1,5,0.0,0.0,0.0,0.0,0.0,0.0,0.0,0.0,0.0,0.0,0.0,0.0,0.0,0.0,0.0,1.0
3,3,5.787536103568561,9.087417058804704,1,3013.524210824446,4,1,4,1.906017757988038,258.9195448966887,0,1,5,1.0,0.0,0.0,0.0,0.0,0.0,0.0,0.0,0.0,0.0,0.0,0.0,0.0,0.0,1.0,0.0
2,4,1.491734793977734,5.197699129884635,2,930.7484542220119,0,3,2,11.774601731569945,257.30837778452684,1,1,2,1.0,0.0,0.0,0.0,0.0,0.0,0.0,1.0,0.0,0.0,0.0,0.0,1.0,1.0,1.0,1.0
2,2,2.0113288668342206,4.489215432764579,0,923.3066721752956,2,0,1,6.195491719210331,120.40356749119601,0,0,0,1.0,0.0,0.0,0.0,0.0,0.0,0.0,0.0,0.0,0.0,0.0,0.0,1.0,1.0,0.0,0.0
0,4,1.0645399454704294,6.3433418874690135,1,2385.1343739851773,0,3,2,11.044949367500491,103.8628362445524,0,1,5,0.0,0.0,0.0,0.0,0.0,0.0,0.0,0.0,0.0,0.0,1.0,0.0,1.0,0.0,1.0,0.0
3,2,8.95789037408504,7.204902449203282,1,1378.2398972143337,2,0,3,6.3521162954303865,62.18659026129143,1,1,5,1.0,0.0,0.0,0.0,0.0,0.0,0.0,0.0,0.0,0.0,0.0,1.0,1.0,0.0,0.0,0.0
1,2,7.04152386009636,6.260811689890136,0,2433.5062910539714,0,3,1,2.242977646974854,68.5287075584981,0,0,3,0.0,0.0,0.0,0.0,0.0,0.0,0.0,0.0,0.0,0.0,0.0,0.0,0.0,0.0,1.0,0.0
1,2,3.684967886194733,7.77136702598848,0,2961.7496087885925,0,1,1,4.212225937725688,184.86877964445384,0,0,4,0.0,0.0,0.0,0.0,0.0,0.0,0.0,0.0,0.0,0.0,0.0,0.0,1.0,0.0,0.0,0.0
0,4,2.9904527728657415,7.033907678314451,0,730.6115329626351,0,2,2,2.653995836067013,288.5823535136295,1,0,5,0.0,0.0,0.0,0.0,1.0,0.0,0.0,0.0,0.0,0.0,0.0,0.0,1.0,1.0,1.0,0.0
4,3,7.1476894104200195,9.619756207990537,3,3033.482369233348,3,2,0,3.170706143515646,181.78765681818285,0,1,0,0.0,0.0,0.0,0.0,0.0,0.0,1.0,0.0,0.0,0.0,0.0,1.0,0.0,0.0,0.0,0.0
0,0,9.275788583067543,6.456346739917558,3,612.7560690633242,3,1,2,10.68429410011571,123.69524480412011,1,1,2,0.0,0.0,0.0,0.0,1.0,0.0,0.0,0.0,0.0,0.0,0.0,1.0,0.0,1.0,0.0,0.0
3,4,3.692251819468996,4.494965037691495,2,3196.478555866439,2,2,0,4.528735119963093,72.72660183042711,0,1,5,1.0,0.0,0.0,0.0,0.0,0.0,0.0,0.0,0.0,0.0,0.0,0.0,1.0,0.0,0.0,0.0
4,4,3.8940319844810363,5.811610126848862,2,3426.854424800095,0,3,0,2.1920514569959466,195.59084796667037,0,1,4,0.0,0.0,0.0,0.0,0.0,0.0,1.0,0.0,0.0,0.0,0.0,0.0,1.0,0.0,0.0,0.0
0,0,8.688166526743956,7.635363174179467,0,2502.3656073823477,1,3,1,4.374508022242097,63.283616581809255,1,1,0,0.0,0.0,0.0,0.0,0.0,0.0,0.0,0.0,0.0,0.0,0.0,1.0,0.0,0.0,1.0,0.0
2,5,9.04038234295377,5.536150591642516,0,3452.7659148325215,1,0,3,7.407091763900349,28.012819534996524,0,1,0,1.0,1.0,0.0,0.0,0.0,0.0,0.0,0.0,0.0,0.0,0.0,1.0,1.0,0.0,1.0,0.0
2,3,9.226329101468007,5.613930710833802,1,2965.9755263858115,4,1,4,2.4106334411672763,28.061996851223114,1,0,1,1.0,0.0,0.0,0.0,0.0,0.0,0.0,0.0,0.0,0.0,0.0,1.0,1.0,0.0,0.0,0.0
1,0,3.638387872060253,6.0374349041341056,3,633.0965004014388,3,3,2,0.6117726075380858,255.13781139071773,1,0,2,0.0,0.0,0.0,0.0,0.0,0.0,0.0,0.0,0.0,0.0,0.0,0.0,1.0,1.0,1.0,0.0
3,2,2.08281310836714,8.47685067945433,1,511.4328326074006,0,2,3,10.465440400162507,114.6766851079969,0,1,0,1.0,0.0,0.0,0.0,0.0,0.0,0.0,0.0,0.0,0.0,0.0,0.0,0.0,1.0,1.0,0.0
2,5,4.959978147986878,9.640799405763769,3,562.3954682667968,0,0,1,2.8706438745526985,282.1020303073524,1,0,1,1.0,0.0,0.0,0.0,0.0,0.0,0.0,0.0,0.0,0.0,0.0,0.0,0.0,1.0,0.0,0.0
2,1,3.6618837862706295,6.10225980308668,1,1855.720879758142,1,0,3,11.236354358886315,149.0225338764894,1,1,3,1.0,0.0,0.0,0.0,0.0,0.0,1.0,0.0,0.0,0.0,0.0,0.0,0.0,0.0,1.0,1.0
2,5,8.954800001306522,5.172928238562951,1,2370.147833352993,1,3,3,0.5657285618631023,207.45182514855782,0,1,4,1.0,1.0,0.0,0.0,0.0,0.0,0.0,1.0,0.0,0.0,0.0,1.0,1.0,0.0,1.0,0.0
4,2,1.3297144762319038,6.523821713002619,3,1944.415468101587,2,1,1,7.810058522300427,248.08551439431446,1,0,3,0.0,0.0,0.0,0.0,0.0,0.0,1.0,0.0,0.0,0.0,0.0,0.0,0.0,0.0,1.0,0.0
3,1,6.704924226726451,6.111038157877757,1,2531.390977443686,4,2,2,7.9829103397135395,262.3467518992903,1,1,3,1.0,0.0,0.0,0.0,0.0,0.0,0.0,0.0,0.0,0.0,0.0,0.0,1.0,0.0,0.0,0.0
1,2,9.155632291733026,9.940149484739056,2,1848.8079023386358,0,3,3,1.8723382761603569,48.764842667874966,1,1,4,0.0,0.0,0.0,0.0,0.0,0.0,1.0,0.0,0.0,0.0,0.0,1.0,0.0,0.0,1.0,0.0
4,3,9.790033301254594,6.783209551107955,2,627.6914093311659,2,0,1,7.982784622809477,65.00202522306165,1,1,3,0.0,0.0,0.0,0.0,1.0,0.0,1.0,0.0,0.0,1.0,0.0,1.0,1.0,1.0,0.0,0.0
4,4,6.8511753936823885,8.075700116871184,2,1178.5001145530618,2,1,3,4.651650929119129,45.02750376448251,1,0,1,0.0,0.0,0.0,0.0,0.0,0.0,1.0,0.0,0.0,0.0,0.0,0.0,0.0,1.0,0.0,0.0
4,5,9.54930661320142,9.482728399869119,2,3477.8727098141308,3,0,1,4.581227694910814,133.66517715895975,0,0,1,0.0,0.0,0.0,0.0,0.0,0.0,0.0,0.0,0.0,0.0,0.0,1.0,0.0,0.0,0.0,0.0
3,1,1.6809351636256056,7.774369464183301,3,1537.5915130959947,2,3,2,10.529754063248363,46.51036287602201,1,1,0,1.0,0.0,0.0,0.0,0.0,0.0,0.0,0.0,0.0,0.0,0.0,0.0,0.0,0.0,0.0,1.0
1,5,4.233505113966158,5.4962708495191235,1,1474.2972132341881,2,1,0,11.428974671030328,195.25961250426738,1,0,0,0.0,0.0,0.0,0.0,0.0,0.0,0.0,0.0,0.0,0.0,1.0,0.0,1.0,0.0,0.0,0.0
3,3,1.078432275940603,7.644460571999682,1,958.376147057523,1,3,2,2.041367189505302,108.84808000180121,1,1,4,1.0,0.0,0.0,0.0,0.0,0.0,1.0,0.0,0.0,0.0,0.0,0.0,0.0,1.0,1.0,0.0
1,0,9.830653949717366,6.411258016390697,2,3461.4311663568787,4,1,2,8.209187941823455,289.2214560177554,0,0,4,0.0,0.0,0.0,0.0,0.0,0.0,0.0,0.0,0.0,0.0,0.0,1.0,0.0,0.0,1.0,1.0
1,5,9.124538308900293,6.534099216632843,1,1191.3779647777963,1,0,4,1.856521868631194,244.97615586842346,1,1,3,0.0,0.0,0.0,0.0,0.0,0.0,1.0,0.0,0.0,0.0,0.0,1.0,1.0,1.0,1.0,0.0
2,2,1.2524730062338123,9.87594748822243,0,2440.47970176156,0,3,1,0.4200061317321464,217.28403349143946,1,0,2,1.0,0.0,0.0,0.0,0.0,0.0,0.0,0.0,0.0,0.0,0.0,0.0,0.0,0.0,1.0,0.0
4,3,1.163193854137894,5.671546081569115,1,626.142374456586,0,2,0,1.7943701472083609,206.613803558919,0,0,0,0.0,0.0,0.0,0.0,1.0,0.0,0.0,0.0,0.0,0.0,0.0,0.0,0.0,1.0,1.0,0.0
2,4,4.302725446957295,6.813610878869865,2,699.4169901900656,0,0,0,7.615870225304504,11.881565450206455,0,0,2,1.0,0.0,0.0,0.0,0.0,0.0,0.0,0.0,0.0,0.0,0.0,0.0,1.0,1.0,0.0,0.0
1,0,3.3268417011181164,4.959202274195202,2,2650.255091960056,1,2,2,8.717248522259215,25.105678595028603,0,0,0,0.0,0.0,0.0,0.0,0.0,0.0,0.0,0.0,0.0,0.0,0.0,0.0,1.0,0.0,0.0,0.0
2,1,8.62239049518252,5.071265192112932,1,2405.504488540173,4,1,4,6.084439965406223,129.63329648572665,1,0,5,1.0,0.0,0.0,0.0,0.0,1.0,0.0,0.0,0.0,0.0,0.0,1.0,1.0,0.0,0.0,0.0
1,4,2.444359629446761,7.6209065445150035,2,2540.487186861966,0,0,4,11.419987796340848,274.41003934884964,0,0,2,0.0,0.0,0.0,0.0,0.0,0.0,0.0,0.0,0.0,0.0,0.0,0.0,0.0,0.0,0.0,1.0
3,1,8.115845164307716,8.506094248916288,1,1192.911221438816,0,1,4,9.170074460205523,28.208454582723707,1,0,0,1.0,0.0,0.0,0.0,0.0,0.0,0.0,0.0,0.0,0.0,0.0,1.0,0.0,1.0,1.0,0.0
1,0,5.990137299915969,7.818759241701072,2,3454.6669475667222,2,3,1,1.9394186842987997,126.0418419383632,1,1,1,0.0,0.0,0.0,0.0,0.0,0.0,0.0,0.0,0.0,0.0,0.0,0.0,0.0,0.0,1.0,0.0
2,0,4.396525942644891,5.975703987417825,1,2175.1254864747366,2,0,2,2.4952512840023204,238.17447398075856,0,0,3,1.0,0.0,0.0,0.0,0.0,0.0,0.0,0.0,0.0,0.0,0.0,0.0,0.0,0.0,0.0,0.0
1,4,2.3114778556004087,4.357709035390119,3,3408.6445168060654,2,1,4,7.152983488141114,95.93784006885429,1,0,2,0.0,0.0,0.0,0.0,0.0,0.0,0.0,0.0,0.0,0.0,0.0,0.0,0.0,0.0,0.0,0.0
1,0,9.97922175363704,6.8215831728921525,2,992.5116589261406,0,1,4,3.9996072429853267,278.81471664154486,1,1,0,0.0,0.0,0.0,0.0,0.0,0.0,0.0,0.0,0.0,0.0,0.0,1.0,0.0,1.0,1.0,0.0
4,0,6.561875088293831,7.025617918563784,2,1715.2985295238395,1,2,2,0.010716984588513778,280.4099496898072,0,0,2,0.0,0.0,0.0,0.0,0.0,0.0,0.0,0.0,0.0,1.0,0.0,1.0,0.0,0.0,1.0,0.0
1,3,4.954440093111948,8.62390964775891,1,1507.0565569653854,1,3,2,0.29153152447877195,17.09219566005329,0,1,4,0.0,0.0,0.0,0.0,0.0,0.0,0.0,0.0,0.0,0.0,0.0,0.0,0.0,0.0,1.0,0.0
0,0,4.340148008974585,7.841737373751728,3,2765.224780117587,3,3,0,4.897187810845934,184.92091117283834,1,1,3,0.0,0.0,0.0,0.0,0.0,0.0,0.0,0.0,0.0,0.0,0.0,0.0,0.0,0.0,1.0,0.0
1,3,9.151554075677698,9.22755176560592,1,2742.7143083152737,3,2,0,6.28338413390416,43.67163121724783,0,1,3,0.0,0.0,0.0,0.0,0.0,0.0,0.0,0.0,0.0,0.0,0.0,1.0,0.0,0.0,0.0,0.0
2,3,8.390726273716849,8.69789727217055,3,1959.63137995911,4,0,2,7.839824949156406,132.30321738842653,0,1,3,1.0,0.0,0.0,0.0,0.0,0.0,0.0,0.0,0.0,0.0,0.0,1.0,0.0,0.0,0.0,0.0
0,3,8.300672095314013,6.1952667028656805,0,548.444012652009,2,3,2,9.157677842529235,269.3413302494222,1,1,4,0.0,0.0,0.0,0.0,1.0,0.0,1.0,0.0,0.0,0.0,0.0,1.0,1.0,1.0,1.0,0.0
1,2,6.545786256661535,7.793328541148189,3,1025.6171275398335,2,0,2,11.625106477448904,22.010117135704544,1,1,2,0.0,0.0,0.0,0.0,0.0,0.0,1.0,0.0,0.0,0.0,0.0,1.0,0.0,1.0,0.0,1.0
0,4,8.991609244262216,8.483719176730759,3,650.7970013289915,2,1,1,10.066383764712205,281.20817512765115,1,0,4,0.0,0.0,0.0,0.0,1.0,0.0,0.0,0.0,0.0,0.0,0.0,0.0,0.0,1.0,1.0,1.0
2,3,3.6935053490986336,9.74128221503647,0,3041.0437077475367,1,3,1,4.271284434115763,298.33806652658063,0,0,5,1.0,0.0,0.0,0.0,0.0,0.0,0.0,0.0,0.0,0.0,0.0,0.0,0.0,0.0,1.0,0.0
3,2,7.333355216469603,6.534112975733475,0,1369.3147018933014,0,0,2,6.416326047759053,201.07369435505578,1,1,0,1.0,1.0,0.0,0.0,0.0,0.0,1.0,0.0,0.0,0.0,0.0,1.0,1.0,0.0,0.0,0.0
4,0,4.640029681527032,7.889691953866816,3,853.7679107020194,2,0,4,2.591040161148709,106.88149710691519,1,1,4,0.0,0.0,0.0,0.0,1.0,0.0,1.0,0.0,0.0,0.0,0.0,0.0,0.0,1.0,1.0,0.0
1,1,6.399989277037229,6.355983011689805,1,1562.5170958447734,1,0,4,11.625037575094721,75.30379826633842,1,0,1,0.0,0.0,0.0,0.0,0.0,0.0,0.0,0.0,0.0,0.0,0.0,1.0,0.0,1.0,0.0,1.0
4,0,9.983377005514235,8.426969073218721,2,731.8679484990881,1,1,0,6.425315187953885,129.78230672273182,0,1,0,0.0,0.0,0.0,0.0,1.0,0.0,1.0,0.0,0.0,0.0,0.0,1.0,0.0,1.0,0.0,0.0
1,0,9.860723026077865,9.471959027863344,0,3436.571404696991,3,1,1,2.9960430133346705,53.94798491364671,0,0,1,0.0,0.0,0.0,0.0,0.0,0.0,0.0,0.0,0.0,0.0,0.0,1.0,0.0,0.0,0.0,0.0
3,1,5.6135711482070345,9.51535609431745,1,1445.023704043397,0,1,2,8.68852514995785,6.016949227735891,0,1,5,1.0,0.0,0.0,0.0,0.0,0.0,0.0,0.0,0.0,0.0,0.0,0.0,0.0,0.0,1.0,0.0
2,1,6.164771069483422,4.94252510432506,2,3299.20009666941,0,0,1,5.8546838876216984,18.821587835453112,1,0,3,1.0,0.0,0.0,0.0,0.0,0.0,0.0,0.0,0.0,0.0,0.0,1.0,1.0,0.0,0.0,0.0
3,0,9.07589592223571,5.224579585725273,3,2548.186072581577,1,0,1,11.960700850259801,199.06968059965286,1,0,2,1.0,1.0,0.0,0.0,0.0,0.0,0.0,0.0,0.0,0.0,0.0,1.0,1.0,0.0,0.0,1.0
3,1,9.870721412624695,8.529576704738792,1,2198.32096227198,2,0,0,0.8965270415303701,6.226654604847082,1,1,1,1.0,1.0,0.0,0.0,0.0,0.0,1.0,0.0,0.0,0.0,0.0,1.0,0.0,0.0,0.0,0.0
2,3,8.007470223634717,7.786059315654412,0,1926.4909913673703,4,0,2,4.0256661041156345,90.43852621978753,1,1,3,1.0,0.0,0.0,0.0,0.0,0.0,1.0,0.0,0.0,0.0,0.0,1.0,0.0,0.0,0.0,0.0
1,1,1.5866601216276763,9.430643721129728,1,2562.140320410163,2,2,4,11.302222734279013,202.9168165155575,1,1,3,0.0,0.0,0.0,0.0,0.0,0.0,0.0,0.0,0.0,0.0,0.0,0.0,0.0,0.0,1.0,0.0
2,1,3.9037576090947756,5.882803356493213,2,2558.8260006385053,1,0,4,5.534399205133891,52.433365842072114,1,1,2,1.0,0.0,0.0,0.0,0.0,0.0,1.0,0.0,0.0,0.0,0.0,0.0,1.0,0.0,0.0,0.0
4,0,9.06906105928277,9.088124866877578,3,531.5631822822933,1,0,0,3.7415342432246868,99.68310495596252,0,0,2,0.0,0.0,0.0,0.0,1.0,0.0,0.0,0.0,0.0,0.0,0.0,1.0,0.0,1.0,0.0,0.0
4,0,7.915172552654325,8.10265514190316,3,3223.3512365850174,1,2,3,7.258466536915857,9.432480368941098,1,0,4,0.0,0.0,0.0,0.0,0.0,0.0,1.0,0.0,0.0,0.0,0.0,0.0,0.0,0.0,1.0,0.0
4,0,7.680097639219844,5.172737860939597,3,1603.8902613129571,1,2,4,7.97392259875595,33.72674913930231,0,1,3,0.0,0.0,0.0,0.0,0.0,0.0,0.0,0.0,0.0,1.0,0.0,0.0,0.0,0.0,1.0,0.0
0,2,7.011309074213269,4.758966213973835,0,1559.8193646289865,3,3,3,1.113689843331128,67.77756838841597,1,0,0,0.0,0.0,0.0,0.0,0.0,0.0,0.0,0.0,0.0,0.0,0.0,1.0,1.0,0.0,1.0,0.0
2,3,4.7373746466914515,8.216341612051647,2,1719.7716316489825,3,2,0,3.112648291795823,37.8530683225488,1,0,2,1.0,0.0,0.0,0.0,0.0,0.0,0.0,0.0,0.0,0.0,0.0,1.0,0.0,0.0,0.0,0.0
0,4,4.629171883102316,4.950769076345608,2,2555.8484159268023,3,3,1,3.7077037015058685,141.61798279826544,0,1,0,0.0,0.0,0.0,0.0,0.0,0.0,0.0,0.0,0.0,0.0,0.0,0.0,1.0,0.0,1.0,0.0
3,3,8.28039238831721,8.765974238458888,1,1628.053208149061,1,2,3,2.94972638809489,38.08424273077148,0,1,5,1.0,0.0,0.0,0.0,0.0,0.0,0.0,0.0,0.0,0.0,0.0,1.0,0.0,0.0,1.0,0.0
4,3,3.644022625885638,7.342570240763903,3,1621.4931857816084,1,2,4,4.5945313876518545,91.55460982334962,1,1,1,0.0,0.0,0.0,0.0,0.0,0.0,1.0,0.0,0.0,0.0,0.0,0.0,0.0,0.0,1.0,0.0
0,5,7.163486854308761,6.861202374776738,3,690.3946388853308,0,1,1,4.016501996889824,217.07049440836383,1,0,5,0.0,0.0,0.0,0.0,1.0,0.0,0.0,0.0,0.0,0.0,0.0,0.0,0.0,1.0,1.0,0.0
3,1,7.535876710815609,5.653174215528518,0,1749.924993280785,3,0,1,8.777059773948263,196.15582184929045,0,0,1,1.0,0.0,0.0,0.0,0.0,0.0,0.0,0.0,0.0,0.0,0.0,1.0,1.0,0.0,0.0,0.0
4,4,8.601003904253758,9.903073569549159,3,948.4354311312616,4,2,1,7.18721405726734,114.89972469244242,0,1,2,0.0,0.0,0.0,0.0,0.0,0.0,0.0,0.0,0.0,0.0,0.0,1.0,0.0,0.0,0.0,0.0
4,5,3.8789703163631417,8.333002665463159,3,3066.767762179341,0,3,4,5.150331697824649,279.3264171975615,0,1,2,0.0,0.0,0.0,0.0,0.0,0.0,1.0,0.0,0.0,0.0,0.0,0.0,0.0,0.0,1.0,0.0
1,3,7.677003401543819,8.668381882989262,2,1503.5332495918599,0,1,0,2.400048267494418,236.16676469433582,1,0,5,0.0,0.0,0.0,0.0,0.0,0.0,0.0,0.0,0.0,0.0,0.0,0.0,0.0,0.0,1.0,0.0
0,5,1.9584090782081818,8.612265565992029,1,3382.602194185011,1,1,1,5.047673220701611,182.15296729703587,0,1,0,0.0,0.0,0.0,0.0,0.0,0.0,0.0,0.0,0.0,0.0,0.0,0.0,0.0,0.0,1.0,0.0
4,0,2.2425555605671423,7.504093463059579,3,2553.584007700946,3,0,0,2.165808320426569,131.03361062801693,0,1,4,0.0,0.0,0.0,0.0,0.0,0.0,0.0,0.0,0.0,0.0,0.0,0.0,0.0,0.0,0.0,0.0
4,5,4.756024361560614,9.638193051753268,2,2768.454604481971,1,2,4,11.425750305304343,18.010853725708742,1,1,3,0.0,0.0,0.0,0.0,0.0,0.0,1.0,0.0,0.0,1.0,0.0,0.0,0.0,0.0,1.0,0.0
2,3,1.4970319871972255,7.502929020296061,3,3343.253544208237,0,1,0,2.085283567584564,123.8558196979438,1,0,1,1.0,0.0,0.0,0.0,0.0,0.0,0.0,0.0,0.0,0.0,0.0,0.0,0.0,0.0,0.0,0.0
4,1,9.529284893188045,7.120273510624896,2,1216.8042974499951,1,0,2,10.304128407653481,163.5798751310081,1,0,5,0.0,0.0,0.0,0.0,0.0,0.0,1.0,0.0,0.0,1.0,0.0,1.0,0.0,1.0,0.0,0.0
0,0,9.117062294584244,5.642262654537204,3,2201.872909076802,1,0,0,7.386969113678685,297.3052542988342,1,1,3,0.0,0.0,0.0,0.0,0.0,0.0,1.0,0.0,0.0,0.0,0.0,1.0,0.0,0.0,0.0,0.0
3,4,1.4404032597325882,5.690415519050041,1,622.1774134836866,1,1,2,9.729814057795082,285.48189207721873,0,1,3,1.0,0.0,0.0,0.0,0.0,0.0,0.0,0.0,0.0,0.0,0.0,0.0,0.0,1.0,1.0,1.0
0,2,8.54480549703051,8.421303435892261,0,802.2760638670826,2,1,2,10.662736417048464,33.66347399099596,1,0,2,0.0,0.0,0.0,0.0,1.0,0.0,0.0,0.0,0.0,0.0,0.0,1.0,0.0,1.0,0.0,0.0
4,1,5.579867566810228,6.008604529837633,1,1599.7607599063638,1,1,3,9.64781937582965,293.77984247515917,0,1,2,0.0,0.0,0.0,0.0,0.0,0.0,0.0,0.0,0.0,0.0,0.0,0.0,1.0,1.0,0.0,1.0
3,2,7.317665995361949,8.372264470880067,3,2547.505551874821,0,2,2,7.0715387535689365,226.38528895693682,1,1,4,1.0,1.0,0.0,0.0,0.0,0.0,0.0,0.0,0.0,0.0,0.0,1.0,0.0,0.0,1.0,0.0
4,5,8.982380523683686,9.71624055288895,2,2995.0808072166033,0,2,2,3.2039263479463163,204.58069700321676,0,1,5,0.0,0.0,0.0,0.0,0.0,0.0,1.0,0.0,0.0,0.0,0.0,1.0,0.0,0.0,1.0,0.0
2,2,6.192770383699288,6.635844620672553,2,1269.2126074204184,3,3,1,7.9200703656236815,271.06828992858044,0,0,5,1.0,0.0,0.0,0.0,0.0,0.0,0.0,0.0,0.0,0.0,0.0,1.0,1.0,0.0,1.0,0.0
0,0,2.046943902561665,4.5839538572778515,2,2747.2316409128216,3,1,4,0.05812261088271509,97.51664323873334,1,1,2,0.0,0.0,0.0,0.0,0.0,0.0,0.0,0.0,0.0,0.0,0.0,0.0,1.0,0.0,0.0,0.0
0,1,1.0232074943792764,7.999278887976617,2,1172.8734723441498,1,0,3,4.5295955683100555,119.79084704896896,0,0,3,0.0,0.0,0.0,0.0,0.0,0.0,0.0,0.0,0.0,0.0,0.0,0.0,0.0,0.0,0.0,0.0
1,0,5.472293790263019,4.057138190172914,0,518.1668183489932,4,2,3,10.295564255172893,261.2840854584878,0,1,5,0.0,0.0,0.0,0.0,0.0,0.0,0.0,0.0,0.0,0.0,0.0,1.0,1.0,1.0,1.0,1.0
3,4,9.543089189119241,8.72202112763378,1,663.2390748672029,2,0,3,6.966434302196435,31.19739021897441,1,1,3,1.0,1.0,0.0,0.0,0.0,0.0,1.0,0.0,0.0,0.0,0.0,1.0,0.0,1.0,1.0,0.0
0,4,6.153596844518763,7.1539187022323105,0,2256.675868417164,3,3,1,3.1274843571395436,212.74795416595398,0,0,0,0.0,0.0,0.0,0.0,0.0,0.0,0.0,0.0,0.0,0.0,0.0,1.0,1.0,0.0,0.0,0.0
4,5,4.356452242794063,6.9383932240519295,1,1991.442638282941,3,0,4,10.706169968285804,242.9466571477914,0,0,4,0.0,0.0,0.0,0.0,0.0,0.0,0.0,0.0,0.0,0.0,0.0,0.0,0.0,0.0,1.0,1.0
1,3,1.2782981537282203,7.416652963466124,2,1311.2756837882966,1,3,4,0.1832287195292519,265.51888591316174,1,1,3,0.0,0.0,0.0,0.0,0.0,0.0,1.0,0.0,0.0,0.0,0.0,0.0,1.0,0.0,1.0,0.0
2,4,9.234814755503804,7.098451263608295,3,519.6435758084798,2,3,2,10.595100935300902,65.75183739677578,0,0,2,1.0,0.0,0.0,0.0,0.0,0.0,0.0,0.0,0.0,0.0,0.0,1.0,0.0,1.0,1.0,1.0
1,2,3.9444099477223795,5.942663630776136,0,2204.0310477602034,2,2,1,9.113450863443097,203.7739473623339,1,1,0,0.0,0.0,0.0,0.0,0.0,0.0,1.0,0.0,0.0,0.0,0.0,0.0,1.0,0.0,0.0,1.0
2,3,7.342996611835865,5.689053458075452,2,2952.819910488955,2,1,1,1.756514958254754,25.715389676351354,1,0,2,1.0,0.0,0.0,0.0,0.0,0.0,0.0,0.0,0.0,0.0,0.0,1.0,1.0,0.0,0.0,0.0
2,0,7.248134819003184,6.491784763743371,0,705.6346337701355,3,1,1,0.7548518564569706,258.28869947458816,0,1,4,1.0,0.0,0.0,0.0,0.0,0.0,0.0,0.0,0.0,0.0,0.0,1.0,1.0,1.0,0.0,0.0
0,3,3.284948452318731,9.3694556914934,0,2709.4233721814226,1,1,4,11.414824582590924,144.53981195361007,0,1,3,0.0,0.0,0.0,0.0,0.0,0.0,0.0,0.0,0.0,0.0,0.0,0.0,0.0,0.0,1.0,1.0
2,3,1.573997558146528,4.812222758727058,3,2403.6278058922035,0,1,1,0.8043981962851805,187.24949517940593,1,0,1,1.0,0.0,0.0,0.0,0.0,0.0,0.0,0.0,0.0,0.0,0.0,0.0,0.0,0.0,0.0,0.0
3,0,4.4650034080465915,5.9485875801195,2,1938.0643166034047,0,0,4,11.685139428513128,255.41262208529676,1,0,4,1.0,0.0,0.0,0.0,0.0,0.0,0.0,0.0,0.0,0.0,0.0,0.0,1.0,0.0,1.0,1.0
4,3,3.8541791245347987,5.1538025676964265,0,645.0240649281566,2,0,1,5.047548463897988,151.80712184477898,0,0,2,0.0,0.0,0.0,0.0,0.0,0.0,0.0,0.0,0.0,0.0,0.0,0.0,1.0,1.0,0.0,0.0
1,4,7.302307589850932,6.562821860424291,0,3270.714249176887,4,3,4,4.242051881066574,152.59755713761948,0,0,3,0.0,0.0,0.0,0.0,0.0,0.0,0.0,0.0,0.0,0.0,0.0,1.0,1.0,0.0,1.0,0.0
4,2,8.378042460938552,4.800990514739027,0,1932.3229667802282,1,0,4,7.80052817390502,139.39683668390194,1,1,0,0.0,0.0,0.0,0.0,0.0,0.0,1.0,0.0,0.0,0.0,0.0,0.0,1.0,0.0,1.0,0.0
4,3,3.002008756525072,8.564773683413392,1,1698.820882643612,2,1,3,5.952560931116688,180.20793708605015,0,0,0,0.0,0.0,0.0,0.0,0.0,0.0,0.0,0.0,0.0,0.0,0.0,0.0,0.0,0.0,1.0,0.0
4,1,5.754079627987981,4.620804355507448,0,3084.4262062632047,0,3,0,4.680573572539233,215.19697344226358,1,1,1,0.0,0.0,0.0,0.0,0.0,0.0,1.0,0.0,0.0,0.0,0.0,1.0,1.0,0.0,1.0,0.0
1,1,1.3654751264934548,7.991572561703625,2,3036.7346869512135,3,0,3,7.681940850242237,241.550470557664,0,1,0,0.0,0.0,0.0,0.0,0.0,0.0,0.0,0.0,0.0,0.0,0.0,0.0,0.0,0.0,0.0,0.0
4,0,2.928302406401157,5.606261949214141,1,2681.7828590000713,0,3,4,4.2007984194181205,8.941046667304542,1,1,2,0.0,0.0,0.0,0.0,0.0,0.0,1.0,0.0,0.0,0.0,0.0,0.0,1.0,0.0,1.0,0.0
2,1,7.855854447898747,6.833139981145976,2,2988.0799487000254,2,1,4,0.41224438981680755,104.42318086346577,0,1,2,1.0,0.0,0.0,0.0,0.0,0.0,0.0,0.0,0.0,0.0,0.0,1.0,0.0,0.0,1.0,0.0
0,4,8.140584884401651,5.199927770305249,0,872.9854429488217,4,1,2,9.8956726361523,129.75825718081617,0,0,0,0.0,0.0,0.0,0.0,1.0,0.0,0.0,0.0,0.0,0.0,0.0,0.0,1.0,1.0,0.0,0.0
1,5,7.9876401710662295,8.381342076854315,0,2782.7466652410253,1,2,2,6.175672201803115,29.608018717508433,1,0,3,0.0,0.0,0.0,0.0,0.0,0.0,0.0,0.0,0.0,0.0,0.0,1.0,0.0,0.0,1.0,0.0
3,3,2.2814913248944313,9.689655935609945,0,1484.1022489523834,4,3,1,8.24021401532943,225.48639686509435,1,1,2,1.0,0.0,0.0,0.0,0.0,0.0,1.0,0.0,0.0,0.0,0.0,0.0,0.0,0.0,0.0,0.0
0,3,5.959312547215756,5.330471724357976,0,3102.4843804048332,0,1,1,6.902086622071835,156.86271534949424,0,0,2,0.0,0.0,0.0,0.0,0.0,0.0,0.0,0.0,0.0,0.0,0.0,0.0,1.0,0.0,0.0,0.0
2,3,4.804375729990446,9.71891924627697,0,1610.6943979605776,0,0,3,7.370308149763091,0.5648347040809854,0,1,1,1.0,0.0,0.0,0.0,0.0,0.0,0.0,0.0,0.0,0.0,0.0,0.0,0.0,1.0,0.0,0.0
3,2,9.923376671155815,5.9516428060686035,1,662.9118563602264,0,3,4,2.6272767954636147,189.4115829757555,1,1,2,1.0,0.0,0.0,0.0,0.0,1.0,1.0,0.0,0.0,0.0,0.0,1.0,1.0,1.0,1.0,0.0
0,2,6.886628821525025,7.347083002311409,3,1743.1407103110969,1,0,1,11.215927533175424,101.7065990972951,1,1,0,0.0,0.0,0.0,0.0,1.0,0.0,0.0,0.0,0.0,0.0,0.0,0.0,0.0,0.0,1.0,1.0
2,3,9.416818822561561,8.209539706513457,2,2770.3311052290837,2,3,4,5.372672641838833,218.0563035940942,0,0,5,1.0,0.0,0.0,0.0,0.0,0.0,0.0,0.0,1.0,0.0,0.0,1.0,0.0,0.0,1.0,0.0
1,4,2.3081527450759385,5.195611696391162,1,2002.796182938192,4,1,0,11.041161377645734,53.90854159366296,1,0,3,0.0,0.0,0.0,0.0,0.0,0.0,0.0,0.0,0.0,0.0,0.0,0.0,1.0,0.0,0.0,0.0
2,2,5.057859457902062,6.668583624595766,3,2790.901735426905,1,2,0,9.683016266301763,0.3628490835873799,0,0,5,1.0,0.0,0.0,0.0,0.0,0.0,0.0,0.0,0.0,0.0,0.0,0.0,0.0,0.0,0.0,1.0
1,3,7.944468400952817,4.4069648839843,3,605.821222598321,1,3,4,8.640982125674098,26.04717605185557,0,0,5,0.0,0.0,0.0,0.0,0.0,0.0,0.0,1.0,0.0,0.0,0.0,0.0,0.0,1.0,1.0,0.0
4,2,4.310719552273623,8.18232265616812,3,1031.492610803087,0,3,0,5.5214143411638785,132.1200228122948,1,0,2,0.0,0.0,0.0,0.0,1.0,0.0,1.0,0.0,0.0,0.0,0.0,0.0,0.0,1.0,1.0,0.0
0,1,6.69257646538282,6.49969671834687,3,2190.823793128382,3,0,2,0.27172373423481355,224.40292346249586,1,0,2,0.0,0.0,0.0,0.0,0.0,0.0,0.0,0.0,0.0,0.0,0.0,1.0,1.0,0.0,0.0,0.0
4,1,5.605319551362946,9.349867195837545,2,1655.9412615428946,2,3,4,3.7825457951792885,181.17421049182607,0,1,4,0.0,0.0,0.0,0.0,1.0,0.0,1.0,0.0,0.0,0.0,0.0,0.0,0.0,0.0,1.0,0.0
3,0,9.927364682961931,5.643951331438828,3,2540.5272310105993,0,2,1,7.978291110727498,4.489980153740003,1,0,2,1.0,0.0,0.0,0.0,0.0,0.0,0.0,0.0,0.0,0.0,0.0,1.0,0.0,0.0,1.0,0.0
4,2,2.564852860589423,9.54160794594356,1,3387.662699361266,2,1,1,3.9678400680267245,177.48248771448968,1,1,2,0.0,0.0,0.0,0.0,0.0,0.0,1.0,0.0,0.0,0.0,0.0,0.0,0.0,0.0,0.0,0.0
4,4,9.41813825797115,4.84623906809707,3,2479.5858821015418,1,1,0,1.1895284313063335,144.65205682142118,1,1,2,0.0,0.0,0.0,0.0,0.0,0.0,1.0,0.0,0.0,0.0,0.0,1.0,1.0,0.0,0.0,0.0
0,4,4.614138584229671,7.641798796083299,0,1752.0886846477995,2,3,3,6.213105660532461,238.96350676382485,1,0,3,0.0,0.0,0.0,0.0,0.0,0.0,0.0,0.0,0.0,0.0,0.0,0.0,0.0,0.0,1.0,1.0
4,5,5.21193669739565,5.846849079233073,1,2127.092055330022,1,0,1,1.8537545567728198,76.99982832544924,0,1,0,0.0,0.0,0.0,0.0,0.0,0.0,0.0,0.0,0.0,0.0,0.0,0.0,1.0,0.0,0.0,0.0
2,0,5.757416953209811,5.090689665719724,3,3238.4794450885115,3,2,0,3.674646142458733,215.67939158442954,0,0,1,1.0,0.0,0.0,0.0,0.0,0.0,0.0,0.0,0.0,0.0,0.0,0.0,1.0,0.0,1.0,0.0
4,4,3.3882989449022185,4.563623030314993,0,2518.9677399866387,0,2,2,6.022956332546671,189.5330260644431,0,1,4,0.0,0.0,0.0,0.0,0.0,0.0,0.0,0.0,0.0,0.0,0.0,0.0,1.0,0.0,1.0,0.0
4,4,9.672916983497137,7.93385535297214,2,2909.5384932635834,2,2,0,1.3953579480120344,186.89733758562176,1,0,2,0.0,0.0,0.0,0.0,0.0,0.0,1.0,0.0,1.0,0.0,0.0,1.0,0.0,0.0,0.0,0.0
2,2,9.203384847113105,5.399007599555473,1,1404.5552273046005,3,1,4,1.3503424597171274,121.66663185865193,1,0,4,1.0,1.0,0.0,0.0,0.0,0.0,0.0,0.0,0.0,0.0,0.0,1.0,1.0,0.0,0.0,0.0
1,1,9.756145901902265,7.436886472426286,0,2732.9634705148173,0,2,3,2.521065855316786,3.8544927366921167,1,0,3,0.0,0.0,0.0,0.0,0.0,0.0,0.0,0.0,0.0,0.0,0.0,1.0,1.0,0.0,1.0,0.0
0,2,9.972276149885706,9.876512337011668,0,918.2941080195853,4,2,4,7.101668125735696,56.29268753658281,0,1,1,0.0,0.0,0.0,0.0,0.0,0.0,0.0,0.0,0.0,0.0,0.0,1.0,0.0,0.0,0.0,0.0
0,4,7.028200856628748,5.895770921677189,2,2749.3268492156526,3,3,4,11.198374654013161,253.27485591873005,0,1,2,0.0,0.0,0.0,0.0,0.0,0.0,0.0,0.0,0.0,0.0,0.0,0.0,1.0,0.0,1.0,1.0
1,5,5.065169462251702,4.209665666300372,2,3144.6757784072734,1,3,4,2.8684398530080695,185.05326326662376,1,0,0,0.0,0.0,0.0,0.0,0.0,0.0,0.0,1.0,0.0,0.0,0.0,0.0,1.0,0.0,1.0,0.0
4,3,8.656605113466743,4.856935686378523,2,3200.697401160265,2,3,2,8.637884541729056,173.44223005028974,1,0,4,0.0,0.0,0.0,0.0,0.0,0.0,0.0,0.0,0.0,0.0,0.0,1.0,1.0,0.0,1.0,0.0
2,3,1.214243900527047,4.715932056467024,0,849.770183157943,3,0,0,2.2725420529710996,157.70732975915098,0,0,2,1.0,0.0,0.0,0.0,0.0,0.0,0.0,0.0,0.0,0.0,0.0,0.0,1.0,1.0,0.0,0.0
2,3,8.509636402421531,6.779701163231415,1,2989.6461577212026,2,1,0,7.62617980383976,23.079456379219998,0,1,1,1.0,1.0,0.0,0.0,0.0,0.0,0.0,0.0,0.0,0.0,0.0,0.0,1.0,0.0,0.0,0.0
1,0,5.47557421789906,8.467903417963765,0,829.80956830411,3,3,0,1.6526325581150312,104.30079249023154,1,1,3,0.0,0.0,0.0,0.0,0.0,0.0,0.0,0.0,0.0,0.0,0.0,0.0,1.0,1.0,1.0,0.0
2,3,7.05898024375076,5.778666314691151,0,1935.1908598482887,4,2,1,10.144573000758202,185.74494514804172,1,1,0,1.0,0.0,0.0,0.0,0.0,0.0,1.0,0.0,0.0,0.0,0.0,0.0,1.0,0.0,0.0,0.0
3,0,4.366414552082569,4.87505662506306,1,2547.5645890584956,1,1,4,8.910107829737058,37.66502742291182,1,0,2,1.0,0.0,0.0,0.0,0.0,0.0,0.0,0.0,0.0,0.0,0.0,0.0,1.0,0.0,0.0,0.0
4,5,4.317608384801343,7.844600597973562,2,1952.7473345352475,0,2,1,8.168717335897668,276.29823153933535,0,0,5,0.0,0.0,0.0,0.0,0.0,0.0,0.0,1.0,0.0,0.0,0.0,0.0,0.0,0.0,1.0,0.0
3,5,1.2854543752979894,5.807081253095455,1,1519.7288066304418,2,1,0,0.17594131444066585,21.794410132973574,1,0,2,1.0,0.0,0.0,0.0,0.0,0.0,0.0,0.0,0.0,0.0,0.0,0.0,0.0,0.0,0.0,0.0
3,3,4.81410487386112,7.451022095873396,0,2551.463472487566,2,3,4,10.03691821942284,203.93581156304626,0,0,2,1.0,0.0,0.0,0.0,0.0,0.0,0.0,0.0,0.0,0.0,0.0,0.0,0.0,0.0,1.0,1.0
4,2,4.675187758773971,9.602719358036511,0,2482.636325320682,3,2,2,1.8102061804866403,90.37259548196639,0,0,2,0.0,0.0,0.0,0.0,0.0,0.0,0.0,0.0,0.0,0.0,0.0,0.0,0.0,0.0,0.0,0.0
2,4,3.0231199168126413,5.748081729559157,1,2248.6779654967013,1,1,2,6.401868183492093,259.1023844344002,0,0,1,1.0,0.0,0.0,0.0,0.0,0.0,0.0,0.0,0.0,0.0,0.0,0.0,1.0,0.0,1.0,0.0
4,3,3.225909461857907,7.074949686917611,1,2085.2859943301955,4,2,1,9.319939657468847,248.0511037633397,1,0,1,0.0,0.0,0.0,0.0,0.0,0.0,1.0,0.0,0.0,0.0,0.0,0.0,1.0,0.0,0.0,1.0
1,4,6.257256223982605,8.840871481787298,3,2617.2196973670143,0,0,4,7.58004620267435,99.96340022000281,1,1,2,0.0,0.0,0.0,0.0,0.0,0.0,1.0,0.0,0.0,0.0,0.0,0.0,0.0,0.0,1.0,0.0
0,3,3.859942982855528,8.15030867498577,2,1709.1111701034547,2,3,1,9.82829680463249,138.6339849570086,0,0,3,0.0,0.0,0.0,0.0,1.0,0.0,0.0,0.0,0.0,0.0,0.0,0.0,0.0,0.0,1.0,0.0
2,1,8.472267181155608,8.508869048675114,3,706.304743227015,2,0,4,8.506225635856783,287.73341946586226,0,0,1,1.0,0.0,0.0,0.0,0.0,0.0,0.0,0.0,0.0,0.0,0.0,1.0,0.0,1.0,1.0,1.0
0,0,2.0024659617135985,8.6354162491366,0,2112.3635305736707,3,0,4,9.072913505374952,182.37050890631943,0,1,1,0.0,0.0,0.0,0.0,0.0,0.0,0.0,0.0,0.0,0.0,0.0,0.0,0.0,0.0,0.0,0.0
0,1,6.198804519175392,7.239496122004258,1,2670.36665673151,1,0,2,3.5852257904262554,1.8006990709606874,1,0,4,0.0,0.0,0.0,0.0,0.0,0.0,0.0,0.0,0.0,0.0,0.0,1.0,0.0,0.0,0.0,0.0
4,3,2.440402544251921,7.21637264741359,0,1397.4797228482005,4,0,3,4.549269753249512,233.17234234207328,1,1,3,0.0,0.0,0.0,0.0,0.0,0.0,1.0,0.0,0.0,0.0,0.0,0.0,0.0,1.0,0.0,0.0
3,2,5.754165642285929,8.313337482690685,0,922.253414407797,0,0,0,6.0174351678627875,108.39419299822409,0,0,1,1.0,1.0,0.0,0.0,0.0,0.0,0.0,0.0,0.0,0.0,0.0,1.0,0.0,1.0,0.0,0.0
1,3,5.972912982552868,8.185889620681333,3,3235.523582486357,4,0,3,7.033928944643629,82.75222072162474,1,0,5,0.0,0.0,0.0,0.0,0.0,0.0,0.0,0.0,0.0,0.0,0.0,0.0,0.0,0.0,0.0,0.0
4,1,6.780679178731562,8.02034598417811,1,3091.248994238588,2,1,4,8.300052158178804,249.64227157885787,1,0,5,0.0,0.0,0.0,0.0,0.0,0.0,1.0,0.0,0.0,0.0,0.0,0.0,0.0,0.0,1.0,1.0
0,5,4.846824525456043,6.292808152855981,2,2355.3026578739573,2,3,0,6.666896788287909,290.25815005748206,0,0,5,0.0,0.0,0.0,0.0,0.0,0.0,0.0,0.0,0.0,0.0,0.0,0.0,0.0,0.0,1.0,0.0
1,2,5.58527216616329,8.97125587362926,1,2859.8214611122285,1,0,0,8.525486803447478,18.612022487241664,1,0,1,0.0,0.0,0.0,0.0,0.0,0.0,0.0,0.0,0.0,0.0,0.0,0.0,0.0,0.0,0.0,0.0
3,5,2.6285735447316396,5.4172173362253355,0,3406.415944323265,1,2,0,1.8090035712848072,117.10686743051129,0,0,5,1.0,0.0,0.0,0.0,0.0,0.0,0.0,0.0,0.0,0.0,0.0,0.0,1.0,0.0,1.0,0.0
1,2,5.167138147626966,4.934391798116273,3,2207.7769421805224,2,3,4,4.735759370657043,83.91453830986939,1,0,2,0.0,0.0,0.0,0.0,0.0,0.0,0.0,0.0,0.0,0.0,0.0,0.0,1.0,0.0,1.0,0.0
3,2,4.357273501848615,6.070973314694209,2,1232.5450538010195,1,3,1,10.959665332060181,269.3261793794121,1,1,0,1.0,0.0,0.0,0.0,0.0,0.0,1.0,0.0,0.0,0.0,0.0,0.0,1.0,1.0,1.0,1.0
4,3,6.995179941889687,5.522987442429736,2,2416.4359715978635,0,1,2,2.6034850341705567,260.30848904090635,1,1,3,0.0,0.0,0.0,0.0,0.0,0.0,1.0,0.0,0.0,0.0,0.0,1.0,0.0,0.0,1.0,0.0
0,1,4.913395511468375,7.9790950732189385,2,3243.7810283013614,2,0,1,1.7239304202810728,270.33514048574295,0,0,5,0.0,0.0,0.0,0.0,0.0,0.0,0.0,0.0,0.0,0.0,0.0,0.0,0.0,0.0,0.0,0.0
0,1,8.014074858821981,5.3861071068997655,1,2570.4446041954398,2,1,1,8.937694059026287,12.797887880372427,1,1,0,0.0,0.0,0.0,0.0,0.0,0.0,1.0,0.0,0.0,0.0,0.0,1.0,1.0,0.0,0.0,0.0
4,2,4.833928887163229,7.938939030105214,1,578.7211734482094,3,2,0,2.3331497414745628,15.032923773557904,1,0,0,0.0,0.0,0.0,0.0,1.0,0.0,1.0,0.0,0.0,0.0,0.0,0.0,0.0,1.0,0.0,0.0
2,4,3.1219405567656278,7.079336769044731,3,3251.397811587547,2,3,2,5.4913142901979946,165.4201154073442,1,1,0,1.0,0.0,0.0,0.0,0.0,0.0,1.0,0.0,0.0,0.0,0.0,0.0,0.0,0.0,1.0,0.0
2,0,3.4631984706272614,4.914700408451558,0,2761.025765761904,2,0,4,8.541980397541328,50.07044844589896,1,1,5,1.0,0.0,0.0,0.0,0.0,0.0,1.0,0.0,0.0,0.0,0.0,0.0,1.0,0.0,1.0,0.0
2,2,1.4075670258247293,5.550377584726137,1,1705.493040192194,2,1,1,5.818201024841338,33.79757314954408,0,0,1,1.0,0.0,0.0,0.0,0.0,0.0,0.0,0.0,0.0,0.0,0.0,0.0,1.0,0.0,0.0,0.0
2,4,5.859269295408191,7.130360705819337,1,3462.4756680471974,2,2,4,10.818131698947719,78.10750645629787,0,1,2,1.0,0.0,0.0,0.0,0.0,0.0,0.0,0.0,0.0,0.0,0.0,1.0,0.0,0.0,0.0,0.0
3,4,8.477927955102896,8.398631823542189,2,2665.037998506641,3,2,3,10.537781421601068,212.82018144344,1,0,0,1.0,0.0,0.0,0.0,0.0,0.0,0.0,0.0,0.0,0.0,0.0,1.0,0.0,0.0,1.0,1.0
2,2,7.922005361358131,6.389509865048056,3,2976.3232455070747,3,1,3,6.0354067837199565,201.49622238617988,0,1,5,1.0,0.0,0.0,0.0,0.0,0.0,0.0,0.0,0.0,0.0,0.0,1.0,0.0,0.0,0.0,0.0
0,0,4.940105197046242,5.3969958530682405,3,3329.4996777495103,4,3,2,11.530192374768472,235.55763715604365,1,0,4,0.0,0.0,0.0,0.0,0.0,0.0,0.0,0.0,0.0,0.0,0.0,0.0,0.0,0.0,0.0,1.0
3,0,2.7650831963006097,5.770469254562733,2,618.7353941631982,2,3,1,3.5012864293699044,18.825833986985263,0,0,3,1.0,0.0,0.0,0.0,0.0,0.0,0.0,0.0,0.0,0.0,0.0,0.0,1.0,1.0,1.0,0.0
3,2,8.771359989677075,4.570703135640381,0,2823.2595321100357,0,1,1,2.8067032904541125,229.92398100533111,1,0,5,1.0,1.0,0.0,0.0,0.0,0.0,0.0,0.0,0.0,0.0,0.0,1.0,1.0,0.0,0.0,0.0
0,4,1.5110293064056157,4.150897006541398,3,1659.039306073406,2,2,1,8.042938985201225,147.185256520179,0,1,1,0.0,0.0,0.0,0.0,1.0,0.0,0.0,0.0,0.0,0.0,0.0,0.0,1.0,0.0,0.0,1.0
1,0,4.593004526822446,9.838775871981124,1,3107.225038696324,1,1,2,6.8733849499792345,93.89856405053845,0,1,2,0.0,0.0,0.0,0.0,0.0,0.0,0.0,0.0,0.0,0.0,0.0,0.0,0.0,0.0,0.0,0.0
3,5,8.70953628145556,4.5784596061954925,1,3136.6875677996986,0,2,2,3.013282893356436,183.08538450334188,1,1,5,1.0,0.0,0.0,0.0,0.0,0.0,1.0,0.0,0.0,0.0,0.0,1.0,1.0,0.0,1.0,0.0
3,4,4.538590186637768,4.7493240706639,3,2985.855411508078,4,1,2,4.453577506200475,239.85904152110967,1,1,3,1.0,0.0,0.0,0.0,0.0,0.0,0.0,0.0,0.0,0.0,0.0,0.0,1.0,0.0,0.0,0.0
0,0,2.060879236812639,9.225784510477855,1,2837.6017569583805,3,1,1,2.7963240757795864,31.1624917788337,0,1,1,0.0,0.0,0.0,0.0,0.0,0.0,0.0,0.0,0.0,0.0,0.0,0.0,0.0,0.0,0.0,0.0
0,2,3.393545503112165,7.981031414315548,1,2882.848503874798,3,1,4,2.8437257494245065,242.18772818953332,0,0,3,0.0,0.0,0.0,0.0,0.0,0.0,0.0,0.0,0.0,0.0,0.0,0.0,0.0,0.0,1.0,0.0
2,1,6.400264975686535,6.616435187471958,3,1389.6575021648227,3,0,3,4.410851018170176,170.8319650907212,1,0,5,1.0,0.0,0.0,0.0,0.0,0.0,0.0,0.0,0.0,0.0,0.0,1.0,0.0,1.0,1.0,0.0
2,5,2.3683231692511377,7.894140434355097,1,1719.5846183791725,4,2,4,11.090636220097197,186.0162084659467,0,1,0,1.0,0.0,0.0,0.0,0.0,0.0,0.0,0.0,0.0,0.0,0.0,0.0,0.0,0.0,0.0,1.0
4,3,6.894417941581202,9.60990894118246,2,845.1646721091829,3,3,4,10.018774411658951,263.6856485678817,0,1,5,0.0,0.0,0.0,0.0,1.0,0.0,1.0,0.0,0.0,0.0,0.0,0.0,0.0,1.0,1.0,0.0
2,1,4.943457380793212,4.596263868614235,0,2991.7745655848425,3,1,3,6.149018221627352,212.99627744425746,0,0,2,1.0,1.0,0.0,0.0,0.0,0.0,0.0,0.0,0.0,0.0,0.0,0.0,1.0,0.0,1.0,0.0
4,1,4.009505507384697,5.462266163051993,3,2438.019427473976,3,3,0,5.733234166531293,175.05724925621718,0,0,0,0.0,0.0,0.0,0.0,0.0,0.0,0.0,0.0,0.0,0.0,0.0,0.0,0.0,0.0,1.0,0.0
1,3,3.1683293247084747,9.161802420824445,1,2338.150145349856,3,1,4,0.37774225946878603,100.80679508088579,1,1,5,0.0,0.0,0.0,0.0,0.0,0.0,0.0,0.0,0.0,0.0,0.0,0.0,0.0,0.0,1.0,0.0
2,0,8.409969872710384,8.683836071806642,2,1238.2341173196432,3,0,2,5.54755398213889,153.09304846297442,1,1,3,1.0,1.0,0.0,0.0,0.0,0.0,0.0,0.0,0.0,0.0,0.0,0.0,0.0,1.0,0.0,0.0
0,1,4.570065527170614,9.965540329343145,2,2345.10825215477,0,1,1,7.4853221907781435,250.96997656803615,0,0,1,0.0,0.0,0.0,0.0,0.0,0.0,0.0,0.0,0.0,0.0,0.0,0.0,0.0,0.0,1.0,1.0
2,0,7.646313390456049,5.883452890433155,1,1863.655175543462,2,1,2,9.343082484769518,298.6821674771945,0,1,1,1.0,0.0,0.0,0.0,0.0,0.0,0.0,0.0,0.0,0.0,0.0,1.0,1.0,0.0,0.0,1.0
0,3,4.96319673373646,9.669318382831271,1,3485.8064199968503,1,0,0,4.271756304161895,226.84563462031292,1,1,0,0.0,0.0,0.0,0.0,0.0,0.0,0.0,0.0,0.0,0.0,0.0,0.0,0.0,0.0,0.0,0.0
2,4,1.8268046819810149,6.062132987770025,0,3089.2048182123135,4,1,3,11.032665167381372,237.0487695100733,1,1,3,1.0,0.0,0.0,0.0,0.0,0.0,0.0,0.0,0.0,0.0,1.0,0.0,1.0,0.0,1.0,1.0
1,2,4.964553776505344,8.290559147112958,1,2077.9486457196717,2,0,0,10.082313402183946,209.82541529932487,1,1,1,0.0,0.0,0.0,0.0,0.0,0.0,0.0,0.0,0.0,0.0,0.0,0.0,0.0,0.0,0.0,1.0
0,0,5.569190017621875,9.296457685729518,1,2925.366701896026,2,3,3,0.9868013071073483,230.08514691709618,1,1,1,0.0,0.0,0.0,0.0,0.0,0.0,1.0,0.0,0.0,0.0,0.0,0.0,0.0,0.0,1.0,0.0
0,2,5.120579741440392,5.024692571550171,1,993.5150025750149,2,2,4,10.835376655221676,72.95389580241286,1,0,3,0.0,0.0,0.0,0.0,1.0,0.0,0.0,0.0,0.0,0.0,0.0,1.0,1.0,1.0,1.0,1.0
2,5,8.346175405734453,5.233831930211202,1,804.2014973798046,3,1,2,2.6739513321800152,127.14989192322838,1,1,5,1.0,0.0,0.0,0.0,0.0,1.0,1.0,1.0,0.0,0.0,0.0,1.0,1.0,1.0,1.0,0.0
4,1,9.197662141387264,7.48575188819408,2,2391.952399026092,3,0,1,11.0798163390201,166.79879527969746,1,1,5,0.0,0.0,0.0,0.0,0.0,0.0,1.0,0.0,0.0,0.0,0.0,1.0,0.0,0.0,0.0,1.0
0,0,8.081008076899305,9.062948620213085,3,2680.3574838166783,1,2,3,7.568157811906419,164.83923910119952,1,0,0,0.0,0.0,0.0,0.0,0.0,0.0,0.0,0.0,0.0,0.0,0.0,1.0,0.0,0.0,1.0,1.0
2,0,6.245037119898638,4.47369721133267,3,659.1693179584038,4,2,4,4.943042947110557,179.18033765410442,0,0,2,1.0,0.0,0.0,0.0,0.0,0.0,0.0,0.0,0.0,0.0,0.0,1.0,1.0,1.0,0.0,0.0
1,4,5.873049644994016,9.105284858535422,3,1102.8900535934613,3,1,0,5.237413481932455,292.0604378789228,0,1,1,0.0,0.0,0.0,0.0,0.0,0.0,0.0,0.0,0.0,0.0,0.0,0.0,0.0,0.0,0.0,0.0
4,0,6.801544271112931,6.058723177270579,2,2111.803930767421,1,3,2,6.753463740524992,256.58116077643234,1,1,2,0.0,0.0,0.0,0.0,0.0,0.0,1.0,0.0,0.0,0.0,0.0,1.0,0.0,0.0,1.0,1.0
2,3,3.5904726679543706,6.437359683835011,1,688.4497987664744,3,0,1,10.126474393603495,248.34995754193187,1,0,5,1.0,0.0,0.0,0.0,0.0,0.0,0.0,0.0,0.0,0.0,0.0,0.0,0.0,1.0,0.0,1.0
4,5,8.306621615338166,6.039166574125336,2,1772.1585088510992,2,3,0,10.043070204404188,249.11104323782482,0,0,2,0.0,0.0,0.0,0.0,0.0,0.0,0.0,1.0,1.0,0.0,0.0,1.0,1.0,0.0,1.0,1.0
1,3,8.711633598432948,9.468879427646126,0,1946.2393383749031,1,1,0,4.978836682849488,237.99996060936397,1,1,3,0.0,0.0,0.0,0.0,0.0,0.0,0.0,0.0,0.0,0.0,0.0,1.0,0.0,0.0,0.0,0.0
0,2,3.4049544686364746,4.784765959497035,3,3265.4291964150275,4,1,2,10.188326872657193,203.76105292157166,0,1,5,0.0,0.0,0.0,0.0,0.0,0.0,0.0,0.0,0.0,0.0,0.0,0.0,1.0,0.0,0.0,1.0
2,1,9.1253638732607,7.44564688705806,2,1447.029489187642,1,1,3,5.663449264373336,76.96275517145091,1,0,1,1.0,1.0,0.0,0.0,0.0,0.0,0.0,0.0,0.0,0.0,0.0,1.0,1.0,0.0,0.0,0.0
3,0,8.638594515925007,4.88864848375475,0,1006.0054203051034,4,1,2,5.010611132191736,256.7299763566508,0,1,2,1.0,1.0,0.0,0.0,0.0,0.0,0.0,0.0,0.0,0.0,0.0,1.0,1.0,1.0,0.0,0.0
4,0,4.820380907342592,9.571567780569048,1,522.5247761569233,3,0,1,2.919041160781993,83.91924971177247,0,1,4,0.0,0.0,0.0,0.0,1.0,0.0,1.0,0.0,0.0,0.0,0.0,0.0,0.0,1.0,0.0,0.0
4,5,9.18100181883471,8.787587881213717,1,864.8243181309454,4,2,2,9.935160204172657,217.4665731662428,0,0,1,0.0,0.0,0.0,0.0,1.0,0.0,0.0,0.0,0.0,1.0,0.0,1.0,0.0,0.0,0.0,1.0
4,0,2.0839509443035733,5.402915645566467,1,2752.5979964634735,3,1,4,7.440762453469549,33.29511379265043,0,0,4,0.0,0.0,0.0,0.0,0.0,0.0,0.0,0.0,0.0,0.0,0.0,0.0,1.0,0.0,1.0,0.0
3,0,1.2518790328801033,5.786669608528921,0,1834.7656473984398,3,2,4,5.173413679786991,164.18354777172317,0,0,1,1.0,0.0,0.0,0.0,0.0,0.0,0.0,0.0,0.0,0.0,0.0,0.0,1.0,0.0,0.0,0.0
1,4,4.130801430346489,6.289091967776065,0,1096.1751282096957,0,2,0,7.948519841742566,95.64017573560136,0,0,5,0.0,0.0,0.0,0.0,0.0,0.0,0.0,0.0,0.0,0.0,0.0,0.0,1.0,1.0,1.0,0.0
2,2,6.088921289446105,6.432506051772619,1,3299.0830829662013,4,3,3,10.332143866704932,211.33717367538935,0,1,0,1.0,0.0,0.0,0.0,0.0,0.0,0.0,0.0,0.0,0.0,0.0,1.0,1.0,0.0,0.0,1.0
0,2,4.162983530795795,8.90405715179233,1,2862.6149553161727,3,0,3,2.3738860274363316,256.58603575139193,0,0,4,0.0,0.0,0.0,0.0,0.0,0.0,0.0,0.0,0.0,0.0,0.0,0.0,0.0,0.0,0.0,0.0
2,4,9.478609603042235,7.387200131855142,3,843.0940740495441,1,1,1,4.709304828003802,4.658149692638491,1,0,5,1.0,0.0,0.0,0.0,0.0,0.0,0.0,0.0,0.0,0.0,0.0,1.0,0.0,1.0,0.0,0.0
1,3,3.2923920614963054,6.567695889350368,1,1306.8720646800484,1,2,1,4.563604710583936,34.29657495484163,1,0,0,0.0,0.0,0.0,0.0,0.0,0.0,0.0,0.0,0.0,0.0,0.0,0.0,1.0,1.0,0.0,0.0
0,5,3.5309205423341106,8.316667941618118,1,3048.3244475788874,0,0,3,0.9122623181929055,277.65504718670593,0,0,2,0.0,0.0,0.0,0.0,0.0,0.0,0.0,0.0,0.0,0.0,0.0,0.0,0.0,0.0,1.0,0.0
1,2,6.713448512903696,6.747189258062839,3,2577.2950033922607,1,2,4,4.008819054923739,71.78129886352173,0,0,5,0.0,0.0,0.0,0.0,0.0,0.0,0.0,0.0,0.0,0.0,0.0,0.0,0.0,0.0,1.0,0.0
2,4,1.0347749410753737,4.769440101308743,3,3336.635642787114,0,1,1,9.141516050551948,219.2368241235606,1,1,0,1.0,0.0,0.0,0.0,0.0,0.0,1.0,0.0,0.0,0.0,0.0,0.0,1.0,0.0,0.0,1.0
1,5,7.548013471191393,4.64493510561717,0,728.7483142089208,4,3,4,3.0400816811351152,243.7640116615191,0,1,1,0.0,0.0,0.0,0.0,0.0,0.0,0.0,1.0,1.0,0.0,0.0,1.0,1.0,1.0,1.0,0.0
4,2,4.397225347838415,5.95574007877103,0,2826.23366875619,2,3,4,9.73098045888141,222.1650992591172,1,1,5,0.0,0.0,0.0,0.0,0.0,0.0,1.0,0.0,0.0,0.0,0.0,0.0,1.0,0.0,1.0,1.0
2,1,9.799730808789665,7.617221425691032,0,729.2342475306934,3,3,0,11.463042772865844,9.632198207109044,1,1,0,1.0,1.0,0.0,0.0,0.0,0.0,1.0,0.0,0.0,0.0,0.0,1.0,0.0,1.0,0.0,1.0
4,5,7.222758337267737,4.809047965889406,1,1509.985807076548,4,2,1,2.687645495862453,220.62709220436554,1,1,5,0.0,0.0,0.0,0.0,0.0,0.0,1.0,1.0,0.0,0.0,0.0,1.0,1.0,0.0,0.0,0.0
3,1,1.4699345957410879,7.300805024184444,2,2752.006304525978,4,2,2,4.915995534336592,288.47137199685653,0,1,4,1.0,0.0,0.0,0.0,0.0,0.0,0.0,0.0,0.0,0.0,0.0,0.0,0.0,0.0,0.0,0.0
0,0,1.8336502786777626,5.617657868852401,1,2633.0299227578867,2,3,3,1.5760084590161099,110.63795124713151,1,0,1,0.0,0.0,0.0,0.0,0.0,0.0,0.0,0.0,0.0,0.0,0.0,0.0,1.0,0.0,1.0,0.0
1,3,1.7935129623174269,8.17248049364975,0,506.35346942073,0,3,1,8.305728985349658,213.07653525998623,1,0,1,0.0,0.0,0.0,0.0,0.0,0.0,0.0,0.0,0.0,0.0,0.0,0.0,0.0,1.0,1.0,0.0
3,5,9.573600339027493,4.169576207058224,0,1105.8287985518139,3,2,2,5.786399763547697,82.94091125355976,1,0,1,1.0,1.0,0.0,0.0,0.0,0.0,0.0,1.0,0.0,0.0,0.0,1.0,1.0,1.0,1.0,0.0
2,0,7.156463870958289,6.814140588883438,2,2835.7210296606836,4,3,0,7.064535307223604,299.236608034656,1,1,3,1.0,1.0,0.0,0.0,0.0,0.0,0.0,0.0,0.0,0.0,0.0,1.0,1.0,0.0,0.0,1.0
1,5,4.848454065600421,4.313584894085396,1,878.4425378441647,1,3,0,9.344320078247783,62.50201199778699,0,0,5,0.0,0.0,0.0,0.0,0.0,0.0,0.0,1.0,0.0,0.0,0.0,0.0,1.0,1.0,1.0,1.0
2,4,2.8043442089202792,5.983046651651923,0,1479.1367178788012,0,0,2,9.314149308040975,91.66979389623964,0,1,4,1.0,0.0,0.0,0.0,0.0,0.0,0.0,0.0,0.0,0.0,0.0,0.0,1.0,0.0,0.0,0.0
4,5,8.862757717922229,4.093450865721275,2,1051.668520688969,3,2,3,6.191707656140762,50.371676393767515,0,1,0,0.0,0.0,0.0,0.0,0.0,0.0,0.0,0.0,0.0,0.0,0.0,1.0,1.0,1.0,1.0,0.0
1,2,2.814003349042064,6.814592563467588,2,834.3636062319379,3,1,2,10.587849789192678,286.553182339521,0,1,3,0.0,0.0,0.0,0.0,0.0,0.0,0.0,0.0,0.0,0.0,0.0,0.0,0.0,1.0,0.0,1.0
0,1,7.360112948282357,8.60209521086807,1,3009.8772359690342,0,3,1,11.18317533513148,171.4279131565046,0,0,1,0.0,0.0,0.0,0.0,0.0,0.0,0.0,0.0,0.0,0.0,0.0,1.0,0.0,0.0,0.0,1.0
1,3,7.8699192539081135,4.601320226475668,3,684.0252345555052,0,2,2,7.568559690424241,74.09548803324338,1,1,3,0.0,0.0,0.0,0.0,0.0,0.0,1.0,0.0,0.0,0.0,0.0,1.0,1.0,1.0,1.0,0.0
4,0,3.6519047996986744,8.411336151964163,3,2108.1498449687724,2,3,3,0.4608768224917945,40.351699728432756,0,0,2,0.0,0.0,0.0,0.0,0.0,0.0,0.0,0.0,0.0,0.0,0.0,0.0,0.0,0.0,1.0,0.0
3,5,5.54423263453578,7.505171602553987,0,2578.0115351277236,0,1,3,9.311588497075505,262.4420445936128,0,1,3,1.0,0.0,0.0,0.0,0.0,0.0,0.0,0.0,0.0,0.0,1.0,0.0,1.0,0.0,1.0,1.0
4,3,3.0069035408655447,7.02763163881612,3,672.7706559631649,0,3,2,10.70300652289909,18.797875645994587,0,1,4,0.0,0.0,0.0,0.0,1.0,0.0,1.0,1.0,0.0,0.0,0.0,0.0,0.0,1.0,1.0,1.0
4,2,4.410366917099483,7.5968995736814495,0,2400.280311944344,1,0,0,6.679663630113296,192.9789047602046,1,1,1,0.0,0.0,0.0,0.0,0.0,0.0,1.0,0.0,0.0,0.0,0.0,0.0,1.0,0.0,0.0,1.0
0,3,9.686209584520078,6.015382790375173,1,1502.1965457233991,2,3,0,8.404294378631903,183.03861418308807,0,1,2,0.0,0.0,0.0,0.0,0.0,0.0,0.0,0.0,0.0,0.0,0.0,1.0,0.0,0.0,0.0,1.0
1,4,7.238242311889872,8.262037322609736,3,3000.6356713222854,4,0,1,4.272530880507865,231.53848723558644,1,1,0,0.0,0.0,0.0,0.0,0.0,0.0,0.0,0.0,0.0,0.0,0.0,0.0,0.0,0.0,0.0,0.0
0,3,8.619527855714637,8.677995051524633,3,2892.978866653717,2,2,1,6.025252882474414,204.5538668063083,1,0,2,0.0,0.0,0.0,0.0,0.0,0.0,0.0,0.0,0.0,0.0,0.0,1.0,0.0,0.0,0.0,0.0
0,5,5.865396143200669,8.669343193521264,0,2881.715111649939,4,2,2,9.57727660384414,250.94255098717483,0,0,5,0.0,0.0,0.0,0.0,0.0,0.0,0.0,0.0,0.0,0.0,1.0,0.0,0.0,0.0,0.0,1.0
4,5,3.1513576793622056,5.61675873636213,0,1695.9904524861754,3,2,3,10.51153395499399,11.409425681076524,0,1,4,0.0,0.0,0.0,0.0,0.0,0.0,0.0,0.0,0.0,0.0,0.0,0.0,1.0,0.0,1.0,0.0
4,5,7.415918710004742,7.9234420581391145,0,2967.644569251237,1,0,1,1.382595196325247,129.08740115925028,1,1,4,0.0,0.0,0.0,0.0,0.0,0.0,1.0,0.0,0.0,0.0,0.0,0.0,0.0,0.0,0.0,0.0
0,3,5.505111647115098,4.8885743544716584,1,2389.946012033077,2,2,2,0.20623110470720585,24.28982951651909,1,0,5,0.0,0.0,0.0,0.0,0.0,0.0,0.0,0.0,0.0,0.0,0.0,0.0,1.0,0.0,0.0,0.0
3,4,2.5916398129635283,6.972517681577602,1,1636.0506959045726,0,2,1,4.483102587065835,121.56519517843356,1,0,3,1.0,0.0,0.0,0.0,0.0,0.0,0.0,0.0,0.0,0.0,0.0,0.0,0.0,0.0,1.0,0.0
2,1,4.711869006563893,4.015775560357105,1,742.0098663662553,4,3,2,4.691011393434747,168.24772475232425,0,1,0,1.0,1.0,0.0,0.0,0.0,0.0,0.0,0.0,0.0,0.0,0.0,0.0,1.0,1.0,0.0,0.0
0,0,6.713561971146754,5.161520554050046,1,700.4567380362129,1,1,1,9.279964504844541,178.13245991332104,0,1,3,0.0,0.0,0.0,0.0,1.0,0.0,0.0,0.0,0.0,0.0,0.0,0.0,1.0,1.0,0.0,0.0
4,2,7.617986710140144,7.790404694995634,2,1254.2049033151466,4,3,0,0.10316673784989705,277.43048682711094,1,0,0,0.0,0.0,0.0,0.0,0.0,0.0,0.0,0.0,0.0,0.0,0.0,1.0,0.0,0.0,0.0,0.0
4,5,3.1889871630131656,9.246169031218777,3,1398.7539335140023,3,2,3,9.168039004328913,276.5166345279139,0,0,1,0.0,0.0,0.0,0.0,0.0,0.0,0.0,1.0,0.0,0.0,0.0,0.0,0.0,1.0,1.0,0.0
2,0,8.883976054143979,4.294169791516146,2,3282.584874341432,1,3,1,6.435917325605262,92.93597910754482,0,0,3,1.0,0.0,0.0,0.0,0.0,0.0,0.0,0.0,0.0,0.0,0.0,1.0,1.0,0.0,1.0,0.0
3,3,4.415959963672102,7.35131675304598,1,3499.81416160703,2,3,3,8.373904666375509,209.72061672299958,0,0,5,1.0,0.0,0.0,0.0,0.0,0.0,0.0,0.0,0.0,0.0,0.0,0.0,0.0,0.0,1.0,0.0
1,1,3.4402304610347354,7.820650120630183,2,931.0215423505409,0,1,3,6.111103109110745,213.81221475022915,1,1,1,0.0,0.0,0.0,0.0,0.0,0.0,1.0,0.0,0.0,0.0,0.0,0.0,0.0,0.0,1.0,0.0
3,2,2.7560804990835233,9.594345887096477,2,3328.304719888161,3,1,0,9.488698832913963,287.14559650461564,0,0,1,1.0,0.0,0.0,0.0,0.0,0.0,0.0,0.0,0.0,0.0,0.0,0.0,0.0,0.0,0.0,1.0
2,0,8.237542009626763,7.930862767869739,3,2619.620035055751,0,3,4,5.244832666726854,25.180264378302674,1,1,4,1.0,0.0,0.0,0.0,0.0,0.0,0.0,0.0,0.0,0.0,0.0,1.0,0.0,0.0,1.0,0.0
4,4,4.187481174694562,4.61819621482443,3,1995.824505099574,3,3,0,4.150090314688567,185.14546788599034,1,0,1,0.0,0.0,0.0,0.0,0.0,0.0,1.0,0.0,0.0,0.0,0.0,0.0,1.0,0.0,0.0,0.0
0,4,5.350591250991412,4.880465455266883,1,3364.059918046713,0,3,2,7.6382286212305015,122.17907074091642,0,0,1,0.0,0.0,0.0,0.0,0.0,0.0,0.0,0.0,0.0,0.0,0.0,0.0,1.0,0.0,1.0,0.0
0,4,3.0053784120748808,7.814584773321986,3,2641.079546963901,0,2,4,5.333339511135799,104.19846947630137,1,1,1,0.0,0.0,0.0,0.0,0.0,0.0,0.0,0.0,0.0,0.0,0.0,0.0,0.0,0.0,1.0,0.0
4,4,7.174819640520384,5.293718060579396,3,2280.963566357228,1,2,2,3.6411172442883712,185.2482342559932,1,1,4,0.0,0.0,0.0,0.0,0.0,0.0,1.0,0.0,0.0,0.0,0.0,0.0,1.0,0.0,0.0,0.0
1,1,8.029300667971802,9.56983284926373,0,1128.5802920592537,0,0,2,10.962556826778027,83.86109611621518,0,0,3,0.0,0.0,0.0,0.0,0.0,0.0,0.0,0.0,0.0,0.0,0.0,1.0,0.0,1.0,0.0,1.0
1,3,4.0548272405800745,9.524123204715316,2,1233.3318556123695,4,1,2,8.679283268539002,10.759972405782737,0,0,1,0.0,0.0,0.0,0.0,0.0,0.0,0.0,0.0,0.0,0.0,0.0,0.0,0.0,0.0,0.0,0.0
3,0,9.505714468342617,9.691935160943281,0,3234.5052081987365,4,0,0,2.3625292868720904,233.33779704427434,1,0,5,1.0,1.0,0.0,0.0,0.0,0.0,0.0,0.0,0.0,0.0,0.0,1.0,0.0,0.0,0.0,0.0
0,2,1.2754954860421248,5.7577156468731605,1,1145.1163435837573,4,3,3,8.881271640605242,26.039276535293986,1,0,2,0.0,0.0,0.0,0.0,1.0,0.0,0.0,0.0,0.0,0.0,0.0,0.0,1.0,0.0,1.0,0.0
2,3,2.1964879294663633,8.301699447761898,0,596.9180428839738,3,0,4,3.028761778268525,98.45947759825351,1,1,4,1.0,0.0,0.0,0.0,0.0,0.0,1.0,0.0,0.0,0.0,0.0,0.0,0.0,1.0,0.0,0.0
1,4,6.299083284044418,7.9780834416090975,1,1298.6812936536373,1,3,3,5.1752797607389525,178.47777088388483,0,0,1,0.0,0.0,0.0,0.0,0.0,0.0,0.0,0.0,0.0,0.0,0.0,0.0,0.0,1.0,1.0,0.0
0,0,7.312661758435417,4.213622688026632,2,1941.6671588366942,3,3,0,2.609064470496836,187.12077949658706,1,0,5,0.0,0.0,0.0,0.0,0.0,0.0,0.0,0.0,0.0,0.0,0.0,0.0,1.0,0.0,1.0,0.0
4,4,3.256146905581531,5.593390458077678,1,1645.8942821964745,3,1,1,1.3595741442986249,199.87952240276374,0,1,1,0.0,0.0,0.0,0.0,0.0,0.0,1.0,0.0,0.0,0.0,0.0,0.0,1.0,0.0,0.0,0.0
0,2,5.9866398720221365,5.2406003780768105,0,3307.4089958301684,1,2,4,4.788763869684722,298.35106100664717,1,1,2,0.0,0.0,0.0,0.0,0.0,0.0,1.0,0.0,0.0,0.0,0.0,0.0,1.0,0.0,1.0,0.0
0,5,3.8654762233853144,6.22485161043004,1,1755.7221333215045,4,2,3,6.660976742933103,120.41613539008009,0,1,3,0.0,0.0,0.0,0.0,0.0,0.0,0.0,0.0,0.0,0.0,0.0,0.0,0.0,0.0,1.0,0.0
3,3,5.986803210594312,9.71832229927135,2,3167.1580629944465,4,2,1,3.6254603683147435,41.24832929873898,1,1,3,1.0,0.0,0.0,0.0,0.0,0.0,0.0,0.0,0.0,0.0,0.0,1.0,0.0,0.0,0.0,0.0
4,3,6.933949099878273,9.07360983375003,3,2283.9888019678115,1,2,1,0.9000359883703979,41.38472194110017,1,0,3,0.0,0.0,0.0,0.0,0.0,0.0,0.0,0.0,0.0,0.0,0.0,1.0,0.0,0.0,0.0,0.0
0,4,9.755272482121518,5.7605475482096615,0,2072.3740172355574,2,1,2,2.995647731235001,153.07459022804915,0,0,4,0.0,0.0,0.0,0.0,0.0,0.0,0.0,0.0,0.0,0.0,0.0,1.0,1.0,0.0,0.0,0.0
3,4,5.101271740190653,7.180189186595939,1,980.5868979631792,4,2,0,2.9478886069512114,115.12183720328454,1,1,4,1.0,0.0,0.0,0.0,0.0,0.0,1.0,0.0,0.0,0.0,0.0,0.0,1.0,1.0,0.0,0.0
2,0,6.833944362442425,5.153596729519972,0,1313.0957413406677,1,3,0,7.089026512262283,273.9491056171664,1,0,2,1.0,0.0,0.0,0.0,0.0,0.0,0.0,0.0,0.0,0.0,0.0,1.0,1.0,0.0,1.0,0.0
4,3,6.202353231279387,5.66460395377563,0,3101.500330457083,4,1,0,3.385784146172664,153.27954086867584,1,1,3,0.0,0.0,0.0,0.0,0.0,0.0,1.0,0.0,0.0,0.0,0.0,1.0,1.0,0.0,0.0,0.0
0,0,3.857994044988157,4.390019494089307,0,2839.871634448322,1,1,4,6.405310462913497,135.58621838817112,1,0,3,0.0,0.0,0.0,0.0,0.0,0.0,0.0,0.0,0.0,0.0,0.0,0.0,1.0,0.0,1.0,0.0
4,2,3.2775771852794833,7.855639005501019,3,1842.2700933472438,4,1,0,5.644075573652019,258.70709199670426,0,0,2,0.0,0.0,0.0,0.0,0.0,0.0,0.0,0.0,0.0,0.0,0.0,0.0,0.0,0.0,0.0,0.0
3,4,9.890836495702514,7.941524646977974,3,3227.0664628048703,1,3,2,3.1962935046009577,238.83250288578932,0,1,3,1.0,1.0,0.0,0.0,0.0,0.0,0.0,0.0,0.0,0.0,0.0,1.0,0.0,0.0,1.0,0.0
4,5,2.861671255313638,9.031009724820661,2,2957.5361092605613,3,3,1,8.8946061055501,214.16367679112233,0,0,4,0.0,0.0,0.0,0.0,0.0,0.0,0.0,0.0,0.0,0.0,0.0,0.0,0.0,0.0,0.0,1.0
1,1,8.11247740366813,9.229310880563524,1,836.252999387014,2,1,3,8.011094648596595,158.20635792371053,0,1,4,0.0,0.0,0.0,0.0,0.0,0.0,0.0,0.0,0.0,0.0,0.0,1.0,0.0,1.0,0.0,0.0
4,2,2.319286519186849,4.960356395162337,3,2317.791481406909,1,3,0,8.163275557549797,70.40163873109626,0,0,0,0.0,0.0,0.0,0.0,0.0,0.0,0.0,0.0,0.0,0.0,0.0,0.0,1.0,0.0,1.0,0.0
3,3,8.239161424251257,8.458245676977924,1,2896.529620222427,2,3,4,5.202974238222626,170.24237146598193,0,0,0,1.0,0.0,0.0,0.0,0.0,0.0,0.0,0.0,0.0,0.0,0.0,1.0,0.0,0.0,1.0,0.0
0,2,2.6715559869059327,4.808245796963994,2,2925.0323838025233,1,1,0,3.799156148553142,34.729551186644855,0,1,4,0.0,0.0,0.0,0.0,0.0,0.0,0.0,0.0,0.0,0.0,0.0,0.0,1.0,0.0,0.0,0.0
4,1,9.704409796145503,6.242290070474866,2,774.0235337303789,3,3,4,7.0888918884353895,161.0437249802707,0,1,3,0.0,0.0,0.0,0.0,1.0,0.0,1.0,0.0,0.0,0.0,0.0,1.0,1.0,1.0,1.0,0.0
3,1,7.173888909170656,7.093219429355327,2,1173.8335085910844,4,3,0,11.509084039817836,255.4323456641781,0,1,3,1.0,0.0,0.0,0.0,0.0,0.0,0.0,0.0,0.0,0.0,0.0,1.0,0.0,1.0,0.0,1.0
1,2,1.8110641930824598,4.296819484522456,1,1739.1179504267532,2,3,0,5.207522190282546,154.50387342822032,0,1,5,0.0,0.0,0.0,0.0,0.0,0.0,0.0,0.0,0.0,0.0,0.0,0.0,1.0,0.0,1.0,0.0
2,3,7.238594075131098,4.940582269272726,1,1254.8932833235795,1,1,0,7.983400450303549,20.542885116682996,0,0,1,1.0,0.0,0.0,0.0,0.0,0.0,0.0,0.0,0.0,0.0,0.0,0.0,1.0,0.0,1.0,0.0
1,5,6.432586865033967,5.626696599940229,1,826.8144400939859,3,0,3,5.308196026107265,9.395379561387351,1,0,1,0.0,0.0,0.0,0.0,0.0,0.0,0.0,0.0,0.0,0.0,0.0,0.0,1.0,1.0,0.0,0.0
2,3,4.037916220245626,4.765253977805136,2,2386.4012889828846,2,0,1,11.19121992407985,258.14665047461494,1,0,3,1.0,0.0,0.0,0.0,0.0,0.0,0.0,0.0,0.0,0.0,0.0,0.0,1.0,0.0,0.0,1.0
4,2,3.3466239798104316,9.604577633237998,2,2022.4203546131891,4,3,2,3.1766002425608693,67.28504275144394,0,1,4,0.0,0.0,0.0,0.0,0.0,0.0,1.0,0.0,0.0,0.0,0.0,0.0,0.0,0.0,1.0,0.0
4,3,7.468847035733369,5.729915128522698,1,964.9692628956616,1,2,4,5.5007993410954095,157.70970500512948,1,1,5,0.0,0.0,0.0,0.0,1.0,0.0,1.0,0.0,0.0,0.0,0.0,1.0,1.0,1.0,1.0,0.0
1,4,7.672252356548793,7.007029987053482,2,2259.14598883123,2,2,1,5.923827263984259,233.03668783820572,1,0,5,0.0,0.0,0.0,0.0,0.0,0.0,0.0,0.0,0.0,0.0,0.0,1.0,1.0,0.0,0.0,0.0
4,2,3.944852640572829,9.979205427554117,0,686.0448602193927,2,0,2,8.743775777448338,75.96331938555116,0,0,2,0.0,0.0,0.0,0.0,0.0,0.0,0.0,0.0,0.0,0.0,0.0,0.0,0.0,1.0,0.0,0.0
2,2,8.886043997555532,7.399856061587464,1,1649.1231778199326,4,3,1,8.655706559745237,221.233854616281,0,0,1,1.0,1.0,0.0,0.0,0.0,1.0,0.0,0.0,0.0,0.0,0.0,1.0,1.0,0.0,1.0,1.0
3,1,3.4194449699964213,6.468974649952508,3,2877.553890621161,0,0,0,8.873302798616091,22.587765279202966,1,1,3,1.0,0.0,0.0,0.0,0.0,0.0,1.0,0.0,0.0,0.0,0.0,0.0,1.0,0.0,0.0,0.0
3,5,1.628779833773299,9.578754435545711,2,3170.1489096956075,3,2,4,8.79528294312706,224.58398678159963,0,1,1,1.0,0.0,0.0,0.0,0.0,0.0,0.0,0.0,0.0,0.0,0.0,0.0,0.0,0.0,1.0,1.0
2,5,6.398810603448207,5.334986532199651,2,1235.7038983986722,4,3,1,5.637099187679974,19.196985327640135,1,0,2,1.0,0.0,0.0,0.0,0.0,0.0,0.0,1.0,1.0,0.0,0.0,0.0,0.0,1.0,0.0,0.0
2,1,1.9636351554845453,5.077004445032248,3,3078.5263969676407,1,0,4,1.8667739691933933,83.14186958425401,0,0,1,1.0,0.0,0.0,0.0,0.0,0.0,0.0,0.0,0.0,0.0,0.0,0.0,1.0,0.0,1.0,0.0
2,2,3.4899765783983674,7.212186214244701,2,3175.273340382786,2,2,2,10.445257330569945,77.0112672899841,1,0,2,1.0,0.0,0.0,0.0,0.0,0.0,0.0,0.0,0.0,0.0,0.0,0.0,0.0,0.0,1.0,0.0
4,1,5.564677537435942,6.563810426988341,2,2320.6469138118186,1,3,4,3.8979984505021803,267.42448540373647,1,1,5,0.0,0.0,0.0,0.0,0.0,0.0,1.0,0.0,0.0,1.0,0.0,0.0,1.0,0.0,1.0,0.0
1,5,3.5772366012156787,8.78191646389279,1,3446.53369287434,2,1,0,1.323816825172576,160.34400200605458,1,0,1,0.0,0.0,0.0,0.0,0.0,0.0,0.0,0.0,0.0,0.0,0.0,0.0,0.0,0.0,0.0,0.0
1,0,2.9349670817803997,4.252060247826203,3,1238.5274671784207,4,0,2,1.5453836465704764,252.92268525760903,1,1,5,0.0,0.0,0.0,0.0,0.0,0.0,0.0,0.0,0.0,0.0,0.0,0.0,1.0,1.0,0.0,0.0
1,1,7.32866873415089,7.70635494646732,2,706.9226963068808,1,1,1,5.937105312657027,174.68388491364774,1,1,1,0.0,0.0,0.0,0.0,0.0,0.0,1.0,0.0,0.0,0.0,0.0,0.0,1.0,1.0,0.0,0.0
0,1,5.92299407262066,8.264074857387259,2,3030.32945565067,1,3,4,5.111207595890193,242.07152643212893,0,1,1,0.0,0.0,0.0,0.0,0.0,0.0,0.0,0.0,0.0,0.0,0.0,0.0,0.0,0.0,1.0,0.0
1,3,8.557851234252524,9.831500564943802,0,1972.7919775986627,2,2,1,7.96231973101994,165.40253390566525,1,0,1,0.0,0.0,0.0,0.0,0.0,0.0,0.0,0.0,0.0,0.0,0.0,1.0,0.0,0.0,0.0,0.0
0,1,6.2311563518992985,4.874579201439013,3,1539.3616373054654,2,1,3,7.342386306900897,134.97406116661764,0,1,4,0.0,0.0,0.0,0.0,1.0,0.0,0.0,0.0,0.0,0.0,0.0,0.0,0.0,0.0,1.0,0.0
0,3,5.351024905964005,5.477459312256806,1,665.6984944727033,3,2,2,1.2889435273883922,197.39312687325886,0,0,4,0.0,0.0,0.0,0.0,1.0,0.0,0.0,0.0,0.0,0.0,0.0,0.0,1.0,1.0,1.0,0.0
3,4,3.3513071644970935,9.594659389415455,1,693.8734364631455,0,0,2,3.5609850779399626,85.93467536580923,0,0,0,1.0,0.0,0.0,0.0,0.0,0.0,0.0,0.0,0.0,0.0,0.0,0.0,0.0,1.0,0.0,0.0
0,4,8.128592875821676,7.783773072899804,0,772.1493520456778,4,1,3,10.755057578317494,275.621146019537,0,0,1,0.0,0.0,0.0,0.0,1.0,0.0,0.0,0.0,0.0,0.0,0.0,1.0,1.0,1.0,0.0,1.0
2,0,2.771839077079305,4.22829419641307,0,1050.9275616669613,3,3,3,9.200191712204333,272.44101709962007,0,1,5,1.0,0.0,0.0,0.0,0.0,0.0,0.0,0.0,0.0,0.0,0.0,0.0,1.0,0.0,1.0,1.0
3,0,3.1800556987584425,4.464064013534674,0,3411.202772670668,4,1,2,10.446494431132429,21.81986222463418,1,1,3,1.0,0.0,0.0,0.0,0.0,0.0,0.0,0.0,0.0,0.0,0.0,0.0,1.0,0.0,0.0,1.0
3,0,8.574297370777629,8.71264336376601,0,1344.21242618645,2,3,0,0.26385147172322654,275.036373053491,0,1,1,1.0,1.0,0.0,0.0,0.0,0.0,0.0,0.0,0.0,0.0,0.0,1.0,0.0,1.0,0.0,0.0
2,5,7.6707327315629,7.404846990738495,0,2951.1419013567934,2,2,0,10.945064347412842,54.55949368529423,1,1,1,1.0,1.0,0.0,0.0,0.0,0.0,0.0,0.0,1.0,0.0,0.0,1.0,1.0,0.0,1.0,1.0
0,3,6.515861400815685,7.392492889713243,1,558.2413411983263,1,3,2,10.332936221829698,204.38190828552442,0,1,2,0.0,0.0,0.0,0.0,1.0,0.0,0.0,1.0,0.0,0.0,0.0,0.0,0.0,1.0,1.0,1.0
4,3,1.3502847770791608,9.279193859867712,3,1465.4451832946024,4,2,0,5.427325486043154,246.9313142195106,0,1,1,0.0,0.0,0.0,0.0,0.0,0.0,1.0,0.0,0.0,0.0,0.0,0.0,0.0,0.0,0.0,0.0
4,4,2.1453185645625386,5.446587516227369,3,3218.5772989581337,0,1,3,8.083056450253547,72.3715764368259,1,1,2,0.0,0.0,0.0,0.0,0.0,0.0,1.0,0.0,0.0,0.0,0.0,0.0,1.0,0.0,0.0,0.0
3,3,5.499617141688487,4.96258589093212,0,1055.1223486444624,2,3,4,3.2639233580562155,33.79659608461325,1,1,3,1.0,0.0,0.0,0.0,0.0,0.0,0.0,0.0,0.0,0.0,0.0,0.0,1.0,1.0,1.0,0.0
0,1,7.717050311346019,7.682835685732483,1,1352.0705612404283,1,1,3,7.903058568600104,226.85361851142397,1,0,2,0.0,0.0,0.0,0.0,1.0,0.0,0.0,0.0,0.0,0.0,0.0,1.0,0.0,0.0,1.0,0.0
0,3,5.176907777726409,9.2945385859233,3,2979.544645139146,3,1,3,9.585255110948163,132.72865350978276,1,0,3,0.0,0.0,0.0,0.0,0.0,0.0,0.0,0.0,0.0,0.0,0.0,0.0,0.0,0.0,0.0,0.0
1,4,1.1556372197330478,5.591503868005709,2,864.175059356218,4,2,1,5.802670435233996,146.00503450584574,1,1,0,0.0,0.0,0.0,0.0,0.0,0.0,0.0,1.0,0.0,0.0,0.0,0.0,0.0,1.0,0.0,0.0
0,0,2.6584299880013953,8.087766188748112,3,659.5495723171526,3,3,3,0.33928203669644397,228.55834022390565,0,0,3,0.0,0.0,0.0,0.0,1.0,0.0,0.0,0.0,0.0,0.0,0.0,0.0,0.0,1.0,0.0,0.0
4,3,6.298900296581963,4.914274191149645,1,3397.9302649617325,0,0,0,4.996144592277075,76.13879685040898,1,0,0,0.0,0.0,0.0,0.0,0.0,0.0,1.0,0.0,0.0,0.0,0.0,0.0,1.0,0.0,0.0,0.0
1,2,7.247953537191922,5.031452174974893,0,1714.375276061528,1,3,4,8.699762975207525,29.145548211461115,1,0,4,0.0,0.0,0.0,0.0,0.0,0.0,0.0,0.0,0.0,0.0,0.0,1.0,1.0,0.0,1.0,0.0
1,0,1.3008548144071395,9.409060347176425,0,2473.613809334346,0,1,0,8.4450735219766,287.3219172182369,1,1,3,0.0,0.0,0.0,0.0,0.0,0.0,0.0,0.0,0.0,0.0,0.0,0.0,0.0,0.0,1.0,0.0
4,1,1.389985781144503,4.707789969438252,2,881.3477342040544,2,1,2,5.83564178856337,209.8977440040787,1,0,3,0.0,0.0,0.0,0.0,1.0,0.0,1.0,0.0,0.0,0.0,0.0,0.0,0.0,1.0,1.0,1.0
4,2,3.3517910391072667,4.146073219931168,0,1160.5321936005898,0,0,2,11.828508904886395,195.64037347755448,0,0,2,0.0,0.0,0.0,0.0,1.0,0.0,0.0,0.0,0.0,0.0,0.0,0.0,1.0,1.0,1.0,1.0
1,2,1.7515152584790843,8.649642688664706,1,1879.9422744797716,3,0,0,1.4045504341976947,99.88265892689435,1,1,1,0.0,0.0,0.0,0.0,0.0,0.0,0.0,0.0,0.0,0.0,0.0,0.0,0.0,0.0,0.0,0.0
1,1,5.877516089740282,6.175057291151083,1,2525.459652286333,2,2,0,1.8994582250804903,298.71180621394143,0,0,4,0.0,0.0,0.0,0.0,0.0,0.0,0.0,0.0,0.0,0.0,0.0,0.0,1.0,0.0,0.0,0.0
2,3,2.1133178376101243,6.379951313212786,3,1379.7437333797743,1,2,3,3.0999281908099294,66.76323971249165,1,1,0,1.0,0.0,0.0,0.0,0.0,0.0,0.0,0.0,0.0,0.0,0.0,0.0,0.0,0.0,1.0,0.0
3,2,6.833974014112802,8.799145269449173,3,3153.9012531201256,4,0,2,9.642539099701029,53.42965289348255,0,1,2,1.0,0.0,0.0,0.0,0.0,0.0,0.0,0.0,0.0,0.0,0.0,0.0,0.0,0.0,0.0,1.0
4,2,7.995027873768283,5.079614749464089,1,2843.432010869762,3,3,0,9.153819514765825,95.4851834738357,0,1,1,0.0,0.0,0.0,0.0,0.0,0.0,1.0,0.0,0.0,0.0,0.0,1.0,1.0,0.0,1.0,0.0
4,4,9.73464997376896,7.901961649126214,2,2154.6736725756164,3,2,0,9.27314207807341,221.68636211214442,0,1,2,0.0,0.0,0.0,0.0,0.0,0.0,1.0,0.0,0.0,0.0,0.0,1.0,0.0,0.0,0.0,0.0
4,0,9.53566265473943,5.881169973025807,1,1877.6335503189428,1,0,3,10.555474189768505,71.10310627986865,1,1,2,0.0,0.0,0.0,0.0,0.0,0.0,1.0,0.0,0.0,0.0,0.0,1.0,1.0,0.0,0.0,1.0
0,2,3.4602863521175036,4.625610763881065,3,2358.6276282275267,1,3,3,5.314929680262455,93.8284415187598,0,0,2,0.0,0.0,0.0,0.0,0.0,0.0,0.0,0.0,0.0,0.0,0.0,0.0,1.0,0.0,1.0,0.0
1,0,1.2646864236085555,8.124976293820527,1,2694.989499341136,2,0,2,3.8228756393116887,158.8881856075452,0,1,1,0.0,0.0,0.0,0.0,0.0,0.0,0.0,0.0,0.0,0.0,0.0,0.0,0.0,0.0,0.0,0.0
2,5,3.964709945005912,5.9119848073056165,2,904.8508858721597,3,2,0,7.204585244729077,194.98394506044826,0,0,0,1.0,0.0,0.0,0.0,0.0,0.0,0.0,0.0,0.0,0.0,0.0,0.0,1.0,0.0,0.0,0.0
0,1,7.37632106841388,9.199624625680425,3,3057.9240876826566,4,2,0,4.9184608061626545,44.764837881099226,1,1,2,0.0,0.0,0.0,0.0,0.0,0.0,0.0,0.0,0.0,0.0,0.0,1.0,0.0,0.0,0.0,0.0
1,4,1.5382108834528536,9.514213901391404,0,1968.2083509732354,3,3,0,6.286087368778506,196.39176261389636,0,1,1,0.0,0.0,0.0,0.0,0.0,0.0,0.0,0.0,0.0,0.0,0.0,0.0,0.0,0.0,0.0,0.0
0,1,4.237413919042858,9.094310571525718,0,3306.0319694286545,0,3,0,1.6826078547691004,114.3165544164112,1,0,0,0.0,0.0,0.0,0.0,0.0,0.0,0.0,0.0,0.0,0.0,0.0,0.0,1.0,0.0,1.0,0.0
4,1,3.6823109279221624,5.934110484612772,1,3366.627188342346,4,3,2,4.756590109312526,103.84657164247432,0,1,5,0.0,0.0,0.0,0.0,0.0,0.0,0.0,0.0,0.0,0.0,0.0,0.0,1.0,0.0,1.0,0.0
0,3,2.9741107223707903,5.419495746157937,3,592.1504630542554,1,0,1,5.671608510611357,23.705408457915844,1,0,2,0.0,0.0,0.0,0.0,1.0,0.0,0.0,0.0,0.0,0.0,0.0,0.0,0.0,1.0,0.0,0.0
0,4,7.355176792572838,9.356803854446799,2,1653.4429273066908,0,1,1,1.0492852137238495,292.1883846848116,1,1,0,0.0,0.0,0.0,0.0,1.0,0.0,0.0,0.0,0.0,0.0,0.0,1.0,0.0,0.0,1.0,0.0
0,1,6.931873045219366,6.717681903258768,0,2078.670239738796,2,1,2,11.933943079024012,207.93616398216304,1,1,2,0.0,0.0,0.0,0.0,0.0,0.0,1.0,0.0,0.0,0.0,0.0,1.0,1.0,0.0,1.0,1.0
0,1,5.81944684630909,8.246438341348094,1,2118.786464382112,2,1,3,0.4534311104414064,29.964364868013426,0,1,0,0.0,0.0,0.0,0.0,0.0,0.0,0.0,0.0,0.0,0.0,0.0,0.0,0.0,0.0,0.0,0.0
2,5,9.196971757134378,8.962985208463806,2,2967.180100541027,0,0,0,11.034187376835941,109.87104260729512,1,1,5,1.0,1.0,0.0,0.0,0.0,1.0,0.0,0.0,0.0,0.0,0.0,1.0,0.0,0.0,0.0,1.0
1,1,1.9282496745724522,5.6661199292069355,3,923.3119622863055,1,0,3,0.9623779823408967,24.020372898057886,0,1,2,0.0,0.0,0.0,0.0,0.0,0.0,0.0,0.0,0.0,0.0,0.0,0.0,1.0,0.0,0.0,0.0
4,1,2.3472030203031773,4.714584567608741,1,2367.4480690847686,1,3,0,10.311571730568676,162.45962873053426,0,1,5,0.0,0.0,0.0,0.0,0.0,0.0,1.0,0.0,0.0,0.0,0.0,0.0,1.0,0.0,0.0,1.0
1,4,4.451047112974718,7.748965380059715,0,3327.790963535788,2,3,2,6.578901323394913,210.04392433018947,1,0,2,0.0,0.0,0.0,0.0,0.0,0.0,0.0,0.0,0.0,0.0,0.0,0.0,1.0,0.0,1.0,1.0
2,0,6.902938466766106,7.541153534579351,0,3490.0735814128593,3,2,1,2.3560184165543046,16.965636063889487,1,1,5,1.0,1.0,0.0,0.0,0.0,0.0,1.0,0.0,0.0,0.0,0.0,0.0,0.0,0.0,0.0,0.0
3,5,6.256713630208709,5.6212004359514545,0,530.2566229392307,3,2,0,2.775940666515351,276.6504896551159,0,1,5,1.0,0.0,0.0,0.0,0.0,0.0,0.0,1.0,0.0,0.0,0.0,0.0,1.0,1.0,0.0,0.0
3,5,1.6663841872113876,7.508240328312053,0,3417.7018486953266,0,1,4,4.2193003490093535,112.24054325651397,1,1,3,1.0,0.0,0.0,0.0,0.0,0.0,1.0,0.0,0.0,0.0,0.0,0.0,0.0,0.0,1.0,0.0
3,5,9.625823233718206,8.742143526870057,1,866.6300833408883,0,2,0,9.528272687308178,70.4379679518746,1,1,2,1.0,0.0,0.0,0.0,0.0,0.0,0.0,0.0,1.0,0.0,0.0,1.0,0.0,1.0,0.0,0.0
1,1,3.7455833481525236,6.100065894064764,1,2110.8516131580864,3,3,3,1.7657545811103654,38.95680576338053,0,0,5,0.0,0.0,0.0,0.0,0.0,0.0,0.0,0.0,0.0,0.0,0.0,0.0,1.0,0.0,0.0,0.0
2,0,4.230753524047845,5.453906313553433,1,1239.109427850319,4,1,1,2.906777091196075,43.688081668144854,0,1,3,1.0,0.0,0.0,0.0,0.0,0.0,0.0,0.0,0.0,0.0,0.0,0.0,1.0,0.0,0.0,0.0
4,2,6.612668191390812,8.350007281657337,3,2319.1731121820994,0,2,3,8.312135167481527,254.93896634466802,0,1,1,0.0,0.0,0.0,0.0,0.0,0.0,1.0,0.0,0.0,0.0,0.0,0.0,0.0,0.0,1.0,1.0
4,2,9.506489657137612,8.715232100090768,1,611.079775101193,1,3,3,7.367895869938678,144.01493230572254,0,1,0,0.0,0.0,0.0,0.0,1.0,0.0,1.0,0.0,0.0,1.0,0.0,1.0,0.0,1.0,1.0,0.0
3,5,6.964194151929448,9.725736627213522,2,1214.9980420183817,0,3,2,5.049894859448154,239.53465299518825,0,0,3,1.0,1.0,0.0,0.0,0.0,0.0,0.0,0.0,0.0,0.0,0.0,1.0,0.0,1.0,1.0,0.0
3,3,9.592959965929337,4.885514937504826,2,1401.7268995969168,2,0,3,0.7264347454293136,68.12343292761314,0,0,1,1.0,0.0,0.0,0.0,0.0,0.0,0.0,0.0,0.0,0.0,0.0,1.0,1.0,1.0,1.0,0.0
4,5,2.688320069384311,9.335584611329168,0,3246.8215462390517,1,0,2,6.701985471117288,95.38581565603586,1,0,4,0.0,0.0,0.0,0.0,0.0,0.0,1.0,0.0,0.0,0.0,0.0,0.0,0.0,0.0,0.0,0.0
3,4,6.5692893607564145,8.590592867139414,3,2250.888640545387,0,0,3,2.7506551647330637,123.78443083770073,1,0,3,1.0,0.0,0.0,0.0,0.0,0.0,0.0,0.0,0.0,0.0,0.0,1.0,0.0,0.0,0.0,0.0
4,4,8.459910026886563,8.211399447585327,1,2624.6291670791707,4,0,1,7.345203923518685,136.35543835062057,1,0,2,0.0,0.0,0.0,0.0,0.0,0.0,1.0,0.0,0.0,1.0,0.0,1.0,0.0,0.0,0.0,0.0
0,0,5.581220214293625,5.878321775142269,3,2528.045549951211,3,2,2,3.294190919925923,29.303789511695477,1,1,1,0.0,0.0,0.0,0.0,0.0,0.0,1.0,0.0,0.0,0.0,0.0,1.0,1.0,0.0,0.0,0.0
1,0,4.259563082464064,4.133157707128925,0,1676.8650097975485,2,1,0,11.763971544936913,13.50078998788885,1,1,1,0.0,0.0,0.0,0.0,0.0,0.0,1.0,0.0,0.0,0.0,0.0,0.0,1.0,0.0,0.0,0.0
0,0,9.862826770286894,7.045302964716654,3,542.0632056862569,3,0,2,7.087127643744559,298.76868374335317,1,0,1,0.0,0.0,0.0,0.0,1.0,0.0,0.0,0.0,0.0,0.0,0.0,1.0,0.0,1.0,0.0,0.0
0,3,2.2688860635699446,5.7146162589142975,2,821.0622897986027,1,0,0,6.855666560454738,199.9628988200411,0,0,3,0.0,0.0,0.0,0.0,1.0,0.0,0.0,0.0,0.0,0.0,0.0,0.0,1.0,1.0,0.0,0.0
2,1,4.69836574775791,5.738926113560147,0,1876.4254532111001,4,2,2,10.041220612991667,16.430881972632385,0,0,4,1.0,0.0,0.0,0.0,0.0,0.0,0.0,0.0,0.0,0.0,0.0,0.0,1.0,0.0,0.0,0.0
1,5,8.860363773045941,9.56283146315592,3,3323.884336603701,2,3,4,11.917977403455033,231.7695413905827,1,0,5,0.0,0.0,0.0,1.0,0.0,0.0,0.0,0.0,0.0,0.0,0.0,1.0,0.0,0.0,1.0,1.0
2,0,9.104326718553288,4.917813352319255,2,1246.2734223006235,1,2,1,9.350063913338063,108.33418943890672,1,0,4,1.0,0.0,0.0,0.0,0.0,0.0,0.0,0.0,0.0,0.0,0.0,1.0,1.0,1.0,1.0,1.0
2,5,9.823438914037967,9.605394277543322,3,2594.956158855362,2,2,2,7.1267459518292595,238.93812453037881,1,1,3,1.0,1.0,0.0,0.0,0.0,0.0,0.0,0.0,0.0,0.0,0.0,1.0,0.0,0.0,1.0,0.0
3,4,8.963628330379432,7.02284026006444,0,2979.7875293040706,2,0,4,10.362297501153058,284.9406216857552,0,0,4,1.0,1.0,0.0,0.0,0.0,1.0,0.0,0.0,0.0,0.0,1.0,1.0,1.0,0.0,1.0,0.0
4,0,1.4586132284867128,9.02967565636562,3,3220.3558525482804,3,1,0,2.174508768531618,7.971963097642931,0,0,1,0.0,0.0,0.0,0.0,0.0,0.0,0.0,0.0,0.0,0.0,0.0,0.0,0.0,0.0,0.0,0.0
4,0,9.367898496647394,5.701525428651462,3,1380.459236023103,4,3,3,9.170752455688525,289.287823237739,0,1,5,0.0,0.0,0.0,0.0,1.0,0.0,1.0,0.0,0.0,1.0,0.0,1.0,0.0,0.0,1.0,0.0
1,2,4.853504722661068,7.803523984508411,1,3293.8495236822614,1,3,2,8.158786487181743,49.72824695159231,0,0,0,0.0,0.0,0.0,0.0,0.0,0.0,0.0,0.0,0.0,0.0,0.0,0.0,1.0,0.0,1.0,0.0
1,2,6.864572687109238,7.339530374340501,1,2323.946781614538,3,3,1,6.7590129664865275,89.16977028023057,1,0,5,0.0,0.0,0.0,0.0,0.0,0.0,0.0,0.0,0.0,0.0,0.0,0.0,1.0,0.0,0.0,0.0
3,1,4.548482822504072,9.544996536507004,1,2025.2203523533215,0,2,1,10.401073928693325,188.08360408529094,1,1,0,1.0,1.0,0.0,0.0,0.0,0.0,0.0,0.0,0.0,0.0,0.0,0.0,0.0,0.0,1.0,0.0
0,3,8.323012689521939,5.075790561054526,1,2835.177895582654,1,1,2,8.51588565958981,214.77856480271328,0,0,5,0.0,0.0,0.0,0.0,0.0,0.0,0.0,0.0,0.0,0.0,0.0,1.0,1.0,0.0,0.0,0.0
2,0,6.183273486904895,5.227419338454878,3,1216.1378400843955,2,2,2,8.600801526599348,51.06940159393704,1,1,4,1.0,0.0,0.0,0.0,0.0,0.0,1.0,0.0,0.0,0.0,0.0,0.0,1.0,1.0,1.0,0.0
2,0,8.60990178298604,9.693786396721269,3,2937.740694622892,2,3,1,10.916897535709275,41.047844333903186,1,0,2,1.0,0.0,0.0,0.0,0.0,0.0,0.0,0.0,0.0,0.0,0.0,1.0,0.0,0.0,1.0,1.0
0,4,2.743943243686905,4.58778772471663,0,2449.8880833252097,3,0,3,8.39294474562071,85.963827919422,0,1,2,0.0,0.0,0.0,0.0,0.0,0.0,0.0,0.0,0.0,0.0,0.0,0.0,1.0,0.0,0.0,0.0
3,5,2.6648478527941206,7.8080948142639786,0,2898.0983865360504,0,3,1,3.06508697755564,97.67979514304956,0,0,1,1.0,0.0,0.0,0.0,0.0,0.0,0.0,0.0,0.0,0.0,0.0,0.0,1.0,0.0,0.0,0.0
1,1,4.963391214263083,4.363384679291519,0,3067.166585148377,4,3,4,2.2035025875223635,95.46663263582865,1,0,1,0.0,0.0,0.0,0.0,0.0,0.0,0.0,0.0,0.0,0.0,0.0,0.0,1.0,0.0,0.0,0.0
0,5,1.042763904662325,4.46194484872362,2,2352.042329071345,2,3,1,6.158361911495113,51.39354305112985,0,1,1,0.0,0.0,0.0,0.0,0.0,0.0,0.0,1.0,0.0,0.0,0.0,0.0,1.0,0.0,1.0,0.0
3,2,7.235676594066323,7.582892457410331,1,610.2053240254077,2,2,3,2.8189458832142686,291.242277888079,1,1,5,1.0,1.0,0.0,0.0,0.0,0.0,0.0,0.0,0.0,0.0,0.0,1.0,1.0,1.0,1.0,0.0
0,2,3.6644835502720987,7.308207772924352,3,1393.2429803949963,3,1,2,8.39562999366371,239.421619791774,1,0,1,0.0,0.0,0.0,0.0,0.0,0.0,0.0,0.0,0.0,0.0,0.0,0.0,0.0,1.0,0.0,0.0
3,0,6.0156941159300485,7.438157192521556,3,3134.059234884758,3,3,4,10.112515017573822,294.0061956541951,0,1,2,1.0,0.0,0.0,0.0,0.0,0.0,0.0,0.0,0.0,0.0,0.0,0.0,0.0,0.0,1.0,1.0
0,2,1.630032044147622,6.841912579299658,0,2380.8695328820922,2,0,2,3.5017921048148617,31.097307977299714,1,0,4,0.0,0.0,0.0,0.0,0.0,0.0,0.0,0.0,0.0,0.0,0.0,0.0,1.0,0.0,0.0,0.0
2,2,2.5357992344442457,8.454156043489629,2,3170.169087861731,2,3,1,10.961692930852543,22.673371090339913,1,0,4,1.0,0.0,0.0,0.0,0.0,0.0,0.0,0.0,0.0,0.0,0.0,0.0,0.0,0.0,1.0,1.0
4,3,6.605732530197395,9.953131218189391,3,1653.5855061478633,1,1,1,8.9628435277391,160.7923650337792,1,1,1,0.0,0.0,0.0,0.0,0.0,0.0,1.0,0.0,0.0,0.0,0.0,1.0,0.0,0.0,0.0,0.0
1,0,3.7509636439993876,5.654687478342134,3,2014.1823674219738,2,2,3,11.857690940741946,184.34036329155862,1,0,4,0.0,0.0,0.0,0.0,0.0,0.0,0.0,0.0,0.0,0.0,0.0,0.0,0.0,0.0,1.0,0.0
3,1,2.932497483270703,5.94063800388969,2,3087.7773265127416,1,1,2,2.3844517683810937,190.5471269296058,1,0,1,1.0,0.0,0.0,0.0,0.0,0.0,0.0,0.0,0.0,0.0,0.0,0.0,0.0,0.0,0.0,0.0
3,2,3.0596185072699114,5.938297254059288,1,2786.0940732750887,3,0,4,5.5385648028433145,27.977116911974097,0,0,4,1.0,0.0,0.0,0.0,0.0,0.0,0.0,0.0,0.0,0.0,0.0,0.0,1.0,0.0,0.0,0.0
4,0,2.933374282529459,8.579613677835114,3,1632.5033938618064,2,3,0,7.683694996481754,253.138749934764,1,1,0,0.0,0.0,0.0,0.0,0.0,0.0,1.0,0.0,0.0,0.0,0.0,0.0,0.0,0.0,0.0,0.0
0,0,6.605658544874934,6.088093006742369,1,567.8908581243656,1,2,1,9.155010622511405,146.91408322744664,1,1,5,0.0,0.0,0.0,0.0,1.0,0.0,0.0,0.0,0.0,0.0,0.0,1.0,1.0,1.0,0.0,1.0
3,3,2.509220930225114,8.060422405495903,3,3141.0186894731155,2,2,4,10.943192242652321,110.44168317163809,1,1,0,1.0,0.0,0.0,0.0,0.0,0.0,1.0,0.0,0.0,0.0,0.0,0.0,0.0,0.0,1.0,1.0
4,5,4.264357232619013,6.675325342071573,1,2859.0705394484585,4,0,3,10.695240383148846,151.33142242929304,0,1,5,0.0,0.0,0.0,0.0,0.0,0.0,1.0,0.0,0.0,0.0,0.0,0.0,1.0,0.0,0.0,0.0
3,3,7.19098179034107,7.646828002138075,3,1847.4824921493928,2,3,0,2.8334629978514885,12.138043311788804,1,1,4,1.0,0.0,0.0,0.0,0.0,0.0,0.0,0.0,0.0,0.0,0.0,0.0,0.0,0.0,1.0,0.0
0,0,5.6230395161288556,8.974092236829396,3,2138.7214614205586,1,3,4,5.0696534132053,64.52297156345246,0,0,0,0.0,0.0,0.0,0.0,0.0,0.0,0.0,0.0,0.0,0.0,0.0,0.0,0.0,0.0,1.0,0.0
4,5,6.375527836979355,7.084352125325234,2,1112.9360514021641,2,3,2,8.619658668659168,299.5470087125294,0,0,4,0.0,0.0,0.0,0.0,0.0,0.0,0.0,1.0,0.0,0.0,0.0,0.0,0.0,1.0,1.0,0.0
0,3,3.2581628151737365,6.851039205080234,0,1736.3032695076058,3,0,3,1.5877709178195691,165.76774127679218,0,0,2,0.0,0.0,0.0,0.0,1.0,0.0,0.0,0.0,0.0,0.0,0.0,0.0,1.0,0.0,0.0,0.0
2,4,9.39443385848685,5.601847501631818,0,989.5862810343615,0,0,0,11.512382861240383,23.562272746402346,0,0,5,1.0,1.0,0.0,0.0,0.0,0.0,0.0,0.0,0.0,0.0,0.0,1.0,1.0,0.0,0.0,1.0
2,1,4.724913234847021,7.095427490918703,3,1131.7087207725078,2,1,0,8.963433195971456,87.85061922268018,1,0,5,1.0,0.0,0.0,0.0,0.0,0.0,0.0,0.0,0.0,0.0,0.0,0.0,0.0,0.0,0.0,0.0
2,3,3.582675429511011,5.574473637457624,3,3039.1084799702826,0,0,3,9.946102606040892,55.43242108669415,0,1,5,1.0,0.0,0.0,0.0,0.0,0.0,0.0,0.0,0.0,0.0,0.0,0.0,0.0,0.0,0.0,0.0
2,0,9.13893565652625,9.061421234307751,2,1587.417133334508,4,2,1,10.88933262541033,277.41017015788043,0,1,3,1.0,0.0,0.0,0.0,0.0,0.0,0.0,0.0,0.0,0.0,0.0,1.0,0.0,0.0,0.0,1.0
0,3,6.897606537379483,6.333184161169503,3,2944.169968779084,3,1,0,2.1354223996539337,241.86311753042102,0,0,5,0.0,0.0,0.0,0.0,0.0,0.0,0.0,0.0,0.0,0.0,0.0,1.0,0.0,0.0,0.0,0.0
2,1,6.525512768246054,4.774645791009723,3,1921.699592143335,0,2,3,5.065571841510779,164.07107059441125,0,1,2,1.0,0.0,0.0,0.0,0.0,0.0,0.0,0.0,0.0,0.0,0.0,0.0,1.0,0.0,1.0,0.0
4,5,8.980611869495512,5.43980516755816,1,712.3333277173156,2,3,1,7.820037377084264,285.53450031674345,1,0,0,0.0,0.0,0.0,0.0,0.0,0.0,1.0,1.0,0.0,0.0,0.0,1.0,1.0,1.0,1.0,1.0
2,0,1.5268625764424597,7.207488804803537,3,1584.5815658186034,4,2,4,9.869533483835067,111.86083613025474,0,1,5,1.0,0.0,0.0,0.0,0.0,0.0,0.0,0.0,0.0,0.0,0.0,0.0,0.0,0.0,0.0,1.0
1,3,8.539115608068222,9.497725094978515,3,974.8203638330449,4,1,0,8.856052902955234,259.4903100609481,1,1,0,0.0,0.0,0.0,0.0,0.0,0.0,0.0,0.0,0.0,0.0,0.0,1.0,0.0,1.0,0.0,1.0
4,0,7.100779278745908,5.803368991448678,1,2580.7292438790278,0,3,0,1.4583731996743299,140.262602713427,0,1,3,0.0,0.0,0.0,0.0,0.0,0.0,0.0,0.0,0.0,0.0,0.0,0.0,1.0,0.0,0.0,0.0
0,4,4.239935153021165,5.586317224595869,0,3234.182140452408,1,1,1,7.748063479321759,254.58959039128274,1,1,3,0.0,0.0,0.0,0.0,0.0,0.0,0.0,0.0,0.0,0.0,0.0,0.0,1.0,0.0,0.0,0.0
2,2,3.3071620827147004,6.439359008860812,2,2789.2266923400316,0,3,1,3.5286442747022755,270.20648022508544,1,0,2,1.0,0.0,0.0,0.0,0.0,0.0,0.0,0.0,0.0,0.0,0.0,0.0,0.0,0.0,1.0,0.0
2,5,1.9432530989340187,9.80652686975288,1,2835.3128259381374,1,3,3,4.877973713409089,138.88934148910664,0,0,4,1.0,0.0,0.0,0.0,0.0,0.0,0.0,0.0,0.0,0.0,0.0,0.0,0.0,0.0,1.0,0.0
2,3,9.46966753222021,9.071318046768123,1,3085.599640081299,4,3,1,11.93075841769691,53.40041920617599,0,1,1,1.0,1.0,0.0,0.0,0.0,0.0,0.0,0.0,0.0,0.0,0.0,1.0,0.0,0.0,0.0,1.0
4,2,2.2772089299658256,4.8980077064481495,2,2829.9939523457447,3,2,4,1.8846697369286507,57.71215645042397,1,1,5,0.0,0.0,0.0,0.0,0.0,0.0,1.0,0.0,0.0,0.0,0.0,0.0,1.0,0.0,0.0,0.0
2,0,3.3349468215779585,7.682519722601585,3,2205.7197572200753,1,1,2,1.2525664107805508,86.65888924631166,0,1,5,1.0,0.0,0.0,0.0,0.0,0.0,0.0,0.0,0.0,0.0,0.0,0.0,0.0,0.0,0.0,0.0
4,3,7.219964616125229,8.751185220064208,0,2642.8288683800074,1,1,3,4.909729524171254,66.88237027205282,0,1,5,0.0,0.0,0.0,0.0,0.0,0.0,1.0,0.0,0.0,0.0,0.0,0.0,1.0,0.0,1.0,0.0
0,2,7.391371940973933,8.608062048221425,3,1747.8642616879781,3,2,3,10.369536617797664,116.4760933991983,0,1,5,0.0,0.0,0.0,0.0,1.0,0.0,0.0,0.0,0.0,0.0,0.0,1.0,0.0,0.0,0.0,1.0
3,0,2.4469183414233457,6.933072950527695,1,712.3639276963804,2,3,4,1.9464992653714335,152.00433792916465,0,1,4,1.0,0.0,0.0,0.0,0.0,0.0,0.0,0.0,0.0,0.0,0.0,0.0,0.0,1.0,1.0,0.0
2,3,8.32718044689065,8.390988314044254,2,2616.739386034362,2,3,2,0.9594338994625913,26.13408380987119,1,1,5,1.0,0.0,0.0,0.0,0.0,0.0,0.0,0.0,0.0,0.0,0.0,1.0,0.0,0.0,1.0,0.0
1,1,5.592585422587263,7.501519663557902,3,2664.9828922704296,2,2,1,5.0261872112098365,272.8929656083563,0,0,5,0.0,0.0,0.0,0.0,0.0,0.0,0.0,0.0,0.0,0.0,0.0,1.0,0.0,0.0,1.0,0.0
1,1,8.63611010303598,5.208669897113216,0,1171.1677712870169,4,1,2,7.587576890360005,0.7295500936054466,0,0,4,0.0,0.0,0.0,0.0,0.0,0.0,0.0,0.0,0.0,0.0,0.0,1.0,1.0,0.0,0.0,0.0
3,0,1.7855685086279007,4.336321843819052,0,3361.824691475917,2,1,2,1.8563101173528809,41.48710374466184,1,1,4,1.0,0.0,0.0,0.0,0.0,0.0,0.0,0.0,0.0,0.0,0.0,0.0,1.0,0.0,1.0,0.0
3,2,1.3854699918432072,6.216998080302023,3,657.5342979184796,3,0,3,9.655066188296447,2.5230828115443305,1,0,1,1.0,0.0,0.0,0.0,0.0,0.0,0.0,0.0,0.0,0.0,0.0,0.0,0.0,1.0,0.0,0.0
3,1,6.732913433449148,4.37163401168524,1,2707.8771448336506,4,0,1,10.150990678398005,295.9584769156872,1,1,1,1.0,1.0,0.0,0.0,0.0,0.0,0.0,0.0,0.0,0.0,0.0,1.0,1.0,0.0,0.0,1.0
0,0,2.3502141739883515,6.370080423525353,3,3405.4351658819764,1,0,2,6.271151110349889,123.19508458882443,1,0,2,0.0,0.0,0.0,0.0,0.0,0.0,0.0,0.0,0.0,0.0,0.0,0.0,0.0,0.0,0.0,0.0
2,2,5.7245414115996995,8.973274009424559,1,1427.4493330999412,3,3,4,0.3655662894528553,58.80770738195567,1,0,2,1.0,1.0,0.0,0.0,0.0,0.0,0.0,0.0,0.0,0.0,0.0,0.0,0.0,1.0,1.0,0.0
4,1,1.1269788335605786,9.065764890421487,2,3237.396254325141,4,2,3,6.193227366244638,35.60146210664976,0,1,1,0.0,0.0,0.0,0.0,0.0,0.0,1.0,0.0,0.0,0.0,0.0,0.0,0.0,0.0,1.0,0.0
0,0,8.0193633449338,4.204443528040107,2,2979.3087596914074,1,0,4,2.570186964660658,111.12356619844307,0,0,1,0.0,0.0,0.0,0.0,0.0,0.0,0.0,0.0,0.0,0.0,0.0,0.0,1.0,0.0,0.0,0.0
2,2,9.095771531606514,4.417212805056964,3,2732.3283958137035,1,2,0,5.353164100468628,292.7697332558905,0,0,1,1.0,1.0,0.0,0.0,0.0,0.0,0.0,0.0,0.0,0.0,0.0,1.0,0.0,0.0,1.0,0.0
2,0,8.549944857678593,8.019202525547469,2,3361.374703423586,0,0,3,9.116846740398213,164.6175392480448,1,1,3,1.0,0.0,0.0,0.0,0.0,0.0,0.0,0.0,0.0,0.0,0.0,1.0,0.0,0.0,0.0,1.0
4,5,9.625175318353765,6.999992169653199,2,2462.1712244252058,3,1,0,0.6530263260441833,106.26525718973512,0,1,4,0.0,0.0,0.0,0.0,0.0,0.0,1.0,0.0,0.0,0.0,0.0,1.0,0.0,0.0,0.0,0.0
1,2,9.127861791929107,4.896150356382345,1,1984.6419570971993,3,1,1,0.0018243528606545212,109.36225502794458,0,1,4,0.0,0.0,0.0,0.0,0.0,0.0,0.0,0.0,0.0,0.0,0.0,1.0,1.0,0.0,0.0,0.0
2,5,4.996162164613287,8.83317770639256,1,2527.0430654061965,3,0,4,1.6013890021607136,35.20096502990854,1,0,0,1.0,1.0,0.0,0.0,0.0,0.0,0.0,0.0,0.0,0.0,0.0,0.0,0.0,0.0,1.0,0.0
3,5,4.5851338759928195,5.2989769762385315,1,1735.4713777323122,1,2,0,0.544431884753259,155.10216508209314,1,1,3,1.0,0.0,0.0,0.0,0.0,0.0,1.0,0.0,0.0,0.0,0.0,0.0,1.0,0.0,0.0,0.0
0,5,9.065653011743887,4.468895528174265,1,1474.6615202386556,3,0,2,3.1250409331353994,127.25766050992733,0,1,2,0.0,0.0,0.0,0.0,1.0,0.0,0.0,0.0,0.0,0.0,0.0,1.0,1.0,1.0,0.0,0.0
4,3,9.342449158215043,8.497042828600051,3,746.7368750945823,0,1,0,4.851216675517433,218.6553565686283,0,0,4,0.0,0.0,0.0,0.0,0.0,0.0,0.0,0.0,0.0,0.0,0.0,1.0,0.0,1.0,0.0,0.0
4,2,9.755523534862332,7.648755847791785,0,1634.0257352311871,3,1,1,9.356501767696157,57.58429339119079,1,1,5,0.0,0.0,0.0,0.0,0.0,0.0,1.0,0.0,0.0,0.0,0.0,1.0,0.0,1.0,0.0,0.0
3,4,7.914855113585045,6.366656432387941,2,2909.585175457057,2,2,0,0.3639267442334071,41.20126750862808,0,0,1,1.0,1.0,0.0,0.0,0.0,0.0,0.0,0.0,0.0,0.0,0.0,1.0,1.0,0.0,0.0,0.0
3,0,2.8178994694724233,8.156357222701207,2,3336.3073647696424,4,0,2,4.211881848872539,174.43819686431397,1,0,4,1.0,0.0,0.0,0.0,0.0,0.0,0.0,0.0,0.0,0.0,0.0,0.0,0.0,0.0,0.0,0.0
3,5,9.504587224996502,9.468284132147216,3,3425.4551527191275,4,1,3,11.15332825725255,222.6022392221101,0,1,3,1.0,1.0,0.0,0.0,0.0,0.0,0.0,0.0,0.0,0.0,0.0,1.0,0.0,0.0,0.0,1.0
3,1,9.524273201345975,4.205094656599886,2,1119.5776128800449,2,3,3,6.916562004905246,149.25007821096148,0,0,1,1.0,1.0,0.0,0.0,0.0,0.0,0.0,0.0,0.0,0.0,0.0,1.0,1.0,0.0,1.0,0.0
4,0,6.995182275216743,7.766076626052012,1,2214.2952859278607,3,1,4,9.921161224152181,237.00992258110045,1,0,3,0.0,0.0,0.0,0.0,0.0,0.0,0.0,0.0,0.0,0.0,0.0,1.0,0.0,0.0,0.0,1.0
2,1,8.715522397145364,5.309003782093359,0,2227.2444751025305,4,3,0,5.8021691568044,252.32594711032792,0,1,0,1.0,1.0,0.0,0.0,0.0,0.0,0.0,0.0,0.0,0.0,0.0,1.0,1.0,0.0,0.0,0.0
2,1,6.0505877904755705,6.844826559648303,1,1028.1426336660106,1,1,2,1.166882613720143,274.9888987963484,1,1,0,1.0,0.0,0.0,0.0,0.0,0.0,0.0,0.0,0.0,0.0,0.0,1.0,0.0,1.0,0.0,0.0
3,0,9.497142508705505,6.543886773300217,1,2244.884608308317,0,3,2,2.2432693576733747,113.45371800999624,1,1,2,1.0,0.0,0.0,0.0,0.0,1.0,1.0,0.0,0.0,0.0,0.0,1.0,1.0,0.0,1.0,0.0
0,4,1.8454275693288207,6.3398780070071785,0,1588.2885209533629,2,0,0,9.096988013267119,271.303566991856,0,1,5,0.0,0.0,0.0,0.0,1.0,0.0,0.0,0.0,0.0,0.0,0.0,0.0,1.0,0.0,0.0,0.0
4,0,8.775673268362937,5.142136601484772,2,3327.2193078984633,1,3,0,10.36929030170031,212.7161633141758,1,0,3,0.0,0.0,0.0,0.0,0.0,0.0,1.0,0.0,0.0,0.0,0.0,1.0,1.0,0.0,1.0,0.0
3,5,1.4995326613342541,8.815899618669892,1,1265.6066006771491,3,1,1,5.610501749526019,187.4737396317189,1,1,4,1.0,0.0,0.0,0.0,0.0,0.0,1.0,1.0,0.0,0.0,0.0,0.0,0.0,0.0,0.0,0.0
3,2,4.0519634699621845,6.277123509566201,3,3004.883586525048,3,3,4,5.909479496052413,166.13228037194685,0,0,5,1.0,0.0,0.0,0.0,0.0,0.0,0.0,0.0,0.0,0.0,0.0,0.0,1.0,0.0,1.0,0.0
1,4,2.217930783537357,9.32317756561888,0,3190.5668849381636,2,2,2,5.401467491944437,5.915917528562709,1,1,2,0.0,0.0,0.0,0.0,0.0,0.0,0.0,0.0,0.0,0.0,0.0,0.0,0.0,0.0,1.0,0.0
1,2,5.31221583216621,6.128009637678945,3,2707.616766598597,1,2,2,0.2203573513524102,168.0991446987602,1,1,3,0.0,0.0,0.0,0.0,0.0,0.0,1.0,0.0,0.0,0.0,0.0,0.0,1.0,0.0,1.0,0.0
2,0,3.0902154219322293,9.03828006807492,1,1144.0318336683922,2,0,2,1.1461181120875814,233.69736669575053,0,1,1,1.0,0.0,0.0,0.0,0.0,0.0,0.0,0.0,0.0,0.0,0.0,0.0,0.0,0.0,0.0,0.0
3,1,9.568651414005974,7.266797989148127,1,1281.107205099406,2,2,4,11.902656910844847,296.51028697769175,1,0,1,1.0,0.0,0.0,0.0,0.0,0.0,0.0,0.0,0.0,0.0,0.0,1.0,1.0,0.0,1.0,1.0
3,3,6.033892002880686,6.313751409158753,1,3413.353596409226,0,2,2,0.5041636133978304,129.93440046731942,1,0,5,1.0,0.0,0.0,0.0,0.0,0.0,0.0,0.0,0.0,0.0,0.0,0.0,1.0,0.0,1.0,0.0
3,4,9.079576626733523,8.224193287587976,3,727.4871983634314,3,3,3,4.187628687548617,297.04735056827764,0,0,4,1.0,0.0,0.0,0.0,0.0,0.0,0.0,1.0,1.0,0.0,0.0,1.0,0.0,1.0,1.0,0.0
4,1,3.5025262214603585,8.719927747620535,2,851.2577216123782,1,1,1,8.288234874481045,51.32659080396906,1,0,0,0.0,0.0,0.0,0.0,1.0,0.0,1.0,0.0,0.0,0.0,0.0,0.0,0.0,1.0,1.0,0.0
4,2,1.2337980395190473,6.896144741646891,0,3435.7092031340694,2,2,4,5.097971328744318,287.45999349139663,1,1,2,0.0,0.0,0.0,0.0,0.0,0.0,1.0,0.0,0.0,0.0,0.0,0.0,1.0,0.0,1.0,0.0
3,5,7.980895033155296,6.552522570301221,3,2830.68432257216,4,0,0,11.7919657182317,176.89653173187364,1,0,4,1.0,1.0,0.0,0.0,0.0,0.0,0.0,0.0,0.0,0.0,0.0,1.0,1.0,0.0,0.0,1.0
1,5,7.321398939747747,7.464513822233933,0,2739.151553180632,0,1,1,0.3928642756079461,198.7708776657334,1,1,4,0.0,0.0,0.0,0.0,0.0,0.0,1.0,0.0,0.0,0.0,0.0,0.0,1.0,0.0,1.0,0.0
2,2,5.909424811067742,7.51098027103431,1,980.623283437101,2,1,1,10.494707517207015,172.1040491086929,1,0,3,1.0,0.0,0.0,0.0,0.0,0.0,0.0,0.0,0.0,0.0,0.0,1.0,1.0,0.0,1.0,0.0
2,1,8.338084567562912,6.552875295128125,2,1966.816494579257,0,0,0,1.616931247957953,294.8539183313258,1,0,0,1.0,0.0,0.0,0.0,0.0,0.0,0.0,0.0,0.0,0.0,0.0,1.0,1.0,0.0,0.0,0.0
3,1,8.560759353833193,8.545977270655825,2,3022.287807453685,2,3,2,2.4578650903212886,13.289196266311333,1,1,2,1.0,1.0,0.0,0.0,0.0,0.0,1.0,0.0,0.0,0.0,0.0,1.0,0.0,0.0,1.0,0.0
4,3,6.291129772163564,6.398328686522848,1,1486.6121036276681,1,2,4,6.3396453814894995,123.13949072300139,1,1,2,0.0,0.0,0.0,0.0,0.0,0.0,1.0,0.0,0.0,0.0,0.0,1.0,1.0,1.0,1.0,0.0
1,3,9.693350126685432,6.717990057294957,3,1078.2953972432315,4,0,0,10.457456090875203,262.56969978529,0,1,1,0.0,0.0,0.0,0.0,0.0,0.0,0.0,0.0,0.0,0.0,0.0,1.0,0.0,1.0,0.0,1.0
2,1,7.477407528555945,7.631909345677075,3,532.835953304399,1,3,4,4.968972820653912,50.12784662917039,1,1,2,1.0,0.0,0.0,0.0,0.0,0.0,1.0,0.0,0.0,0.0,0.0,1.0,0.0,1.0,1.0,0.0
0,0,7.091878385463659,9.921093411583989,3,2367.627454582283,3,2,4,3.5228865488974113,170.87820377499207,1,1,2,0.0,0.0,0.0,0.0,0.0,0.0,0.0,0.0,0.0,0.0,0.0,1.0,0.0,0.0,0.0,0.0
3,2,4.252796133027808,5.564116666084618,1,1381.4309308453835,0,2,4,4.820064071012693,157.0732889775282,1,0,3,1.0,0.0,0.0,0.0,0.0,0.0,0.0,0.0,0.0,0.0,0.0,0.0,1.0,0.0,1.0,0.0
2,4,1.020327207400069,5.391716799469149,3,3091.017280635622,2,3,0,1.1321199131267767,242.22902294290787,1,1,1,1.0,0.0,0.0,0.0,0.0,0.0,1.0,0.0,0.0,0.0,0.0,0.0,0.0,0.0,1.0,0.0
2,0,3.1684840650476023,5.061323599077896,0,1350.5542602786209,4,1,4,10.058811884598702,275.47588400891146,0,0,2,1.0,0.0,0.0,0.0,0.0,0.0,0.0,0.0,0.0,0.0,0.0,0.0,1.0,1.0,0.0,1.0
2,2,7.875284561331669,8.136665285848801,3,954.72743655351,3,1,2,10.982581187270048,77.65050161907435,1,0,5,1.0,0.0,0.0,0.0,0.0,0.0,0.0,0.0,0.0,0.0,0.0,1.0,0.0,1.0,0.0,0.0
1,0,7.388841289934567,6.694567824510447,2,3381.3425360129545,1,2,2,8.109296063384491,207.94321670565563,1,1,2,0.0,0.0,0.0,0.0,0.0,0.0,1.0,0.0,0.0,0.0,0.0,0.0,0.0,0.0,0.0,0.0
2,1,3.9791993034708475,6.3316380404456485,2,3394.3310367635286,4,3,1,5.336035528786766,164.3063961501577,0,0,1,1.0,0.0,0.0,0.0,0.0,0.0,0.0,0.0,0.0,0.0,0.0,0.0,0.0,0.0,0.0,0.0
3,3,6.630246770845949,5.224542244893212,0,2555.0714850582203,4,3,2,7.369809572865766,198.8359043731571,0,1,4,1.0,0.0,0.0,0.0,0.0,0.0,0.0,0.0,0.0,0.0,0.0,0.0,1.0,0.0,0.0,0.0
1,1,2.7575873152582346,9.34683026442003,3,3285.1571077888134,2,3,2,6.622401688535401,60.113345573401254,1,0,1,0.0,0.0,0.0,0.0,0.0,0.0,0.0,0.0,0.0,0.0,0.0,0.0,0.0,0.0,1.0,0.0
0,1,3.3726494734213963,6.659038211334315,1,985.5007437463483,4,3,3,0.6186618297945294,81.80201697026509,1,1,1,0.0,0.0,0.0,0.0,1.0,0.0,0.0,0.0,0.0,0.0,0.0,0.0,1.0,1.0,1.0,0.0
1,5,9.52667284512247,7.646159868917974,2,1881.0225799108828,0,0,1,4.733055994226909,164.9539284729175,0,0,4,0.0,0.0,0.0,0.0,0.0,0.0,0.0,0.0,0.0,0.0,0.0,1.0,0.0,0.0,0.0,0.0
0,1,4.718625156420351,4.6751774697551705,0,1112.4766728928344,1,1,0,7.881944193709931,0.8836739122975223,1,0,1,0.0,0.0,0.0,0.0,1.0,0.0,0.0,0.0,0.0,0.0,0.0,0.0,1.0,0.0,0.0,0.0
1,1,3.204888348689691,4.647833300109406,3,1936.3497745850873,4,1,2,10.173588944749453,214.92758219769163,1,0,0,0.0,0.0,0.0,0.0,0.0,0.0,0.0,0.0,0.0,0.0,0.0,0.0,1.0,0.0,0.0,1.0
3,5,5.383974221550923,4.404127249983975,1,2873.533996240417,4,1,3,4.307675947336236,48.470458979706734,1,0,0,1.0,0.0,0.0,0.0,0.0,0.0,0.0,0.0,0.0,0.0,0.0,0.0,1.0,0.0,1.0,0.0
0,3,4.483142918086296,6.204076485029761,3,3034.7835410001903,4,3,0,9.831265337802801,279.39055609709783,0,1,4,0.0,0.0,0.0,0.0,0.0,0.0,0.0,0.0,0.0,0.0,0.0,0.0,1.0,0.0,1.0,1.0
3,0,7.565761336141951,6.83731961315147,3,512.4931828031,0,1,4,9.08299147374366,258.1821560558873,1,1,1,1.0,0.0,0.0,0.0,0.0,0.0,0.0,0.0,0.0,0.0,0.0,1.0,0.0,1.0,1.0,1.0
1,2,9.65904495841793,5.467468896695421,2,1668.510190099587,1,3,4,11.151721646762535,187.0053439166037,0,1,2,0.0,0.0,0.0,0.0,0.0,0.0,0.0,0.0,0.0,0.0,0.0,1.0,0.0,0.0,1.0,1.0
4,3,6.325636820119227,6.098065035263858,0,3482.206061337427,3,3,2,11.873170496385095,267.31730116316083,0,0,3,0.0,0.0,0.0,0.0,0.0,0.0,0.0,0.0,0.0,1.0,1.0,0.0,1.0,0.0,1.0,1.0
3,1,6.320324682432235,4.037560204142618,1,2267.9448854451052,0,1,4,0.5007870740635596,296.1735170523512,1,0,1,1.0,0.0,0.0,0.0,0.0,0.0,0.0,0.0,0.0,0.0,0.0,0.0,1.0,0.0,1.0,0.0
1,3,4.283504728511348,6.106530791568369,2,1388.5877890938555,4,0,1,5.2496483798971365,232.48694858943145,1,1,1,0.0,0.0,0.0,0.0,0.0,0.0,1.0,0.0,0.0,0.0,0.0,0.0,1.0,0.0,0.0,0.0
2,3,6.081678387777658,4.715028008985085,2,1666.9827801252886,4,2,0,9.282722306808838,187.9897413579419,0,0,0,1.0,0.0,0.0,0.0,0.0,0.0,0.0,0.0,0.0,0.0,0.0,0.0,1.0,0.0,0.0,0.0
0,1,3.8739597974842437,4.7703068702433375,2,1467.6912399013786,4,3,3,9.87799876466928,134.7845248529936,0,0,0,0.0,0.0,0.0,0.0,0.0,0.0,0.0,0.0,0.0,0.0,0.0,0.0,1.0,0.0,0.0,0.0
0,4,1.0098286688110774,4.02703658536002,0,1842.7952900913033,4,1,3,0.9942506755636558,244.06869009241427,0,1,5,0.0,0.0,0.0,0.0,0.0,0.0,0.0,0.0,0.0,0.0,0.0,0.0,1.0,0.0,0.0,0.0
4,2,8.794865555906366,8.178283396390642,2,1833.4599007749066,1,0,4,7.279087178256907,211.33073818392094,0,0,5,0.0,0.0,0.0,0.0,0.0,0.0,0.0,0.0,0.0,1.0,0.0,1.0,0.0,0.0,0.0,1.0
4,5,4.864996769695347,9.587702644296304,0,2020.5899155923908,4,2,1,10.781430794481292,141.79199711233727,1,0,3,0.0,0.0,0.0,0.0,0.0,0.0,1.0,1.0,0.0,0.0,1.0,0.0,0.0,0.0,0.0,1.0
0,0,5.4287963654859706,7.7292733651129435,1,1893.5180215769699,1,3,0,2.7247088547639438,150.0104032174371,0,0,2,0.0,0.0,0.0,0.0,1.0,0.0,0.0,0.0,0.0,0.0,0.0,0.0,0.0,0.0,1.0,0.0
1,1,1.7515082388333538,4.5772123115674574,0,2048.3410548694524,0,2,3,4.1683088667653205,68.68078793774974,1,0,4,0.0,0.0,0.0,0.0,0.0,0.0,0.0,0.0,0.0,0.0,0.0,0.0,1.0,0.0,1.0,0.0
0,4,8.533994620648528,9.937896696355025,2,583.966850975549,1,1,1,4.738175426456245,236.57702168961129,0,1,4,0.0,0.0,0.0,0.0,1.0,0.0,0.0,0.0,0.0,0.0,0.0,1.0,0.0,1.0,0.0,0.0
1,5,2.5330336333983134,9.85351102525908,2,663.2806894317299,3,1,0,4.734453037548006,263.4992349320354,1,0,2,0.0,0.0,0.0,0.0,0.0,0.0,0.0,1.0,0.0,0.0,0.0,0.0,0.0,1.0,0.0,0.0
1,1,4.695590429058843,6.809407213944932,3,1613.4319196239333,4,2,3,6.740475231566654,4.945073319206694,1,0,4,0.0,0.0,0.0,0.0,0.0,0.0,0.0,0.0,0.0,0.0,0.0,0.0,0.0,0.0,1.0,0.0
1,5,8.562389923574932,4.647215310437776,1,3154.8246927259042,3,1,0,0.7296771041673611,33.56967100231434,1,1,0,0.0,0.0,0.0,0.0,0.0,0.0,1.0,0.0,0.0,0.0,0.0,1.0,1.0,0.0,0.0,0.0
2,1,5.1200464619216755,8.324435857883227,0,2872.4969102047526,1,2,4,9.35027729222784,297.3707228798714,1,0,0,1.0,1.0,0.0,0.0,0.0,0.0,0.0,0.0,0.0,0.0,0.0,0.0,0.0,0.0,1.0,0.0
0,2,9.380371019198174,9.768809226900622,0,830.4609257346915,3,3,1,1.474524953627144,53.43225850877881,0,1,5,0.0,0.0,0.0,0.0,1.0,0.0,0.0,0.0,0.0,0.0,0.0,1.0,0.0,1.0,0.0,0.0
4,1,2.883828730786207,8.672197624832156,3,1984.4928762300442,2,3,3,9.759791592277939,220.95854249203794,0,1,3,0.0,0.0,0.0,0.0,0.0,0.0,0.0,0.0,0.0,0.0,0.0,0.0,0.0,0.0,1.0,1.0
3,2,7.437095469592942,7.745217127425886,3,2313.761812934469,2,3,2,0.20513233581692347,144.25281711415812,1,1,4,1.0,0.0,0.0,0.0,0.0,0.0,0.0,0.0,0.0,0.0,0.0,1.0,0.0,0.0,1.0,0.0
3,5,9.801986712055546,7.664991414226463,0,1943.567728505269,1,3,2,9.44431177280666,156.40536242334778,0,1,3,1.0,1.0,0.0,0.0,0.0,0.0,0.0,0.0,0.0,0.0,0.0,1.0,0.0,0.0,1.0,1.0
0,4,5.946522734982798,9.867508685233773,2,2592.699910937183,0,3,1,4.263205441040171,32.513260274231705,1,1,0,0.0,0.0,0.0,0.0,0.0,0.0,1.0,0.0,0.0,0.0,0.0,0.0,0.0,0.0,1.0,0.0
3,4,7.229655087795936,4.4387160209186165,1,3491.7894742685635,1,0,0,7.870299456791024,41.35432232439405,0,1,0,1.0,0.0,0.0,0.0,0.0,0.0,0.0,0.0,0.0,0.0,0.0,0.0,1.0,0.0,0.0,0.0
4,1,4.539039936409075,4.897336117543757,1,789.422389811514,4,1,3,2.1500642808019097,173.3731551809954,0,1,3,0.0,0.0,0.0,0.0,1.0,0.0,0.0,0.0,0.0,0.0,0.0,0.0,1.0,1.0,0.0,0.0
0,5,7.76203605752922,8.984868668438086,2,2046.6020943710064,2,1,2,6.444115459039542,113.28892655238195,0,0,0,0.0,0.0,0.0,0.0,0.0,0.0,0.0,0.0,0.0,0.0,0.0,1.0,0.0,0.0,0.0,0.0
3,2,9.179866508713562,4.870678481918554,3,2037.11438888766,0,3,4,3.5893363535555003,239.23862662518945,0,0,5,1.0,1.0,0.0,0.0,0.0,0.0,0.0,0.0,0.0,0.0,0.0,1.0,1.0,0.0,1.0,0.0
1,3,7.327500103454763,6.299778921574178,0,2187.136393192047,1,0,4,0.04709601183608969,291.5934287591641,1,0,1,0.0,0.0,0.0,0.0,0.0,0.0,0.0,0.0,0.0,0.0,0.0,0.0,1.0,0.0,1.0,0.0
3,4,9.423358402428812,5.688995536328502,3,1000.9023679488731,2,3,0,8.701692177918432,243.6950567036207,0,1,4,1.0,1.0,0.0,0.0,0.0,0.0,0.0,1.0,0.0,0.0,0.0,1.0,0.0,1.0,1.0,1.0
2,3,6.297873867930787,5.460668298642359,0,2415.073372967657,2,2,1,1.5741106562708662,121.77480513415982,0,1,1,1.0,1.0,0.0,0.0,0.0,0.0,0.0,0.0,0.0,0.0,0.0,0.0,1.0,0.0,1.0,0.0
4,3,6.194236964058667,4.15433170665056,2,633.0227677663289,3,0,2,11.27645059601564,144.65418081993352,1,0,4,0.0,0.0,0.0,0.0,1.0,0.0,1.0,0.0,0.0,0.0,0.0,1.0,1.0,1.0,0.0,0.0
0,2,3.7416464929823983,7.397507581208867,0,2723.370460795465,2,2,1,6.524694047596816,47.00640478120648,1,0,1,0.0,0.0,0.0,0.0,0.0,0.0,0.0,0.0,0.0,0.0,0.0,0.0,1.0,0.0,0.0,0.0
1,3,7.386647420474073,6.407437125000765,0,2489.4785769203363,0,1,3,0.020091796534655426,208.7074965985271,0,0,3,0.0,0.0,0.0,0.0,0.0,0.0,0.0,0.0,0.0,0.0,0.0,0.0,1.0,0.0,0.0,0.0
1,5,8.937572695805398,7.309541275822068,0,1491.2710052379894,2,1,1,11.339075884580655,134.2075313715959,0,1,1,0.0,0.0,0.0,1.0,0.0,0.0,0.0,0.0,0.0,0.0,0.0,1.0,1.0,0.0,1.0,1.0
1,2,6.816846035160381,5.827049238985022,3,3466.9680833001485,0,3,0,1.5934043905082027,257.2151169681372,0,1,5,0.0,0.0,0.0,0.0,0.0,0.0,0.0,0.0,0.0,0.0,0.0,0.0,1.0,0.0,1.0,0.0
1,3,3.0973529853872463,9.648765130325575,2,2986.3351480135348,2,3,1,10.007294165984916,195.60888768658097,1,0,3,0.0,0.0,0.0,0.0,0.0,0.0,0.0,0.0,0.0,0.0,0.0,0.0,0.0,0.0,1.0,0.0
1,1,5.896982032495179,7.548083153449165,2,2118.6069051320696,2,3,3,3.9513340616471573,51.16297234604429,0,1,3,0.0,0.0,0.0,0.0,0.0,0.0,0.0,0.0,0.0,0.0,0.0,0.0,0.0,0.0,1.0,0.0
0,2,7.803436752562735,9.767242279193601,0,3471.5312298068197,1,1,2,6.816744365763638,123.2948860263306,1,1,1,0.0,0.0,0.0,0.0,0.0,0.0,0.0,0.0,0.0,0.0,0.0,1.0,0.0,0.0,0.0,0.0
3,4,9.454269833854775,6.100035725551952,3,2990.27193118484,3,2,1,10.028703043828022,203.08469791047716,1,1,1,1.0,0.0,0.0,0.0,0.0,0.0,0.0,0.0,1.0,0.0,0.0,1.0,0.0,0.0,0.0,1.0
2,3,2.4093644456849854,4.013737224077932,3,913.9318404098441,3,1,3,0.6018979197312517,257.37668562177566,0,1,4,1.0,0.0,0.0,0.0,0.0,0.0,0.0,0.0,0.0,0.0,0.0,0.0,1.0,0.0,1.0,0.0
4,1,2.147473818699045,8.687593389774644,1,2273.181812568281,1,2,0,8.160696076481027,105.24194807367302,1,0,0,0.0,0.0,0.0,0.0,0.0,0.0,1.0,0.0,0.0,0.0,0.0,0.0,0.0,0.0,0.0,0.0
3,3,4.716491772096154,8.964273127363853,3,2242.572910048849,2,1,2,1.7829882805398332,200.84827770822972,1,0,0,1.0,0.0,0.0,0.0,0.0,0.0,0.0,0.0,0.0,0.0,0.0,0.0,0.0,0.0,0.0,0.0
0,4,2.1305005251634976,4.352220383202016,0,2458.835515158499,2,2,0,8.596751125144724,52.077848554780346,0,0,3,0.0,0.0,0.0,0.0,0.0,0.0,0.0,0.0,0.0,0.0,0.0,0.0,1.0,0.0,0.0,0.0
0,0,9.823860212546066,7.752215370773914,1,3322.269774732286,2,2,3,1.928448098986268,271.41381472389406,1,0,3,0.0,0.0,0.0,0.0,0.0,0.0,0.0,0.0,0.0,0.0,0.0,1.0,1.0,0.0,1.0,0.0
2,0,4.8187393055430325,7.966107202240721,0,1976.0957399175286,2,1,4,0.2633239892927972,172.55094098959043,0,1,1,1.0,0.0,0.0,0.0,0.0,0.0,0.0,0.0,0.0,0.0,0.0,0.0,0.0,0.0,1.0,0.0
2,2,5.802494671611144,4.874403202285392,0,732.1443910514458,1,0,2,1.8652576028068255,230.58006658654674,0,0,4,1.0,1.0,0.0,0.0,0.0,0.0,0.0,0.0,0.0,0.0,0.0,0.0,1.0,1.0,0.0,0.0
1,3,3.0437900316349418,7.315147317115487,3,1937.9940815760485,0,0,4,7.508853458515466,119.05543434658847,0,1,0,0.0,0.0,0.0,0.0,0.0,0.0,0.0,0.0,0.0,0.0,0.0,0.0,0.0,0.0,0.0,0.0
3,1,5.042135111832364,5.459193284079662,1,2863.3831607454285,0,3,4,11.82872150538126,282.1623554566628,0,0,2,1.0,0.0,0.0,0.0,0.0,0.0,0.0,0.0,0.0,0.0,0.0,0.0,1.0,0.0,1.0,1.0
2,4,9.862245413750978,4.098710219227097,2,1575.8263243806505,0,3,3,11.641463896563394,216.03204539926418,0,1,5,1.0,0.0,0.0,0.0,0.0,1.0,0.0,0.0,1.0,0.0,0.0,1.0,1.0,1.0,1.0,1.0
3,5,5.398184362302725,9.201466542256707,3,581.3147177628255,4,2,0,8.948295065506496,46.0972310577463,1,0,1,1.0,0.0,0.0,0.0,0.0,0.0,0.0,1.0,0.0,0.0,0.0,0.0,0.0,1.0,0.0,0.0
0,3,1.079415332240376,6.950171027358785,3,1409.7296657199283,0,0,0,9.89496546848816,165.05566195982246,0,0,4,0.0,0.0,0.0,0.0,1.0,0.0,0.0,0.0,0.0,0.0,0.0,0.0,0.0,0.0,0.0,1.0
4,2,3.182747772255675,8.690194605464267,1,2546.4498341088856,4,2,0,10.487574354789764,81.52559154831111,1,0,1,0.0,0.0,0.0,0.0,0.0,0.0,1.0,0.0,0.0,0.0,0.0,0.0,0.0,0.0,0.0,0.0
1,0,9.806093474306538,8.337358193374651,1,758.0282842576446,4,1,1,6.340245160856847,250.00786833326782,0,1,1,0.0,0.0,0.0,0.0,0.0,0.0,0.0,0.0,0.0,0.0,0.0,1.0,0.0,1.0,0.0,0.0
2,4,9.901607620696593,9.962231566087175,0,1627.8944260677456,1,0,2,2.743229888679281,234.84732060752634,1,1,1,1.0,1.0,0.0,0.0,0.0,0.0,1.0,0.0,0.0,0.0,0.0,1.0,0.0,1.0,1.0,0.0
2,5,2.894437807945351,6.627720423407159,3,899.3925050025064,2,1,1,7.933148837225609,148.36356005287578,0,0,1,1.0,0.0,0.0,0.0,0.0,0.0,0.0,0.0,0.0,0.0,0.0,0.0,0.0,1.0,0.0,0.0
4,2,6.537376790594681,6.565303640543066,3,1927.7857751935676,1,3,4,1.6991141945313197,90.57798740997545,0,0,0,0.0,0.0,0.0,0.0,0.0,0.0,0.0,0.0,0.0,0.0,0.0,1.0,0.0,0.0,1.0,0.0
1,3,1.6921749745487302,5.690533402307022,2,924.5404753162632,1,3,3,9.988327923493458,255.80608972942113,0,1,5,0.0,0.0,0.0,0.0,0.0,0.0,0.0,0.0,0.0,0.0,0.0,0.0,1.0,1.0,1.0,0.0
1,4,6.1969747820016625,7.750883280419288,1,827.110925029131,1,3,3,4.9450923782395595,255.14529853762136,1,0,3,0.0,0.0,0.0,0.0,0.0,0.0,0.0,1.0,0.0,0.0,0.0,1.0,0.0,1.0,1.0,0.0
1,4,2.133286313377937,6.916675003331705,3,2593.396375785508,1,0,3,3.1979013102851725,151.57076723206035,1,1,5,0.0,0.0,0.0,0.0,0.0,0.0,1.0,0.0,0.0,0.0,0.0,0.0,0.0,0.0,0.0,0.0
1,0,8.36795371278392,8.372566732850013,1,974.0047659110322,3,2,3,10.121496058161837,215.1770730585506,1,1,3,0.0,0.0,0.0,0.0,0.0,0.0,1.0,0.0,0.0,0.0,0.0,1.0,0.0,0.0,0.0,1.0
0,4,9.4561748884202,6.139070190648564,1,964.3873837514825,2,2,4,1.334310188474976,85.65019385266308,0,1,5,0.0,0.0,0.0,0.0,1.0,0.0,0.0,0.0,0.0,0.0,0.0,1.0,0.0,1.0,1.0,0.0
0,5,2.556881272445344,4.785068449655956,3,2277.557526398333,0,1,1,11.697916897614107,104.65496812851008,1,0,2,0.0,0.0,0.0,0.0,0.0,0.0,0.0,0.0,0.0,0.0,0.0,0.0,1.0,0.0,1.0,1.0
1,4,5.164409517353416,9.174612712716725,1,630.7814346975456,1,1,0,11.404941809765843,283.2168035460455,1,1,1,0.0,0.0,0.0,0.0,0.0,0.0,1.0,0.0,0.0,0.0,0.0,0.0,0.0,1.0,0.0,1.0
2,2,1.9183869862717073,8.968281651788107,3,598.9778864005784,4,1,1,7.305456914417956,220.88305127966618,0,1,5,1.0,0.0,0.0,0.0,0.0,0.0,0.0,0.0,0.0,0.0,0.0,0.0,0.0,1.0,0.0,0.0
1,3,4.0522600636567745,6.106001122694465,0,1794.3388068413196,4,0,1,8.54552749396562,21.636159894060647,1,1,4,0.0,0.0,0.0,0.0,0.0,0.0,0.0,0.0,0.0,0.0,0.0,0.0,1.0,0.0,0.0,0.0
1,1,1.5858797928447383,8.142110305071995,1,1595.286449673678,0,1,4,0.44579320653202137,137.32002616731958,1,1,5,0.0,0.0,0.0,0.0,0.0,0.0,1.0,0.0,0.0,0.0,0.0,0.0,0.0,0.0,0.0,0.0
3,3,3.380918752156844,6.954417437653671,1,2133.858206496486,2,1,2,5.244996394534759,118.72346410940557,1,1,5,1.0,0.0,0.0,0.0,0.0,0.0,0.0,0.0,0.0,0.0,0.0,0.0,0.0,0.0,0.0,0.0
1,1,9.912013003803715,8.565832582786602,1,3480.453851870745,4,1,2,10.615399447250912,69.29677721860271,1,0,1,0.0,0.0,0.0,0.0,0.0,0.0,0.0,0.0,0.0,0.0,0.0,1.0,1.0,0.0,0.0,1.0
4,2,1.4014294058926167,6.340794211987074,3,1804.1194880773755,0,2,0,0.13826585585372175,298.48254021685784,1,0,3,0.0,0.0,0.0,0.0,0.0,0.0,1.0,0.0,0.0,0.0,0.0,0.0,0.0,0.0,1.0,0.0
3,1,8.730714966568037,7.213835412347377,1,2228.1751323715744,0,2,3,3.4874391299111656,40.73730023466192,1,1,4,1.0,1.0,0.0,0.0,0.0,0.0,1.0,0.0,0.0,0.0,0.0,1.0,0.0,0.0,1.0,0.0
0,2,1.6970731997869437,4.346896624388483,3,3257.7308785370797,1,0,3,4.246087932859107,94.28009445468774,0,0,5,0.0,0.0,0.0,0.0,0.0,0.0,0.0,0.0,0.0,0.0,0.0,0.0,1.0,0.0,0.0,0.0
1,2,5.760972380056241,5.049459889528488,0,1949.5373090641506,1,1,4,8.100955651947519,254.61557803846387,0,1,0,0.0,0.0,0.0,0.0,0.0,0.0,0.0,0.0,0.0,0.0,0.0,0.0,1.0,0.0,1.0,0.0
0,0,5.069078131846111,8.690593646650617,1,2843.3615767164133,4,0,0,8.45806776878715,39.682400397319206,0,0,5,0.0,0.0,0.0,0.0,0.0,0.0,0.0,0.0,0.0,0.0,0.0,0.0,0.0,0.0,0.0,0.0
1,4,9.383991940185805,6.289392893037265,1,2145.957607828196,1,3,3,0.7822754068019657,112.8416677611993,0,1,4,0.0,0.0,0.0,0.0,0.0,0.0,0.0,0.0,0.0,0.0,0.0,1.0,0.0,0.0,1.0,0.0
1,2,2.7914487605658063,4.210632545377541,2,2411.6217434709633,1,3,1,2.610183518317897,190.25776816003435,1,1,2,0.0,0.0,0.0,0.0,0.0,0.0,0.0,0.0,0.0,0.0,0.0,0.0,1.0,0.0,1.0,0.0
0,5,2.617138138416716,5.00581771427168,0,3297.507320831512,1,1,1,9.905967597209035,101.06872767970233,0,0,4,0.0,0.0,0.0,0.0,0.0,0.0,0.0,0.0,0.0,0.0,1.0,0.0,1.0,0.0,0.0,0.0
0,1,7.73842679711049,6.469588192513687,1,502.1113049530641,1,3,1,2.3018130037616564,122.64621586626448,0,1,1,0.0,0.0,0.0,0.0,1.0,0.0,0.0,0.0,0.0,0.0,0.0,1.0,0.0,1.0,1.0,0.0
2,4,7.531475257903185,8.307478642100632,2,3202.8196677559267,4,2,1,3.438406018538286,165.0340262879771,1,0,2,1.0,0.0,0.0,0.0,0.0,0.0,0.0,0.0,0.0,0.0,0.0,1.0,0.0,0.0,0.0,0.0
3,1,7.2926359344351885,6.180910250843386,1,1993.0760589711165,0,3,3,1.94693183244821,285.80606835886863,0,1,1,1.0,0.0,0.0,0.0,0.0,0.0,0.0,0.0,0.0,0.0,0.0,0.0,1.0,0.0,1.0,0.0
1,3,1.2351440455514267,8.471114526273215,3,2320.293107724662,2,3,0,9.05179662209574,261.27207246781364,1,0,2,0.0,0.0,0.0,0.0,0.0,0.0,0.0,0.0,0.0,0.0,0.0,0.0,0.0,0.0,0.0,0.0
4,2,3.339637180524178,9.1483635237705,1,1850.1739158875341,3,2,4,0.325277499569129,33.588870232582344,0,1,1,0.0,0.0,0.0,0.0,0.0,0.0,1.0,0.0,0.0,0.0,0.0,0.0,0.0,0.0,1.0,0.0
1,2,8.559056600688695,6.046819685234276,3,1282.7558880569707,0,1,4,3.6229563233676525,170.8288549284935,1,0,3,0.0,0.0,0.0,0.0,0.0,0.0,0.0,0.0,0.0,0.0,0.0,0.0,0.0,1.0,0.0,0.0
4,3,6.4077230931109534,8.802253425126551,0,698.0215703507694,0,2,4,6.3877817373334596,195.98902274573976,1,0,2,0.0,0.0,0.0,0.0,1.0,0.0,1.0,0.0,0.0,0.0,0.0,0.0,0.0,1.0,1.0,0.0
1,4,6.419754286589635,4.761283995581137,3,3335.377128449809,4,0,4,0.07224510358398772,97.72854911855258,0,0,1,0.0,0.0,0.0,0.0,0.0,0.0,0.0,0.0,0.0,0.0,0.0,1.0,1.0,0.0,0.0,0.0
2,1,3.663249448643305,6.491701150429957,1,2371.6286188242084,1,1,1,11.44783336154488,79.25910618795972,1,1,2,1.0,0.0,0.0,0.0,0.0,0.0,1.0,0.0,0.0,0.0,0.0,0.0,1.0,0.0,1.0,1.0
3,5,3.341557797012531,4.585374377689556,0,3120.4122123854313,1,2,2,10.43146984232105,179.31994802992253,1,1,3,1.0,0.0,0.0,0.0,0.0,0.0,1.0,0.0,0.0,0.0,0.0,0.0,1.0,0.0,1.0,1.0
0,1,9.518993992164292,4.315167932768654,2,1372.4248491646395,1,0,0,7.767794782626547,124.4934412978789,1,1,4,0.0,0.0,0.0,0.0,0.0,0.0,0.0,0.0,0.0,0.0,0.0,1.0,1.0,0.0,0.0,0.0
4,1,7.5497975096789105,4.387164264912681,0,1333.9968475963628,0,1,4,5.269570043418042,271.5194670077051,1,1,5,0.0,0.0,0.0,0.0,0.0,0.0,1.0,0.0,0.0,0.0,0.0,0.0,1.0,1.0,1.0,0.0
1,1,2.1417950602165376,4.628512162489819,0,1507.3533341218686,0,3,3,1.8636829016106162,49.066332239412645,1,0,1,0.0,0.0,0.0,0.0,0.0,0.0,0.0,0.0,0.0,0.0,0.0,0.0,1.0,1.0,1.0,0.0
2,5,9.439362479293875,9.014355540498393,2,1193.1146868182232,0,3,0,6.64367216176597,12.325158785894075,0,1,2,1.0,1.0,0.0,0.0,0.0,0.0,0.0,1.0,1.0,0.0,0.0,1.0,0.0,1.0,1.0,0.0
3,0,6.241331366362494,7.26206274180214,3,1993.9121401538948,2,3,4,2.8704956686871146,269.88488978467956,1,1,4,1.0,0.0,0.0,0.0,0.0,0.0,0.0,0.0,0.0,0.0,0.0,0.0,0.0,0.0,1.0,0.0
3,2,4.000261302613793,9.684329126662064,1,3308.7246414836036,2,3,0,7.65620834951498,268.8374618401362,0,1,1,1.0,0.0,0.0,0.0,0.0,0.0,0.0,0.0,0.0,0.0,0.0,0.0,0.0,0.0,0.0,1.0
0,2,4.574255017596386,7.228001807875081,2,3128.1880148899454,1,1,3,1.7470331072679839,125.0310536683645,1,0,4,0.0,0.0,0.0,0.0,0.0,0.0,0.0,0.0,0.0,0.0,0.0,0.0,1.0,0.0,0.0,0.0
4,4,7.528640593173564,7.772267993862321,0,1985.3013618859688,4,2,0,8.60543102558023,226.16673995613525,1,0,3,0.0,0.0,0.0,0.0,0.0,0.0,1.0,0.0,0.0,0.0,0.0,0.0,0.0,0.0,0.0,1.0
3,2,4.386453865174753,5.106903766842958,0,1546.2873974780746,1,1,3,3.874861898242093,253.7145422202392,0,1,0,1.0,0.0,0.0,0.0,0.0,0.0,0.0,0.0,0.0,0.0,0.0,0.0,1.0,0.0,0.0,0.0
4,5,6.208703192067463,7.24348612380225,3,2335.0634082906745,0,3,4,6.0237806748801805,76.46707411177238,1,0,3,0.0,0.0,0.0,0.0,0.0,0.0,1.0,0.0,0.0,0.0,0.0,1.0,0.0,0.0,1.0,0.0
2,4,7.394495469835643,6.311815292819961,0,2336.774400437126,0,0,4,1.941907293668168,196.3332181935805,1,0,0,1.0,1.0,0.0,0.0,0.0,0.0,0.0,0.0,0.0,0.0,0.0,1.0,1.0,0.0,1.0,0.0
3,4,2.758374975753681,9.58861205284222,1,2551.2922670120447,3,1,0,3.0753219369433995,221.14497656920636,0,1,3,1.0,0.0,0.0,0.0,0.0,0.0,0.0,0.0,0.0,0.0,0.0,0.0,0.0,0.0,0.0,0.0
2,4,9.498173376182944,9.603527294690752,2,2106.800077494365,2,3,0,5.4025411243986365,107.24767164450007,1,0,1,1.0,1.0,0.0,0.0,0.0,0.0,0.0,0.0,0.0,0.0,0.0,1.0,0.0,0.0,0.0,0.0
4,0,4.205554942918688,5.190991675013446,0,580.2657806201075,1,0,0,5.498175469700897,283.79843731331584,1,0,0,0.0,0.0,0.0,0.0,0.0,0.0,0.0,0.0,0.0,0.0,0.0,0.0,1.0,1.0,0.0,0.0
4,2,4.774372813692229,7.720785183630196,3,728.1395520418802,1,2,4,11.997333477554848,290.14578206937955,0,1,4,0.0,0.0,0.0,0.0,1.0,0.0,1.0,0.0,0.0,0.0,0.0,0.0,0.0,1.0,1.0,1.0
4,3,7.286629310810386,7.829054817825868,2,3421.3249562145143,1,1,0,4.025057431146896,146.01836267453774,0,0,4,0.0,0.0,0.0,0.0,0.0,0.0,0.0,0.0,0.0,0.0,0.0,0.0,0.0,0.0,0.0,0.0
2,1,6.479065804489877,7.375210476748107,1,2738.705885399562,2,1,1,1.0125339911619196,22.79996753903174,0,1,1,1.0,0.0,0.0,0.0,0.0,0.0,0.0,0.0,0.0,0.0,0.0,0.0,1.0,0.0,0.0,0.0
3,0,4.961078532452613,4.745978247970896,3,3344.740695806667,3,2,2,6.290623415229959,275.6905897010287,1,0,0,1.0,0.0,0.0,0.0,0.0,0.0,0.0,0.0,0.0,0.0,0.0,0.0,1.0,0.0,0.0,0.0
1,0,6.847678362707123,7.924091913045171,2,1518.57680305491,3,3,1,3.8619088587252097,156.8923271148,1,1,5,0.0,0.0,0.0,0.0,0.0,0.0,1.0,0.0,0.0,0.0,0.0,1.0,1.0,1.0,0.0,0.0
2,4,9.125454768148401,8.794511709545201,2,2104.8482549398823,3,0,2,10.533319905470146,41.64813972518419,1,0,2,1.0,0.0,0.0,0.0,0.0,0.0,0.0,0.0,0.0,0.0,0.0,1.0,0.0,0.0,0.0,1.0
3,3,8.202552549808768,6.07135620311878,0,1465.855757259948,0,3,1,2.523578098729165,219.62917988694554,0,1,5,1.0,1.0,0.0,0.0,0.0,0.0,0.0,0.0,0.0,0.0,0.0,1.0,1.0,0.0,1.0,0.0
0,1,8.418331089592963,7.087310211664944,0,3226.805140346863,2,0,1,10.267956975895954,206.14608354163983,0,0,2,0.0,0.0,0.0,0.0,0.0,0.0,0.0,0.0,0.0,0.0,0.0,1.0,1.0,0.0,0.0,0.0
3,4,3.3256756771058167,4.697967678095667,0,1363.20014949828,3,0,1,7.9629275799549735,41.95749193698647,0,1,4,1.0,0.0,0.0,0.0,0.0,0.0,0.0,0.0,0.0,0.0,0.0,0.0,1.0,1.0,0.0,0.0
0,4,4.774630143678738,9.584132268922167,2,2581.4339116144583,1,3,4,2.2558735137725168,82.4566300210721,0,0,5,0.0,0.0,0.0,0.0,0.0,0.0,0.0,0.0,0.0,0.0,0.0,0.0,0.0,0.0,1.0,0.0
2,4,5.984372274886533,4.65722711903392,3,1025.166724673398,2,0,0,4.862965930399179,259.2783939638567,0,1,4,1.0,0.0,0.0,0.0,0.0,0.0,0.0,0.0,0.0,0.0,0.0,0.0,0.0,1.0,0.0,0.0
2,5,1.3977173724533465,5.250262640009482,3,815.7543532300181,0,1,4,5.909190240960532,290.87556922095297,1,1,5,1.0,0.0,0.0,0.0,0.0,0.0,0.0,1.0,0.0,0.0,0.0,0.0,1.0,1.0,1.0,0.0
2,5,7.928129623395921,5.790870854800209,2,966.9036929190238,4,0,2,6.261588684345704,121.5756210077347,0,0,0,1.0,0.0,0.0,0.0,0.0,0.0,0.0,0.0,0.0,0.0,0.0,0.0,0.0,1.0,0.0,0.0
2,1,3.9111708197358004,8.954741435092131,0,2088.3657998484623,3,0,1,4.765138933101201,40.37586741758261,1,1,4,1.0,0.0,0.0,0.0,0.0,0.0,1.0,0.0,0.0,0.0,0.0,0.0,0.0,0.0,0.0,0.0
2,4,3.5433647023691286,8.20393552301413,2,3033.62312152759,3,0,2,7.015533737940922,105.59402849923586,1,1,4,1.0,0.0,0.0,0.0,0.0,0.0,1.0,0.0,0.0,0.0,0.0,0.0,0.0,0.0,0.0,0.0
2,2,3.3336280842053174,4.042086628018615,2,3497.8391755187176,2,1,4,8.600895790474235,152.28518923767257,0,1,4,1.0,0.0,0.0,0.0,0.0,0.0,0.0,0.0,0.0,0.0,0.0,0.0,1.0,0.0,0.0,1.0
2,2,3.55041338878058,5.101369282956464,2,2368.0491314833416,3,1,4,6.074205640098163,90.1271780766576,1,1,3,1.0,0.0,0.0,0.0,0.0,0.0,1.0,0.0,0.0,0.0,0.0,0.0,1.0,0.0,1.0,0.0
2,3,4.04213348942049,8.50090707515141,2,2100.810595541499,2,0,4,7.229197282736301,183.39007642164182,0,1,1,1.0,0.0,0.0,0.0,0.0,0.0,0.0,0.0,0.0,0.0,0.0,0.0,0.0,0.0,0.0,0.0
3,3,6.443421022685433,6.423006946004874,2,2860.647771395518,4,2,1,10.315143970822174,2.3770600119442986,1,0,3,1.0,0.0,0.0,0.0,0.0,0.0,0.0,0.0,0.0,0.0,0.0,0.0,0.0,0.0,0.0,1.0
2,2,6.2520878971005684,4.15728119480356,2,691.2326076636764,1,0,4,5.973021710379214,244.94292524233543,1,1,4,1.0,0.0,0.0,0.0,0.0,0.0,1.0,0.0,0.0,0.0,0.0,0.0,1.0,1.0,0.0,0.0
3,5,3.3014057824168783,9.783501269920148,1,2928.1917060378196,4,1,3,4.995590705423573,253.39685077788525,1,0,5,1.0,0.0,0.0,0.0,0.0,0.0,0.0,0.0,0.0,0.0,0.0,0.0,0.0,0.0,0.0,0.0
4,1,2.8578184891588676,4.907397477643372,0,2775.138622975481,3,1,0,2.973010685896608,235.0515295047077,1,0,4,0.0,0.0,0.0,0.0,0.0,0.0,1.0,0.0,0.0,0.0,0.0,0.0,1.0,0.0,0.0,0.0
4,0,8.437223710642211,7.062799840280966,0,2088.6245783148634,4,2,2,1.5763787706645234,91.03040066904228,0,0,5,0.0,0.0,0.0,0.0,0.0,0.0,0.0,0.0,0.0,0.0,0.0,1.0,1.0,0.0,1.0,0.0
0,0,1.8345100390872988,5.489896585869061,3,568.9609272392003,0,1,4,3.5070848764223292,189.71156324650232,1,0,4,0.0,0.0,0.0,0.0,1.0,0.0,0.0,0.0,0.0,0.0,0.0,0.0,0.0,1.0,1.0,0.0
3,4,5.615405570808347,8.424815921352158,1,1106.5909415739925,2,1,2,4.873963734168759,109.56453161105865,1,1,0,1.0,0.0,0.0,0.0,0.0,0.0,0.0,0.0,0.0,0.0,0.0,1.0,0.0,0.0,0.0,0.0
1,2,5.685047867703485,8.660356594283728,1,1609.1377982129343,3,3,2,9.17109231025367,116.78238464149835,0,0,4,0.0,0.0,0.0,0.0,0.0,0.0,0.0,0.0,0.0,0.0,0.0,0.0,0.0,0.0,1.0,0.0
0,2,6.167231261304594,6.383322421149359,1,3323.6666777868368,3,0,1,2.609145461867705,212.7300792995515,1,0,4,0.0,0.0,0.0,0.0,0.0,0.0,0.0,0.0,0.0,0.0,0.0,1.0,1.0,0.0,0.0,0.0
3,3,8.97085104316422,7.950697728754191,0,2415.466472570143,3,1,0,8.425752851478462,253.06219198254507,0,1,0,1.0,1.0,0.0,0.0,0.0,0.0,0.0,0.0,0.0,0.0,0.0,1.0,0.0,0.0,0.0,1.0
0,2,6.615225460852908,9.454441507278913,3,2030.2778397464801,3,2,4,0.9484068081052137,249.2974910236237,1,0,1,0.0,0.0,0.0,0.0,0.0,0.0,0.0,0.0,0.0,0.0,0.0,0.0,0.0,0.0,1.0,0.0
4,3,9.76270389623221,8.888854710955638,0,1965.2792612174442,1,2,3,1.9006947915847547,69.32627307820361,0,1,1,0.0,0.0,0.0,0.0,0.0,0.0,1.0,0.0,0.0,1.0,0.0,1.0,0.0,0.0,1.0,0.0
3,0,8.842177750138548,6.489386305869488,0,2839.9271948574487,4,2,1,3.9159426162524187,197.4086210711613,1,0,3,1.0,1.0,0.0,0.0,0.0,0.0,0.0,0.0,0.0,0.0,0.0,1.0,1.0,0.0,0.0,0.0
4,0,2.932662335384904,6.648856323379827,1,1470.890716893825,2,2,1,5.6378635629910185,80.12084900919689,0,1,4,0.0,0.0,0.0,0.0,1.0,0.0,1.0,0.0,0.0,0.0,0.0,0.0,0.0,1.0,1.0,0.0
3,5,3.17064979202771,9.321269644162124,1,783.5744113554299,4,3,2,2.171140884048901,188.53220709956585,1,1,5,1.0,0.0,0.0,0.0,0.0,0.0,0.0,1.0,0.0,0.0,0.0,0.0,0.0,1.0,1.0,0.0
4,2,4.1029672232365355,4.206236802558058,0,2531.1299233693117,2,3,3,1.3443712641806265,110.16145298302862,0,0,0,0.0,0.0,0.0,0.0,0.0,0.0,0.0,0.0,0.0,0.0,0.0,0.0,1.0,0.0,1.0,0.0
0,1,4.523629735721181,4.136869433882958,1,1487.0480237117329,2,2,0,6.7899055592098065,236.98761287205926,0,1,5,0.0,0.0,0.0,0.0,1.0,0.0,0.0,0.0,0.0,0.0,0.0,0.0,1.0,0.0,1.0,0.0
4,2,5.976956082769259,5.234772049390132,3,1476.7785109452698,2,3,3,4.943855186729662,281.24048237536516,1,0,0,0.0,0.0,0.0,0.0,0.0,0.0,1.0,0.0,0.0,0.0,0.0,1.0,0.0,0.0,1.0,0.0
0,2,3.0926136960670494,8.965729868112062,1,1864.145708282389,4,0,4,4.990707953632858,86.9943341201303,0,0,3,0.0,0.0,0.0,0.0,0.0,0.0,0.0,0.0,0.0,0.0,0.0,0.0,0.0,0.0,0.0,0.0
1,1,3.001106630023891,4.919279125703205,3,1228.202065206046,4,1,2,3.6953602733117883,260.6442978063024,1,0,5,0.0,0.0,0.0,0.0,0.0,0.0,0.0,0.0,0.0,0.0,0.0,0.0,0.0,0.0,0.0,0.0
0,1,4.432509616312716,5.711675709690116,1,3265.1075894213814,2,3,0,4.4549704070638505,222.00016411059934,0,0,2,0.0,0.0,0.0,0.0,0.0,0.0,0.0,0.0,0.0,0.0,0.0,0.0,1.0,0.0,0.0,0.0
2,4,7.048208018914768,7.774412140841054,0,3040.911266517493,2,0,0,2.2088951565997443,169.80695595028808,0,0,5,1.0,1.0,0.0,0.0,0.0,0.0,0.0,0.0,0.0,0.0,0.0,1.0,0.0,0.0,0.0,0.0
3,0,7.193130517865695,5.105456860368284,0,3473.264992919184,0,3,0,3.2470060280345803,157.490981558313,1,1,3,1.0,0.0,0.0,0.0,0.0,0.0,0.0,0.0,0.0,0.0,0.0,1.0,1.0,0.0,1.0,0.0
1,1,9.785050660362606,5.8186980474614405,3,3393.6463877919878,0,0,4,6.507275009159404,95.79162589499941,1,1,2,0.0,0.0,0.0,0.0,0.0,0.0,0.0,0.0,0.0,0.0,0.0,1.0,1.0,0.0,1.0,0.0
4,2,2.8217389052963266,6.8014763627391535,1,1443.3660356406526,3,3,2,6.2675021990493205,60.98551900435927,1,0,5,0.0,0.0,0.0,0.0,0.0,0.0,1.0,0.0,0.0,0.0,0.0,0.0,0.0,1.0,1.0,0.0
3,3,4.535732366712827,5.368655702607629,3,1641.7938760423556,1,0,0,10.871128976752567,25.015863109990555,1,0,0,1.0,0.0,0.0,0.0,0.0,0.0,0.0,0.0,0.0,0.0,0.0,0.0,0.0,0.0,0.0,0.0
3,5,9.682097481451544,9.954482103867598,3,2594.7739709002185,2,2,4,9.99047902408346,213.73469411772876,0,1,4,1.0,0.0,0.0,0.0,0.0,1.0,0.0,0.0,0.0,0.0,0.0,1.0,0.0,0.0,1.0,1.0
4,5,7.210078683989969,4.980676103927607,0,547.5377076596955,3,3,4,0.08521714937369973,66.7323657859761,1,1,2,0.0,0.0,0.0,0.0,1.0,0.0,1.0,1.0,0.0,1.0,0.0,0.0,1.0,1.0,1.0,0.0
2,1,6.330506723398172,9.09962262952152,1,3481.6666561663574,1,3,0,2.757166974881688,148.61633103767738,1,1,4,1.0,1.0,0.0,0.0,0.0,0.0,0.0,0.0,0.0,0.0,0.0,1.0,0.0,0.0,1.0,0.0
1,3,5.856814462612122,6.820598988992315,2,532.5292461983495,1,2,3,10.652342302070739,266.9444735007739,1,1,0,0.0,0.0,0.0,0.0,0.0,0.0,0.0,0.0,0.0,0.0,0.0,0.0,0.0,1.0,1.0,1.0
4,0,1.679593421226309,4.774742078321131,0,2094.457775306934,0,3,1,3.777038744390742,201.33191618097055,1,1,5,0.0,0.0,0.0,0.0,0.0,0.0,1.0,0.0,0.0,0.0,0.0,0.0,1.0,0.0,0.0,0.0
2,3,9.040364279343192,4.710916942975484,3,2506.100936391111,3,0,0,5.7324677971804325,50.770438142535156,0,0,0,1.0,0.0,0.0,0.0,0.0,0.0,0.0,0.0,0.0,0.0,0.0,1.0,1.0,0.0,0.0,0.0
3,0,6.6295469387359685,7.001776336305133,0,3242.438923865409,2,0,0,8.099819112852575,220.33614970278842,0,1,3,1.0,1.0,0.0,0.0,0.0,0.0,0.0,0.0,0.0,0.0,0.0,0.0,1.0,0.0,0.0,0.0
1,0,6.145006671352307,6.121121028815262,3,2432.4089623343298,0,0,2,6.5202857525673235,64.45016428644547,1,0,1,0.0,0.0,0.0,0.0,0.0,0.0,0.0,0.0,0.0,0.0,0.0,0.0,1.0,0.0,0.0,0.0
1,4,5.855503089896583,5.407613794677962,3,2290.9063991102034,2,2,4,0.0584156490887211,233.97283211720418,1,0,5,0.0,0.0,0.0,0.0,0.0,0.0,0.0,0.0,0.0,0.0,0.0,0.0,1.0,0.0,1.0,0.0
0,1,4.527227865890005,9.753634822994492,2,1401.0778974509217,0,3,4,2.478761585493234,23.313665157923392,0,0,5,0.0,0.0,0.0,0.0,0.0,0.0,0.0,0.0,0.0,0.0,0.0,0.0,0.0,0.0,1.0,0.0
1,2,3.291982222248035,6.780278443799145,3,2272.764184886109,3,3,3,1.205276080927372,42.512744979318164,0,0,5,0.0,0.0,0.0,0.0,0.0,0.0,0.0,0.0,0.0,0.0,0.0,0.0,0.0,0.0,1.0,0.0
0,0,7.797897868010359,9.572865888233967,3,2749.1045389768233,1,2,4,2.0117430882195073,280.2571131797006,1,1,2,0.0,0.0,0.0,0.0,0.0,0.0,1.0,0.0,0.0,0.0,0.0,1.0,0.0,0.0,1.0,0.0
3,4,5.586107659854958,4.983998356388913,2,2046.7750368655272,1,0,1,1.768424314210225,84.08537179470852,1,0,1,1.0,0.0,0.0,0.0,0.0,0.0,0.0,0.0,0.0,0.0,0.0,0.0,1.0,0.0,0.0,0.0
0,4,1.305455790602983,5.100796403380073,2,2838.905894861374,4,0,0,7.473345799139922,45.1907409052151,0,1,0,0.0,0.0,0.0,0.0,0.0,0.0,0.0,0.0,0.0,0.0,0.0,0.0,1.0,0.0,0.0,0.0
3,3,4.591850497949469,7.576166145654709,1,708.8391406225544,3,2,0,4.878775593821853,64.47235151671102,0,0,1,1.0,0.0,0.0,0.0,0.0,0.0,0.0,0.0,0.0,0.0,0.0,0.0,0.0,1.0,0.0,0.0
4,5,9.357432744005493,5.6192538557009355,1,1506.1323529987835,3,3,0,0.7986153872453059,108.32991988648621,1,0,3,0.0,0.0,0.0,0.0,0.0,0.0,1.0,0.0,0.0,0.0,0.0,1.0,1.0,0.0,0.0,0.0
3,2,4.365051053867766,5.109627133667562,3,3379.4418021921188,3,3,3,0.9874851091215455,251.28476509769945,0,0,2,1.0,0.0,0.0,0.0,0.0,0.0,0.0,0.0,0.0,0.0,0.0,0.0,1.0,0.0,1.0,0.0
2,1,4.719097071330164,4.568112312479866,0,1470.3332391968836,2,2,0,11.404276806015057,45.75637606858803,0,0,0,1.0,1.0,0.0,0.0,0.0,0.0,0.0,0.0,0.0,0.0,0.0,0.0,1.0,0.0,0.0,1.0
0,0,6.615650107495321,4.4576240218429835,1,2365.5659054467574,0,3,2,1.8571436398653374,4.725214369701969,1,1,5,0.0,0.0,0.0,0.0,0.0,0.0,0.0,0.0,0.0,0.0,0.0,1.0,1.0,0.0,1.0,0.0
4,1,8.215073234342942,8.519010312480559,2,2059.6542730004503,1,1,3,3.0460812611170396,259.4974435320448,0,0,5,0.0,0.0,0.0,0.0,0.0,0.0,0.0,0.0,0.0,0.0,0.0,1.0,0.0,0.0,1.0,0.0
0,1,7.01615005934241,5.6929788782188995,1,3309.8720399681442,4,0,4,6.8915391145700795,89.89760569732104,0,1,2,0.0,0.0,0.0,0.0,0.0,0.0,0.0,0.0,0.0,0.0,0.0,1.0,1.0,0.0,0.0,0.0
3,1,8.65049258010652,9.87051491984581,1,988.3156292181566,4,1,0,2.2452701240402844,23.07514249172591,0,0,1,1.0,1.0,0.0,0.0,0.0,0.0,0.0,0.0,0.0,0.0,0.0,1.0,0.0,1.0,0.0,0.0
3,1,2.0257352833662847,5.0987267648747485,2,1398.1642985292776,3,0,0,2.3703527092837557,8.330014185245327,1,1,2,1.0,0.0,0.0,0.0,0.0,0.0,0.0,0.0,0.0,0.0,0.0,0.0,1.0,1.0,0.0,0.0
0,3,9.32133297986784,6.126679900143087,1,3087.1319162925834,4,2,0,0.8710519030263235,269.8731934081679,1,1,1,0.0,0.0,0.0,0.0,0.0,0.0,1.0,0.0,0.0,0.0,0.0,1.0,1.0,0.0,0.0,0.0
3,0,9.135297391702474,6.249451716894001,3,2498.6076343195955,4,1,0,11.76985376182024,156.942117652862,1,1,0,1.0,0.0,0.0,0.0,0.0,0.0,0.0,0.0,0.0,0.0,0.0,1.0,0.0,0.0,0.0,1.0
0,3,5.67233727927029,7.000916756420979,0,2129.1480820071492,1,1,1,7.272606370262446,183.14974253517838,0,1,2,0.0,0.0,0.0,0.0,0.0,0.0,0.0,0.0,0.0,0.0,0.0,1.0,1.0,0.0,0.0,0.0
1,2,6.622680140084809,9.22381521387672,1,1684.7011759735656,3,0,1,6.356927614959949,184.81682352658083,1,0,0,0.0,0.0,0.0,0.0,0.0,0.0,0.0,0.0,0.0,0.0,0.0,1.0,0.0,0.0,0.0,0.0
4,4,2.9153174518126157,9.008621259785123,3,1733.9462990615302,3,3,4,10.66404693064885,156.65815117283574,0,0,0,0.0,0.0,0.0,0.0,0.0,0.0,0.0,0.0,0.0,0.0,0.0,0.0,0.0,0.0,1.0,0.0
4,3,5.0315269418325,4.059737985182772,1,3304.768048293504,0,1,2,7.1331019759015275,230.7783839174726,1,0,5,0.0,0.0,0.0,0.0,0.0,0.0,1.0,0.0,0.0,0.0,0.0,0.0,1.0,0.0,1.0,0.0
1,5,2.824330248278311,6.455530401749575,2,2513.2268136014354,4,3,1,3.15699916952268,271.825800666758,0,1,0,0.0,0.0,0.0,0.0,0.0,0.0,0.0,1.0,0.0,0.0,0.0,0.0,0.0,0.0,0.0,0.0
4,2,1.1977901104691755,8.967620386243492,2,3287.29515924541,2,2,2,5.667099624163232,192.3232009407348,0,1,4,0.0,0.0,0.0,0.0,0.0,0.0,1.0,0.0,0.0,0.0,0.0,0.0,0.0,0.0,0.0,0.0
4,1,9.828127613143472,4.001186846960261,1,3416.5583263639796,1,2,3,5.7309441353235115,253.16524205169898,0,0,5,0.0,0.0,0.0,0.0,0.0,0.0,0.0,0.0,0.0,1.0,0.0,1.0,1.0,0.0,1.0,0.0
3,3,3.3323186413918457,7.201837433309463,2,2141.024018309585,2,1,1,4.7769550546185755,2.8847452584030986,1,0,2,1.0,0.0,0.0,0.0,0.0,0.0,0.0,0.0,0.0,0.0,0.0,0.0,0.0,0.0,0.0,0.0
0,3,6.3379747800805175,5.556853727999211,0,2329.6668356939376,1,2,0,9.04356588687251,144.05646418227585,0,1,5,0.0,0.0,0.0,0.0,0.0,0.0,0.0,0.0,0.0,0.0,0.0,0.0,1.0,0.0,1.0,1.0
1,2,3.7022534518407673,6.476611295452604,2,2469.094787213199,1,0,2,1.316193563752825,181.21427208770632,0,0,3,0.0,0.0,0.0,0.0,0.0,0.0,0.0,0.0,0.0,0.0,0.0,0.0,0.0,0.0,1.0,0.0
3,3,4.335594581893914,6.521828199272848,0,3017.5070086395567,2,3,3,1.9105772876836684,60.369464316423816,1,1,5,1.0,0.0,0.0,0.0,0.0,0.0,0.0,0.0,0.0,0.0,0.0,0.0,1.0,0.0,1.0,0.0
4,2,4.579854027240473,6.350526644305086,2,2477.2151378189037,4,1,1,4.466355201276336,48.08907117340373,1,0,4,0.0,0.0,0.0,0.0,0.0,0.0,0.0,0.0,0.0,0.0,0.0,0.0,0.0,0.0,0.0,0.0
4,1,4.01542058192282,9.351700733267577,0,843.9422665472905,2,0,2,0.8540760561498546,40.87311672676617,0,1,4,0.0,0.0,0.0,0.0,0.0,0.0,1.0,0.0,0.0,0.0,0.0,0.0,0.0,1.0,0.0,0.0
2,1,6.736597834059422,7.218781653817207,3,3327.290328662499,1,3,1,11.848746497754925,85.4460258654956,1,0,3,1.0,0.0,0.0,0.0,0.0,0.0,0.0,0.0,0.0,0.0,0.0,1.0,0.0,0.0,1.0,1.0
1,5,9.648426434397456,9.422480342967908,2,2482.803075360901,3,0,4,5.9495328289781195,247.02332042489473,1,0,0,0.0,0.0,0.0,0.0,0.0,0.0,0.0,0.0,0.0,0.0,0.0,1.0,0.0,0.0,0.0,0.0
4,4,4.857711850056097,8.360454443928106,0,3109.7518153686256,1,1,4,0.6012740321460592,8.294627812532108,1,0,1,0.0,0.0,0.0,0.0,0.0,0.0,1.0,0.0,0.0,0.0,0.0,1.0,0.0,0.0,1.0,0.0
1,0,9.759940516488387,6.106720425844034,0,1774.2132373459044,2,3,3,7.294754336431977,180.7283328864106,1,1,5,0.0,0.0,0.0,0.0,0.0,0.0,1.0,0.0,0.0,0.0,0.0,1.0,1.0,0.0,1.0,0.0
1,5,7.010175136103048,6.961382089293729,0,1924.1490736718522,1,1,4,9.373254928928171,20.44615981134381,1,1,5,0.0,0.0,0.0,0.0,0.0,0.0,0.0,0.0,0.0,0.0,0.0,1.0,0.0,0.0,1.0,0.0
4,4,6.464225755189081,6.33915122923175,3,2566.569058167601,1,0,0,4.892595003359076,177.95889169525753,0,1,4,0.0,0.0,0.0,0.0,0.0,0.0,1.0,0.0,0.0,0.0,0.0,0.0,0.0,0.0,0.0,0.0
2,0,3.1339346661903074,8.97144566920193,2,2829.2119589961453,1,0,3,5.766386541962676,75.66235185239533,0,1,2,1.0,0.0,0.0,0.0,0.0,0.0,0.0,0.0,0.0,0.0,0.0,0.0,0.0,0.0,0.0,0.0
1,4,1.5662863530944273,5.125586871825782,1,735.3761299461491,1,2,2,8.407200030654241,47.202736951326074,1,0,2,0.0,0.0,0.0,0.0,0.0,0.0,0.0,0.0,0.0,0.0,0.0,0.0,1.0,1.0,1.0,1.0
0,3,8.667412932626458,9.618473693569308,1,1722.028500578133,4,2,3,2.805813458526011,139.74983204031741,1,0,2,0.0,0.0,0.0,0.0,0.0,0.0,0.0,0.0,0.0,0.0,0.0,1.0,0.0,0.0,0.0,0.0
2,5,6.165829575498421,7.482546965511497,0,2809.569140881517,3,2,0,7.171966643996708,69.33190202435877,0,0,4,1.0,0.0,0.0,0.0,0.0,0.0,0.0,0.0,0.0,0.0,0.0,1.0,0.0,0.0,0.0,0.0
4,2,4.729724761823936,7.670547723808504,0,3476.7077904389325,3,2,0,7.571343910507698,113.48012645799906,0,0,1,0.0,0.0,0.0,0.0,0.0,0.0,0.0,0.0,0.0,0.0,0.0,0.0,0.0,0.0,0.0,0.0
2,3,8.30770589879635,7.100808401511828,3,534.9273535887598,0,1,1,9.655723969977437,189.9152027707712,1,1,3,1.0,0.0,0.0,0.0,0.0,0.0,0.0,0.0,0.0,0.0,0.0,1.0,0.0,1.0,1.0,1.0
3,1,3.7952234431958694,7.326978862269505,2,1294.4246823252047,0,3,2,10.692859683349505,280.8689941095348,1,0,3,1.0,0.0,0.0,0.0,0.0,0.0,0.0,0.0,0.0,0.0,0.0,0.0,0.0,0.0,1.0,1.0
1,1,8.052555303680386,8.006052498536963,1,1894.545745711421,1,0,4,11.290657708057688,185.3464227025406,0,0,4,0.0,0.0,0.0,0.0,0.0,0.0,0.0,0.0,0.0,0.0,0.0,0.0,0.0,0.0,0.0,1.0
3,3,3.951674518652173,7.930211530605158,0,1168.8251053048375,4,3,4,1.5159166979650989,152.1204652948659,1,0,0,1.0,0.0,0.0,0.0,0.0,0.0,0.0,0.0,0.0,0.0,0.0,0.0,0.0,1.0,0.0,0.0
3,4,9.287930677637473,5.284882533219785,1,580.7665956729593,0,3,2,9.795210963724879,167.10002568816108,0,1,4,1.0,1.0,0.0,0.0,0.0,0.0,0.0,0.0,0.0,0.0,0.0,1.0,1.0,1.0,1.0,0.0
3,5,3.411701870111223,7.494640965238444,1,2118.6290723160246,3,0,0,8.105169303268418,141.62789504559584,1,1,2,1.0,0.0,0.0,0.0,0.0,0.0,1.0,0.0,0.0,0.0,0.0,0.0,0.0,0.0,0.0,0.0
3,4,2.2379870581711403,6.127758644130655,0,2448.1958271189937,4,0,4,4.448737559894448,168.84319368836532,1,0,5,1.0,0.0,0.0,0.0,0.0,0.0,0.0,0.0,0.0,0.0,0.0,0.0,1.0,0.0,0.0,0.0
2,3,7.282870375144706,7.822181834817273,2,1748.1861829943396,1,2,2,11.073734075818326,171.05322098349257,0,1,2,1.0,0.0,0.0,0.0,0.0,0.0,0.0,0.0,0.0,0.0,0.0,0.0,0.0,0.0,1.0,0.0
1,3,2.465625277582937,7.287007481607512,2,1609.634239065018,0,0,0,10.321404185438812,147.6585151806944,0,0,4,0.0,0.0,0.0,0.0,0.0,0.0,0.0,0.0,0.0,0.0,0.0,0.0,0.0,1.0,0.0,0.0
3,2,9.54426745260087,5.078079602274956,3,3456.831680538455,0,3,3,9.292306245402264,236.5116021174934,0,1,0,1.0,1.0,0.0,0.0,0.0,0.0,0.0,0.0,0.0,0.0,0.0,1.0,1.0,0.0,1.0,0.0
4,4,6.899996011499794,8.408403505234215,1,1932.585569660508,0,1,4,0.6898118898951031,117.22359482439964,1,1,5,0.0,0.0,0.0,0.0,0.0,0.0,1.0,0.0,0.0,1.0,0.0,1.0,0.0,0.0,1.0,0.0
4,1,3.077745951560734,6.7420806848769415,1,2894.2083597250657,4,3,4,2.1240819506703996,32.56420545328705,1,1,0,0.0,0.0,0.0,0.0,0.0,0.0,1.0,0.0,0.0,0.0,0.0,0.0,1.0,0.0,1.0,0.0
1,1,2.8793704085688585,7.308649313716822,3,1361.5225165874062,3,0,4,11.019950227293839,192.91564997254753,0,0,3,0.0,0.0,0.0,0.0,0.0,0.0,0.0,0.0,0.0,0.0,0.0,0.0,0.0,0.0,1.0,1.0
3,5,9.314875352083794,8.035857189548878,1,2990.5647592154965,3,0,4,11.786837063431687,238.82890833481795,0,1,4,1.0,1.0,0.0,1.0,0.0,0.0,0.0,0.0,0.0,0.0,0.0,1.0,0.0,0.0,0.0,1.0
0,3,6.470721215649018,7.917230643502823,2,2971.0990675996904,0,2,3,3.3276479253964073,234.00533080548544,0,0,2,0.0,0.0,0.0,0.0,0.0,0.0,0.0,0.0,0.0,0.0,0.0,1.0,0.0,0.0,1.0,0.0
2,2,9.04362406005175,8.493572920540267,2,1303.10636432907,4,3,3,3.32864405341727,75.63949096473769,0,0,5,1.0,1.0,0.0,0.0,0.0,0.0,0.0,0.0,0.0,0.0,0.0,1.0,0.0,0.0,1.0,0.0
2,5,1.9920268436124269,5.240510371858704,3,2467.564856425116,3,3,0,7.323658766022404,194.10629004133,0,0,4,1.0,0.0,0.0,0.0,0.0,0.0,0.0,1.0,0.0,0.0,0.0,0.0,1.0,0.0,0.0,0.0
1,5,9.328529760212586,4.662347402424142,1,2546.044930062052,4,3,3,0.9141802370820251,299.57629246690635,1,0,5,0.0,0.0,0.0,0.0,0.0,0.0,0.0,0.0,0.0,0.0,0.0,1.0,1.0,0.0,0.0,0.0
4,1,5.680443807946795,8.015077448046068,2,1827.846586831153,1,2,4,7.143785639402806,31.369522066107248,0,1,3,0.0,0.0,0.0,0.0,0.0,0.0,1.0,0.0,0.0,0.0,0.0,0.0,0.0,0.0,1.0,0.0
4,3,7.015797246982155,5.415909679994093,0,2821.340188632316,0,0,4,11.624269082639566,156.82659172159885,0,1,4,0.0,0.0,0.0,0.0,0.0,0.0,1.0,0.0,0.0,0.0,0.0,1.0,1.0,0.0,1.0,1.0
0,2,4.3558792438715255,4.68762921129896,3,1420.6557835909675,4,2,4,3.563434450113096,91.61623339402018,1,0,0,0.0,0.0,0.0,0.0,0.0,0.0,0.0,0.0,0.0,0.0,0.0,0.0,1.0,1.0,1.0,0.0
1,4,1.5322628980524358,4.787424956856448,0,1952.815517352847,0,2,0,8.912940534168653,237.36697222689773,1,0,0,0.0,0.0,0.0,0.0,0.0,0.0,0.0,0.0,0.0,0.0,1.0,0.0,1.0,0.0,1.0,0.0
1,5,9.621751972076462,5.876800743397085,2,3470.4551174893713,0,1,1,6.298808912028743,97.41830941114848,0,1,3,0.0,0.0,0.0,0.0,0.0,0.0,0.0,0.0,0.0,0.0,0.0,1.0,0.0,0.0,0.0,0.0
4,3,9.951384961976338,9.95072228829547,0,1036.027014958998,0,3,4,3.4477359786611244,220.07502803138362,1,1,2,0.0,0.0,0.0,0.0,1.0,0.0,1.0,0.0,0.0,1.0,0.0,1.0,0.0,1.0,1.0,0.0
2,4,4.280921638843987,4.94356196012251,1,943.3481660517475,0,3,4,4.949744970816452,48.136289428112946,0,1,2,1.0,0.0,0.0,0.0,0.0,0.0,0.0,0.0,0.0,0.0,0.0,0.0,1.0,1.0,1.0,0.0
3,3,9.494811367767817,5.791219373790807,0,926.5960621906906,2,3,2,6.612983261847852,20.09023904656183,1,0,3,1.0,1.0,0.0,0.0,0.0,0.0,0.0,0.0,0.0,0.0,0.0,1.0,1.0,1.0,1.0,0.0
4,5,2.509536618654078,9.524404911292859,2,3494.327815503715,1,3,4,9.139090116656611,31.230699255862138,0,0,2,0.0,0.0,0.0,0.0,0.0,0.0,0.0,0.0,0.0,0.0,0.0,0.0,0.0,0.0,1.0,0.0
3,2,2.39216004692718,9.779848378844816,1,979.7398297807856,4,2,3,6.489539932634813,78.08754418057381,0,1,5,1.0,0.0,0.0,0.0,0.0,0.0,0.0,0.0,0.0,0.0,0.0,0.0,0.0,0.0,1.0,0.0
0,2,1.6580065600825433,5.3730601669091085,2,1070.7177104958218,4,3,1,11.10168343285494,254.85428470572913,1,0,4,0.0,0.0,0.0,0.0,1.0,0.0,0.0,0.0,0.0,0.0,0.0,0.0,1.0,0.0,0.0,1.0
0,2,4.521424668257357,9.282716182303945,1,2584.359756222267,0,0,2,1.4033844920561602,45.13013456280945,0,0,3,0.0,0.0,0.0,0.0,0.0,0.0,0.0,0.0,0.0,0.0,0.0,0.0,0.0,0.0,0.0,0.0
1,5,1.4707202516343925,4.833507667138082,0,2778.489874414674,4,0,1,11.492372115974236,10.01714339863977,0,0,5,0.0,0.0,0.0,0.0,0.0,0.0,0.0,0.0,0.0,0.0,0.0,0.0,1.0,0.0,0.0,0.0
1,3,4.5519147065160706,8.569218467803093,2,2081.183916398489,0,2,3,6.607816972041558,256.0382492012524,0,0,0,0.0,0.0,0.0,0.0,0.0,0.0,0.0,0.0,0.0,0.0,0.0,0.0,0.0,0.0,1.0,0.0
3,0,2.2455138578470137,4.078048963884229,2,3448.007357502855,1,0,1,4.701782977131467,112.46467701517146,0,0,1,1.0,0.0,0.0,0.0,0.0,0.0,0.0,0.0,0.0,0.0,0.0,0.0,1.0,0.0,0.0,0.0
0,0,7.574750160156616,6.439717775445761,2,616.7266409637311,3,3,0,0.912612770787748,176.6201928936764,1,0,4,0.0,0.0,0.0,0.0,1.0,0.0,0.0,0.0,0.0,0.0,0.0,0.0,0.0,1.0,0.0,0.0
1,3,8.500263844027671,5.484011240304329,1,2362.462607146348,1,0,2,3.5549786171479045,25.13956183280114,1,1,4,0.0,0.0,0.0,0.0,0.0,0.0,0.0,0.0,0.0,0.0,0.0,1.0,1.0,0.0,0.0,0.0
1,4,7.190338850166592,8.224048084954736,2,2319.407958204851,0,1,2,5.255214265093823,272.20336307984616,1,1,3,0.0,0.0,0.0,0.0,0.0,0.0,1.0,0.0,0.0,0.0,0.0,0.0,0.0,0.0,1.0,0.0
0,2,2.804447371925403,4.096336788131108,2,1463.7343618592254,0,1,4,11.24480053633961,151.33293069732548,1,1,1,0.0,0.0,0.0,0.0,1.0,0.0,0.0,0.0,0.0,0.0,0.0,0.0,1.0,0.0,0.0,0.0
0,3,7.901633736171601,6.789410236309198,0,3198.321410233543,3,2,0,9.077103988692397,26.87087683846987,0,1,1,0.0,0.0,0.0,0.0,0.0,0.0,0.0,0.0,0.0,0.0,0.0,1.0,0.0,0.0,0.0,0.0
0,4,3.2455017732994746,8.18037414846961,0,2158.645118315261,1,0,4,0.7085393129515833,190.1433745677617,1,1,3,0.0,0.0,0.0,0.0,0.0,0.0,1.0,0.0,0.0,0.0,0.0,0.0,0.0,0.0,0.0,0.0
2,3,7.835397372716747,4.2802292395010975,1,1239.0208044746441,1,3,1,3.9347214085838393,109.6697145447208,0,0,0,1.0,0.0,0.0,0.0,0.0,0.0,0.0,1.0,0.0,0.0,0.0,0.0,1.0,0.0,1.0,0.0
2,5,6.106578174067518,9.384401092779834,0,765.075548602227,1,3,0,5.897187804589201,106.02211579108125,0,1,5,1.0,0.0,0.0,0.0,0.0,0.0,0.0,0.0,0.0,0.0,0.0,0.0,0.0,1.0,1.0,0.0
2,3,4.300412646620887,6.167184444378694,2,821.3566806145282,4,2,2,10.201022066606246,122.46557713695213,1,1,1,1.0,0.0,0.0,0.0,0.0,0.0,1.0,0.0,0.0,0.0,0.0,0.0,0.0,1.0,1.0,1.0
2,4,1.7514314021445192,4.991594993453456,0,3191.9877388100585,4,0,2,9.31712985653088,152.4369977485348,0,0,5,1.0,0.0,0.0,0.0,0.0,0.0,0.0,0.0,0.0,0.0,0.0,0.0,1.0,0.0,0.0,1.0
3,4,8.447585588263232,5.352786976182765,0,1250.9262870152484,4,1,4,2.593652605371421,185.79778967136156,0,1,3,1.0,0.0,0.0,0.0,0.0,0.0,0.0,0.0,0.0,0.0,0.0,1.0,1.0,1.0,0.0,0.0
4,3,9.456876287184029,6.033435572682779,0,3221.0159048352284,0,0,2,0.6055147648847061,43.923865082928835,0,1,1,0.0,0.0,0.0,0.0,0.0,0.0,0.0,0.0,0.0,1.0,0.0,1.0,1.0,0.0,1.0,0.0
2,0,6.993260020005738,5.190250610933752,1,860.3537263969753,1,2,0,1.5885047413842548,226.30988897226783,0,1,0,1.0,1.0,0.0,0.0,0.0,0.0,0.0,0.0,0.0,0.0,0.0,1.0,1.0,1.0,0.0,0.0
3,2,9.680874100240949,7.0634725234912175,0,3451.805771029863,4,3,2,6.039476158325044,8.143038921852263,1,0,4,1.0,0.0,0.0,0.0,0.0,0.0,0.0,0.0,0.0,0.0,0.0,1.0,0.0,0.0,0.0,0.0
3,0,9.40700277138692,7.797590418996136,2,3000.0472125869283,2,3,4,1.0785312668120013,209.75185730673326,1,1,3,1.0,0.0,0.0,0.0,0.0,0.0,0.0,0.0,0.0,0.0,0.0,1.0,0.0,0.0,1.0,0.0
3,3,2.7514756072337825,6.600580653299948,0,848.6862247910434,0,3,3,2.9970931574425257,54.98924388710491,0,1,5,1.0,0.0,0.0,0.0,0.0,0.0,0.0,0.0,0.0,0.0,0.0,0.0,1.0,1.0,1.0,0.0
0,0,7.5809111373839215,6.562192899370734,3,758.169508449022,1,2,1,9.85617239775329,134.0472151048787,0,1,1,0.0,0.0,0.0,0.0,0.0,0.0,0.0,0.0,0.0,0.0,0.0,0.0,0.0,1.0,1.0,1.0
4,3,4.143743374939251,8.690197116212214,2,2910.31154726455,4,0,3,4.823437206801875,168.46532437773044,0,1,1,0.0,0.0,0.0,0.0,0.0,0.0,0.0,0.0,0.0,0.0,0.0,0.0,0.0,0.0,0.0,0.0
0,2,5.387656245090634,5.80610027774731,0,734.1987658690355,4,1,3,11.953757934317164,194.21394726049098,1,0,1,0.0,0.0,0.0,0.0,1.0,0.0,0.0,0.0,0.0,0.0,0.0,0.0,1.0,1.0,0.0,1.0
2,0,2.412688880339612,7.736613003443452,1,1286.5429570242793,2,1,1,9.071793047507107,237.31061846909768,1,0,2,1.0,0.0,0.0,0.0,0.0,0.0,0.0,0.0,0.0,0.0,0.0,0.0,1.0,0.0,0.0,1.0
3,0,9.773014852518873,9.357529510260836,0,2903.749427800312,0,0,2,3.1790192223162617,154.85895338373186,0,0,2,1.0,1.0,0.0,0.0,0.0,0.0,0.0,0.0,0.0,0.0,0.0,1.0,0.0,0.0,0.0,0.0
2,3,7.5352364476876765,5.329086190576073,3,3222.7400370449727,0,3,1,0.09084411228045575,264.03814554581254,0,1,4,1.0,0.0,0.0,0.0,0.0,0.0,0.0,0.0,0.0,0.0,0.0,1.0,0.0,0.0,1.0,0.0
1,0,3.402174786678713,7.719404380146743,2,2802.9561747760613,1,2,0,6.326489701556305,286.51532876265907,1,0,5,0.0,0.0,0.0,0.0,0.0,0.0,0.0,0.0,0.0,0.0,0.0,0.0,0.0,0.0,0.0,0.0
4,5,4.3432452115123015,9.687830680328705,3,3169.6784622586106,3,3,4,8.4702693084791,292.8140579756872,0,0,0,0.0,0.0,0.0,0.0,0.0,0.0,0.0,0.0,0.0,0.0,0.0,0.0,0.0,0.0,1.0,0.0
0,4,4.80234634145906,7.178771529732726,1,2179.664939112281,4,3,1,5.636196549412586,95.86844159466845,0,1,3,0.0,0.0,0.0,0.0,0.0,0.0,0.0,0.0,0.0,0.0,0.0,0.0,0.0,0.0,1.0,0.0
1,4,7.7278035172945625,9.861386342182781,0,2838.8334861485246,1,2,1,10.878055925769871,9.652254135082593,1,1,3,0.0,0.0,0.0,0.0,0.0,0.0,0.0,0.0,0.0,0.0,0.0,1.0,0.0,0.0,0.0,0.0
4,1,9.33127540092626,5.860276265108778,0,1532.5589854682719,4,0,0,9.215411125117875,214.73903103118855,0,0,1,0.0,0.0,0.0,0.0,0.0,0.0,0.0,0.0,0.0,0.0,0.0,1.0,1.0,0.0,0.0,1.0
3,4,3.892961196861145,7.385763355997189,1,2855.642206988046,4,1,2,6.243229472804643,75.56930943857166,1,0,2,1.0,0.0,0.0,0.0,0.0,0.0,0.0,0.0,0.0,0.0,0.0,0.0,1.0,0.0,0.0,0.0
0,3,5.252500794523776,5.866214507205717,3,2539.2227222734614,4,1,3,0.2270869630772836,230.30595413666234,1,0,4,0.0,0.0,0.0,0.0,0.0,0.0,0.0,0.0,0.0,0.0,0.0,0.0,1.0,0.0,1.0,0.0
3,2,6.33886815551231,4.022316550404404,1,2224.49019097718,3,2,4,4.058962909462672,1.5001636566707832,1,0,3,1.0,1.0,0.0,0.0,0.0,0.0,0.0,0.0,0.0,0.0,0.0,0.0,1.0,0.0,1.0,0.0
4,0,4.54009593160284,9.98384860267395,3,3476.9039620467497,2,2,3,5.932897639670589,233.1549607345307,1,1,0,0.0,0.0,0.0,0.0,0.0,0.0,1.0,0.0,0.0,0.0,0.0,0.0,0.0,0.0,1.0,0.0
0,3,5.537631910291167,5.440360408223659,1,1909.3385746245235,4,3,4,3.0028120969438783,21.043220057600475,0,1,2,0.0,0.0,0.0,0.0,0.0,0.0,0.0,0.0,0.0,0.0,0.0,0.0,1.0,0.0,1.0,0.0
2,4,1.951368661180918,9.83861191142039,0,2357.7417127116546,3,0,4,10.051823056905713,263.80410962465965,0,0,1,1.0,0.0,0.0,0.0,0.0,0.0,0.0,0.0,0.0,0.0,0.0,0.0,0.0,0.0,0.0,0.0
2,0,2.5090694894814947,7.918196959882762,1,2029.7170605915417,4,0,3,5.09365389022299,195.39368113531393,0,0,1,1.0,0.0,0.0,0.0,0.0,0.0,0.0,0.0,0.0,0.0,0.0,0.0,0.0,0.0,0.0,0.0
0,0,4.609911314981304,9.423601653691435,0,1281.5340187278744,2,3,4,2.4456059713432716,48.513645640023014,1,0,0,0.0,0.0,0.0,0.0,1.0,0.0,0.0,0.0,0.0,0.0,0.0,0.0,0.0,0.0,1.0,0.0
1,2,9.234451105934973,9.803216482321798,2,1491.0964429001765,1,1,1,9.349192744304037,152.3465824728151,0,0,2,0.0,0.0,0.0,0.0,0.0,0.0,0.0,0.0,0.0,0.0,0.0,1.0,0.0,0.0,0.0,1.0
0,3,4.144222411701702,7.406975238051897,0,3436.357303867823,2,3,3,7.299405374415258,151.56041096971381,1,1,5,0.0,0.0,0.0,0.0,0.0,0.0,0.0,0.0,0.0,0.0,0.0,0.0,1.0,0.0,1.0,1.0
0,2,3.2481352774451224,9.998148065807548,2,1676.3313740441206,2,3,3,2.3649413621192403,263.71157429067273,1,1,5,0.0,0.0,0.0,0.0,0.0,0.0,0.0,0.0,0.0,0.0,0.0,0.0,0.0,0.0,1.0,0.0
2,2,7.685759987643483,8.603979455652219,1,2538.2188023102353,1,0,2,6.3929525774237135,159.70101813466187,1,1,0,1.0,0.0,0.0,0.0,0.0,0.0,1.0,0.0,0.0,0.0,0.0,1.0,0.0,0.0,0.0,0.0
2,1,9.542171494689484,7.14288733656144,1,2201.291791006143,3,2,3,8.334254849163184,165.143076623958,1,1,3,1.0,1.0,0.0,0.0,0.0,0.0,0.0,0.0,0.0,0.0,0.0,1.0,0.0,0.0,1.0,0.0
1,0,5.132112553571927,7.9296597051453155,2,3169.415815428541,3,0,3,5.381199904447913,95.69996192282824,1,0,4,0.0,0.0,0.0,0.0,0.0,0.0,0.0,0.0,0.0,0.0,0.0,0.0,0.0,0.0,0.0,0.0
1,0,1.077444600104648,5.165628143959596,2,2773.0702341890146,1,0,2,3.6285845430254597,218.5512862032394,0,0,2,0.0,0.0,0.0,0.0,0.0,0.0,0.0,0.0,0.0,0.0,0.0,0.0,1.0,0.0,0.0,0.0
0,0,7.1933439832805615,4.066195728642099,3,741.9542179995716,1,0,4,8.2760241681743,15.089460647221564,1,1,0,0.0,0.0,0.0,0.0,1.0,0.0,1.0,0.0,0.0,0.0,0.0,0.0,1.0,1.0,1.0,0.0
3,4,4.735547214545305,5.540736085642853,1,1566.3256143162318,2,3,0,8.247193026962295,290.3859256333603,0,0,4,1.0,0.0,0.0,0.0,0.0,0.0,0.0,1.0,0.0,0.0,0.0,0.0,1.0,0.0,0.0,1.0
1,4,7.0628098295459365,6.609825170319442,3,2635.7406282734264,1,0,1,0.20324914272975514,181.87526963380185,0,0,0,0.0,0.0,0.0,0.0,0.0,0.0,0.0,0.0,0.0,0.0,0.0,0.0,0.0,0.0,0.0,0.0
4,2,3.499448642462832,5.3683155211705245,3,984.0704240351018,1,2,1,2.8095037081760825,253.69958697357384,0,0,1,0.0,0.0,0.0,0.0,0.0,0.0,0.0,0.0,0.0,0.0,0.0,0.0,1.0,1.0,0.0,0.0
2,0,1.0216732943526616,7.084215387917188,3,2010.3175446793093,1,1,4,7.75579267030534,234.32006416059437,1,1,1,1.0,0.0,0.0,0.0,0.0,0.0,0.0,0.0,0.0,0.0,0.0,0.0,0.0,0.0,1.0,1.0
4,2,4.100465968710434,7.947664853347999,3,1453.307144986603,3,1,2,2.6897374099124507,65.44573316224984,1,0,0,0.0,0.0,0.0,0.0,0.0,0.0,1.0,0.0,0.0,0.0,0.0,0.0,0.0,0.0,0.0,0.0
3,5,7.343131083516474,7.9347630946002266,3,694.262689380509,2,0,4,11.551858220663267,86.72281867703599,0,0,5,1.0,0.0,0.0,0.0,0.0,0.0,0.0,1.0,0.0,0.0,0.0,1.0,0.0,1.0,0.0,1.0
1,1,4.538019547082703,9.362586583198771,1,3491.438263515872,1,1,4,1.9534912397938422,83.40336949328706,0,1,3,0.0,0.0,0.0,0.0,0.0,0.0,0.0,0.0,0.0,0.0,0.0,0.0,0.0,0.0,1.0,0.0
3,2,2.972567256879034,9.79791457889926,2,3288.093798527439,0,1,2,8.978592735206007,67.65541817021956,1,0,4,1.0,0.0,0.0,0.0,0.0,0.0,0.0,0.0,0.0,0.0,0.0,0.0,0.0,0.0,0.0,0.0
1,3,5.176061777206914,9.34417008015933,3,2742.578462924978,0,1,3,11.979871522535621,4.772187654835425,1,1,0,0.0,0.0,0.0,0.0,0.0,0.0,0.0,0.0,0.0,0.0,0.0,0.0,0.0,0.0,1.0,1.0
0,1,7.771136709685469,7.721049756081557,1,1103.0775057600379,3,2,1,4.158941601775138,248.08543525557147,0,0,1,0.0,0.0,0.0,0.0,0.0,0.0,0.0,0.0,0.0,0.0,0.0,1.0,0.0,1.0,1.0,0.0
1,2,2.0748977811307543,5.234584927546774,3,3465.5785807684106,4,3,0,7.237528547481517,161.35574406221147,1,1,0,0.0,0.0,0.0,0.0,0.0,0.0,0.0,0.0,0.0,0.0,0.0,0.0,0.0,0.0,0.0,0.0
1,2,7.22576830281983,9.660706955019561,2,2392.376848898064,1,1,2,1.268543637531781,177.35521652218614,0,1,0,0.0,0.0,0.0,0.0,0.0,0.0,0.0,0.0,0.0,0.0,0.0,1.0,0.0,0.0,0.0,0.0
0,2,7.006096214235526,5.049162368603839,1,3398.2263136018823,4,0,1,7.4618818899066195,147.51101792083136,0,0,4,0.0,0.0,0.0,0.0,0.0,0.0,0.0,0.0,0.0,0.0,0.0,1.0,1.0,0.0,0.0,0.0
0,4,4.336640917165642,4.908564295062791,3,627.7367218756083,3,2,3,11.850273359203563,37.30907683637651,0,1,0,0.0,0.0,0.0,0.0,1.0,0.0,0.0,0.0,0.0,0.0,0.0,0.0,1.0,1.0,0.0,0.0
4,3,9.73302572241545,5.90541596743261,0,1020.4121520055128,1,3,2,11.674310031564708,130.83086659660884,1,1,5,0.0,0.0,0.0,0.0,1.0,0.0,1.0,1.0,0.0,0.0,0.0,1.0,1.0,1.0,1.0,0.0
2,0,9.052347695323164,7.441633368029729,2,2531.7406556347387,2,2,0,4.941338276363231,88.08996355361111,1,0,4,1.0,1.0,0.0,0.0,0.0,0.0,0.0,0.0,0.0,0.0,0.0,1.0,0.0,0.0,0.0,0.0
2,0,3.8454533272186286,8.088835791914825,3,3221.5391334370206,0,2,2,9.84744546275228,267.6175639942311,1,0,1,1.0,0.0,0.0,0.0,0.0,0.0,0.0,0.0,0.0,0.0,0.0,0.0,0.0,0.0,1.0,1.0
4,2,1.2798198405445878,4.079756064073816,0,1027.3466383784307,1,2,2,9.91919642672186,210.36243625798036,1,0,1,0.0,0.0,0.0,0.0,0.0,0.0,1.0,0.0,0.0,0.0,0.0,0.0,1.0,0.0,1.0,0.0
1,5,3.77474326070569,8.6681336303185,1,1451.2947188753742,3,3,0,3.9271994674781805,48.79721712671794,1,1,2,0.0,0.0,0.0,0.0,0.0,0.0,0.0,1.0,0.0,0.0,0.0,0.0,0.0,1.0,0.0,0.0
2,0,2.842497482869389,5.050117294523453,2,2264.5319945257697,4,0,2,9.872971634646992,210.57519948504546,0,0,3,1.0,0.0,0.0,0.0,0.0,0.0,0.0,0.0,0.0,0.0,0.0,0.0,1.0,0.0,0.0,0.0
4,0,5.925267226428335,5.778909109078127,0,3498.983060468694,1,3,4,1.948854974825304,164.51032761239392,0,1,4,0.0,0.0,0.0,0.0,0.0,0.0,1.0,0.0,0.0,0.0,0.0,0.0,1.0,0.0,1.0,0.0
3,4,9.268699790639392,5.932520354773909,3,2898.99526034924,4,3,4,11.74655035823932,24.503195627934872,1,0,2,1.0,1.0,0.0,0.0,0.0,0.0,0.0,0.0,0.0,0.0,0.0,0.0,0.0,0.0,1.0,1.0
1,2,8.833037590337693,5.994675993392455,2,3270.6883369486736,3,3,4,10.370040847225676,20.865331271873,0,1,4,0.0,0.0,0.0,0.0,0.0,0.0,0.0,0.0,0.0,0.0,0.0,1.0,1.0,0.0,1.0,0.0
1,1,3.7524624009834406,8.562205613256829,1,2525.0376037932274,1,1,4,6.127118941458077,44.23119947231846,1,1,4,0.0,0.0,0.0,0.0,0.0,0.0,1.0,0.0,0.0,0.0,0.0,0.0,0.0,0.0,1.0,0.0
0,1,4.857377802000733,4.245666173213078,1,3132.113811999957,3,3,4,4.62386468324954,243.14922786135725,0,0,1,0.0,0.0,0.0,0.0,0.0,0.0,0.0,0.0,0.0,0.0,0.0,0.0,1.0,0.0,1.0,0.0
0,3,1.3288797917160982,5.179106910353918,0,2021.13509695117,4,0,0,11.351383588884275,248.9847129785478,1,1,2,0.0,0.0,0.0,0.0,0.0,0.0,1.0,0.0,0.0,0.0,0.0,0.0,1.0,0.0,0.0,1.0
0,3,5.897471568842345,4.133915386914689,0,872.4759048265764,1,1,2,0.8535135055097185,182.45421300940137,0,0,4,0.0,0.0,0.0,0.0,1.0,0.0,0.0,0.0,0.0,0.0,0.0,0.0,1.0,1.0,0.0,0.0
3,3,1.5703118204565598,8.669796740270598,2,2628.672257694488,0,3,2,5.9806748208424025,4.6878954244536475,0,0,4,1.0,0.0,0.0,0.0,0.0,0.0,0.0,0.0,0.0,0.0,0.0,0.0,0.0,0.0,1.0,0.0
3,1,9.447455496061897,9.90233403019074,3,2304.4247671996873,1,1,4,5.843362805311561,95.13649077664125,0,1,5,1.0,0.0,0.0,0.0,0.0,0.0,0.0,0.0,0.0,0.0,0.0,1.0,0.0,0.0,1.0,0.0
2,3,8.80240451367045,7.957282955599386,1,1956.050192344576,3,3,1,4.575896374249123,120.27261117168932,1,1,0,1.0,1.0,0.0,0.0,0.0,0.0,0.0,0.0,0.0,0.0,0.0,1.0,0.0,0.0,0.0,0.0
3,5,2.927688637937527,7.540835085512867,0,1324.9727465533192,0,1,3,1.3515309514782468,85.31558610731098,1,0,0,1.0,0.0,0.0,0.0,0.0,0.0,0.0,0.0,0.0,0.0,0.0,0.0,1.0,0.0,1.0,0.0
0,1,7.294318118758409,9.448397280331017,2,2852.609036577073,1,2,3,3.0165758020235276,174.3382841582549,0,1,3,0.0,0.0,0.0,0.0,0.0,0.0,0.0,0.0,0.0,0.0,0.0,1.0,0.0,0.0,1.0,0.0
1,2,6.112183441899997,5.529723918180896,2,2961.2302442494624,1,2,2,11.797418929985863,18.663379443311168,0,0,1,0.0,0.0,0.0,0.0,0.0,0.0,0.0,0.0,0.0,0.0,0.0,0.0,1.0,0.0,0.0,1.0
1,0,8.212219412645648,4.3987738308280315,0,1592.5568823052952,0,3,1,9.695416662299994,5.990982668569089,1,0,4,0.0,0.0,0.0,0.0,0.0,0.0,0.0,0.0,0.0,0.0,0.0,1.0,1.0,1.0,1.0,0.0
4,3,5.280868960763679,7.059819429833294,2,3283.299678783678,2,1,0,10.059397884608966,176.36004467413565,0,1,4,0.0,0.0,0.0,0.0,0.0,0.0,1.0,0.0,0.0,0.0,0.0,0.0,1.0,0.0,0.0,1.0
3,0,2.725947735992002,5.562092219042972,0,1609.2250831058304,4,3,2,6.114379142039144,79.35910835663368,0,0,2,1.0,0.0,0.0,0.0,0.0,0.0,0.0,0.0,0.0,0.0,0.0,0.0,1.0,0.0,0.0,0.0
4,1,6.758590601105485,6.706489688085412,0,822.6874844383474,0,1,0,7.941905172825804,205.9587687932797,1,1,0,0.0,0.0,0.0,0.0,1.0,0.0,1.0,0.0,0.0,0.0,0.0,0.0,1.0,1.0,0.0,0.0
1,4,1.7225229429635052,6.737799103490856,1,999.5851025317372,4,1,3,6.0600711688149005,233.2778512092444,1,1,2,0.0,0.0,0.0,0.0,0.0,0.0,0.0,0.0,0.0,0.0,0.0,0.0,0.0,1.0,0.0,0.0
4,0,6.261291920515799,5.912990944408417,2,1983.5464112267516,4,0,1,8.128312857336088,183.31715011094406,1,0,1,0.0,0.0,0.0,0.0,0.0,0.0,1.0,0.0,0.0,0.0,0.0,0.0,0.0,0.0,0.0,0.0
0,5,2.914343249180118,6.917947489498321,2,739.5889800534106,4,0,4,10.3616210919588,296.9086415981366,0,0,2,0.0,0.0,0.0,0.0,1.0,0.0,0.0,0.0,0.0,0.0,0.0,0.0,0.0,1.0,0.0,1.0
1,2,7.164427934112042,6.28091128329941,2,2655.2376320400213,3,3,4,2.911136442670015,192.87805013087015,0,0,5,0.0,0.0,0.0,0.0,0.0,0.0,0.0,0.0,0.0,0.0,0.0,0.0,0.0,0.0,1.0,0.0
2,2,8.452388455552978,4.67835602069126,0,2885.287565893527,2,0,4,11.4107192558019,231.8250996889012,1,1,4,1.0,0.0,0.0,0.0,0.0,0.0,1.0,0.0,0.0,0.0,0.0,0.0,1.0,0.0,0.0,1.0
0,3,1.9857225635386522,9.20035424443468,1,2148.4049980859345,1,0,3,10.963341800826623,192.3052001076814,1,1,4,0.0,0.0,0.0,0.0,1.0,0.0,0.0,0.0,0.0,0.0,0.0,0.0,0.0,0.0,0.0,1.0
4,3,4.602416969337331,8.207642286581356,2,3180.0453589406275,4,0,0,5.0314955305891775,241.63251253660246,1,0,0,0.0,0.0,0.0,0.0,0.0,0.0,0.0,0.0,0.0,0.0,0.0,0.0,0.0,0.0,0.0,0.0
4,2,7.60169428998397,4.247853189999043,2,3362.8594002387554,2,1,4,11.721770589626363,117.18057052950296,0,0,3,0.0,0.0,0.0,0.0,0.0,0.0,0.0,0.0,0.0,0.0,0.0,1.0,1.0,0.0,1.0,1.0
2,5,2.4733275536697263,4.6947185516278385,0,1842.7432631319741,2,0,0,10.59028977574905,130.30729482982338,1,1,3,1.0,0.0,0.0,0.0,0.0,0.0,0.0,0.0,0.0,0.0,1.0,0.0,1.0,0.0,0.0,1.0
1,5,6.098713030321418,4.579086824272144,3,767.3815046693055,1,2,2,0.48092873496369615,100.55624649861338,1,1,3,0.0,0.0,0.0,0.0,0.0,0.0,1.0,0.0,0.0,0.0,0.0,1.0,1.0,1.0,0.0,0.0
0,1,7.046550836881508,4.3704612820529665,0,1193.7923289262208,1,3,4,0.5053700027960408,172.94337999694847,0,1,2,0.0,0.0,0.0,0.0,1.0,0.0,0.0,0.0,0.0,0.0,0.0,1.0,1.0,1.0,1.0,0.0
3,4,4.19314246515444,4.354340655043286,3,2472.848131140473,1,2,0,8.487414950161957,112.39288651547486,0,1,3,1.0,0.0,0.0,0.0,0.0,0.0,0.0,0.0,0.0,0.0,0.0,0.0,0.0,0.0,1.0,0.0
2,1,8.48784046782341,4.942673997617202,2,1717.3531491494064,3,2,2,9.404063619175258,296.358587752312,0,0,2,1.0,0.0,0.0,0.0,0.0,0.0,0.0,0.0,0.0,0.0,0.0,1.0,1.0,0.0,0.0,1.0
3,5,5.595923665420424,9.087216451179568,0,2555.028182448933,2,3,2,2.984243036532421,180.9011205321223,1,1,4,1.0,0.0,0.0,0.0,0.0,0.0,0.0,0.0,0.0,0.0,0.0,0.0,0.0,0.0,1.0,0.0
3,1,6.64295355946459,8.969399777189054,1,2500.205558458367,1,3,0,5.984839786291127,100.71025662722207,0,0,2,1.0,1.0,0.0,0.0,0.0,0.0,0.0,0.0,0.0,0.0,0.0,0.0,0.0,0.0,1.0,0.0
0,1,2.267855170343008,8.698878851670312,1,2316.1044098351413,0,2,0,6.470980998304432,152.44980929780155,1,1,5,0.0,0.0,0.0,0.0,0.0,0.0,1.0,0.0,0.0,0.0,0.0,0.0,0.0,0.0,0.0,0.0
0,4,1.2084415707940215,7.688239039231436,3,973.4977006969518,2,0,4,5.347149127590754,234.1838690038625,0,1,5,0.0,0.0,0.0,0.0,1.0,0.0,0.0,0.0,0.0,0.0,0.0,0.0,0.0,1.0,1.0,0.0
3,4,1.4567371374248768,8.340961319281806,2,1357.7458881713683,1,3,4,0.8294691502076499,241.8351759405575,1,1,4,1.0,0.0,0.0,0.0,0.0,0.0,0.0,0.0,0.0,0.0,0.0,0.0,0.0,1.0,1.0,0.0
0,0,9.135281333783944,8.430887265041836,1,1633.5848796374366,1,3,0,2.626753225328012,191.1304532426863,0,1,3,0.0,0.0,0.0,0.0,0.0,0.0,0.0,0.0,0.0,0.0,0.0,1.0,0.0,0.0,1.0,0.0
4,3,8.94378145823426,9.335877221846005,3,2973.2539697947677,0,1,1,9.774128869739647,0.6991559474660236,0,1,2,0.0,0.0,0.0,0.0,0.0,0.0,0.0,0.0,0.0,0.0,0.0,1.0,0.0,0.0,1.0,0.0
0,2,8.268322952456582,8.394058177814593,0,2546.668510290399,4,0,1,0.8770426161041942,260.58392911566295,1,1,3,0.0,0.0,0.0,0.0,0.0,0.0,0.0,0.0,0.0,0.0,0.0,0.0,0.0,0.0,0.0,0.0
3,3,2.796508821113747,8.418755848125793,3,2434.802798008247,0,0,0,7.465687825489069,272.9406042347012,1,0,4,1.0,0.0,0.0,0.0,0.0,0.0,0.0,0.0,0.0,0.0,0.0,0.0,0.0,0.0,0.0,0.0
4,3,5.729127867545529,8.824487036280903,3,2516.412034132918,0,1,0,7.609898399578611,261.4947324424644,1,1,5,0.0,0.0,0.0,0.0,0.0,0.0,1.0,0.0,0.0,0.0,0.0,0.0,0.0,0.0,0.0,1.0
2,5,8.16505390493536,7.338129135565792,1,2009.6062443541887,3,2,2,11.47788159220422,201.33480229516465,1,1,4,1.0,1.0,0.0,0.0,0.0,0.0,0.0,1.0,0.0,0.0,1.0,1.0,1.0,0.0,1.0,1.0
0,5,7.072022631301964,5.2781727402556555,0,618.8951464041903,1,3,2,11.849414877774057,8.129835559734133,1,0,4,0.0,0.0,0.0,0.0,1.0,0.0,0.0,1.0,0.0,0.0,0.0,1.0,1.0,1.0,1.0,0.0
4,3,2.0396907430834386,4.50725486541435,3,1103.3620624968853,4,0,4,11.340510311299907,285.2340772365377,1,0,2,0.0,0.0,0.0,0.0,1.0,0.0,0.0,0.0,0.0,0.0,0.0,0.0,1.0,1.0,0.0,1.0
0,4,9.059870798311813,6.514261362291393,3,920.9064674012038,2,1,1,6.495857223335888,20.342256184373486,1,1,1,0.0,0.0,0.0,0.0,1.0,0.0,1.0,0.0,0.0,0.0,0.0,1.0,0.0,1.0,0.0,0.0
2,5,2.44614153500166,4.550114030116376,1,691.9899931811319,3,3,2,0.5013086665593622,44.845273287090514,0,1,2,1.0,0.0,0.0,0.0,0.0,0.0,0.0,1.0,0.0,0.0,0.0,0.0,1.0,1.0,1.0,0.0
4,1,2.546161240720019,5.015824189325987,0,1458.4299439498955,4,0,1,3.3276073432814854,188.37033026535357,1,1,5,0.0,0.0,0.0,0.0,0.0,0.0,1.0,0.0,0.0,0.0,0.0,0.0,1.0,1.0,0.0,0.0
3,4,9.109077662536373,4.14304007057461,1,2863.190575089045,4,3,0,5.705946522249684,138.54281078560612,1,0,2,1.0,1.0,0.0,0.0,0.0,0.0,0.0,0.0,1.0,0.0,0.0,1.0,1.0,0.0,0.0,0.0
0,4,5.3615524518506446,5.801237746219059,0,845.3954109314132,4,0,3,0.4694381070434144,226.4274209625296,1,0,2,0.0,0.0,0.0,0.0,1.0,0.0,0.0,0.0,0.0,0.0,0.0,0.0,1.0,1.0,0.0,0.0
4,0,4.356026433608202,9.81998693441211,2,834.2675512457656,2,1,3,0.44516798767359056,189.94328384762488,1,0,2,0.0,0.0,0.0,0.0,0.0,0.0,1.0,0.0,0.0,0.0,0.0,0.0,0.0,1.0,1.0,0.0
0,5,5.982910680682508,6.2735876359864635,2,872.7920575745522,4,0,3,3.8882766686892074,1.2569929907400024,1,0,2,0.0,0.0,0.0,0.0,1.0,0.0,0.0,0.0,0.0,0.0,0.0,0.0,0.0,1.0,0.0,0.0
3,4,9.832575995489002,5.445355636306488,1,1309.4650737693237,1,3,0,4.648136688979049,192.84448405631434,1,1,0,1.0,0.0,0.0,0.0,0.0,0.0,1.0,1.0,0.0,0.0,0.0,1.0,1.0,1.0,1.0,0.0
3,2,2.076674097169386,6.42069686282939,2,1106.6214141428711,4,1,3,6.9701324545890415,257.46598002920877,1,0,1,1.0,0.0,0.0,0.0,0.0,0.0,0.0,0.0,0.0,0.0,0.0,0.0,1.0,1.0,0.0,1.0
1,2,7.8125396391285875,5.808031121240065,2,541.8833494207817,4,1,3,11.194291794201217,255.6439205842599,0,0,1,0.0,0.0,0.0,0.0,0.0,0.0,0.0,0.0,0.0,0.0,0.0,0.0,1.0,1.0,0.0,1.0
2,2,4.008932760197148,8.043260937570164,0,1329.5069407530639,1,2,2,4.694123190941565,47.22241491125846,1,1,1,1.0,0.0,0.0,0.0,0.0,0.0,0.0,0.0,0.0,0.0,0.0,0.0,1.0,0.0,1.0,0.0
0,5,2.0534434376286135,7.806800566954484,1,3488.8833939683514,0,1,3,0.5770869406277654,104.2084736189406,1,0,0,0.0,0.0,0.0,0.0,0.0,0.0,0.0,0.0,0.0,0.0,0.0,0.0,0.0,0.0,1.0,0.0
4,5,4.797400198176447,4.164057446622977,3,1509.4593285677865,3,3,0,6.480523480333222,35.85882156075313,0,0,5,0.0,0.0,0.0,0.0,0.0,0.0,0.0,0.0,0.0,0.0,0.0,0.0,1.0,0.0,0.0,0.0
1,4,5.938775899527438,7.0679389348407105,3,1133.7770959214681,0,1,1,4.295549373325074,225.44470047716584,0,1,0,0.0,0.0,0.0,0.0,0.0,0.0,0.0,0.0,0.0,0.0,0.0,1.0,0.0,0.0,0.0,0.0
1,3,2.8536547395533223,4.217198126052622,3,1987.1417884765156,0,3,0,10.813242912810171,188.26814946976444,1,0,0,0.0,0.0,0.0,0.0,0.0,0.0,0.0,0.0,0.0,0.0,0.0,0.0,1.0,0.0,1.0,1.0
2,0,4.647425131869422,8.06417959848565,3,1188.1053927484306,4,2,2,5.177976827318515,145.33009133086574,0,1,3,1.0,0.0,0.0,0.0,0.0,0.0,0.0,0.0,0.0,0.0,0.0,0.0,0.0,0.0,1.0,0.0
3,5,6.721084229250614,9.61484998376355,0,2178.935603962139,2,2,4,3.8615690464161423,89.92768999171017,0,0,5,1.0,0.0,0.0,0.0,0.0,0.0,0.0,0.0,0.0,0.0,0.0,1.0,0.0,0.0,1.0,0.0
2,0,6.1880321774819995,9.444927272364513,1,1701.96753920249,3,3,0,8.686563080407403,236.12944936477513,0,1,4,1.0,0.0,0.0,0.0,0.0,0.0,0.0,0.0,0.0,0.0,0.0,1.0,0.0,0.0,0.0,1.0
2,1,7.508445346493655,5.2342726725455595,1,3190.523954838348,4,2,2,5.9190353773686715,237.43002597503545,1,1,0,1.0,0.0,0.0,0.0,0.0,0.0,0.0,0.0,0.0,0.0,0.0,0.0,1.0,0.0,0.0,0.0
2,0,8.52764079643661,8.45587088632836,2,3283.7577866397514,4,1,1,6.661188957933743,147.35403230256134,0,1,3,1.0,0.0,0.0,0.0,0.0,0.0,0.0,0.0,0.0,0.0,0.0,1.0,0.0,0.0,0.0,0.0
4,5,4.682262985924363,8.75839582624339,3,2639.1837740799397,4,2,4,1.8248089853599803,37.32621505409346,0,0,3,0.0,0.0,0.0,0.0,0.0,0.0,0.0,0.0,0.0,0.0,0.0,0.0,0.0,0.0,1.0,0.0
1,2,4.806705479160048,9.186205198656307,2,1147.0827432207093,0,2,3,4.502312487446389,139.6077078696746,0,0,4,0.0,0.0,0.0,0.0,0.0,0.0,0.0,0.0,0.0,0.0,0.0,0.0,0.0,1.0,1.0,0.0
4,1,5.470229210096378,5.557592024803126,2,1921.695643620345,1,1,1,0.5570887218433707,268.8200439796067,0,0,1,0.0,0.0,0.0,0.0,0.0,0.0,0.0,0.0,0.0,0.0,0.0,0.0,1.0,0.0,1.0,0.0
3,0,6.097180405431732,6.70500907583296,0,1416.2695011222422,3,1,1,9.058545594900554,175.2256175322578,1,1,2,1.0,1.0,0.0,0.0,0.0,0.0,0.0,0.0,0.0,0.0,0.0,1.0,1.0,0.0,0.0,0.0
4,2,1.9749040681410248,5.329026574219542,2,2894.832407329619,0,3,2,2.946979953590933,226.20023472902696,1,0,5,0.0,0.0,0.0,0.0,0.0,0.0,0.0,0.0,0.0,0.0,0.0,0.0,1.0,0.0,1.0,0.0
4,4,3.8137181877529667,4.1458567432671485,3,587.5223274611096,1,1,0,1.4461891302875451,88.40039026301659,1,0,4,0.0,0.0,0.0,0.0,1.0,0.0,1.0,0.0,0.0,0.0,0.0,0.0,1.0,1.0,0.0,0.0
3,5,2.5470261583932183,7.954075767189743,3,2487.4750830344856,2,0,0,7.074144369469154,102.94904935298202,1,1,1,1.0,0.0,0.0,0.0,0.0,0.0,1.0,0.0,0.0,0.0,0.0,0.0,0.0,0.0,0.0,0.0
1,3,4.472674861097184,6.588781707358874,2,1469.6804784323826,1,2,3,6.953155856658497,35.13624120347829,0,0,4,0.0,0.0,0.0,0.0,0.0,0.0,0.0,0.0,0.0,0.0,0.0,0.0,0.0,0.0,1.0,0.0
3,3,9.760186653166329,5.4887012833814035,0,1943.0137473451452,0,0,4,3.7895708340116965,102.8415229106713,1,0,5,1.0,1.0,0.0,0.0,0.0,0.0,0.0,0.0,0.0,0.0,0.0,1.0,1.0,0.0,0.0,0.0
3,5,6.244578610128817,9.08262368379767,0,1468.984913867198,4,3,3,11.548214135315078,50.884050581040206,1,0,4,1.0,1.0,0.0,0.0,0.0,0.0,0.0,1.0,0.0,0.0,0.0,0.0,0.0,1.0,0.0,1.0
1,5,4.864433679284916,6.974083839875217,2,1594.370081775092,2,3,0,7.626255726936666,161.6939502426031,1,1,3,0.0,0.0,0.0,0.0,0.0,0.0,0.0,1.0,0.0,0.0,0.0,0.0,0.0,0.0,0.0,0.0
3,1,6.09343205701338,9.967946063275544,3,2523.087916378541,2,2,4,11.11672663968616,118.14164738065037,0,1,4,1.0,0.0,0.0,0.0,0.0,0.0,0.0,0.0,0.0,0.0,0.0,1.0,0.0,0.0,1.0,1.0
1,5,7.021688998844613,8.760146961633803,3,2286.4830002892513,3,0,1,3.6071481997016903,250.72550629227288,0,1,3,0.0,0.0,0.0,0.0,0.0,0.0,0.0,0.0,0.0,0.0,0.0,0.0,0.0,0.0,0.0,0.0
2,3,4.914581169613609,9.21526719841552,1,1232.2677370845095,3,3,4,6.621636711330622,114.81843616404964,1,0,1,1.0,0.0,0.0,0.0,0.0,0.0,0.0,0.0,0.0,0.0,0.0,0.0,0.0,0.0,1.0,0.0
3,5,5.029388238275985,8.63999349278603,2,630.9128844428818,2,0,1,4.962248746326468,63.70150859508084,0,0,2,1.0,0.0,0.0,0.0,0.0,0.0,0.0,0.0,0.0,0.0,0.0,0.0,0.0,1.0,0.0,0.0
0,0,7.312610164435378,4.63554939370373,0,3068.065429559211,4,0,2,4.959400221545556,25.270460584073728,1,0,3,0.0,0.0,0.0,0.0,0.0,0.0,0.0,0.0,0.0,0.0,0.0,1.0,1.0,0.0,0.0,0.0
1,0,1.5477632488513113,4.390174003922024,2,1976.920044870591,1,1,4,0.5732078635029123,75.77140856944227,0,1,4,0.0,0.0,0.0,0.0,0.0,0.0,0.0,0.0,0.0,0.0,0.0,0.0,1.0,0.0,0.0,0.0
3,5,5.860725114595097,9.490472635686782,0,2356.19067274755,4,2,2,2.6356366523276464,209.20899401547862,1,1,4,1.0,1.0,0.0,0.0,0.0,0.0,0.0,0.0,0.0,0.0,0.0,1.0,0.0,0.0,1.0,0.0
2,4,5.925950309959313,4.829183128238812,3,1965.4978173918732,4,2,3,10.431905390697825,187.86926013465813,1,1,0,1.0,0.0,0.0,0.0,0.0,0.0,0.0,0.0,0.0,0.0,0.0,0.0,1.0,0.0,1.0,1.0
4,1,7.810770350155428,6.3473569040455615,3,2356.82062079918,0,1,2,10.198263616184168,185.9837820570605,1,1,0,0.0,0.0,0.0,0.0,0.0,0.0,1.0,0.0,0.0,0.0,0.0,1.0,1.0,0.0,1.0,1.0
0,5,9.843802771029923,7.659466069335585,0,2380.917415395719,3,3,0,1.2611761186251993,257.451216857535,0,0,0,0.0,0.0,0.0,0.0,0.0,0.0,0.0,0.0,0.0,0.0,0.0,1.0,1.0,0.0,1.0,0.0
3,0,8.161793081081273,5.271390099411974,3,545.1216102632122,0,3,3,0.21777657231680392,75.84282059064539,1,1,1,1.0,1.0,0.0,0.0,0.0,1.0,1.0,0.0,0.0,0.0,0.0,1.0,1.0,1.0,1.0,0.0
4,4,5.534097513854213,5.351710262246661,3,2099.7773497988255,2,0,1,1.224549235692871,141.23777843472965,1,1,1,0.0,0.0,0.0,0.0,0.0,0.0,1.0,0.0,0.0,0.0,0.0,0.0,1.0,0.0,0.0,0.0
4,1,2.525078616464607,6.7974480537482584,1,2006.3239067121992,4,0,2,7.66561680719449,50.45532857000151,0,0,2,0.0,0.0,0.0,0.0,0.0,0.0,0.0,0.0,0.0,0.0,0.0,0.0,1.0,0.0,0.0,0.0
0,0,6.294348744698535,6.165370548759563,1,787.4525488671693,0,2,1,2.877874868816348,65.63845389689126,1,0,4,0.0,0.0,0.0,0.0,1.0,0.0,0.0,0.0,0.0,0.0,0.0,1.0,1.0,1.0,1.0,0.0
4,4,8.508689980414173,8.059454002118827,0,2737.6455829889173,2,0,4,9.151490544851683,111.2755397847146,1,0,2,0.0,0.0,0.0,0.0,0.0,0.0,1.0,0.0,0.0,1.0,0.0,0.0,0.0,0.0,0.0,0.0
1,5,9.391726572807993,4.450457173123765,3,1207.5781086313227,3,1,2,0.06994973715485431,212.1239699971681,1,0,2,0.0,0.0,0.0,0.0,0.0,0.0,0.0,0.0,0.0,0.0,0.0,1.0,0.0,0.0,0.0,0.0
1,0,8.427793415446905,6.932552016866918,0,663.5760432619539,2,3,3,8.589271023253584,250.11281898559872,1,1,5,0.0,0.0,0.0,0.0,0.0,0.0,0.0,0.0,0.0,0.0,0.0,1.0,1.0,1.0,1.0,1.0
1,0,2.700717457263072,5.045559506293102,3,2909.4769222502277,0,0,2,10.63668929600383,92.16419913467705,1,0,4,0.0,0.0,0.0,0.0,0.0,0.0,0.0,0.0,0.0,0.0,0.0,0.0,1.0,0.0,0.0,0.0
3,3,7.413182779143982,7.640350054004489,2,3095.395253936826,0,1,1,0.5376776937172432,119.3292892459842,0,1,4,1.0,0.0,0.0,0.0,0.0,0.0,0.0,0.0,0.0,0.0,0.0,0.0,0.0,0.0,1.0,0.0
3,0,8.921394527372591,4.697279750562059,3,1222.0842689450792,2,3,2,10.40873926319179,266.29819866046915,1,0,4,1.0,0.0,0.0,0.0,0.0,0.0,0.0,0.0,0.0,0.0,0.0,1.0,0.0,0.0,1.0,1.0
2,4,7.129152699642777,5.185791199176482,1,2562.6365508510735,0,2,3,11.01442573605981,234.0720292820394,0,0,0,1.0,1.0,0.0,0.0,0.0,0.0,0.0,0.0,0.0,0.0,1.0,0.0,1.0,0.0,1.0,0.0
0,5,7.171768368353937,8.82333389705988,3,514.8520221874904,0,2,0,6.430081800406789,207.10051139247307,1,1,4,0.0,0.0,0.0,0.0,1.0,0.0,0.0,1.0,0.0,0.0,0.0,0.0,0.0,1.0,1.0,0.0
4,4,5.501460576259708,5.411001940228083,1,2663.449875146914,4,3,0,3.4143446102709842,122.1430193104818,1,1,2,0.0,0.0,0.0,0.0,0.0,0.0,1.0,0.0,0.0,0.0,0.0,1.0,1.0,0.0,0.0,0.0
1,1,6.732785999129546,8.422392032762954,1,1894.461330321931,2,3,0,6.753769788880299,102.31771026492285,1,0,3,0.0,0.0,0.0,0.0,0.0,0.0,0.0,0.0,0.0,0.0,0.0,0.0,0.0,0.0,1.0,0.0
0,1,3.64942647300719,5.638376198129146,1,2877.4493194048982,2,1,4,3.7270401313501402,217.02890460760273,0,0,4,0.0,0.0,0.0,0.0,0.0,0.0,0.0,0.0,0.0,0.0,0.0,0.0,1.0,0.0,1.0,0.0
2,4,1.799290781071707,5.410165031402986,3,1679.1019179977802,0,2,2,11.198518994717123,27.997942022555822,0,0,0,1.0,0.0,0.0,0.0,0.0,0.0,0.0,0.0,0.0,0.0,0.0,0.0,1.0,0.0,0.0,1.0
2,0,8.449434142708604,5.794928697287604,1,1553.227182562345,3,2,1,6.523580957704954,163.0398902367857,1,0,4,1.0,1.0,0.0,0.0,0.0,0.0,0.0,0.0,0.0,0.0,0.0,0.0,1.0,0.0,1.0,0.0
3,3,9.488298766523641,9.285591906536492,1,3022.3546254124126,2,1,0,9.584453212459715,18.241569711928165,1,1,5,1.0,1.0,0.0,0.0,0.0,0.0,0.0,0.0,0.0,0.0,0.0,1.0,0.0,0.0,0.0,0.0
4,2,8.711401018392497,6.382993956020368,2,615.9400937454978,1,3,3,7.319642464867133,187.0012795237069,0,0,3,0.0,0.0,0.0,0.0,1.0,0.0,0.0,0.0,0.0,0.0,0.0,1.0,1.0,1.0,1.0,0.0
0,4,4.0052219840272265,5.462563179303842,2,1061.4949606292507,3,2,2,3.4608869617993374,170.52342933262938,0,1,3,0.0,0.0,0.0,0.0,1.0,0.0,0.0,0.0,0.0,0.0,0.0,0.0,1.0,1.0,0.0,0.0
1,1,1.8417713617713547,7.219836842181479,2,1736.3866066627572,1,2,3,6.001556717218164,17.93781316523472,0,1,0,0.0,0.0,0.0,0.0,0.0,0.0,0.0,0.0,0.0,0.0,0.0,0.0,0.0,0.0,1.0,0.0
2,4,3.5212454886826587,6.3138484707108145,1,2289.0144841743213,2,1,3,10.558695976693963,125.95953234080928,1,0,4,1.0,0.0,0.0,0.0,0.0,0.0,0.0,0.0,0.0,0.0,0.0,0.0,1.0,0.0,0.0,0.0
3,4,8.5855183822891,8.741185118629978,0,515.3375393511209,2,0,0,4.594475404386381,57.73497617223501,0,1,5,1.0,1.0,0.0,0.0,0.0,0.0,0.0,0.0,0.0,0.0,0.0,1.0,0.0,1.0,0.0,0.0
3,1,6.902330568698944,9.942673709878166,3,2225.4430840021237,1,0,3,4.09598203395792,239.43666431639994,0,0,2,1.0,0.0,0.0,0.0,0.0,0.0,0.0,0.0,0.0,0.0,0.0,1.0,0.0,0.0,1.0,0.0
1,2,9.700248196926434,7.159446655995001,1,1635.4776189014015,4,3,3,11.477165611942386,273.9848323070178,1,0,2,0.0,0.0,0.0,0.0,0.0,0.0,0.0,0.0,0.0,0.0,0.0,1.0,1.0,0.0,1.0,1.0
3,0,4.0841291659339305,6.710493385917096,3,2390.00613109989,3,2,1,4.008731670669992,94.40335510225644,1,1,3,1.0,0.0,0.0,0.0,0.0,0.0,0.0,0.0,0.0,0.0,0.0,0.0,0.0,0.0,1.0,0.0
4,2,5.963249082624781,6.058212389883314,1,3220.921518767688,1,2,1,10.314012920585572,8.795683831825329,1,1,0,0.0,0.0,0.0,0.0,0.0,0.0,1.0,0.0,0.0,0.0,0.0,0.0,1.0,0.0,0.0,0.0
2,1,8.110343994744051,9.840032393620827,2,1822.6160348798003,0,0,2,2.1393686418665476,269.2963680078368,1,0,0,1.0,0.0,0.0,0.0,0.0,0.0,0.0,0.0,0.0,0.0,0.0,0.0,0.0,0.0,0.0,0.0
4,0,3.105927484586311,6.899699656028092,2,2163.735929898715,1,3,1,9.500699544928981,253.35669044645132,1,0,0,0.0,0.0,0.0,0.0,0.0,0.0,0.0,0.0,0.0,0.0,0.0,0.0,0.0,0.0,1.0,1.0
3,3,9.676809771936991,5.067981159616297,3,1888.3697554785717,2,1,4,7.383619804131532,239.05462100725367,0,1,0,1.0,1.0,0.0,0.0,0.0,0.0,0.0,0.0,0.0,0.0,0.0,1.0,0.0,0.0,0.0,0.0
1,3,6.331579052426334,9.815295432308057,0,855.5660096348204,2,2,0,1.4423589448671037,106.91364905941255,0,0,4,0.0,0.0,0.0,0.0,0.0,0.0,0.0,0.0,0.0,0.0,0.0,0.0,0.0,1.0,1.0,0.0
1,0,1.0710780698768787,9.765292755996143,2,2879.338963241361,2,1,0,0.767341987159432,23.911971077198658,1,1,3,0.0,0.0,0.0,0.0,0.0,0.0,0.0,0.0,0.0,0.0,0.0,0.0,0.0,0.0,0.0,0.0
3,1,1.2263794806521116,6.614350314010459,0,3155.587161721374,0,0,4,3.5796875342183365,292.461300402214,1,1,3,1.0,0.0,0.0,0.0,0.0,0.0,0.0,0.0,0.0,0.0,0.0,0.0,0.0,0.0,1.0,0.0
1,0,8.939944147614357,6.089116078197743,3,2934.399743850439,3,0,3,7.889472129810555,148.0231776704021,0,1,0,0.0,0.0,0.0,0.0,0.0,0.0,0.0,0.0,0.0,0.0,0.0,1.0,0.0,0.0,0.0,0.0
1,4,6.807533749849697,8.082624680131811,2,3342.789723056225,1,3,4,4.321364724613404,106.98336806843156,0,0,1,0.0,0.0,0.0,0.0,0.0,0.0,0.0,0.0,0.0,0.0,0.0,0.0,0.0,0.0,1.0,0.0
1,2,7.867652671574759,8.97354478471366,3,1904.085553390653,1,0,0,3.2538282880210017,233.16317339817738,0,1,5,0.0,0.0,0.0,0.0,0.0,0.0,0.0,0.0,0.0,0.0,0.0,1.0,0.0,0.0,0.0,0.0
3,0,8.056144008612172,6.991192793701165,1,2456.9652665082167,2,0,0,6.982368360867438,201.21033034204487,0,1,3,1.0,1.0,0.0,0.0,0.0,0.0,0.0,0.0,0.0,0.0,0.0,1.0,1.0,0.0,0.0,0.0
1,1,4.784137986256988,5.984877946318201,0,1005.0248149643235,4,1,4,11.430657418517779,12.559673730007159,0,1,0,0.0,0.0,0.0,0.0,0.0,0.0,0.0,0.0,0.0,0.0,0.0,0.0,1.0,1.0,1.0,1.0
3,5,8.187501215280717,5.808364065178081,2,3430.424363540783,0,3,4,1.4622327850778674,287.5193036921291,0,1,5,1.0,0.0,0.0,0.0,0.0,0.0,0.0,0.0,0.0,0.0,0.0,1.0,0.0,0.0,1.0,0.0
4,1,9.437792003312843,5.959592363286508,0,2241.662149621908,4,2,4,7.734975741596924,166.81911791216538,0,0,3,0.0,0.0,0.0,0.0,0.0,0.0,0.0,0.0,0.0,0.0,0.0,1.0,1.0,0.0,0.0,0.0
4,4,2.549539969926595,4.70819764073446,1,1284.9893243026386,3,3,4,10.948825853496839,56.47157065603191,0,1,2,0.0,0.0,0.0,0.0,0.0,0.0,1.0,1.0,0.0,0.0,0.0,0.0,1.0,1.0,1.0,1.0
4,2,7.877227595878185,8.671722618131252,1,2916.1228351066475,2,0,1,6.4932055148789525,4.790897934085125,1,1,3,0.0,0.0,0.0,0.0,0.0,0.0,1.0,0.0,0.0,0.0,0.0,1.0,0.0,0.0,0.0,0.0
0,1,3.7701280685400853,4.629759181114819,0,2259.4733516256947,0,3,0,11.570235360783204,165.6712701489744,1,1,2,0.0,0.0,0.0,0.0,0.0,0.0,0.0,0.0,0.0,0.0,0.0,0.0,1.0,0.0,1.0,1.0
2,1,3.893437027484685,6.389886969603117,0,3349.024945906473,3,0,1,7.174734954327112,178.2120743598337,1,1,4,1.0,0.0,0.0,0.0,0.0,0.0,0.0,0.0,0.0,0.0,0.0,0.0,1.0,0.0,0.0,0.0
1,0,4.714793659327476,9.009660022845189,2,2809.932137145935,3,0,4,8.071224485600254,29.88739575646645,1,1,1,0.0,0.0,0.0,0.0,0.0,0.0,0.0,0.0,0.0,0.0,0.0,0.0,0.0,0.0,0.0,0.0
4,4,8.773475679172769,6.4246353741514,3,3131.794469633591,2,1,2,9.495360343256666,163.47841736059755,0,1,2,0.0,0.0,0.0,0.0,0.0,0.0,0.0,0.0,0.0,0.0,0.0,0.0,0.0,0.0,0.0,1.0
3,2,1.1985046057904425,5.768570787555714,1,2139.9500266260047,4,1,0,2.396682982454793,129.51706525480202,0,0,1,1.0,0.0,0.0,0.0,0.0,0.0,0.0,0.0,0.0,0.0,0.0,0.0,1.0,0.0,0.0,0.0
1,2,4.905335861292375,9.689522342819604,1,2051.9252760363415,4,1,3,6.7223052683563065,131.28808014784585,0,0,1,0.0,0.0,0.0,0.0,0.0,0.0,0.0,0.0,0.0,0.0,0.0,0.0,0.0,0.0,0.0,0.0
2,0,7.120428846123435,4.759262521198064,0,2771.9794136320147,4,0,4,7.371161146841095,292.57849032488497,1,1,5,1.0,0.0,0.0,0.0,0.0,0.0,0.0,0.0,0.0,0.0,0.0,0.0,1.0,0.0,0.0,1.0
3,4,1.9937391245426976,9.309123416706846,2,815.0419264860656,1,1,0,1.4417719801640683,88.76571471960692,1,1,1,1.0,0.0,0.0,0.0,0.0,0.0,1.0,0.0,0.0,0.0,0.0,0.0,0.0,1.0,0.0,0.0
2,1,8.13028237315675,4.372460792420828,3,662.0947744506879,3,1,2,5.466141578498531,265.2481700928762,0,0,1,1.0,0.0,0.0,0.0,0.0,0.0,0.0,0.0,0.0,0.0,0.0,0.0,1.0,1.0,0.0,0.0
2,3,9.477123381076177,6.48117647711542,2,3451.1067382140714,0,2,3,9.248140449189204,103.35575788743628,1,0,2,1.0,1.0,0.0,0.0,0.0,0.0,0.0,0.0,0.0,0.0,0.0,1.0,1.0,0.0,1.0,0.0
0,5,1.8184133896928074,7.790326332987203,1,3248.886586120327,2,1,4,0.4884747948333863,53.85051109661902,0,1,0,0.0,0.0,0.0,0.0,0.0,0.0,0.0,0.0,0.0,0.0,0.0,0.0,0.0,0.0,1.0,0.0
2,4,2.376533240477903,6.2202303048500855,2,3366.98282373472,0,0,3,4.961904087159057,45.679796645853074,0,0,2,1.0,0.0,0.0,0.0,0.0,0.0,0.0,0.0,0.0,0.0,0.0,0.0,0.0,0.0,1.0,0.0
1,3,9.766875024515826,7.2076385257687505,3,687.0921904891874,1,2,1,1.7486117259752314,282.19141638229024,1,1,0,0.0,0.0,0.0,0.0,0.0,0.0,1.0,0.0,0.0,0.0,0.0,1.0,0.0,1.0,0.0,0.0
4,5,2.780700767071674,5.224009999523093,3,1307.9042357301464,3,2,4,2.108983170568366,6.987584612228304,1,1,1,0.0,0.0,0.0,0.0,1.0,0.0,1.0,0.0,0.0,0.0,0.0,0.0,0.0,0.0,1.0,0.0
4,1,1.7104570813288404,7.4142071048010205,0,3204.6271375820543,2,1,1,6.150894175140657,65.7481916178417,1,0,1,0.0,0.0,0.0,0.0,0.0,0.0,1.0,0.0,0.0,0.0,0.0,0.0,1.0,0.0,0.0,0.0
3,5,9.5697328275631,4.807352301395429,1,768.4387306283978,4,0,3,0.3537818261421384,102.1421928624013,1,1,5,1.0,0.0,0.0,0.0,0.0,1.0,0.0,0.0,0.0,0.0,0.0,1.0,1.0,1.0,0.0,0.0
0,3,9.03360438828522,8.776577896537457,3,1854.3035363251934,0,3,4,5.099480654253275,197.0399736174919,1,0,2,0.0,0.0,0.0,0.0,1.0,0.0,0.0,0.0,0.0,0.0,0.0,1.0,0.0,0.0,1.0,0.0
4,2,6.90152925459818,7.502739480652779,2,1523.874059335325,4,2,2,0.3084619338685384,112.74021240813722,0,0,0,0.0,0.0,0.0,0.0,0.0,0.0,0.0,0.0,0.0,0.0,0.0,0.0,0.0,0.0,0.0,0.0
1,1,5.9628783455879795,6.891592688913115,3,3139.551435501809,3,1,3,11.1067212492813,6.12407206727873,0,1,5,0.0,0.0,0.0,0.0,0.0,0.0,0.0,0.0,0.0,0.0,0.0,1.0,1.0,0.0,0.0,1.0
2,4,9.273094266724934,4.328000774998488,3,2054.228397011442,2,2,4,10.595447606393915,155.08790846671292,0,1,5,1.0,0.0,0.0,0.0,0.0,0.0,0.0,0.0,0.0,0.0,0.0,1.0,1.0,0.0,1.0,0.0
4,5,6.899680676002805,6.998646015500333,0,1371.1225466207115,0,1,3,2.539658716090807,265.3397067592102,0,1,0,0.0,0.0,0.0,0.0,0.0,0.0,0.0,0.0,0.0,1.0,0.0,0.0,1.0,1.0,1.0,0.0
4,4,6.92556993383563,7.381416582167442,2,2072.9035273640256,0,0,2,0.7896524184449749,265.9713100913199,0,1,0,0.0,0.0,0.0,0.0,0.0,0.0,1.0,0.0,0.0,0.0,0.0,1.0,0.0,0.0,0.0,0.0
0,0,8.593170077817577,5.5940050804429875,2,837.3386168365043,2,2,3,3.0076278705847366,297.47857364381974,1,1,0,0.0,0.0,0.0,0.0,1.0,0.0,1.0,0.0,0.0,0.0,0.0,1.0,1.0,1.0,1.0,0.0
1,2,6.8792110956317885,8.06554204544933,1,2693.608197669392,2,0,2,0.34070292487797627,102.71775892835768,0,1,1,0.0,0.0,0.0,0.0,0.0,0.0,0.0,0.0,0.0,0.0,0.0,0.0,0.0,0.0,0.0,0.0
3,4,5.533091983339098,4.4605908922811235,2,2355.012663379731,2,1,3,8.817465556588154,36.73884014596357,0,0,2,1.0,0.0,0.0,0.0,0.0,0.0,0.0,0.0,0.0,0.0,0.0,0.0,1.0,0.0,0.0,0.0
2,2,4.507493481086032,5.252134488690975,0,2302.1263431828056,1,2,0,6.886733161301801,20.86155990524604,0,1,4,1.0,1.0,0.0,0.0,0.0,0.0,0.0,0.0,0.0,0.0,0.0,0.0,1.0,0.0,0.0,0.0
1,4,5.528205035121167,8.425291103945412,1,1813.5330590252279,3,2,0,6.526074750126314,260.12750758900654,1,1,5,0.0,0.0,0.0,0.0,0.0,0.0,1.0,0.0,0.0,0.0,0.0,0.0,1.0,0.0,0.0,0.0
2,4,5.70230784178475,4.883333313556145,1,1382.7324592819723,3,3,2,10.22366662501605,224.46413695344364,1,1,5,1.0,0.0,0.0,0.0,0.0,0.0,1.0,1.0,0.0,0.0,0.0,0.0,1.0,0.0,0.0,1.0
4,0,4.247486930064266,5.473292917735696,1,696.1419582035643,1,2,0,9.711749505297007,188.27210718163983,0,1,5,0.0,0.0,0.0,0.0,1.0,0.0,1.0,0.0,0.0,0.0,0.0,0.0,1.0,1.0,0.0,1.0
1,3,5.033065680823114,7.905132087426305,2,3341.0975123841613,1,0,3,4.906578941615531,149.02810492285053,0,1,0,0.0,0.0,0.0,0.0,0.0,0.0,0.0,0.0,0.0,0.0,0.0,0.0,0.0,0.0,0.0,0.0
3,1,8.21684739577169,8.373050222866674,3,1749.6617646767045,2,2,0,7.324042704275481,137.20219855369442,0,1,5,1.0,1.0,0.0,0.0,0.0,0.0,0.0,0.0,0.0,0.0,0.0,0.0,0.0,0.0,0.0,1.0
3,2,4.74862031808299,4.3089355277405925,3,1987.7651118466576,3,3,2,5.301695198921333,148.18556790522985,0,1,3,1.0,0.0,0.0,0.0,0.0,0.0,0.0,0.0,0.0,0.0,0.0,0.0,1.0,0.0,1.0,0.0
4,2,1.2300378997188641,4.75953647951329,2,1627.3002643793043,2,2,0,7.488116396283229,109.15339145211777,1,0,0,0.0,0.0,0.0,0.0,0.0,0.0,1.0,0.0,0.0,0.0,0.0,0.0,1.0,1.0,0.0,0.0
1,4,3.5471738959646424,6.676708035059576,1,3463.6320520210334,0,2,4,1.8182982561011243,142.40314848859026,1,1,5,0.0,0.0,0.0,0.0,0.0,0.0,1.0,0.0,0.0,0.0,0.0,0.0,0.0,0.0,1.0,0.0
1,5,3.0856767768252835,7.556769668993178,3,2888.5160318560984,4,3,4,3.6009628350800122,63.098845008252134,1,0,4,0.0,0.0,0.0,0.0,0.0,0.0,0.0,0.0,0.0,0.0,0.0,0.0,0.0,0.0,1.0,0.0
2,2,8.142238106487715,6.722687406073665,3,787.2806743441074,1,2,0,3.0226031015490764,35.330385594618875,1,1,4,1.0,0.0,0.0,0.0,0.0,0.0,1.0,0.0,0.0,0.0,0.0,1.0,0.0,1.0,0.0,0.0
2,3,5.043637526246279,7.882419956870548,3,2324.5251941217884,3,3,1,2.009604166826573,63.388549449261625,1,0,3,1.0,0.0,0.0,0.0,0.0,0.0,0.0,0.0,0.0,0.0,0.0,0.0,0.0,0.0,1.0,0.0
2,3,3.5227948873161985,8.535957439131753,3,1953.9037209573116,0,2,4,4.966057058509275,291.2891947882152,0,1,4,1.0,0.0,0.0,0.0,0.0,0.0,0.0,0.0,0.0,0.0,0.0,0.0,0.0,0.0,1.0,1.0
3,3,8.296343954574622,9.697263085047414,3,2880.056105658922,1,0,2,8.71799277218281,297.2059478754355,1,1,0,1.0,0.0,0.0,0.0,0.0,0.0,1.0,0.0,0.0,0.0,0.0,1.0,0.0,0.0,0.0,0.0
3,3,1.1729512410095082,6.0992842787766826,3,3491.94803647056,2,0,4,4.752680074113519,225.45344055609166,0,1,3,1.0,0.0,0.0,0.0,0.0,0.0,0.0,0.0,0.0,0.0,0.0,0.0,1.0,0.0,1.0,0.0
1,4,2.5682575845809583,4.978628611026797,2,2732.920221807236,4,1,0,11.791627671916377,251.15736236486183,1,0,4,0.0,0.0,0.0,0.0,0.0,0.0,0.0,0.0,0.0,0.0,0.0,0.0,1.0,0.0,0.0,1.0
3,5,8.4425933745622,5.584504025729223,2,3094.78646241498,2,1,2,3.6250881315758763,31.069908361473708,1,1,5,1.0,1.0,0.0,0.0,0.0,0.0,0.0,0.0,0.0,0.0,0.0,1.0,1.0,0.0,0.0,0.0
1,4,5.955865548943623,4.8889866703107465,2,2007.9065070674453,0,3,4,11.377557384513057,36.90798230695802,1,1,4,0.0,0.0,0.0,0.0,0.0,0.0,0.0,0.0,0.0,0.0,0.0,1.0,1.0,0.0,1.0,1.0
2,0,7.962847971215323,6.365473851837496,1,1620.7939710828905,4,2,0,2.322644224446513,27.796392382044267,0,0,1,1.0,1.0,0.0,0.0,0.0,1.0,0.0,0.0,0.0,0.0,0.0,0.0,0.0,0.0,0.0,0.0
0,2,8.543584132858697,9.235403595409393,3,2429.839044516093,1,0,0,3.8492950330872686,18.958700372242397,0,1,3,0.0,0.0,0.0,0.0,0.0,0.0,0.0,0.0,0.0,0.0,0.0,1.0,0.0,0.0,0.0,0.0
1,2,9.477671397296856,6.082359381666139,2,2748.255241208292,1,1,3,1.968977627781861,224.20247912368842,0,1,1,0.0,0.0,0.0,0.0,0.0,0.0,0.0,0.0,0.0,0.0,0.0,1.0,0.0,0.0,0.0,0.0
4,3,1.570821393730042,4.892936213335581,2,1182.6017996120913,0,2,0,2.8549218076605287,16.920921611740358,1,1,1,0.0,0.0,0.0,0.0,0.0,0.0,1.0,0.0,0.0,0.0,0.0,0.0,1.0,1.0,1.0,0.0
2,3,8.193112689686249,7.135797292137816,2,2010.1624395793451,3,3,1,1.8853388450621344,284.7121691257098,1,1,3,1.0,0.0,0.0,0.0,0.0,0.0,0.0,0.0,0.0,0.0,0.0,1.0,0.0,0.0,0.0,0.0
3,4,7.378895333978514,9.95166289996084,0,841.3729603725956,2,2,4,7.497927734220109,196.21111352252493,1,0,1,1.0,1.0,0.0,0.0,0.0,0.0,0.0,0.0,0.0,0.0,0.0,0.0,0.0,1.0,1.0,0.0
0,2,2.8632304060890323,5.129087312012556,3,1149.0584398377032,1,0,4,2.407381805873195,51.262880036069916,0,0,1,0.0,0.0,0.0,0.0,1.0,0.0,0.0,0.0,0.0,0.0,0.0,0.0,1.0,0.0,0.0,0.0
3,1,9.385320397061108,8.66724971054033,2,3145.576670429691,3,0,0,1.021585825092541,245.2567737403001,1,0,3,1.0,0.0,0.0,0.0,0.0,1.0,0.0,0.0,0.0,0.0,0.0,1.0,0.0,0.0,0.0,0.0
1,2,4.637816922757528,8.940153661445816,3,934.1959478921789,0,1,2,3.1970487459320904,247.10812860985843,1,0,1,0.0,0.0,0.0,0.0,0.0,0.0,0.0,0.0,0.0,0.0,0.0,0.0,0.0,1.0,0.0,0.0
3,5,8.988494747093238,6.408030061006011,0,2934.0447554066363,2,1,3,8.140800818560656,169.1666347639327,0,1,0,1.0,1.0,0.0,0.0,0.0,0.0,0.0,0.0,0.0,0.0,0.0,1.0,1.0,0.0,0.0,0.0
4,1,6.446023341984329,7.71730863198715,0,1617.7872297591214,3,0,1,5.143575618506283,27.295196209580443,0,1,2,0.0,0.0,0.0,0.0,0.0,0.0,1.0,0.0,0.0,0.0,0.0,1.0,0.0,0.0,0.0,0.0
2,0,5.740731518868609,6.594240704507132,3,2490.564126631398,4,3,1,1.8738970126948549,120.23343934217954,0,0,0,1.0,0.0,0.0,0.0,0.0,0.0,0.0,0.0,0.0,0.0,0.0,1.0,0.0,0.0,0.0,0.0
0,5,2.4357154050638146,5.573961619239832,2,3230.9791149272155,3,0,2,0.7614022674654954,164.56119378339784,1,1,4,0.0,0.0,0.0,0.0,0.0,0.0,1.0,0.0,0.0,0.0,0.0,0.0,1.0,0.0,0.0,0.0
2,1,9.228948618585816,6.556712800434162,2,2842.6960402482746,2,0,3,8.752256477191072,223.1387202242698,1,0,4,1.0,0.0,0.0,0.0,0.0,0.0,0.0,0.0,0.0,0.0,0.0,1.0,1.0,0.0,0.0,1.0
0,3,6.009957166260215,4.5717408197804295,1,2977.8233593953705,0,0,0,8.449315958408647,89.55112044895375,0,0,5,0.0,0.0,0.0,0.0,0.0,0.0,0.0,0.0,0.0,0.0,0.0,0.0,1.0,0.0,0.0,0.0
2,4,1.054831649471357,8.241736681965357,2,1283.4472103100288,1,0,0,5.538296557329728,261.947144540197,1,0,0,1.0,0.0,0.0,0.0,0.0,0.0,0.0,0.0,0.0,0.0,0.0,0.0,0.0,1.0,0.0,0.0
0,1,1.164560869632549,8.975158189775826,2,1585.0238108811498,2,2,0,6.332987900549819,75.22139130268943,0,0,4,0.0,0.0,0.0,0.0,0.0,0.0,0.0,0.0,0.0,0.0,0.0,0.0,0.0,0.0,0.0,0.0
3,2,7.998693445162428,5.844399600222896,0,2698.3760616189766,2,3,1,2.885914326132619,299.45954723897677,0,1,0,1.0,0.0,0.0,0.0,0.0,0.0,0.0,0.0,0.0,0.0,0.0,1.0,1.0,0.0,0.0,0.0
1,1,2.4574271804055066,7.398860946279894,2,2831.703759863857,2,3,1,5.824041937065027,34.51659095927688,0,0,3,0.0,0.0,0.0,0.0,0.0,0.0,0.0,0.0,0.0,0.0,0.0,0.0,0.0,0.0,1.0,0.0
1,0,6.388645920653307,5.392891192236618,2,2870.1568028026354,3,3,2,8.74327937210321,249.88487988755412,0,1,1,0.0,0.0,0.0,0.0,0.0,0.0,0.0,0.0,0.0,0.0,0.0,1.0,1.0,0.0,1.0,1.0
0,0,7.129737657405823,4.7647627010368705,1,2720.3239442128647,4,2,1,9.25839140830172,39.66506434153859,1,1,4,0.0,0.0,0.0,0.0,0.0,0.0,0.0,0.0,0.0,0.0,0.0,0.0,1.0,0.0,0.0,1.0
4,1,3.5142903365364715,7.981711390672959,1,1194.8678337276347,2,2,3,4.085938456566188,227.79391566772816,1,0,0,0.0,0.0,0.0,0.0,0.0,0.0,1.0,0.0,0.0,0.0,0.0,0.0,0.0,0.0,1.0,0.0
4,2,6.123824275702712,4.804645579047474,3,1367.259920467784,0,1,1,8.146206670187965,258.6903685616522,0,0,0,0.0,0.0,0.0,0.0,1.0,0.0,0.0,0.0,0.0,0.0,0.0,1.0,1.0,0.0,0.0,1.0
4,3,3.1623287139016725,8.691874415237004,2,3326.123022692167,2,1,4,5.837813079932706,93.87555912680631,1,1,1,0.0,0.0,0.0,0.0,0.0,0.0,1.0,0.0,0.0,0.0,0.0,0.0,0.0,0.0,0.0,0.0
0,0,9.516838846311554,5.630527292505544,1,2161.581145235982,1,3,1,8.872029760927617,30.400178150658874,1,0,2,0.0,0.0,0.0,0.0,0.0,0.0,0.0,0.0,0.0,0.0,0.0,1.0,1.0,0.0,1.0,1.0
1,5,8.741531407142503,8.911080358015964,2,2763.3512038321196,2,0,1,8.289367827689254,299.9727475568823,1,0,4,0.0,0.0,0.0,0.0,0.0,0.0,0.0,0.0,0.0,0.0,0.0,0.0,0.0,0.0,0.0,1.0
4,4,3.5923851234772224,6.211027446342562,0,2297.5870386782644,2,3,4,9.004280386742067,291.31567277782193,0,0,1,0.0,0.0,0.0,0.0,0.0,0.0,0.0,0.0,0.0,0.0,0.0,0.0,1.0,0.0,1.0,1.0
2,0,5.759330418553057,6.213055555857909,1,3273.505595740454,2,3,3,1.9786005121811234,227.0463276170761,1,0,4,1.0,0.0,0.0,0.0,0.0,0.0,0.0,0.0,0.0,0.0,0.0,1.0,1.0,0.0,1.0,0.0
0,5,5.505695714385151,8.503436564034907,2,3106.3454542889504,2,0,0,3.8654648878856572,115.94710855723763,0,1,2,0.0,0.0,0.0,0.0,0.0,0.0,0.0,0.0,0.0,0.0,0.0,0.0,0.0,0.0,0.0,0.0
0,0,9.640209321550666,7.061594647812827,1,1284.1243740668717,1,0,0,3.179804929498604,40.32019320689314,1,1,0,0.0,0.0,0.0,0.0,1.0,0.0,0.0,0.0,0.0,0.0,0.0,1.0,1.0,1.0,0.0,0.0
1,3,4.546259021654686,5.205864558459243,0,3154.1284158676663,0,1,0,5.3648262493535785,125.41508754335247,1,1,5,0.0,0.0,0.0,0.0,0.0,0.0,1.0,0.0,0.0,0.0,0.0,0.0,1.0,0.0,1.0,0.0
4,2,6.060047991594101,9.10245128832061,2,1400.1180763409393,4,3,3,5.578949517463283,216.1027732605955,1,0,3,0.0,0.0,0.0,0.0,0.0,0.0,1.0,0.0,0.0,0.0,0.0,0.0,0.0,0.0,1.0,0.0
0,3,9.358359353986934,6.040919255414558,3,1822.941354291985,2,1,3,8.007686382649958,45.70919079320349,0,0,5,0.0,0.0,0.0,0.0,0.0,0.0,0.0,0.0,0.0,0.0,0.0,1.0,1.0,0.0,1.0,0.0
4,5,2.4652994605890233,4.616660565030409,1,3053.700734356709,1,3,4,6.835285608172307,5.040112599564317,1,1,0,0.0,0.0,0.0,0.0,0.0,0.0,1.0,0.0,0.0,0.0,0.0,0.0,1.0,0.0,1.0,0.0
3,5,5.954370429505042,6.496006269537266,3,1472.0572260170213,4,2,1,6.9584984760304245,271.21057764078427,0,0,2,1.0,0.0,0.0,0.0,0.0,0.0,0.0,0.0,0.0,0.0,0.0,1.0,0.0,1.0,1.0,1.0
4,1,1.9510562832564666,7.443770579018073,3,1372.3157545624986,0,0,0,7.595818079676232,209.99695647388918,0,0,1,0.0,0.0,0.0,0.0,0.0,0.0,0.0,0.0,0.0,0.0,0.0,0.0,0.0,1.0,0.0,0.0
4,3,6.5574903863665055,7.659312003634585,2,2505.97054818776,1,2,2,3.2746764689834325,208.1520386169873,1,0,3,0.0,0.0,0.0,0.0,0.0,0.0,1.0,0.0,0.0,0.0,0.0,0.0,0.0,0.0,1.0,0.0
1,5,4.291148830483042,9.01364707182292,3,3499.0290872419278,3,2,0,2.7135794374764743,284.1557271466094,0,0,4,0.0,0.0,0.0,0.0,0.0,0.0,0.0,0.0,0.0,0.0,0.0,0.0,0.0,0.0,0.0,0.0
4,4,9.708724658616406,7.248440942760848,1,893.1709432743444,2,3,0,2.58226264935372,156.2116017016651,1,0,5,0.0,0.0,0.0,0.0,1.0,0.0,1.0,0.0,0.0,1.0,0.0,1.0,0.0,1.0,0.0,0.0
0,5,4.738682630336736,5.3422628984041,3,2603.181939559109,4,3,3,9.353378862704371,95.42308625840795,0,1,5,0.0,0.0,0.0,0.0,0.0,0.0,0.0,0.0,1.0,0.0,0.0,0.0,0.0,0.0,1.0,0.0
1,2,2.2256887378753616,5.569997984415449,0,2080.8661637156547,1,2,1,1.167140511623801,272.8276935954791,0,0,1,0.0,0.0,0.0,0.0,0.0,0.0,0.0,0.0,0.0,0.0,0.0,0.0,1.0,0.0,0.0,0.0
1,1,8.505999648355637,4.605043529766416,1,1731.8524709261103,3,3,4,3.7931124700518777,295.74347131625217,1,1,1,0.0,0.0,0.0,0.0,0.0,0.0,0.0,0.0,0.0,0.0,0.0,1.0,1.0,0.0,1.0,0.0
0,3,8.387800222806227,8.41554573541757,2,2749.576249123448,2,0,2,3.3632756804728685,6.137976065333328,1,0,4,0.0,0.0,0.0,0.0,0.0,0.0,0.0,0.0,0.0,0.0,0.0,1.0,0.0,0.0,0.0,0.0
0,4,7.25373657588506,4.635649278998548,0,2164.5089882288275,2,2,3,7.103109047734614,99.20186338899303,0,1,4,0.0,0.0,0.0,0.0,0.0,0.0,0.0,0.0,0.0,0.0,0.0,1.0,1.0,0.0,1.0,0.0
0,5,7.739306216958052,7.6348757936487734,3,2893.433444124188,2,2,4,11.090299014637353,108.72168158920573,1,0,1,0.0,0.0,0.0,0.0,0.0,0.0,0.0,0.0,1.0,0.0,0.0,1.0,0.0,0.0,1.0,1.0
0,4,3.3824369592046617,7.581684364279679,3,2731.5618342472494,4,0,2,10.543135805323875,33.368342267493624,1,1,2,0.0,0.0,0.0,0.0,0.0,0.0,1.0,0.0,0.0,0.0,0.0,0.0,0.0,0.0,0.0,0.0
1,4,6.778481503805032,8.713021341852148,0,3455.3569518038844,3,2,1,1.264647857428029,66.47197587627983,0,0,1,0.0,0.0,0.0,0.0,0.0,0.0,0.0,0.0,0.0,0.0,0.0,0.0,0.0,0.0,1.0,0.0
0,3,1.3421788408485427,4.447778198112527,3,2932.5975455901385,1,2,3,6.482522734087765,7.337279035254007,0,1,4,0.0,0.0,0.0,0.0,0.0,0.0,0.0,0.0,0.0,0.0,0.0,0.0,1.0,0.0,1.0,0.0
0,1,2.7720112950103113,5.217468061067028,0,700.3993922857906,2,1,4,0.44636868028464294,208.9248470970449,1,1,0,0.0,0.0,0.0,0.0,1.0,0.0,0.0,0.0,0.0,0.0,0.0,0.0,1.0,1.0,1.0,0.0
4,2,9.39051502797778,9.457374262138831,0,2838.737886632376,2,2,1,9.508874081376137,32.071545063248706,1,0,3,0.0,0.0,0.0,0.0,0.0,0.0,1.0,0.0,0.0,0.0,0.0,1.0,0.0,0.0,1.0,0.0
0,2,7.653117673743928,7.433420976772073,3,2449.1096606238525,3,2,4,4.496618487661851,266.28827374538497,0,0,2,0.0,0.0,0.0,0.0,0.0,0.0,0.0,0.0,0.0,0.0,0.0,1.0,0.0,0.0,1.0,0.0
0,4,3.0760528689033206,6.746141278660471,2,769.3710506808354,2,2,4,2.57837743269874,175.1926365795161,0,1,3,0.0,0.0,0.0,0.0,1.0,0.0,0.0,0.0,0.0,0.0,0.0,0.0,1.0,1.0,1.0,0.0
0,3,2.002447805673593,8.48605759277369,3,2316.467685554281,2,1,0,5.809223056697034,106.84771390374502,0,0,5,0.0,0.0,0.0,0.0,0.0,0.0,0.0,0.0,0.0,0.0,0.0,0.0,0.0,0.0,0.0,0.0
0,4,9.540275003816514,9.41518270653495,1,2752.4108017026183,2,1,4,5.22123987361982,242.66611366223586,0,1,4,0.0,0.0,0.0,0.0,0.0,0.0,0.0,0.0,0.0,0.0,0.0,1.0,0.0,0.0,1.0,0.0
2,0,2.009688994541195,5.578057821697294,2,1091.5835397331666,1,2,0,11.317540225863887,195.20112492650034,1,1,5,1.0,0.0,0.0,0.0,0.0,0.0,1.0,0.0,0.0,0.0,0.0,0.0,0.0,1.0,0.0,1.0
4,4,3.3136304324252337,9.40885377286806,0,1804.7349439207303,2,3,4,0.39824055347533394,225.90684141457683,0,1,4,0.0,0.0,0.0,0.0,0.0,0.0,0.0,1.0,0.0,0.0,0.0,0.0,0.0,0.0,1.0,0.0
3,3,2.643705936995114,4.652167756244522,2,2127.4588647317237,4,1,4,11.399809850359869,263.33291061512153,0,1,2,1.0,0.0,0.0,0.0,0.0,0.0,0.0,0.0,0.0,0.0,0.0,0.0,1.0,0.0,0.0,1.0
2,5,1.0671743837059116,9.866098286379268,3,1739.458155787519,4,2,4,2.812454926046052,242.29950984723035,1,0,5,1.0,0.0,0.0,0.0,0.0,0.0,0.0,1.0,0.0,0.0,0.0,0.0,0.0,0.0,1.0,0.0
0,2,3.827212966882396,4.989110950597661,2,3128.0144088538227,0,3,1,1.7403859369167742,233.74277497393302,0,1,3,0.0,0.0,0.0,0.0,0.0,0.0,0.0,0.0,0.0,0.0,0.0,0.0,1.0,0.0,1.0,0.0
3,2,9.767609844388863,5.597418211613764,3,1006.7096162706886,1,1,4,8.901885690797261,218.95303391224908,0,1,2,1.0,1.0,0.0,0.0,0.0,0.0,0.0,0.0,0.0,0.0,0.0,1.0,0.0,1.0,1.0,0.0
0,0,4.077129752284208,4.579563640549847,1,2814.6666576705647,3,3,2,6.270923151200418,113.24652247603743,1,1,5,0.0,0.0,0.0,0.0,0.0,0.0,0.0,0.0,0.0,0.0,0.0,0.0,1.0,0.0,1.0,0.0
3,4,5.538743915209963,8.822059041319601,3,2834.273577614198,0,1,0,10.747768891950452,195.54934228008165,0,0,5,1.0,0.0,0.0,0.0,0.0,0.0,0.0,0.0,0.0,0.0,0.0,0.0,0.0,0.0,1.0,1.0
2,4,7.713422055296032,9.905392372250073,2,1844.0898826779776,3,1,4,6.511645206318011,169.70966499754022,1,0,2,1.0,0.0,0.0,0.0,0.0,0.0,0.0,0.0,0.0,0.0,0.0,1.0,0.0,0.0,1.0,0.0
4,5,5.959720918712945,5.781859051418609,0,2118.4339757029393,2,1,4,6.065611337185722,289.03376595129674,1,1,4,0.0,0.0,0.0,0.0,0.0,0.0,1.0,0.0,0.0,0.0,0.0,1.0,1.0,0.0,1.0,0.0
1,0,7.692323566710759,5.953671762410763,1,960.6873479388574,0,0,1,2.473942543042177,150.2806600335035,0,1,2,0.0,0.0,0.0,0.0,0.0,0.0,0.0,0.0,0.0,0.0,0.0,0.0,1.0,1.0,0.0,0.0
3,1,6.954722813714637,5.673879420280016,1,1085.4727163619618,2,1,1,11.397285448453966,66.54534605332107,1,0,2,1.0,1.0,0.0,0.0,0.0,0.0,0.0,0.0,0.0,0.0,0.0,0.0,1.0,0.0,0.0,1.0
2,5,6.477067206991133,4.928968601289551,0,2094.9944363063532,2,1,2,7.973882620050015,137.31850637090415,0,1,3,1.0,0.0,0.0,0.0,0.0,0.0,0.0,0.0,0.0,0.0,0.0,1.0,1.0,0.0,0.0,0.0
2,0,6.846840164905706,8.724665300432155,3,1174.0423488004749,3,0,1,7.218824656414389,124.39503339765054,1,1,3,1.0,0.0,0.0,0.0,0.0,0.0,1.0,0.0,0.0,0.0,0.0,1.0,0.0,1.0,0.0,0.0
4,3,8.19247925870426,4.364319040054735,0,2919.3961538857684,4,3,3,9.480668980060873,140.55490846569052,0,0,5,0.0,0.0,0.0,0.0,0.0,0.0,0.0,0.0,0.0,0.0,0.0,1.0,1.0,0.0,0.0,1.0
3,2,7.391722553209937,9.806644782845696,2,2348.654250146073,4,2,1,1.2152518428437413,174.30912903346916,1,0,5,1.0,0.0,0.0,0.0,0.0,0.0,0.0,0.0,0.0,0.0,0.0,0.0,0.0,0.0,0.0,0.0
2,5,8.125974286346723,9.56389314705429,3,669.73603521321,2,0,1,10.396961357614089,284.40675152788475,0,1,4,1.0,0.0,0.0,0.0,0.0,0.0,0.0,1.0,0.0,0.0,0.0,1.0,0.0,1.0,0.0,1.0
2,5,2.310378744551782,4.710634511705479,1,1573.630005014925,3,0,1,6.005792529985362,84.32409856471558,1,0,3,1.0,0.0,0.0,0.0,0.0,0.0,0.0,0.0,0.0,0.0,0.0,0.0,1.0,1.0,0.0,0.0
3,5,7.099063594394863,7.177143107262895,2,3075.2777941047334,3,3,3,9.62655670520146,290.7386446157,0,1,0,1.0,0.0,0.0,0.0,0.0,0.0,0.0,0.0,0.0,0.0,0.0,0.0,0.0,0.0,1.0,1.0
1,1,7.633197210929798,9.957108151866022,2,1332.3321441008616,4,1,2,8.55156984381512,233.874786931428,0,0,2,0.0,0.0,0.0,0.0,0.0,0.0,0.0,0.0,0.0,0.0,0.0,1.0,0.0,0.0,0.0,0.0
0,3,3.6996978924715105,9.115715494290558,3,2659.1536662475187,3,1,0,5.415118921354957,54.87627803008901,0,1,0,0.0,0.0,0.0,0.0,0.0,0.0,0.0,0.0,0.0,0.0,0.0,0.0,0.0,0.0,0.0,0.0
2,4,8.871195950589541,8.290802355751357,0,781.4004139881098,1,0,2,9.23651788655873,84.13218196212644,0,1,0,1.0,1.0,0.0,0.0,0.0,0.0,0.0,0.0,0.0,0.0,0.0,1.0,0.0,1.0,0.0,0.0
0,5,3.7424044297243038,4.134765672645411,1,3291.600961848124,1,3,3,8.648293690703166,272.79757492618955,1,0,3,0.0,0.0,0.0,0.0,0.0,0.0,0.0,0.0,0.0,0.0,0.0,0.0,1.0,0.0,1.0,1.0
0,0,3.1944890743884757,4.410264672209449,2,1848.0370440013812,1,1,0,0.04466259438772413,240.40292447981565,0,0,1,0.0,0.0,0.0,0.0,0.0,0.0,0.0,0.0,0.0,0.0,0.0,0.0,1.0,0.0,0.0,0.0
2,5,8.803871339324601,8.764102590656154,0,1974.6969067752482,0,2,1,8.510969258362579,43.008239804647616,1,0,0,1.0,1.0,0.0,0.0,0.0,0.0,0.0,1.0,0.0,0.0,0.0,0.0,0.0,0.0,1.0,0.0
3,2,3.2231785430478403,6.258669125145812,3,2209.490393687509,1,1,1,6.105464382855191,175.3705759431009,0,1,1,1.0,0.0,0.0,0.0,0.0,0.0,0.0,0.0,0.0,0.0,0.0,0.0,0.0,0.0,0.0,0.0
3,0,4.739522161886201,8.010591264754286,2,1590.297018800375,2,3,4,10.073650263395777,83.0979772813484,0,0,0,1.0,0.0,0.0,0.0,0.0,0.0,0.0,0.0,0.0,0.0,0.0,0.0,0.0,0.0,1.0,1.0
1,3,4.31130547033137,8.435089762258947,0,2675.8559036052848,3,1,1,9.715733533561863,188.92510292260394,1,1,0,0.0,0.0,0.0,0.0,0.0,0.0,1.0,0.0,0.0,0.0,0.0,0.0,0.0,0.0,0.0,1.0
2,4,9.082556403024451,6.533105065150535,0,543.7506971189327,1,3,4,2.047782168240652,52.07460223949513,0,0,2,1.0,1.0,0.0,0.0,0.0,0.0,0.0,1.0,0.0,0.0,0.0,1.0,0.0,1.0,1.0,0.0
0,0,5.097121644591678,4.860290504204677,0,986.6128029346328,0,2,3,0.26110401154065155,105.57387466857332,1,1,4,0.0,0.0,0.0,0.0,1.0,0.0,0.0,0.0,0.0,0.0,0.0,1.0,1.0,1.0,1.0,0.0
3,0,7.24878039966594,6.320167018475271,2,1066.4627528303809,0,1,4,2.3559051391352863,116.55854178142717,1,0,4,1.0,0.0,0.0,0.0,0.0,0.0,0.0,0.0,0.0,0.0,0.0,1.0,0.0,1.0,1.0,0.0
1,5,8.14635014179446,9.226290653911628,2,2406.02055179839,0,1,2,8.893503254394627,161.3126275524812,1,0,2,0.0,0.0,0.0,0.0,0.0,0.0,0.0,0.0,0.0,0.0,0.0,1.0,0.0,0.0,0.0,0.0
3,5,6.651132226724586,5.986514674191873,1,3171.8024437263853,2,2,1,10.456216665933182,71.79509271197072,1,0,4,1.0,1.0,0.0,0.0,0.0,0.0,0.0,0.0,1.0,0.0,1.0,0.0,1.0,0.0,1.0,0.0
4,0,9.493250484924232,4.375896655567439,2,690.9192244439996,2,2,3,8.406888195172282,218.32390573140518,0,0,0,0.0,0.0,0.0,0.0,1.0,0.0,0.0,0.0,0.0,1.0,0.0,1.0,1.0,1.0,1.0,0.0
3,5,8.222567763304074,9.75478850310869,1,3057.3757999173554,1,2,0,9.847052343125291,242.78001396662484,0,1,0,1.0,1.0,0.0,0.0,0.0,0.0,0.0,0.0,0.0,0.0,0.0,1.0,0.0,0.0,1.0,1.0
1,5,4.601859649073768,8.08406145384321,1,2958.54078725759,1,0,3,7.04689051637744,191.99690726312875,1,1,1,0.0,0.0,0.0,0.0,0.0,0.0,0.0,0.0,0.0,0.0,0.0,0.0,0.0,0.0,1.0,0.0
4,5,9.557306589319149,7.2451405116253955,0,729.8769864859399,2,1,1,6.078248120879689,270.92445161324855,1,0,3,0.0,0.0,0.0,0.0,0.0,0.0,1.0,1.0,0.0,0.0,0.0,1.0,0.0,1.0,1.0,0.0
3,1,5.721173499442007,8.974644080087426,0,929.6852713367566,3,1,3,11.644368283269596,237.14855783803358,0,1,0,1.0,1.0,0.0,0.0,0.0,0.0,0.0,0.0,0.0,0.0,0.0,1.0,0.0,1.0,0.0,1.0
3,3,1.203195906504063,6.466964068582575,2,1550.1359726914575,0,2,2,0.9670819020992374,13.204327491916622,0,0,0,1.0,0.0,0.0,0.0,0.0,0.0,0.0,0.0,0.0,0.0,0.0,0.0,0.0,0.0,1.0,0.0
4,5,3.340119516876071,9.910694764063571,2,844.0088430652854,4,0,1,5.056251219840078,25.41636946938739,0,0,3,0.0,0.0,0.0,0.0,1.0,0.0,0.0,1.0,0.0,0.0,0.0,0.0,0.0,1.0,0.0,0.0
4,5,6.595566283335399,9.145438416386941,0,2774.8584053014506,1,0,2,3.336686792506374,197.9905872752038,1,0,2,0.0,0.0,0.0,0.0,0.0,0.0,1.0,0.0,0.0,0.0,0.0,1.0,0.0,0.0,1.0,0.0
0,3,2.4113341209199306,5.6832684499359445,0,2012.2079412934634,0,1,2,1.4646116918372316,216.56264410586738,0,0,2,0.0,0.0,0.0,0.0,1.0,0.0,0.0,0.0,0.0,0.0,0.0,0.0,1.0,0.0,0.0,0.0
4,1,6.256612404038833,6.226287923065839,1,1732.2938248595608,0,1,3,7.266923971178059,290.3714822636888,1,0,2,0.0,0.0,0.0,0.0,0.0,0.0,0.0,0.0,0.0,0.0,0.0,0.0,1.0,0.0,0.0,0.0
3,0,4.254382200767768,5.654457785190674,2,2674.842875779374,2,2,2,3.1590045242831866,0.9997628174896578,1,0,5,1.0,0.0,0.0,0.0,0.0,0.0,0.0,0.0,0.0,0.0,0.0,0.0,1.0,0.0,0.0,0.0
1,1,5.8094693205244665,7.956045057089432,2,1378.6861191927992,2,0,0,5.5555745542458626,71.0881528111828,0,1,0,0.0,0.0,0.0,0.0,0.0,0.0,0.0,0.0,0.0,0.0,0.0,0.0,0.0,0.0,0.0,0.0
1,0,1.0168736308592758,7.835991586404427,2,3114.5942453439816,0,3,0,1.6390632982538924,249.5252860360661,1,0,3,0.0,0.0,0.0,0.0,0.0,0.0,0.0,0.0,0.0,0.0,0.0,0.0,0.0,0.0,1.0,0.0
3,1,8.635792192018286,7.135035241076302,0,2461.900216042425,2,1,3,4.679838132716566,267.46007197486017,0,1,4,1.0,1.0,0.0,0.0,0.0,0.0,0.0,0.0,0.0,0.0,0.0,1.0,1.0,0.0,0.0,0.0
1,0,4.2573293899797555,9.795042247436985,1,1539.5159361356755,1,2,4,2.4030581314211825,139.32965919195246,1,1,4,0.0,0.0,0.0,0.0,0.0,0.0,0.0,0.0,0.0,0.0,0.0,0.0,0.0,0.0,1.0,0.0
2,4,2.2614259085015775,6.833651729066139,3,2119.6180709645896,4,3,2,10.763244991284676,145.12663945507657,0,1,0,1.0,0.0,0.0,0.0,0.0,0.0,0.0,0.0,0.0,0.0,0.0,0.0,0.0,0.0,1.0,0.0
3,3,4.941242713045719,8.702334365179393,2,1278.3454282831751,1,1,0,6.268753911289075,256.08580252453925,1,0,2,1.0,0.0,0.0,0.0,0.0,0.0,0.0,0.0,0.0,0.0,0.0,0.0,0.0,0.0,0.0,0.0
3,3,5.3755956413995065,7.948570703060019,3,3454.9422222850044,4,1,0,9.594523020785282,137.99060402434023,1,0,5,1.0,0.0,0.0,0.0,0.0,0.0,0.0,0.0,0.0,0.0,0.0,0.0,0.0,0.0,0.0,0.0
4,4,6.7366243944657,7.1091096408680094,2,1806.8129799271353,2,1,4,5.8287159880449115,236.22849396121458,1,1,4,0.0,0.0,0.0,0.0,0.0,0.0,1.0,0.0,0.0,1.0,0.0,0.0,0.0,0.0,1.0,0.0
0,2,5.721061963170517,4.25257064326839,3,3190.3224580561277,4,2,3,0.5086117313793479,284.61904043591653,0,1,5,0.0,0.0,0.0,0.0,0.0,0.0,0.0,0.0,0.0,0.0,0.0,1.0,0.0,0.0,0.0,0.0
1,2,1.3917122386035636,7.9449701429207895,2,3434.0613718240197,2,3,0,8.334642717291516,78.55387049725803,0,0,4,0.0,0.0,0.0,0.0,0.0,0.0,0.0,0.0,0.0,0.0,0.0,0.0,0.0,0.0,0.0,0.0
4,1,8.843610898699882,7.855570505657353,2,2107.377379921699,0,2,1,0.5738811846807281,82.31997333368247,1,1,0,0.0,0.0,0.0,0.0,0.0,0.0,1.0,0.0,0.0,1.0,0.0,1.0,0.0,0.0,1.0,0.0
2,2,5.108580386082652,4.749243967555289,2,2689.986710291046,3,0,3,4.740485143088291,281.58081186612526,1,0,5,1.0,0.0,0.0,0.0,0.0,0.0,0.0,0.0,0.0,0.0,0.0,0.0,1.0,0.0,0.0,0.0
1,1,1.6928899527970804,8.775489852163995,1,2216.740360823625,2,3,3,6.563272255907657,127.28978768568757,1,0,5,0.0,0.0,0.0,0.0,0.0,0.0,0.0,0.0,0.0,0.0,0.0,0.0,0.0,0.0,1.0,0.0
1,3,7.955454128762666,6.801964500670253,1,774.7028983421653,4,0,1,9.357939785898651,4.718140904911639,0,1,3,0.0,0.0,0.0,0.0,0.0,0.0,0.0,0.0,0.0,0.0,0.0,1.0,1.0,1.0,0.0,0.0
1,5,6.941389769047614,5.944876086428852,0,3357.2541578520622,1,1,3,10.783197199265386,150.74691990139817,0,1,0,0.0,0.0,0.0,0.0,0.0,0.0,0.0,0.0,0.0,0.0,1.0,1.0,1.0,0.0,0.0,1.0
2,3,6.844939954922996,8.943756315075795,1,1869.909353045794,0,0,4,2.4577653727252415,185.02804452164642,0,1,5,1.0,1.0,0.0,0.0,0.0,0.0,0.0,0.0,0.0,0.0,0.0,0.0,0.0,0.0,0.0,0.0
1,1,4.842226015620049,6.060225756986942,0,3182.1893706845885,0,0,4,7.962865782551557,73.42132983002078,0,0,5,0.0,0.0,0.0,0.0,0.0,0.0,0.0,0.0,0.0,0.0,0.0,0.0,1.0,0.0,0.0,0.0
3,4,4.694473563588895,7.731104747702958,1,2466.8160378156854,3,3,4,5.642744682729184,218.2231155869904,1,0,5,1.0,0.0,0.0,0.0,0.0,0.0,0.0,0.0,0.0,0.0,0.0,0.0,0.0,0.0,1.0,0.0
2,4,5.827047727486085,7.707488808738954,3,815.5726731023568,1,0,1,9.210188504080813,69.88279363335248,1,1,1,1.0,0.0,0.0,0.0,0.0,0.0,1.0,0.0,0.0,0.0,0.0,0.0,0.0,1.0,0.0,0.0
3,2,1.4553497160919293,4.316835895439602,1,1751.1589128989394,3,3,0,11.278125027966645,35.89479718555254,0,0,5,1.0,0.0,0.0,0.0,0.0,0.0,0.0,0.0,0.0,0.0,0.0,0.0,1.0,0.0,0.0,1.0
0,1,3.6906198779612875,6.537001783448296,2,1087.5444640874593,0,2,1,6.3956053695108,74.80970265466507,0,1,0,0.0,0.0,0.0,0.0,1.0,0.0,0.0,0.0,0.0,0.0,0.0,0.0,1.0,0.0,0.0,0.0
3,4,9.891047562061361,5.336672499591739,1,1009.5795934626796,0,1,0,3.441252178324972,160.17295427207415,1,0,3,1.0,0.0,0.0,0.0,0.0,0.0,0.0,0.0,0.0,0.0,0.0,1.0,1.0,1.0,0.0,0.0
4,1,6.9597324021526825,5.1974239714063355,3,2645.2662310501823,3,3,2,9.582110367111909,256.7364527015206,1,1,4,0.0,0.0,0.0,0.0,0.0,0.0,1.0,0.0,0.0,0.0,0.0,0.0,1.0,0.0,0.0,1.0
0,5,4.7704074887558985,7.929771331763259,0,590.0599619643848,1,0,3,6.320830566304123,158.79965836984704,0,1,1,0.0,0.0,0.0,0.0,1.0,0.0,0.0,1.0,0.0,0.0,0.0,0.0,0.0,1.0,0.0,0.0
1,1,3.0012679264640774,4.068459971714522,3,3398.421706681938,2,2,1,10.587340743094417,254.6956564076805,1,0,5,0.0,0.0,0.0,0.0,0.0,0.0,0.0,0.0,0.0,0.0,0.0,0.0,0.0,0.0,1.0,1.0
3,2,7.706884257102101,9.814473869286978,2,1849.770127838253,0,3,0,6.79287767323272,19.25591674410211,0,1,3,1.0,1.0,0.0,0.0,0.0,0.0,0.0,0.0,0.0,0.0,0.0,0.0,0.0,0.0,1.0,0.0
3,4,3.3426127873557223,6.372346036028927,3,1969.2730431761956,0,1,2,11.24547544326995,111.77592444716113,1,0,0,1.0,0.0,0.0,0.0,0.0,0.0,0.0,0.0,0.0,0.0,0.0,0.0,0.0,0.0,0.0,1.0
3,0,2.461330934616658,5.792821170669431,0,1398.286687913464,0,1,0,0.21043942562811768,130.55354853238325,0,1,5,1.0,0.0,0.0,0.0,0.0,0.0,0.0,0.0,0.0,0.0,0.0,0.0,1.0,0.0,1.0,0.0
2,1,2.3906341021085855,9.519846399624743,3,756.8482184372843,1,0,1,8.867505951251509,240.51771836551617,0,1,0,1.0,0.0,0.0,0.0,0.0,0.0,0.0,0.0,0.0,0.0,0.0,0.0,0.0,1.0,0.0,1.0
3,0,7.563369512482592,6.92003285264107,3,2264.7280350845144,1,0,4,4.158455500104127,183.19404413260736,1,1,5,1.0,0.0,0.0,0.0,0.0,0.0,0.0,0.0,0.0,0.0,0.0,0.0,0.0,0.0,1.0,0.0
3,2,6.785292288598456,7.685951508911666,1,1534.263495516284,1,0,4,8.023444489417223,235.51098968428653,0,0,5,1.0,0.0,0.0,0.0,0.0,0.0,0.0,0.0,0.0,0.0,0.0,0.0,0.0,0.0,0.0,0.0
0,3,1.6282548943410755,8.17510449182177,2,2372.2178481332508,1,1,3,11.308161224087053,101.56702353892607,0,1,5,0.0,0.0,0.0,0.0,0.0,0.0,0.0,0.0,0.0,0.0,0.0,0.0,0.0,0.0,0.0,0.0
3,1,2.0353853382598226,9.22846764090678,2,2167.309423422061,2,2,1,7.846934125943589,280.20983176494576,0,1,1,1.0,0.0,0.0,0.0,0.0,0.0,0.0,0.0,0.0,0.0,0.0,0.0,0.0,0.0,0.0,1.0
2,2,6.704621806182194,4.778451938902337,0,1150.732540428184,4,1,0,8.939824511745316,244.09695711966185,1,0,2,1.0,1.0,0.0,0.0,0.0,0.0,0.0,0.0,0.0,0.0,0.0,0.0,1.0,0.0,0.0,0.0
0,4,6.140044916849431,4.489919074552142,2,1884.9617672228856,0,2,3,1.896605407634567,274.6456644820229,1,1,4,0.0,0.0,0.0,0.0,0.0,0.0,1.0,0.0,0.0,0.0,0.0,0.0,1.0,0.0,1.0,0.0
2,5,7.173991543346321,9.962264706008435,2,1424.189028168756,4,1,2,2.0462165622923827,78.83882053556623,0,0,4,1.0,0.0,0.0,0.0,0.0,0.0,0.0,0.0,0.0,0.0,0.0,0.0,0.0,0.0,0.0,0.0
2,0,2.6023501752693576,4.053302809756423,0,1219.172243678494,2,3,3,6.8811166373584784,1.9707683295413725,1,0,1,1.0,0.0,0.0,0.0,0.0,0.0,0.0,0.0,0.0,0.0,0.0,0.0,1.0,1.0,1.0,0.0
0,3,7.539291155954504,8.249168521690155,1,2809.1130778907063,2,2,0,5.167253678737749,184.6443510859115,0,1,2,0.0,0.0,0.0,0.0,0.0,0.0,0.0,0.0,0.0,0.0,0.0,1.0,1.0,0.0,0.0,0.0
4,0,9.424868205974947,7.666392171751726,2,535.7197759976249,3,3,4,1.3338065277226914,147.7736764237139,0,0,2,0.0,0.0,0.0,0.0,1.0,0.0,0.0,0.0,0.0,1.0,0.0,1.0,1.0,1.0,1.0,0.0
1,3,6.409452830818971,7.315306130255001,3,1306.6485758753747,3,2,4,8.740024194067782,233.68624810008993,0,1,4,0.0,0.0,0.0,0.0,0.0,0.0,0.0,0.0,0.0,0.0,0.0,0.0,0.0,0.0,1.0,0.0
1,5,2.765170176785055,8.714967755080561,0,2093.257051015963,4,0,2,8.387479279824532,29.24816970079481,0,0,4,0.0,0.0,0.0,0.0,0.0,0.0,0.0,0.0,0.0,0.0,1.0,0.0,0.0,0.0,0.0,0.0
2,4,7.115894697556959,9.954837685812752,3,1928.4379652913735,4,2,0,1.0989093571426682,178.6339859273521,1,1,2,1.0,0.0,0.0,0.0,0.0,0.0,0.0,0.0,0.0,0.0,0.0,1.0,0.0,0.0,0.0,0.0
4,1,4.087735151914579,4.281314928963564,3,3320.495980758685,0,2,2,0.5838814438011335,59.6695135653899,1,1,5,0.0,0.0,0.0,0.0,0.0,0.0,1.0,0.0,0.0,0.0,0.0,0.0,1.0,0.0,1.0,0.0
3,1,1.4435897174714927,7.687182955859082,3,3030.9724437717323,2,0,1,4.545759864282668,154.3796610512941,0,1,1,1.0,0.0,0.0,0.0,0.0,0.0,0.0,0.0,0.0,0.0,0.0,0.0,0.0,0.0,0.0,0.0
3,4,3.721048258172486,8.300666011234304,0,2754.8078815647727,2,0,3,7.595210298472211,47.496400953616345,0,0,4,1.0,0.0,0.0,0.0,0.0,0.0,0.0,0.0,0.0,0.0,0.0,0.0,1.0,0.0,0.0,0.0
1,4,9.150265917551188,5.835635837038112,2,2042.234399811078,2,0,1,10.722810216537628,273.7027650443369,0,1,2,0.0,0.0,0.0,0.0,0.0,0.0,0.0,0.0,0.0,0.0,0.0,1.0,0.0,0.0,0.0,1.0
4,1,4.700253881583777,9.357168309525587,1,1786.720197152397,4,0,0,5.214066877409975,54.983140083020906,1,0,0,0.0,0.0,0.0,0.0,0.0,0.0,1.0,0.0,0.0,0.0,0.0,0.0,0.0,0.0,0.0,0.0
4,0,8.781988042279831,6.741957048698271,3,609.7087057363867,3,3,4,1.0092358455151569,172.52300266795322,0,1,1,0.0,0.0,0.0,0.0,0.0,0.0,0.0,0.0,0.0,0.0,0.0,0.0,0.0,1.0,1.0,0.0
2,2,5.577934091705124,4.98687077171168,2,2965.0047489164567,2,0,1,10.085592657813734,1.6828982546064575,1,0,5,1.0,0.0,0.0,0.0,0.0,0.0,0.0,0.0,0.0,0.0,0.0,0.0,1.0,0.0,0.0,0.0
2,3,5.6528019006364,9.1264468961218,2,1792.138712486336,4,0,0,1.4987982641375464,46.93155446265812,1,1,2,1.0,0.0,0.0,0.0,0.0,0.0,0.0,0.0,0.0,0.0,0.0,0.0,0.0,0.0,0.0,0.0
0,2,1.046946889584049,9.657553722547863,0,1462.9021751679684,3,1,4,7.6486954831188285,149.8002586040811,1,1,4,0.0,0.0,0.0,0.0,1.0,0.0,0.0,0.0,0.0,0.0,0.0,0.0,0.0,0.0,1.0,0.0
3,5,6.733936659600749,4.597089510212461,3,2319.9031398328448,3,1,3,4.96144072305619,12.288496157701257,0,1,4,1.0,0.0,0.0,0.0,0.0,0.0,0.0,0.0,0.0,0.0,0.0,1.0,1.0,0.0,0.0,0.0
4,4,1.9703246052737822,8.51008520292732,1,2762.4134566992284,3,3,1,10.914841602943216,162.83479699391597,1,1,2,0.0,0.0,0.0,0.0,0.0,0.0,1.0,0.0,0.0,0.0,0.0,0.0,0.0,0.0,1.0,1.0
2,4,5.308735732138489,5.290085314991318,0,2069.1539615982074,0,0,2,8.458930928492656,55.300208373453664,0,0,1,1.0,1.0,0.0,0.0,0.0,0.0,0.0,0.0,0.0,0.0,0.0,1.0,1.0,0.0,0.0,0.0
2,0,3.3428517009228904,4.04033330601413,3,948.7495264261751,4,3,3,0.0017111525858126697,217.96176942956117,0,1,4,1.0,0.0,0.0,0.0,0.0,0.0,0.0,0.0,0.0,0.0,0.0,0.0,1.0,0.0,1.0,0.0
2,5,4.531446692463834,5.563682937312329,3,3264.9394121121345,3,0,4,4.473143263326481,260.48744672539675,1,1,4,1.0,0.0,0.0,0.0,0.0,0.0,0.0,0.0,0.0,0.0,0.0,0.0,1.0,0.0,1.0,0.0
0,4,5.8336962010012074,9.129459011324482,1,838.5484697791389,0,1,1,2.1637089339163222,227.56379774022858,1,1,1,0.0,0.0,0.0,0.0,1.0,0.0,0.0,0.0,0.0,0.0,0.0,0.0,0.0,1.0,0.0,0.0
3,2,1.1301770314177555,4.847103260702394,2,3408.714894490231,1,1,1,3.4023780189627586,19.017104475972324,1,0,0,1.0,0.0,0.0,0.0,0.0,0.0,0.0,0.0,0.0,0.0,0.0,0.0,1.0,0.0,1.0,0.0
3,3,3.561252249444605,4.7840132979907635,2,1827.4313057919928,1,3,0,4.787469140679628,148.90385952995493,0,1,2,1.0,0.0,0.0,0.0,0.0,0.0,0.0,0.0,0.0,0.0,0.0,0.0,1.0,0.0,1.0,0.0
4,4,9.906507408626783,8.434286237200936,1,3339.869582678824,1,0,4,6.496621214377353,33.35306243745482,0,1,0,0.0,0.0,0.0,0.0,0.0,0.0,1.0,0.0,0.0,1.0,0.0,1.0,0.0,0.0,0.0,0.0
4,5,1.5165921323850364,6.438157831387828,2,3243.949279213778,3,1,4,9.580580216457214,122.71726993718713,0,0,4,0.0,0.0,0.0,0.0,0.0,0.0,0.0,0.0,0.0,0.0,0.0,0.0,0.0,0.0,0.0,1.0
2,3,3.8745413934163153,4.890916435207612,3,1718.8017964707908,2,2,4,1.0371388205687633,251.8641079516072,0,1,1,1.0,0.0,0.0,0.0,0.0,0.0,0.0,0.0,0.0,0.0,0.0,0.0,0.0,0.0,1.0,0.0
4,0,3.892793274681834,5.380002258893031,3,2900.0758715762013,1,2,3,5.293240408517667,12.348096227009952,0,0,2,0.0,0.0,0.0,0.0,0.0,0.0,0.0,0.0,0.0,0.0,0.0,0.0,1.0,0.0,1.0,0.0
2,3,4.414473288394863,8.767611549913626,2,769.3175954802967,3,1,1,10.208618620598276,75.49560132042636,0,0,1,1.0,0.0,0.0,0.0,0.0,0.0,0.0,0.0,0.0,0.0,0.0,0.0,0.0,1.0,0.0,1.0
3,4,7.163028265981108,7.739612740348118,1,748.2028078154001,1,0,1,5.186162840969766,247.97100801531946,0,1,5,1.0,0.0,0.0,0.0,0.0,0.0,0.0,0.0,0.0,0.0,0.0,0.0,0.0,1.0,0.0,0.0
3,0,3.229694188146681,8.56557263539899,3,1567.8698111640686,0,3,1,6.231540067012357,121.77826764536374,1,0,4,1.0,0.0,0.0,0.0,0.0,0.0,0.0,0.0,0.0,0.0,0.0,0.0,0.0,0.0,1.0,0.0
4,4,5.142424097224476,4.586639433928227,3,2329.3553004295054,4,3,2,9.343271553177798,70.60667853854568,0,0,5,0.0,0.0,0.0,0.0,0.0,0.0,0.0,0.0,0.0,0.0,0.0,1.0,1.0,0.0,0.0,1.0
3,1,6.803772101672043,6.748625697098275,0,527.963209458455,1,2,4,8.554733082329264,284.82313202015,1,0,4,1.0,0.0,0.0,0.0,0.0,0.0,0.0,0.0,0.0,0.0,0.0,1.0,1.0,1.0,1.0,0.0
0,5,3.900898524957298,8.782637504687994,1,2045.525375029254,1,3,3,6.119972871354036,46.71909457788856,1,0,0,0.0,0.0,0.0,0.0,0.0,0.0,0.0,0.0,0.0,0.0,0.0,0.0,0.0,0.0,1.0,0.0
0,3,9.538953224529292,5.5947565052105865,2,3426.94071124562,3,1,2,11.605116856685362,236.58237534283288,0,0,3,0.0,0.0,0.0,0.0,0.0,0.0,0.0,0.0,0.0,0.0,0.0,1.0,0.0,0.0,1.0,1.0
2,1,9.817053714484132,5.015133810256172,2,3075.3362858005876,3,3,3,0.4345626175185857,53.42328145285279,0,0,2,1.0,0.0,0.0,0.0,0.0,0.0,0.0,0.0,0.0,0.0,0.0,1.0,1.0,0.0,1.0,0.0
2,0,2.0770621091876,6.290703362903153,2,1197.4118592567474,0,3,4,0.6541230965225711,288.9156280258079,1,0,4,1.0,0.0,0.0,0.0,0.0,0.0,0.0,0.0,0.0,0.0,0.0,0.0,1.0,0.0,1.0,0.0
3,0,4.094378959607291,6.0002798430326845,2,2084.2062857902247,0,3,2,5.128349822990145,235.82135913883346,1,0,4,1.0,0.0,0.0,0.0,0.0,0.0,0.0,0.0,0.0,0.0,0.0,0.0,0.0,0.0,1.0,0.0
2,4,2.8717486282582776,5.112836673293222,0,1014.2263073500341,4,3,4,1.8941918112352782,82.92854962255664,0,1,3,1.0,0.0,0.0,0.0,0.0,0.0,0.0,0.0,0.0,0.0,0.0,0.0,1.0,1.0,1.0,0.0
2,2,2.6811063600140366,9.723669552137551,0,1289.7804420889966,2,1,0,2.5981002348828355,295.08426415101803,1,1,3,1.0,0.0,0.0,0.0,0.0,0.0,0.0,0.0,0.0,0.0,0.0,0.0,0.0,1.0,0.0,0.0
4,5,5.418818545044516,6.898590427332641,3,3269.002515431824,2,0,1,1.800990410325924,34.337892356986835,0,1,4,0.0,0.0,0.0,0.0,0.0,0.0,1.0,0.0,0.0,0.0,0.0,0.0,1.0,0.0,0.0,0.0
1,1,6.07444397321391,7.648458136659547,2,3493.3344042830417,2,2,0,8.30842735736872,257.8790648190153,1,1,5,0.0,0.0,0.0,0.0,0.0,0.0,0.0,0.0,0.0,0.0,0.0,0.0,0.0,0.0,0.0,0.0
2,5,4.830868365378393,4.726641452497571,2,1227.6829643535402,2,2,0,5.055222090208793,209.82881610722282,1,1,3,1.0,0.0,0.0,0.0,0.0,0.0,0.0,0.0,0.0,0.0,0.0,0.0,1.0,1.0,0.0,0.0
2,5,3.4529938578762462,7.660210528789078,1,1136.203619023603,3,2,1,10.01009679834402,52.16530812823211,1,1,0,1.0,0.0,0.0,0.0,0.0,0.0,1.0,0.0,0.0,0.0,1.0,0.0,0.0,1.0,1.0,1.0
2,0,3.5075941682827567,7.331936159250782,1,1651.5779730247223,0,2,1,3.004611457352606,163.9114187877292,0,0,0,1.0,0.0,0.0,0.0,0.0,0.0,0.0,0.0,0.0,0.0,0.0,0.0,0.0,0.0,1.0,0.0
4,3,9.929153407066577,9.591575966638196,1,1837.569267056135,1,0,3,7.481116806799067,3.5774434779595077,0,1,0,0.0,0.0,0.0,0.0,0.0,0.0,0.0,0.0,0.0,1.0,0.0,1.0,0.0,0.0,0.0,0.0
4,5,9.313096365912255,6.473900806432262,2,767.7460028926644,4,2,2,2.5613019429493584,171.9383044659977,0,0,5,0.0,0.0,0.0,0.0,0.0,0.0,0.0,1.0,0.0,1.0,0.0,1.0,0.0,1.0,0.0,0.0
2,1,1.6830895689042147,8.692372602857303,2,943.1259918121821,0,1,2,0.17381014653663174,174.66106723022895,1,0,2,1.0,0.0,0.0,0.0,0.0,0.0,0.0,0.0,0.0,0.0,0.0,0.0,0.0,1.0,1.0,0.0
2,0,6.908955867965131,5.825085870772732,0,1774.4818022708332,4,0,2,8.267020581242738,122.55786457979264,1,1,2,1.0,1.0,0.0,0.0,0.0,0.0,0.0,0.0,0.0,0.0,0.0,1.0,1.0,0.0,0.0,0.0
2,5,5.1118984673635985,7.473642137967284,1,1206.2617041994495,2,3,0,1.7462391774080266,247.32473564709414,1,1,1,1.0,0.0,0.0,0.0,0.0,0.0,0.0,0.0,0.0,0.0,0.0,0.0,0.0,0.0,1.0,0.0
0,2,7.199326874792458,9.561822383465188,3,3034.804308435192,0,0,3,8.32572786368207,279.2241075088792,1,1,5,0.0,0.0,0.0,0.0,0.0,0.0,1.0,0.0,0.0,0.0,0.0,1.0,0.0,0.0,0.0,1.0
2,0,6.372646349864981,7.750427864553378,2,2754.6396864284375,2,0,3,8.288057192705521,160.12856012727346,0,1,1,1.0,0.0,0.0,0.0,0.0,0.0,0.0,0.0,0.0,0.0,0.0,0.0,1.0,0.0,0.0,0.0
1,5,9.003271600741757,8.26695210259905,3,2109.0152926421806,3,1,2,8.017728170818984,202.18606810834703,0,0,5,0.0,0.0,0.0,0.0,0.0,0.0,0.0,0.0,0.0,0.0,0.0,1.0,0.0,0.0,0.0,1.0
0,4,1.6028948285994251,9.255907151215542,2,1797.8879572052042,1,3,4,7.1035172136782885,43.75676243884428,1,0,4,0.0,0.0,0.0,0.0,1.0,0.0,0.0,0.0,0.0,0.0,0.0,0.0,0.0,0.0,1.0,0.0
0,0,4.146381208519349,9.552546179852797,1,2992.9634096419736,3,0,4,10.619067291516401,299.4294079307147,1,1,2,0.0,0.0,0.0,0.0,0.0,0.0,1.0,0.0,0.0,0.0,0.0,0.0,0.0,0.0,0.0,1.0
2,1,9.869447131980262,5.249649251218402,3,997.9860307218685,0,1,4,0.9076399388495915,257.37483988731304,1,0,3,1.0,0.0,0.0,0.0,0.0,0.0,0.0,0.0,0.0,0.0,0.0,1.0,0.0,0.0,1.0,0.0
0,0,2.640568140915551,5.175028189775111,2,3162.163576602298,0,1,0,11.181828025728514,284.70832609411343,1,0,5,0.0,0.0,0.0,0.0,0.0,0.0,0.0,0.0,0.0,0.0,0.0,0.0,1.0,0.0,0.0,1.0
3,5,2.146000955559825,7.3028567614527145,0,647.2321501056938,3,1,0,0.7916322433549574,233.41926940181065,1,1,0,1.0,0.0,0.0,0.0,0.0,0.0,0.0,1.0,0.0,0.0,0.0,0.0,0.0,1.0,0.0,0.0
2,0,7.560748054005179,9.973098257838167,1,3270.1833853664875,2,3,2,5.94388035365724,96.87432316991388,1,0,0,1.0,1.0,0.0,0.0,0.0,0.0,0.0,0.0,0.0,0.0,0.0,0.0,0.0,0.0,1.0,0.0
1,4,7.996916440157172,6.9409139398646795,2,916.4301570934635,3,1,0,11.07879576614675,66.50443497629225,1,1,1,0.0,0.0,0.0,0.0,0.0,0.0,1.0,0.0,0.0,0.0,0.0,1.0,1.0,1.0,0.0,0.0
3,3,7.0504619290719415,5.9854297786205635,1,2936.2971321115065,4,1,0,3.2271513743041558,153.31428138521986,0,1,3,1.0,1.0,0.0,0.0,0.0,0.0,0.0,0.0,0.0,0.0,0.0,0.0,1.0,0.0,0.0,0.0
2,3,7.985762458839328,7.223567649598531,1,554.1352351828411,4,1,0,10.05485474051657,24.779797885693178,0,1,3,1.0,1.0,0.0,0.0,0.0,0.0,0.0,0.0,0.0,0.0,0.0,1.0,1.0,1.0,0.0,0.0
3,4,7.24349414883855,4.386374644694211,3,2945.234511225269,2,1,0,7.118269693322228,165.5455460271861,0,1,4,1.0,0.0,0.0,0.0,0.0,0.0,0.0,0.0,0.0,0.0,0.0,1.0,1.0,0.0,0.0,1.0
3,5,2.221936140602591,5.063240621859484,1,2252.212319419655,2,3,1,10.334228917460342,110.97600118020281,0,0,2,1.0,0.0,0.0,0.0,0.0,0.0,0.0,0.0,0.0,0.0,0.0,0.0,1.0,0.0,1.0,0.0
0,0,6.473997077306564,4.89352250407906,1,557.1027527764888,4,1,1,0.5828084115287333,218.38019631509368,1,1,5,0.0,0.0,0.0,0.0,1.0,0.0,0.0,0.0,0.0,0.0,0.0,1.0,1.0,1.0,0.0,0.0
1,0,7.991890143035792,4.167493270426311,0,2822.62927857274,4,0,4,6.671296200356078,187.70766450256843,0,0,2,0.0,0.0,0.0,0.0,0.0,0.0,0.0,0.0,0.0,0.0,0.0,1.0,1.0,0.0,0.0,0.0
2,0,8.789649456920209,8.333273818271703,1,804.6719031424559,0,1,4,2.2638128607463024,73.95603484709656,1,0,2,1.0,1.0,0.0,0.0,0.0,0.0,0.0,0.0,0.0,0.0,0.0,1.0,0.0,1.0,1.0,0.0
4,4,3.216117184153369,5.952847275170941,3,2119.716277708694,2,0,0,0.2168225479271202,220.0325622345714,1,1,2,0.0,0.0,0.0,0.0,0.0,0.0,1.0,0.0,0.0,0.0,0.0,0.0,0.0,0.0,0.0,0.0
0,3,2.146876848446847,5.0112178674525385,1,1496.0118213114783,4,3,1,8.26745210077669,93.33387652221431,0,0,1,0.0,0.0,0.0,0.0,0.0,0.0,0.0,0.0,0.0,0.0,0.0,0.0,1.0,0.0,0.0,0.0
0,0,8.029813992243216,7.07346262315374,1,2777.504783893966,0,3,2,8.996207963505118,74.57767471907005,0,1,5,0.0,0.0,0.0,0.0,0.0,0.0,0.0,0.0,0.0,0.0,0.0,1.0,0.0,0.0,1.0,0.0
4,1,3.3089351053209883,5.940666435832389,2,3059.664715017951,4,3,1,8.835554129245223,125.56607015447706,1,0,0,0.0,0.0,0.0,0.0,0.0,0.0,1.0,0.0,0.0,0.0,0.0,0.0,1.0,0.0,0.0,0.0
4,3,1.2873653048879858,6.3581066247884745,3,1892.8301030086657,3,3,1,8.723703782109032,47.35602466066623,1,1,0,0.0,0.0,0.0,0.0,0.0,0.0,1.0,0.0,0.0,0.0,0.0,0.0,0.0,0.0,0.0,0.0
0,4,8.426922072843738,5.893190902370867,3,2773.820640670875,0,1,3,9.59930192139055,97.5480196104581,0,0,2,0.0,0.0,0.0,0.0,0.0,0.0,0.0,0.0,0.0,0.0,0.0,0.0,0.0,0.0,1.0,0.0
2,2,5.55392020429774,4.023901086152993,1,3249.874797311149,3,2,2,5.635077160879503,77.95458311840373,0,0,4,1.0,0.0,0.0,0.0,0.0,0.0,0.0,0.0,0.0,0.0,0.0,0.0,1.0,0.0,0.0,0.0
3,5,3.939698191855798,8.12997318651355,0,2567.601612422944,2,1,3,4.170910922074707,6.518974840688374,1,0,2,1.0,0.0,0.0,0.0,0.0,0.0,0.0,0.0,0.0,0.0,0.0,0.0,0.0,0.0,1.0,0.0
0,5,1.1028619470839425,4.6641428724043585,2,1465.9714582824554,1,3,0,9.251557408253825,90.2628864585031,1,0,4,0.0,0.0,0.0,0.0,1.0,0.0,0.0,1.0,0.0,0.0,0.0,0.0,1.0,0.0,0.0,0.0
1,4,1.3179470023715292,5.314854382377817,1,1889.9362386671032,3,0,2,7.997526939686976,140.05002257713082,1,1,2,0.0,0.0,0.0,0.0,0.0,0.0,0.0,0.0,0.0,0.0,0.0,0.0,1.0,0.0,0.0,0.0
1,2,8.133609435042652,5.141902261382989,1,1189.9932204019,3,0,1,2.4000763952585227,248.92151344357274,1,1,1,0.0,0.0,0.0,0.0,0.0,0.0,1.0,0.0,0.0,0.0,0.0,0.0,1.0,1.0,0.0,0.0
3,5,5.40735296468378,5.988203772992245,0,1875.2250188276273,4,3,1,5.223518319986895,54.14295654586899,1,1,3,1.0,0.0,0.0,0.0,0.0,0.0,1.0,1.0,0.0,0.0,0.0,0.0,1.0,0.0,1.0,0.0
1,4,2.347498443668141,4.961186076978136,3,1237.6714371724938,2,1,2,2.1860719172211707,98.21671319876482,1,1,1,0.0,0.0,0.0,0.0,0.0,0.0,1.0,0.0,0.0,0.0,0.0,0.0,1.0,0.0,1.0,0.0
2,3,4.226550645241163,6.081712745127724,0,2921.7491745723764,0,1,1,9.346840517328122,8.812147805215776,1,1,3,1.0,0.0,0.0,0.0,0.0,0.0,0.0,0.0,0.0,0.0,0.0,0.0,1.0,0.0,1.0,0.0
1,2,2.487746327837706,5.4595860748464045,1,2329.7522817914255,4,2,3,2.9655713786490066,22.53246364218787,1,1,3,0.0,0.0,0.0,0.0,0.0,0.0,0.0,0.0,0.0,0.0,0.0,0.0,1.0,0.0,0.0,0.0
3,4,2.0159339786234796,4.3672906790344665,1,2399.7379571583997,1,1,0,7.472347336253327,106.83447069514418,1,1,0,1.0,0.0,0.0,0.0,0.0,0.0,0.0,0.0,0.0,0.0,0.0,0.0,1.0,0.0,0.0,1.0
0,3,3.4867703860672927,9.223377863018975,0,830.7898654125422,3,2,4,8.824408442613601,149.9785117736053,1,0,1,0.0,0.0,0.0,0.0,1.0,0.0,0.0,0.0,0.0,0.0,0.0,0.0,0.0,1.0,1.0,0.0
1,1,5.945576927161577,5.833486642592269,3,504.3809226459557,3,1,1,11.899248227023094,224.47859559294798,0,0,0,0.0,0.0,0.0,0.0,0.0,0.0,0.0,0.0,0.0,0.0,0.0,1.0,1.0,1.0,0.0,1.0
1,5,2.8900594703100424,4.5716928782582835,2,2867.5599046926586,0,3,2,5.197710631939003,228.95402424153298,0,1,1,0.0,0.0,0.0,0.0,0.0,0.0,0.0,0.0,0.0,0.0,0.0,0.0,1.0,0.0,1.0,0.0
4,0,4.093039731562904,7.129158273712738,2,2126.919247184827,2,0,0,10.469526161413583,274.1936169361731,0,1,5,0.0,0.0,0.0,0.0,0.0,0.0,1.0,0.0,0.0,0.0,0.0,0.0,0.0,0.0,0.0,1.0
4,4,5.301377955608137,4.739653110212819,0,3294.6601245244547,0,2,4,7.972247131498339,272.3388333785746,0,0,0,0.0,0.0,0.0,0.0,0.0,0.0,0.0,0.0,0.0,0.0,0.0,0.0,1.0,0.0,1.0,0.0
2,3,4.780267652648368,8.638559208741082,0,2111.7177169688257,3,1,3,0.10138057819120361,30.449904547950347,0,1,4,1.0,0.0,0.0,0.0,0.0,0.0,0.0,0.0,0.0,0.0,0.0,0.0,0.0,0.0,0.0,0.0
0,3,2.157650192091607,4.369467659439037,0,1144.0355729439148,3,1,3,4.695349078432223,33.615749961297894,0,0,1,0.0,0.0,0.0,0.0,1.0,0.0,0.0,0.0,0.0,0.0,0.0,0.0,1.0,1.0,1.0,0.0
3,0,1.3497907198229937,6.787815699665388,2,2595.4297557690097,2,3,4,4.7294172961935494,149.03739052604456,1,0,2,1.0,0.0,0.0,0.0,0.0,0.0,0.0,0.0,0.0,0.0,0.0,0.0,1.0,0.0,1.0,0.0
2,2,1.3191285425404504,9.66295798069467,2,2602.9489409382677,1,1,4,1.4355018004500075,176.84210528416085,0,1,0,1.0,0.0,0.0,0.0,0.0,0.0,0.0,0.0,0.0,0.0,0.0,0.0,0.0,0.0,1.0,0.0
4,5,4.151611162250806,4.953814321950481,3,696.5978124816515,4,0,1,5.245079541152954,179.3670757334498,1,0,2,0.0,0.0,0.0,0.0,0.0,0.0,1.0,0.0,0.0,0.0,0.0,0.0,1.0,1.0,0.0,0.0
1,1,7.469218706835905,5.208212061432988,3,2580.952691963141,0,1,1,1.3975153451843192,145.88286315895246,0,0,5,0.0,0.0,0.0,0.0,0.0,0.0,0.0,0.0,0.0,0.0,0.0,1.0,1.0,0.0,1.0,0.0
4,4,2.181297688563436,7.602789468371294,1,1137.58466757326,0,0,1,10.024613869330487,294.3597895317818,0,0,0,0.0,0.0,0.0,0.0,1.0,0.0,0.0,0.0,0.0,0.0,0.0,0.0,0.0,1.0,0.0,0.0
4,5,8.082821047279829,9.879124429572038,0,1263.5618473575773,1,1,2,4.342766540608615,152.6867083389905,1,0,1,0.0,0.0,0.0,0.0,1.0,0.0,1.0,0.0,0.0,1.0,0.0,1.0,0.0,0.0,1.0,0.0
1,5,7.441068783824531,6.315014489713563,0,594.244088767342,4,0,4,2.197460790691128,280.5932899568626,0,1,1,0.0,0.0,0.0,0.0,0.0,0.0,0.0,0.0,0.0,0.0,0.0,1.0,1.0,1.0,0.0,0.0
3,3,1.0354914179705008,7.89187055666324,3,2382.1166683186,4,2,3,7.221874836120723,296.45741026913265,0,0,4,1.0,0.0,0.0,0.0,0.0,0.0,0.0,0.0,0.0,0.0,0.0,0.0,0.0,0.0,1.0,1.0
1,1,1.240730856836606,4.913902376689803,3,2695.1881803965234,2,0,2,10.290985473484785,133.20657077892548,1,1,4,0.0,0.0,0.0,0.0,0.0,0.0,0.0,0.0,0.0,0.0,0.0,0.0,0.0,0.0,0.0,0.0
1,4,2.755298939842465,7.8483827995858135,2,1191.4749894515094,4,1,2,11.219130685286151,40.12926849636694,0,0,1,0.0,0.0,0.0,0.0,0.0,0.0,0.0,0.0,0.0,0.0,0.0,0.0,1.0,0.0,0.0,1.0
1,2,1.5050881994552654,5.5159723897293595,0,2877.6167964592287,4,3,3,10.731428633102754,97.77541499234927,1,0,0,0.0,0.0,0.0,0.0,0.0,0.0,0.0,0.0,0.0,0.0,0.0,0.0,1.0,0.0,0.0,0.0
3,3,5.782087947432753,7.679725644947983,3,2786.093858421974,2,2,2,10.584631325063782,107.56195251170203,1,1,5,1.0,0.0,0.0,0.0,0.0,0.0,0.0,0.0,0.0,0.0,0.0,1.0,0.0,0.0,1.0,0.0
1,4,1.3566453531257419,4.531967248501656,3,1729.2986245083518,0,2,4,4.17661786955504,266.4983895788912,1,1,0,0.0,0.0,0.0,0.0,0.0,0.0,1.0,0.0,0.0,0.0,0.0,0.0,0.0,0.0,1.0,0.0
3,4,8.22381254195858,7.149814130231975,0,704.6754866168421,4,3,2,6.065057253321475,288.5091740456004,0,0,5,1.0,0.0,0.0,0.0,0.0,0.0,0.0,1.0,0.0,0.0,0.0,0.0,1.0,1.0,0.0,0.0
2,1,5.436658620512294,5.424429968039442,3,1340.5559824180336,3,3,3,4.455705584632099,50.89623582642781,1,1,3,1.0,0.0,0.0,0.0,0.0,0.0,0.0,0.0,0.0,0.0,0.0,1.0,1.0,1.0,1.0,0.0
3,4,7.5515893000522984,8.090252219976481,2,996.2874467872946,0,3,3,11.067139607845514,6.0220897873871415,1,0,4,1.0,0.0,0.0,0.0,0.0,0.0,0.0,0.0,0.0,0.0,0.0,1.0,0.0,0.0,1.0,0.0
4,3,7.756322958422571,8.486018722409892,3,3376.454711381545,4,3,3,1.1139141043991678,249.19891888879621,0,1,5,0.0,0.0,0.0,0.0,0.0,0.0,0.0,0.0,0.0,0.0,0.0,0.0,0.0,0.0,1.0,0.0
0,5,5.560875457032094,9.088855183356383,2,2953.232792538838,1,1,2,6.651836095840753,167.59383591219424,0,1,4,0.0,0.0,0.0,0.0,0.0,0.0,0.0,0.0,0.0,0.0,0.0,0.0,0.0,0.0,1.0,0.0
4,3,9.328265886281196,9.954372213514493,0,735.1294142726314,3,2,1,2.962869378776276,225.35167390787734,1,0,2,0.0,0.0,0.0,0.0,1.0,0.0,1.0,0.0,0.0,0.0,0.0,1.0,0.0,1.0,0.0,0.0
0,5,9.912166964697773,6.756128677919392,2,2040.3800877282695,1,3,2,10.204490970645312,99.50133321750224,0,0,1,0.0,0.0,0.0,1.0,0.0,0.0,0.0,0.0,1.0,0.0,0.0,1.0,1.0,0.0,1.0,0.0
2,5,4.232932174130912,8.023566503243945,0,1300.6589887271894,0,2,4,4.070619947546479,47.555932000420334,0,1,3,1.0,0.0,0.0,0.0,0.0,0.0,0.0,0.0,0.0,0.0,0.0,0.0,1.0,0.0,1.0,0.0
1,5,2.132777262243102,4.11054229751273,1,596.3539295216265,2,0,0,10.3642106663172,79.39811344747405,1,1,3,0.0,0.0,0.0,0.0,0.0,0.0,0.0,0.0,0.0,0.0,1.0,0.0,1.0,1.0,0.0,1.0
3,4,4.269143607830802,9.430522199837267,3,1466.903812667511,2,2,3,11.136514959260156,14.54380100941275,0,1,5,1.0,0.0,0.0,0.0,0.0,0.0,0.0,0.0,0.0,0.0,0.0,0.0,0.0,0.0,1.0,1.0
3,3,3.010185073128431,7.694458873171474,3,882.7558814419792,4,0,4,2.0636117661954145,115.75392747473144,0,1,4,1.0,0.0,0.0,0.0,0.0,0.0,0.0,0.0,0.0,0.0,0.0,0.0,0.0,1.0,0.0,0.0
4,0,5.779051003555751,6.528069875639423,1,1168.1960629398964,0,2,0,9.051032242193635,29.768063531225554,0,1,5,0.0,0.0,0.0,0.0,1.0,0.0,0.0,0.0,0.0,0.0,0.0,0.0,1.0,1.0,0.0,0.0
2,2,4.405488411271613,6.605876456563904,1,1479.6213857855578,4,3,3,4.1997391134339015,139.13145916096477,1,1,2,1.0,0.0,0.0,0.0,0.0,0.0,0.0,0.0,0.0,0.0,0.0,0.0,1.0,0.0,0.0,0.0
4,2,5.324044728581118,8.547973878162374,1,1726.6713504435102,0,2,2,4.839314046675014,239.76733866065192,1,0,2,0.0,0.0,0.0,0.0,0.0,0.0,1.0,0.0,0.0,0.0,0.0,0.0,0.0,0.0,1.0,0.0
1,4,7.8686881846840135,9.000820021215365,0,1905.327359579936,4,2,1,3.2925753211344007,14.289093365451189,1,1,5,0.0,0.0,0.0,0.0,0.0,0.0,0.0,0.0,0.0,0.0,0.0,1.0,0.0,0.0,0.0,0.0
1,3,3.4661887708766694,8.847422057889112,2,2060.591814099168,3,2,0,7.399999865312102,269.0137406065389,0,0,1,0.0,0.0,0.0,0.0,0.0,0.0,0.0,0.0,0.0,0.0,0.0,0.0,0.0,0.0,0.0,0.0
1,2,5.837272521757529,7.063507918282142,1,1610.0022933299379,1,2,3,4.118005525955564,36.94571192672377,1,1,4,0.0,0.0,0.0,0.0,0.0,0.0,0.0,0.0,0.0,0.0,0.0,1.0,1.0,0.0,1.0,0.0
2,0,4.016451243958196,6.22687982540819,0,1995.0487728776811,4,1,2,8.88739005074066,196.79424639706693,0,1,3,1.0,0.0,0.0,0.0,0.0,0.0,0.0,0.0,0.0,0.0,0.0,0.0,1.0,0.0,0.0,1.0
3,4,8.064647777085952,9.673236168493213,2,1753.5753782558609,1,0,3,9.34190431612528,72.1607235635754,1,1,2,1.0,0.0,0.0,0.0,0.0,0.0,0.0,0.0,0.0,0.0,0.0,1.0,0.0,0.0,0.0,1.0
4,2,6.755829691669267,7.805197148621259,2,3393.3169327908618,3,2,0,4.7415873712821845,253.47547157875798,1,1,5,0.0,0.0,0.0,0.0,0.0,0.0,1.0,0.0,0.0,0.0,0.0,1.0,0.0,0.0,0.0,0.0
1,0,1.0765425745954966,7.261920453965269,2,702.9226117866065,0,1,4,0.05692834973232541,3.1056064760386803,1,0,1,0.0,0.0,0.0,0.0,0.0,0.0,0.0,0.0,0.0,0.0,0.0,0.0,0.0,1.0,1.0,0.0
1,1,6.940462069946965,7.589913592169756,3,2257.854021345648,0,0,3,0.7929758979811599,126.41615783767443,0,0,4,0.0,0.0,0.0,0.0,0.0,0.0,0.0,0.0,0.0,0.0,0.0,1.0,0.0,0.0,0.0,0.0
4,5,2.531458072599241,7.779199049117696,2,1080.941514141737,1,3,2,3.285746698066283,288.5706290655898,0,0,2,0.0,0.0,0.0,0.0,0.0,0.0,0.0,1.0,0.0,0.0,0.0,0.0,0.0,1.0,1.0,0.0
2,0,7.520264111827354,8.278437304641423,2,1626.3135597638372,1,2,2,11.446478120605754,33.868405521382364,1,0,5,1.0,0.0,0.0,0.0,0.0,0.0,0.0,0.0,0.0,0.0,0.0,1.0,0.0,0.0,1.0,1.0
1,2,6.106048001609123,7.319108170246995,0,2139.397429660742,1,2,4,4.7257119663634235,228.1933043386201,0,0,3,0.0,0.0,0.0,0.0,0.0,0.0,0.0,0.0,0.0,0.0,0.0,0.0,0.0,0.0,1.0,0.0
4,3,4.613344099508572,9.252132126744872,1,2779.428342268065,1,2,2,8.930823336529476,217.98537306905965,1,0,3,0.0,0.0,0.0,0.0,0.0,0.0,1.0,0.0,0.0,0.0,0.0,0.0,0.0,0.0,1.0,1.0
2,0,7.246597862865326,9.158285285642297,1,3433.193335366028,3,0,2,11.232935032157513,95.75243473829713,0,0,1,1.0,0.0,0.0,0.0,0.0,0.0,0.0,0.0,0.0,0.0,0.0,1.0,0.0,0.0,0.0,1.0
4,0,8.709339572819022,6.653546467917025,3,1980.864989462111,0,2,3,4.100145120517521,18.13637879678115,1,1,0,0.0,0.0,0.0,0.0,0.0,0.0,1.0,0.0,0.0,0.0,0.0,1.0,1.0,0.0,1.0,0.0
4,5,8.008693424758658,5.0112166727532195,1,1270.9373479130845,3,2,1,6.735479425508088,249.92861250657936,1,0,5,0.0,0.0,0.0,0.0,0.0,0.0,1.0,1.0,0.0,0.0,0.0,1.0,1.0,1.0,0.0,0.0
4,3,5.908413489147168,7.459934282626605,2,2874.7256544010293,4,2,1,10.227847691350547,271.4636019421008,0,0,2,0.0,0.0,0.0,0.0,0.0,0.0,0.0,0.0,0.0,0.0,0.0,1.0,1.0,0.0,0.0,1.0
2,1,7.504248882335768,7.724437132787092,2,1164.7173495421198,4,0,3,7.377574580112437,38.349207265997734,1,1,3,1.0,1.0,0.0,0.0,0.0,0.0,0.0,0.0,0.0,0.0,0.0,0.0,0.0,1.0,0.0,0.0
3,1,4.725230989534783,7.140277443722411,0,2023.5220166533059,0,3,1,1.34664730228147,254.34834018644273,0,0,5,1.0,0.0,0.0,0.0,0.0,0.0,0.0,0.0,0.0,0.0,0.0,0.0,0.0,0.0,1.0,0.0
4,2,8.101235094068159,9.343466879643797,3,3040.1338929486888,4,2,0,9.234923096293059,249.96700752850936,0,0,2,0.0,0.0,0.0,0.0,0.0,0.0,0.0,0.0,0.0,0.0,0.0,1.0,0.0,0.0,0.0,0.0
1,4,8.461467024605362,4.558121542146195,2,1711.3955268823072,0,3,2,10.849110618220609,173.10686349478456,0,1,0,0.0,0.0,0.0,0.0,0.0,0.0,0.0,0.0,0.0,0.0,0.0,0.0,1.0,0.0,1.0,0.0
0,4,2.235644531887589,5.724511029011203,0,2170.9332999004246,0,2,0,9.225309667063751,235.0595243091354,0,0,4,0.0,0.0,0.0,0.0,0.0,0.0,0.0,0.0,0.0,0.0,1.0,0.0,1.0,0.0,1.0,0.0
1,1,3.1422822363455163,9.194739077935711,0,858.6500572212356,3,1,2,9.030465337450039,11.84366429637269,1,0,3,0.0,0.0,0.0,0.0,0.0,0.0,0.0,0.0,0.0,0.0,0.0,0.0,0.0,1.0,0.0,0.0
3,4,3.4298986361424255,9.636479878133233,3,667.9033204187831,3,3,3,9.068355859204935,148.85309603082834,1,1,3,1.0,0.0,0.0,0.0,0.0,0.0,1.0,0.0,0.0,0.0,0.0,0.0,0.0,1.0,1.0,1.0
2,5,2.4947354708388243,6.555550448215412,1,3458.8474121996605,0,1,4,7.350466527894628,290.09754986262527,0,1,2,1.0,0.0,0.0,0.0,0.0,0.0,0.0,0.0,0.0,0.0,0.0,0.0,1.0,0.0,1.0,0.0
0,1,4.532815062076787,5.155863891045628,0,1036.6870763238303,2,1,3,2.9737191782204526,232.5646395539628,1,1,5,0.0,0.0,0.0,0.0,1.0,0.0,0.0,0.0,0.0,0.0,0.0,0.0,1.0,1.0,1.0,0.0
2,0,2.7372989030465105,6.521976979059609,2,1506.6471108657452,2,0,1,10.930064958923627,80.44031928275894,1,0,2,1.0,0.0,0.0,0.0,0.0,0.0,0.0,0.0,0.0,0.0,0.0,0.0,0.0,0.0,0.0,1.0
0,5,6.359853798339485,6.736998672544816,0,2014.0546615225508,3,0,3,1.5468874976567335,187.05935986990968,1,0,0,0.0,0.0,0.0,0.0,0.0,0.0,0.0,0.0,0.0,0.0,0.0,1.0,1.0,0.0,0.0,0.0
2,3,1.9145389860785433,7.117416268975301,0,1623.4148245922256,2,0,2,9.927548956707755,63.76494492833894,1,0,3,1.0,0.0,0.0,0.0,0.0,0.0,0.0,0.0,0.0,0.0,0.0,0.0,1.0,0.0,0.0,1.0
2,4,3.4292723772408076,5.646118481097707,3,792.0171800725058,3,1,3,4.312491423945431,66.6376705434142,0,1,4,1.0,0.0,0.0,0.0,0.0,0.0,0.0,0.0,0.0,0.0,0.0,0.0,0.0,1.0,0.0,0.0
3,1,6.989685813517211,5.875764442700935,0,1090.7423716949088,0,1,4,8.085841083277655,56.80375777357085,1,1,2,1.0,1.0,0.0,0.0,0.0,0.0,1.0,0.0,0.0,0.0,0.0,1.0,1.0,1.0,1.0,0.0
2,1,4.586906108200143,7.933525788076552,3,1980.3430037099279,4,1,0,9.661165331134068,56.99447861237421,0,0,2,1.0,0.0,0.0,0.0,0.0,0.0,0.0,0.0,0.0,0.0,0.0,0.0,0.0,0.0,0.0,0.0
2,1,4.79316467668067,7.730764905979836,2,1816.4047274362683,2,3,3,9.583068308502384,149.78731796672747,0,0,5,1.0,0.0,0.0,0.0,0.0,0.0,0.0,0.0,0.0,0.0,0.0,0.0,0.0,0.0,1.0,0.0
3,1,8.181327276625503,7.972615090692008,1,2894.581531326737,3,2,4,1.9337113367987966,92.93952631080366,1,0,3,1.0,1.0,0.0,0.0,0.0,0.0,0.0,0.0,0.0,0.0,0.0,1.0,1.0,0.0,1.0,0.0
3,2,9.860603979618878,6.2637098991854865,1,1435.363871759886,2,3,1,7.331016992493086,233.3878247644854,1,0,1,1.0,1.0,0.0,0.0,0.0,0.0,0.0,0.0,0.0,0.0,0.0,1.0,1.0,0.0,0.0,0.0
4,0,6.085610049287916,6.018741030999353,1,3320.945360680404,1,3,2,2.5747517824391295,268.2335227850218,0,0,2,0.0,0.0,0.0,0.0,0.0,0.0,0.0,0.0,0.0,1.0,0.0,1.0,1.0,0.0,1.0,0.0
1,5,1.7116045431724698,6.109232037837634,2,1348.431071450516,3,0,2,1.3452514013876686,146.27728473965462,0,0,4,0.0,0.0,0.0,0.0,0.0,0.0,0.0,0.0,0.0,0.0,0.0,0.0,0.0,0.0,0.0,0.0
2,3,1.9261267680127232,9.70705891293801,3,1493.895973313914,1,2,1,6.162735729290359,57.3944759973061,0,0,4,1.0,0.0,0.0,0.0,0.0,0.0,0.0,0.0,0.0,0.0,0.0,0.0,0.0,0.0,0.0,0.0
1,5,9.716506498264744,6.371470618865937,1,3347.939987749001,1,3,4,11.85032461361448,299.3997251904971,1,1,0,0.0,0.0,0.0,0.0,0.0,0.0,0.0,0.0,1.0,0.0,1.0,1.0,0.0,0.0,1.0,1.0
2,3,7.113114214736244,7.636794378027553,2,3021.450132984405,2,1,1,11.779967220708627,14.109671468506335,0,1,4,1.0,0.0,0.0,0.0,0.0,0.0,0.0,0.0,0.0,0.0,0.0,1.0,0.0,0.0,0.0,1.0
0,1,7.7722220650043745,7.137059122999231,2,1450.9038976499044,1,1,2,6.880814177227684,164.8932128982744,0,1,1,0.0,0.0,0.0,0.0,0.0,0.0,0.0,0.0,0.0,0.0,0.0,1.0,0.0,0.0,0.0,0.0
2,3,7.081873819169873,9.257330895966952,0,1685.8540733035065,4,2,2,9.266089966939363,65.89475292258132,1,1,0,1.0,1.0,0.0,0.0,0.0,0.0,0.0,0.0,0.0,0.0,0.0,0.0,0.0,0.0,0.0,1.0
0,0,2.6165584152563794,6.214700804676874,3,3026.7808259571984,3,3,1,2.996135598442632,281.2972772768959,1,1,0,0.0,0.0,0.0,0.0,0.0,0.0,1.0,0.0,0.0,0.0,0.0,0.0,0.0,0.0,1.0,0.0
2,4,5.035259447422858,6.604866666137023,3,758.2683026415245,1,0,3,2.6923462247220287,97.48897120887094,0,1,5,1.0,0.0,0.0,0.0,0.0,0.0,0.0,0.0,0.0,0.0,0.0,1.0,0.0,1.0,0.0,0.0
4,4,8.182723938574291,9.056765732693263,0,1384.0289331713016,0,1,2,8.478277711154046,287.4129352685044,0,1,1,0.0,0.0,0.0,0.0,1.0,0.0,1.0,0.0,0.0,0.0,0.0,1.0,0.0,0.0,0.0,1.0
4,0,8.79726666647866,4.965745684179435,1,2094.6682935876215,1,0,0,9.431994481492485,291.84037599799194,1,1,3,0.0,0.0,0.0,0.0,0.0,0.0,1.0,0.0,0.0,1.0,0.0,1.0,1.0,0.0,0.0,1.0
2,3,3.1360196327173484,7.5657672872518,3,2986.7125306768985,0,2,0,8.90204548571413,282.8924517496959,1,0,3,1.0,0.0,0.0,0.0,0.0,0.0,0.0,0.0,0.0,0.0,0.0,0.0,0.0,0.0,1.0,1.0
0,3,6.3636561175043855,6.399449245862824,3,2193.850022059618,1,0,0,1.254090638312833,237.81743920242843,0,1,2,0.0,0.0,0.0,0.0,0.0,0.0,0.0,0.0,0.0,0.0,0.0,0.0,0.0,0.0,0.0,0.0
1,1,2.41391712464608,9.914749353551365,0,1969.3365417421462,1,1,2,4.275270635024647,222.36468075612382,0,0,2,0.0,0.0,0.0,0.0,0.0,0.0,0.0,0.0,0.0,0.0,0.0,0.0,0.0,0.0,1.0,0.0
0,0,9.624491858095764,8.328304700803718,3,3386.3527059594926,3,1,4,0.530161991212299,285.83136600023784,1,0,0,0.0,0.0,0.0,0.0,0.0,0.0,0.0,0.0,0.0,0.0,0.0,1.0,0.0,0.0,0.0,0.0
3,4,3.2698386009323883,4.063337576836769,1,849.2311824527744,0,0,4,9.433947174456815,67.10098379857934,0,1,0,1.0,0.0,0.0,0.0,0.0,0.0,0.0,0.0,0.0,0.0,0.0,0.0,1.0,1.0,1.0,1.0
4,1,7.53971615743507,9.036843402679864,1,2840.1977770459166,0,2,3,3.7409563745274825,242.97069916288893,1,1,2,0.0,0.0,0.0,0.0,0.0,0.0,1.0,0.0,0.0,0.0,0.0,1.0,0.0,0.0,1.0,0.0
2,3,3.0800164980416893,8.21907793708787,1,881.1045725759809,0,1,4,5.156817776722297,34.04635951539724,0,1,5,1.0,0.0,0.0,0.0,0.0,0.0,0.0,0.0,0.0,0.0,0.0,0.0,0.0,1.0,0.0,0.0
0,1,6.544485485906875,7.36576549349586,2,2698.4823191117957,4,1,4,6.9466601310739176,108.56338979259212,0,0,5,0.0,0.0,0.0,0.0,0.0,0.0,0.0,0.0,0.0,0.0,0.0,0.0,0.0,0.0,0.0,0.0
0,3,6.933378763203908,5.416770855305902,0,2129.268855688165,4,2,3,0.00663011572417771,120.54955994925926,0,0,4,0.0,0.0,0.0,0.0,0.0,0.0,0.0,0.0,0.0,0.0,0.0,0.0,1.0,0.0,0.0,0.0
4,0,3.9558529310927746,4.895899902446142,2,1293.9386323117321,1,3,1,4.24944252136902,298.59792688931987,1,0,1,0.0,0.0,0.0,0.0,0.0,0.0,1.0,0.0,0.0,0.0,0.0,0.0,1.0,1.0,0.0,0.0
1,2,8.369504788834462,7.770397377150508,0,2130.011261725267,2,3,4,8.727397333992817,96.29299957538463,0,0,5,0.0,0.0,0.0,0.0,0.0,0.0,0.0,0.0,0.0,0.0,0.0,1.0,0.0,0.0,1.0,0.0
0,3,8.968338084227055,6.639641636882583,0,3138.2482611588766,1,0,3,3.432783415823127,166.4200722010728,1,0,2,0.0,0.0,0.0,0.0,0.0,0.0,0.0,0.0,0.0,0.0,0.0,1.0,1.0,0.0,1.0,0.0
0,2,8.695629372285955,9.169721873386777,3,1916.551016170327,2,2,4,6.845729210566734,190.04721848669396,1,0,4,0.0,0.0,0.0,0.0,1.0,0.0,0.0,0.0,0.0,0.0,0.0,1.0,0.0,0.0,1.0,0.0
1,3,3.977183975182456,5.574241421666027,1,519.7356975883691,2,1,1,11.72605644901523,203.3516791078114,1,1,0,0.0,0.0,0.0,0.0,0.0,0.0,0.0,0.0,0.0,0.0,0.0,0.0,1.0,1.0,1.0,0.0
3,1,7.699062331113886,7.825119885077494,3,669.8168241987514,1,3,4,1.4178754846974564,36.04508500969105,0,1,3,1.0,0.0,0.0,0.0,0.0,0.0,0.0,0.0,0.0,0.0,0.0,1.0,0.0,1.0,1.0,0.0
4,2,6.035416793823018,5.493058219954106,2,2397.9109323388748,3,1,2,3.2188914946399683,167.73789817609918,1,1,1,0.0,0.0,0.0,0.0,0.0,0.0,1.0,0.0,0.0,0.0,0.0,0.0,1.0,0.0,0.0,0.0
1,4,6.3336549204281045,7.81790247455973,3,2533.7946857622574,0,0,4,8.207598196057177,190.4165016602447,1,0,2,0.0,0.0,0.0,0.0,0.0,0.0,0.0,0.0,0.0,0.0,0.0,1.0,0.0,0.0,1.0,1.0
3,2,5.2968257673261565,4.29006785329428,0,1705.3246632881762,3,3,1,7.180530198777509,271.00455650269555,1,1,4,1.0,0.0,0.0,0.0,0.0,0.0,0.0,0.0,0.0,0.0,0.0,0.0,1.0,0.0,0.0,0.0
0,0,6.402350331719845,6.350244560886307,3,1228.3411614190493,3,3,4,11.736040597890234,287.18801350200135,0,1,5,0.0,0.0,0.0,0.0,1.0,0.0,0.0,0.0,0.0,0.0,0.0,1.0,0.0,1.0,1.0,1.0
0,5,2.22088742232175,5.0361136951945085,3,2647.899764707021,0,1,3,0.41523188934986033,70.50816106899688,1,0,0,0.0,0.0,0.0,0.0,0.0,0.0,0.0,0.0,0.0,0.0,0.0,0.0,1.0,0.0,0.0,0.0
0,4,4.679625098057098,7.635603977340847,1,1412.4835236198478,3,3,1,10.53592965216677,63.155657818449185,1,0,2,0.0,0.0,0.0,0.0,0.0,0.0,0.0,0.0,0.0,0.0,0.0,0.0,0.0,0.0,1.0,1.0
4,4,2.5990458578915137,5.9003683190663905,0,722.0347575129088,3,1,0,5.86254064265167,205.1238932109421,1,1,0,0.0,0.0,0.0,0.0,0.0,0.0,1.0,0.0,0.0,0.0,0.0,0.0,1.0,1.0,0.0,0.0
2,4,3.520949778742832,8.629195706060496,0,1728.8316185112587,4,1,0,2.7227880385059033,146.8450775567311,1,1,3,1.0,0.0,0.0,0.0,0.0,0.0,0.0,0.0,0.0,0.0,0.0,0.0,0.0,0.0,0.0,0.0
4,4,2.1503308232992038,4.68756616258011,2,2117.415785475653,4,1,1,6.040371259636568,223.0700613331361,1,0,5,0.0,0.0,0.0,0.0,0.0,0.0,0.0,0.0,0.0,0.0,0.0,0.0,1.0,0.0,0.0,0.0
0,4,2.9124604469981805,7.337278401515454,0,3396.8863919978394,0,1,0,4.946354414186077,254.54158342402548,0,0,2,0.0,0.0,0.0,0.0,0.0,0.0,0.0,0.0,0.0,0.0,0.0,0.0,0.0,0.0,0.0,0.0
0,3,8.037363302089442,7.562067177649929,0,2276.665138501022,0,3,2,2.1520171984117136,3.2053956398017003,1,1,2,0.0,0.0,0.0,0.0,0.0,0.0,1.0,0.0,0.0,0.0,0.0,1.0,1.0,0.0,1.0,0.0
4,0,5.948528159599032,4.132624598320396,2,1124.9604383897024,0,0,3,2.63274882442937,263.61915036446214,1,1,1,0.0,0.0,0.0,0.0,1.0,0.0,1.0,0.0,0.0,0.0,0.0,1.0,1.0,1.0,0.0,0.0
0,3,1.212788066610115,4.215914265102992,2,2996.5807549681654,2,2,3,3.457698953769637,79.63044419269721,1,1,5,0.0,0.0,0.0,0.0,0.0,0.0,0.0,0.0,0.0,0.0,0.0,0.0,1.0,0.0,0.0,0.0
0,1,8.096720354219041,5.849441033968111,3,1374.4459754151203,3,0,4,6.626386164116631,290.81907819949646,1,0,5,0.0,0.0,0.0,0.0,1.0,0.0,0.0,0.0,0.0,0.0,0.0,1.0,0.0,1.0,0.0,0.0
2,4,9.185215563365416,7.654452636471473,3,3377.834550724326,3,0,4,0.9971923389633477,129.07860227348309,1,1,4,1.0,0.0,0.0,0.0,0.0,1.0,0.0,0.0,0.0,0.0,0.0,1.0,0.0,0.0,0.0,0.0
3,2,8.923863482043739,9.77577997097324,1,1475.9368000231932,1,0,4,1.0661453384590263,255.73424354748502,1,0,1,1.0,0.0,0.0,0.0,0.0,0.0,0.0,0.0,0.0,0.0,0.0,1.0,0.0,0.0,1.0,0.0
1,5,8.407151945859896,4.544701059931978,1,3228.553866372906,1,1,3,3.980953862858093,59.98064456742539,0,0,1,0.0,0.0,0.0,0.0,0.0,0.0,0.0,0.0,0.0,0.0,0.0,1.0,1.0,0.0,1.0,0.0
2,3,9.929947985208432,8.218976639264834,0,3136.8619045277474,0,2,4,8.487490682068863,157.54709564340305,0,0,0,1.0,1.0,0.0,0.0,0.0,0.0,0.0,0.0,0.0,0.0,0.0,1.0,1.0,0.0,1.0,1.0
3,3,6.277617599841396,8.156296732736662,0,3091.978242649119,1,2,3,11.7396613662935,18.98641477512656,0,1,1,1.0,0.0,0.0,0.0,0.0,0.0,0.0,0.0,0.0,0.0,0.0,0.0,0.0,0.0,1.0,0.0
2,5,9.663288656634144,8.01684546102086,1,618.1558410777411,1,3,4,0.1440393567666458,220.45286754781282,1,1,4,1.0,1.0,0.0,0.0,0.0,0.0,0.0,1.0,0.0,0.0,0.0,1.0,0.0,1.0,1.0,0.0
1,2,9.539598092512847,7.096884049193211,3,3049.6099053433713,1,0,2,11.668087731208402,282.62995123229376,0,1,3,0.0,0.0,0.0,0.0,0.0,0.0,0.0,0.0,0.0,0.0,0.0,1.0,0.0,0.0,0.0,1.0
0,2,3.8191485745309537,9.800955703660863,3,2663.90035685515,0,0,2,8.232498264316648,252.93691172946325,1,1,5,0.0,0.0,0.0,0.0,0.0,0.0,0.0,0.0,0.0,0.0,0.0,0.0,0.0,0.0,0.0,0.0
2,2,8.770903804502836,7.0106508309320885,3,1502.894829198548,1,3,4,10.81183015873441,204.1059223383303,1,1,3,1.0,0.0,0.0,0.0,0.0,0.0,0.0,0.0,0.0,0.0,0.0,1.0,1.0,0.0,1.0,1.0
4,5,8.132253990028994,9.029782475195248,1,1970.2952796671823,4,3,2,6.436060294942694,35.68142922504948,0,0,5,0.0,0.0,0.0,0.0,0.0,0.0,0.0,0.0,1.0,0.0,0.0,0.0,0.0,0.0,1.0,0.0
3,4,7.9821889966097705,5.575123617247983,2,2419.745120531625,1,2,3,5.5552715759394085,295.18793673215987,0,0,0,1.0,1.0,0.0,0.0,0.0,0.0,0.0,0.0,0.0,0.0,0.0,0.0,1.0,0.0,1.0,1.0
4,0,9.066526941627298,8.83785099584113,2,3330.6109347675715,4,3,3,9.421916262804434,103.18873518055489,0,0,4,0.0,0.0,0.0,0.0,0.0,0.0,0.0,0.0,0.0,1.0,0.0,1.0,0.0,0.0,0.0,1.0
0,2,4.457710089282769,9.9792744036336,0,2840.2534632102092,0,3,0,6.613330617696606,189.8318573085517,1,0,0,0.0,0.0,0.0,0.0,0.0,0.0,0.0,0.0,0.0,0.0,0.0,0.0,0.0,0.0,1.0,0.0
0,2,4.600494692986437,9.460515926642561,1,1785.502226885524,3,2,0,10.76838594335084,81.89402625778747,0,0,2,0.0,0.0,0.0,0.0,1.0,0.0,0.0,0.0,0.0,0.0,0.0,1.0,0.0,0.0,0.0,1.0
2,3,6.760470782832728,5.824430312511672,2,2436.2621193037294,0,1,3,10.716758627394361,248.19664258775026,0,1,2,1.0,0.0,0.0,0.0,0.0,0.0,0.0,0.0,0.0,0.0,0.0,0.0,0.0,0.0,1.0,1.0
0,0,7.640240840329079,9.076944855090396,1,1057.6126263314145,1,3,3,6.365465767898588,113.526094954358,0,0,3,0.0,0.0,0.0,0.0,0.0,0.0,0.0,0.0,0.0,0.0,0.0,1.0,0.0,1.0,1.0,0.0
2,4,8.91763392391853,4.571542738172319,1,1771.8271871986965,4,2,2,6.885175694660985,117.20325087794166,1,0,1,1.0,0.0,0.0,0.0,0.0,0.0,0.0,0.0,0.0,0.0,0.0,0.0,1.0,0.0,0.0,0.0
4,4,8.882607885933538,8.066245357678316,1,2873.9039999074494,3,3,3,5.475304465308685,1.3440082496702588,0,1,1,0.0,0.0,0.0,0.0,0.0,0.0,1.0,0.0,1.0,0.0,0.0,1.0,0.0,0.0,1.0,0.0
1,1,7.4920566194763385,6.05287739792012,0,2319.769143487375,2,0,0,8.272874398533244,172.6005807046553,1,1,0,0.0,0.0,0.0,0.0,0.0,0.0,1.0,0.0,0.0,0.0,0.0,1.0,1.0,0.0,0.0,0.0
2,0,9.612035000393705,7.952020537573588,3,2849.7474430135717,3,0,0,8.188273356665327,75.21946987681493,1,0,1,1.0,1.0,0.0,0.0,0.0,1.0,0.0,0.0,0.0,0.0,0.0,1.0,0.0,0.0,0.0,1.0
3,3,2.6076575705161806,6.473494045476793,3,2029.4502064166693,3,2,3,7.807118419180561,276.5548729065702,0,1,4,1.0,0.0,0.0,0.0,0.0,0.0,0.0,0.0,0.0,0.0,0.0,0.0,1.0,0.0,1.0,0.0
0,1,9.553058624620776,4.054198898951935,3,1640.4303028844897,3,3,3,0.7481989787311387,234.94496969050385,1,1,5,0.0,0.0,0.0,0.0,0.0,0.0,1.0,0.0,0.0,0.0,0.0,1.0,1.0,0.0,1.0,0.0
4,5,1.5777233383025941,5.387659324287706,3,2727.621134263839,2,2,0,11.562992720026042,285.6216062336437,0,1,2,0.0,0.0,0.0,0.0,0.0,0.0,0.0,0.0,0.0,0.0,0.0,0.0,0.0,0.0,0.0,1.0
1,4,6.000596930727264,4.2543173971498955,1,781.264575439881,2,1,2,4.027226976432949,116.92358744803842,0,1,5,0.0,0.0,0.0,0.0,0.0,0.0,0.0,0.0,0.0,0.0,0.0,0.0,1.0,1.0,1.0,0.0
4,5,1.8117726130731002,6.5636195367991075,0,3435.8205026890364,0,0,0,2.954599122392565,198.51901785180522,1,1,4,0.0,0.0,0.0,0.0,0.0,0.0,1.0,0.0,0.0,0.0,0.0,0.0,1.0,0.0,0.0,0.0
3,3,6.112008776783227,9.040427720369099,1,3345.121322012102,4,0,3,2.5325930149448346,135.54059169781385,0,1,1,1.0,0.0,0.0,0.0,0.0,0.0,0.0,0.0,0.0,0.0,0.0,0.0,0.0,0.0,0.0,0.0
0,5,4.510987412101475,8.427980553850471,3,3141.105818608593,2,0,0,0.8314032490641314,272.80123675980155,1,1,1,0.0,0.0,0.0,0.0,0.0,0.0,1.0,0.0,0.0,0.0,0.0,0.0,0.0,0.0,0.0,0.0
3,0,1.734484883521482,8.733473117464394,0,3152.834296548937,1,0,4,5.484472237572689,97.27835254322791,1,1,2,1.0,0.0,0.0,0.0,0.0,0.0,1.0,0.0,0.0,0.0,0.0,0.0,0.0,0.0,1.0,0.0
0,1,6.833051245217695,8.843197892828375,2,2033.1683615042778,0,2,1,0.4987995771197875,98.55770944447386,1,1,0,0.0,0.0,0.0,0.0,0.0,0.0,1.0,0.0,0.0,0.0,0.0,0.0,0.0,0.0,0.0,0.0
2,0,7.580781996605577,6.231638728260853,0,1993.837161361615,3,2,1,1.9308541567148012,109.78305647748364,1,0,5,1.0,0.0,0.0,0.0,0.0,0.0,0.0,0.0,0.0,0.0,0.0,0.0,1.0,0.0,0.0,0.0
4,4,2.567668722579832,7.036154376960392,1,2960.2465144497605,3,1,4,0.06330201760806231,149.33676538838847,1,1,4,0.0,0.0,0.0,0.0,0.0,0.0,1.0,0.0,0.0,0.0,0.0,0.0,0.0,0.0,0.0,0.0
4,3,7.24993047377892,7.050707020512407,0,1349.769536602416,4,3,4,2.096175634036498,266.3157805085187,1,0,2,0.0,0.0,0.0,0.0,0.0,0.0,1.0,0.0,0.0,0.0,0.0,1.0,0.0,0.0,1.0,0.0
4,1,2.611427942329596,4.679251101616434,0,3049.7413382179557,4,1,1,11.942945858989802,62.24024762832179,0,0,3,0.0,0.0,0.0,0.0,0.0,0.0,0.0,0.0,0.0,0.0,0.0,0.0,1.0,0.0,0.0,0.0
2,1,2.2365680438374884,7.588852732769645,0,1102.640635711351,4,1,0,6.4974447034574965,195.39237105184725,1,0,1,1.0,0.0,0.0,0.0,0.0,0.0,0.0,0.0,0.0,0.0,0.0,0.0,0.0,1.0,0.0,0.0
2,3,2.3262693987227117,8.321078674002013,2,3137.3218132337934,3,2,0,0.8057831077643982,91.78719024625984,0,0,0,1.0,0.0,0.0,0.0,0.0,0.0,0.0,0.0,0.0,0.0,0.0,0.0,0.0,0.0,0.0,0.0
1,1,6.391706220589015,7.665806914679766,2,2123.255659356956,4,2,1,6.7697610116443965,24.79837183525787,1,0,1,0.0,0.0,0.0,0.0,0.0,0.0,0.0,0.0,0.0,0.0,0.0,0.0,0.0,0.0,1.0,0.0
4,3,8.009117273139427,8.475795608257137,1,3029.633082975211,0,0,2,7.2094955622879615,286.0970940399502,0,0,0,0.0,0.0,0.0,0.0,0.0,0.0,0.0,0.0,0.0,0.0,0.0,1.0,0.0,0.0,0.0,1.0
2,3,6.372043313264323,4.713347608749141,3,1979.4283507069754,1,1,2,6.572722198852055,235.73373254253426,1,0,2,1.0,0.0,0.0,0.0,0.0,0.0,0.0,0.0,0.0,0.0,0.0,0.0,1.0,0.0,1.0,0.0
3,1,8.284163077164205,8.568453678005064,1,2325.296558184529,2,2,4,4.031855881078659,285.6056476244358,1,0,2,1.0,1.0,0.0,0.0,0.0,0.0,0.0,0.0,0.0,0.0,0.0,1.0,0.0,0.0,1.0,0.0
1,1,6.323296069633323,5.248840620210858,2,3280.3583905222267,3,3,4,7.8868947418865964,120.08090094250787,0,1,2,0.0,0.0,0.0,0.0,0.0,0.0,0.0,0.0,0.0,0.0,0.0,1.0,1.0,0.0,1.0,0.0
3,2,8.17589122613638,9.260960937037197,2,1754.636756924297,1,1,1,1.7113103177837927,227.09407363584154,1,0,4,1.0,0.0,0.0,0.0,0.0,0.0,0.0,0.0,0.0,0.0,0.0,0.0,0.0,0.0,1.0,0.0
1,3,9.788702510199705,5.469587874104773,2,1160.8591641219398,1,0,4,2.634755298644258,195.34344658875966,1,0,4,0.0,0.0,0.0,0.0,0.0,0.0,0.0,0.0,0.0,0.0,0.0,1.0,1.0,0.0,0.0,0.0
3,1,4.518638271714021,6.951954302142641,3,772.9410153901661,4,3,2,11.936647360068804,185.70516144510086,0,1,3,1.0,0.0,0.0,0.0,0.0,0.0,0.0,0.0,0.0,0.0,0.0,0.0,0.0,1.0,1.0,1.0
0,2,2.3494795923420524,6.923597779939805,3,2269.937190968646,3,2,0,4.987054037866361,12.081107367098253,1,1,2,0.0,0.0,0.0,0.0,0.0,0.0,1.0,0.0,0.0,0.0,0.0,0.0,0.0,0.0,0.0,0.0
0,3,2.2185713053446188,5.613101922352081,2,2333.2553610200357,3,1,4,1.7735021701595812,21.518736027446206,0,0,2,0.0,0.0,0.0,0.0,0.0,0.0,0.0,0.0,0.0,0.0,0.0,0.0,1.0,0.0,1.0,0.0
1,1,6.377298369909383,6.170257506517567,3,2362.115328023486,0,2,3,2.6043049345573843,58.57883799364397,1,0,2,0.0,0.0,0.0,0.0,0.0,0.0,0.0,0.0,0.0,0.0,0.0,0.0,0.0,0.0,1.0,0.0
2,3,5.923927592698078,5.113580494453552,2,611.4983622743159,2,3,1,8.689585219680321,224.89618761569494,0,1,4,1.0,0.0,0.0,0.0,0.0,0.0,0.0,0.0,0.0,0.0,0.0,1.0,1.0,1.0,1.0,1.0
3,0,2.658118406878277,7.420604184751296,1,582.2464607161946,2,0,4,1.3950021976774316,239.50267056583507,1,0,1,1.0,0.0,0.0,0.0,0.0,0.0,0.0,0.0,0.0,0.0,0.0,0.0,0.0,1.0,0.0,0.0
1,0,8.93894466400906,9.478168152000881,3,3186.251060158781,3,1,4,4.247752011631534,194.1662590869021,1,1,4,0.0,0.0,0.0,0.0,0.0,0.0,0.0,0.0,0.0,0.0,0.0,1.0,0.0,0.0,0.0,0.0
0,1,9.610735316087696,5.899645434169902,0,2586.505949676095,4,3,4,3.940758285277043,57.62061018045035,0,0,1,0.0,0.0,0.0,0.0,0.0,0.0,0.0,0.0,0.0,0.0,0.0,1.0,1.0,0.0,1.0,0.0
1,1,3.278940787929715,7.048375658628746,1,839.9516239599154,1,1,4,2.735773610314379,233.28517904429728,1,0,3,0.0,0.0,0.0,0.0,0.0,0.0,0.0,0.0,0.0,0.0,0.0,0.0,1.0,1.0,1.0,0.0
2,0,2.8619463781096033,9.171283671451897,0,723.9103812237889,4,3,1,5.722055720197724,34.04054668971025,0,0,1,1.0,0.0,0.0,0.0,0.0,0.0,0.0,0.0,0.0,0.0,0.0,0.0,0.0,1.0,1.0,0.0
2,5,2.925296670767925,6.714994281672835,3,985.5710422742941,3,1,2,1.3215352814933112,268.2070195498817,1,1,0,1.0,0.0,0.0,0.0,0.0,0.0,1.0,0.0,0.0,0.0,0.0,0.0,0.0,1.0,0.0,0.0
3,1,4.486793767222235,8.987561970747517,3,2920.7569401827195,2,1,0,5.478805714684622,115.43223415421531,1,0,2,1.0,0.0,0.0,0.0,0.0,0.0,0.0,0.0,0.0,0.0,0.0,0.0,0.0,0.0,0.0,0.0
1,4,8.679044577690517,6.678343991019219,3,2669.2580832308295,4,0,3,0.39144411542596647,218.12630855429092,0,1,4,0.0,0.0,0.0,0.0,0.0,0.0,0.0,0.0,0.0,0.0,0.0,1.0,1.0,0.0,0.0,0.0
3,5,6.363645489470061,6.64145480026524,0,2415.959566974313,0,2,2,11.644103024621797,50.8485169385703,0,1,2,1.0,1.0,0.0,0.0,0.0,0.0,0.0,0.0,0.0,0.0,1.0,1.0,1.0,0.0,1.0,1.0
3,4,1.6079808855940292,4.943439773076052,1,2422.372361320824,3,0,4,7.258485827160541,94.28475816515606,1,0,4,1.0,0.0,0.0,0.0,0.0,0.0,0.0,0.0,0.0,0.0,0.0,0.0,1.0,0.0,1.0,0.0
3,4,5.256811766548605,4.749872946559684,1,3076.6215997452287,1,3,4,0.9008419620802632,148.58194921655507,0,1,0,1.0,0.0,0.0,0.0,0.0,0.0,0.0,0.0,0.0,0.0,0.0,0.0,1.0,0.0,1.0,0.0
2,0,1.8129851472528333,7.668980465766927,0,1500.376215089385,3,0,1,2.2887004066621723,148.90649631338243,1,1,0,1.0,0.0,0.0,0.0,0.0,0.0,0.0,0.0,0.0,0.0,0.0,0.0,1.0,0.0,0.0,0.0
4,2,4.655927026075961,8.964001148072324,2,1466.6900623411516,0,0,1,8.837395155182396,29.159925694122933,1,0,5,0.0,0.0,0.0,0.0,1.0,0.0,1.0,0.0,0.0,0.0,0.0,0.0,0.0,0.0,0.0,0.0
1,4,4.631681280729853,4.812438921101162,0,1776.280489015835,3,1,0,8.780059608920718,164.49567506396363,1,0,3,0.0,0.0,0.0,0.0,0.0,0.0,0.0,0.0,0.0,0.0,0.0,0.0,1.0,0.0,0.0,0.0
3,3,6.835173991386811,9.460563676641925,2,3469.02803627844,0,0,2,4.379800835496081,22.53537477350731,0,0,2,1.0,0.0,0.0,0.0,0.0,0.0,0.0,0.0,0.0,0.0,0.0,1.0,0.0,0.0,0.0,0.0
0,0,5.945085702667909,6.153278811186018,2,2164.6968278075065,1,1,1,1.7812471288031477,277.1039945496975,1,0,3,0.0,0.0,0.0,0.0,0.0,0.0,0.0,0.0,0.0,0.0,0.0,0.0,0.0,0.0,0.0,0.0
0,3,8.872793041051775,6.55154323912493,2,2140.7034051406386,4,2,4,6.4311273791068375,126.53023897591554,1,1,4,0.0,0.0,0.0,0.0,1.0,0.0,1.0,0.0,0.0,0.0,0.0,1.0,1.0,0.0,1.0,0.0
4,4,1.146476643989251,9.366720412108775,3,2928.7813592028147,3,2,4,3.316767125030754,131.72370448585372,1,0,5,0.0,0.0,0.0,0.0,0.0,0.0,1.0,0.0,0.0,0.0,0.0,0.0,0.0,0.0,1.0,0.0
2,4,7.965989398851842,9.377778701928438,3,1034.193498240782,2,2,2,1.1617028409720769,173.09805812567808,1,0,5,1.0,0.0,0.0,0.0,0.0,0.0,0.0,0.0,0.0,0.0,0.0,0.0,0.0,1.0,1.0,0.0
3,2,1.2039250686025755,7.149153261469432,1,1716.2030245505707,1,0,2,4.1519825046575285,234.50241598291828,1,1,2,1.0,0.0,0.0,0.0,0.0,0.0,1.0,0.0,0.0,0.0,0.0,0.0,0.0,0.0,0.0,0.0
3,1,3.738608456287294,5.660589666720045,2,2424.0872185767134,0,2,3,9.012150917322739,20.860451590838792,1,0,0,1.0,0.0,0.0,0.0,0.0,0.0,0.0,0.0,0.0,0.0,0.0,0.0,1.0,0.0,1.0,0.0
3,1,8.916968243616072,5.031636834029055,3,3464.0503052610297,0,0,4,4.249680718511516,210.89341362365633,0,0,2,1.0,0.0,0.0,0.0,0.0,0.0,0.0,0.0,0.0,0.0,0.0,1.0,1.0,0.0,0.0,0.0
1,1,7.213727545094096,5.629480284583279,3,963.4087900942368,3,2,4,0.4893623670412781,273.15925347510495,1,1,0,0.0,0.0,0.0,0.0,0.0,0.0,0.0,0.0,0.0,0.0,0.0,1.0,0.0,1.0,1.0,0.0
0,2,2.5479701052952897,8.683764385750749,2,1856.0803406802863,1,3,2,1.4447674216488706,131.7590196418699,1,1,3,0.0,0.0,0.0,0.0,0.0,0.0,0.0,0.0,0.0,0.0,0.0,0.0,0.0,0.0,1.0,0.0
0,1,5.417060897007486,5.9475448132818975,0,3216.7454063146693,0,2,1,7.15615260121588,3.979607629926729,0,1,1,0.0,0.0,0.0,0.0,0.0,0.0,0.0,0.0,0.0,0.0,0.0,0.0,1.0,0.0,1.0,0.0
4,2,7.497137628801872,8.167368766198052,1,2676.593205186342,2,1,3,6.265833713797969,74.21055693998258,1,1,4,0.0,0.0,0.0,0.0,0.0,0.0,1.0,0.0,0.0,1.0,0.0,0.0,0.0,0.0,1.0,0.0
1,0,9.436089892055763,5.171204933677583,3,2341.340711584738,1,0,1,8.098352514278229,282.31379609047667,1,0,5,0.0,0.0,0.0,0.0,0.0,0.0,0.0,0.0,0.0,0.0,0.0,1.0,1.0,0.0,0.0,1.0
2,1,6.7088907929638335,6.871021796133398,0,1271.3250890490483,4,3,0,6.861003685363603,35.40586457176488,1,1,1,1.0,0.0,0.0,0.0,0.0,0.0,0.0,0.0,0.0,0.0,0.0,0.0,1.0,1.0,0.0,0.0
2,1,1.2220787028963456,6.112637296352933,2,1061.6322025762806,1,0,1,5.966745158029827,4.084074165775831,1,1,3,1.0,0.0,0.0,0.0,0.0,0.0,0.0,0.0,0.0,0.0,0.0,0.0,1.0,1.0,0.0,0.0
0,0,5.497316737266552,7.021673939921384,2,1622.6368805949037,1,1,1,5.701441925377596,280.75801055019684,1,1,5,0.0,0.0,0.0,0.0,1.0,0.0,0.0,0.0,0.0,0.0,0.0,0.0,0.0,0.0,0.0,0.0
2,5,2.3766547525374495,7.419671745521059,0,1265.3237190759742,0,0,3,11.538452662579196,258.9077184715629,1,0,1,1.0,0.0,0.0,0.0,0.0,0.0,0.0,0.0,0.0,0.0,0.0,0.0,1.0,1.0,0.0,1.0
0,4,1.430015954274292,9.94560978780667,1,2925.42769657904,0,0,3,10.347482364392768,138.11761438914166,0,0,4,0.0,0.0,0.0,0.0,0.0,0.0,0.0,0.0,0.0,0.0,0.0,0.0,0.0,0.0,1.0,1.0
0,5,6.386595712134259,9.399370283135212,3,2662.1102833795762,2,1,0,4.594542198313597,1.618500604337192,1,1,0,0.0,0.0,0.0,0.0,0.0,0.0,0.0,0.0,0.0,0.0,0.0,0.0,0.0,0.0,0.0,0.0
0,3,7.99229712259382,8.175198865145145,2,3005.594362653013,1,2,0,7.8416554703177495,175.13115951999964,1,1,3,0.0,0.0,0.0,0.0,0.0,0.0,0.0,0.0,0.0,0.0,0.0,1.0,0.0,0.0,1.0,0.0
4,0,1.3245449994676388,4.922460823182512,3,1013.2469321134989,3,3,0,0.24519365902285495,245.02856441069864,0,0,0,0.0,0.0,0.0,0.0,0.0,0.0,0.0,0.0,0.0,0.0,0.0,0.0,0.0,0.0,1.0,0.0
2,5,8.052303438689675,9.514171338035311,1,1429.9080751091362,4,2,4,0.2514094191795673,85.82123536038806,1,0,0,1.0,0.0,0.0,0.0,0.0,0.0,0.0,0.0,1.0,0.0,0.0,0.0,0.0,0.0,1.0,0.0
4,2,7.357490918303578,9.355516424247998,3,2805.6543889240425,2,3,1,3.822866217225299,51.820637700417926,1,1,3,0.0,0.0,0.0,0.0,0.0,0.0,1.0,0.0,0.0,0.0,0.0,1.0,0.0,0.0,1.0,0.0
2,4,7.767881993515252,9.320220580445433,2,990.6452496833995,1,3,2,9.057204027769595,271.39761648676006,0,1,5,1.0,1.0,0.0,0.0,0.0,0.0,0.0,1.0,1.0,0.0,0.0,0.0,0.0,0.0,1.0,1.0
1,2,3.202555354441304,6.874101186118335,3,936.8151713666525,4,1,2,11.105502822785347,230.3778931538303,0,1,4,0.0,0.0,0.0,0.0,0.0,0.0,0.0,0.0,0.0,0.0,0.0,0.0,0.0,0.0,0.0,1.0
3,2,4.542359099440862,5.024240266366341,1,1649.1766416133419,4,1,1,8.1957104175694,134.4243693157356,0,0,2,1.0,0.0,0.0,0.0,0.0,0.0,0.0,0.0,0.0,0.0,0.0,0.0,1.0,0.0,0.0,0.0
4,2,2.0777574448649707,8.526419289813528,1,1059.3106638535037,4,2,4,8.47667353027834,271.5044324630978,1,0,2,0.0,0.0,0.0,0.0,1.0,0.0,0.0,0.0,0.0,0.0,0.0,0.0,0.0,1.0,0.0,1.0
2,1,3.1500185521101987,6.3310902339425414,0,736.7079741176125,4,1,0,0.3854204812567348,182.4467936879029,1,1,2,1.0,0.0,0.0,0.0,0.0,0.0,0.0,0.0,0.0,0.0,0.0,0.0,1.0,1.0,0.0,0.0
0,3,3.7251070432968705,6.06740973815341,0,1438.3235736649772,4,1,2,11.16191199561767,283.2265782068207,0,1,1,0.0,0.0,0.0,0.0,0.0,0.0,0.0,0.0,0.0,0.0,0.0,0.0,1.0,0.0,0.0,1.0
1,4,3.8749297558310754,6.344692075355664,0,3126.7985451194922,3,0,2,1.0415211814875578,30.948301793190048,0,0,0,0.0,0.0,0.0,0.0,0.0,0.0,0.0,0.0,0.0,0.0,0.0,0.0,1.0,0.0,0.0,0.0
4,0,2.5753589928713065,7.354423344794874,0,669.5987859188331,4,1,3,11.362897887268435,130.92447915897057,0,0,4,0.0,0.0,0.0,0.0,1.0,0.0,0.0,0.0,0.0,0.0,0.0,0.0,0.0,1.0,0.0,1.0
2,0,2.6984061826402903,6.001112984464954,1,2198.315362169472,1,1,0,1.7004755813071628,203.76502606211716,0,1,3,1.0,0.0,0.0,0.0,0.0,0.0,0.0,0.0,0.0,0.0,0.0,0.0,1.0,0.0,1.0,0.0
4,5,9.113233598129442,8.13952366598871,3,2189.011651742719,4,3,4,0.4006141952847422,122.36921722759858,1,1,5,0.0,0.0,0.0,0.0,0.0,0.0,1.0,1.0,0.0,1.0,0.0,1.0,0.0,0.0,1.0,0.0
2,3,8.055042533340451,7.886342774461975,1,2092.5216823761266,0,3,3,6.763319403940014,104.92977938314468,1,1,3,1.0,0.0,0.0,0.0,0.0,1.0,0.0,0.0,0.0,0.0,0.0,1.0,0.0,0.0,1.0,0.0
0,5,4.100299331422937,7.0531756829614025,3,2016.5261690451273,4,1,3,1.3637799244757787,208.6271635190177,1,0,2,0.0,0.0,0.0,0.0,0.0,0.0,0.0,0.0,0.0,0.0,0.0,0.0,0.0,0.0,0.0,0.0
4,3,9.528791855328647,4.323839390112972,3,551.7094092797889,1,0,2,0.34578175453472726,181.70623547645556,0,0,0,0.0,0.0,0.0,0.0,1.0,0.0,0.0,0.0,0.0,0.0,0.0,1.0,1.0,1.0,0.0,0.0
3,3,3.150304415130915,9.619256094227033,3,642.3535680390788,1,3,3,8.013929107595024,84.76174608149346,1,0,4,1.0,0.0,0.0,0.0,0.0,0.0,0.0,0.0,0.0,0.0,0.0,0.0,0.0,1.0,1.0,0.0
3,5,4.661384081050456,6.470177698722341,2,2033.62103796697,3,1,1,8.859091605160431,133.20057510093355,0,1,3,1.0,0.0,0.0,0.0,0.0,0.0,0.0,0.0,0.0,0.0,0.0,0.0,0.0,0.0,0.0,1.0
4,3,8.321727802911136,6.696719165715324,3,3404.9278181391783,0,0,0,3.515300771181088,212.07036759685306,0,1,5,0.0,0.0,0.0,0.0,0.0,0.0,1.0,0.0,0.0,0.0,0.0,1.0,0.0,0.0,0.0,0.0
0,1,4.98597733183264,6.736195073458994,1,1723.9273415172481,4,3,3,6.402098681098998,188.0717530279871,1,1,1,0.0,0.0,0.0,0.0,0.0,0.0,0.0,0.0,0.0,0.0,0.0,0.0,0.0,0.0,1.0,0.0
4,3,3.1116279061733136,6.190167749430815,2,1916.9802874803127,3,1,2,7.032541989120107,135.90789320986912,1,0,2,0.0,0.0,0.0,0.0,0.0,0.0,1.0,0.0,0.0,0.0,0.0,0.0,0.0,0.0,0.0,0.0
1,1,4.316819208593396,8.047527463708057,3,3446.1893460098167,0,0,1,1.9301696442152494,78.00143555765092,1,0,1,0.0,0.0,0.0,0.0,0.0,0.0,0.0,0.0,0.0,0.0,0.0,0.0,0.0,0.0,1.0,0.0
4,2,5.506489651372134,4.083506174943095,0,2837.3402163071805,4,2,1,5.280759257978496,34.376595138225085,1,0,0,0.0,0.0,0.0,0.0,0.0,0.0,1.0,0.0,0.0,0.0,0.0,0.0,1.0,0.0,0.0,0.0
0,4,6.585799452943037,9.241049975864073,0,2810.329541352969,0,3,3,7.643627196281059,252.05254359156493,0,1,5,0.0,0.0,0.0,0.0,0.0,0.0,0.0,0.0,0.0,0.0,0.0,0.0,0.0,0.0,1.0,0.0
2,0,4.65045849623371,4.614634151617362,0,2014.2063411193153,4,3,2,10.62830938644343,246.09407190153286,0,1,2,1.0,0.0,0.0,0.0,0.0,0.0,0.0,0.0,0.0,0.0,0.0,0.0,1.0,0.0,1.0,1.0
3,4,4.881738980079768,9.998282050628905,2,3193.7379595950224,4,1,3,5.026343536429123,183.99080878524487,1,0,0,1.0,0.0,0.0,0.0,0.0,0.0,0.0,0.0,0.0,0.0,0.0,0.0,0.0,0.0,0.0,0.0
0,3,3.3754925152128266,7.768495775060326,1,2243.5289161791966,3,2,4,8.39200166720218,171.40264483521818,0,1,0,0.0,0.0,0.0,0.0,0.0,0.0,0.0,0.0,0.0,0.0,0.0,0.0,0.0,0.0,1.0,0.0
0,1,5.818125685756705,4.397478844628104,1,2470.091977713067,3,1,4,6.0201689094713355,40.8989344183566,0,0,2,0.0,0.0,0.0,0.0,0.0,0.0,0.0,0.0,0.0,0.0,0.0,0.0,1.0,0.0,1.0,0.0
4,0,2.9751061039259175,7.374622356561046,3,2862.6665608766148,4,3,1,8.485022034991603,134.0194615263289,1,0,0,0.0,0.0,0.0,0.0,0.0,0.0,0.0,0.0,0.0,0.0,0.0,0.0,0.0,0.0,0.0,1.0
0,4,8.807735962972682,5.987846754793688,0,1719.7546403151932,4,0,1,9.467821855304484,145.15958644305485,1,1,5,0.0,0.0,0.0,0.0,1.0,0.0,0.0,0.0,0.0,0.0,0.0,1.0,1.0,0.0,0.0,1.0
3,4,7.726303632396713,9.718259338757402,0,3359.8108536295495,3,3,0,6.366617623419989,138.42448735377204,0,0,4,1.0,0.0,0.0,0.0,0.0,0.0,0.0,0.0,0.0,0.0,0.0,0.0,0.0,0.0,0.0,0.0
4,4,4.692510895727657,8.532826028691309,1,3464.021698547238,0,1,2,0.7332356421635451,72.62747761395929,1,1,5,0.0,0.0,0.0,0.0,0.0,0.0,1.0,0.0,0.0,0.0,0.0,0.0,0.0,0.0,0.0,0.0
3,2,7.72505062329563,7.042088011890618,3,2261.413496166011,3,2,4,10.504848461339561,37.14350744657662,1,1,5,1.0,0.0,0.0,0.0,0.0,0.0,0.0,0.0,0.0,0.0,0.0,1.0,0.0,0.0,1.0,0.0
2,3,1.0629634762843572,6.578664397044847,2,1166.1661617746672,1,2,1,7.211925264443586,279.41343720332236,0,1,0,1.0,0.0,0.0,0.0,0.0,0.0,0.0,0.0,0.0,0.0,0.0,0.0,0.0,1.0,0.0,1.0
2,2,4.100403003781569,9.975213194737218,2,2824.706051976316,0,1,4,7.207714060059307,166.9033946593328,1,1,3,1.0,0.0,0.0,0.0,0.0,0.0,1.0,0.0,0.0,0.0,0.0,0.0,0.0,0.0,1.0,0.0
3,2,4.9627103333210965,8.004304509764566,2,1466.415810439842,0,0,2,6.113579963190103,258.77081909584354,0,1,5,1.0,0.0,0.0,0.0,0.0,0.0,0.0,0.0,0.0,0.0,0.0,0.0,0.0,0.0,0.0,1.0
2,1,5.228186567911275,7.083578454347445,1,2231.310504766611,2,1,3,2.0876542445308623,201.59552688659912,1,1,5,1.0,0.0,0.0,0.0,0.0,0.0,1.0,0.0,0.0,0.0,0.0,0.0,0.0,0.0,1.0,0.0
2,1,7.73858329939305,6.387664704521772,1,760.1105613749546,4,2,1,5.83409208000121,246.09262536508064,0,1,2,1.0,1.0,0.0,0.0,0.0,0.0,0.0,0.0,0.0,0.0,0.0,0.0,0.0,1.0,0.0,0.0
0,5,9.665266848055424,5.947497144643371,3,2922.172115090452,0,2,0,6.441881990794787,64.79927823585184,0,1,5,0.0,0.0,0.0,0.0,0.0,0.0,0.0,0.0,0.0,0.0,0.0,1.0,1.0,0.0,1.0,0.0
3,3,4.419974173985228,8.232516542809776,2,3377.2608766120316,0,2,2,4.605185512474591,31.810258244517865,1,0,1,1.0,0.0,0.0,0.0,0.0,0.0,0.0,0.0,0.0,0.0,0.0,0.0,0.0,0.0,0.0,0.0
3,1,4.155398645750872,7.527313089436164,2,782.6645739009416,0,2,2,1.7892356299887142,184.16108625214304,1,1,4,1.0,0.0,0.0,0.0,0.0,0.0,1.0,0.0,0.0,0.0,0.0,0.0,0.0,1.0,1.0,0.0
3,5,6.494637039223566,9.089109011823595,0,2694.7971813405907,0,0,2,9.146842918480775,164.80395319204533,0,1,1,1.0,0.0,0.0,0.0,0.0,0.0,0.0,0.0,0.0,0.0,0.0,0.0,0.0,0.0,0.0,1.0
0,0,3.53128252772421,7.321364339820246,2,3082.5165906942398,2,1,2,5.4790736842864565,28.938939135409903,1,0,5,0.0,0.0,0.0,0.0,0.0,0.0,0.0,0.0,0.0,0.0,0.0,0.0,1.0,0.0,0.0,0.0
3,3,2.2721530043367033,7.493988340790864,1,828.5186582465086,4,1,3,8.407942796366907,183.38860849194936,0,1,5,1.0,0.0,0.0,0.0,0.0,0.0,0.0,0.0,0.0,0.0,0.0,0.0,0.0,1.0,0.0,1.0
3,0,9.65386783442979,6.864138969059082,1,1240.3894086904677,0,1,3,0.5637600796669213,54.569737888455116,1,0,5,1.0,1.0,0.0,0.0,0.0,1.0,0.0,0.0,0.0,0.0,0.0,1.0,0.0,1.0,0.0,0.0
0,2,8.285769611281198,8.5757256777464,2,1675.613744165158,4,1,0,6.052539426100952,32.4501122530626,1,0,0,0.0,0.0,0.0,0.0,0.0,0.0,0.0,0.0,0.0,0.0,0.0,1.0,0.0,0.0,0.0,0.0
4,3,9.62649597721715,6.489953056591109,1,3010.280995120359,4,0,3,0.8853529558904984,295.56856769105167,0,1,1,0.0,0.0,0.0,0.0,0.0,0.0,0.0,0.0,0.0,1.0,0.0,1.0,1.0,0.0,0.0,0.0
2,5,2.96049590815525,9.11163762837949,2,1980.293796509142,0,3,1,8.802459074280437,166.71490700107347,0,0,2,1.0,0.0,0.0,0.0,0.0,0.0,0.0,1.0,0.0,0.0,0.0,0.0,0.0,0.0,1.0,1.0
2,5,1.1602829347270354,5.9622685669288,0,910.8899076249114,2,0,4,6.971533734249822,98.93018297334807,1,0,5,1.0,0.0,0.0,0.0,0.0,0.0,0.0,0.0,0.0,0.0,0.0,0.0,1.0,1.0,1.0,0.0
3,5,4.935354181642958,8.155750278285794,0,1269.1131771112664,4,2,2,5.416693277531147,29.4167458230282,1,1,3,1.0,0.0,0.0,0.0,0.0,0.0,0.0,1.0,0.0,0.0,0.0,0.0,0.0,0.0,0.0,0.0
2,1,9.402480666924232,9.357825394597914,2,1902.1335226102028,3,1,1,11.674107327866999,275.01673552028745,0,0,5,1.0,1.0,0.0,0.0,0.0,0.0,0.0,0.0,0.0,0.0,0.0,1.0,0.0,0.0,0.0,1.0
2,0,2.2449280498458304,8.614443182176727,3,617.7927384656598,0,2,0,3.91219914850219,282.77375181734584,0,0,5,1.0,0.0,0.0,0.0,0.0,0.0,0.0,0.0,0.0,0.0,0.0,0.0,0.0,1.0,0.0,0.0
1,5,2.0546697055113854,6.055648855095708,3,2392.9912069076618,0,3,4,5.074675587871413,77.0866030925621,0,0,1,0.0,0.0,0.0,0.0,0.0,0.0,0.0,1.0,0.0,0.0,0.0,0.0,0.0,0.0,1.0,0.0
4,5,1.6205750582125784,8.238034017704639,1,575.9656892441761,2,2,3,8.850360681528837,130.50752459211094,1,0,1,0.0,0.0,0.0,0.0,0.0,0.0,1.0,1.0,0.0,0.0,0.0,0.0,0.0,1.0,0.0,1.0
4,1,7.885161990387773,5.241908887659842,3,2842.614032818064,4,3,1,6.300615582667604,193.66427295249596,1,1,3,0.0,0.0,0.0,0.0,0.0,0.0,1.0,0.0,0.0,0.0,0.0,1.0,0.0,0.0,0.0,0.0
0,0,8.073338804501851,4.348990476710856,1,2701.5528125164296,4,1,2,7.9022535593845475,33.34703672227286,1,1,4,0.0,0.0,0.0,0.0,0.0,0.0,0.0,0.0,0.0,0.0,0.0,1.0,1.0,0.0,0.0,0.0
3,3,7.258384500971177,8.748290437869105,3,3096.319975917946,2,3,0,11.715358815305496,161.087180058229,0,1,1,1.0,0.0,0.0,0.0,0.0,0.0,0.0,0.0,0.0,0.0,0.0,0.0,0.0,0.0,1.0,0.0
0,0,1.4796266061010248,8.848054691389994,1,973.1382215094739,2,0,4,8.348122230760133,65.59259760970221,0,1,4,0.0,0.0,0.0,0.0,1.0,0.0,0.0,0.0,0.0,0.0,0.0,0.0,0.0,1.0,0.0,0.0
1,0,7.509595022336834,4.137585633493585,0,2307.7556328724313,2,2,4,1.808504509822241,67.57915639646373,0,1,2,0.0,0.0,0.0,0.0,0.0,0.0,0.0,0.0,0.0,0.0,0.0,1.0,1.0,0.0,1.0,0.0
4,5,5.037659276155185,9.686770083219841,0,2843.0827507602717,2,0,4,2.512166059663206,180.91850064452228,0,0,4,0.0,0.0,0.0,0.0,0.0,0.0,0.0,0.0,0.0,0.0,0.0,0.0,0.0,0.0,0.0,0.0
0,2,2.4210497974294447,6.675398961431015,3,2047.2463417711183,3,0,2,10.438276969233002,93.02246331243124,0,0,3,0.0,0.0,0.0,0.0,1.0,0.0,0.0,0.0,0.0,0.0,0.0,0.0,0.0,0.0,0.0,0.0
1,0,3.656134094361419,9.431632884612334,2,892.4129810385042,1,3,0,0.5756890165451876,165.1058839927951,0,1,4,0.0,0.0,0.0,0.0,0.0,0.0,0.0,0.0,0.0,0.0,0.0,0.0,0.0,1.0,0.0,0.0
1,3,5.510321559396648,8.729047153869441,0,796.7768500313832,2,2,2,6.110118910648129,78.69275935582819,1,1,0,0.0,0.0,0.0,0.0,0.0,0.0,1.0,0.0,0.0,0.0,0.0,1.0,0.0,1.0,0.0,0.0
3,2,3.9668632504271297,9.403921166852275,3,2317.6922238237676,3,2,2,10.871466505385772,146.30682655141132,1,1,5,1.0,0.0,0.0,0.0,0.0,0.0,0.0,0.0,0.0,0.0,0.0,0.0,0.0,0.0,1.0,1.0
2,3,9.727743040674332,9.000253798702412,0,1992.8228248217345,2,3,1,9.314733666270872,279.6694807279232,1,0,3,1.0,1.0,0.0,0.0,0.0,0.0,0.0,0.0,0.0,0.0,0.0,1.0,0.0,0.0,1.0,1.0
2,5,5.272675675364794,9.843972217520946,1,3288.6804101964512,4,1,1,1.388005112142892,145.4176062440845,0,0,1,1.0,1.0,0.0,0.0,0.0,0.0,0.0,0.0,0.0,0.0,0.0,0.0,0.0,0.0,0.0,0.0
4,1,4.349354592269293,7.774606007654721,2,3001.5223130698128,3,2,0,8.885580243058318,150.40539448968204,1,1,2,0.0,0.0,0.0,0.0,0.0,0.0,1.0,0.0,0.0,0.0,0.0,0.0,1.0,0.0,0.0,0.0
2,3,7.05848886071233,5.363553082315013,0,2671.247574961444,3,0,2,4.584821364690763,147.85203135145758,0,0,1,1.0,0.0,0.0,0.0,0.0,0.0,0.0,0.0,0.0,0.0,0.0,0.0,1.0,0.0,0.0,0.0
3,4,6.854905511703233,6.3373787843979255,3,3447.190281642027,4,1,0,10.81541766925276,256.96872368528904,0,1,0,1.0,0.0,0.0,0.0,0.0,0.0,0.0,0.0,0.0,0.0,0.0,0.0,0.0,0.0,0.0,1.0
0,2,1.0219535236474067,8.511275491714487,2,2583.832050569599,2,1,4,6.87354710169423,204.52172561259832,0,1,2,0.0,0.0,0.0,0.0,0.0,0.0,0.0,0.0,0.0,0.0,0.0,0.0,0.0,0.0,1.0,0.0
1,5,6.566263284706687,4.941815672818369,3,777.0882010973198,1,2,3,6.585273344455693,9.187588685441261,0,0,4,0.0,0.0,0.0,0.0,0.0,0.0,0.0,0.0,0.0,0.0,0.0,1.0,1.0,1.0,1.0,0.0
4,2,3.1939207729213033,9.579054017074117,3,732.6889325221791,2,0,3,0.10453663878816988,35.386235386550226,0,0,4,0.0,0.0,0.0,0.0,0.0,0.0,0.0,0.0,0.0,0.0,0.0,0.0,0.0,1.0,0.0,0.0
4,2,4.377102774291295,5.231673481773589,3,2947.6075802298137,4,0,1,2.995873808735344,173.3663298946815,0,1,5,0.0,0.0,0.0,0.0,0.0,0.0,0.0,0.0,0.0,0.0,0.0,0.0,1.0,0.0,0.0,0.0
3,5,7.357140016613599,9.255848429077663,0,1582.1107508092132,4,0,3,4.9530513718274864,228.0542645780745,1,1,3,1.0,0.0,0.0,0.0,0.0,0.0,1.0,0.0,0.0,0.0,0.0,1.0,0.0,1.0,0.0,0.0
1,3,6.0164759890962625,6.902343669031527,0,3272.8513596870357,1,1,4,8.687018032066682,35.10211979023048,1,0,0,0.0,0.0,0.0,0.0,0.0,0.0,0.0,0.0,0.0,0.0,0.0,1.0,1.0,0.0,1.0,0.0
0,5,4.3178962973958726,9.043720890228045,0,854.7423051544242,2,2,3,6.2405960746913856,150.83538076874567,0,0,2,0.0,0.0,0.0,0.0,1.0,0.0,0.0,1.0,0.0,0.0,0.0,0.0,0.0,1.0,1.0,0.0
4,4,2.5066931665341166,9.749774184866673,0,1096.3610358057242,1,0,3,10.230467248200814,192.74857286582693,1,0,2,0.0,0.0,0.0,0.0,0.0,0.0,1.0,0.0,0.0,0.0,0.0,0.0,0.0,1.0,1.0,0.0
3,4,5.5493396852297785,6.532884712454349,2,2819.5024979300606,0,3,4,0.4122030775143233,120.24068825677955,0,0,5,1.0,0.0,0.0,0.0,0.0,0.0,0.0,0.0,0.0,0.0,0.0,0.0,1.0,0.0,1.0,0.0
1,1,3.874294211564829,8.179627245507422,0,3042.4233251841183,1,1,4,3.8746702425190516,208.05215016347793,0,1,0,0.0,0.0,0.0,0.0,0.0,0.0,0.0,0.0,0.0,0.0,0.0,0.0,0.0,0.0,0.0,0.0
2,2,9.216350275672676,5.360305620456111,1,3101.589032857494,0,1,0,7.171075108603366,102.78790741559772,1,1,5,1.0,1.0,0.0,0.0,0.0,0.0,0.0,0.0,0.0,0.0,0.0,1.0,0.0,0.0,0.0,0.0
3,5,5.809119762601456,8.80471430007123,2,797.4177957544157,1,3,4,7.9050719628952395,186.90561598622946,0,1,1,1.0,0.0,0.0,0.0,0.0,0.0,0.0,1.0,0.0,0.0,0.0,0.0,0.0,1.0,1.0,0.0
2,3,8.793675947533712,8.919553895698645,2,1645.4069074654078,0,0,3,6.028910886247758,229.7130982947078,0,1,4,1.0,0.0,0.0,0.0,0.0,0.0,0.0,0.0,0.0,0.0,0.0,1.0,0.0,0.0,1.0,1.0
4,1,4.511629256351602,5.771474224196776,1,2439.159059309549,1,0,3,4.786230619920927,286.7450665619267,0,1,2,0.0,0.0,0.0,0.0,0.0,0.0,1.0,0.0,0.0,0.0,0.0,0.0,1.0,0.0,1.0,0.0
0,1,8.446934474091645,4.144844574824139,0,3256.3868500446897,3,1,1,0.8586711442423174,191.66854827682604,0,0,5,0.0,0.0,0.0,0.0,0.0,0.0,0.0,0.0,0.0,0.0,0.0,1.0,1.0,0.0,0.0,0.0
1,4,1.5088321195487078,6.587231510678947,0,1217.0450931252972,4,0,2,8.354909151879385,105.4738295217782,1,0,1,0.0,0.0,0.0,0.0,0.0,0.0,0.0,0.0,0.0,0.0,0.0,0.0,1.0,0.0,0.0,0.0
0,1,3.6830712301121347,5.020003205471272,3,2301.0286504411497,4,2,4,10.844714979888309,216.37219113411302,0,1,2,0.0,0.0,0.0,0.0,0.0,0.0,0.0,0.0,0.0,0.0,0.0,0.0,0.0,0.0,1.0,0.0
3,0,1.7035833974022945,8.911306481613238,1,930.5578863455202,2,3,4,9.706056452288758,241.3438635024586,1,0,3,1.0,0.0,0.0,0.0,0.0,0.0,0.0,0.0,0.0,0.0,0.0,0.0,0.0,1.0,1.0,1.0
3,4,1.2848516264338652,5.566583668102937,2,2741.836134266349,2,1,0,8.414759956685963,124.39088552156534,1,0,1,1.0,0.0,0.0,0.0,0.0,0.0,0.0,0.0,0.0,0.0,0.0,0.0,1.0,0.0,0.0,0.0
4,1,9.26976020790807,9.662156755279163,2,882.5733700086631,4,3,2,7.609930700210545,108.77010606348148,1,0,1,0.0,0.0,0.0,0.0,1.0,0.0,1.0,0.0,0.0,1.0,0.0,1.0,0.0,1.0,1.0,0.0
2,4,7.451818699597118,9.830853766461335,1,3499.947465326717,2,0,3,9.264488669980535,45.74039844996748,1,1,4,1.0,1.0,0.0,0.0,0.0,0.0,0.0,0.0,0.0,0.0,0.0,0.0,0.0,0.0,0.0,1.0
0,3,6.625990580216236,9.453015544422769,2,776.8006990623195,0,2,0,9.320780037065477,203.0698939688468,0,1,4,0.0,0.0,0.0,0.0,1.0,0.0,0.0,0.0,0.0,0.0,0.0,0.0,0.0,1.0,1.0,0.0
2,5,5.792435284706497,7.597686866237046,1,2556.011468114151,4,2,1,0.08328524388608871,133.4607619455785,0,1,4,1.0,1.0,0.0,0.0,0.0,0.0,0.0,0.0,0.0,0.0,0.0,0.0,0.0,0.0,0.0,0.0
0,3,6.125986325951578,5.604568023915496,1,2831.116502494648,3,1,2,4.294181166391463,39.87260285280573,0,1,1,0.0,0.0,0.0,0.0,0.0,0.0,0.0,0.0,0.0,0.0,0.0,0.0,1.0,0.0,1.0,0.0
3,5,6.748213432478082,8.843550488998215,3,1273.9693503699284,3,3,3,10.416643544696793,168.43717594263597,1,1,1,1.0,0.0,0.0,0.0,0.0,0.0,0.0,1.0,0.0,0.0,0.0,1.0,0.0,1.0,0.0,1.0
3,5,8.43921815266093,8.209572287248086,1,1264.4860079487205,0,1,0,10.209402790589532,296.9636337424036,1,1,5,1.0,1.0,0.0,0.0,0.0,0.0,0.0,0.0,0.0,0.0,0.0,1.0,0.0,0.0,1.0,1.0
4,1,6.3719970021597545,9.863010082301574,2,2288.4411548000603,2,3,2,8.519465096470595,15.39890039320978,1,0,5,0.0,0.0,0.0,0.0,0.0,0.0,1.0,0.0,0.0,0.0,0.0,0.0,0.0,0.0,1.0,0.0
1,5,7.737226867997942,6.26351204389743,2,2391.423754639922,2,2,3,3.708845497788492,154.65551213366982,1,0,2,0.0,0.0,0.0,0.0,0.0,0.0,0.0,0.0,0.0,0.0,0.0,0.0,1.0,0.0,1.0,0.0
1,4,3.528802466467614,4.352607995006321,0,2661.5779284973933,4,0,4,9.574949078270322,280.74768085994555,1,0,3,0.0,0.0,0.0,0.0,0.0,0.0,0.0,0.0,0.0,0.0,0.0,0.0,1.0,0.0,0.0,1.0
0,0,9.79085564034825,9.990317973033678,2,2240.8819630457774,1,3,4,2.7786568588625107,287.7382099773339,0,1,0,0.0,0.0,0.0,0.0,0.0,0.0,0.0,0.0,0.0,0.0,0.0,1.0,0.0,0.0,1.0,0.0
2,0,1.2870748759332602,9.029581836633252,3,1023.4003219112963,1,0,1,2.6891886306558295,102.5166192099668,0,0,3,1.0,0.0,0.0,0.0,0.0,0.0,0.0,0.0,0.0,0.0,0.0,0.0,0.0,0.0,0.0,0.0
2,1,4.479189357495839,5.328938129791295,1,3272.430423962823,3,0,3,6.428802930644019,51.48183243896829,1,1,0,1.0,0.0,0.0,0.0,0.0,0.0,1.0,0.0,0.0,0.0,0.0,0.0,1.0,0.0,0.0,0.0
3,0,8.938445963533335,8.353767195397923,3,999.8347271403386,0,3,2,6.856091762544176,126.21804798024608,0,1,0,1.0,1.0,0.0,0.0,0.0,0.0,0.0,0.0,0.0,0.0,0.0,1.0,0.0,1.0,1.0,0.0
3,2,2.6247066641757115,4.004141050388669,0,2195.7155551156493,3,3,1,4.215938257264234,95.55869620920011,1,0,3,1.0,0.0,0.0,0.0,0.0,0.0,0.0,0.0,0.0,0.0,0.0,0.0,1.0,0.0,0.0,0.0
0,5,2.2720428364029215,7.346854347301483,0,3260.008533983846,0,1,2,7.245302437643533,144.77575570975472,0,0,5,0.0,0.0,0.0,0.0,0.0,0.0,0.0,0.0,0.0,0.0,1.0,0.0,0.0,0.0,1.0,0.0
1,2,4.288876902099221,6.1770294460097706,3,3238.9087743539753,1,2,0,8.509346574218986,178.78803817860663,1,0,5,0.0,0.0,0.0,0.0,0.0,0.0,0.0,0.0,0.0,0.0,0.0,0.0,0.0,0.0,1.0,1.0
2,0,4.853752304651447,6.287998247425762,3,1003.7194244319464,2,2,0,2.1626142354047606,230.472085215062,1,1,2,1.0,0.0,0.0,0.0,0.0,0.0,0.0,0.0,0.0,0.0,0.0,0.0,0.0,1.0,0.0,0.0
1,2,9.40054654595555,5.467118837032455,3,1215.8080871928698,0,2,1,3.4633825674978684,190.24721708457682,1,1,3,0.0,0.0,0.0,0.0,0.0,0.0,0.0,0.0,0.0,0.0,0.0,1.0,1.0,0.0,1.0,0.0
0,1,8.52507581237939,5.6490712938000645,2,2305.551731178551,0,3,1,8.398057415535176,267.61630699760786,0,1,3,0.0,0.0,0.0,0.0,0.0,0.0,0.0,0.0,0.0,0.0,0.0,1.0,1.0,0.0,1.0,0.0
4,5,5.176806739214627,6.7280119831369065,0,1511.4929992344414,2,0,0,11.127014083724042,220.71307518255668,1,0,2,0.0,0.0,0.0,0.0,0.0,0.0,1.0,0.0,0.0,0.0,0.0,0.0,0.0,1.0,0.0,0.0
3,0,9.756775907934427,5.4888702128666536,1,2692.6497184348486,3,0,0,10.613304959329929,155.59423016263423,0,0,4,1.0,1.0,0.0,0.0,0.0,1.0,0.0,0.0,0.0,0.0,0.0,1.0,1.0,0.0,0.0,1.0
2,4,6.780505637431579,6.798639681216628,2,2067.212962802203,1,3,2,1.5557659128433285,35.789772441873346,0,1,4,1.0,0.0,0.0,0.0,0.0,0.0,0.0,0.0,0.0,0.0,0.0,0.0,0.0,0.0,1.0,0.0
1,2,8.862928587837022,7.464086323422734,0,1298.270167832567,1,2,0,6.836704252063387,241.12582678805126,0,1,2,0.0,0.0,0.0,0.0,0.0,0.0,0.0,0.0,0.0,0.0,0.0,1.0,0.0,1.0,0.0,0.0
4,0,3.214512824381429,8.26666853711506,2,1733.1137528370282,3,2,3,9.602106424654027,214.24979036042131,0,0,1,0.0,0.0,0.0,0.0,0.0,0.0,0.0,0.0,0.0,0.0,0.0,0.0,0.0,0.0,1.0,1.0
0,4,5.400676668699845,8.062873904096907,0,2573.333213234717,4,1,0,2.847918631470517,100.85076142090738,0,1,5,0.0,0.0,0.0,0.0,0.0,0.0,0.0,0.0,0.0,0.0,0.0,0.0,1.0,0.0,0.0,0.0
2,2,1.2674549202078995,5.45193563862714,0,2855.424077572205,2,1,3,7.718288222376154,69.58718059119597,0,0,4,1.0,0.0,0.0,0.0,0.0,0.0,0.0,0.0,0.0,0.0,0.0,0.0,1.0,0.0,1.0,0.0
4,4,1.0799217393980396,4.235137542568679,0,1608.6829704337017,2,0,0,5.1316556244451785,197.42386396611982,0,0,2,0.0,0.0,0.0,0.0,0.0,0.0,0.0,0.0,0.0,0.0,0.0,0.0,1.0,0.0,0.0,0.0
4,3,7.34907898845518,8.996091196558783,0,814.9561500936983,4,1,3,7.95277632754034,25.267710083848684,0,1,1,0.0,0.0,0.0,0.0,0.0,0.0,0.0,0.0,0.0,0.0,0.0,1.0,0.0,1.0,0.0,0.0
1,4,2.0646426021904065,9.23387705778756,0,1559.8310217078404,0,0,0,0.38527532463227576,236.17528486300563,0,0,2,0.0,0.0,0.0,0.0,0.0,0.0,0.0,0.0,0.0,0.0,0.0,0.0,0.0,1.0,0.0,0.0
3,2,5.930274133997359,9.873337118399629,3,2391.4121587655113,4,1,2,3.755435850582626,68.06540880055208,1,0,5,1.0,0.0,0.0,0.0,0.0,0.0,0.0,0.0,0.0,0.0,0.0,0.0,0.0,0.0,0.0,0.0
0,0,7.26406733989018,9.758269343417126,3,2779.4964825392058,2,3,3,3.6879311662382657,178.04256530308842,0,1,1,0.0,0.0,0.0,0.0,0.0,0.0,0.0,0.0,0.0,0.0,0.0,0.0,0.0,0.0,1.0,0.0
0,0,1.2901112760667535,7.802884160157904,2,3138.977715907952,1,0,0,5.024078255333528,91.0685938334374,1,1,5,0.0,0.0,0.0,0.0,0.0,0.0,0.0,0.0,0.0,0.0,0.0,0.0,0.0,0.0,0.0,0.0
1,2,5.038672592311138,9.36563022364947,1,3385.825646775619,3,2,0,1.3744559267096919,143.17203283835318,1,0,1,0.0,0.0,0.0,0.0,0.0,0.0,0.0,0.0,0.0,0.0,0.0,0.0,0.0,0.0,1.0,0.0
4,2,7.157367432872558,6.688050515928332,0,2088.09252348279,4,0,3,5.239427396067177,240.18883875922955,0,0,1,0.0,0.0,0.0,0.0,0.0,0.0,0.0,0.0,0.0,0.0,0.0,0.0,1.0,0.0,0.0,0.0
3,4,9.007578890693651,8.724013838350258,3,3140.6223294526344,4,2,3,6.4979789852149565,86.10839930118757,0,1,0,1.0,0.0,0.0,0.0,0.0,0.0,0.0,0.0,0.0,0.0,0.0,1.0,0.0,0.0,1.0,0.0
2,2,3.693070905414908,9.732007253540306,3,1286.234052876898,3,1,2,0.3199066797666039,9.927207087197075,1,0,0,1.0,0.0,0.0,0.0,0.0,0.0,0.0,0.0,0.0,0.0,0.0,0.0,0.0,1.0,0.0,0.0
1,5,9.767948767158972,8.777671343245984,3,2178.9551432760945,2,2,0,3.6109809940322477,23.217767749732644,0,0,1,0.0,0.0,0.0,0.0,0.0,0.0,0.0,0.0,0.0,0.0,0.0,1.0,0.0,0.0,1.0,0.0
0,1,8.600873496937275,6.494592195710802,1,2118.154777593424,0,1,1,2.127494352321203,22.34251056143558,1,0,4,0.0,0.0,0.0,0.0,0.0,0.0,0.0,0.0,0.0,0.0,0.0,1.0,0.0,0.0,0.0,0.0
1,2,6.855715648736689,6.26655548240059,0,2806.0824235324944,0,3,1,11.665952007153741,137.70594953596702,1,0,3,0.0,0.0,0.0,0.0,0.0,0.0,0.0,0.0,0.0,0.0,0.0,0.0,1.0,0.0,1.0,1.0
0,4,4.52732956521518,5.7492565251239345,2,2819.368548506754,4,2,3,1.5625945755665613,24.98427824708238,0,1,3,0.0,0.0,0.0,0.0,0.0,0.0,0.0,0.0,0.0,0.0,0.0,0.0,0.0,0.0,0.0,0.0
0,0,7.399993385795487,6.202381145882965,1,1356.0288749688762,0,2,1,7.528985298845225,123.80076655208123,1,0,0,0.0,0.0,0.0,0.0,1.0,0.0,0.0,0.0,0.0,0.0,0.0,1.0,0.0,1.0,1.0,0.0
3,1,8.34573942163318,8.923459970753218,1,3157.5843022093245,2,2,1,4.822236345801631,209.35659095325747,0,0,3,1.0,1.0,0.0,0.0,0.0,0.0,0.0,0.0,0.0,0.0,0.0,1.0,0.0,0.0,1.0,0.0
0,4,3.729698873979016,8.20900192731146,1,3174.4789499956023,2,3,1,3.447975235359796,263.9605965434205,0,1,3,0.0,0.0,0.0,0.0,0.0,0.0,0.0,0.0,0.0,0.0,0.0,0.0,0.0,0.0,1.0,0.0
0,3,9.935470584163264,5.4992750772503465,0,3344.7245772687747,3,2,0,10.24890769940729,66.42953158575851,0,0,3,0.0,0.0,0.0,0.0,0.0,0.0,0.0,0.0,0.0,0.0,0.0,1.0,1.0,0.0,0.0,0.0
2,4,9.177574327791751,8.2692107714965,3,1872.9329824675108,1,0,4,7.969046155716183,263.00037114005823,0,0,3,1.0,0.0,0.0,0.0,0.0,0.0,0.0,0.0,0.0,0.0,0.0,1.0,0.0,0.0,1.0,1.0
1,3,5.369512963086303,6.2763727962399525,0,3462.2429724397903,3,0,2,7.443623680417137,293.4252187942666,1,0,0,0.0,0.0,0.0,0.0,0.0,0.0,0.0,0.0,0.0,0.0,0.0,0.0,1.0,0.0,0.0,1.0
2,5,7.505469241978557,7.346635042219872,3,2854.7339922928945,2,2,2,1.123890996234397,187.71233301953697,0,0,2,1.0,1.0,0.0,0.0,0.0,0.0,0.0,0.0,0.0,0.0,0.0,0.0,0.0,0.0,1.0,0.0
0,5,5.716080051569037,6.2222156366160775,3,2459.562146640437,4,1,1,3.1076316060017066,221.16617168968716,1,1,4,0.0,0.0,0.0,0.0,0.0,0.0,1.0,0.0,0.0,0.0,0.0,0.0,1.0,0.0,0.0,0.0
1,5,7.848374969773236,7.129776117315041,0,1796.7739109125416,0,2,0,3.317906876994542,144.91124096471822,0,1,0,0.0,0.0,0.0,0.0,0.0,0.0,0.0,0.0,0.0,0.0,0.0,1.0,1.0,0.0,0.0,0.0
2,0,8.442839834901832,8.378823370555269,2,3027.2936624247513,3,2,3,5.212557017879964,22.45439293086623,1,0,0,1.0,1.0,0.0,0.0,0.0,1.0,0.0,0.0,0.0,0.0,0.0,1.0,0.0,0.0,1.0,0.0
3,3,1.2090029964133828,8.386783903722993,0,2792.412664924596,3,0,3,11.057617368607204,287.9821695090039,1,0,4,1.0,0.0,0.0,0.0,0.0,0.0,0.0,0.0,0.0,0.0,0.0,0.0,0.0,0.0,1.0,1.0
2,0,1.7121882673058433,8.51909547580657,3,2256.674795721456,4,2,0,4.843832367011439,283.5799820806668,1,1,3,1.0,0.0,0.0,0.0,0.0,0.0,1.0,0.0,0.0,0.0,0.0,0.0,0.0,0.0,0.0,0.0
2,1,4.028206742890543,6.3462327729411765,2,3491.437661020216,2,3,4,3.9362521400009776,96.8325061086084,1,0,1,1.0,0.0,0.0,0.0,0.0,0.0,0.0,0.0,0.0,0.0,0.0,0.0,0.0,0.0,1.0,0.0
2,1,9.258522693691146,8.142972657480124,0,1248.3840967821895,1,1,4,0.8512423133281382,58.72231464371346,1,0,2,1.0,1.0,0.0,0.0,0.0,0.0,0.0,0.0,0.0,0.0,0.0,1.0,0.0,1.0,0.0,0.0
1,3,4.584462248290507,5.432269788682496,3,2425.26227385984,2,3,4,4.619494601612347,19.645402943706035,1,1,5,0.0,0.0,0.0,0.0,0.0,0.0,1.0,0.0,0.0,0.0,0.0,0.0,0.0,0.0,1.0,0.0
1,2,8.987609936817318,6.864570522519193,3,1463.3814966550217,4,3,2,0.6282908116361883,149.3456439720601,1,0,1,0.0,0.0,0.0,0.0,0.0,0.0,0.0,0.0,0.0,0.0,0.0,1.0,0.0,0.0,0.0,0.0
2,5,5.161905213685777,7.498641500819659,3,1873.529721024574,0,1,3,4.382453517313136,277.4306803727281,0,1,2,1.0,0.0,0.0,0.0,0.0,0.0,0.0,1.0,0.0,0.0,0.0,0.0,0.0,0.0,1.0,0.0
0,1,3.5996762828041606,8.118893123632153,1,1516.8394824315787,3,3,0,11.613412717463493,12.282411197417275,0,0,4,0.0,0.0,0.0,0.0,1.0,0.0,0.0,0.0,0.0,0.0,0.0,0.0,0.0,1.0,0.0,0.0
3,3,9.105806647562456,9.471975950525504,3,1503.6656157607326,1,3,2,6.672729039674217,183.46435077991498,0,1,1,1.0,0.0,0.0,0.0,0.0,0.0,0.0,0.0,0.0,0.0,0.0,1.0,0.0,0.0,1.0,1.0
3,4,6.046036920268097,5.828611819238746,2,1630.478325420725,3,3,0,2.5064462479695018,250.66860080854408,0,0,2,1.0,1.0,0.0,0.0,0.0,0.0,0.0,0.0,0.0,0.0,0.0,1.0,1.0,0.0,1.0,0.0
1,5,4.244358655270371,9.071715487869758,2,670.0387294099976,2,1,4,3.5906378453800207,113.91075065564219,0,0,1,0.0,0.0,0.0,0.0,0.0,0.0,0.0,0.0,0.0,0.0,0.0,0.0,0.0,1.0,1.0,0.0
1,1,1.3996630326503512,5.866745512055984,1,619.5832500438694,4,2,4,6.853199777336408,183.59303278725673,0,1,2,0.0,0.0,0.0,0.0,0.0,0.0,0.0,0.0,0.0,0.0,0.0,0.0,0.0,1.0,1.0,0.0
1,4,1.998398192034015,7.311456514211962,1,2674.766786522916,0,2,0,0.23142533908074414,133.14397012705436,1,1,1,0.0,0.0,0.0,0.0,0.0,0.0,0.0,0.0,0.0,0.0,0.0,0.0,0.0,0.0,0.0,0.0
3,0,2.2537929487737745,8.968599084548796,2,1432.725658890673,0,1,2,10.794854035923027,19.619874616203226,1,1,5,1.0,0.0,0.0,0.0,0.0,0.0,0.0,0.0,0.0,0.0,0.0,0.0,0.0,0.0,1.0,0.0
3,3,4.283526613695456,8.338897631618142,2,563.6438324704206,4,2,2,6.937657331786104,151.33829028727192,1,1,0,1.0,0.0,0.0,0.0,0.0,0.0,0.0,0.0,0.0,0.0,0.0,0.0,0.0,1.0,1.0,1.0
0,2,6.4659966016990955,9.177218013263978,0,744.4434697302112,1,3,3,5.90740750844493,26.717360286387425,0,1,3,0.0,0.0,0.0,0.0,1.0,0.0,0.0,0.0,0.0,0.0,0.0,1.0,0.0,1.0,1.0,0.0
2,5,3.7683110297973688,8.889287155098241,1,1087.547723708118,0,0,2,8.594806110078643,205.49084076647708,0,1,3,1.0,0.0,0.0,0.0,0.0,0.0,0.0,0.0,0.0,0.0,0.0,0.0,0.0,0.0,0.0,1.0
0,4,1.5897487038832017,5.658083571607222,0,644.63676875016,4,3,4,2.4031332932907894,93.02926281237487,0,1,4,0.0,0.0,0.0,0.0,1.0,0.0,0.0,0.0,0.0,0.0,0.0,0.0,1.0,1.0,1.0,0.0
2,5,3.383278635856004,9.957620030270867,1,3338.441613199231,2,1,1,0.2597210701083834,240.75089350933536,1,1,0,1.0,0.0,0.0,0.0,0.0,0.0,0.0,0.0,0.0,0.0,0.0,0.0,0.0,0.0,0.0,0.0
1,5,4.678134858096492,9.621990593242437,3,2205.082640477971,4,3,1,7.382661794938592,176.11082200840795,1,1,5,0.0,0.0,0.0,0.0,0.0,0.0,0.0,0.0,1.0,0.0,0.0,1.0,0.0,0.0,1.0,0.0
1,2,9.930429358050961,6.5810477274297385,2,1682.0731093458037,2,0,3,1.9200289247908562,280.50922173314075,0,0,1,0.0,0.0,0.0,0.0,0.0,0.0,0.0,0.0,0.0,0.0,0.0,1.0,1.0,0.0,1.0,0.0
2,4,4.536882142758448,4.283256854133257,0,2098.136701558066,3,3,2,0.1468795043104829,221.32270897711626,0,0,4,1.0,0.0,0.0,0.0,0.0,0.0,0.0,0.0,0.0,0.0,0.0,0.0,1.0,0.0,0.0,0.0
1,0,1.8027587687269957,5.82098003913478,2,838.4603025773466,2,1,0,11.147000713032693,217.45605662425353,0,0,0,0.0,0.0,0.0,0.0,0.0,0.0,0.0,0.0,0.0,0.0,0.0,0.0,0.0,1.0,0.0,1.0
1,3,6.2300333302654005,9.016915183578561,0,2605.5367400326504,2,3,3,9.46102551466393,91.38384032542379,1,0,0,0.0,0.0,0.0,0.0,0.0,0.0,0.0,0.0,0.0,0.0,0.0,0.0,0.0,0.0,1.0,0.0
3,0,9.276760653636607,9.705222516993002,0,3408.7714826978545,2,1,1,1.3704130834012087,132.57503615150188,1,0,3,1.0,1.0,0.0,0.0,0.0,0.0,0.0,0.0,0.0,0.0,0.0,1.0,0.0,0.0,0.0,0.0
4,4,8.08026128975575,8.990031725559296,3,891.9714067374531,1,2,4,10.756210398005091,223.67060220797623,0,1,0,0.0,0.0,0.0,0.0,1.0,0.0,0.0,1.0,0.0,0.0,0.0,0.0,0.0,1.0,1.0,1.0
0,5,8.52596478268513,6.380459419627576,0,957.8003677723632,3,2,4,0.8108870127801824,216.60250833791258,0,0,2,0.0,0.0,0.0,0.0,0.0,0.0,0.0,0.0,0.0,0.0,0.0,1.0,1.0,0.0,1.0,0.0
1,4,9.354086164920973,4.339218998117987,1,2385.9901545063103,2,0,2,9.635877264288435,207.68698125398666,0,1,2,0.0,0.0,0.0,0.0,0.0,0.0,0.0,0.0,0.0,0.0,0.0,1.0,1.0,0.0,0.0,1.0
4,5,6.728891530469842,7.105497064057245,0,955.7897820584649,0,0,4,4.9736588848152365,2.3853221691456317,1,1,2,0.0,0.0,0.0,0.0,1.0,0.0,1.0,0.0,0.0,1.0,0.0,0.0,1.0,0.0,0.0,0.0
2,1,9.954304575881489,6.258295053178944,2,878.1583647492976,1,2,4,6.218172625558934,5.19644586916439,0,1,0,1.0,0.0,0.0,0.0,0.0,0.0,0.0,0.0,0.0,0.0,0.0,1.0,0.0,1.0,1.0,0.0
1,5,1.2995341289168572,4.737834323068508,2,2511.4514527104193,2,1,3,8.019943495596374,20.240055432712722,1,1,4,0.0,0.0,0.0,0.0,0.0,0.0,0.0,0.0,0.0,0.0,0.0,0.0,1.0,0.0,1.0,0.0
2,3,8.51355708529206,4.635120078334633,3,2355.9724021536504,4,2,3,1.1851387665656197,9.475043733566824,1,1,1,1.0,0.0,0.0,0.0,0.0,0.0,0.0,0.0,0.0,0.0,0.0,1.0,0.0,0.0,0.0,0.0
0,4,8.713096025700356,4.918221301936574,3,1153.211032419938,2,3,4,10.893077610779589,231.85471759761202,1,1,4,0.0,0.0,0.0,0.0,0.0,0.0,0.0,0.0,0.0,0.0,0.0,1.0,1.0,0.0,1.0,1.0
0,4,9.250303516857684,5.234942040307838,2,2969.5368464807784,2,3,4,1.7236904968940845,164.06838917633561,0,0,1,0.0,0.0,0.0,0.0,0.0,0.0,0.0,0.0,0.0,0.0,0.0,1.0,1.0,0.0,1.0,0.0
3,3,5.303525118722641,8.52271845619283,1,815.7525359617867,0,0,2,11.299010622945614,151.46866586926646,1,1,1,1.0,1.0,0.0,0.0,0.0,0.0,0.0,0.0,0.0,0.0,0.0,0.0,0.0,1.0,0.0,1.0
2,1,8.0898033125854,6.290220823004248,0,1497.7246977576144,1,1,0,1.097794130471176,25.679824274764073,0,1,0,1.0,1.0,0.0,0.0,0.0,1.0,0.0,0.0,0.0,0.0,0.0,1.0,1.0,0.0,0.0,0.0
3,3,2.755723592090618,6.621628781171072,3,2716.6029314108846,1,0,3,2.06410043241187,232.38698390010592,1,0,5,1.0,0.0,0.0,0.0,0.0,0.0,0.0,0.0,0.0,0.0,0.0,0.0,0.0,0.0,1.0,0.0
1,3,6.428172026603929,7.590288009898708,2,2341.7036306372383,2,2,2,0.6906684212088825,27.85330354017188,1,1,2,0.0,0.0,0.0,0.0,0.0,0.0,0.0,0.0,0.0,0.0,0.0,1.0,0.0,0.0,1.0,0.0
4,5,4.227806371271153,9.760800864592097,0,2300.2128594605956,4,2,1,4.7734192292153725,66.54411509231137,1,0,0,0.0,0.0,0.0,0.0,0.0,0.0,1.0,0.0,0.0,0.0,0.0,0.0,0.0,0.0,0.0,0.0
2,2,6.365562855957779,8.53881429340203,2,2558.8223868414284,4,3,0,7.090393551248403,245.67276321438763,0,1,1,1.0,0.0,0.0,0.0,0.0,0.0,0.0,0.0,0.0,0.0,0.0,0.0,0.0,0.0,1.0,0.0
3,3,7.0800445644247025,7.874275683287206,1,2439.3881745162466,1,1,3,7.5008961869716115,207.77314678673287,0,1,0,1.0,0.0,0.0,0.0,0.0,0.0,0.0,0.0,0.0,0.0,0.0,0.0,1.0,0.0,1.0,0.0
0,3,4.123618000715609,8.462992801646909,1,3122.812219370852,3,1,4,9.942227471790147,27.783975451915133,0,1,0,0.0,0.0,0.0,0.0,0.0,0.0,0.0,0.0,0.0,0.0,0.0,0.0,0.0,0.0,1.0,1.0
0,0,2.9461446937258478,8.315755126711526,1,2206.3020427099864,4,2,2,6.340558005743173,22.168204912060794,1,0,0,0.0,0.0,0.0,0.0,0.0,0.0,0.0,0.0,0.0,0.0,0.0,0.0,0.0,0.0,0.0,0.0
3,0,3.8951911797340126,8.141495565965661,3,1703.8534470847287,1,0,1,6.121339486538879,121.94910225486969,1,0,4,1.0,0.0,0.0,0.0,0.0,0.0,0.0,0.0,0.0,0.0,0.0,0.0,0.0,0.0,0.0,0.0
4,0,6.975615205966983,6.97844271699914,0,2798.267981587544,2,0,0,3.9137510324435683,181.01812555290974,0,1,3,0.0,0.0,0.0,0.0,0.0,0.0,1.0,0.0,0.0,0.0,0.0,0.0,0.0,0.0,0.0,0.0
4,3,7.091868103055295,7.401082480839872,3,1277.7190834847197,2,2,3,7.813266142602683,74.02823260778563,1,1,5,0.0,0.0,0.0,0.0,1.0,0.0,1.0,0.0,0.0,0.0,0.0,0.0,0.0,1.0,1.0,0.0
1,2,7.6718524242168895,6.768948798693681,0,2778.7761072555504,0,1,0,10.90234705939215,175.55214924616018,0,1,5,0.0,0.0,0.0,0.0,0.0,0.0,0.0,0.0,0.0,0.0,0.0,1.0,0.0,0.0,1.0,1.0
0,5,2.1388294771543537,6.369750982281988,0,1339.9519368096135,2,1,0,4.263603566006264,107.82091142545896,1,0,3,0.0,0.0,0.0,0.0,1.0,0.0,0.0,0.0,0.0,0.0,0.0,0.0,1.0,0.0,0.0,0.0
4,4,8.366656512290154,5.624608430537518,2,1941.1422753529919,0,3,0,4.276256509851789,176.58935590752415,1,1,3,0.0,0.0,0.0,0.0,0.0,0.0,1.0,0.0,0.0,0.0,0.0,1.0,1.0,0.0,1.0,0.0
3,0,7.193330213868599,6.131279207574341,0,2717.5799547218335,1,0,1,4.119894734226549,217.6535535660429,0,0,5,1.0,1.0,0.0,0.0,0.0,0.0,0.0,0.0,0.0,0.0,0.0,0.0,1.0,0.0,0.0,0.0
1,0,1.2745456902157526,6.571177703857926,3,2382.977743464621,0,3,1,2.7289591789591263,252.94863695430627,0,1,5,0.0,0.0,0.0,0.0,0.0,0.0,0.0,0.0,0.0,0.0,0.0,0.0,1.0,0.0,0.0,0.0
3,2,4.020380644915457,7.476276429906916,2,757.0671358879936,3,2,1,6.8005269178618075,58.754021812115134,1,1,0,1.0,0.0,0.0,0.0,0.0,0.0,0.0,0.0,0.0,0.0,0.0,0.0,0.0,1.0,0.0,0.0
4,5,5.200401303158294,6.999250583218084,1,1839.6790306579453,4,1,0,1.2669013965921376,25.53613968398244,1,0,3,0.0,0.0,0.0,0.0,0.0,0.0,1.0,0.0,0.0,0.0,0.0,0.0,1.0,0.0,0.0,0.0
1,0,4.2455574134813325,4.647693725663554,1,2935.566679904724,1,3,3,10.017565452794493,35.514050692762,1,1,4,0.0,0.0,0.0,0.0,0.0,0.0,0.0,0.0,0.0,0.0,0.0,0.0,1.0,0.0,1.0,0.0
3,1,2.056751993875718,6.039841932743562,3,3490.2949171136506,0,2,4,1.6530332602005315,49.613967956399485,0,1,5,1.0,0.0,0.0,0.0,0.0,0.0,0.0,0.0,0.0,0.0,0.0,0.0,0.0,0.0,1.0,0.0
3,0,2.866116560545063,6.25716081160978,3,1900.393945201802,2,1,1,2.0871586635559383,97.30637260571177,0,1,2,1.0,0.0,0.0,0.0,0.0,0.0,0.0,0.0,0.0,0.0,0.0,0.0,0.0,0.0,0.0,0.0
2,2,1.2210525541911927,8.241555790678554,2,757.7771676653167,0,1,1,0.8228908652727474,8.590665133049525,1,0,3,1.0,0.0,0.0,0.0,0.0,0.0,0.0,0.0,0.0,0.0,0.0,0.0,0.0,1.0,0.0,0.0
3,5,1.8376944521730656,5.997352506132727,0,1598.557131184813,2,1,4,4.576166056572178,249.76159849219664,0,0,2,1.0,0.0,0.0,0.0,0.0,0.0,0.0,0.0,0.0,0.0,0.0,0.0,1.0,1.0,0.0,0.0
1,4,3.396701059520903,4.047734893507827,2,1969.7689929381356,2,3,4,9.091743622347343,254.7165371416771,0,1,3,0.0,0.0,0.0,0.0,0.0,0.0,0.0,0.0,0.0,0.0,0.0,0.0,1.0,0.0,1.0,0.0
4,2,8.379732390721575,4.50601973998025,0,720.2855848921031,2,1,3,10.921129598082715,213.94656085212603,1,0,3,0.0,0.0,0.0,0.0,1.0,0.0,1.0,0.0,0.0,0.0,0.0,1.0,1.0,1.0,1.0,1.0
4,0,5.739737589434802,6.981990507821379,1,3092.7769497706845,2,0,2,5.211369372842891,106.94468393563513,0,1,3,0.0,0.0,0.0,0.0,0.0,0.0,0.0,0.0,0.0,0.0,0.0,0.0,0.0,0.0,1.0,0.0
4,2,4.820481016219954,5.130973025634224,2,2116.3733147213757,2,2,4,2.8216383933620612,212.0246485938836,1,0,4,0.0,0.0,0.0,0.0,0.0,0.0,1.0,0.0,0.0,0.0,0.0,0.0,1.0,0.0,1.0,0.0
3,3,6.959466495626941,6.967734467675396,1,1748.3467923241,0,3,3,8.707855721415068,172.38198499148672,0,0,0,1.0,1.0,0.0,0.0,0.0,0.0,0.0,0.0,0.0,0.0,0.0,0.0,0.0,0.0,1.0,1.0
0,1,5.8735950429250465,7.445232232516735,3,1691.5535138329903,3,1,3,8.25772615740958,198.70365678490464,1,1,0,0.0,0.0,0.0,0.0,0.0,0.0,0.0,0.0,0.0,0.0,0.0,0.0,0.0,0.0,0.0,1.0
1,4,2.183625340800636,9.600627415416128,3,584.9256105336201,3,3,0,8.179736984990441,26.365116616070992,0,1,5,0.0,0.0,0.0,0.0,0.0,0.0,0.0,1.0,0.0,0.0,0.0,0.0,0.0,1.0,0.0,0.0
2,5,3.003610274417706,7.933479546092919,0,2056.6268642008877,0,1,3,5.321080298591631,262.415034544623,0,1,2,1.0,0.0,0.0,0.0,0.0,0.0,0.0,0.0,0.0,0.0,0.0,0.0,1.0,0.0,0.0,0.0
4,1,3.0027012489154687,4.1862443358005965,3,1926.728244953515,2,1,1,6.783579138106338,104.60401277149339,1,1,2,0.0,0.0,0.0,0.0,0.0,0.0,1.0,0.0,0.0,0.0,0.0,0.0,1.0,0.0,0.0,0.0
2,1,6.399572613511079,6.284383109709067,3,1537.6557711224502,1,2,3,0.7436027137724941,80.7675869873639,1,1,4,1.0,0.0,0.0,0.0,0.0,0.0,1.0,0.0,0.0,0.0,0.0,1.0,1.0,0.0,1.0,0.0
2,0,5.1546192957041175,8.76074182468923,0,2476.03187571751,1,0,2,3.0001520708111635,117.24428807380258,0,0,3,1.0,1.0,0.0,0.0,0.0,0.0,0.0,0.0,0.0,0.0,0.0,0.0,1.0,0.0,0.0,0.0
0,4,4.488265563047683,5.563374735939568,1,1733.096735504147,3,3,0,11.12334134948407,74.18942264878129,0,0,3,0.0,0.0,0.0,0.0,1.0,0.0,0.0,1.0,0.0,0.0,0.0,0.0,1.0,0.0,1.0,1.0
3,2,6.009752555936092,9.549838429001447,3,2215.292011516144,2,2,2,0.501356585712966,298.2507925039655,0,1,5,1.0,0.0,0.0,0.0,0.0,0.0,0.0,0.0,0.0,0.0,0.0,0.0,0.0,0.0,1.0,0.0
1,1,9.731042072043016,7.174064251381827,0,3155.12727437111,4,1,2,3.619199864296698,193.86440461873548,0,1,2,0.0,0.0,0.0,0.0,0.0,0.0,0.0,0.0,0.0,0.0,0.0,1.0,1.0,0.0,0.0,0.0
0,1,3.8277411045028913,4.554686150933235,0,1591.6601027541915,2,0,0,2.7197317415515947,268.92340818442625,1,0,1,0.0,0.0,0.0,0.0,1.0,0.0,0.0,0.0,0.0,0.0,0.0,0.0,1.0,0.0,0.0,0.0
4,0,5.681758902701656,5.4500232410816825,2,1693.7715190656459,0,2,4,1.5628671294572793,285.307880701867,1,0,0,0.0,0.0,0.0,0.0,0.0,0.0,1.0,0.0,0.0,0.0,0.0,0.0,0.0,0.0,1.0,0.0
0,2,5.323330140797041,9.437795194531976,3,3097.7119138005332,3,2,4,11.092221444620332,174.3721795356238,0,0,5,0.0,0.0,0.0,0.0,0.0,0.0,0.0,0.0,0.0,0.0,0.0,0.0,0.0,0.0,1.0,1.0
0,4,7.449787285712603,9.948758507048858,1,1574.281790713546,0,3,0,1.5107526813234777,240.1555439646746,1,1,0,0.0,0.0,0.0,0.0,0.0,0.0,0.0,0.0,0.0,0.0,0.0,0.0,0.0,0.0,0.0,0.0
0,1,7.572612411846245,9.178095355404121,3,1818.088697206053,1,1,0,5.872456016907295,271.5868180396545,0,1,2,0.0,0.0,0.0,0.0,0.0,0.0,0.0,0.0,0.0,0.0,0.0,0.0,0.0,0.0,1.0,1.0
2,0,7.561636492717365,5.924060107911528,2,2902.4366670747845,4,0,0,10.074113841757882,45.00265298992721,1,1,2,1.0,0.0,0.0,0.0,0.0,0.0,0.0,0.0,0.0,0.0,0.0,1.0,1.0,0.0,0.0,0.0
0,2,2.8136762194487033,8.61291407506059,0,2275.6007071742897,4,1,2,0.0464641276160096,80.74755651601096,1,1,5,0.0,0.0,0.0,0.0,0.0,0.0,1.0,0.0,0.0,0.0,0.0,0.0,0.0,0.0,0.0,0.0
4,4,5.04183822725069,5.333365861577534,1,3301.6575463107924,0,3,3,1.302332141587145,120.48434640793133,1,0,2,0.0,0.0,0.0,0.0,0.0,0.0,1.0,0.0,0.0,0.0,0.0,1.0,1.0,0.0,1.0,0.0
2,2,8.300572219262238,6.307133724688766,2,1911.9888205166867,4,3,1,4.102730419532765,186.85269627140087,0,0,0,1.0,0.0,0.0,0.0,0.0,0.0,0.0,0.0,0.0,0.0,0.0,1.0,0.0,0.0,1.0,0.0
1,1,4.433771534865794,8.183008771604184,1,1937.0792251404744,4,1,4,1.7701800439174784,230.48913310785002,1,0,1,0.0,0.0,0.0,0.0,0.0,0.0,0.0,0.0,0.0,0.0,0.0,0.0,1.0,0.0,0.0,0.0
0,0,9.85829605560936,9.81340803510737,0,628.785112149437,4,0,1,2.1919151929409697,103.50127630474022,1,0,3,0.0,0.0,0.0,0.0,1.0,0.0,0.0,0.0,0.0,0.0,0.0,1.0,0.0,1.0,0.0,0.0
2,4,4.283080676129792,6.635189660688443,0,1091.90949098545,4,0,1,7.093869759724015,252.8066549758477,0,1,4,1.0,0.0,0.0,0.0,0.0,0.0,0.0,0.0,0.0,0.0,0.0,0.0,1.0,1.0,0.0,1.0
0,5,5.479001446077714,6.975018526200019,2,2119.997948155373,0,2,2,2.047574507496145,196.30832978754302,1,0,0,0.0,0.0,0.0,0.0,0.0,0.0,0.0,0.0,0.0,0.0,0.0,0.0,0.0,0.0,0.0,0.0
4,4,5.2707303532229215,5.321011173706326,3,1061.3319109134595,0,0,4,7.6661667774012106,111.60662664034602,1,0,4,0.0,0.0,0.0,0.0,0.0,0.0,1.0,0.0,0.0,0.0,0.0,0.0,1.0,1.0,1.0,0.0
1,3,4.9029742222231825,6.419336456496191,1,1860.7501870468952,3,2,1,10.986222177051122,204.21414371790982,0,1,1,0.0,0.0,0.0,0.0,0.0,0.0,0.0,0.0,0.0,0.0,0.0,0.0,1.0,0.0,0.0,1.0
2,4,8.610682314876595,4.378111646173866,3,1349.9515403826936,0,0,1,2.753144351715504,255.61035822554905,0,0,1,1.0,0.0,0.0,0.0,0.0,0.0,0.0,0.0,0.0,0.0,0.0,1.0,1.0,0.0,0.0,0.0
0,2,2.397477137932122,9.151515373761033,2,562.439992131718,1,1,1,2.5474200580697723,100.78542030734195,0,1,0,0.0,0.0,0.0,0.0,1.0,0.0,0.0,0.0,0.0,0.0,0.0,0.0,0.0,1.0,0.0,0.0
0,0,6.108982357725847,4.140007535285203,1,1925.3282826167474,4,3,2,0.13672309328008847,116.09459242739688,0,1,1,0.0,0.0,0.0,0.0,0.0,0.0,0.0,0.0,0.0,0.0,0.0,0.0,1.0,0.0,0.0,0.0
1,2,6.567414196198813,8.10114750756011,2,2438.8099467613547,4,1,2,0.17599671963871666,207.55017559022764,0,0,3,0.0,0.0,0.0,0.0,0.0,0.0,0.0,0.0,0.0,0.0,0.0,0.0,0.0,0.0,1.0,0.0
0,4,8.660991772624337,5.639330208725002,1,1514.7010893903985,1,2,4,4.759518731493039,128.9466529305373,0,0,5,0.0,0.0,0.0,0.0,1.0,0.0,0.0,0.0,0.0,0.0,0.0,1.0,1.0,0.0,1.0,0.0
3,3,6.482801439334976,6.85665659219897,3,2829.580884587639,2,1,0,5.868504959559635,53.300384740823795,0,1,0,1.0,0.0,0.0,0.0,0.0,0.0,0.0,0.0,0.0,0.0,0.0,1.0,0.0,0.0,0.0,0.0
4,5,9.640183130090026,5.689350640598545,3,938.1617923837955,2,3,2,2.1937294632129243,256.2497916634922,1,1,5,0.0,0.0,0.0,0.0,1.0,0.0,1.0,1.0,1.0,1.0,0.0,1.0,1.0,0.0,1.0,0.0
4,5,8.849509410348361,6.400424008161426,3,773.875206266306,1,1,1,3.875855627507468,60.46333282091159,0,0,1,0.0,0.0,0.0,0.0,1.0,0.0,0.0,0.0,0.0,0.0,0.0,1.0,1.0,1.0,1.0,0.0
1,1,4.138659535174583,7.280667318514276,0,3304.5244821381884,1,3,2,1.683719415207738,73.90283671715939,0,0,5,0.0,0.0,0.0,0.0,0.0,0.0,0.0,0.0,0.0,0.0,0.0,0.0,1.0,0.0,1.0,0.0
3,0,8.73915800761751,7.845360468593168,0,3264.9696431210346,2,3,3,8.174965774972442,260.3446331326244,1,0,4,1.0,0.0,0.0,0.0,0.0,0.0,0.0,0.0,0.0,0.0,0.0,1.0,0.0,0.0,1.0,0.0
2,1,9.6263003268411,9.641716858594698,3,1719.6327455157166,3,1,4,4.715271031574716,192.58678246644752,1,0,4,1.0,1.0,0.0,0.0,0.0,0.0,0.0,0.0,0.0,0.0,0.0,1.0,0.0,0.0,1.0,0.0
0,5,3.3147746283212767,5.9932054106538875,3,1759.7956641437074,4,0,2,8.81200933445772,129.48243252840967,1,0,2,0.0,0.0,0.0,0.0,0.0,0.0,0.0,0.0,0.0,0.0,0.0,0.0,0.0,0.0,0.0,0.0
0,4,6.491879259979676,7.509145077842511,2,3053.1067393919943,4,3,1,6.603756713801347,114.54280702028119,1,0,5,0.0,0.0,0.0,0.0,0.0,0.0,0.0,0.0,0.0,0.0,0.0,1.0,0.0,0.0,1.0,0.0
2,0,3.53623521107922,9.410332883249465,0,2091.5633541378793,0,2,4,4.527589692939315,54.970912945214465,0,0,2,1.0,1.0,0.0,0.0,0.0,0.0,0.0,0.0,0.0,0.0,0.0,0.0,0.0,0.0,1.0,0.0
2,0,6.8461055117399585,5.741390847702055,3,851.3413648015949,3,3,0,7.516400187343141,20.374860264252483,0,1,0,1.0,0.0,0.0,0.0,0.0,0.0,0.0,0.0,0.0,0.0,0.0,0.0,0.0,1.0,1.0,0.0
0,3,1.842785240923197,9.190299886752886,1,844.6203281540045,3,1,0,0.08602923432753462,272.8265855165231,1,0,1,0.0,0.0,0.0,0.0,1.0,0.0,0.0,0.0,0.0,0.0,0.0,0.0,0.0,1.0,0.0,0.0
4,3,7.607692196821517,9.745330578339095,1,893.392214929087,0,1,4,8.284373422251592,13.41913830544974,1,1,0,0.0,0.0,0.0,0.0,0.0,0.0,1.0,0.0,0.0,1.0,0.0,1.0,0.0,1.0,1.0,0.0
3,5,4.778378457358086,9.084962233761482,1,2842.295613006669,4,0,4,4.452581595001718,18.503708216323933,1,0,1,1.0,0.0,0.0,0.0,0.0,0.0,0.0,0.0,0.0,0.0,0.0,0.0,0.0,0.0,0.0,0.0
2,4,6.285764608087931,7.419163008049582,1,2305.688796780329,2,3,2,6.162915856975862,225.63048084755584,1,0,0,1.0,0.0,0.0,0.0,0.0,0.0,0.0,0.0,0.0,0.0,0.0,1.0,0.0,0.0,0.0,1.0
4,1,1.2327616227114833,8.33269323995977,1,1399.2985733272149,3,3,1,6.280917366639851,268.12317173296447,1,0,2,0.0,0.0,0.0,0.0,0.0,0.0,1.0,0.0,0.0,0.0,0.0,0.0,0.0,0.0,0.0,1.0
4,0,7.258973096892955,6.8863952113062625,1,986.2202612097484,3,3,4,6.700948377803423,212.91378701672383,0,1,3,0.0,0.0,0.0,0.0,0.0,0.0,1.0,0.0,0.0,0.0,0.0,0.0,1.0,1.0,1.0,1.0
4,3,5.463922187217191,7.58353482669841,2,870.3905619019968,1,1,4,8.42863816059236,72.62294614945426,0,0,3,0.0,0.0,0.0,0.0,0.0,0.0,0.0,0.0,0.0,0.0,0.0,0.0,0.0,1.0,1.0,0.0
1,3,6.627259069190578,9.846844401869634,0,2724.162526352935,1,1,4,1.3277535463906784,81.19504894805742,0,1,1,0.0,0.0,0.0,0.0,0.0,0.0,0.0,0.0,0.0,0.0,0.0,0.0,0.0,0.0,0.0,0.0
4,5,3.8410117513855666,5.50672333693327,1,3157.587708827317,1,1,3,5.867733121117304,288.4133686046119,0,1,1,0.0,0.0,0.0,0.0,0.0,0.0,1.0,0.0,0.0,0.0,0.0,0.0,1.0,0.0,1.0,0.0
2,3,2.31238156079273,8.755282735243863,0,2093.235160013657,3,0,2,0.9978360955551522,210.02475206049962,1,1,3,1.0,0.0,0.0,0.0,0.0,0.0,0.0,0.0,0.0,0.0,0.0,0.0,0.0,0.0,0.0,0.0
3,3,4.9188604779652785,7.03739889852882,2,2818.1302915552974,3,0,1,2.8098392898500557,248.34136331533176,1,0,1,1.0,0.0,0.0,0.0,0.0,0.0,0.0,0.0,0.0,0.0,0.0,0.0,0.0,0.0,0.0,0.0
4,1,9.49581209157727,5.061239520591236,3,1349.3852149749275,3,1,2,2.2711741547570266,133.91030420753717,0,1,0,0.0,0.0,0.0,0.0,0.0,0.0,0.0,0.0,0.0,0.0,0.0,1.0,1.0,1.0,0.0,0.0
0,0,3.050146239884248,7.8612122842266645,3,2256.991380362255,0,2,2,7.184512109103065,232.95696765086717,1,1,4,0.0,0.0,0.0,0.0,0.0,0.0,0.0,0.0,0.0,0.0,0.0,0.0,0.0,0.0,0.0,0.0
2,5,7.082551108317265,8.754561439210459,0,1814.1165435354278,0,3,2,7.273169840113441,294.2314510162411,0,1,3,1.0,1.0,0.0,0.0,0.0,0.0,0.0,1.0,1.0,0.0,0.0,1.0,1.0,0.0,1.0,0.0
0,4,1.4485918963108726,7.412534915940216,2,763.0825765408769,3,3,4,9.970793117224481,107.01603491766816,1,1,1,0.0,0.0,0.0,0.0,1.0,0.0,1.0,1.0,0.0,0.0,0.0,0.0,0.0,1.0,1.0,0.0
1,0,7.462898067402356,9.024596805949955,0,1962.100323424274,4,2,0,6.262046089570539,96.15687458101222,1,1,5,0.0,0.0,0.0,0.0,0.0,0.0,0.0,0.0,0.0,0.0,0.0,0.0,0.0,0.0,0.0,0.0
2,4,3.1459346812134377,6.195211684521924,1,3040.360246996873,1,3,0,8.936142189108269,12.884305247487992,0,1,1,1.0,0.0,0.0,0.0,0.0,0.0,0.0,0.0,0.0,0.0,0.0,0.0,1.0,0.0,1.0,0.0
4,2,5.063653542063992,9.482609793924656,1,655.3475534779849,2,3,2,10.668935765530227,221.1067592886906,0,1,4,0.0,0.0,0.0,0.0,1.0,0.0,0.0,0.0,0.0,0.0,0.0,1.0,0.0,1.0,0.0,1.0
4,2,4.309777905352966,7.889920599917963,2,1931.3179309134666,4,2,1,1.6024369421759763,72.20097546623097,1,0,0,0.0,0.0,0.0,0.0,0.0,0.0,1.0,0.0,0.0,0.0,0.0,0.0,0.0,0.0,1.0,0.0
1,5,2.015563089856199,8.818955949589379,1,3119.7892281831055,1,3,4,8.651632079583663,76.17336862078925,0,1,2,0.0,0.0,0.0,0.0,0.0,0.0,0.0,0.0,0.0,0.0,0.0,0.0,0.0,0.0,1.0,1.0
1,5,4.110237572605982,5.637910749149848,2,2870.2157884299304,2,3,4,3.9352331673649075,189.60215992136813,0,1,1,0.0,0.0,0.0,0.0,0.0,0.0,0.0,0.0,0.0,0.0,0.0,0.0,1.0,0.0,1.0,0.0
2,1,4.15112462463867,6.6767698714175,2,1980.349938999948,0,0,4,3.336765006725052,221.64852812594614,0,0,0,1.0,0.0,0.0,0.0,0.0,0.0,0.0,0.0,0.0,0.0,0.0,0.0,0.0,0.0,1.0,0.0
4,1,5.698950751267764,9.457704470440872,3,1014.0339177910621,1,1,1,11.555791657539686,122.24285742581992,0,1,2,0.0,0.0,0.0,0.0,0.0,0.0,0.0,0.0,0.0,0.0,0.0,0.0,0.0,1.0,0.0,0.0
4,4,9.751163796459887,4.305373303011289,0,3045.5785888744986,1,3,4,2.4774811589091974,283.3625181056059,0,0,1,0.0,0.0,0.0,0.0,0.0,0.0,0.0,0.0,0.0,1.0,0.0,1.0,1.0,0.0,1.0,0.0
1,5,5.230157702595673,6.423890281379084,3,959.4037470638649,3,0,0,10.974636492790747,48.51351975436149,1,1,1,0.0,0.0,0.0,0.0,0.0,0.0,0.0,0.0,0.0,0.0,0.0,0.0,1.0,1.0,0.0,1.0
0,0,9.229835400693705,8.681911948323016,3,1330.4621395913055,1,2,4,9.884597693862705,158.20499726517028,0,1,3,0.0,0.0,0.0,0.0,1.0,0.0,0.0,0.0,0.0,0.0,0.0,1.0,0.0,1.0,1.0,1.0
3,5,5.154018927062999,8.462888141068012,2,872.8255743567029,2,1,1,10.543589446476812,185.19888869427402,0,1,5,1.0,0.0,0.0,0.0,0.0,0.0,0.0,1.0,0.0,0.0,0.0,1.0,0.0,1.0,0.0,1.0
1,2,1.967889707874455,9.109736984616198,3,1877.027343283702,1,2,0,7.031801684285192,185.21439454769245,0,0,1,0.0,0.0,0.0,0.0,0.0,0.0,0.0,0.0,0.0,0.0,0.0,0.0,0.0,0.0,0.0,0.0
0,3,3.0713760574834614,8.43634200807246,0,2387.5937839179524,0,3,4,7.016469665519929,197.05542923734512,1,0,0,0.0,0.0,0.0,0.0,0.0,0.0,0.0,0.0,0.0,0.0,0.0,0.0,0.0,0.0,1.0,0.0
0,0,4.6676590845184025,9.682552895014037,0,2981.3549329572247,3,1,2,4.830985001526042,190.1649833159271,1,0,4,0.0,0.0,0.0,0.0,0.0,0.0,0.0,0.0,0.0,0.0,0.0,0.0,0.0,0.0,0.0,0.0
2,4,3.9283189567316628,6.989557332100275,0,1884.012825145569,3,0,2,4.811032671331804,237.51077433475103,1,0,2,1.0,0.0,0.0,0.0,0.0,0.0,0.0,0.0,0.0,0.0,0.0,0.0,1.0,0.0,0.0,0.0
1,4,8.792463587792426,7.745739021119746,3,3412.160814755569,3,1,1,10.208006384320718,244.22462710972096,1,1,5,0.0,0.0,0.0,0.0,0.0,0.0,0.0,0.0,0.0,0.0,0.0,1.0,0.0,0.0,0.0,0.0
2,3,7.107810419768962,9.08623455136136,1,2287.570962365655,2,2,2,4.6530619321529905,293.23524347881903,0,1,4,1.0,0.0,0.0,0.0,0.0,0.0,0.0,0.0,0.0,0.0,0.0,1.0,0.0,0.0,0.0,0.0
1,4,6.20477606726806,8.210145699138083,1,2313.230105825227,0,1,3,5.840362535732447,281.9095154889176,1,1,1,0.0,0.0,0.0,0.0,0.0,0.0,0.0,0.0,0.0,0.0,0.0,0.0,0.0,0.0,0.0,1.0
3,5,5.421065961130215,4.612340313242015,2,1025.8640888790064,2,2,0,11.956714258629278,155.978254225972,1,1,4,1.0,0.0,0.0,0.0,0.0,0.0,0.0,1.0,0.0,0.0,0.0,0.0,1.0,1.0,0.0,1.0
3,5,4.575435564601602,6.20197871556875,1,1070.3481035602892,3,1,4,4.251766291062036,211.78427064190325,1,1,0,1.0,0.0,0.0,0.0,0.0,0.0,0.0,1.0,0.0,0.0,0.0,0.0,1.0,1.0,1.0,0.0
2,4,6.509731958488102,7.3155447899912325,2,2229.878471250501,2,2,3,9.871100201828181,120.72859873898344,0,1,2,1.0,0.0,0.0,0.0,0.0,0.0,0.0,0.0,0.0,0.0,0.0,1.0,0.0,0.0,0.0,0.0
0,5,2.121464488999429,8.528305263169413,3,2662.6382112662973,3,0,4,3.326372722630184,195.19431520464573,0,0,0,0.0,0.0,0.0,0.0,0.0,0.0,0.0,0.0,0.0,0.0,0.0,0.0,0.0,0.0,0.0,0.0
2,4,2.462798693952151,7.26140541291144,1,1114.1200629433913,1,1,0,0.30088355633044817,2.233328093897191,1,0,4,1.0,0.0,0.0,0.0,0.0,0.0,0.0,0.0,0.0,0.0,0.0,0.0,0.0,0.0,0.0,0.0
3,4,3.7280471805702997,8.665295448302752,3,1952.0530330777806,2,1,4,7.121134358125391,110.27780731389973,1,0,4,1.0,0.0,0.0,0.0,0.0,0.0,0.0,0.0,0.0,0.0,0.0,0.0,0.0,0.0,1.0,0.0
1,3,2.5406615481496697,9.025656858777449,2,1568.6001839244916,1,2,4,5.7521517339795665,274.36055074636755,0,0,5,0.0,0.0,0.0,0.0,0.0,0.0,0.0,0.0,0.0,0.0,0.0,0.0,0.0,0.0,1.0,0.0
1,4,7.09388847122335,5.590769621771086,1,1816.2912682453723,4,2,1,9.440071435733483,202.50104160398487,1,0,0,0.0,0.0,0.0,0.0,0.0,0.0,0.0,0.0,0.0,0.0,0.0,0.0,1.0,0.0,0.0,1.0
2,0,1.2229148926562077,7.6965890389726805,3,1166.3928140460607,0,2,2,0.04983084052122466,5.183932038799954,0,1,5,1.0,0.0,0.0,0.0,0.0,0.0,0.0,0.0,0.0,0.0,0.0,0.0,0.0,1.0,1.0,0.0
1,3,2.441597425000751,7.342662264884698,1,922.1685920970427,1,3,2,0.8467246549008816,156.80602860126817,1,1,4,0.0,0.0,0.0,0.0,0.0,0.0,1.0,0.0,0.0,0.0,0.0,0.0,0.0,1.0,1.0,0.0
2,2,9.12347298548923,5.3639035159292066,0,1461.5030871616123,3,3,4,10.316146978327534,109.76650815265809,0,0,5,1.0,0.0,0.0,0.0,0.0,0.0,0.0,0.0,0.0,0.0,0.0,1.0,1.0,0.0,1.0,0.0
1,5,9.977888333998782,6.939268535420989,1,3106.750000517462,0,0,1,5.769971851223945,242.63263177238304,1,0,2,0.0,0.0,0.0,0.0,0.0,0.0,0.0,0.0,0.0,0.0,0.0,1.0,0.0,0.0,0.0,0.0
1,0,5.388314300452837,7.2914097074123045,3,2915.6772785262983,2,2,4,6.076481216154279,34.453331687874886,0,1,3,0.0,0.0,0.0,0.0,0.0,0.0,0.0,0.0,0.0,0.0,0.0,0.0,0.0,0.0,1.0,0.0
3,3,5.458330657195825,8.904039251235186,2,804.9624011381375,0,0,2,2.7012833573781236,181.2189082545983,1,1,2,1.0,0.0,0.0,0.0,0.0,0.0,1.0,0.0,0.0,0.0,0.0,0.0,0.0,1.0,0.0,0.0
2,1,7.9605888601369434,6.7659362478536815,2,763.4255368410824,2,1,0,11.111053277225643,213.62105594418966,1,0,4,1.0,0.0,0.0,0.0,0.0,0.0,0.0,0.0,0.0,0.0,0.0,1.0,0.0,1.0,0.0,1.0
2,5,1.3257061985851757,4.485495894855696,2,1978.8536864571327,1,2,1,10.973047106002518,178.6364641751326,1,0,4,1.0,0.0,0.0,0.0,0.0,0.0,0.0,0.0,0.0,0.0,0.0,0.0,1.0,0.0,1.0,1.0
3,5,4.8431933371088025,6.9237757493932435,0,1332.1466064184333,0,1,0,6.2003257815641675,82.3305208241506,1,0,1,1.0,1.0,0.0,0.0,0.0,0.0,0.0,0.0,0.0,0.0,0.0,0.0,1.0,1.0,0.0,0.0
1,1,1.8984509363346385,9.027705666258596,0,2970.2773850337803,2,2,4,2.6138825588695593,237.9571109084989,0,0,1,0.0,0.0,0.0,0.0,0.0,0.0,0.0,0.0,0.0,0.0,0.0,0.0,0.0,0.0,1.0,0.0
0,5,4.608337443908374,7.427532713965274,1,1958.5435387382033,1,3,2,11.793497306152013,238.0783118601766,1,1,5,0.0,0.0,0.0,0.0,1.0,0.0,0.0,0.0,0.0,0.0,1.0,0.0,1.0,0.0,1.0,1.0
4,2,9.854396570159874,5.913191366213308,3,3058.123221355595,0,2,2,10.7094769266187,108.27889154749495,0,1,4,0.0,0.0,0.0,0.0,0.0,0.0,1.0,0.0,0.0,0.0,0.0,1.0,0.0,0.0,1.0,1.0
0,5,7.78269952723025,9.52582568790555,0,824.5964559271314,2,2,1,6.256932107021707,80.00142277649114,1,0,0,0.0,0.0,0.0,0.0,1.0,0.0,0.0,1.0,0.0,0.0,0.0,0.0,0.0,1.0,0.0,0.0
2,4,9.86541288116696,4.93390830775637,2,3410.2312301853367,2,3,3,7.51678249042253,199.16852225051198,0,1,0,1.0,1.0,0.0,0.0,0.0,0.0,0.0,0.0,0.0,0.0,0.0,1.0,1.0,0.0,1.0,0.0
1,0,7.714437631035415,5.961265914959814,3,2801.3040262323384,3,2,4,5.2760136534944495,110.34583097574775,0,1,4,0.0,0.0,0.0,0.0,0.0,0.0,0.0,0.0,0.0,0.0,0.0,1.0,1.0,0.0,1.0,0.0
1,1,6.472990646259295,6.62280814377748,0,2695.629689198108,4,0,4,2.4726933028505105,103.6047930675507,1,1,4,0.0,0.0,0.0,0.0,0.0,0.0,0.0,0.0,0.0,0.0,0.0,1.0,1.0,0.0,1.0,0.0
0,2,7.787987496345191,8.427867327555258,0,3320.6484836950863,3,2,4,8.177410105733346,135.16754772233247,0,1,1,0.0,0.0,0.0,0.0,0.0,0.0,0.0,0.0,0.0,0.0,0.0,1.0,1.0,0.0,1.0,0.0
4,1,6.931825056738862,9.014480752754565,3,1910.9082206755209,3,1,1,8.029609669700369,137.42716943961054,0,0,5,0.0,0.0,0.0,0.0,0.0,0.0,0.0,0.0,0.0,0.0,0.0,1.0,0.0,0.0,0.0,0.0
2,0,5.176594269117175,4.351362857471196,0,946.6667421855541,3,0,3,6.567913123363367,248.88670856036455,1,1,0,1.0,1.0,0.0,0.0,0.0,0.0,0.0,0.0,0.0,0.0,0.0,0.0,1.0,1.0,0.0,0.0
1,5,3.63291700604689,8.752214922781567,2,1990.7022375232284,3,3,3,9.773351626313326,285.8457147147073,0,0,0,0.0,0.0,0.0,0.0,0.0,0.0,0.0,0.0,0.0,0.0,0.0,0.0,0.0,0.0,1.0,1.0
3,5,5.681602534009194,8.32317049150398,3,2945.6715182316766,3,3,1,5.422039161478577,214.03887032751072,0,1,3,1.0,0.0,0.0,0.0,0.0,0.0,0.0,0.0,0.0,0.0,0.0,0.0,0.0,0.0,0.0,0.0
0,2,3.3264412651128747,9.367913828870897,1,3078.628876896903,3,2,4,10.331000697172868,26.470324868393202,1,1,3,0.0,0.0,0.0,0.0,0.0,0.0,0.0,0.0,0.0,0.0,0.0,0.0,0.0,0.0,1.0,0.0
2,1,5.380087117979308,9.402657944953253,1,1965.6371168834985,2,2,4,2.604220230621627,101.3354987263772,1,0,1,1.0,1.0,0.0,0.0,0.0,0.0,0.0,0.0,0.0,0.0,0.0,0.0,0.0,0.0,1.0,0.0
2,1,2.315218653289774,8.66515335196269,2,2696.906660522881,3,2,4,11.54166539787851,56.88410021708239,1,0,3,1.0,0.0,0.0,0.0,0.0,0.0,0.0,0.0,0.0,0.0,0.0,0.0,0.0,0.0,1.0,0.0
2,5,6.088555890730367,5.141216105582123,2,1240.8581007175635,4,1,4,2.4609631826180562,198.9795143558981,0,0,5,1.0,0.0,0.0,0.0,0.0,0.0,0.0,0.0,0.0,0.0,0.0,1.0,1.0,0.0,0.0,0.0
0,1,3.207553217308943,5.883229039936304,3,1191.6411257296309,2,3,0,1.9214294462987782,179.44222967070618,0,0,0,0.0,0.0,0.0,0.0,1.0,0.0,0.0,0.0,0.0,0.0,0.0,0.0,0.0,0.0,0.0,0.0
4,0,3.642472935474127,9.617918193090988,2,2258.7786571492043,1,2,0,7.240770084028847,294.7362377416075,1,0,4,0.0,0.0,0.0,0.0,0.0,0.0,1.0,0.0,0.0,0.0,0.0,0.0,0.0,0.0,0.0,0.0
1,2,5.491253276041496,7.589039799123147,3,1765.253506272799,2,1,3,1.1169591662751608,134.30892017259254,0,0,3,0.0,0.0,0.0,0.0,0.0,0.0,0.0,0.0,0.0,0.0,0.0,0.0,0.0,0.0,0.0,0.0
3,2,2.4627362771942267,7.232564406335726,0,983.1572282662917,0,2,3,2.0151744298230434,31.637580519673957,1,1,5,1.0,0.0,0.0,0.0,0.0,0.0,1.0,0.0,0.0,0.0,0.0,0.0,1.0,1.0,1.0,0.0
3,3,9.661418952723272,9.494256640263991,1,2784.0874784851376,1,0,2,8.748413802696852,179.5180277139022,1,0,1,1.0,1.0,0.0,0.0,0.0,0.0,0.0,0.0,0.0,0.0,0.0,1.0,0.0,0.0,0.0,1.0
1,2,5.022498838535886,9.245191444597989,0,2096.442343177886,4,1,0,3.6978183568249112,110.08320084288228,0,1,4,0.0,0.0,0.0,0.0,0.0,0.0,0.0,0.0,0.0,0.0,0.0,0.0,0.0,0.0,0.0,0.0
0,5,4.17051306664076,8.364976919898286,2,2061.176922249673,0,0,1,9.601455646277573,53.39518049242745,1,1,4,0.0,0.0,0.0,0.0,0.0,0.0,0.0,0.0,0.0,0.0,0.0,0.0,0.0,0.0,0.0,0.0
1,3,1.2627694458332284,9.29351382495726,0,1067.9285590390393,4,0,0,1.8666340583311936,111.29659344983415,1,0,2,0.0,0.0,0.0,0.0,0.0,0.0,0.0,0.0,0.0,0.0,0.0,0.0,0.0,1.0,0.0,0.0
4,5,8.589289268010095,4.683009863172904,3,1223.4219087977817,2,3,0,4.6236173704448,71.45510067142749,1,1,3,0.0,0.0,0.0,0.0,0.0,0.0,1.0,1.0,0.0,0.0,0.0,1.0,1.0,1.0,0.0,0.0
4,2,6.632505237757459,8.545263799599448,3,2578.1236531480004,1,1,0,4.635455372282424,59.16375711150146,0,1,4,0.0,0.0,0.0,0.0,0.0,0.0,1.0,0.0,0.0,0.0,0.0,0.0,0.0,0.0,0.0,0.0
4,3,4.747646393571675,9.793841213181208,3,3055.7092475040454,2,3,2,5.7647599771089535,145.0920841218502,0,1,2,0.0,0.0,0.0,0.0,0.0,0.0,0.0,0.0,0.0,0.0,0.0,1.0,0.0,0.0,1.0,0.0
1,2,3.2097951940462814,4.293860753688426,3,1031.6364404429412,4,2,2,4.924706442395354,243.00322586272378,1,1,3,0.0,0.0,0.0,0.0,0.0,0.0,1.0,0.0,0.0,0.0,0.0,0.0,1.0,1.0,0.0,0.0
3,4,7.706236768078467,5.338273910743805,0,2937.0371635825454,0,0,1,4.6414286449235505,265.6994021496317,1,1,4,1.0,1.0,0.0,0.0,0.0,1.0,0.0,0.0,0.0,0.0,0.0,0.0,1.0,0.0,0.0,0.0
0,4,9.509271181675004,8.763810333192513,2,2864.285500678249,2,0,2,3.9412509365777866,78.0947205830754,1,1,1,0.0,0.0,0.0,0.0,0.0,0.0,0.0,0.0,0.0,0.0,0.0,1.0,0.0,0.0,0.0,0.0
3,1,4.427287350868182,7.120282986583915,2,2944.7354557259832,1,1,3,0.18180764583324782,134.52238431168817,0,1,4,1.0,0.0,0.0,0.0,0.0,0.0,0.0,0.0,0.0,0.0,0.0,1.0,1.0,0.0,0.0,0.0
2,5,2.2138846154130816,4.519710127247568,2,2245.2314416754934,2,0,0,7.399084641178979,252.86745055251617,0,1,3,1.0,0.0,0.0,0.0,0.0,0.0,0.0,0.0,0.0,0.0,0.0,0.0,1.0,0.0,0.0,0.0
3,5,1.9827527254546364,5.607748174936127,3,1555.5260560722538,3,2,1,5.681896403710677,296.6032054257395,1,1,1,1.0,0.0,0.0,0.0,0.0,0.0,0.0,1.0,0.0,0.0,0.0,0.0,1.0,0.0,0.0,1.0
3,5,1.0572577510049732,5.944357599535886,2,2813.06276485713,4,1,1,4.4793917866407496,254.97962403539805,1,1,5,1.0,0.0,0.0,0.0,0.0,0.0,0.0,0.0,0.0,0.0,0.0,0.0,1.0,0.0,0.0,0.0
4,1,7.695598966945497,5.9263763310756925,0,1939.8362647161098,1,0,0,2.536977405484146,148.21078619913382,1,1,0,0.0,0.0,0.0,0.0,0.0,0.0,1.0,0.0,0.0,0.0,0.0,0.0,1.0,0.0,0.0,0.0
2,4,9.832558473115034,9.26603649681299,3,1165.5922442157578,3,2,0,10.696681004526088,261.04078266412466,0,0,3,1.0,1.0,0.0,0.0,0.0,0.0,0.0,0.0,0.0,0.0,0.0,1.0,0.0,1.0,1.0,0.0
1,0,9.935359774782114,7.972218744148249,1,1707.1602804716042,2,3,3,2.854725892617263,211.98818325325232,1,0,1,0.0,0.0,0.0,0.0,0.0,0.0,0.0,0.0,0.0,0.0,0.0,1.0,0.0,0.0,1.0,0.0
2,0,8.05777528908633,8.409503670214072,1,1873.1505238410473,2,3,4,11.051093936475931,34.05463040801776,1,0,4,1.0,0.0,0.0,0.0,0.0,0.0,0.0,0.0,0.0,0.0,0.0,1.0,0.0,0.0,1.0,0.0
0,5,2.459654004664392,4.081420533331309,2,2016.035458375098,0,1,0,2.607167790895429,25.242458548631497,0,0,5,0.0,0.0,0.0,0.0,0.0,0.0,0.0,0.0,0.0,0.0,0.0,0.0,1.0,0.0,0.0,0.0
0,0,9.799385103218095,6.56507201776259,3,3192.6907262263544,4,0,3,11.657112094110573,280.87924448234355,1,0,3,0.0,0.0,0.0,0.0,0.0,0.0,0.0,0.0,0.0,0.0,0.0,1.0,0.0,0.0,0.0,1.0
2,5,3.9503209870175584,5.9069237683931615,2,1733.495037728805,0,3,1,5.038189700494311,277.33270618951605,0,0,2,1.0,0.0,0.0,0.0,0.0,0.0,0.0,0.0,0.0,0.0,0.0,0.0,0.0,0.0,1.0,0.0
4,2,4.002576485432893,9.111552413441043,0,1354.4324511230589,0,2,0,6.392608809630402,137.5096898367922,1,0,3,0.0,0.0,0.0,0.0,0.0,0.0,1.0,0.0,0.0,0.0,0.0,0.0,0.0,0.0,1.0,0.0
2,1,7.18603257603195,9.72321792351911,2,3387.043873073904,3,3,1,3.5857261695581686,198.54743976071168,1,1,1,1.0,0.0,0.0,0.0,0.0,0.0,0.0,0.0,0.0,0.0,0.0,0.0,0.0,0.0,1.0,0.0
3,0,1.4414426836700625,6.5400450975220314,2,1225.8445727932722,2,0,4,11.270170730571285,91.43759235199259,0,0,0,1.0,0.0,0.0,0.0,0.0,0.0,0.0,0.0,0.0,0.0,0.0,0.0,0.0,0.0,1.0,1.0
0,4,8.431927569168034,9.838363687427792,0,533.3488722262763,0,1,1,3.3908501741458097,210.4196032824578,1,0,2,0.0,0.0,0.0,0.0,1.0,0.0,0.0,0.0,0.0,0.0,0.0,1.0,0.0,1.0,1.0,0.0
2,4,9.975675488389696,4.086155224262608,2,3049.463054363676,3,1,3,8.76254179552501,133.85529944518336,0,0,3,1.0,0.0,0.0,0.0,0.0,1.0,0.0,0.0,0.0,0.0,0.0,1.0,1.0,0.0,1.0,0.0
3,2,7.975628002809256,5.954316425251635,3,3363.3373123044726,1,2,2,0.24589001184004644,104.5447928118972,0,0,2,1.0,0.0,0.0,0.0,0.0,0.0,0.0,0.0,0.0,0.0,0.0,0.0,1.0,0.0,0.0,0.0
1,4,8.035088420866,8.649587067579699,3,2546.3958424187563,4,2,2,6.704624903861477,132.1813080226567,0,0,0,0.0,0.0,0.0,0.0,0.0,0.0,0.0,0.0,0.0,0.0,0.0,1.0,0.0,0.0,0.0,0.0
0,1,4.512823035098959,6.160597782850198,1,1722.9489625763626,4,2,4,8.898906944368424,136.66623043413998,1,1,2,0.0,0.0,0.0,0.0,0.0,0.0,0.0,0.0,0.0,0.0,0.0,0.0,1.0,0.0,1.0,0.0
0,3,1.5932925011409123,9.525773982267498,2,2131.2640555829103,2,1,4,5.650479145977894,282.82788216192614,0,0,5,0.0,0.0,0.0,0.0,0.0,0.0,0.0,0.0,0.0,0.0,0.0,0.0,0.0,0.0,1.0,0.0
4,1,8.13400690810981,5.310789354988783,3,2996.004713289969,2,1,3,7.7198053840837275,265.4941265486864,0,1,2,0.0,0.0,0.0,0.0,0.0,0.0,0.0,0.0,0.0,0.0,0.0,0.0,0.0,0.0,0.0,0.0
3,3,6.3744227821432045,8.774000363968664,2,3156.0209898397857,2,0,4,9.216682612199762,58.33019609369992,1,0,2,1.0,0.0,0.0,0.0,0.0,0.0,0.0,0.0,0.0,0.0,0.0,1.0,0.0,0.0,1.0,1.0
1,0,9.18404820209876,5.2102135144151465,1,807.5776601327593,3,1,0,6.002856003273394,83.54037941119152,1,0,1,0.0,0.0,0.0,0.0,0.0,0.0,0.0,0.0,0.0,0.0,0.0,1.0,1.0,1.0,0.0,0.0
1,2,2.0436661015014925,5.182629506037026,0,3103.990151723012,4,0,4,2.6171038260325004,89.81244580071103,0,1,2,0.0,0.0,0.0,0.0,0.0,0.0,0.0,0.0,0.0,0.0,0.0,0.0,1.0,0.0,0.0,0.0
0,3,3.7461075678469746,6.674496150299646,0,2352.0494486489497,3,3,0,4.761264147783844,3.4711426857382155,1,1,1,0.0,0.0,0.0,0.0,0.0,0.0,0.0,0.0,0.0,0.0,0.0,0.0,0.0,0.0,0.0,0.0
4,3,4.245905383510478,9.669643529981995,2,596.8356564079902,0,2,0,8.76934809407284,159.129082740568,0,1,5,0.0,0.0,0.0,0.0,0.0,0.0,1.0,0.0,0.0,0.0,0.0,0.0,0.0,1.0,1.0,0.0
0,2,7.149517376902223,7.512729771414089,3,825.4571077111907,0,2,4,3.2531032553782944,144.80748659004576,0,1,4,0.0,0.0,0.0,0.0,1.0,0.0,0.0,0.0,0.0,0.0,0.0,1.0,0.0,1.0,1.0,0.0
3,3,8.089706467928394,7.810197369241481,2,636.6026411410649,3,3,2,7.584415502402947,37.38082017924863,0,0,4,1.0,1.0,0.0,0.0,0.0,0.0,0.0,0.0,0.0,0.0,0.0,0.0,0.0,1.0,1.0,0.0
1,3,9.649183677259783,4.058396034811697,3,3345.675717756326,1,2,1,1.7795038369989404,297.0712638390412,1,0,3,0.0,0.0,0.0,0.0,0.0,0.0,0.0,0.0,0.0,0.0,0.0,1.0,1.0,0.0,1.0,0.0
1,1,3.65866442491739,4.339691227790591,2,1779.5537080000536,2,1,0,11.16351879827512,228.38557840378715,1,0,1,0.0,0.0,0.0,0.0,0.0,0.0,0.0,0.0,0.0,0.0,0.0,0.0,1.0,0.0,0.0,1.0
1,1,5.442727677078226,4.401604153966141,1,2646.8468925735524,2,1,1,7.235797502284843,54.92602755365831,0,0,4,0.0,0.0,0.0,0.0,0.0,0.0,0.0,0.0,0.0,0.0,0.0,0.0,1.0,0.0,0.0,0.0
4,3,1.2606483707316856,8.917853047967393,2,505.1520240437334,2,0,4,5.61924708728457,211.59941341167718,1,1,5,0.0,0.0,0.0,0.0,1.0,0.0,1.0,0.0,0.0,0.0,0.0,0.0,0.0,1.0,0.0,0.0
0,5,3.276890902979991,5.421112730550013,1,2879.5158997266212,1,2,0,9.738276436522177,102.1900772607012,1,0,1,0.0,0.0,0.0,0.0,0.0,0.0,0.0,0.0,0.0,0.0,1.0,0.0,1.0,0.0,0.0,0.0
1,4,4.3660315730767625,5.9730291078324536,0,1946.1061619399493,0,3,4,9.566052626356935,189.85427535674197,0,1,5,0.0,0.0,0.0,0.0,0.0,0.0,0.0,1.0,0.0,0.0,0.0,0.0,1.0,0.0,1.0,0.0
1,3,6.344255858729034,7.659716671773883,2,3270.808009288036,1,2,3,1.1678764770114962,141.1472699826131,1,1,5,0.0,0.0,0.0,0.0,0.0,0.0,1.0,0.0,0.0,0.0,0.0,0.0,0.0,0.0,1.0,0.0
1,5,5.237609442392566,7.503725905919915,2,2062.692473765571,3,1,1,3.6847616523385955,41.65736203767296,0,0,0,0.0,0.0,0.0,0.0,0.0,0.0,0.0,0.0,0.0,0.0,0.0,0.0,1.0,0.0,0.0,0.0
0,5,4.280275537992976,6.463176985410643,3,2866.400447672149,3,1,3,5.5029272623205285,138.0260116890375,1,0,0,0.0,0.0,0.0,0.0,0.0,0.0,0.0,0.0,0.0,0.0,0.0,0.0,0.0,0.0,0.0,0.0
4,3,6.616701698764074,4.0258012362090305,0,2388.4000740809497,4,1,2,4.086479503560721,288.50614882583443,0,1,2,0.0,0.0,0.0,0.0,0.0,0.0,1.0,0.0,0.0,0.0,0.0,1.0,1.0,0.0,0.0,0.0
1,0,8.457541094053003,6.697615450304895,1,2061.6154179188534,0,1,1,3.8076086464154293,224.43916286883896,0,1,4,0.0,0.0,0.0,0.0,0.0,0.0,0.0,0.0,0.0,0.0,0.0,1.0,0.0,0.0,1.0,0.0
2,3,3.175130196863103,8.433295694320138,0,3344.732566605505,0,0,2,4.2262835696559415,187.97467079131673,0,1,3,1.0,0.0,0.0,0.0,0.0,0.0,0.0,0.0,0.0,0.0,0.0,0.0,1.0,0.0,0.0,0.0
1,3,4.085882913343711,5.411435891952732,3,1986.797666376124,0,1,0,1.7045919531730886,253.05806196288623,1,0,4,0.0,0.0,0.0,0.0,0.0,0.0,0.0,0.0,0.0,0.0,0.0,0.0,0.0,0.0,0.0,0.0
4,1,7.344312847183179,8.250148061642909,3,3177.1650949225304,2,0,4,1.4330080380583037,248.61634093192205,0,0,4,0.0,0.0,0.0,0.0,0.0,0.0,0.0,0.0,0.0,1.0,0.0,1.0,0.0,0.0,0.0,0.0
1,5,8.001465388826773,4.09091691890367,1,608.2328904046069,2,2,3,3.1237295853543734,266.4611755570413,1,0,1,0.0,0.0,0.0,0.0,0.0,0.0,0.0,1.0,0.0,0.0,0.0,1.0,1.0,1.0,0.0,0.0
1,5,8.428571845611826,9.44804682588719,3,2472.2565357473545,0,3,0,0.8409807588571829,32.65794061868459,0,0,3,0.0,0.0,0.0,0.0,0.0,0.0,0.0,0.0,1.0,0.0,0.0,0.0,0.0,0.0,1.0,0.0
1,1,2.883980970073258,9.700235245934746,2,3234.984737702436,2,0,0,6.122639918026788,38.835174672910554,1,1,0,0.0,0.0,0.0,0.0,0.0,0.0,1.0,0.0,0.0,0.0,0.0,0.0,0.0,0.0,0.0,0.0
1,2,5.85340265119974,4.014768900547356,1,3197.8259884588215,0,0,2,1.837635210678076,239.6683031163957,0,0,0,0.0,0.0,0.0,0.0,0.0,0.0,0.0,0.0,0.0,0.0,0.0,0.0,1.0,0.0,1.0,0.0
0,1,9.100099886727559,6.746910482839074,1,1955.1608915160514,3,3,2,0.8108059796495195,298.6026562629214,0,0,4,0.0,0.0,0.0,0.0,1.0,0.0,0.0,0.0,0.0,0.0,0.0,1.0,1.0,0.0,1.0,0.0
3,1,4.527554095823426,6.482931641432014,2,1916.2914979090413,2,1,3,10.04574948071502,168.76300578905605,0,0,5,1.0,0.0,0.0,0.0,0.0,0.0,0.0,0.0,0.0,0.0,0.0,0.0,1.0,0.0,0.0,1.0
0,1,4.868947811994001,9.051300135517039,0,2931.5403038697186,0,1,4,7.050114074843464,289.2798148203852,0,0,3,0.0,0.0,0.0,0.0,0.0,0.0,0.0,0.0,0.0,0.0,0.0,0.0,0.0,0.0,1.0,0.0
1,2,9.863406495106172,7.244329547939612,0,1505.0476553186115,0,3,0,10.780320327891474,198.8443484831252,1,1,4,0.0,0.0,0.0,0.0,0.0,0.0,0.0,0.0,0.0,0.0,0.0,1.0,0.0,1.0,1.0,1.0
1,1,2.017473814292549,7.668192819616305,3,3311.4842754696333,3,3,1,11.800713231113207,25.595693738196033,0,1,5,0.0,0.0,0.0,0.0,0.0,0.0,0.0,0.0,0.0,0.0,0.0,0.0,0.0,0.0,1.0,0.0
1,0,7.350417905154724,5.215036018518535,0,1252.0523616627781,4,2,2,7.122376367172253,277.87589015216327,1,1,0,0.0,0.0,0.0,0.0,0.0,0.0,0.0,0.0,0.0,0.0,0.0,0.0,1.0,0.0,1.0,1.0
3,2,8.651657143368027,4.462388007982486,0,723.1934819393591,4,0,1,9.55172786375928,251.76374100977787,1,1,4,1.0,0.0,0.0,0.0,0.0,0.0,0.0,0.0,0.0,0.0,0.0,1.0,1.0,1.0,0.0,1.0
2,3,2.357141649706157,8.153986583095751,3,2815.771857838569,2,2,4,1.9145037579471391,160.75440400128267,1,0,3,1.0,0.0,0.0,0.0,0.0,0.0,0.0,0.0,0.0,0.0,0.0,0.0,0.0,0.0,1.0,0.0
4,1,7.430079124065137,7.72405595181657,3,1714.1727665367487,2,2,3,8.380424408930562,223.17199466084605,1,1,5,0.0,0.0,0.0,0.0,0.0,0.0,1.0,0.0,0.0,1.0,0.0,0.0,0.0,0.0,1.0,0.0
1,3,5.22764399809398,8.993972403899669,3,1567.3321056900202,4,1,1,6.594650422695679,105.46616457042754,1,0,1,0.0,0.0,0.0,0.0,0.0,0.0,0.0,0.0,0.0,0.0,0.0,1.0,0.0,0.0,0.0,0.0
4,1,8.67601796207179,9.068100684652332,0,1462.7298643387578,4,2,3,8.116714441310085,184.73408475042402,0,1,3,0.0,0.0,0.0,0.0,0.0,0.0,0.0,0.0,0.0,1.0,0.0,1.0,0.0,1.0,0.0,1.0
0,4,9.167070851523155,7.786211643837619,3,3441.3267025581167,4,2,2,1.2566903687896915,123.97181321384627,0,0,5,0.0,0.0,0.0,0.0,0.0,0.0,0.0,0.0,0.0,0.0,0.0,1.0,0.0,0.0,0.0,0.0
2,3,8.85236412839116,7.230168297701729,1,2215.0299592196475,1,2,2,11.229781404212446,158.13996563496798,1,1,2,1.0,0.0,0.0,0.0,0.0,0.0,1.0,0.0,0.0,0.0,0.0,1.0,0.0,0.0,1.0,1.0
3,5,1.5794662382111149,9.484049614071107,0,3475.743327796373,2,2,3,5.00984819015957,190.96590301052277,1,0,1,1.0,0.0,0.0,0.0,0.0,0.0,0.0,0.0,0.0,0.0,0.0,0.0,0.0,0.0,0.0,0.0
2,0,7.811697491334768,8.807584815113904,3,1530.7429650304084,0,3,2,9.309591445792632,16.160836497887843,0,0,5,1.0,0.0,0.0,0.0,0.0,0.0,0.0,0.0,0.0,0.0,0.0,0.0,0.0,1.0,1.0,0.0
4,5,9.293748174872464,9.29454996980547,1,1741.9077159809324,0,0,3,11.887344149930168,28.80703064186878,0,0,0,0.0,0.0,0.0,0.0,0.0,0.0,0.0,0.0,0.0,1.0,0.0,1.0,0.0,0.0,0.0,1.0
1,2,6.592135966038379,9.975045389643956,2,1135.2880943260036,1,0,2,10.479743950694093,24.723737907640785,0,0,4,0.0,0.0,0.0,0.0,0.0,0.0,0.0,0.0,0.0,0.0,0.0,1.0,0.0,0.0,0.0,0.0
0,0,6.407884544306412,6.421034726599075,0,1791.0923490185107,4,0,2,3.7404658073186807,178.47883950417318,1,0,5,0.0,0.0,0.0,0.0,0.0,0.0,0.0,0.0,0.0,0.0,0.0,1.0,1.0,0.0,0.0,0.0
3,4,1.405048486582999,8.301607973744504,0,686.0160287108464,2,0,2,4.823714511490142,123.87231867907086,0,1,0,1.0,0.0,0.0,0.0,0.0,0.0,0.0,0.0,0.0,0.0,0.0,0.0,0.0,1.0,1.0,0.0
0,1,8.704297199853446,8.12840689138947,3,501.6735557989612,2,1,2,7.783849350151716,150.01810437257518,1,1,2,0.0,0.0,0.0,0.0,1.0,0.0,1.0,0.0,0.0,0.0,0.0,1.0,0.0,1.0,1.0,0.0
3,1,1.4176320474624537,5.0448562799968,2,1859.2204283160606,4,0,1,6.456277912688648,150.0844326279,1,1,3,1.0,0.0,0.0,0.0,0.0,0.0,1.0,0.0,0.0,0.0,0.0,0.0,1.0,0.0,0.0,0.0
3,5,3.8215864574620655,7.81929159815826,3,2738.0717737784717,2,0,0,4.923605513796616,12.141189635647088,1,1,0,1.0,0.0,0.0,0.0,0.0,0.0,0.0,0.0,0.0,0.0,0.0,0.0,0.0,0.0,0.0,0.0
4,1,9.33276758758494,6.568535655273423,0,1811.1954993861623,1,2,1,7.8404364445908765,238.81766145065427,0,0,0,0.0,0.0,0.0,0.0,0.0,0.0,0.0,0.0,0.0,0.0,0.0,1.0,1.0,0.0,1.0,0.0
2,3,9.54770628456561,6.703813540682267,3,2054.0161974902603,3,3,1,10.914340432090691,210.20640022072044,0,0,1,1.0,1.0,0.0,0.0,0.0,1.0,0.0,0.0,0.0,0.0,0.0,1.0,0.0,0.0,0.0,1.0
4,1,9.927104864283303,5.080827939124342,3,1836.8476866965652,1,3,1,3.7139509759971534,206.37030904139817,1,1,5,0.0,0.0,0.0,0.0,0.0,0.0,1.0,0.0,0.0,0.0,0.0,1.0,1.0,0.0,1.0,0.0
0,0,5.287620570515976,8.468436076815813,3,2080.412839763875,1,0,2,1.5400600529732498,10.27527590525461,1,1,2,0.0,0.0,0.0,0.0,1.0,0.0,1.0,0.0,0.0,0.0,0.0,0.0,0.0,0.0,0.0,0.0
2,0,2.5968659174290973,8.187645938069535,0,2826.8121432490316,4,0,2,8.108994769945557,195.5154304048396,1,0,4,1.0,0.0,0.0,0.0,0.0,0.0,0.0,0.0,0.0,0.0,0.0,0.0,1.0,0.0,0.0,1.0
0,0,5.391500381461755,7.193740834012981,0,2911.358871855336,2,2,1,7.075139994404107,150.137332802529,0,1,3,0.0,0.0,0.0,0.0,0.0,0.0,0.0,0.0,0.0,0.0,0.0,0.0,1.0,0.0,1.0,0.0
3,2,1.920816325747443,4.940315147354928,2,3014.1741311374117,1,3,1,10.867056364983606,228.17029365428454,0,0,2,1.0,0.0,0.0,0.0,0.0,0.0,0.0,0.0,0.0,0.0,0.0,0.0,1.0,0.0,0.0,1.0
3,2,8.852824980729729,7.341188712142761,0,1137.289724208849,4,3,1,8.91191083438033,29.061447860901534,0,1,0,1.0,1.0,0.0,0.0,0.0,0.0,0.0,0.0,0.0,0.0,0.0,1.0,1.0,0.0,1.0,0.0
4,0,6.044835099398544,4.600800532882122,0,1873.5333690317507,3,1,2,4.765233109822336,224.01257873309297,1,0,5,0.0,0.0,0.0,0.0,0.0,0.0,0.0,0.0,0.0,0.0,0.0,0.0,1.0,0.0,1.0,0.0
3,2,4.640553092500797,6.036232156853539,3,2993.017088610714,3,0,2,7.599952206072915,288.5064547037272,0,1,3,1.0,0.0,0.0,0.0,0.0,0.0,0.0,0.0,0.0,0.0,0.0,0.0,0.0,0.0,0.0,0.0
1,1,1.7157763223272395,6.234147056756277,2,3325.6370596318857,1,3,3,10.348404471460698,255.295930920467,1,1,2,0.0,0.0,0.0,0.0,0.0,0.0,1.0,0.0,0.0,0.0,0.0,0.0,0.0,0.0,1.0,1.0
0,3,4.647166091349674,9.300552355243868,3,2128.9501472123425,3,1,2,4.16967791000348,268.2511679571682,0,0,2,0.0,0.0,0.0,0.0,0.0,0.0,0.0,0.0,0.0,0.0,0.0,0.0,0.0,0.0,0.0,0.0
4,5,8.79572447551098,6.493372452666311,3,1978.9999340051252,4,1,4,0.16591858278644667,22.740270167136355,1,0,2,0.0,0.0,0.0,0.0,0.0,0.0,1.0,0.0,0.0,1.0,0.0,1.0,0.0,0.0,1.0,0.0
2,4,7.330653392294915,7.590819211754782,0,2793.78431344238,0,1,2,7.51608588448676,158.893038188382,0,1,5,1.0,1.0,0.0,0.0,0.0,0.0,0.0,0.0,0.0,0.0,0.0,1.0,1.0,0.0,1.0,1.0
0,5,1.7420996575986991,9.248673927423903,3,3475.0829408076224,0,3,3,0.3111046356464424,73.99873818425445,0,0,2,0.0,0.0,0.0,0.0,0.0,0.0,0.0,0.0,0.0,0.0,0.0,0.0,0.0,0.0,1.0,0.0
4,1,2.4391647975355824,6.554556632533778,0,1777.7965950539738,2,1,2,11.249758819605258,163.47718935489965,0,0,5,0.0,0.0,0.0,0.0,0.0,0.0,0.0,0.0,0.0,0.0,0.0,0.0,0.0,0.0,1.0,1.0
4,1,4.530776416367542,9.302221120424392,1,995.2990347045005,3,2,3,2.01838619567869,211.97541783560018,0,1,0,0.0,0.0,0.0,0.0,0.0,0.0,0.0,0.0,0.0,0.0,0.0,0.0,0.0,1.0,1.0,0.0
2,4,1.9123757441732678,4.818767875159838,1,3002.9204032608363,0,2,2,4.4911628997492805,224.04726920736945,1,0,1,1.0,0.0,0.0,0.0,0.0,0.0,0.0,0.0,0.0,0.0,0.0,0.0,1.0,0.0,0.0,0.0
3,1,9.40637072793944,6.189058942959759,0,2631.2756254399405,2,3,0,11.355409429576214,297.4787904819337,1,1,0,1.0,1.0,0.0,0.0,0.0,0.0,0.0,0.0,0.0,0.0,0.0,1.0,1.0,0.0,1.0,1.0
0,5,6.870628401677883,4.568363494398787,2,935.2273159858437,0,3,3,0.9591671373957817,287.28794752702964,1,1,5,0.0,0.0,0.0,0.0,1.0,0.0,0.0,1.0,1.0,0.0,0.0,1.0,1.0,1.0,1.0,0.0
0,2,1.8534070117355055,7.365577775687709,0,1470.527890214155,4,2,3,0.052110406408344634,74.14611000968976,0,0,3,0.0,0.0,0.0,0.0,1.0,0.0,0.0,0.0,0.0,0.0,0.0,0.0,1.0,1.0,1.0,0.0
1,1,8.092517161424146,9.743692362446815,3,2159.6701766900405,3,0,2,1.2436386831665636,274.6845877471838,0,1,2,0.0,0.0,0.0,0.0,0.0,0.0,0.0,0.0,0.0,0.0,0.0,1.0,0.0,0.0,0.0,0.0
3,5,4.315653357147486,7.941711011927591,3,2694.396680980629,4,1,2,11.832461612127373,265.2042961188191,1,1,0,1.0,0.0,0.0,0.0,0.0,0.0,1.0,0.0,0.0,0.0,1.0,0.0,0.0,0.0,1.0,1.0
0,3,3.2038358009789873,7.7564537040924915,2,2841.939750665194,1,2,0,11.660745179751746,217.03085844792255,1,1,0,0.0,0.0,0.0,0.0,0.0,0.0,0.0,0.0,0.0,0.0,0.0,0.0,0.0,0.0,0.0,1.0
0,4,6.12986447745722,5.66895179345883,0,967.194109489742,3,3,4,4.615189277453214,77.29728794718199,0,1,5,0.0,0.0,0.0,0.0,1.0,0.0,0.0,0.0,0.0,0.0,0.0,0.0,1.0,1.0,1.0,0.0
3,2,1.1203491980848717,9.58664055173873,2,1150.2520117014383,1,3,3,8.914627527643178,56.47502185791535,0,0,5,1.0,0.0,0.0,0.0,0.0,0.0,0.0,0.0,0.0,0.0,0.0,0.0,0.0,0.0,1.0,0.0
3,0,5.188578940938295,6.829208708654168,2,2732.3675432751365,0,1,4,8.83120136790226,130.6822065362655,1,1,1,1.0,0.0,0.0,0.0,0.0,0.0,0.0,0.0,0.0,0.0,0.0,1.0,1.0,0.0,1.0,0.0
3,4,8.594244937856526,5.602012318274915,1,848.3371183222571,2,2,2,1.1977944750628402,11.717324374320825,0,1,4,1.0,1.0,0.0,0.0,0.0,1.0,0.0,0.0,0.0,0.0,0.0,1.0,1.0,1.0,1.0,0.0
3,0,9.352518363870114,9.926199882598045,1,1994.4807167736858,2,1,1,2.8214390908892852,85.1749509103017,0,1,1,1.0,1.0,0.0,0.0,0.0,0.0,0.0,0.0,0.0,0.0,0.0,1.0,0.0,0.0,0.0,0.0
4,3,4.082992339747958,6.5387436027684345,1,2137.9764631750104,2,2,1,10.66778809243952,22.015399849579154,0,1,5,0.0,0.0,0.0,0.0,0.0,0.0,1.0,0.0,0.0,0.0,0.0,0.0,1.0,0.0,0.0,0.0
3,2,6.781929293485399,6.228993894457265,3,1518.0636413768466,4,1,4,1.988361715997971,157.35226069873545,0,0,0,1.0,0.0,0.0,0.0,0.0,0.0,0.0,0.0,0.0,0.0,0.0,0.0,1.0,1.0,0.0,0.0
2,4,3.041410945319502,4.209767603793006,0,2889.008642380644,1,2,0,6.250264282172658,184.96417431814652,0,1,0,1.0,0.0,0.0,0.0,0.0,0.0,0.0,0.0,0.0,0.0,0.0,0.0,1.0,0.0,0.0,0.0
4,5,6.041917638862381,5.069769838868096,2,666.2474322373712,3,3,3,2.9298292753867505,33.3916104996797,1,0,2,0.0,0.0,0.0,0.0,1.0,0.0,1.0,1.0,0.0,0.0,0.0,1.0,1.0,1.0,1.0,0.0
1,2,3.286249535378701,8.855148130433683,1,2832.33348434239,0,3,0,6.691374680155946,262.1797855475654,1,0,1,0.0,0.0,0.0,0.0,0.0,0.0,0.0,0.0,0.0,0.0,0.0,0.0,0.0,0.0,1.0,0.0
0,5,6.142208577647076,6.896170627612902,2,2438.0982449449657,4,2,3,2.3583683895773953,29.039883560208825,0,0,4,0.0,0.0,0.0,0.0,0.0,0.0,0.0,0.0,0.0,0.0,0.0,0.0,0.0,0.0,1.0,0.0
3,0,2.5454990556390786,9.72924836155116,0,2021.6527270201939,2,3,2,2.5889789893868094,118.86306243758898,0,0,5,1.0,0.0,0.0,0.0,0.0,0.0,0.0,0.0,0.0,0.0,0.0,0.0,0.0,0.0,1.0,0.0
1,0,9.47109301084669,4.503314819341488,3,3117.1180924358055,3,0,2,0.5615886876923768,150.29449015314808,1,1,5,0.0,0.0,0.0,0.0,0.0,0.0,1.0,0.0,0.0,0.0,0.0,1.0,1.0,0.0,0.0,0.0
4,5,8.982257287665625,7.695660654390591,1,1106.7393141008388,1,0,3,11.882056653699923,174.63658197345964,1,0,5,0.0,0.0,0.0,1.0,0.0,0.0,1.0,0.0,0.0,0.0,1.0,0.0,1.0,1.0,0.0,1.0
2,3,4.032264245039559,8.319904885259891,3,2902.3221053730467,1,3,1,1.357142757442126,95.73162369423012,1,0,1,1.0,0.0,0.0,0.0,0.0,0.0,0.0,0.0,0.0,0.0,0.0,0.0,0.0,0.0,1.0,0.0
4,2,7.9899660003244835,7.727098758787621,0,1063.3236222846397,4,2,2,4.987425804970838,213.9251963847105,1,1,0,0.0,0.0,0.0,0.0,0.0,0.0,1.0,0.0,0.0,0.0,0.0,1.0,0.0,1.0,1.0,0.0
0,0,1.8595371765897508,7.179265360755133,2,3471.338291669003,0,1,4,5.010695778767787,102.4079427867907,1,1,1,0.0,0.0,0.0,0.0,0.0,0.0,0.0,0.0,0.0,0.0,0.0,0.0,1.0,0.0,1.0,0.0
3,1,7.663248178348815,7.469789922032265,2,598.2943096694321,2,2,2,3.643514891212553,75.80709839013772,0,0,4,1.0,0.0,0.0,0.0,0.0,0.0,0.0,0.0,0.0,0.0,0.0,1.0,0.0,1.0,1.0,0.0
2,4,3.542132166514337,8.13729754825852,3,2159.591777534152,1,0,0,9.52788348294387,135.95293656074517,0,0,0,1.0,0.0,0.0,0.0,0.0,0.0,0.0,0.0,0.0,0.0,0.0,0.0,0.0,0.0,0.0,1.0
2,4,2.2207759180827606,9.179581261825174,0,1004.0504426639277,1,0,4,4.052302939122585,34.02974938064851,1,0,4,1.0,0.0,0.0,0.0,0.0,0.0,0.0,0.0,0.0,0.0,0.0,0.0,0.0,1.0,1.0,0.0
1,5,7.103720961132523,6.018067865708115,2,1723.925199420115,3,0,2,7.5054034290382425,289.8474522377955,1,0,3,0.0,0.0,0.0,0.0,0.0,0.0,0.0,0.0,0.0,0.0,0.0,0.0,1.0,0.0,0.0,1.0
4,2,5.228261360374503,6.757924482650006,0,943.840010523684,3,2,2,6.51600457660566,165.0292791127258,0,1,4,0.0,0.0,0.0,0.0,0.0,0.0,0.0,0.0,0.0,0.0,0.0,0.0,1.0,1.0,0.0,0.0
1,2,5.771256415573996,7.815457519703026,1,1081.4763553716202,2,0,0,10.368346595421382,43.21612781296882,0,1,0,0.0,0.0,0.0,0.0,0.0,0.0,0.0,0.0,0.0,0.0,0.0,0.0,1.0,1.0,0.0,0.0
4,0,5.684768057241287,5.885295713958685,0,682.9415261794645,3,0,0,9.833791570744753,238.82042946724997,1,0,2,0.0,0.0,0.0,0.0,1.0,0.0,0.0,0.0,0.0,0.0,0.0,0.0,1.0,1.0,0.0,0.0
2,0,1.535031838954176,5.072697195680172,0,524.0106358215528,0,2,1,2.615367815301396,216.11384453905066,0,0,0,1.0,0.0,0.0,0.0,0.0,0.0,0.0,0.0,0.0,0.0,0.0,0.0,1.0,1.0,1.0,0.0
0,2,1.4624222418340933,9.7970125406688,3,2657.917658319998,1,2,4,9.001341536216692,129.15197268102253,1,1,0,0.0,0.0,0.0,0.0,0.0,0.0,0.0,0.0,0.0,0.0,0.0,0.0,0.0,0.0,1.0,1.0
4,3,6.410507535532872,5.168373332777424,2,1860.3815982385117,3,1,3,9.510821497135778,295.11051183629957,0,0,4,0.0,0.0,0.0,0.0,0.0,0.0,0.0,0.0,0.0,0.0,0.0,0.0,1.0,0.0,0.0,1.0
0,0,6.614781781198749,5.396398572413505,3,636.7765555343667,3,2,2,11.030227964344567,150.1845095605866,0,0,3,0.0,0.0,0.0,0.0,1.0,0.0,0.0,0.0,0.0,0.0,0.0,1.0,0.0,1.0,0.0,1.0
1,2,1.4245710086360313,7.712116602895555,2,3316.9094566516146,0,0,3,11.558611236223832,63.82545837417418,1,0,4,0.0,0.0,0.0,0.0,0.0,0.0,0.0,0.0,0.0,0.0,0.0,0.0,0.0,0.0,1.0,1.0
4,3,4.40595398699036,4.464209859529017,2,2496.8304363875973,4,1,1,8.843628014122247,237.3766500594925,1,0,0,0.0,0.0,0.0,0.0,0.0,0.0,0.0,0.0,0.0,0.0,0.0,0.0,1.0,0.0,0.0,1.0
4,4,6.5156615160438465,4.2042859228912395,0,1292.819396100482,2,1,4,5.399174062772535,278.622706596702,0,1,1,0.0,0.0,0.0,0.0,0.0,0.0,1.0,0.0,0.0,0.0,0.0,0.0,1.0,1.0,0.0,1.0
4,5,6.910125901777687,4.384081622832092,3,1816.0854413602958,1,1,1,3.5156480283523464,78.71192433472575,1,0,0,0.0,0.0,0.0,0.0,0.0,0.0,1.0,0.0,0.0,0.0,0.0,0.0,1.0,0.0,0.0,0.0
2,2,8.454481833488963,4.7395818747146095,0,1967.800048716899,2,3,3,10.375955151901177,2.0162713455013526,0,1,3,1.0,1.0,0.0,0.0,0.0,0.0,0.0,0.0,0.0,0.0,0.0,1.0,1.0,0.0,1.0,0.0
3,2,4.786590552371928,6.575181172805123,0,2209.7834443125926,1,0,2,10.986653865080228,182.78402179216292,1,1,3,1.0,0.0,0.0,0.0,0.0,0.0,1.0,0.0,0.0,0.0,0.0,0.0,0.0,0.0,0.0,1.0
1,5,5.934320030322719,8.975563860786949,2,3072.3508330086865,2,2,3,1.1707341893009486,219.8340117654968,0,1,4,0.0,0.0,0.0,0.0,0.0,0.0,0.0,0.0,0.0,0.0,0.0,0.0,0.0,0.0,1.0,0.0
3,4,6.207043380479355,6.051831358573164,2,2269.7008482024567,0,1,0,6.651872632081405,78.25644241974759,1,0,0,1.0,0.0,0.0,0.0,0.0,0.0,0.0,0.0,0.0,0.0,0.0,0.0,1.0,0.0,1.0,0.0
2,1,3.808407549702871,6.565188487884519,0,3436.1784471345895,0,1,4,1.5503313367243692,289.0968165929771,0,0,0,1.0,0.0,0.0,0.0,0.0,0.0,0.0,0.0,0.0,0.0,0.0,0.0,1.0,0.0,1.0,0.0
0,4,1.4844286219745044,7.601506557015202,2,2680.427267890178,4,0,1,3.018956585568684,50.29117618721914,0,1,5,0.0,0.0,0.0,0.0,0.0,0.0,0.0,0.0,0.0,0.0,0.0,0.0,0.0,0.0,0.0,0.0
2,0,1.0380333358459417,5.812866553742567,2,3465.551594812427,3,2,2,4.598353581813316,240.34700501262014,1,1,3,1.0,0.0,0.0,0.0,0.0,0.0,0.0,0.0,0.0,0.0,0.0,0.0,1.0,0.0,0.0,0.0
2,2,8.525128745066723,6.595227272607882,1,2152.247453829442,1,0,3,3.733970584012164,262.89304195749685,0,0,0,1.0,0.0,0.0,0.0,0.0,0.0,0.0,0.0,0.0,0.0,0.0,1.0,1.0,0.0,1.0,0.0
1,1,2.802086402701477,6.317870121186164,2,2535.3475653892683,4,0,3,8.591987244788408,51.26528315148544,1,0,1,0.0,0.0,0.0,0.0,0.0,0.0,0.0,0.0,0.0,0.0,0.0,0.0,1.0,0.0,0.0,1.0
1,5,6.67229197743222,6.051301249900119,2,2713.69571619394,3,1,2,0.9475948579604774,150.40315103351745,0,0,2,0.0,0.0,0.0,0.0,0.0,0.0,0.0,0.0,0.0,0.0,0.0,0.0,1.0,0.0,0.0,0.0
2,0,6.193427307795276,6.330359016892225,1,2764.241103706991,3,3,4,7.365282499170849,8.414044522758779,1,1,2,1.0,1.0,0.0,0.0,0.0,0.0,1.0,0.0,0.0,0.0,0.0,1.0,1.0,0.0,1.0,0.0
0,5,4.596697690664671,4.06670626247238,0,573.2888850088727,3,0,4,6.976974347770765,192.56673780338213,0,1,4,0.0,0.0,0.0,0.0,1.0,0.0,0.0,0.0,0.0,0.0,0.0,0.0,1.0,1.0,0.0,0.0
0,1,8.501439778305704,9.317564008729509,1,882.4229622054738,4,0,3,9.446339799582898,163.9437868037541,0,0,2,0.0,0.0,0.0,0.0,0.0,0.0,0.0,0.0,0.0,0.0,0.0,1.0,0.0,1.0,0.0,1.0
3,0,7.285614361240411,9.864080784692145,3,1183.167158087268,4,1,0,1.160141929863257,233.48156351084393,1,0,3,1.0,0.0,0.0,0.0,0.0,0.0,0.0,0.0,0.0,0.0,0.0,1.0,0.0,0.0,0.0,0.0
1,3,1.2046731709525564,9.17497714849683,1,1314.4834726292543,1,0,3,3.991255502440116,150.38329734780672,1,1,4,0.0,0.0,0.0,0.0,0.0,0.0,0.0,0.0,0.0,0.0,0.0,0.0,0.0,0.0,1.0,0.0
3,4,7.990246660210163,4.03445364432545,2,3216.1045678859678,3,2,2,8.36524108633942,106.16527859829883,0,1,0,1.0,1.0,0.0,0.0,0.0,0.0,0.0,0.0,0.0,0.0,0.0,1.0,1.0,0.0,0.0,0.0
2,0,5.562989362015861,8.505313280167732,1,2667.8096704173067,0,1,2,8.540245284789185,41.00153284573756,0,1,2,1.0,0.0,0.0,0.0,0.0,0.0,0.0,0.0,0.0,0.0,0.0,1.0,0.0,0.0,1.0,0.0
2,0,4.123173601745622,7.438601035520281,2,929.8448316031065,2,2,4,5.395509526975171,15.322085193079015,1,0,1,1.0,0.0,0.0,0.0,0.0,0.0,0.0,0.0,0.0,0.0,0.0,0.0,0.0,1.0,1.0,0.0
2,0,7.541961908605101,4.565049466046502,2,1779.0650992432397,0,0,2,5.541233199729556,158.64960805279077,0,0,4,1.0,0.0,0.0,0.0,0.0,0.0,0.0,0.0,0.0,0.0,0.0,0.0,1.0,0.0,0.0,0.0
2,2,7.1745906668164245,9.597154809277585,1,1229.3646353872477,0,0,4,11.57951171535003,275.6652190743218,0,1,0,1.0,1.0,0.0,0.0,0.0,0.0,0.0,0.0,0.0,0.0,0.0,0.0,0.0,0.0,0.0,1.0
4,0,3.7952941408205416,8.657302775335822,2,2989.590939712429,3,0,3,3.9147358445194897,229.80144869289148,0,0,1,0.0,0.0,0.0,0.0,0.0,0.0,0.0,0.0,0.0,0.0,0.0,0.0,0.0,0.0,0.0,0.0
4,4,9.847349843480933,4.871777718688562,3,3253.390958058667,1,2,0,1.8013763629363817,117.9362028279319,1,0,3,0.0,0.0,0.0,0.0,0.0,0.0,0.0,0.0,0.0,0.0,0.0,1.0,0.0,0.0,1.0,0.0
1,0,6.83837638040578,9.784248578160977,3,992.8704104407675,0,2,3,11.434104779896126,295.1177675643689,1,0,3,0.0,0.0,0.0,0.0,0.0,0.0,0.0,0.0,0.0,0.0,0.0,0.0,0.0,1.0,1.0,1.0
3,4,6.452017412085042,4.7571925168638405,3,1749.7123459325317,4,0,2,9.715297719133961,55.20002286372097,1,0,0,1.0,0.0,0.0,0.0,0.0,0.0,0.0,0.0,0.0,0.0,0.0,0.0,1.0,0.0,0.0,0.0
4,5,1.6289232713359487,6.728079271055701,0,3358.5109557594888,4,1,2,2.844755141684848,299.2886866236553,1,0,5,0.0,0.0,0.0,0.0,0.0,0.0,1.0,0.0,0.0,0.0,0.0,0.0,0.0,0.0,0.0,0.0
0,4,3.513869023102637,4.953854395955037,3,2471.268328074767,1,2,1,10.287083194753698,69.04073361554744,1,1,0,0.0,0.0,0.0,0.0,0.0,0.0,0.0,0.0,0.0,0.0,0.0,0.0,1.0,0.0,0.0,0.0
3,5,5.022766020937973,4.901144770347427,2,3104.2906050288025,2,0,0,3.0276169893103515,50.46558048494838,0,1,2,1.0,0.0,0.0,0.0,0.0,0.0,0.0,0.0,0.0,0.0,0.0,1.0,1.0,0.0,0.0,0.0
2,5,6.675631338787087,9.806834430247662,1,1573.0811930124628,1,0,3,9.929369700544022,257.49969028396475,1,0,0,1.0,0.0,0.0,0.0,0.0,0.0,0.0,0.0,0.0,0.0,1.0,0.0,0.0,0.0,0.0,1.0
4,0,5.6148726765734,7.432736688354041,1,1129.1070987097094,4,2,1,7.542752711545553,140.65605539452073,0,1,3,0.0,0.0,0.0,0.0,0.0,0.0,1.0,0.0,0.0,0.0,0.0,0.0,0.0,1.0,1.0,0.0
2,2,7.8672964012425215,5.555049506158015,0,2573.9111869371022,3,2,0,5.790962645355737,267.5572802242691,0,0,2,1.0,0.0,0.0,0.0,0.0,1.0,0.0,0.0,0.0,0.0,0.0,0.0,1.0,0.0,1.0,0.0
4,4,3.363109412211117,8.658396225199201,3,912.2790046324071,2,2,2,11.136874884235084,224.41207396984814,0,0,4,0.0,0.0,0.0,0.0,0.0,0.0,0.0,0.0,0.0,0.0,0.0,0.0,0.0,1.0,0.0,1.0
0,2,7.319412957542359,9.251466395815044,3,3019.705690178781,4,1,3,9.71241516179594,47.019010108428105,1,1,3,0.0,0.0,0.0,0.0,0.0,0.0,1.0,0.0,0.0,0.0,0.0,1.0,0.0,0.0,0.0,0.0
0,4,8.349373422020463,9.505623620726674,0,2764.511470566235,3,3,1,1.5591008990708213,36.57728368141597,0,0,5,0.0,0.0,0.0,0.0,0.0,0.0,0.0,0.0,0.0,0.0,0.0,1.0,0.0,0.0,1.0,0.0
4,4,7.88544978024658,9.597909825801231,2,1414.7199050804102,0,0,1,8.466827485282419,134.02996967900665,1,1,0,0.0,0.0,0.0,0.0,0.0,0.0,1.0,0.0,0.0,0.0,0.0,1.0,0.0,0.0,0.0,0.0
2,5,7.937619261292301,9.433490978531772,2,1996.1345591569047,2,0,2,9.47402342648119,168.4634515374668,1,0,3,1.0,0.0,0.0,0.0,0.0,0.0,0.0,0.0,0.0,0.0,0.0,1.0,0.0,0.0,0.0,1.0
2,1,8.996563515359489,7.833594375559423,0,2897.5816988581246,4,2,4,6.4935314904934724,126.96423748883643,0,0,2,1.0,1.0,0.0,0.0,0.0,0.0,0.0,0.0,0.0,0.0,0.0,1.0,1.0,0.0,1.0,0.0
0,2,1.7576068823244055,6.054799898842343,2,3304.7309593172768,2,3,0,3.312820539049384,63.59662785936959,0,0,3,0.0,0.0,0.0,0.0,0.0,0.0,0.0,0.0,0.0,0.0,0.0,0.0,0.0,0.0,1.0,0.0
1,0,7.274724142366927,9.553406064633293,3,1556.4814876616829,0,0,4,2.8136756964385246,65.25912230440673,0,0,5,0.0,0.0,0.0,0.0,0.0,0.0,0.0,0.0,0.0,0.0,0.0,1.0,0.0,0.0,1.0,0.0
4,1,9.718103810048149,4.734979168002316,1,2869.9754551557935,3,2,0,11.689751648080726,152.97270503389257,0,0,5,0.0,0.0,0.0,0.0,0.0,0.0,0.0,0.0,0.0,0.0,0.0,1.0,1.0,0.0,0.0,1.0
1,1,6.162855848870843,5.012798890304905,2,1083.40124328285,2,3,2,5.241521578550644,4.289808012430085,0,0,5,0.0,0.0,0.0,0.0,0.0,0.0,0.0,0.0,0.0,0.0,0.0,1.0,1.0,1.0,1.0,0.0
2,2,2.9558468078595332,6.602965242974163,3,3210.620417559692,1,2,4,6.225900092601011,131.68445266573505,1,0,5,1.0,0.0,0.0,0.0,0.0,0.0,0.0,0.0,0.0,0.0,0.0,0.0,1.0,0.0,1.0,0.0
1,2,9.988784251967916,5.70198965327909,1,2558.750030599869,4,3,4,7.177988786466414,9.967520561292487,1,1,4,0.0,0.0,0.0,0.0,0.0,0.0,1.0,0.0,0.0,0.0,0.0,1.0,1.0,0.0,1.0,0.0
1,5,2.5720956353933104,7.694396885343228,0,958.2179602104447,4,1,2,1.2075768390904167,261.9404754063894,1,0,5,0.0,0.0,0.0,0.0,0.0,0.0,0.0,1.0,0.0,0.0,0.0,0.0,0.0,0.0,1.0,0.0
0,4,4.020019276373734,9.43181153778774,1,2719.4867648297927,2,3,2,0.9755447470287475,186.0334787997306,1,1,4,0.0,0.0,0.0,0.0,0.0,0.0,0.0,0.0,0.0,0.0,0.0,0.0,0.0,0.0,0.0,0.0
4,4,2.54855969575451,6.9461879582346855,0,2672.173013804842,3,1,3,2.377642895609597,48.056511164463565,0,0,0,0.0,0.0,0.0,0.0,0.0,0.0,0.0,0.0,0.0,0.0,0.0,0.0,1.0,0.0,0.0,0.0
4,0,5.180615818750614,7.3232235605111935,1,2726.892370751265,1,1,4,0.7839488023517793,230.5700256882822,1,1,5,0.0,0.0,0.0,0.0,0.0,0.0,1.0,0.0,0.0,0.0,0.0,0.0,1.0,0.0,1.0,0.0
0,2,4.7698840864986245,6.538802373886555,2,1534.6322522740425,3,0,0,10.781667450844035,147.7849008810193,0,1,4,0.0,0.0,0.0,0.0,1.0,0.0,0.0,0.0,0.0,0.0,0.0,0.0,0.0,0.0,0.0,0.0
1,4,5.421168068595155,8.245414959855632,0,2719.4007497805073,4,3,1,1.7762912491869773,153.21199629508635,1,0,5,0.0,0.0,0.0,0.0,0.0,0.0,0.0,0.0,0.0,0.0,0.0,0.0,1.0,0.0,1.0,0.0
2,1,9.351850600498866,4.604132679077283,2,2979.7101704301713,1,2,1,2.718830062993082,76.83818465179964,1,1,1,1.0,0.0,0.0,0.0,0.0,0.0,0.0,0.0,0.0,0.0,0.0,1.0,1.0,0.0,1.0,0.0
1,2,5.3049194725080255,4.291539315559369,3,1541.3867286232467,4,3,4,6.447724313650832,118.12692896399115,0,1,3,0.0,0.0,0.0,0.0,0.0,0.0,0.0,0.0,0.0,0.0,0.0,1.0,1.0,0.0,0.0,0.0
3,4,5.631636935922797,7.848030846598977,1,1123.8729997431312,0,2,0,10.754450710857894,263.44617793481115,1,0,2,1.0,1.0,0.0,0.0,0.0,0.0,0.0,0.0,0.0,0.0,0.0,0.0,0.0,0.0,0.0,1.0
1,4,8.980138953266213,7.209271270924911,3,3163.6397644787567,2,1,0,0.5883746008033559,44.16013118401981,1,1,0,0.0,0.0,0.0,0.0,0.0,0.0,1.0,0.0,0.0,0.0,0.0,1.0,0.0,0.0,0.0,0.0
0,5,8.35982194613349,6.4441481741162665,1,2362.0821949435053,0,0,0,2.591693491629928,187.11212955363737,1,0,3,0.0,0.0,0.0,0.0,0.0,0.0,0.0,0.0,0.0,0.0,0.0,1.0,0.0,0.0,0.0,0.0
1,2,3.1574982810289978,6.003955851275032,2,1881.161507134849,2,2,4,8.608204985385388,65.0697959433462,0,0,1,0.0,0.0,0.0,0.0,0.0,0.0,0.0,0.0,0.0,0.0,0.0,0.0,0.0,0.0,1.0,0.0
2,2,1.116333597059652,4.310844664258753,0,3139.231717819961,3,1,0,6.230157742936016,133.44131104109775,1,1,0,1.0,0.0,0.0,0.0,0.0,0.0,0.0,0.0,0.0,0.0,0.0,0.0,1.0,0.0,0.0,0.0
0,2,6.66549632981846,8.083336974483988,1,908.0169307344431,4,2,1,7.134220279379008,159.90637176828244,0,0,1,0.0,0.0,0.0,0.0,1.0,0.0,0.0,0.0,0.0,0.0,0.0,1.0,0.0,1.0,0.0,0.0
4,4,8.60364841453768,6.528805214924303,3,2931.7538175829254,0,3,2,0.203445659666464,36.53691925357747,0,0,4,0.0,0.0,0.0,0.0,0.0,0.0,0.0,0.0,0.0,1.0,0.0,1.0,1.0,0.0,1.0,0.0
0,2,5.975651013493601,6.671608237117701,2,1972.4638276499102,4,2,1,10.401662795413579,23.553102686161697,1,0,4,0.0,0.0,0.0,0.0,1.0,0.0,0.0,0.0,0.0,0.0,0.0,0.0,0.0,0.0,0.0,1.0
0,2,2.9005922801156063,9.36066910847135,2,627.572784554094,4,1,0,6.944888745887625,145.21777422957675,0,1,1,0.0,0.0,0.0,0.0,1.0,0.0,0.0,0.0,0.0,0.0,0.0,0.0,0.0,1.0,0.0,0.0
2,1,7.672195816077761,8.425287295140873,2,3417.8380570356135,0,3,2,10.012414058691478,122.80309118122183,1,0,2,1.0,1.0,0.0,0.0,0.0,0.0,0.0,0.0,0.0,0.0,0.0,1.0,0.0,0.0,1.0,1.0
2,2,7.025853543501429,5.316658892159749,0,2834.200228246527,4,2,3,11.564938524705349,276.2986120337417,0,1,4,1.0,1.0,0.0,0.0,0.0,0.0,0.0,0.0,0.0,0.0,0.0,0.0,1.0,0.0,0.0,1.0
1,1,6.085292836676976,7.942998979130696,3,1144.2674715637318,4,1,1,8.785937931295328,209.39885841259894,1,1,2,0.0,0.0,0.0,0.0,0.0,0.0,1.0,0.0,0.0,0.0,0.0,0.0,0.0,0.0,0.0,1.0
1,3,8.770025566188853,4.793531911021946,1,3271.0867400038,0,3,2,0.3721258531398126,269.04376653711176,0,1,2,0.0,0.0,0.0,0.0,0.0,0.0,0.0,0.0,0.0,0.0,0.0,1.0,1.0,0.0,1.0,0.0
0,5,8.058181176451296,5.164383207112859,0,3306.0366759673407,0,1,2,8.53835358962231,278.4913605127373,1,1,5,0.0,0.0,0.0,0.0,0.0,0.0,0.0,0.0,0.0,0.0,0.0,1.0,1.0,0.0,1.0,1.0
3,4,7.011568822805023,8.284895444394607,3,2901.3968002895544,3,0,1,6.761648092272262,5.719658704611852,1,0,0,1.0,0.0,0.0,0.0,0.0,0.0,0.0,0.0,0.0,0.0,0.0,0.0,0.0,0.0,0.0,0.0
1,2,6.982828021208965,4.7553425094993855,0,881.5112994262254,2,0,0,1.2424751244491818,263.95834288434185,0,0,4,0.0,0.0,0.0,0.0,0.0,0.0,0.0,0.0,0.0,0.0,0.0,1.0,1.0,1.0,0.0,0.0
0,5,6.959823708684474,5.681163708225867,3,1059.143999700119,1,2,4,3.2451247555931264,287.5427876499116,0,0,3,0.0,0.0,0.0,0.0,1.0,0.0,0.0,1.0,0.0,0.0,0.0,1.0,0.0,0.0,1.0,0.0
1,5,5.726482704249076,9.388361607901235,1,2762.098804712747,2,2,4,2.0260914988221423,135.79289007361228,1,0,2,0.0,0.0,0.0,0.0,0.0,0.0,0.0,0.0,0.0,0.0,0.0,0.0,0.0,0.0,1.0,0.0
4,2,5.175294801794623,8.429892869689274,0,3241.4173113889756,1,3,2,11.098096660507757,190.79628804362656,0,0,4,0.0,0.0,0.0,0.0,0.0,0.0,0.0,0.0,0.0,0.0,0.0,0.0,0.0,0.0,1.0,0.0
1,4,7.386404135488477,9.57675710584612,0,1145.0544136832605,4,0,4,9.54339990968705,103.79319713373768,1,0,1,0.0,0.0,0.0,0.0,0.0,0.0,0.0,0.0,0.0,0.0,0.0,1.0,0.0,1.0,0.0,0.0
4,2,6.49445033323208,9.29100005176722,2,1882.4835056708002,1,1,1,8.410246806870836,29.597272797707607,0,0,3,0.0,0.0,0.0,0.0,0.0,0.0,0.0,0.0,0.0,0.0,0.0,0.0,0.0,0.0,0.0,0.0
1,5,5.409825060704888,5.875476531851875,2,964.3818790473576,0,0,4,9.15984767095815,78.78143665538444,0,0,1,0.0,0.0,0.0,0.0,0.0,0.0,0.0,0.0,0.0,0.0,0.0,0.0,1.0,1.0,1.0,0.0
0,2,2.1399521851993746,7.79426460688622,0,1934.0235284920825,4,1,2,7.214952730465104,24.163245628877526,1,1,4,0.0,0.0,0.0,0.0,0.0,0.0,0.0,0.0,0.0,0.0,0.0,0.0,1.0,0.0,0.0,0.0
1,1,7.31735909787849,6.2721740687306395,1,2427.5873901041728,4,3,4,10.263199053233894,146.03724806006505,1,1,2,0.0,0.0,0.0,0.0,0.0,0.0,0.0,0.0,0.0,0.0,0.0,1.0,0.0,0.0,1.0,1.0
1,0,6.813987135201689,8.182625989756659,0,555.6646652280798,4,3,3,2.743297781700577,196.07609139064868,1,1,4,0.0,0.0,0.0,0.0,0.0,0.0,0.0,0.0,0.0,0.0,0.0,0.0,0.0,1.0,0.0,0.0
0,5,4.080235833761533,6.090742129905478,2,2428.7815750828904,4,1,4,3.006054819841371,1.5678403530843932,0,0,3,0.0,0.0,0.0,0.0,0.0,0.0,0.0,0.0,0.0,0.0,0.0,0.0,0.0,0.0,1.0,0.0
2,1,4.206908495935691,4.007904231280355,3,2419.249783057202,0,0,2,7.100995865800196,68.65908012464165,1,1,0,1.0,0.0,0.0,0.0,0.0,0.0,1.0,0.0,0.0,0.0,0.0,0.0,1.0,0.0,1.0,0.0
1,4,3.2205014572172703,4.563629291030713,1,1865.0254605969087,3,3,4,9.721624789236849,22.130557223154945,0,0,3,0.0,0.0,0.0,0.0,0.0,0.0,0.0,1.0,0.0,0.0,0.0,0.0,1.0,0.0,1.0,0.0
3,0,9.65723730728517,8.626073957336644,3,3186.2067877826394,1,0,4,10.029461467304662,289.7227910022057,0,0,0,1.0,0.0,0.0,0.0,0.0,0.0,0.0,0.0,0.0,0.0,0.0,1.0,0.0,0.0,0.0,0.0
2,3,8.741812265818503,4.504031468633566,1,904.4570525601637,2,0,3,11.715037567253244,240.93337728303624,0,0,4,1.0,1.0,0.0,0.0,0.0,0.0,0.0,0.0,0.0,0.0,0.0,1.0,1.0,1.0,1.0,1.0
2,2,6.049441264709952,7.596536099441455,0,653.9354913611701,2,1,1,9.147418495080494,9.296704935190203,1,1,1,1.0,1.0,0.0,0.0,0.0,0.0,0.0,0.0,0.0,0.0,0.0,0.0,1.0,1.0,0.0,0.0
2,2,4.614878319026628,9.146671074155154,1,1987.4934799239677,4,3,0,2.792915415548613,244.19635861869898,0,1,5,1.0,1.0,0.0,0.0,0.0,0.0,0.0,0.0,0.0,0.0,0.0,0.0,0.0,0.0,0.0,0.0
0,1,7.63142737326781,8.446607421052676,3,2099.103560246329,2,3,2,2.7678066014019866,248.17869824527253,1,1,1,0.0,0.0,0.0,0.0,0.0,0.0,0.0,0.0,0.0,0.0,0.0,1.0,0.0,0.0,1.0,0.0
3,0,5.749553585133975,6.4806327689172445,3,1300.0675587310552,1,1,3,5.347064939450925,241.5719277255885,1,0,2,1.0,0.0,0.0,0.0,0.0,0.0,0.0,0.0,0.0,0.0,0.0,1.0,0.0,0.0,0.0,0.0
0,2,9.782659305236026,5.251625291758918,2,3384.883119961059,0,1,4,7.801809247387867,263.5257829656264,1,0,3,0.0,0.0,0.0,0.0,0.0,0.0,0.0,0.0,0.0,0.0,0.0,1.0,0.0,0.0,1.0,1.0
3,2,1.496103525299391,9.535224926450965,1,1261.181719949449,2,0,3,6.155904208058816,140.52779003210512,0,0,0,1.0,0.0,0.0,0.0,0.0,0.0,0.0,0.0,0.0,0.0,0.0,0.0,0.0,0.0,1.0,0.0
4,4,1.308571606481276,7.398398090710359,3,1310.4854861993836,4,1,3,0.8096755710375838,71.82402989025015,1,1,1,0.0,0.0,0.0,0.0,0.0,0.0,1.0,0.0,0.0,0.0,0.0,0.0,0.0,0.0,0.0,0.0
3,2,6.11749916176036,6.432520355602335,2,2932.95936446362,3,2,2,5.782809772856348,261.1343957004608,0,1,5,1.0,0.0,0.0,0.0,0.0,0.0,0.0,0.0,0.0,0.0,0.0,1.0,0.0,0.0,1.0,0.0
2,1,2.8295130042001606,9.65234619413967,3,3268.471027486295,4,1,4,9.80518419210776,250.3940528978186,0,1,2,1.0,0.0,0.0,0.0,0.0,0.0,0.0,0.0,0.0,0.0,0.0,0.0,0.0,0.0,0.0,1.0
1,1,6.4387374719517325,5.290106463231465,2,2108.4192380145787,0,3,1,2.883777749637295,82.4128103322893,0,1,4,0.0,0.0,0.0,0.0,0.0,0.0,0.0,0.0,0.0,0.0,0.0,1.0,1.0,0.0,1.0,0.0
4,3,8.032807256924595,6.6536912347217285,2,557.161960839693,2,1,3,7.620391476208997,174.2157828583116,1,1,2,0.0,0.0,0.0,0.0,1.0,0.0,1.0,0.0,0.0,1.0,0.0,1.0,1.0,1.0,1.0,0.0
1,2,2.2429878506638556,4.651874254981038,3,1566.3046476675809,3,3,2,3.2366342503192254,167.08156276005644,0,0,1,0.0,0.0,0.0,0.0,0.0,0.0,0.0,0.0,0.0,0.0,0.0,0.0,1.0,0.0,1.0,0.0
2,5,4.965474017705752,4.749281565397229,3,1171.8194858474772,4,2,2,6.668028177285655,146.25853943441206,1,1,3,1.0,0.0,0.0,0.0,0.0,0.0,0.0,1.0,0.0,0.0,0.0,0.0,1.0,1.0,0.0,0.0
3,2,7.198003751044197,6.3915775359810105,2,2033.0541420039663,1,2,1,8.411746705634226,182.58373371720964,1,1,0,1.0,0.0,0.0,0.0,0.0,0.0,0.0,0.0,0.0,0.0,0.0,1.0,1.0,0.0,1.0,1.0
4,3,8.50477213605674,8.197962135910595,0,2547.715367806339,3,3,3,2.4866670236166786,25.190901232821794,0,1,5,0.0,0.0,0.0,0.0,0.0,0.0,0.0,0.0,0.0,0.0,0.0,1.0,0.0,0.0,1.0,0.0
4,0,5.467096810327216,6.0333636649251,1,1677.308856224037,1,3,4,8.874565564930109,136.3931400528001,1,1,4,0.0,0.0,0.0,0.0,0.0,0.0,1.0,0.0,0.0,0.0,0.0,0.0,0.0,0.0,1.0,0.0
0,1,2.8553822821541943,8.137587835618014,2,2112.07994217777,2,1,2,8.11822187135324,83.96157574052178,0,1,4,0.0,0.0,0.0,0.0,0.0,0.0,0.0,0.0,0.0,0.0,0.0,0.0,0.0,0.0,1.0,0.0
4,5,6.272193300270697,8.831142815514355,2,2779.5809432366946,3,1,0,3.7531195164128555,0.7117986061499049,0,1,0,0.0,0.0,0.0,0.0,0.0,0.0,1.0,0.0,0.0,0.0,0.0,0.0,0.0,0.0,0.0,0.0
0,2,5.090653618524996,9.265467487920018,1,1238.4410254194988,4,2,0,10.73969632896688,155.7524440084766,0,0,1,0.0,0.0,0.0,0.0,1.0,0.0,0.0,0.0,0.0,0.0,0.0,0.0,0.0,0.0,0.0,1.0
2,2,7.947328843040372,4.268317024322421,0,1087.903694791281,2,0,0,9.366169790475679,109.41112839799435,1,0,2,1.0,1.0,0.0,0.0,0.0,0.0,0.0,0.0,0.0,0.0,0.0,1.0,1.0,1.0,0.0,1.0
4,3,6.000184577826532,8.642389929838549,3,2916.904840481545,2,2,2,6.253593398830641,129.37137926104745,1,0,2,0.0,0.0,0.0,0.0,0.0,0.0,1.0,0.0,0.0,0.0,0.0,0.0,0.0,0.0,1.0,0.0
3,0,3.514805604733877,4.882852733344109,3,611.0708715225054,4,1,0,0.9922151089963167,33.405189656354835,1,0,0,1.0,0.0,0.0,0.0,0.0,0.0,0.0,0.0,0.0,0.0,0.0,0.0,1.0,1.0,0.0,0.0
4,3,7.7895362774906935,8.189573759796005,0,951.7897511316952,2,3,1,5.2874582204279905,151.68615965610104,1,1,0,0.0,0.0,0.0,0.0,1.0,0.0,1.0,0.0,0.0,0.0,0.0,1.0,0.0,0.0,0.0,0.0
1,2,5.659723116657637,6.22997479360001,1,537.0702363868115,1,0,3,3.95820632414084,81.03777022125107,0,0,3,0.0,0.0,0.0,0.0,0.0,0.0,0.0,0.0,0.0,0.0,0.0,0.0,1.0,1.0,0.0,0.0
1,0,2.5979189705049475,8.246759786169171,1,2166.1543803677205,1,2,3,3.1493449199811696,0.17462225684522492,1,0,2,0.0,0.0,0.0,0.0,0.0,0.0,0.0,0.0,0.0,0.0,0.0,0.0,1.0,0.0,1.0,0.0
1,2,6.067650908277951,5.282945467047981,3,2300.2571954221053,3,2,3,7.722882735709927,234.00330006507448,0,1,1,0.0,0.0,0.0,0.0,0.0,0.0,0.0,0.0,0.0,0.0,0.0,0.0,1.0,0.0,0.0,1.0
1,2,9.534880538612855,7.869944313405972,3,2093.0920831085114,3,0,3,11.060761861181687,188.35159568891603,1,0,3,0.0,0.0,0.0,0.0,0.0,0.0,0.0,0.0,0.0,0.0,0.0,1.0,0.0,0.0,0.0,1.0
3,1,7.3496463484396255,4.753084522371643,1,1742.8070879308407,2,2,0,1.7586511340336002,158.37480086189436,0,0,5,1.0,0.0,0.0,0.0,0.0,0.0,0.0,0.0,0.0,0.0,0.0,0.0,1.0,0.0,0.0,0.0
2,3,3.6892302531218104,5.018473285940842,1,2087.087370255392,0,2,4,8.899646926982964,186.61708951710975,0,0,5,1.0,0.0,0.0,0.0,0.0,0.0,0.0,0.0,0.0,0.0,0.0,0.0,1.0,0.0,1.0,0.0
3,4,7.397858577635723,7.686771550987358,1,1081.8134045478878,0,1,1,7.460578562371724,97.09997255468697,0,0,5,1.0,0.0,0.0,0.0,0.0,0.0,0.0,0.0,0.0,0.0,0.0,1.0,0.0,1.0,0.0,0.0
2,1,3.5434567990196104,6.020628949902164,0,2978.7281745084706,1,2,0,8.004387094400077,36.911010979729234,1,0,1,1.0,0.0,0.0,0.0,0.0,0.0,0.0,0.0,0.0,0.0,0.0,0.0,1.0,0.0,0.0,0.0
1,5,5.884199537871357,8.22266843868285,1,3442.3190111188273,0,1,4,10.142226784539192,107.07810581638823,0,0,1,0.0,0.0,0.0,0.0,0.0,0.0,0.0,0.0,0.0,0.0,0.0,1.0,0.0,0.0,1.0,0.0
0,3,5.739361874087975,8.110956612416125,1,2121.8686479381636,2,2,2,4.505446328103885,236.66355711964206,0,0,1,0.0,0.0,0.0,0.0,0.0,0.0,0.0,0.0,0.0,0.0,0.0,1.0,1.0,0.0,1.0,0.0
2,4,3.226517910206233,7.72980394153047,0,1623.0666149551682,2,0,1,6.95465226729235,182.47980936703783,0,1,1,1.0,0.0,0.0,0.0,0.0,0.0,0.0,0.0,0.0,0.0,0.0,0.0,0.0,0.0,0.0,0.0
4,0,4.130930798918362,8.383243247405908,2,2875.3481496775134,1,1,1,3.32188329873347,237.37282463628293,0,0,0,0.0,0.0,0.0,0.0,0.0,0.0,0.0,0.0,0.0,0.0,0.0,0.0,0.0,0.0,0.0,0.0
4,4,9.47963309307441,8.763611443981983,3,1079.2157932525856,4,0,2,3.410539471249455,270.6844534267278,1,0,1,0.0,0.0,0.0,0.0,0.0,0.0,1.0,0.0,0.0,1.0,0.0,1.0,0.0,0.0,0.0,0.0
1,2,3.2553868277389024,9.468539694830945,1,1462.3206982875058,1,0,2,6.159389556922864,74.89721278363407,0,1,3,0.0,0.0,0.0,0.0,0.0,0.0,0.0,0.0,0.0,0.0,0.0,0.0,0.0,1.0,0.0,0.0
2,4,8.209243392678873,4.483094976890561,1,3319.941750305979,4,0,0,0.08760179819045755,274.32838581101385,0,1,1,1.0,0.0,0.0,0.0,0.0,0.0,0.0,0.0,0.0,0.0,0.0,1.0,1.0,0.0,0.0,0.0
3,4,7.00633522010926,7.429294088670699,1,1058.8825178538073,0,0,0,2.9773835097192496,198.77970941104743,1,1,5,1.0,0.0,0.0,0.0,0.0,0.0,0.0,0.0,0.0,0.0,0.0,0.0,0.0,0.0,0.0,0.0
3,1,5.7936621927318805,8.492661001722405,0,836.3467335097466,3,2,4,1.8195453156283778,168.23345861743988,1,1,5,1.0,0.0,0.0,0.0,0.0,0.0,0.0,0.0,0.0,0.0,0.0,0.0,0.0,1.0,1.0,0.0
0,1,2.237633825186471,5.301648740019264,2,2139.0610869335706,4,0,2,1.4384151343627911,150.96285600953559,0,1,2,0.0,0.0,0.0,0.0,0.0,0.0,0.0,0.0,0.0,0.0,0.0,0.0,1.0,0.0,0.0,0.0
2,0,2.8411367743574,5.581726857861676,1,2262.252010048275,4,1,4,4.615544189394845,140.6160627498404,1,0,2,1.0,0.0,0.0,0.0,0.0,0.0,0.0,0.0,0.0,0.0,0.0,0.0,1.0,0.0,1.0,0.0
0,3,2.6107986123136353,5.601786066012525,3,2291.45031203276,2,0,3,1.2523417099705907,22.169379306370097,0,1,2,0.0,0.0,0.0,0.0,0.0,0.0,0.0,0.0,0.0,0.0,0.0,0.0,0.0,0.0,0.0,0.0
0,4,6.281148330763771,7.43399782884711,1,993.4346871227391,1,1,3,1.8514713784807726,16.39212866969344,0,0,1,0.0,0.0,0.0,0.0,0.0,0.0,0.0,0.0,0.0,0.0,0.0,0.0,0.0,1.0,1.0,0.0
3,2,9.760448770466303,6.197023410793959,3,2663.4341818657003,1,0,1,8.02458795257973,99.29258024498687,1,0,0,1.0,0.0,0.0,0.0,0.0,0.0,0.0,0.0,0.0,0.0,0.0,1.0,0.0,0.0,0.0,0.0
0,0,8.895153364974952,7.996568440729595,1,1226.8433837982107,2,1,4,7.8161054851377765,61.0665324175439,1,0,2,0.0,0.0,0.0,0.0,0.0,0.0,0.0,0.0,0.0,0.0,0.0,1.0,1.0,0.0,1.0,0.0
1,1,1.2272669463661954,7.661438091807618,0,3344.3076528406973,4,0,3,11.340218759817164,25.9834632924827,0,0,3,0.0,0.0,0.0,0.0,0.0,0.0,0.0,0.0,0.0,0.0,0.0,0.0,0.0,0.0,0.0,1.0
2,2,3.463539620161119,7.942670998618292,1,1183.8715320461351,1,2,3,11.043278862880484,7.331180393252934,1,1,1,1.0,0.0,0.0,0.0,0.0,0.0,0.0,0.0,0.0,0.0,0.0,0.0,1.0,0.0,1.0,1.0
3,5,2.4153171304331993,5.513905700855358,3,551.9344373027507,4,1,1,10.487284170669458,293.51637011040805,1,0,1,1.0,0.0,0.0,0.0,0.0,0.0,0.0,1.0,0.0,0.0,0.0,0.0,0.0,1.0,0.0,1.0
2,0,9.781100577081116,8.604228254937981,1,2203.5355799522486,4,2,2,8.291452336694237,63.62819240315368,1,0,3,1.0,1.0,0.0,0.0,0.0,1.0,0.0,0.0,0.0,0.0,0.0,1.0,0.0,0.0,0.0,0.0
0,2,3.1204921113803357,7.9842133046121635,3,1108.5436193201363,0,3,1,3.199072342746117,295.406966230021,1,1,0,0.0,0.0,0.0,0.0,1.0,0.0,0.0,0.0,0.0,0.0,0.0,0.0,0.0,0.0,0.0,0.0
3,3,2.8118186653491453,4.7838976757887055,2,2385.7214760422385,4,1,4,2.1378928909194514,163.35050298061046,1,1,4,1.0,0.0,0.0,0.0,0.0,0.0,1.0,0.0,0.0,0.0,0.0,0.0,1.0,0.0,1.0,0.0
4,1,6.587877642240333,5.201037114454398,2,1187.6400817128433,2,2,4,11.393013855562433,57.54975328674693,1,1,4,0.0,0.0,0.0,0.0,0.0,0.0,1.0,0.0,0.0,1.0,0.0,0.0,1.0,1.0,1.0,1.0
4,5,6.005679252173078,5.80579087783879,3,1784.2530925694057,3,3,1,11.515547879876404,43.59033327126901,1,0,5,0.0,0.0,0.0,0.0,0.0,0.0,1.0,1.0,1.0,0.0,0.0,0.0,1.0,0.0,0.0,1.0
3,5,3.032663354031114,9.616249047032387,2,1038.5432023640383,1,1,0,6.0532143805190355,60.24136916727072,0,1,0,1.0,0.0,0.0,0.0,0.0,0.0,0.0,0.0,0.0,0.0,0.0,0.0,0.0,1.0,0.0,0.0
2,2,7.03328378083518,5.9580991816254,2,1786.434071232242,1,0,1,6.580964137783069,109.13336969435159,1,1,4,1.0,0.0,0.0,0.0,0.0,0.0,1.0,0.0,0.0,0.0,0.0,1.0,1.0,0.0,0.0,0.0
4,4,1.8730649016522023,4.119274495991915,0,909.5610161701882,2,2,1,0.06447455748148423,61.49745727174937,0,1,0,0.0,0.0,0.0,0.0,0.0,0.0,0.0,0.0,0.0,0.0,0.0,0.0,1.0,1.0,0.0,0.0
2,4,1.1743215942780294,4.849754425953099,2,1513.919173177534,0,2,0,1.7830271558824582,248.40644168900462,0,1,4,1.0,0.0,0.0,0.0,0.0,0.0,0.0,0.0,0.0,0.0,0.0,0.0,1.0,0.0,0.0,0.0
0,4,1.7417331163571215,4.193030941904877,2,1096.794850453409,3,1,4,6.551931582045638,110.1096161585232,1,0,1,0.0,0.0,0.0,0.0,1.0,0.0,0.0,0.0,0.0,0.0,0.0,0.0,1.0,1.0,0.0,0.0
4,1,4.283814033781954,6.4170354648593,0,2948.305618349325,3,1,2,2.1815173865266013,158.08356653819152,1,0,4,0.0,0.0,0.0,0.0,0.0,0.0,1.0,0.0,0.0,0.0,0.0,0.0,1.0,0.0,0.0,0.0
1,0,9.775146950873356,8.782920405818224,2,2688.0622507835315,0,0,0,5.744752102664978,150.36926341077773,1,1,0,0.0,0.0,0.0,0.0,0.0,0.0,0.0,0.0,0.0,0.0,0.0,1.0,0.0,0.0,0.0,0.0
4,2,5.925222989284275,6.70261468353402,2,1000.4581944916804,1,2,3,9.538989641083752,197.86115503323666,1,0,4,0.0,0.0,0.0,0.0,0.0,0.0,1.0,0.0,0.0,0.0,0.0,1.0,1.0,1.0,1.0,0.0
1,0,7.792534927139204,9.03396480875888,1,748.7136575830331,2,2,1,9.609335540135717,299.22043810127803,1,1,3,0.0,0.0,0.0,0.0,0.0,0.0,0.0,0.0,0.0,0.0,0.0,1.0,0.0,1.0,0.0,1.0
4,1,3.893461770084034,4.285175928164424,0,577.2338180390873,3,2,0,10.33989974514241,133.0688724076884,0,1,0,0.0,0.0,0.0,0.0,0.0,0.0,1.0,0.0,0.0,0.0,0.0,0.0,1.0,1.0,0.0,1.0
2,3,7.474051589349962,6.818337184868584,0,1180.0153884033223,1,1,2,2.828544893778497,96.79503143464265,0,0,1,1.0,1.0,0.0,0.0,0.0,0.0,0.0,0.0,0.0,0.0,0.0,1.0,1.0,0.0,1.0,0.0
2,3,9.695630783101217,8.722452232776526,0,1940.5320979901337,4,0,2,5.1827673465109,292.2229477837468,1,0,2,1.0,1.0,0.0,0.0,0.0,0.0,0.0,0.0,0.0,0.0,0.0,1.0,0.0,0.0,0.0,1.0
1,1,4.219848012538479,8.048333305923704,0,1699.6495905926015,2,2,3,7.522145030823221,299.28679583737056,1,1,4,0.0,0.0,0.0,0.0,0.0,0.0,1.0,0.0,0.0,0.0,0.0,0.0,0.0,0.0,0.0,0.0
4,0,9.991534912615226,9.116953222842803,0,3414.497095287677,2,2,1,6.973032864423871,234.27982177943392,0,0,4,0.0,0.0,0.0,0.0,0.0,0.0,0.0,0.0,0.0,1.0,0.0,1.0,0.0,0.0,0.0,0.0
0,1,6.745689559284995,5.643008343457451,2,2876.7369355758574,0,0,3,11.988878171868754,239.30096808574365,1,1,3,0.0,0.0,0.0,0.0,0.0,0.0,0.0,0.0,0.0,0.0,0.0,0.0,0.0,0.0,0.0,1.0
2,2,7.7373227121825146,7.005104777728292,1,734.5600482435937,3,0,3,3.3153769944975315,122.19724843107113,0,1,4,1.0,1.0,0.0,0.0,0.0,0.0,0.0,0.0,0.0,0.0,0.0,1.0,0.0,1.0,0.0,0.0
1,4,3.26950514963335,8.061271470053368,0,976.7971475998941,4,1,3,0.8560734048976832,161.67068344005799,1,0,2,0.0,0.0,0.0,0.0,0.0,0.0,0.0,0.0,0.0,0.0,0.0,0.0,0.0,0.0,0.0,0.0
2,2,6.787816922595175,5.010939736952725,0,579.7971556245693,1,0,4,4.654344135388324,105.54329917867209,0,0,1,1.0,1.0,0.0,0.0,0.0,0.0,0.0,0.0,0.0,0.0,0.0,0.0,1.0,1.0,0.0,0.0
1,1,5.599056263161486,8.894840288062223,2,914.6790843147695,2,0,4,6.216162929777189,185.65566118741532,0,0,1,0.0,0.0,0.0,0.0,0.0,0.0,0.0,0.0,0.0,0.0,0.0,0.0,0.0,0.0,1.0,0.0
3,3,9.607623809296925,5.868820304745837,3,2088.251446478871,0,2,2,4.646870616428382,247.7218755581488,1,1,4,1.0,1.0,0.0,0.0,0.0,0.0,0.0,0.0,0.0,0.0,0.0,1.0,1.0,0.0,1.0,0.0
1,0,9.142075430105638,4.559843823494169,3,730.2141059756275,1,1,1,3.832369989653483,112.21980287427283,0,1,4,0.0,0.0,0.0,0.0,0.0,0.0,0.0,0.0,0.0,0.0,0.0,1.0,1.0,1.0,0.0,0.0
0,1,4.570053390325695,8.594207744091763,3,679.603841930381,0,1,2,3.08711298787804,160.55799345848337,0,0,5,0.0,0.0,0.0,0.0,1.0,0.0,0.0,0.0,0.0,0.0,0.0,0.0,0.0,1.0,1.0,0.0
0,0,9.521827763844101,8.23010787839188,1,854.4845128878022,3,2,2,5.129812326603453,232.49098473193882,1,1,3,0.0,0.0,0.0,0.0,1.0,0.0,1.0,0.0,0.0,0.0,0.0,1.0,0.0,1.0,1.0,0.0
3,3,8.963312974750087,9.302078519706635,2,2508.24093521964,4,0,0,8.270425312755613,62.65883427123581,1,1,3,1.0,0.0,0.0,0.0,0.0,0.0,0.0,0.0,0.0,0.0,0.0,1.0,0.0,0.0,0.0,0.0
1,2,6.313454653322253,9.352448472622743,0,558.0743747243296,0,0,4,1.7863880438464745,183.1101422249474,0,0,4,0.0,0.0,0.0,0.0,0.0,0.0,0.0,0.0,0.0,0.0,0.0,1.0,0.0,1.0,1.0,0.0
1,3,1.7390611791058626,5.671154707489465,0,3408.8783005821874,3,1,2,10.386407074527368,232.72738921892855,1,0,5,0.0,0.0,0.0,0.0,0.0,0.0,0.0,0.0,0.0,0.0,0.0,0.0,1.0,0.0,0.0,0.0
3,3,2.4471121659358395,7.84817665130692,0,1642.3587905436577,2,1,0,7.69346686401996,15.644356556961059,0,0,3,1.0,0.0,0.0,0.0,0.0,0.0,0.0,0.0,0.0,0.0,0.0,0.0,0.0,0.0,0.0,0.0
1,2,1.691868202064202,9.994737977031953,0,1509.7620830711612,3,2,4,1.2884460386906098,76.11332941039775,1,1,4,0.0,0.0,0.0,0.0,0.0,0.0,0.0,0.0,0.0,0.0,0.0,0.0,0.0,0.0,0.0,0.0
1,5,1.9719380318415491,5.462839290766432,1,1924.4385019035888,2,0,4,0.28223507124552594,7.577283624934584,1,0,4,0.0,0.0,0.0,0.0,0.0,0.0,0.0,0.0,0.0,0.0,0.0,0.0,1.0,0.0,0.0,0.0
1,5,9.792571369537699,6.837260011351709,0,2053.585383849892,4,1,2,0.6162849280980982,1.9238698319444136,1,1,3,0.0,0.0,0.0,0.0,0.0,0.0,1.0,0.0,0.0,0.0,0.0,1.0,1.0,0.0,0.0,0.0
1,0,2.9095056929453706,9.460998187843051,3,1760.0401668915017,0,2,4,1.084420804889385,143.28514516584733,1,1,3,0.0,0.0,0.0,0.0,0.0,0.0,0.0,0.0,0.0,0.0,0.0,0.0,0.0,0.0,1.0,0.0
3,5,7.217691241065967,4.618477849159578,2,1958.9776424429322,0,3,4,7.722468931937417,210.20234887485918,0,1,4,1.0,0.0,0.0,0.0,0.0,0.0,0.0,1.0,0.0,0.0,0.0,0.0,1.0,0.0,1.0,0.0
2,1,6.728754319144927,9.56949938533717,2,1519.2017022478585,1,2,4,11.29027811749493,114.91181845049879,0,1,4,1.0,0.0,0.0,0.0,0.0,0.0,0.0,0.0,0.0,0.0,0.0,1.0,0.0,1.0,1.0,0.0
4,1,6.680303783677035,6.928933567370658,0,1466.0222621702967,3,2,4,1.5996413295759306,186.32625552618126,1,0,3,0.0,0.0,0.0,0.0,0.0,0.0,1.0,0.0,0.0,1.0,0.0,0.0,0.0,0.0,1.0,0.0
3,3,2.8603359963642685,9.35824473143201,3,581.9457953457832,0,3,0,3.411988201326398,57.446000344214866,1,1,3,1.0,0.0,0.0,0.0,0.0,0.0,0.0,0.0,0.0,0.0,0.0,0.0,0.0,1.0,1.0,0.0
0,0,6.214119349461486,7.728228464961281,0,2515.401602231143,0,2,0,10.390209132482704,250.9273874007786,0,0,1,0.0,0.0,0.0,0.0,0.0,0.0,0.0,0.0,0.0,0.0,0.0,1.0,0.0,0.0,1.0,0.0
1,2,6.6298451462645644,8.028613282138469,3,2351.815938695713,3,2,2,6.068081033190228,108.77719993806126,1,0,5,0.0,0.0,0.0,0.0,0.0,0.0,0.0,0.0,0.0,0.0,0.0,1.0,0.0,0.0,0.0,0.0
1,1,6.133647849806,8.63791450856796,2,2506.461132116603,2,2,3,5.125592230122035,212.16224549214903,0,1,0,0.0,0.0,0.0,0.0,0.0,0.0,0.0,0.0,0.0,0.0,0.0,0.0,0.0,0.0,1.0,0.0
2,2,2.6754622054811077,4.402816551905008,0,3323.1651621949163,3,3,4,5.678773532839303,38.982625305922994,1,0,5,1.0,0.0,0.0,0.0,0.0,0.0,0.0,0.0,0.0,0.0,0.0,0.0,1.0,0.0,1.0,0.0
1,4,7.5075453736723805,7.766610034237837,0,1919.2542190064041,1,3,3,1.2134450241952464,245.43241799385143,1,1,2,0.0,0.0,0.0,0.0,0.0,0.0,1.0,0.0,0.0,0.0,0.0,1.0,0.0,0.0,1.0,0.0
4,5,1.6591884572485993,9.543623468631154,2,3145.3113029067254,0,0,1,2.635075251946196,155.41802656420066,0,0,1,0.0,0.0,0.0,0.0,0.0,0.0,0.0,0.0,0.0,0.0,0.0,0.0,0.0,0.0,0.0,0.0
1,1,6.320800106376597,9.736742343759742,3,1831.8297405735448,2,1,4,11.544200637740357,291.08042906180765,1,0,1,0.0,0.0,0.0,0.0,0.0,0.0,0.0,0.0,0.0,0.0,0.0,1.0,0.0,0.0,0.0,1.0
2,3,4.92633399161182,9.809928664020116,1,1932.842082384685,0,2,2,7.721097724094138,121.61125649342823,1,1,4,1.0,0.0,0.0,0.0,0.0,0.0,1.0,0.0,0.0,0.0,0.0,0.0,0.0,0.0,1.0,1.0
0,2,3.252579338197663,7.874997275607622,0,2398.8575531446686,2,2,3,3.435422764762194,261.8998706353517,1,0,1,0.0,0.0,0.0,0.0,0.0,0.0,0.0,0.0,0.0,0.0,0.0,0.0,1.0,0.0,0.0,0.0
4,2,8.266500901235249,7.79972108874919,1,1147.7041981568561,4,1,1,11.36373185899586,123.62984316511589,1,1,0,0.0,0.0,0.0,0.0,0.0,0.0,1.0,0.0,0.0,0.0,0.0,1.0,0.0,1.0,0.0,0.0
4,3,2.583033100049655,7.314790400663762,1,1152.0683676713102,0,2,3,4.769943206986294,32.36769928482206,1,1,2,0.0,0.0,0.0,0.0,0.0,0.0,1.0,0.0,0.0,0.0,0.0,0.0,1.0,0.0,1.0,0.0
3,5,9.39683583908156,7.645320154910136,1,2029.4955326588422,1,1,0,1.6903675616174083,206.29032105464384,0,0,5,1.0,1.0,0.0,0.0,0.0,0.0,0.0,0.0,0.0,0.0,0.0,1.0,0.0,0.0,0.0,0.0
1,2,8.961085254890683,7.672707582298964,3,705.8294531608815,4,2,4,11.583797470217867,54.88981062400929,0,0,5,0.0,0.0,0.0,0.0,0.0,0.0,0.0,0.0,0.0,0.0,0.0,1.0,0.0,1.0,1.0,1.0
0,0,4.245287924458747,4.254449611130132,1,1209.974148271982,1,2,4,7.991178755224186,239.95568565053526,0,0,2,0.0,0.0,0.0,0.0,1.0,0.0,0.0,0.0,0.0,0.0,0.0,0.0,1.0,1.0,1.0,0.0
3,5,3.74637637772734,4.533227715600525,0,2880.2364607428244,1,3,3,9.033785649219617,100.45926986669235,0,1,3,1.0,0.0,0.0,0.0,0.0,0.0,0.0,0.0,0.0,0.0,0.0,0.0,1.0,0.0,1.0,1.0
2,5,2.237380150770119,7.716499430585496,2,1891.2002819787187,3,3,4,0.27014195673224606,226.9273781890212,1,0,2,1.0,0.0,0.0,0.0,0.0,0.0,0.0,0.0,0.0,0.0,0.0,0.0,1.0,0.0,1.0,0.0
4,1,9.246950343405603,5.885298580230912,2,579.865800647349,0,2,4,3.397745217433757,144.43208865634932,0,1,2,0.0,0.0,0.0,0.0,1.0,0.0,0.0,0.0,0.0,0.0,0.0,1.0,1.0,1.0,1.0,0.0
3,3,6.647786729409448,5.808552910059404,2,682.224255086868,0,3,0,11.345132074871596,161.10150227205224,0,1,0,1.0,0.0,0.0,0.0,0.0,0.0,0.0,0.0,0.0,0.0,0.0,1.0,0.0,1.0,1.0,1.0
2,5,1.2860522392906284,5.160643835889819,2,3258.546135717896,4,3,1,1.8663060587803377,220.3895102852244,1,0,0,1.0,0.0,0.0,0.0,0.0,0.0,0.0,0.0,0.0,0.0,0.0,0.0,1.0,0.0,0.0,0.0
4,3,5.5989947310544945,8.806419816604532,1,3370.155345020878,4,1,0,10.481732398700213,199.51673123004298,0,0,5,0.0,0.0,0.0,0.0,0.0,0.0,0.0,0.0,0.0,0.0,0.0,0.0,0.0,0.0,0.0,0.0
4,2,1.7721905304644823,9.785971022323778,1,2423.3115134647505,4,3,1,9.245615467382258,199.26457132504294,1,1,5,0.0,0.0,0.0,0.0,0.0,0.0,1.0,0.0,0.0,0.0,0.0,0.0,0.0,0.0,1.0,1.0
2,5,6.163756164575576,7.766548019179814,0,1054.8353256252399,0,2,2,4.5422102430746545,197.68353945761834,1,1,5,1.0,1.0,0.0,0.0,0.0,0.0,1.0,1.0,0.0,0.0,0.0,1.0,0.0,1.0,0.0,0.0
0,4,5.580655464887313,9.672519373638533,0,1604.2586223575688,2,3,0,10.64067639520371,175.58099393608978,1,0,5,0.0,0.0,0.0,0.0,1.0,0.0,0.0,0.0,0.0,0.0,1.0,1.0,0.0,0.0,0.0,0.0
0,3,1.745614409524498,9.303304939062325,2,1416.401169563913,4,0,0,11.07248302267795,242.15332362552476,1,0,2,0.0,0.0,0.0,0.0,1.0,0.0,0.0,0.0,0.0,0.0,0.0,0.0,0.0,0.0,0.0,1.0
2,0,8.342745338050955,5.307561870598187,1,2855.468962464313,4,1,3,10.402401674279199,90.00602670543215,0,0,0,1.0,0.0,0.0,0.0,0.0,0.0,0.0,0.0,0.0,0.0,0.0,0.0,1.0,0.0,0.0,0.0
2,2,3.360854594496499,4.921155407061228,2,2111.2690553772954,1,2,3,4.8897611657226845,54.46919071854774,0,0,1,1.0,0.0,0.0,0.0,0.0,0.0,0.0,0.0,0.0,0.0,0.0,0.0,1.0,0.0,1.0,0.0
0,4,5.873359277500291,5.26952071317168,3,2838.969645844091,2,2,1,7.045620633589468,220.54801559560255,0,0,4,0.0,0.0,0.0,0.0,0.0,0.0,0.0,0.0,0.0,0.0,0.0,1.0,0.0,0.0,0.0,0.0
0,1,6.75134988967481,4.577256303193449,2,1581.5318306449992,0,1,3,3.6735480045965416,161.9486167317098,1,1,4,0.0,0.0,0.0,0.0,0.0,0.0,1.0,0.0,0.0,0.0,0.0,0.0,1.0,0.0,0.0,0.0
3,3,9.660740802176498,7.497275001921752,0,3108.5343904301194,0,0,2,1.5594381077758763,270.183487960982,1,1,5,1.0,1.0,0.0,0.0,0.0,1.0,1.0,0.0,0.0,0.0,0.0,1.0,1.0,0.0,1.0,0.0
3,3,5.4443052359186135,5.695900257025377,0,1787.4871241884314,1,0,2,10.825342948789213,289.52562049307,1,0,1,1.0,1.0,0.0,0.0,0.0,0.0,0.0,0.0,0.0,0.0,0.0,0.0,1.0,0.0,0.0,1.0
0,0,9.25584195059131,9.477500168508579,0,1752.1222051437317,1,2,0,11.773877263829833,260.14020178893537,1,0,2,0.0,0.0,0.0,0.0,0.0,0.0,0.0,0.0,0.0,0.0,0.0,1.0,0.0,0.0,0.0,1.0
2,3,4.193716072129289,7.6804466393634145,1,1967.2953140674622,4,0,3,0.7030330627338106,164.26768378987185,1,0,5,1.0,0.0,0.0,0.0,0.0,0.0,0.0,0.0,0.0,0.0,0.0,0.0,0.0,0.0,0.0,0.0
0,4,8.716934814849955,6.157663334612388,0,2275.41726111324,0,0,3,8.252850406160888,226.23749861737878,1,0,5,0.0,0.0,0.0,0.0,0.0,0.0,0.0,0.0,0.0,0.0,0.0,1.0,1.0,0.0,1.0,0.0
3,1,3.1224360425627506,9.90784379178629,3,3182.3355594743844,2,3,0,11.390983848868252,100.2999290814638,1,0,1,1.0,0.0,0.0,0.0,0.0,0.0,0.0,0.0,0.0,0.0,0.0,0.0,0.0,0.0,0.0,1.0
4,3,7.36731786191876,9.719166975351222,1,1873.2666343921614,2,3,0,7.2950125846701095,4.428434577700424,1,1,5,0.0,0.0,0.0,0.0,0.0,0.0,1.0,0.0,0.0,0.0,0.0,0.0,0.0,0.0,1.0,0.0
4,4,1.7975079437949686,8.671691411855202,2,3290.408711641945,0,0,1,0.5651482356074213,234.1409412295191,0,1,3,0.0,0.0,0.0,0.0,0.0,0.0,1.0,0.0,0.0,0.0,0.0,0.0,0.0,0.0,0.0,0.0
2,0,9.874453210152934,8.750102052637809,0,1681.0050061006405,2,0,0,0.17896587225494898,234.44937183650782,0,1,5,1.0,1.0,0.0,0.0,0.0,0.0,0.0,0.0,0.0,0.0,0.0,1.0,1.0,0.0,0.0,0.0
3,3,9.585427598761312,9.863620789146939,0,1473.7180836251473,4,1,4,6.04922879709917,2.4115426559140785,1,1,0,1.0,1.0,0.0,0.0,0.0,0.0,0.0,0.0,0.0,0.0,0.0,1.0,0.0,0.0,0.0,0.0
4,1,4.979922746656399,7.6027373358397625,0,1385.136821956362,0,2,4,11.279340098525832,259.07916142354975,0,1,3,0.0,0.0,0.0,0.0,1.0,0.0,1.0,0.0,0.0,0.0,0.0,0.0,1.0,0.0,1.0,1.0
3,2,5.715416961912282,9.280119095991127,1,563.4560140995927,0,0,0,3.3463871643036107,264.4315693294211,1,0,5,1.0,0.0,0.0,0.0,0.0,0.0,0.0,0.0,0.0,0.0,0.0,0.0,0.0,1.0,0.0,0.0
2,3,6.3799737608622,4.388966333799944,1,3047.431821841569,0,3,1,4.203914874174897,96.19362973673654,1,1,5,1.0,0.0,0.0,0.0,0.0,0.0,0.0,0.0,0.0,0.0,0.0,0.0,1.0,0.0,1.0,0.0
3,0,3.47533803720703,7.324375116725934,1,737.701213287903,0,1,1,9.55192913623565,5.173873111163852,0,1,3,1.0,0.0,0.0,0.0,0.0,0.0,0.0,0.0,0.0,0.0,0.0,0.0,1.0,1.0,0.0,0.0
2,0,7.070242916846464,7.015098036809948,3,1502.9940577618067,4,2,4,9.619940436203386,262.8061325603335,0,0,0,1.0,1.0,0.0,0.0,0.0,0.0,0.0,0.0,0.0,0.0,0.0,1.0,0.0,0.0,1.0,0.0
4,2,7.287057519440644,4.226343173325094,2,1251.3703591616936,0,0,3,11.323668337651856,21.155417838250166,0,0,5,0.0,0.0,0.0,0.0,0.0,0.0,0.0,0.0,0.0,0.0,0.0,1.0,1.0,0.0,1.0,0.0
2,5,5.725688430927481,4.521711911944799,2,2733.3102025796647,1,1,4,10.064062659873107,69.66132088357021,1,1,0,1.0,0.0,0.0,0.0,0.0,0.0,0.0,0.0,0.0,0.0,0.0,0.0,1.0,0.0,0.0,0.0
4,0,2.3296662323669595,4.131033544101239,0,3297.7615270126944,4,2,1,7.127052720503485,162.7723307942909,1,1,1,0.0,0.0,0.0,0.0,0.0,0.0,1.0,0.0,0.0,0.0,0.0,0.0,1.0,0.0,0.0,0.0
0,4,9.2726734950244,5.764090026918678,1,2950.129351786531,4,2,0,11.265055202779862,244.96036753567213,1,0,5,0.0,0.0,0.0,0.0,0.0,0.0,0.0,0.0,0.0,0.0,0.0,1.0,1.0,0.0,0.0,1.0
0,0,2.0354057411105373,4.321067377097658,2,1459.9949892717582,0,0,2,7.373016895691632,234.54525329433346,0,1,3,0.0,0.0,0.0,0.0,1.0,0.0,0.0,0.0,0.0,0.0,0.0,0.0,1.0,0.0,0.0,0.0
0,2,6.662549518394602,6.53895810856481,2,1867.2720305927874,1,1,4,7.218950006261467,204.35290993215824,0,1,1,0.0,0.0,0.0,0.0,0.0,0.0,0.0,0.0,0.0,0.0,0.0,0.0,0.0,0.0,1.0,0.0
2,2,1.927797369487796,8.876478468237504,3,1241.1106893038268,0,0,4,0.1860304887045352,248.60255365995226,1,0,0,1.0,0.0,0.0,0.0,0.0,0.0,0.0,0.0,0.0,0.0,0.0,0.0,0.0,0.0,0.0,0.0
3,2,2.3149063821963036,7.6829788506188965,1,3271.940573964109,0,1,2,5.465486531924178,205.62942066159127,1,1,1,1.0,0.0,0.0,0.0,0.0,0.0,1.0,0.0,0.0,0.0,0.0,0.0,1.0,0.0,0.0,0.0
1,0,1.1848448262594609,8.042739473779807,1,856.2337237696393,4,0,1,0.5154141330236,191.30667143975722,0,1,4,0.0,0.0,0.0,0.0,0.0,0.0,0.0,0.0,0.0,0.0,0.0,0.0,0.0,1.0,0.0,0.0
0,4,4.270276754710836,4.189040122657815,3,3355.8633669341193,1,3,0,10.785234774216212,50.30940920940418,1,0,4,0.0,0.0,0.0,0.0,0.0,0.0,0.0,0.0,0.0,0.0,0.0,0.0,1.0,0.0,1.0,0.0
4,1,6.756243079798341,9.037158161535203,1,2940.970482248014,3,1,2,0.12564735469500476,131.97650643026682,1,0,0,0.0,0.0,0.0,0.0,0.0,0.0,1.0,0.0,0.0,0.0,0.0,0.0,0.0,0.0,1.0,0.0
3,4,5.6938979775958485,4.877142276297945,2,2634.733137578931,0,1,2,3.684022826773693,135.4146849619776,1,0,5,1.0,0.0,0.0,0.0,0.0,0.0,0.0,0.0,0.0,0.0,0.0,1.0,1.0,0.0,0.0,0.0
3,3,7.070852361236372,5.815905256194922,0,2821.9809699501056,1,2,0,11.940799490221082,5.54951192577402,0,0,2,1.0,0.0,0.0,0.0,0.0,0.0,0.0,0.0,0.0,0.0,0.0,1.0,1.0,0.0,0.0,0.0
2,3,7.075169747838576,7.100763369600319,0,1518.0404207061415,1,0,4,9.540780372548472,121.65570883751099,0,0,4,1.0,1.0,0.0,0.0,0.0,0.0,0.0,0.0,0.0,0.0,0.0,1.0,1.0,1.0,0.0,0.0
2,1,2.2615636959481478,9.57996058607895,0,1387.6595222213366,2,0,3,9.09202861731273,68.12664943685722,1,1,4,1.0,0.0,0.0,0.0,0.0,0.0,0.0,0.0,0.0,0.0,0.0,0.0,0.0,0.0,0.0,0.0
0,3,1.51603663079544,9.988895010240777,1,1644.2625967029567,4,3,1,8.554568718279736,26.900328103851557,1,0,0,0.0,0.0,0.0,0.0,0.0,0.0,0.0,0.0,0.0,0.0,0.0,0.0,0.0,0.0,0.0,0.0
0,5,6.628223263912028,8.695964101728459,3,1044.839745262264,1,2,1,0.6148862624234646,163.8962829223586,1,1,0,0.0,0.0,0.0,0.0,1.0,0.0,1.0,0.0,0.0,0.0,0.0,1.0,0.0,0.0,0.0,0.0
4,5,6.879018744777184,8.375885342364816,0,2739.080255588311,3,0,1,3.45839589892406,71.10352037557291,1,1,3,0.0,0.0,0.0,0.0,0.0,0.0,1.0,0.0,0.0,0.0,0.0,1.0,1.0,0.0,0.0,0.0
1,5,6.01033361627534,7.166093984272191,3,1925.1315110180594,2,1,4,9.581440855836723,57.11348148117869,0,0,4,0.0,0.0,0.0,0.0,0.0,0.0,0.0,0.0,0.0,0.0,0.0,0.0,0.0,0.0,0.0,0.0
3,1,3.2118621969166368,7.993764027994972,3,3157.4298749591508,3,3,3,10.74662333226856,236.0385306836332,0,1,5,1.0,0.0,0.0,0.0,0.0,0.0,0.0,0.0,0.0,0.0,0.0,0.0,0.0,0.0,1.0,1.0
3,3,8.296886952840286,4.866545052570123,0,3135.1445278305578,1,0,0,4.200671504591426,243.02796575814193,1,0,4,1.0,1.0,0.0,0.0,0.0,0.0,0.0,0.0,0.0,0.0,0.0,0.0,1.0,0.0,0.0,0.0
1,2,1.6811741394663138,5.615176723449096,0,967.5616357476346,2,1,1,3.1129948715293687,198.25707573375186,1,1,3,0.0,0.0,0.0,0.0,0.0,0.0,0.0,0.0,0.0,0.0,0.0,0.0,1.0,1.0,0.0,0.0
1,5,6.690806103892234,9.907857180982507,3,1156.4548060213588,3,0,3,2.830744015918508,56.90063761947791,1,1,3,0.0,0.0,0.0,0.0,0.0,0.0,0.0,0.0,0.0,0.0,0.0,0.0,0.0,1.0,0.0,0.0
3,5,2.0837038229143494,9.87769013887323,2,1731.9206769833797,2,2,1,6.576766645191846,189.80804499858635,1,1,2,1.0,0.0,0.0,0.0,0.0,0.0,1.0,0.0,0.0,0.0,0.0,0.0,0.0,0.0,1.0,0.0
0,5,6.8900294478990665,5.937834367976878,0,856.4433788529011,3,2,4,3.497842076788593,213.99672586971772,1,1,3,0.0,0.0,0.0,0.0,1.0,0.0,1.0,1.0,0.0,0.0,0.0,1.0,1.0,1.0,0.0,0.0
2,0,4.759532090411469,5.446291435429356,3,2568.301654281146,0,2,2,0.2560415064719579,69.99296305925591,0,1,5,1.0,0.0,0.0,0.0,0.0,0.0,0.0,0.0,0.0,0.0,0.0,0.0,0.0,0.0,1.0,0.0
4,1,7.462927498939043,5.377108448904511,2,2712.7869660095157,1,1,3,4.688998635945749,39.88305301445545,0,1,0,0.0,0.0,0.0,0.0,0.0,0.0,1.0,0.0,0.0,0.0,0.0,1.0,1.0,0.0,0.0,0.0
3,4,1.469729822292412,6.909186301025198,2,2664.051076387795,0,1,2,6.644801994063534,130.0582188502476,0,0,2,1.0,0.0,0.0,0.0,0.0,0.0,0.0,0.0,0.0,0.0,0.0,0.0,0.0,0.0,1.0,0.0
3,4,5.995746896323312,5.342599478746633,2,1910.6309420542068,0,2,3,7.610916730684797,127.29207313197813,1,0,2,1.0,1.0,0.0,0.0,0.0,0.0,0.0,0.0,0.0,0.0,0.0,0.0,1.0,0.0,1.0,0.0
0,2,2.303901089920717,7.890979795304166,0,3029.6486656020056,0,3,2,4.115456555159066,45.99090464159723,1,0,1,0.0,0.0,0.0,0.0,0.0,0.0,0.0,0.0,0.0,0.0,0.0,0.0,1.0,0.0,1.0,0.0
0,0,7.141434684494263,4.448918868123611,1,2317.537240215801,1,3,1,3.7667045329772058,57.51448224718114,1,1,5,0.0,0.0,0.0,0.0,0.0,0.0,1.0,0.0,0.0,0.0,0.0,1.0,1.0,0.0,1.0,0.0
1,0,2.079600681805142,4.62206333451536,0,3480.835328559828,1,3,4,3.4065210074404924,149.8851615417537,0,0,3,0.0,0.0,0.0,0.0,0.0,0.0,0.0,0.0,0.0,0.0,0.0,0.0,1.0,0.0,1.0,0.0
1,4,1.6622499065673324,5.6616056496148035,2,2946.314654327537,3,0,2,7.479904585765562,158.22680660690165,0,0,0,0.0,0.0,0.0,0.0,0.0,0.0,0.0,0.0,0.0,0.0,0.0,0.0,1.0,0.0,0.0,0.0
0,2,7.418105183652513,8.664659400270569,3,2666.7764473491857,2,1,0,3.4035041717611594,161.35758251464839,0,0,4,0.0,0.0,0.0,0.0,0.0,0.0,0.0,0.0,0.0,0.0,0.0,1.0,0.0,0.0,0.0,0.0
4,2,1.571787411114541,5.939737234252072,2,869.9084075524731,3,1,1,11.002233796612671,294.6100733733848,1,0,5,0.0,0.0,0.0,0.0,1.0,0.0,0.0,0.0,0.0,0.0,0.0,0.0,0.0,1.0,0.0,1.0
0,4,3.0207773613836446,6.82490069370311,2,2997.800112895043,4,3,2,3.3802485648781837,11.882396273054741,0,1,1,0.0,0.0,0.0,0.0,0.0,0.0,0.0,0.0,0.0,0.0,0.0,0.0,0.0,0.0,0.0,0.0
3,0,8.422616774131049,7.939732276055089,0,1416.7166469741478,3,1,1,9.491231754617447,235.88714434456534,0,0,2,1.0,1.0,0.0,0.0,0.0,0.0,0.0,0.0,0.0,0.0,0.0,0.0,1.0,0.0,0.0,1.0
2,4,8.287194770274038,8.731239531837844,2,1756.7428866345829,2,0,4,3.836772549243552,105.54240123433587,1,0,1,1.0,0.0,0.0,0.0,0.0,1.0,0.0,0.0,0.0,0.0,0.0,1.0,0.0,0.0,1.0,0.0
3,1,8.687131820026984,5.842654127347916,3,1888.280853860855,4,1,2,7.61688766666524,225.87222289469094,1,1,0,1.0,0.0,0.0,0.0,0.0,0.0,0.0,0.0,0.0,0.0,0.0,1.0,1.0,0.0,0.0,0.0
1,5,3.9348990062984237,8.385816466985332,0,1493.9315869361294,1,0,1,8.388188706459204,220.63203720906077,0,0,2,0.0,0.0,0.0,0.0,0.0,0.0,0.0,0.0,0.0,0.0,0.0,0.0,1.0,0.0,0.0,1.0
1,5,5.752432258751884,5.716404426107996,0,825.3164003883695,4,1,3,2.0924801983121633,185.95360761717484,1,0,2,0.0,0.0,0.0,0.0,0.0,0.0,0.0,0.0,0.0,0.0,0.0,0.0,1.0,1.0,0.0,0.0
3,3,7.960126173455367,7.866797250199634,2,1098.0915436650598,0,1,3,4.55959250539406,189.3462527731256,0,1,5,1.0,0.0,0.0,0.0,0.0,0.0,0.0,0.0,0.0,0.0,0.0,1.0,0.0,1.0,0.0,0.0
1,1,2.2328696350997244,6.705280844768149,0,2910.3993632967877,4,2,2,1.5309840936813597,199.07896716369504,0,0,3,0.0,0.0,0.0,0.0,0.0,0.0,0.0,0.0,0.0,0.0,0.0,0.0,1.0,0.0,1.0,0.0
3,1,7.519517912941464,9.559766916103616,0,2456.810396695144,1,0,4,6.127867714395529,224.28054770816513,0,1,3,1.0,0.0,0.0,0.0,0.0,0.0,0.0,0.0,0.0,0.0,0.0,1.0,0.0,0.0,1.0,0.0
0,1,1.8773771445518914,9.892560317326764,3,3328.524472898298,3,2,4,10.91304742067953,39.48600593557382,1,0,5,0.0,0.0,0.0,0.0,0.0,0.0,0.0,0.0,0.0,0.0,0.0,0.0,0.0,0.0,1.0,0.0
0,5,9.21925547764181,8.644738646141754,0,2963.2050609543912,1,2,2,7.154830029171939,108.2516545878485,1,0,3,0.0,0.0,0.0,0.0,0.0,0.0,0.0,0.0,0.0,0.0,0.0,1.0,1.0,0.0,1.0,0.0
3,1,6.7357916426046325,9.492786013860592,1,1706.6606781443456,1,2,3,8.419921542485863,252.6025895648531,0,1,4,1.0,1.0,0.0,0.0,0.0,0.0,0.0,0.0,0.0,0.0,0.0,0.0,0.0,0.0,0.0,0.0
3,2,5.439747814207803,4.819025452145146,1,2858.618451279115,1,3,0,3.3966460406636485,164.3652506184633,1,1,3,1.0,0.0,0.0,0.0,0.0,0.0,0.0,0.0,0.0,0.0,0.0,1.0,1.0,0.0,1.0,0.0
0,2,5.362563292004478,7.926783745287487,1,2229.287577389351,3,0,2,5.618706682458716,41.080714548511835,1,1,3,0.0,0.0,0.0,0.0,0.0,0.0,1.0,0.0,0.0,0.0,0.0,1.0,0.0,0.0,0.0,0.0
4,4,2.6322584306041934,5.190207649434449,1,1358.903248474919,0,0,2,8.889345244415551,288.49461608609204,1,1,1,0.0,0.0,0.0,0.0,0.0,0.0,1.0,0.0,0.0,0.0,0.0,0.0,1.0,1.0,1.0,1.0
0,5,4.1132563520918834,5.6618110298346895,1,3425.2679400072175,0,1,2,1.5756178075368248,296.35094367011703,1,0,5,0.0,0.0,0.0,0.0,0.0,0.0,0.0,0.0,0.0,0.0,0.0,0.0,1.0,0.0,0.0,0.0
4,3,7.5441129878543425,7.136939447293769,3,3285.4729800623836,4,2,4,1.4605007647160821,153.8031636888488,1,0,1,0.0,0.0,0.0,0.0,0.0,0.0,1.0,0.0,0.0,1.0,0.0,1.0,0.0,0.0,1.0,0.0
3,4,5.868492587689497,8.451923614263993,0,836.5953613773726,0,3,2,2.6932152476889786,159.95822100722668,1,1,1,1.0,0.0,0.0,0.0,0.0,0.0,0.0,1.0,0.0,0.0,0.0,1.0,0.0,1.0,1.0,0.0
4,3,5.763755836902366,8.328964445172867,0,3018.2644449909503,3,0,2,2.8415947771039645,87.60720260147433,0,0,2,0.0,0.0,0.0,0.0,0.0,0.0,0.0,0.0,0.0,0.0,0.0,1.0,1.0,0.0,0.0,0.0
4,2,2.7572130509102144,9.216756051742259,1,733.0601592806081,1,1,2,11.548775206980629,154.84854796116701,0,0,2,0.0,0.0,0.0,0.0,1.0,0.0,0.0,0.0,0.0,0.0,0.0,0.0,0.0,1.0,0.0,1.0
1,0,7.213260807583156,7.355649112759522,3,3286.457581315716,1,2,3,1.9033011607053587,290.6354396927984,0,0,2,0.0,0.0,0.0,0.0,0.0,0.0,0.0,0.0,0.0,0.0,0.0,1.0,0.0,0.0,1.0,0.0
3,1,4.528305109552153,9.558055920337445,1,2372.4981284404103,1,2,1,1.2618576657045923,76.370641316269,1,0,4,1.0,0.0,0.0,0.0,0.0,0.0,0.0,0.0,0.0,0.0,0.0,0.0,0.0,0.0,0.0,0.0
1,2,2.644780045946807,9.32733157412196,0,999.7467333419945,1,2,1,1.6521901396354344,91.38505910482647,0,1,4,0.0,0.0,0.0,0.0,0.0,0.0,0.0,0.0,0.0,0.0,0.0,0.0,0.0,1.0,0.0,0.0
2,0,9.494062764366964,9.094344936882942,2,2951.787307423813,3,2,2,2.4349325260799084,269.2503096523022,1,0,3,1.0,1.0,0.0,0.0,0.0,0.0,0.0,0.0,0.0,0.0,0.0,1.0,0.0,0.0,1.0,0.0
1,1,5.561188721790446,5.3771206468260955,2,2047.3455222905225,4,0,1,4.4246353399405365,115.31858603792027,1,1,1,0.0,0.0,0.0,0.0,0.0,0.0,1.0,0.0,0.0,0.0,0.0,1.0,1.0,0.0,0.0,0.0
2,2,5.752329827611289,7.18868795912318,1,678.6496240412719,1,1,3,2.365840864947079,291.75819064080895,1,0,1,1.0,0.0,0.0,0.0,0.0,0.0,0.0,0.0,0.0,0.0,0.0,0.0,0.0,1.0,1.0,0.0
4,2,9.832347191933255,8.417419582261463,0,2895.2821543752016,0,2,4,1.0536021427483386,104.87657874961445,0,0,4,0.0,0.0,0.0,0.0,0.0,0.0,0.0,0.0,0.0,1.0,0.0,1.0,0.0,0.0,1.0,0.0
2,4,4.2976552345344405,9.856615047067539,3,2865.0145669675594,0,0,1,1.6394189671832686,1.3896972429477517,0,1,4,1.0,0.0,0.0,0.0,0.0,0.0,0.0,0.0,0.0,0.0,0.0,0.0,0.0,0.0,0.0,0.0
0,5,9.487186161062047,4.069883642422662,3,1946.179840550441,3,3,2,9.476016283780242,286.11774125483294,0,1,2,0.0,0.0,0.0,0.0,1.0,0.0,0.0,0.0,0.0,0.0,0.0,1.0,1.0,0.0,0.0,1.0
1,4,7.25432825021932,5.962687203670592,3,2693.3289994827883,4,2,1,6.240906562648473,71.09650899824072,0,1,1,0.0,0.0,0.0,0.0,0.0,0.0,0.0,0.0,0.0,0.0,0.0,0.0,0.0,0.0,0.0,0.0
3,0,6.6978606947031984,6.054101515515091,3,620.4449870392033,0,2,3,8.950573159414379,208.23614462880062,1,0,2,1.0,0.0,0.0,0.0,0.0,0.0,0.0,0.0,0.0,0.0,0.0,0.0,0.0,1.0,1.0,0.0
2,2,3.1097647174823253,5.731207418691141,1,1454.3197904442982,2,2,1,2.1203929518828817,14.21506132545951,0,0,3,1.0,0.0,0.0,0.0,0.0,0.0,0.0,0.0,0.0,0.0,0.0,0.0,1.0,1.0,0.0,0.0
2,4,1.465801051490111,8.904545798577672,1,2519.6671476829733,1,3,2,3.6620721975236146,224.47587438900422,1,1,0,1.0,0.0,0.0,0.0,0.0,0.0,1.0,0.0,0.0,0.0,0.0,0.0,0.0,0.0,1.0,0.0
2,3,4.940054544566249,4.270428619860424,3,1191.8171765741095,1,0,1,11.787665392061443,66.02070021242254,1,1,5,1.0,0.0,0.0,0.0,0.0,0.0,1.0,0.0,0.0,0.0,0.0,0.0,1.0,1.0,0.0,1.0
1,2,1.0915386579615258,6.15660850005078,1,1851.234139013953,4,3,3,1.0280181562698063,240.07539331716237,1,0,4,0.0,0.0,0.0,0.0,0.0,0.0,0.0,0.0,0.0,0.0,0.0,0.0,1.0,0.0,1.0,0.0
2,2,1.6390225969334509,8.270107649656211,3,3295.8402763670306,1,0,1,5.264044605893995,289.97999786372856,0,1,1,1.0,0.0,0.0,0.0,0.0,0.0,0.0,0.0,0.0,0.0,0.0,0.0,0.0,0.0,0.0,0.0
3,2,6.357940801249357,6.4404383146419,2,2980.255335719119,1,3,1,3.549247424525024,13.567927904129085,0,1,4,1.0,0.0,0.0,0.0,0.0,0.0,0.0,0.0,0.0,0.0,0.0,1.0,1.0,0.0,0.0,0.0
4,3,7.520246497657247,4.864381502153496,3,2173.989642988118,0,0,3,0.0880136515037524,110.39762189747493,0,0,4,0.0,0.0,0.0,0.0,0.0,0.0,0.0,0.0,0.0,1.0,0.0,0.0,0.0,0.0,0.0,0.0
3,1,2.5115349873184925,7.665114836554525,0,2230.1489925935184,4,1,2,6.629422449165397,214.73355412518993,1,0,3,1.0,0.0,0.0,0.0,0.0,0.0,0.0,0.0,0.0,0.0,0.0,0.0,0.0,0.0,0.0,0.0
4,3,7.592503714063965,7.135661418361713,2,3161.0180519088594,4,2,3,6.600063621354734,298.93057689367765,0,1,5,0.0,0.0,0.0,0.0,0.0,0.0,1.0,0.0,0.0,0.0,0.0,0.0,0.0,0.0,0.0,1.0
4,1,9.547532439352766,9.891033016695213,3,3089.177306308128,4,2,3,3.84552756455414,108.91341540602136,1,0,1,0.0,0.0,0.0,0.0,0.0,0.0,1.0,0.0,0.0,0.0,0.0,1.0,0.0,0.0,1.0,0.0
0,4,7.68858472653577,8.491157314727255,0,764.8902031489048,1,0,1,5.667102710826494,298.4939392194101,0,1,1,0.0,0.0,0.0,0.0,1.0,0.0,0.0,0.0,0.0,0.0,0.0,1.0,0.0,1.0,0.0,0.0
1,5,8.062436976175295,9.917055927074104,2,1896.732141493554,0,1,1,4.703370429336951,269.7555115889967,0,0,5,0.0,0.0,0.0,0.0,0.0,0.0,0.0,0.0,0.0,0.0,0.0,1.0,0.0,0.0,1.0,0.0
1,3,7.306413222415346,5.118115846696011,0,1072.560960714322,4,3,4,5.570468442602094,215.79355036764488,1,1,1,0.0,0.0,0.0,0.0,0.0,0.0,0.0,0.0,0.0,0.0,0.0,1.0,1.0,1.0,1.0,0.0
0,2,3.0226369640927606,8.569570055667414,3,749.65927126352,3,0,0,10.176582794169013,114.56904723033641,0,1,5,0.0,0.0,0.0,0.0,1.0,0.0,0.0,0.0,0.0,0.0,0.0,0.0,0.0,1.0,0.0,0.0
0,5,4.2480094794025245,7.3098293181995,3,1377.186526032488,1,3,3,8.567679686467264,161.07451466991017,1,0,5,0.0,0.0,0.0,0.0,0.0,0.0,0.0,1.0,0.0,0.0,0.0,0.0,0.0,1.0,1.0,1.0
3,3,9.543402664928355,8.275056995207304,0,2331.9314160359227,0,2,1,3.3629354862956373,216.10403082775684,1,0,2,1.0,1.0,0.0,0.0,0.0,0.0,0.0,0.0,0.0,0.0,0.0,1.0,0.0,0.0,0.0,0.0
1,2,6.950895210731068,6.805308775047337,2,2883.110962569591,3,3,0,2.8744919453021804,205.718656390464,1,0,2,0.0,0.0,0.0,0.0,0.0,0.0,0.0,0.0,0.0,0.0,0.0,0.0,1.0,0.0,0.0,0.0
0,0,8.101222605406651,5.274344918277501,1,3237.4291085772147,4,3,4,8.702611832939208,86.52000901454957,1,0,5,0.0,0.0,0.0,0.0,0.0,0.0,0.0,0.0,0.0,0.0,0.0,1.0,1.0,0.0,1.0,0.0
1,0,9.718251569602096,4.274419980790747,3,1768.8684043645392,0,0,4,2.6941775452156937,167.16527188941825,0,1,1,0.0,0.0,0.0,0.0,0.0,0.0,0.0,0.0,0.0,0.0,0.0,1.0,1.0,0.0,1.0,0.0
1,1,3.0829322846139915,9.029729543960169,1,1766.9692199332846,2,3,1,10.89103036642162,250.5074310616961,1,0,2,0.0,0.0,0.0,0.0,0.0,0.0,0.0,0.0,0.0,0.0,0.0,0.0,0.0,0.0,1.0,1.0
0,1,3.8951800059389816,8.888850091519956,2,959.7576435476088,2,1,3,9.993797926437608,142.52267896720014,0,1,0,0.0,0.0,0.0,0.0,0.0,0.0,0.0,0.0,0.0,0.0,0.0,0.0,0.0,1.0,1.0,1.0
0,4,6.803214875510497,4.975238402718018,0,1084.5238514791572,2,1,3,3.030228570732037,169.8728377453088,1,0,2,0.0,0.0,0.0,0.0,1.0,0.0,0.0,0.0,0.0,0.0,0.0,1.0,1.0,1.0,0.0,0.0
3,3,1.219217264056066,7.871085397263043,0,807.4846721024422,1,3,2,9.61800303516876,98.26039643229649,0,1,1,1.0,0.0,0.0,0.0,0.0,0.0,0.0,0.0,0.0,0.0,0.0,0.0,0.0,1.0,1.0,0.0
4,5,6.140971696003351,8.426402203192968,3,3427.7016389657842,1,1,4,2.2961701875302074,48.0307977954154,0,1,1,0.0,0.0,0.0,0.0,0.0,0.0,1.0,0.0,0.0,0.0,0.0,0.0,0.0,0.0,1.0,0.0
2,3,8.278195415630488,7.345749972287144,1,882.7923092463056,1,2,1,0.29833215355026077,19.79388828180345,1,1,3,1.0,1.0,0.0,0.0,0.0,0.0,0.0,0.0,0.0,0.0,0.0,0.0,0.0,1.0,1.0,0.0
3,5,6.493990364417127,5.903373418576631,3,2769.927351751514,4,2,0,11.533447266678396,121.81667461413834,0,1,4,1.0,0.0,0.0,0.0,0.0,0.0,0.0,0.0,0.0,0.0,0.0,0.0,1.0,0.0,0.0,0.0
4,3,3.6585395550649977,9.285675413114763,3,1453.292870500347,4,1,4,9.136207972707187,189.53094871879043,1,1,4,0.0,0.0,0.0,0.0,1.0,0.0,1.0,0.0,0.0,0.0,0.0,0.0,0.0,0.0,0.0,0.0
4,2,7.516936750024556,7.8546438252485835,3,2111.4433984109355,0,3,1,5.868281004125404,228.0042339073381,0,1,2,0.0,0.0,0.0,0.0,0.0,0.0,1.0,0.0,0.0,0.0,0.0,0.0,0.0,0.0,1.0,0.0
0,4,2.3142846221195104,8.321305072083103,0,3118.1306363127906,3,3,0,10.118513023802121,25.216302639642073,0,0,3,0.0,0.0,0.0,0.0,0.0,0.0,0.0,0.0,0.0,0.0,0.0,0.0,0.0,0.0,0.0,0.0
4,2,9.052961223506651,7.912687177013992,0,3308.5023544226005,2,2,4,0.9098560766397554,95.54633405005173,0,1,0,0.0,0.0,0.0,0.0,0.0,0.0,1.0,0.0,0.0,0.0,0.0,1.0,0.0,0.0,1.0,0.0
0,1,1.9082352793640986,8.327732029510528,2,1220.6909565975252,1,2,2,8.876189255712053,242.37159334263407,0,0,1,0.0,0.0,0.0,0.0,1.0,0.0,0.0,0.0,0.0,0.0,0.0,0.0,0.0,0.0,1.0,1.0
0,2,8.771420203861913,4.870402869606664,3,3233.8082100802512,0,0,4,11.47590880966997,33.67660560408844,1,1,1,0.0,0.0,0.0,0.0,0.0,0.0,0.0,0.0,0.0,0.0,0.0,1.0,1.0,0.0,1.0,0.0
2,3,5.480284849626092,9.535566389867881,3,1256.15730319754,3,2,4,9.82308823237394,297.98416131593217,1,0,5,1.0,0.0,0.0,0.0,0.0,0.0,0.0,0.0,0.0,0.0,0.0,0.0,0.0,0.0,1.0,1.0
3,2,4.857823031390216,5.71486478775101,2,2914.391607890321,1,3,1,5.180108527899278,189.80659538190207,0,1,5,1.0,0.0,0.0,0.0,0.0,0.0,0.0,0.0,0.0,0.0,0.0,0.0,1.0,0.0,0.0,0.0
0,4,5.505955845178882,9.019307338179747,0,545.7511305754639,0,3,4,4.155731119488745,282.005279495802,1,0,2,0.0,0.0,0.0,0.0,1.0,0.0,0.0,1.0,0.0,0.0,0.0,0.0,0.0,1.0,1.0,0.0
1,5,2.8018567278362907,9.360305224581484,2,2105.6944288071336,4,2,2,10.708990958800495,219.08436697397158,0,1,1,0.0,0.0,0.0,0.0,0.0,0.0,0.0,0.0,0.0,0.0,1.0,0.0,0.0,0.0,0.0,1.0
1,2,5.119170216029323,7.907341639960247,1,2677.4380599858764,4,3,3,3.4980846004291193,289.1633241146076,0,0,0,0.0,0.0,0.0,0.0,0.0,0.0,0.0,0.0,0.0,0.0,0.0,0.0,0.0,0.0,1.0,0.0
1,1,8.647478343087926,7.589804572532471,3,3016.8169066947257,2,3,1,11.24937817947616,199.59984474299733,0,1,3,0.0,0.0,0.0,0.0,0.0,0.0,0.0,0.0,0.0,0.0,0.0,1.0,0.0,0.0,1.0,1.0
4,2,8.20859717996919,4.654289267029486,2,3023.386659184088,2,2,0,3.8381939497095603,80.42294545299585,0,0,5,0.0,0.0,0.0,0.0,0.0,0.0,0.0,0.0,0.0,0.0,0.0,1.0,1.0,0.0,0.0,0.0
1,5,2.4674368104219635,6.6173273564777695,0,1396.6035002602907,2,3,0,1.5001777460651904,240.08151864312077,1,0,3,0.0,0.0,0.0,0.0,0.0,0.0,0.0,1.0,0.0,0.0,0.0,0.0,1.0,1.0,1.0,0.0
1,1,7.0607888031615555,7.66986630788885,3,3059.4488284429685,0,0,1,2.830678464772153,67.82093152877987,0,0,2,0.0,0.0,0.0,0.0,0.0,0.0,0.0,0.0,0.0,0.0,0.0,1.0,0.0,0.0,1.0,0.0
0,5,8.711535384688828,4.491215634896637,3,1470.9410832606754,0,2,2,6.233799424450439,169.50173278287363,0,1,4,0.0,0.0,0.0,0.0,1.0,0.0,0.0,1.0,0.0,0.0,0.0,1.0,1.0,0.0,1.0,0.0
0,2,8.377908297569284,4.668772068865264,2,1201.3021035036163,1,2,4,1.5732724528041895,111.91231957026297,0,1,2,0.0,0.0,0.0,0.0,0.0,0.0,0.0,0.0,0.0,0.0,0.0,1.0,1.0,1.0,1.0,0.0
0,5,4.830691989674633,9.960887530643253,3,504.4198091606273,1,1,0,4.559485869566495,239.73253393645996,0,0,1,0.0,0.0,0.0,0.0,1.0,0.0,0.0,0.0,0.0,0.0,0.0,0.0,0.0,1.0,0.0,0.0
2,4,1.4328355631150425,5.993404905775567,0,1207.1457654002143,0,2,3,10.87026779335713,227.84694638149855,1,0,4,1.0,0.0,0.0,0.0,0.0,0.0,0.0,0.0,0.0,0.0,1.0,0.0,1.0,1.0,1.0,1.0
2,4,9.380524806763743,6.098394923746984,1,855.3164713681956,0,3,3,1.126651711756253,259.1682905851965,1,1,5,1.0,1.0,0.0,0.0,0.0,0.0,0.0,1.0,0.0,0.0,0.0,1.0,1.0,1.0,1.0,0.0
2,5,4.562966042632558,5.509174903599352,0,2524.809807796988,4,2,4,7.37453069562582,74.08418397777008,1,0,1,1.0,0.0,0.0,0.0,0.0,0.0,0.0,0.0,0.0,0.0,0.0,0.0,1.0,0.0,0.0,0.0
4,1,4.248789735307094,7.876118616965662,1,934.3628832826578,4,1,4,4.845175587923165,299.2669030583348,1,0,5,0.0,0.0,0.0,0.0,0.0,0.0,1.0,0.0,0.0,0.0,0.0,0.0,0.0,0.0,0.0,0.0
2,3,7.835634500309316,6.838455320840781,1,2256.150553233698,1,1,0,7.7694582289199055,241.61122094826985,0,1,3,1.0,0.0,0.0,0.0,0.0,0.0,0.0,0.0,0.0,0.0,0.0,1.0,0.0,0.0,0.0,0.0
0,0,3.3757499394282027,8.742585744241026,1,879.4032791756679,3,2,1,5.875297080464602,116.01095748528124,1,0,1,0.0,0.0,0.0,0.0,1.0,0.0,0.0,0.0,0.0,0.0,0.0,0.0,0.0,1.0,0.0,0.0
1,1,8.512731308505629,7.074968991134721,1,2613.2555985855356,0,2,4,10.52046044550061,38.29912307093518,1,0,5,0.0,0.0,0.0,0.0,0.0,0.0,0.0,0.0,0.0,0.0,0.0,1.0,0.0,0.0,1.0,1.0
1,0,1.6844640473738406,4.092495881702295,2,1356.6365049436004,4,1,3,4.829979144516229,104.827661535009,0,1,0,0.0,0.0,0.0,0.0,0.0,0.0,0.0,0.0,0.0,0.0,0.0,0.0,1.0,0.0,0.0,0.0
4,4,7.666400806445898,6.896124341960774,0,1426.089162840172,4,2,1,6.101142097773248,31.854735393046376,0,1,1,0.0,0.0,0.0,0.0,0.0,0.0,1.0,0.0,0.0,0.0,0.0,1.0,1.0,0.0,0.0,0.0
1,3,9.692105413973785,4.331123743568647,1,2421.1559453451664,0,1,4,1.5616446431059066,184.6116551071204,1,0,2,0.0,0.0,0.0,0.0,0.0,0.0,0.0,0.0,0.0,0.0,0.0,1.0,1.0,0.0,1.0,0.0
0,4,9.961919171867562,8.960718282888564,3,3316.83597113042,1,3,1,5.883679093031274,33.87671862315529,0,1,5,0.0,0.0,0.0,0.0,0.0,0.0,0.0,0.0,0.0,0.0,0.0,1.0,0.0,0.0,1.0,0.0
3,1,9.314239240577496,4.681948509908204,2,3474.8031498709247,1,2,1,1.3767701586449146,129.15378894312215,0,0,5,1.0,1.0,0.0,0.0,0.0,0.0,0.0,0.0,0.0,0.0,0.0,1.0,1.0,0.0,0.0,0.0
2,1,8.836861648656786,5.301724089794895,0,1571.7908346997492,0,3,4,6.997558464129263,200.27023608158632,0,0,1,1.0,0.0,0.0,0.0,0.0,1.0,0.0,0.0,0.0,0.0,0.0,1.0,1.0,1.0,1.0,0.0
0,4,3.5099220201195718,6.759791456768973,1,3338.9797196506875,1,1,4,5.128725091347807,135.92119886333444,1,1,0,0.0,0.0,0.0,0.0,0.0,0.0,0.0,0.0,0.0,0.0,0.0,0.0,1.0,0.0,0.0,0.0
3,4,9.699835263667877,5.1711043324024875,3,2336.9644049064336,3,1,2,9.400452040893814,264.4951897755805,0,0,5,1.0,0.0,0.0,0.0,0.0,0.0,0.0,0.0,0.0,0.0,0.0,1.0,1.0,0.0,0.0,1.0
1,5,9.351069344329176,7.23531976118219,0,3219.405728192378,3,1,3,5.021723729552314,72.29776748368025,0,1,3,0.0,0.0,0.0,0.0,0.0,0.0,0.0,0.0,0.0,0.0,0.0,1.0,0.0,0.0,0.0,0.0
4,0,5.809352563226679,6.764190546680232,3,583.5564444843213,0,2,3,7.56714502868954,157.1676020403721,1,0,2,0.0,0.0,0.0,0.0,1.0,0.0,1.0,0.0,0.0,0.0,0.0,0.0,0.0,1.0,1.0,0.0
4,2,4.618698889543117,9.715135665503734,1,599.5185555437786,1,2,1,0.7079084404896832,273.95423026320685,0,0,0,0.0,0.0,0.0,0.0,1.0,0.0,0.0,0.0,0.0,0.0,0.0,0.0,0.0,1.0,1.0,0.0
1,0,1.983405282023694,4.530241379947682,2,723.721933112256,4,2,2,8.520221540344044,105.9599433427851,0,1,3,0.0,0.0,0.0,0.0,0.0,0.0,0.0,0.0,0.0,0.0,0.0,0.0,1.0,1.0,0.0,1.0
2,4,6.315706700426123,7.460392289611303,1,2913.179005801417,4,3,0,11.489205385943379,141.81284711587082,1,1,0,1.0,1.0,0.0,0.0,0.0,0.0,0.0,0.0,0.0,0.0,0.0,0.0,1.0,0.0,1.0,1.0
2,0,7.304913536699779,8.322397657863903,2,913.8694338936424,2,2,4,5.373344781391303,279.8534183831149,0,1,3,1.0,0.0,0.0,0.0,0.0,0.0,0.0,0.0,0.0,0.0,0.0,0.0,0.0,1.0,1.0,1.0
3,4,4.635969248633761,4.765762054335138,3,1029.7550349193343,3,3,4,0.11818868546362982,149.79408435052446,0,1,0,1.0,0.0,0.0,0.0,0.0,0.0,0.0,1.0,0.0,0.0,0.0,0.0,1.0,0.0,1.0,0.0
0,0,4.654266045674786,7.818772766544409,0,2256.1997059587366,1,0,0,7.243759869691892,259.27231789049245,1,0,1,0.0,0.0,0.0,0.0,0.0,0.0,0.0,0.0,0.0,0.0,0.0,0.0,0.0,0.0,0.0,1.0
1,0,6.159802516428734,9.185434325018957,1,3372.3375862068683,4,1,3,1.7421272974500757,282.13810275156095,0,0,0,0.0,0.0,0.0,0.0,0.0,0.0,0.0,0.0,0.0,0.0,0.0,0.0,0.0,0.0,0.0,0.0
0,5,1.2500568631644562,8.725333860568936,2,2201.337461241319,2,2,0,5.61562163962074,76.83069674389078,0,0,1,0.0,0.0,0.0,0.0,0.0,0.0,0.0,0.0,0.0,0.0,0.0,0.0,0.0,0.0,0.0,0.0
3,2,9.620793067480742,9.611024142574347,1,2697.7874026081167,3,1,0,0.38946782588467777,235.75223094980817,0,1,4,1.0,1.0,0.0,0.0,0.0,0.0,0.0,0.0,0.0,0.0,0.0,1.0,0.0,0.0,0.0,0.0
0,2,3.6091513638703843,8.32351418044567,1,1063.202790470535,1,2,3,5.313739678130066,196.12649174303937,0,1,4,0.0,0.0,0.0,0.0,1.0,0.0,0.0,0.0,0.0,0.0,0.0,0.0,0.0,1.0,1.0,0.0
2,3,2.268017755919921,6.363920978033905,3,3242.52215944593,0,2,3,10.4938302656342,296.0157521845394,0,1,2,1.0,0.0,0.0,0.0,0.0,0.0,0.0,0.0,0.0,0.0,0.0,0.0,1.0,0.0,1.0,1.0
3,1,1.0493955652113136,9.522708307544866,0,667.6299456985934,2,1,4,1.6246411024499112,175.67125408466657,0,1,4,1.0,0.0,0.0,0.0,0.0,0.0,0.0,0.0,0.0,0.0,0.0,0.0,0.0,1.0,0.0,0.0
4,4,8.71202387247142,5.352140605688804,0,1348.4570249328394,2,2,1,5.979908676260637,237.83313180476253,1,1,5,0.0,0.0,0.0,0.0,0.0,0.0,1.0,0.0,0.0,0.0,0.0,1.0,1.0,1.0,1.0,0.0
1,2,8.768866382197022,7.502213671150085,2,1861.172573988207,2,3,4,3.0464648950150126,103.70790534254341,0,0,0,0.0,0.0,0.0,0.0,0.0,0.0,0.0,0.0,0.0,0.0,0.0,1.0,0.0,0.0,1.0,0.0
0,1,1.857759440659391,8.593947670568017,0,1178.5164642383652,4,2,2,3.1323677266928667,181.91744377191966,0,1,1,0.0,0.0,0.0,0.0,1.0,0.0,0.0,0.0,0.0,0.0,0.0,0.0,0.0,1.0,0.0,0.0
3,2,2.3701717259992092,9.233687001972875,0,2491.28244233889,3,3,1,7.719637033120648,233.5741031487778,0,1,4,1.0,0.0,0.0,0.0,0.0,0.0,0.0,0.0,0.0,0.0,0.0,0.0,0.0,0.0,0.0,0.0
0,0,5.031120081319911,9.49925278656346,3,2536.3772996111356,1,0,1,8.979326585606817,290.07400208279233,0,0,3,0.0,0.0,0.0,0.0,0.0,0.0,0.0,0.0,0.0,0.0,0.0,0.0,0.0,0.0,0.0,0.0
0,1,2.67133755759684,4.509853896894179,1,1135.574055846144,2,3,3,10.479424287259985,75.55227029083467,1,1,1,0.0,0.0,0.0,0.0,1.0,0.0,0.0,0.0,0.0,0.0,0.0,0.0,1.0,1.0,1.0,0.0
4,3,7.622390231530812,8.356355016725171,0,525.7738061956106,0,3,1,3.3389544520034935,23.668434296697484,0,1,3,0.0,0.0,0.0,0.0,1.0,0.0,0.0,0.0,0.0,0.0,0.0,1.0,0.0,1.0,1.0,0.0
4,0,1.5223577113515012,5.224625760646092,2,722.951743971957,3,3,1,0.8493148422624195,292.89141330208,0,0,3,0.0,0.0,0.0,0.0,1.0,0.0,0.0,0.0,0.0,0.0,0.0,0.0,1.0,1.0,0.0,0.0
3,0,5.947383991472795,8.674716648921102,1,501.2836550818269,0,2,1,5.307386306337167,180.792497213482,0,0,3,1.0,0.0,0.0,0.0,0.0,0.0,0.0,0.0,0.0,0.0,0.0,0.0,0.0,1.0,1.0,0.0
4,3,4.445124086025137,8.204138391601653,1,3216.181146492068,0,1,1,7.015095249852948,5.17525761585561,0,1,3,0.0,0.0,0.0,0.0,0.0,0.0,1.0,0.0,0.0,0.0,0.0,0.0,0.0,0.0,1.0,0.0
0,2,5.184518353230264,5.088114151601862,1,2364.9970856661275,2,2,1,8.874967047472524,155.99686003982464,1,0,0,0.0,0.0,0.0,0.0,0.0,0.0,0.0,0.0,0.0,0.0,0.0,1.0,1.0,0.0,0.0,0.0
0,0,4.822814059260416,8.99698103451717,0,915.3058261105846,4,3,0,9.072860248220024,280.81298680689594,1,1,4,0.0,0.0,0.0,0.0,1.0,0.0,1.0,0.0,0.0,0.0,0.0,0.0,0.0,0.0,1.0,1.0
1,4,2.378432642811883,6.77073282411137,3,777.538766595321,1,3,4,10.363406694342082,295.32740646950117,0,0,1,0.0,0.0,0.0,0.0,0.0,0.0,0.0,1.0,0.0,0.0,0.0,0.0,0.0,1.0,1.0,1.0
0,4,2.9825333677770605,7.263136911406262,0,2952.784593435654,0,3,1,0.3739711615131309,97.7133493356063,0,0,3,0.0,0.0,0.0,0.0,0.0,0.0,0.0,0.0,0.0,0.0,0.0,0.0,0.0,0.0,1.0,0.0
4,0,1.5832692901938392,9.828422521260801,1,2933.118787328993,0,3,2,11.771976724077396,234.57272925641828,1,1,3,0.0,0.0,0.0,0.0,0.0,0.0,1.0,0.0,0.0,0.0,0.0,0.0,0.0,0.0,1.0,1.0
0,1,2.037570177691641,7.939753525115793,1,3282.1389206428325,4,2,0,11.601788037731277,137.6095671903611,0,1,0,0.0,0.0,0.0,0.0,0.0,0.0,0.0,0.0,0.0,0.0,0.0,0.0,0.0,0.0,0.0,0.0
2,2,9.801053401770234,7.531378870148664,2,977.8204437634188,3,1,2,0.4265647132975303,119.4029373194673,0,0,1,1.0,0.0,0.0,0.0,0.0,0.0,0.0,0.0,0.0,0.0,0.0,1.0,0.0,1.0,1.0,0.0
4,4,3.5180813050952677,4.100576634182606,2,2066.824280478566,2,0,1,3.7595463913197267,227.4580321647206,0,1,1,0.0,0.0,0.0,0.0,0.0,0.0,1.0,0.0,0.0,0.0,0.0,0.0,1.0,0.0,0.0,0.0
3,0,3.7632298540560782,5.195289010563638,1,864.4281701073044,4,3,0,9.186511479282327,80.99027691498615,1,1,1,1.0,0.0,0.0,0.0,0.0,0.0,0.0,0.0,0.0,0.0,0.0,0.0,1.0,1.0,0.0,0.0
1,4,2.1439569738890896,4.1593925262996265,2,2886.91869432379,0,0,1,5.742124561333574,127.91318572043332,0,1,2,0.0,0.0,0.0,0.0,0.0,0.0,0.0,0.0,0.0,0.0,0.0,0.0,1.0,0.0,0.0,0.0
2,1,7.7964778404707635,5.9998745542968965,0,1737.4543514214345,3,0,4,0.05570073064393988,73.95954093673375,0,0,1,1.0,1.0,0.0,0.0,0.0,0.0,0.0,0.0,0.0,0.0,0.0,0.0,1.0,0.0,0.0,0.0
2,0,9.317285291685538,6.067050118163943,0,2587.4766697330074,1,1,4,4.256589458583003,42.791285355970444,1,1,3,1.0,1.0,0.0,0.0,0.0,0.0,1.0,0.0,0.0,0.0,0.0,1.0,1.0,0.0,1.0,0.0
3,5,8.10775483359986,7.181980422351064,3,590.9410466921455,1,2,3,6.9472673280483255,113.78966821556077,0,0,0,1.0,0.0,0.0,0.0,0.0,0.0,0.0,1.0,0.0,0.0,0.0,1.0,0.0,1.0,0.0,0.0
2,0,6.513542464907546,8.138610681955104,2,2833.7929912754016,4,2,1,10.554961489689902,287.7685167025482,0,1,1,1.0,1.0,0.0,0.0,0.0,0.0,0.0,0.0,0.0,0.0,0.0,1.0,0.0,0.0,0.0,1.0
1,0,8.319096240495185,5.076071031377879,2,1188.4588542514155,4,1,3,9.95101819110236,125.66436540524923,1,1,3,0.0,0.0,0.0,0.0,0.0,0.0,1.0,0.0,0.0,0.0,0.0,1.0,1.0,1.0,0.0,1.0
3,5,4.638072096395726,7.609926524858454,3,3028.413073419993,4,2,4,11.35583290478412,204.96738643967728,0,1,2,1.0,0.0,0.0,0.0,0.0,0.0,0.0,0.0,0.0,0.0,0.0,0.0,0.0,0.0,1.0,0.0
4,3,8.735476195726187,9.501857647173441,3,1057.5754517548605,0,3,3,5.615138225906311,85.52184483359177,1,1,2,0.0,0.0,0.0,0.0,0.0,0.0,1.0,0.0,0.0,1.0,0.0,0.0,0.0,1.0,1.0,0.0
2,2,8.186669646743638,5.110047136955247,2,2870.2917127849564,3,3,4,9.579285668176892,259.60711512601165,0,0,0,1.0,1.0,0.0,0.0,0.0,0.0,0.0,0.0,0.0,0.0,0.0,1.0,1.0,0.0,1.0,1.0
0,4,1.0155217983068712,7.954528181592183,3,902.3171950397214,1,3,1,1.2088271154608674,187.47010469306838,1,1,1,0.0,0.0,0.0,0.0,1.0,0.0,1.0,1.0,0.0,0.0,0.0,0.0,0.0,1.0,0.0,0.0
2,3,5.390147214257653,4.273534847511444,2,2490.251714951177,1,3,2,6.221494453868052,285.1362046376343,1,0,1,1.0,0.0,0.0,0.0,0.0,0.0,0.0,0.0,0.0,0.0,0.0,0.0,1.0,0.0,1.0,0.0
4,3,3.3815491847130357,7.186885805746745,0,2837.7761756284444,0,0,1,10.998969170135354,97.78562879009718,1,1,0,0.0,0.0,0.0,0.0,0.0,0.0,1.0,0.0,0.0,0.0,1.0,0.0,1.0,0.0,0.0,1.0
4,0,1.7760962473092592,8.449235542634678,2,1658.6985533365066,2,0,3,10.066171299776954,161.4100715543773,0,0,3,0.0,0.0,0.0,0.0,0.0,0.0,0.0,0.0,0.0,0.0,0.0,0.0,0.0,0.0,1.0,1.0
2,3,8.615764384729975,4.204250687140858,3,1232.9978417138295,4,0,0,7.867318192548778,57.313697920403875,0,0,0,1.0,1.0,0.0,0.0,0.0,0.0,0.0,0.0,0.0,0.0,0.0,1.0,1.0,1.0,0.0,0.0
0,1,1.0715471587101009,6.001992346855206,3,1533.582783930472,1,0,1,1.7904398600700593,40.76527061564946,0,0,5,0.0,0.0,0.0,0.0,1.0,0.0,0.0,0.0,0.0,0.0,0.0,0.0,1.0,0.0,0.0,0.0
2,4,7.571471518498242,9.267741912351935,2,1389.7749769548523,2,3,3,2.1849751183564843,175.6078901147954,0,1,0,1.0,1.0,0.0,0.0,0.0,0.0,0.0,1.0,0.0,0.0,0.0,0.0,0.0,0.0,1.0,0.0
4,3,9.893729088974675,5.3528787748002316,3,2399.1998910648867,3,2,0,8.14382737142407,241.025023805004,0,1,1,0.0,0.0,0.0,0.0,0.0,0.0,1.0,0.0,0.0,0.0,0.0,1.0,1.0,0.0,0.0,1.0
4,0,5.338177900356121,8.337247326374179,0,633.6852334401553,3,3,1,3.906813837852011,59.93834861849102,1,1,3,0.0,0.0,0.0,0.0,1.0,0.0,1.0,0.0,0.0,0.0,0.0,0.0,0.0,1.0,1.0,0.0
0,5,4.341164769472911,7.673429643564969,0,624.3091563261382,1,1,3,3.953375368466289,210.87494718310305,0,1,0,0.0,0.0,0.0,0.0,1.0,0.0,0.0,1.0,0.0,0.0,0.0,0.0,0.0,1.0,0.0,0.0
1,1,6.452496590272421,4.982125995756969,1,1363.317739562702,0,3,1,10.17147343759057,201.46646943432384,1,0,3,0.0,0.0,0.0,0.0,0.0,0.0,0.0,0.0,0.0,0.0,0.0,0.0,1.0,1.0,1.0,1.0
2,1,8.24228044882905,8.450245083890987,0,1330.920085081484,4,3,3,0.24560559222057687,144.76464935533681,0,0,2,1.0,0.0,0.0,0.0,0.0,0.0,0.0,0.0,0.0,0.0,0.0,1.0,0.0,1.0,1.0,0.0
0,5,3.1622679439775094,7.192485958193187,3,1031.2107145228524,2,0,2,4.710214476191989,230.0735253134787,1,0,0,0.0,0.0,0.0,0.0,1.0,0.0,0.0,0.0,0.0,0.0,0.0,0.0,0.0,1.0,1.0,0.0
4,4,3.256312862381826,4.6721548043576995,0,2650.444839766152,3,3,2,2.858645875211164,178.17193376736148,0,1,3,0.0,0.0,0.0,0.0,0.0,0.0,1.0,0.0,0.0,0.0,0.0,0.0,1.0,0.0,0.0,0.0
0,5,6.464602126781621,9.69622841959162,2,571.2887713063809,2,0,1,0.3252033236968499,283.9499671072976,1,1,0,0.0,0.0,0.0,0.0,1.0,0.0,0.0,0.0,0.0,0.0,0.0,1.0,0.0,1.0,0.0,0.0
3,3,9.458918387688747,6.951772174861205,3,3272.7043081713027,1,1,4,2.5988775689009067,229.1116785917264,1,1,3,1.0,0.0,0.0,0.0,0.0,0.0,0.0,0.0,0.0,0.0,0.0,1.0,0.0,0.0,0.0,0.0
4,5,3.6859597818288714,8.470485008818018,0,2772.4604793891344,1,0,3,2.210969933746131,265.9779845403185,0,1,3,0.0,0.0,0.0,0.0,0.0,0.0,0.0,0.0,0.0,0.0,0.0,0.0,0.0,0.0,0.0,0.0
3,0,4.390791969061118,5.306201593154413,0,1708.8731063403068,3,2,3,6.053690936549836,108.41043835824635,1,0,2,1.0,0.0,0.0,0.0,0.0,0.0,0.0,0.0,0.0,0.0,0.0,0.0,1.0,0.0,0.0,0.0
3,3,9.939999713142607,4.823099256426113,2,3076.8032598043037,4,0,3,5.222300765514326,243.2997543286147,0,1,3,1.0,1.0,0.0,0.0,0.0,0.0,0.0,0.0,0.0,0.0,0.0,1.0,1.0,0.0,0.0,0.0
1,1,2.585999486858642,8.447840656779512,3,2354.460552180937,1,3,2,5.660394306338723,297.6072566746482,1,1,0,0.0,0.0,0.0,0.0,0.0,0.0,0.0,0.0,0.0,0.0,0.0,0.0,0.0,0.0,1.0,1.0
4,2,1.6927135153777366,8.042945071350292,0,2210.688684798344,0,1,0,10.534935503060561,49.039451143563696,1,0,5,0.0,0.0,0.0,0.0,0.0,0.0,1.0,0.0,0.0,0.0,0.0,0.0,1.0,0.0,0.0,0.0
2,1,6.307797149925455,5.644646126223355,0,1439.0535828381999,0,3,0,5.93314046025434,153.35383360097813,0,0,5,1.0,0.0,0.0,0.0,0.0,0.0,0.0,0.0,0.0,0.0,0.0,0.0,1.0,1.0,1.0,0.0
0,1,1.2184028957946968,8.477700613094292,3,2489.314020855939,2,1,2,7.668056454133859,258.70079492595755,1,0,1,0.0,0.0,0.0,0.0,0.0,0.0,0.0,0.0,0.0,0.0,0.0,0.0,0.0,0.0,0.0,0.0
1,2,2.6238990814734042,7.029953566111016,2,919.0841332535155,1,2,4,7.769799395277179,118.98791006606427,1,0,3,0.0,0.0,0.0,0.0,0.0,0.0,0.0,0.0,0.0,0.0,0.0,0.0,0.0,1.0,1.0,0.0
1,5,6.599882626214212,6.091583539884438,2,2074.697883135018,4,2,2,6.202492748444007,152.46995214722233,1,0,2,0.0,0.0,0.0,0.0,0.0,0.0,0.0,0.0,0.0,0.0,0.0,1.0,0.0,0.0,0.0,0.0
2,3,6.935611606221997,8.721350904877962,1,848.3301822189264,1,3,4,3.6572913812005368,224.28820768366634,0,0,4,1.0,0.0,0.0,0.0,0.0,0.0,0.0,0.0,0.0,0.0,0.0,1.0,0.0,1.0,1.0,0.0
1,2,5.593827246828577,7.700696485253248,1,1835.440823761162,2,1,2,10.837903201238072,247.4092379540038,0,1,1,0.0,0.0,0.0,0.0,0.0,0.0,0.0,0.0,0.0,0.0,0.0,0.0,0.0,0.0,0.0,1.0
2,2,4.453732416064449,7.043610195831979,1,2348.813629106535,1,2,3,5.258106236940076,59.85914498214442,1,1,2,1.0,0.0,0.0,0.0,0.0,0.0,0.0,0.0,0.0,0.0,0.0,0.0,1.0,0.0,1.0,0.0
2,3,6.185778259796635,8.638642580505778,0,966.5103126170166,2,1,0,6.853535793793691,117.33299551816259,0,1,2,1.0,1.0,0.0,0.0,0.0,0.0,0.0,0.0,0.0,0.0,0.0,1.0,0.0,0.0,0.0,0.0
1,1,6.790471777299149,7.268970158836056,1,1166.3588362328228,3,0,3,6.709731896447163,118.35156185645809,1,1,4,0.0,0.0,0.0,0.0,0.0,0.0,1.0,0.0,0.0,0.0,0.0,1.0,0.0,1.0,0.0,0.0
3,3,8.231338416624855,9.631206597601532,3,2939.77317535123,3,3,4,9.931656500984595,45.84727557249122,0,1,3,1.0,0.0,0.0,0.0,0.0,0.0,0.0,0.0,0.0,0.0,0.0,0.0,0.0,0.0,1.0,0.0
1,4,8.134757453888627,8.908334156724864,2,1267.1386017025336,3,2,2,6.415450019720492,27.34549665817361,1,1,4,0.0,0.0,0.0,0.0,0.0,0.0,0.0,0.0,0.0,0.0,0.0,1.0,0.0,0.0,0.0,0.0
3,1,6.9832068896345305,6.149125436441182,3,786.6681742054184,2,1,4,5.482834592303904,223.4082637055255,0,1,0,1.0,0.0,0.0,0.0,0.0,0.0,0.0,0.0,0.0,0.0,0.0,1.0,0.0,1.0,0.0,0.0
1,3,9.04809324905619,6.789515503277551,1,1492.0703638129812,2,3,1,5.520732299327056,255.59772691702128,0,1,0,0.0,0.0,0.0,0.0,0.0,0.0,0.0,0.0,0.0,0.0,0.0,1.0,0.0,0.0,1.0,0.0
4,4,8.54222728235877,9.743998412172331,3,3305.4198209211554,1,3,2,9.359383129963632,285.5755951093802,1,1,5,0.0,0.0,0.0,0.0,0.0,0.0,1.0,0.0,0.0,0.0,0.0,1.0,0.0,0.0,1.0,0.0
1,3,2.199214073961462,9.3712263687635,1,2581.3476847082043,4,3,4,3.959701296939776,286.8884979511437,1,1,0,0.0,0.0,0.0,0.0,0.0,0.0,0.0,0.0,0.0,0.0,0.0,0.0,0.0,0.0,1.0,0.0
0,1,9.61011497191135,5.147113225805869,2,2226.302960751739,3,1,3,11.218213684717906,298.4052491444029,1,0,4,0.0,0.0,0.0,0.0,0.0,0.0,0.0,0.0,0.0,0.0,0.0,1.0,1.0,0.0,0.0,1.0
0,3,9.025680720861283,5.645822996940093,2,3021.258864493286,4,0,3,10.159247490813142,24.897946090973168,1,0,0,0.0,0.0,0.0,0.0,0.0,0.0,0.0,0.0,0.0,0.0,0.0,1.0,0.0,0.0,0.0,1.0
4,4,3.888344615571638,6.186523116171832,3,2480.561750095593,3,1,2,1.66017119160013,119.03921559562566,1,1,3,0.0,0.0,0.0,0.0,0.0,0.0,1.0,0.0,0.0,0.0,0.0,0.0,0.0,0.0,0.0,0.0
4,1,1.181659767463355,9.279094216863424,3,2933.4363464172848,0,1,2,3.80686825192184,24.64682538223808,1,0,4,0.0,0.0,0.0,0.0,0.0,0.0,1.0,0.0,0.0,0.0,0.0,0.0,0.0,0.0,0.0,0.0
1,3,6.435783520824588,9.564503871371585,0,2471.4710065806594,1,0,1,10.867438390615089,203.36699310526845,0,1,2,0.0,0.0,0.0,0.0,0.0,0.0,0.0,0.0,0.0,0.0,0.0,0.0,0.0,0.0,0.0,1.0
3,4,4.945758191797492,8.814041444815595,3,3092.773460512328,2,2,3,3.3404561916182303,291.71746873949036,1,0,1,1.0,0.0,0.0,0.0,0.0,0.0,0.0,0.0,0.0,0.0,0.0,0.0,0.0,0.0,0.0,0.0
2,1,7.746099963275187,5.654250676361572,2,2372.024526545976,1,1,0,3.811899063143892,11.005094463287179,1,1,0,1.0,0.0,0.0,0.0,0.0,0.0,0.0,0.0,0.0,0.0,0.0,1.0,0.0,0.0,1.0,0.0
0,2,5.721397880577603,9.322388839811389,2,1294.6246080766496,4,3,2,2.6094718243063895,157.8989062661629,0,0,2,0.0,0.0,0.0,0.0,0.0,0.0,0.0,0.0,0.0,0.0,0.0,1.0,0.0,1.0,1.0,0.0
2,5,1.688413917258521,4.197286755644191,0,623.3544285535976,2,0,4,0.6527286403659116,159.9789992880829,0,0,5,1.0,0.0,0.0,0.0,0.0,0.0,0.0,1.0,0.0,0.0,0.0,0.0,1.0,1.0,0.0,0.0
3,2,3.2021867822929826,6.536820885343109,1,815.9607407601765,1,2,0,5.741473531075962,48.9824750102263,0,1,3,1.0,0.0,0.0,0.0,0.0,0.0,0.0,0.0,0.0,0.0,0.0,0.0,0.0,1.0,1.0,0.0
4,3,8.942713805138766,6.265771793990425,3,2037.3373568537709,2,2,2,9.058236189667014,250.04058114001535,1,1,2,0.0,0.0,0.0,0.0,0.0,0.0,1.0,0.0,0.0,0.0,0.0,0.0,0.0,0.0,1.0,1.0
4,0,1.3392072614354509,7.211437635427442,3,3415.305141784936,1,0,3,7.919968905491213,118.4168377737486,0,1,3,0.0,0.0,0.0,0.0,0.0,0.0,0.0,0.0,0.0,0.0,0.0,0.0,0.0,0.0,0.0,0.0
0,5,7.630027024584583,7.363843343408973,0,2778.385058674171,0,1,0,0.33149966628874816,126.13937377010879,0,1,3,0.0,0.0,0.0,0.0,0.0,0.0,0.0,0.0,0.0,0.0,0.0,1.0,1.0,0.0,0.0,0.0
1,3,3.627491571562891,5.352426921060753,1,2826.328010619534,4,3,0,6.280594876381044,288.587497581844,0,1,2,0.0,0.0,0.0,0.0,0.0,0.0,0.0,0.0,0.0,0.0,0.0,0.0,1.0,0.0,1.0,0.0
2,4,5.0737582273824735,5.227334216714537,3,2491.3613658408826,4,1,0,3.963469634334816,74.21510742070892,1,0,0,1.0,0.0,0.0,0.0,0.0,0.0,0.0,0.0,0.0,0.0,0.0,1.0,1.0,0.0,0.0,0.0
0,3,5.7790488872044765,8.82139955075293,3,3210.464397916765,3,2,1,7.701464229833903,115.64040564454898,0,1,2,0.0,0.0,0.0,0.0,0.0,0.0,0.0,0.0,0.0,0.0,0.0,0.0,0.0,0.0,0.0,1.0
2,2,3.2507322157648093,4.457180787039062,1,2706.3779586262,1,2,4,4.861917890937034,231.04510536066152,0,0,1,1.0,0.0,0.0,0.0,0.0,0.0,0.0,0.0,0.0,0.0,0.0,0.0,1.0,0.0,1.0,0.0
0,2,6.8676439869789645,6.959716263172273,3,1275.0902326135442,4,3,0,11.766361023595488,143.9947599468341,0,1,1,0.0,0.0,0.0,0.0,0.0,0.0,0.0,0.0,0.0,0.0,0.0,1.0,0.0,0.0,0.0,1.0
0,4,7.2409799628808855,5.1498784395860735,3,1998.4468555122726,1,2,3,9.94140199602882,181.02599615487426,1,1,1,0.0,0.0,0.0,0.0,0.0,0.0,0.0,0.0,0.0,0.0,0.0,0.0,1.0,0.0,1.0,1.0
0,5,1.7655353170369759,5.917403350725866,0,1713.0289889506064,4,3,1,8.404450951859825,143.34394128262485,0,1,0,0.0,0.0,0.0,0.0,0.0,0.0,0.0,1.0,0.0,0.0,0.0,0.0,1.0,0.0,0.0,0.0
1,0,4.365343682662785,5.663766515032049,0,996.1724543262363,4,3,2,6.188004735838967,84.99765677059172,0,0,3,0.0,0.0,0.0,0.0,0.0,0.0,0.0,0.0,0.0,0.0,0.0,0.0,1.0,1.0,0.0,0.0
3,5,7.699395710856624,8.251133355683223,0,1167.1311942220925,0,0,4,7.093354536854712,48.81814702509504,0,1,0,1.0,1.0,0.0,0.0,0.0,0.0,0.0,0.0,0.0,0.0,0.0,1.0,0.0,0.0,0.0,0.0
0,4,7.494738038570187,6.736123619767296,0,1355.4703646981059,1,3,4,5.305626459908403,255.0402460910043,1,1,2,0.0,0.0,0.0,0.0,1.0,0.0,0.0,0.0,1.0,0.0,0.0,1.0,1.0,0.0,1.0,0.0
4,0,5.901430095147152,5.796651006676623,2,1020.9309949768586,3,3,0,9.535886050194572,82.5638049613023,0,0,5,0.0,0.0,0.0,0.0,0.0,0.0,0.0,0.0,0.0,0.0,0.0,0.0,1.0,1.0,0.0,0.0
1,0,7.999073018812127,8.988111987881231,1,1151.9251977071942,1,0,0,10.898809646242752,299.21021408827295,1,1,5,0.0,0.0,0.0,0.0,0.0,0.0,1.0,0.0,0.0,0.0,0.0,1.0,0.0,1.0,0.0,1.0
0,4,1.9688040373585893,4.514770847744812,2,3249.18008307134,4,1,1,11.989141361088834,3.019291339279262,1,0,5,0.0,0.0,0.0,0.0,0.0,0.0,0.0,0.0,0.0,0.0,0.0,0.0,1.0,0.0,0.0,1.0
1,5,2.0639014106007707,8.598163872841841,0,1529.7176246280349,3,1,4,7.1859635812565195,264.5841851302425,0,0,0,0.0,0.0,0.0,0.0,0.0,0.0,0.0,0.0,0.0,0.0,0.0,0.0,0.0,1.0,1.0,1.0
3,2,6.917403702667103,5.489876547401787,2,2982.5500687502035,1,3,3,8.182625156831168,284.2104905911734,0,1,4,1.0,0.0,0.0,0.0,0.0,0.0,0.0,0.0,0.0,0.0,0.0,0.0,1.0,0.0,1.0,1.0
0,3,7.24000481105616,9.508115335760696,2,693.1698329828117,3,1,3,4.798350145799477,17.6114835610952,0,1,4,0.0,0.0,0.0,0.0,1.0,0.0,0.0,0.0,0.0,0.0,0.0,1.0,0.0,1.0,1.0,0.0
0,5,8.330741697889632,4.033354512217294,3,3445.428168778492,0,0,4,0.10167836696152754,188.27200261790284,1,0,1,0.0,0.0,0.0,0.0,0.0,0.0,0.0,0.0,0.0,0.0,0.0,1.0,1.0,0.0,1.0,0.0
4,1,2.6293318999593134,7.339980024156036,1,2794.375223868918,1,0,0,8.43884123088087,234.80373429245066,1,0,2,0.0,0.0,0.0,0.0,0.0,0.0,1.0,0.0,0.0,0.0,0.0,0.0,0.0,0.0,0.0,1.0
2,1,5.650944934879947,7.733589904165562,2,3220.148201220828,0,3,3,11.208425220806324,184.60902800932718,0,1,1,1.0,0.0,0.0,0.0,0.0,0.0,0.0,0.0,0.0,0.0,0.0,0.0,0.0,0.0,1.0,0.0
1,5,6.947481674220242,7.463801995881402,1,2077.7341147386924,0,0,4,10.315494615189364,264.03565846598855,0,0,5,0.0,0.0,0.0,0.0,0.0,0.0,0.0,0.0,0.0,0.0,0.0,0.0,1.0,0.0,0.0,1.0
3,1,3.013296164461136,8.890091753194074,1,2403.6137546010136,3,1,4,10.543449277069893,39.74408053175694,0,1,3,1.0,0.0,0.0,0.0,0.0,0.0,0.0,0.0,0.0,0.0,0.0,0.0,0.0,0.0,1.0,0.0
4,2,5.652350790345917,4.672984048502867,2,1582.457088017801,0,2,3,4.82551134088204,284.6270819060089,1,0,1,0.0,0.0,0.0,0.0,0.0,0.0,1.0,0.0,0.0,0.0,0.0,0.0,1.0,0.0,1.0,0.0
1,2,6.746005219515364,6.4933360257555055,2,1796.0936629215028,3,0,3,8.562618364707005,165.15250331449718,0,1,0,0.0,0.0,0.0,0.0,0.0,0.0,0.0,0.0,0.0,0.0,0.0,1.0,0.0,0.0,0.0,0.0
2,3,2.930045603299123,9.182420638119842,3,2752.2284429856727,0,0,1,7.6611597519749575,103.31190634824257,0,1,3,1.0,0.0,0.0,0.0,0.0,0.0,0.0,0.0,0.0,0.0,0.0,0.0,0.0,0.0,0.0,1.0
0,1,4.380070692251273,9.332411731173945,0,649.9059199967156,4,3,3,6.491217672791469,157.55535787005485,0,0,5,0.0,0.0,0.0,0.0,1.0,0.0,0.0,0.0,0.0,0.0,0.0,0.0,0.0,1.0,1.0,1.0
1,4,2.947049291221372,6.990066419432593,0,609.654006198762,4,1,1,1.819437869600828,101.79451934425148,0,1,2,0.0,0.0,0.0,0.0,0.0,0.0,0.0,0.0,0.0,0.0,0.0,0.0,1.0,1.0,0.0,0.0
2,4,9.126486139857388,7.347801363220479,2,3124.7631431855048,1,1,2,6.905304688124087,136.6329274477174,1,0,4,1.0,0.0,0.0,0.0,0.0,1.0,0.0,0.0,0.0,0.0,0.0,1.0,1.0,0.0,0.0,0.0
0,1,3.1311899373699257,8.583450642939404,2,830.0229201483965,2,3,0,3.583091069095864,46.93844067922066,0,0,2,0.0,0.0,0.0,0.0,1.0,0.0,0.0,0.0,0.0,0.0,0.0,0.0,0.0,1.0,0.0,0.0
4,2,2.0875116338721726,8.67766236579185,3,2663.0898480196192,3,0,1,8.443070037749305,253.3942183224743,0,1,5,0.0,0.0,0.0,0.0,0.0,0.0,1.0,0.0,0.0,0.0,0.0,0.0,0.0,0.0,0.0,1.0
4,0,1.3163978037442932,9.328487797035166,2,1098.628391892546,2,1,0,11.338229135672604,116.88578704714567,0,1,3,0.0,0.0,0.0,0.0,0.0,0.0,1.0,0.0,0.0,0.0,0.0,0.0,0.0,1.0,0.0,0.0
1,1,1.4045812517021514,9.06314439509826,0,1598.6266592555794,0,3,2,8.73189363125055,140.10347436530802,0,1,5,0.0,0.0,0.0,0.0,0.0,0.0,0.0,0.0,0.0,0.0,0.0,0.0,0.0,0.0,1.0,0.0
1,5,2.724276114701352,6.486539877185766,1,1380.6494583225087,4,3,0,3.114346973653751,272.8727752988251,0,0,3,0.0,0.0,0.0,0.0,0.0,0.0,0.0,1.0,0.0,0.0,0.0,0.0,1.0,1.0,0.0,0.0
0,3,6.473876601762571,7.89851995882994,3,1971.006469611174,4,1,3,5.582974086483455,272.10060792702285,1,0,2,0.0,0.0,0.0,0.0,1.0,0.0,0.0,0.0,0.0,0.0,0.0,1.0,0.0,0.0,0.0,0.0
2,3,1.1588488706001039,6.899411547170404,3,2979.984459760423,2,3,3,6.778388581383933,236.42464001354074,1,0,0,1.0,0.0,0.0,0.0,0.0,0.0,0.0,0.0,0.0,0.0,0.0,0.0,0.0,0.0,1.0,0.0
0,5,3.5806953228143246,4.7077687985207906,3,3126.6022725431753,2,2,3,8.71383397120865,9.004662392473605,1,1,1,0.0,0.0,0.0,0.0,0.0,0.0,1.0,0.0,0.0,0.0,0.0,0.0,1.0,0.0,0.0,1.0
1,4,1.523502021909694,8.930085520030376,1,1166.1335755816622,0,2,3,1.7741701274819786,271.9130017280032,1,1,1,0.0,0.0,0.0,0.0,0.0,0.0,0.0,0.0,0.0,0.0,0.0,0.0,0.0,1.0,1.0,0.0
2,4,4.632928932692509,7.610581178203041,0,1512.9454974784685,3,3,3,6.307110288983916,56.62074618840352,1,1,5,1.0,1.0,0.0,0.0,0.0,0.0,0.0,0.0,0.0,0.0,0.0,0.0,0.0,1.0,1.0,0.0
3,4,1.4371906404687185,4.348031222835475,0,3010.750577564876,2,2,3,10.321637856696613,131.48757931127037,1,0,3,1.0,0.0,0.0,0.0,0.0,0.0,0.0,0.0,0.0,0.0,0.0,0.0,1.0,0.0,1.0,0.0
2,2,6.467875989587451,8.061209674053835,3,768.9050058065386,1,1,3,0.3310566240081032,270.8972592225628,0,0,3,1.0,0.0,0.0,0.0,0.0,0.0,0.0,0.0,0.0,0.0,0.0,0.0,0.0,1.0,0.0,0.0
1,3,7.195818389671137,5.698606215382611,1,850.6905156058654,1,2,0,8.73096439353315,28.51314425088085,1,1,5,0.0,0.0,0.0,0.0,0.0,0.0,1.0,0.0,0.0,0.0,0.0,0.0,1.0,1.0,1.0,0.0
3,1,7.582037946793871,4.415591252300084,3,1938.7442590644578,0,0,3,10.56523795637471,39.93091233540429,1,0,5,1.0,0.0,0.0,0.0,0.0,0.0,0.0,0.0,0.0,0.0,0.0,0.0,1.0,0.0,0.0,0.0
3,5,3.0190905878162955,7.6395334881018675,0,2870.433068335925,3,1,2,9.549164478221837,172.81730333491805,0,0,4,1.0,0.0,0.0,0.0,0.0,0.0,0.0,0.0,0.0,0.0,1.0,0.0,1.0,0.0,0.0,1.0
3,1,8.81650145765569,8.393251924775461,1,1507.9285432546526,0,2,0,11.182069428428017,140.31456122900917,0,1,1,1.0,1.0,0.0,0.0,0.0,0.0,0.0,0.0,0.0,0.0,0.0,1.0,0.0,0.0,0.0,1.0
2,5,7.212593505978338,7.103705765928952,3,708.2957284707554,2,1,2,9.392525855817814,116.90301813386768,1,1,0,1.0,0.0,0.0,0.0,0.0,0.0,1.0,1.0,0.0,0.0,0.0,0.0,0.0,1.0,1.0,1.0
4,5,1.5098519736983835,4.033889641420554,0,3403.6026416194313,4,2,1,6.216278006810309,242.89910990155605,0,1,3,0.0,0.0,0.0,0.0,0.0,0.0,1.0,0.0,0.0,0.0,0.0,0.0,1.0,0.0,0.0,0.0
1,0,4.966900378312844,7.461296421655621,0,3316.7339667713163,0,1,0,5.723211444948989,268.4039081909754,1,1,5,0.0,0.0,0.0,0.0,0.0,0.0,0.0,0.0,0.0,0.0,0.0,0.0,1.0,0.0,1.0,0.0
4,4,7.9098084403523305,4.03965445190776,1,2455.7042489258024,0,0,2,0.38207616204703365,297.42853839099035,1,1,2,0.0,0.0,0.0,0.0,0.0,0.0,1.0,0.0,0.0,1.0,0.0,1.0,1.0,0.0,0.0,0.0
1,5,3.7980453404820675,9.558449807782708,0,2545.6292393354443,3,0,4,0.22319240496791615,36.88837718454352,1,1,5,0.0,0.0,0.0,0.0,0.0,0.0,0.0,0.0,0.0,0.0,0.0,0.0,0.0,0.0,0.0,0.0
1,3,4.434028965165383,5.603830946350312,2,3301.086054056394,4,2,0,7.673626622097976,202.87378449665923,1,1,1,0.0,0.0,0.0,0.0,0.0,0.0,0.0,0.0,0.0,0.0,0.0,0.0,1.0,0.0,0.0,1.0
2,2,6.6664344456688855,9.226039620982146,0,2431.590244202195,0,0,0,3.3048301735553873,261.4028398550349,1,0,0,1.0,1.0,0.0,0.0,0.0,0.0,0.0,0.0,0.0,0.0,0.0,0.0,1.0,0.0,0.0,0.0
2,5,1.49932792104308,4.072655731701223,0,2865.2372879389955,1,1,4,3.6851443531408026,72.1553139764374,1,1,3,1.0,0.0,0.0,0.0,0.0,0.0,0.0,0.0,0.0,0.0,0.0,0.0,1.0,0.0,1.0,0.0
3,3,9.702415364571255,4.583299062953022,2,1890.5476059662549,3,2,3,9.684787886801942,144.01070507176726,1,0,2,1.0,0.0,0.0,0.0,0.0,1.0,0.0,0.0,0.0,0.0,0.0,1.0,1.0,0.0,1.0,0.0
1,0,2.570329095487551,6.708449827615942,1,1184.0077944464836,2,0,1,1.3352566697317774,2.150395486090506,1,0,0,0.0,0.0,0.0,0.0,0.0,0.0,0.0,0.0,0.0,0.0,0.0,0.0,1.0,1.0,0.0,0.0
4,1,1.240047996816343,8.551644274316015,2,2997.5964553687218,2,1,1,3.406015539025583,40.38378798996168,0,0,5,0.0,0.0,0.0,0.0,0.0,0.0,0.0,0.0,0.0,0.0,0.0,0.0,0.0,0.0,1.0,0.0
1,4,1.0479068383637822,9.65537020300382,3,2553.1457884341385,1,1,0,8.220462883497284,37.66928258983404,1,0,2,0.0,0.0,0.0,0.0,0.0,0.0,0.0,0.0,0.0,0.0,0.0,0.0,0.0,0.0,0.0,0.0
2,2,4.595989374994561,7.126568891010579,3,1368.6865138785613,2,1,4,0.3667947134029368,212.26882580989098,0,0,1,1.0,0.0,0.0,0.0,0.0,0.0,0.0,0.0,0.0,0.0,0.0,0.0,1.0,0.0,0.0,0.0
4,1,8.958280289278399,6.132764281999577,2,2369.8266534824916,0,3,3,6.237470607034348,186.67476711886988,0,1,3,0.0,0.0,0.0,0.0,0.0,0.0,1.0,0.0,0.0,1.0,0.0,1.0,0.0,0.0,1.0,0.0
2,4,8.37785871296136,4.267327239503087,3,2949.451946433567,4,3,1,1.025531067336852,11.609172543111013,1,0,5,1.0,0.0,0.0,0.0,0.0,1.0,0.0,0.0,0.0,0.0,0.0,0.0,1.0,0.0,1.0,0.0
3,0,9.208412184247255,7.50225683043227,2,1311.0356790131254,2,1,0,9.13988138181703,178.70836481550484,1,0,0,1.0,0.0,0.0,0.0,0.0,0.0,0.0,0.0,0.0,0.0,0.0,1.0,0.0,0.0,0.0,1.0
4,1,5.804040873960091,6.280262586991203,0,2804.4563261657217,1,3,3,7.614989347985145,20.44283783274421,1,1,2,0.0,0.0,0.0,0.0,0.0,0.0,1.0,0.0,0.0,0.0,0.0,0.0,1.0,0.0,1.0,0.0
4,2,5.038716104876479,9.454800908050245,3,717.0301669754654,1,0,2,7.302623357276742,60.6599985170772,1,0,4,0.0,0.0,0.0,0.0,1.0,0.0,1.0,0.0,0.0,0.0,0.0,0.0,0.0,1.0,0.0,0.0
2,0,4.4727487849611505,6.880355337040005,2,2374.8464724227806,1,1,3,2.6554206681674115,270.4088110579034,1,0,4,1.0,0.0,0.0,0.0,0.0,0.0,0.0,0.0,0.0,0.0,0.0,0.0,0.0,0.0,0.0,0.0
2,2,1.4177626821217526,8.592681898778656,0,3496.800875612888,2,3,1,8.696384398409892,134.17906967181764,0,1,1,1.0,0.0,0.0,0.0,0.0,0.0,0.0,0.0,0.0,0.0,0.0,0.0,0.0,0.0,1.0,1.0
0,5,9.185691306746381,9.089263169289374,2,3099.12421219685,0,0,4,3.6201498555640774,234.4038872015745,0,1,0,0.0,0.0,0.0,0.0,0.0,0.0,0.0,0.0,0.0,0.0,0.0,1.0,0.0,0.0,1.0,0.0
2,5,5.465584830562547,4.589665670066526,0,3126.9741568699055,3,1,0,6.849777441749316,94.2935006183461,0,1,4,1.0,1.0,0.0,0.0,0.0,0.0,0.0,0.0,0.0,0.0,0.0,0.0,1.0,0.0,0.0,0.0
4,5,5.095606879463592,6.645077846537468,2,2541.07145851482,0,3,0,1.1043569710491399,33.23231310335649,0,0,1,0.0,0.0,0.0,0.0,0.0,0.0,0.0,0.0,0.0,0.0,0.0,0.0,0.0,0.0,0.0,0.0
2,1,5.636507383127055,9.362304586073872,2,1883.5613827875356,1,3,3,1.1530382258168754,266.45750050407605,1,0,0,1.0,0.0,0.0,0.0,0.0,0.0,0.0,0.0,0.0,0.0,0.0,1.0,0.0,0.0,1.0,0.0
1,0,8.147390663027803,6.546731789918149,0,2531.64659587805,4,3,2,2.327882761358005,49.14812172479368,0,0,5,0.0,0.0,0.0,0.0,0.0,0.0,0.0,0.0,0.0,0.0,0.0,1.0,0.0,0.0,0.0,0.0
0,4,3.0202397738430755,7.390925661804312,1,1463.5770113363903,2,3,1,2.592060736408129,104.89246253755327,0,0,4,0.0,0.0,0.0,0.0,1.0,0.0,0.0,1.0,0.0,0.0,0.0,0.0,0.0,0.0,1.0,0.0
1,2,7.38910611095431,9.238623683793087,0,2158.3056122568564,4,3,3,1.5171890812400446,210.3703488039634,1,0,2,0.0,0.0,0.0,0.0,0.0,0.0,0.0,0.0,0.0,0.0,0.0,0.0,0.0,0.0,1.0,0.0
1,4,7.396927667686296,5.395561520138756,0,2119.039731347923,3,1,2,1.418981376492947,177.5411004601466,1,1,2,0.0,0.0,0.0,0.0,0.0,0.0,0.0,0.0,0.0,0.0,0.0,1.0,1.0,0.0,0.0,0.0
4,0,8.645975040323645,9.367489976940782,0,2131.1910527704904,3,1,2,10.548372034876332,278.3970153647584,0,0,5,0.0,0.0,0.0,0.0,0.0,0.0,0.0,0.0,0.0,1.0,0.0,1.0,0.0,0.0,1.0,1.0
2,4,1.0781523861748301,6.382170527137692,3,1735.9627713555942,0,1,1,6.655600768969008,296.3011622626052,1,0,4,1.0,0.0,0.0,0.0,0.0,0.0,0.0,0.0,0.0,0.0,0.0,0.0,0.0,0.0,1.0,0.0
0,3,2.5335598891161886,7.558199971954391,1,1558.4054910839209,2,0,3,7.466124304679209,43.98927486118382,1,0,3,0.0,0.0,0.0,0.0,0.0,0.0,0.0,0.0,0.0,0.0,0.0,0.0,0.0,0.0,0.0,0.0
0,5,5.2394216684028,5.968236892395119,0,1491.063543061882,1,0,2,3.453861174126898,67.97604584036056,1,0,3,0.0,0.0,0.0,0.0,0.0,0.0,0.0,0.0,0.0,0.0,0.0,0.0,1.0,0.0,0.0,0.0
4,0,8.654863487153307,7.16271432255754,2,1174.1925748384192,0,3,4,0.6658484319353368,191.74891026685123,1,1,3,0.0,0.0,0.0,0.0,0.0,0.0,1.0,0.0,0.0,0.0,0.0,1.0,0.0,1.0,1.0,0.0
4,2,9.686051754651857,4.295714818135015,2,1815.6417348135458,0,0,2,11.619284806268595,44.01950001104594,0,1,2,0.0,0.0,0.0,0.0,0.0,0.0,1.0,0.0,0.0,0.0,0.0,1.0,1.0,0.0,0.0,1.0
3,5,6.353817532114612,4.39155985143258,0,853.2369609064385,0,2,1,0.6483376982593874,162.66575547743315,1,0,3,1.0,0.0,0.0,0.0,0.0,0.0,0.0,0.0,0.0,0.0,0.0,0.0,1.0,1.0,0.0,0.0
0,2,2.9092057788071815,6.4883365716255135,2,3204.7206269628145,0,0,0,9.871518485407925,111.84874195704965,1,1,3,0.0,0.0,0.0,0.0,0.0,0.0,0.0,0.0,0.0,0.0,0.0,0.0,1.0,0.0,0.0,0.0
0,3,2.6612622624218107,6.0097115406014705,0,709.0513991408554,2,2,1,7.981037180524349,266.4389920697751,1,0,3,0.0,0.0,0.0,0.0,1.0,0.0,0.0,0.0,0.0,0.0,0.0,0.0,1.0,1.0,0.0,0.0
0,0,6.754995585876407,7.6947508616506495,2,3012.2561442457,0,1,3,4.890252173532903,275.42844229096113,1,0,2,0.0,0.0,0.0,0.0,0.0,0.0,0.0,0.0,0.0,0.0,0.0,1.0,0.0,0.0,1.0,0.0
3,4,2.8906223235346413,4.227461002262837,3,1223.745225093142,4,0,1,8.959167646174125,77.64902844193368,1,1,4,1.0,0.0,0.0,0.0,0.0,0.0,1.0,0.0,0.0,0.0,0.0,0.0,1.0,1.0,0.0,0.0
3,1,5.977786815287976,5.006012018421348,1,3059.6575384337575,2,1,2,9.176788582255634,28.700433121820247,0,1,2,1.0,0.0,0.0,0.0,0.0,0.0,0.0,0.0,0.0,0.0,0.0,0.0,1.0,0.0,0.0,1.0
4,3,8.51330736229512,5.257551364754753,2,2660.798584241686,4,2,1,10.539501172209299,297.3239399883051,1,1,4,0.0,0.0,0.0,0.0,0.0,0.0,1.0,0.0,0.0,0.0,0.0,1.0,1.0,0.0,0.0,1.0
0,5,4.50837683615881,6.642950611178803,0,3262.9253637861802,0,3,4,6.539103740921982,44.968630647488396,0,0,2,0.0,0.0,0.0,0.0,0.0,0.0,0.0,0.0,0.0,0.0,0.0,0.0,1.0,0.0,1.0,0.0
0,3,4.406249707677363,5.481008574273717,1,3110.698922430679,0,1,4,2.5644865457878496,52.030442455096996,0,1,5,0.0,0.0,0.0,0.0,0.0,0.0,0.0,0.0,0.0,0.0,0.0,0.0,1.0,0.0,1.0,0.0
4,2,1.325263032019664,4.825976114846384,3,2603.262570705228,4,1,4,6.870945405117972,75.6519837113621,1,0,4,0.0,0.0,0.0,0.0,0.0,0.0,1.0,0.0,0.0,0.0,0.0,0.0,1.0,0.0,1.0,0.0
4,1,3.2867612058209943,7.585442042694627,0,955.0364692756286,1,2,3,1.1917810619886389,102.25622493639365,0,1,4,0.0,0.0,0.0,0.0,1.0,0.0,0.0,0.0,0.0,0.0,0.0,0.0,1.0,1.0,1.0,0.0
3,2,7.28372313657347,8.463231866819331,3,2147.135959413891,3,1,2,4.514747865330222,44.33374528515702,0,1,3,1.0,0.0,0.0,0.0,0.0,0.0,0.0,0.0,0.0,0.0,0.0,0.0,0.0,0.0,0.0,0.0
0,5,4.243521206189768,8.11160840078333,0,1519.4841608763543,0,0,0,7.3243985124130315,96.66931242029351,1,0,1,0.0,0.0,0.0,0.0,0.0,0.0,0.0,0.0,0.0,0.0,0.0,0.0,0.0,0.0,0.0,0.0
0,1,2.4246902556092977,5.657080571365127,1,3157.3269069212724,0,0,0,3.0226454879607183,6.607209707539319,0,1,5,0.0,0.0,0.0,0.0,0.0,0.0,0.0,0.0,0.0,0.0,0.0,0.0,1.0,0.0,0.0,0.0
0,3,1.951909603842944,9.126669018201785,0,3116.6854821643547,2,1,2,10.380992986337613,240.2951093373911,0,0,4,0.0,0.0,0.0,0.0,0.0,0.0,0.0,0.0,0.0,0.0,0.0,0.0,0.0,0.0,0.0,1.0
3,2,1.8554804033563803,7.670933076564413,0,1442.1123571961325,2,1,3,11.712622144018752,79.06562416198315,0,1,0,1.0,0.0,0.0,0.0,0.0,0.0,0.0,0.0,0.0,0.0,0.0,0.0,1.0,0.0,1.0,0.0
4,1,6.9322008980610565,7.688000206044543,1,2515.098737833984,0,0,0,0.9109208425634634,245.33528287639444,1,0,1,0.0,0.0,0.0,0.0,0.0,0.0,1.0,0.0,0.0,0.0,0.0,0.0,1.0,0.0,0.0,0.0
3,4,6.513593309141938,5.277090710298744,2,1514.8544811716401,0,3,2,2.470712114689961,194.07652885607612,0,0,0,1.0,0.0,0.0,0.0,0.0,0.0,0.0,0.0,0.0,0.0,0.0,1.0,1.0,0.0,1.0,0.0
1,2,5.666689050418764,5.453277324016922,2,2534.571486173958,1,1,4,5.676139243757397,144.1638290287835,1,0,0,0.0,0.0,0.0,0.0,0.0,0.0,0.0,0.0,0.0,0.0,0.0,1.0,0.0,0.0,0.0,0.0
3,1,5.502938033432255,6.848501304628629,1,2341.6131331810548,0,2,4,0.4552971115030515,291.68785236419586,1,1,2,1.0,0.0,0.0,0.0,0.0,0.0,0.0,0.0,0.0,0.0,0.0,0.0,0.0,0.0,1.0,0.0
0,3,2.378231674190844,5.426926186243507,1,2032.8438573562378,4,0,2,1.1151291820652807,116.0010627233419,0,0,4,0.0,0.0,0.0,0.0,0.0,0.0,0.0,0.0,0.0,0.0,0.0,0.0,1.0,0.0,0.0,0.0
4,4,5.505438022840785,8.128466418912259,0,3135.2180422028814,4,1,2,10.807681483319126,53.516457598630794,0,0,4,0.0,0.0,0.0,0.0,0.0,0.0,0.0,0.0,0.0,0.0,0.0,1.0,1.0,0.0,0.0,0.0
4,5,1.5394399894034192,5.8513270735345495,2,1238.1507970467414,0,1,0,0.5463581340172592,173.23178891183832,0,0,5,0.0,0.0,0.0,0.0,0.0,0.0,0.0,0.0,0.0,0.0,0.0,0.0,0.0,1.0,0.0,0.0
3,3,9.332726127424191,4.9114969237680945,0,2892.3999928967555,2,2,0,2.969811031992026,42.04491863959655,1,0,0,1.0,1.0,0.0,0.0,0.0,0.0,0.0,0.0,0.0,0.0,0.0,1.0,1.0,0.0,0.0,0.0
4,3,1.5222479860234617,4.909683122640835,3,2568.5231689168786,1,3,1,5.083592481666449,83.04480047627177,1,1,3,0.0,0.0,0.0,0.0,0.0,0.0,1.0,0.0,0.0,0.0,0.0,0.0,1.0,0.0,1.0,0.0
2,4,4.8117717540452665,4.763366672266963,0,1343.8036093120866,0,1,4,0.2455106019149329,272.32174195211,1,1,1,1.0,0.0,0.0,0.0,0.0,0.0,0.0,0.0,0.0,0.0,0.0,0.0,1.0,1.0,1.0,0.0
2,1,1.00513950762855,6.6385004737982465,2,1765.057263832697,3,1,0,9.727125607222767,267.6475793620073,0,0,0,1.0,0.0,0.0,0.0,0.0,0.0,0.0,0.0,0.0,0.0,0.0,0.0,0.0,0.0,0.0,1.0
1,1,8.075353949049202,4.018240218085735,1,707.0425115692417,4,3,3,9.960093217189359,139.71756413764436,1,1,5,0.0,0.0,0.0,0.0,0.0,0.0,0.0,0.0,0.0,0.0,0.0,1.0,1.0,1.0,0.0,0.0
4,2,2.49553169682067,7.254233729815185,3,2292.729973109857,3,1,1,4.736042884167036,143.48122711346727,0,0,0,0.0,0.0,0.0,0.0,0.0,0.0,0.0,0.0,0.0,0.0,0.0,0.0,0.0,0.0,0.0,0.0
3,3,9.324244160395104,5.789817537517303,1,3163.672837926533,4,1,0,2.421407439251115,170.0351049831799,1,1,1,1.0,1.0,0.0,0.0,0.0,0.0,1.0,0.0,0.0,0.0,0.0,1.0,1.0,0.0,0.0,0.0
0,3,1.3957997307450807,7.314872985761288,3,853.4552701940631,3,0,0,10.708296434844783,25.25420508411823,0,1,3,0.0,0.0,0.0,0.0,1.0,0.0,0.0,0.0,0.0,0.0,0.0,0.0,0.0,1.0,0.0,0.0
4,0,8.387086011079841,9.6125524806495,3,895.9953800179471,2,2,3,8.142673023138185,75.94681594042262,0,0,2,0.0,0.0,0.0,0.0,0.0,0.0,0.0,0.0,0.0,0.0,0.0,0.0,0.0,1.0,0.0,0.0
0,4,6.909740315340294,9.214285661100902,1,1923.700557372994,4,0,0,6.28634136162516,173.9955946682884,0,0,0,0.0,0.0,0.0,0.0,0.0,0.0,0.0,0.0,0.0,0.0,0.0,1.0,0.0,0.0,0.0,0.0
2,2,3.247621469973015,7.458579039630733,1,1343.6903121735122,3,0,2,4.708773693167407,96.34985200776701,0,1,1,1.0,0.0,0.0,0.0,0.0,0.0,0.0,0.0,0.0,0.0,0.0,0.0,0.0,0.0,0.0,0.0
0,5,2.821776483075354,6.508421875832351,1,1330.7867342413974,3,1,4,6.471322165039416,64.01723073340514,0,1,4,0.0,0.0,0.0,0.0,0.0,0.0,0.0,0.0,0.0,0.0,0.0,0.0,1.0,0.0,1.0,0.0
3,4,4.2191014003932015,8.190176026495038,1,2416.010402350426,3,1,2,2.994138472047938,194.20824643171747,1,0,0,1.0,0.0,0.0,0.0,0.0,0.0,0.0,0.0,0.0,0.0,0.0,0.0,0.0,0.0,1.0,0.0
2,5,8.455625948578195,9.538835995747128,1,1730.7691323928677,0,0,1,5.395200920259309,169.9307378839377,0,1,0,1.0,0.0,0.0,0.0,0.0,0.0,0.0,0.0,0.0,0.0,0.0,1.0,0.0,0.0,0.0,0.0
2,3,8.7576089350191,6.937282407637298,0,3033.942676667991,3,2,4,8.23077266863568,98.12184540557077,1,1,1,1.0,1.0,0.0,0.0,0.0,0.0,0.0,0.0,0.0,0.0,0.0,1.0,1.0,0.0,1.0,0.0
3,3,2.577568415718932,4.595846344511912,1,1786.7183622307512,3,3,0,4.936306377877886,281.21738236123946,1,1,5,1.0,0.0,0.0,0.0,0.0,0.0,1.0,0.0,0.0,0.0,0.0,0.0,1.0,0.0,0.0,0.0
3,1,4.181032357158976,8.596529202543941,3,2345.826444923214,2,0,1,8.219454869596305,233.30690419457227,1,1,0,1.0,0.0,0.0,0.0,0.0,0.0,0.0,0.0,0.0,0.0,0.0,0.0,0.0,0.0,0.0,0.0
1,2,3.137422455120285,4.062874923366305,3,1693.6741366050057,2,1,0,8.864706790262336,178.84249499420562,0,1,3,0.0,0.0,0.0,0.0,0.0,0.0,0.0,0.0,0.0,0.0,0.0,0.0,1.0,0.0,0.0,0.0
4,5,2.103785628741081,8.587830877844041,0,1268.070491509176,4,2,0,9.044542973745187,62.839662604454574,0,1,2,0.0,0.0,0.0,0.0,0.0,0.0,1.0,1.0,0.0,0.0,0.0,0.0,0.0,0.0,0.0,0.0
2,2,6.818044487760352,4.50949962331942,2,1913.9963193702602,0,1,4,6.830135124781,194.42898730721427,1,1,3,1.0,0.0,0.0,0.0,0.0,0.0,1.0,0.0,0.0,0.0,0.0,0.0,1.0,0.0,1.0,0.0
0,0,4.112839209119818,4.639699446197722,0,2661.4412782729078,2,2,1,2.212655756700385,206.32155467547335,0,0,1,0.0,0.0,0.0,0.0,0.0,0.0,0.0,0.0,0.0,0.0,0.0,0.0,1.0,0.0,0.0,0.0
0,1,3.028456402987007,8.690241220069156,2,3358.427422026408,3,1,0,8.406716323837351,174.37995194483184,0,1,5,0.0,0.0,0.0,0.0,0.0,0.0,0.0,0.0,0.0,0.0,0.0,0.0,0.0,0.0,0.0,1.0
1,3,8.793979961517786,8.137130229372431,2,626.5004777167939,1,0,4,9.831372706420352,191.3880869178096,1,1,2,0.0,0.0,0.0,0.0,0.0,0.0,0.0,0.0,0.0,0.0,0.0,1.0,0.0,1.0,1.0,1.0
3,3,7.7348613781320985,7.371418776019827,3,2095.480843042936,1,3,4,1.1314660611560434,48.66855282073418,0,1,0,1.0,0.0,0.0,0.0,0.0,0.0,0.0,0.0,0.0,0.0,0.0,1.0,0.0,0.0,1.0,0.0
2,5,7.963850338267083,8.923511156261162,2,2407.898027557799,0,3,1,10.751591679911563,100.49796023012418,1,0,1,1.0,0.0,0.0,0.0,0.0,0.0,0.0,0.0,1.0,0.0,0.0,1.0,0.0,0.0,1.0,1.0
1,5,1.3527630206495214,9.10821106446258,3,757.1615802165586,1,1,2,11.295608301834907,267.22347476224957,1,0,1,0.0,0.0,0.0,0.0,0.0,0.0,0.0,0.0,0.0,0.0,0.0,0.0,0.0,1.0,1.0,1.0
2,3,9.236174043079597,6.74507353393772,3,2987.513071767071,1,0,3,8.018831277492435,41.133599057184746,1,0,5,1.0,0.0,0.0,0.0,0.0,0.0,0.0,0.0,0.0,0.0,0.0,1.0,0.0,0.0,0.0,0.0
4,3,6.172645401768117,9.977792122327225,2,1327.8559959741488,4,0,2,1.3327786045141607,176.90733696806484,1,0,0,0.0,0.0,0.0,0.0,0.0,0.0,1.0,0.0,0.0,0.0,0.0,0.0,0.0,0.0,0.0,0.0
2,4,5.534225242160669,6.145479637834644,1,3124.7358378734525,0,3,3,7.844289544933224,269.29659882203526,1,0,1,1.0,0.0,0.0,0.0,0.0,0.0,0.0,0.0,0.0,0.0,0.0,0.0,1.0,0.0,1.0,1.0
0,0,1.0952681142500305,5.02904659972479,1,2157.8208852506477,3,3,1,4.272820903700787,4.246737055859617,1,1,1,0.0,0.0,0.0,0.0,0.0,0.0,1.0,0.0,0.0,0.0,0.0,0.0,1.0,0.0,0.0,0.0
0,3,9.078959893906942,9.07585865871935,1,956.2367830458552,0,1,4,3.643746809357352,290.13645868196915,0,0,1,0.0,0.0,0.0,0.0,1.0,0.0,0.0,0.0,0.0,0.0,0.0,1.0,0.0,1.0,1.0,0.0
2,2,5.895014234374005,6.493421677355982,1,2717.6626706572715,3,3,2,0.44116812577817344,265.0026003835403,0,1,5,1.0,0.0,0.0,0.0,0.0,0.0,0.0,0.0,0.0,0.0,0.0,0.0,0.0,0.0,1.0,0.0
2,4,8.426381161064818,9.246997907371686,1,971.6855078601621,2,0,0,8.698009039239414,214.5196477635784,1,1,4,1.0,0.0,0.0,0.0,0.0,0.0,1.0,0.0,0.0,0.0,0.0,1.0,0.0,0.0,0.0,1.0
4,4,6.899598646644644,4.366998066942424,1,2661.1353165448936,2,1,3,6.800159178683242,212.74039815654535,0,0,5,0.0,0.0,0.0,0.0,0.0,0.0,0.0,0.0,0.0,0.0,0.0,0.0,1.0,0.0,0.0,0.0
2,3,8.170242521597924,4.66631266903985,2,2924.5946581681847,4,0,0,5.409517173209892,260.31695473659425,0,0,4,1.0,0.0,0.0,0.0,0.0,0.0,0.0,0.0,0.0,0.0,0.0,1.0,1.0,0.0,0.0,0.0
3,3,7.236385737020221,4.2416359673437745,1,2226.5874353841996,3,2,4,4.664260911811269,51.29774633291869,0,1,5,1.0,0.0,0.0,0.0,0.0,0.0,0.0,0.0,0.0,0.0,0.0,1.0,1.0,0.0,1.0,0.0
2,4,9.28867512102244,7.612065761814461,1,1313.2773379794285,0,2,4,4.942226671091918,209.980335404209,0,1,3,1.0,1.0,0.0,0.0,0.0,0.0,0.0,0.0,0.0,0.0,0.0,0.0,0.0,1.0,1.0,0.0
1,3,3.0293576770559474,8.991185086698998,2,1812.0132909362324,1,3,0,5.43713585941006,103.03298749972105,1,0,3,0.0,0.0,0.0,0.0,0.0,0.0,0.0,0.0,0.0,0.0,0.0,0.0,0.0,0.0,0.0,0.0
3,1,2.818900942596165,6.4159647016520305,1,2084.0613649130187,1,3,2,5.7298633560127925,262.69164309972064,1,0,2,1.0,0.0,0.0,0.0,0.0,0.0,0.0,0.0,0.0,0.0,0.0,0.0,1.0,0.0,1.0,0.0
3,1,7.412874057506098,4.544172698026142,0,2497.3432991684685,3,2,1,1.1721672146004662,159.99931768551193,0,1,0,1.0,0.0,0.0,0.0,0.0,0.0,0.0,0.0,0.0,0.0,0.0,1.0,1.0,0.0,1.0,0.0
3,4,5.512553205251221,6.240812964585721,0,2401.7766148007076,4,2,0,4.56385206169465,229.74500823536198,0,1,5,1.0,0.0,0.0,0.0,0.0,0.0,0.0,0.0,0.0,0.0,0.0,0.0,1.0,0.0,0.0,0.0
0,3,6.392450533013831,6.0882767940383795,3,1701.2729880876893,3,2,3,0.7684402693504775,50.10773955021502,1,1,2,0.0,0.0,0.0,0.0,0.0,0.0,0.0,0.0,0.0,0.0,0.0,1.0,0.0,0.0,0.0,0.0
3,1,7.376882222721043,7.860831548584688,3,2774.499102381438,2,1,0,9.311170791253783,72.61190913877263,0,0,4,1.0,0.0,0.0,0.0,0.0,0.0,0.0,0.0,0.0,0.0,0.0,1.0,0.0,0.0,0.0,1.0
1,5,5.926853773000023,7.9129097727780024,2,2814.2490948065133,3,2,0,6.266873352893398,251.4504429102996,0,0,5,0.0,0.0,0.0,0.0,0.0,0.0,0.0,0.0,0.0,0.0,0.0,0.0,0.0,0.0,0.0,0.0
3,5,8.089241028995765,4.618142303508119,0,2588.9935972489875,3,0,4,9.594182239206454,118.570342330767,0,0,2,1.0,0.0,0.0,0.0,0.0,1.0,0.0,0.0,0.0,0.0,0.0,1.0,1.0,0.0,0.0,0.0
3,3,3.869806203422672,6.521060665153165,2,1316.464112620653,0,0,1,5.1518400169687055,158.34740027451707,0,0,0,1.0,0.0,0.0,0.0,0.0,0.0,0.0,0.0,0.0,0.0,0.0,0.0,0.0,0.0,0.0,0.0
3,1,8.73091399239723,7.855087160912593,1,1908.1888601439875,2,3,4,1.8371804885966272,217.66083360056132,0,1,2,1.0,0.0,0.0,0.0,0.0,0.0,0.0,0.0,0.0,0.0,0.0,1.0,0.0,0.0,1.0,0.0
4,5,1.9690871763304068,5.553167255140209,1,1798.2710064298974,3,1,2,3.5949065434117635,50.905999159645944,0,1,5,0.0,0.0,0.0,0.0,0.0,0.0,1.0,0.0,0.0,0.0,0.0,0.0,1.0,0.0,0.0,0.0
2,1,6.706035792650681,6.442481719170866,3,2950.3767078345963,3,3,2,2.8063278460160084,90.75716975129544,0,0,0,1.0,0.0,0.0,0.0,0.0,0.0,0.0,0.0,0.0,0.0,0.0,1.0,0.0,0.0,1.0,0.0
0,2,9.011192567741178,7.682169589870114,3,2924.539942803445,1,0,2,5.278847226031063,97.69460233865954,1,0,1,0.0,0.0,0.0,0.0,0.0,0.0,0.0,0.0,0.0,0.0,0.0,1.0,0.0,0.0,0.0,0.0
3,5,3.274247151115342,6.4172242074694115,2,3098.2427138773396,0,1,1,9.466930233581493,275.00359947299177,1,0,0,1.0,0.0,0.0,0.0,0.0,0.0,0.0,0.0,0.0,0.0,0.0,0.0,1.0,0.0,1.0,0.0
3,3,3.9415120743152166,4.185165829393407,2,1193.527344120475,1,1,1,1.3995966304019785,41.27661507378083,1,1,4,1.0,0.0,0.0,0.0,0.0,0.0,0.0,0.0,0.0,0.0,0.0,0.0,1.0,0.0,0.0,0.0
0,1,3.74897600643465,5.335695972577035,2,2745.3637009621484,1,3,3,4.8012020957352695,111.3954798725329,0,1,0,0.0,0.0,0.0,0.0,0.0,0.0,0.0,0.0,0.0,0.0,0.0,0.0,1.0,0.0,1.0,0.0
0,0,6.078373405975304,8.656485486793143,3,3111.197626027111,4,1,3,1.1014941205590678,287.7950179343389,0,0,1,0.0,0.0,0.0,0.0,0.0,0.0,0.0,0.0,0.0,0.0,0.0,1.0,0.0,0.0,1.0,0.0
1,2,4.715846340086337,5.491024472500184,2,999.4722231900864,3,2,0,4.697472202099532,250.46100150076924,1,0,1,0.0,0.0,0.0,0.0,0.0,0.0,0.0,0.0,0.0,0.0,0.0,0.0,1.0,1.0,0.0,0.0
4,4,1.9716335649541215,8.906268676387684,2,619.8111818747029,4,0,1,6.990269260346702,201.139344253122,1,1,0,0.0,0.0,0.0,0.0,1.0,0.0,1.0,0.0,0.0,0.0,0.0,0.0,0.0,1.0,0.0,0.0
2,4,9.02158499580814,6.8014469542109435,0,816.5256453677678,0,2,4,0.8276973229325444,164.67959501319584,1,1,5,1.0,1.0,0.0,0.0,0.0,1.0,1.0,1.0,0.0,0.0,0.0,1.0,1.0,1.0,1.0,0.0
4,1,2.842089662428067,6.837526823183668,3,2318.6071301056,3,1,2,0.7997020290327477,251.61918113036117,0,1,2,0.0,0.0,0.0,0.0,0.0,0.0,1.0,0.0,0.0,0.0,0.0,0.0,0.0,0.0,1.0,0.0
4,0,5.806720098896767,8.623097291988266,3,1764.9436113667548,0,2,1,8.766121338601788,283.91892375083467,0,0,4,0.0,0.0,0.0,0.0,0.0,0.0,0.0,0.0,0.0,0.0,0.0,0.0,0.0,0.0,1.0,0.0
2,4,6.353244063435353,6.29976107809537,1,1085.15409178367,2,2,1,4.889973100557396,277.22144822587893,0,1,3,1.0,0.0,0.0,0.0,0.0,0.0,0.0,0.0,0.0,0.0,0.0,0.0,0.0,1.0,0.0,0.0
3,0,1.3667665928278754,5.430883552914226,1,2084.9107152704855,1,0,0,4.216587227568056,191.73727223515903,1,1,0,1.0,0.0,0.0,0.0,0.0,0.0,0.0,0.0,0.0,0.0,0.0,0.0,1.0,0.0,0.0,0.0
1,0,1.8614109488890351,4.630194260304599,3,2856.567542823924,4,0,4,8.235836784752394,218.36331483259198,0,1,1,0.0,0.0,0.0,0.0,0.0,0.0,0.0,0.0,0.0,0.0,0.0,0.0,1.0,0.0,0.0,0.0
0,2,9.745207393865964,8.031459257012608,3,3067.4530420909387,3,0,1,1.0171602079180144,232.5918772100665,0,0,0,0.0,0.0,0.0,0.0,0.0,0.0,0.0,0.0,0.0,0.0,0.0,1.0,0.0,0.0,0.0,0.0
1,3,6.980611061344442,6.8196552387573,1,2755.1629483864876,2,0,1,10.316579568479229,242.80421058255973,0,0,1,0.0,0.0,0.0,0.0,0.0,0.0,0.0,0.0,0.0,0.0,0.0,1.0,1.0,0.0,0.0,1.0
2,1,1.3020865934178423,8.856441284200761,0,3156.5341844065533,2,2,0,9.305112129093619,219.92143805784033,1,1,3,1.0,0.0,0.0,0.0,0.0,0.0,1.0,0.0,0.0,0.0,0.0,0.0,1.0,0.0,1.0,0.0
0,1,8.14779298587699,6.746048251445838,3,2312.5561961551803,3,1,4,4.675737154115863,53.98472434399749,0,1,0,0.0,0.0,0.0,0.0,0.0,0.0,0.0,0.0,0.0,0.0,0.0,0.0,1.0,0.0,0.0,0.0
1,1,5.5768852834973694,6.488864050689045,2,3011.2210423494926,3,3,1,5.624489275979579,227.87408984552113,1,0,2,0.0,0.0,0.0,0.0,0.0,0.0,0.0,0.0,0.0,0.0,0.0,0.0,0.0,0.0,1.0,0.0
0,2,1.6767961487062806,5.793112504448423,3,1751.5612770876257,2,0,3,4.772586625275732,117.1132363481152,1,0,0,0.0,0.0,0.0,0.0,1.0,0.0,0.0,0.0,0.0,0.0,0.0,0.0,0.0,0.0,1.0,0.0
3,0,7.126768882430121,5.196567237642147,2,3057.4358529730616,3,2,3,9.42276255727803,59.93953913483929,1,1,4,1.0,0.0,0.0,0.0,0.0,0.0,1.0,0.0,0.0,0.0,0.0,1.0,1.0,0.0,1.0,1.0
4,0,5.494166252816217,8.982621667890788,2,3187.4395664510535,3,2,1,0.3479272653854104,30.75970314487453,0,1,2,0.0,0.0,0.0,0.0,0.0,0.0,0.0,0.0,0.0,0.0,0.0,0.0,0.0,0.0,0.0,0.0
4,2,2.844278209998309,4.571268225680598,0,2559.224182155229,0,0,2,8.056663813262254,72.09417445276641,1,0,5,0.0,0.0,0.0,0.0,0.0,0.0,1.0,0.0,0.0,0.0,0.0,0.0,1.0,0.0,1.0,0.0
1,0,8.899320448799376,9.412766340109876,2,1793.1389139481146,1,2,0,3.6305730319118186,152.32495942930913,0,1,1,0.0,0.0,0.0,0.0,0.0,0.0,0.0,0.0,0.0,0.0,0.0,1.0,0.0,0.0,0.0,0.0
2,1,3.622418724702287,4.161454907424103,1,1345.0217388832239,4,0,3,9.354565461990568,74.0636597836022,1,1,2,1.0,0.0,0.0,0.0,0.0,0.0,1.0,0.0,0.0,0.0,0.0,0.0,1.0,1.0,0.0,0.0
4,3,3.5610097190797703,7.133514011393251,0,1475.5384188426979,1,3,3,11.806906046002448,199.77301429983368,0,0,2,0.0,0.0,0.0,0.0,0.0,0.0,0.0,0.0,0.0,0.0,0.0,0.0,1.0,0.0,1.0,1.0
2,0,3.4549622361305086,4.349971372906506,3,897.0653062203285,4,1,1,3.3477388034055044,289.3179163008472,0,0,1,1.0,0.0,0.0,0.0,0.0,0.0,0.0,0.0,0.0,0.0,0.0,0.0,1.0,1.0,0.0,0.0
1,3,7.907101993801461,8.677642727857798,1,641.4854157823745,2,3,0,5.35022087940888,13.214006342416395,0,1,4,0.0,0.0,0.0,0.0,0.0,0.0,0.0,0.0,0.0,0.0,0.0,0.0,0.0,1.0,1.0,0.0
1,3,7.355068033424789,5.26897914435468,0,1743.2541382943368,1,2,1,6.571089719996987,39.19607572755671,1,0,5,0.0,0.0,0.0,0.0,0.0,0.0,0.0,0.0,0.0,0.0,0.0,1.0,1.0,0.0,0.0,0.0
3,3,9.128311169233218,7.395535457419213,3,628.0060566741381,1,1,3,6.612588897017467,74.18438848404112,1,0,5,1.0,0.0,0.0,0.0,0.0,0.0,0.0,0.0,0.0,0.0,0.0,1.0,0.0,1.0,0.0,0.0
2,3,3.0640529762585174,9.498676615545666,3,3141.7640800946815,2,0,2,1.8788480137766008,241.3085140590631,0,0,2,1.0,0.0,0.0,0.0,0.0,0.0,0.0,0.0,0.0,0.0,0.0,0.0,0.0,0.0,0.0,0.0
4,4,8.077281359885276,7.895553613674557,1,2449.8742706679473,0,0,0,6.9989539862827455,81.38113015748853,0,1,4,0.0,0.0,0.0,0.0,0.0,0.0,0.0,0.0,0.0,0.0,0.0,1.0,0.0,0.0,0.0,0.0
4,0,6.157410188752864,5.0699197898434925,1,3031.001738681807,1,0,2,8.68695016174728,57.458402261256126,1,0,2,0.0,0.0,0.0,0.0,0.0,0.0,1.0,0.0,0.0,0.0,0.0,0.0,1.0,0.0,0.0,0.0
0,1,3.7781164868740102,8.780066612529405,0,1833.2499822476368,3,1,3,11.32834180817311,45.859887466332296,1,1,0,0.0,0.0,0.0,0.0,0.0,0.0,0.0,0.0,0.0,0.0,0.0,0.0,0.0,0.0,0.0,1.0
3,1,1.3190871916697557,6.648877640850095,2,1171.8588310260498,4,2,0,8.704561371397286,44.97534654858121,0,0,4,1.0,0.0,0.0,0.0,0.0,0.0,0.0,0.0,0.0,0.0,0.0,0.0,1.0,1.0,0.0,0.0
1,4,8.37052794865999,4.07906043005654,2,1370.8364868048802,4,1,2,7.239683376167566,215.94563868981197,1,0,2,0.0,0.0,0.0,0.0,0.0,0.0,0.0,0.0,0.0,0.0,0.0,1.0,1.0,0.0,0.0,0.0
2,5,3.169642343620207,6.9205898206470104,2,3064.1993618724273,1,0,4,2.799009268237854,212.4366846139406,1,1,2,1.0,0.0,0.0,0.0,0.0,0.0,1.0,0.0,0.0,0.0,0.0,0.0,1.0,0.0,0.0,0.0
1,5,6.685687325934275,8.874908063580042,3,865.6796914730446,3,0,1,1.1750419104235035,93.33948213673847,1,0,0,0.0,0.0,0.0,0.0,0.0,0.0,0.0,1.0,0.0,0.0,0.0,1.0,0.0,1.0,0.0,0.0
1,3,5.939811424538313,6.579745785001679,1,2594.7975025636506,1,1,0,7.6120155760872805,134.83265889556236,1,0,1,0.0,0.0,0.0,0.0,0.0,0.0,0.0,0.0,0.0,0.0,0.0,1.0,1.0,0.0,1.0,0.0
1,2,1.0400458478210548,8.550568302879954,2,1177.070727710543,4,0,4,7.502192697939802,188.45734411434074,0,1,2,0.0,0.0,0.0,0.0,0.0,0.0,0.0,0.0,0.0,0.0,0.0,0.0,0.0,1.0,0.0,0.0
0,2,9.949092669457862,8.233155307206431,2,1559.5096404938897,4,2,0,10.07230616957273,292.51767372021544,0,1,4,0.0,0.0,0.0,0.0,0.0,0.0,0.0,0.0,0.0,0.0,0.0,1.0,0.0,1.0,0.0,1.0
3,0,8.32896420220116,6.741473904029709,3,509.14025891257666,2,1,0,5.353224938654627,222.9439966168286,1,0,2,1.0,0.0,0.0,0.0,0.0,0.0,0.0,0.0,0.0,0.0,0.0,1.0,0.0,1.0,0.0,0.0
0,2,5.378241435730138,5.939695510152684,2,1937.2663079902002,3,0,1,2.0645207701953594,240.9087266166313,0,0,1,0.0,0.0,0.0,0.0,1.0,0.0,0.0,0.0,0.0,0.0,0.0,1.0,1.0,0.0,0.0,0.0
1,3,7.123072332181447,8.359240009372938,0,885.058451420862,4,1,3,2.6967210832065254,293.3188256132486,1,1,2,0.0,0.0,0.0,0.0,0.0,0.0,1.0,0.0,0.0,0.0,0.0,0.0,0.0,1.0,0.0,0.0
0,1,5.289348129316953,6.213510506430192,2,3078.9422245517653,0,1,3,5.71678685336548,114.3291372789065,1,1,0,0.0,0.0,0.0,0.0,0.0,0.0,0.0,0.0,0.0,0.0,0.0,0.0,1.0,0.0,0.0,0.0
0,4,7.701276441508577,5.02052264037191,3,793.183757019615,1,0,1,3.744631979423883,20.72992964654339,1,0,2,0.0,0.0,0.0,0.0,1.0,0.0,0.0,0.0,0.0,0.0,0.0,1.0,1.0,1.0,1.0,0.0
1,4,2.2089569123700468,5.9251783691678765,2,1251.1056120669514,3,0,0,2.1632056236136603,224.06981947086365,1,1,2,0.0,0.0,0.0,0.0,0.0,0.0,0.0,0.0,0.0,0.0,0.0,0.0,1.0,1.0,0.0,0.0
4,1,5.017158957106273,9.26103515756829,2,544.3952176542357,0,3,4,1.2942152642657767,36.32889799230087,1,0,4,0.0,0.0,0.0,0.0,0.0,0.0,1.0,0.0,0.0,0.0,0.0,0.0,0.0,1.0,1.0,0.0
4,5,4.01983459365574,5.700334672824313,2,3478.6321346692357,3,1,0,4.948211050073475,131.57862044948868,0,0,0,0.0,0.0,0.0,0.0,0.0,0.0,0.0,0.0,0.0,0.0,0.0,0.0,1.0,0.0,0.0,0.0
1,0,5.136897191446314,5.409763209068417,2,2424.313183863741,1,2,4,4.050219506469196,221.5121174990893,1,0,3,0.0,0.0,0.0,0.0,0.0,0.0,0.0,0.0,0.0,0.0,0.0,0.0,1.0,0.0,1.0,0.0
2,5,5.054253875743278,4.8005204243833735,1,2430.730463011527,1,3,2,11.58330564083789,167.50632211186982,1,1,4,1.0,0.0,0.0,0.0,0.0,0.0,1.0,0.0,0.0,0.0,1.0,0.0,1.0,0.0,1.0,1.0
4,4,2.287845548012749,4.3310670674063445,3,2056.5825456485263,4,0,0,10.276953062831755,110.14361436219683,1,1,4,0.0,0.0,0.0,0.0,0.0,0.0,1.0,0.0,0.0,0.0,0.0,0.0,0.0,0.0,0.0,1.0
1,1,9.788397136381262,9.86015412519779,0,3104.1664976201173,2,2,1,2.2018968989407965,154.3058040231004,1,0,5,0.0,0.0,0.0,0.0,0.0,0.0,0.0,0.0,0.0,0.0,0.0,1.0,0.0,0.0,0.0,0.0
4,3,1.1394292850931524,7.220660963563663,3,932.5642545331432,3,3,1,9.040240143750166,73.56766696960345,0,1,4,0.0,0.0,0.0,0.0,0.0,0.0,1.0,0.0,0.0,0.0,0.0,0.0,0.0,0.0,1.0,0.0
0,1,1.0906565033565896,8.377866763724185,0,2878.5555693981473,3,0,0,5.7623740232983565,22.241599587463302,0,0,5,0.0,0.0,0.0,0.0,0.0,0.0,0.0,0.0,0.0,0.0,0.0,0.0,0.0,0.0,0.0,0.0
1,4,4.36097186680292,8.637840681212232,0,2921.370427855929,2,1,2,11.113183673986745,123.74618751833437,0,1,2,0.0,0.0,0.0,0.0,0.0,0.0,0.0,0.0,0.0,0.0,0.0,0.0,0.0,0.0,0.0,0.0
1,0,6.583387144121358,6.1139019683228355,2,608.38507393969,2,0,3,7.298462449509369,17.49437727237021,0,1,0,0.0,0.0,0.0,0.0,0.0,0.0,0.0,0.0,0.0,0.0,0.0,0.0,0.0,1.0,0.0,0.0
0,1,2.616879041334354,8.793435460967327,2,898.0308476362602,4,0,2,2.447921134191713,293.89703178330865,1,0,0,0.0,0.0,0.0,0.0,1.0,0.0,0.0,0.0,0.0,0.0,0.0,0.0,0.0,1.0,0.0,0.0
4,1,5.79874603513745,9.768905466520293,3,2141.4467026178536,4,1,3,2.3516192816162977,134.29083656243836,1,1,5,0.0,0.0,0.0,0.0,0.0,0.0,1.0,0.0,0.0,0.0,0.0,1.0,0.0,0.0,0.0,0.0
4,1,7.50494771167131,8.450571101443206,1,770.574561329639,0,0,4,11.607590160351844,264.71045059436057,0,0,0,0.0,0.0,0.0,0.0,0.0,0.0,0.0,0.0,0.0,0.0,0.0,1.0,0.0,1.0,0.0,1.0
1,1,1.84654548136136,8.270398759976674,0,1347.0986786596015,2,3,0,11.019317281955336,285.53632909695193,0,1,0,0.0,0.0,0.0,0.0,0.0,0.0,0.0,0.0,0.0,0.0,0.0,0.0,0.0,0.0,1.0,1.0
4,3,9.859801672143401,6.59340271949212,1,1711.019329970049,3,0,3,5.79431030910113,134.81113204506394,1,0,4,0.0,0.0,0.0,0.0,0.0,0.0,1.0,0.0,0.0,0.0,0.0,1.0,1.0,0.0,0.0,0.0
3,3,4.030305829653649,9.047920754852768,2,971.6526763110105,3,2,1,6.767284524773556,126.10745222630152,1,0,2,1.0,0.0,0.0,0.0,0.0,0.0,0.0,0.0,0.0,0.0,0.0,0.0,0.0,1.0,0.0,0.0
4,3,6.7817387240852405,4.533024250740098,1,2612.4400642945748,2,0,0,6.56517418609049,268.02754326766564,1,0,3,0.0,0.0,0.0,0.0,0.0,0.0,1.0,0.0,0.0,0.0,0.0,1.0,1.0,0.0,0.0,0.0
4,1,1.9964787236791812,8.498102273451691,1,1985.183992878914,3,2,1,9.161724723281012,10.404583573946013,0,1,0,0.0,0.0,0.0,0.0,0.0,0.0,1.0,0.0,0.0,0.0,0.0,0.0,1.0,0.0,0.0,0.0
2,1,7.385377498491938,6.171961252857143,3,2419.4493224975095,2,2,1,5.6938310906588505,146.16104486224182,0,1,2,1.0,1.0,0.0,0.0,0.0,0.0,0.0,0.0,0.0,0.0,0.0,1.0,1.0,0.0,0.0,0.0
0,5,8.564107123562373,7.395843494786748,2,1922.8985869733965,0,0,4,1.47156180308267,80.58438646004427,1,1,4,0.0,0.0,0.0,0.0,0.0,0.0,0.0,0.0,0.0,0.0,0.0,1.0,1.0,0.0,1.0,0.0
4,1,1.9475662809756011,9.357782619382164,2,1737.4531904934875,1,1,1,3.89140122215866,225.82752962447444,1,1,3,0.0,0.0,0.0,0.0,0.0,0.0,1.0,0.0,0.0,0.0,0.0,0.0,0.0,0.0,0.0,0.0
3,0,2.132768389330596,7.630117359726851,2,1977.167160464404,0,3,3,6.8193124709733635,251.01682650178844,0,1,1,1.0,0.0,0.0,0.0,0.0,0.0,0.0,0.0,0.0,0.0,0.0,0.0,0.0,0.0,1.0,0.0
4,2,3.529426729485049,4.153489182174797,1,3198.544304098965,3,2,4,4.212892661925591,186.00056080049197,1,0,0,0.0,0.0,0.0,0.0,0.0,0.0,1.0,0.0,0.0,0.0,0.0,0.0,1.0,0.0,0.0,0.0
4,0,1.1074223383779636,8.335629073138577,2,1688.116484878821,4,3,1,9.762581704467745,122.08031894096398,1,1,3,0.0,0.0,0.0,0.0,0.0,0.0,1.0,0.0,0.0,0.0,0.0,0.0,0.0,0.0,0.0,0.0
0,2,9.874461649035068,9.574147037221836,3,2426.7877904411835,1,1,0,11.374860037425297,166.49999379349637,1,0,4,0.0,0.0,0.0,0.0,0.0,0.0,0.0,0.0,0.0,0.0,0.0,1.0,0.0,0.0,0.0,1.0
2,5,6.385456674573847,7.852071671863356,2,3001.8875486439524,3,0,4,2.903977221943511,172.24281075269178,0,0,4,1.0,0.0,0.0,0.0,0.0,0.0,0.0,0.0,0.0,0.0,0.0,0.0,0.0,0.0,1.0,0.0
0,1,6.468305049671909,9.168520464757442,1,2363.262950686453,4,1,2,10.669753189596586,190.5402686884723,1,0,0,0.0,0.0,0.0,0.0,0.0,0.0,0.0,0.0,0.0,0.0,0.0,0.0,0.0,0.0,0.0,1.0
0,4,9.630659526864724,8.951774532051605,3,1178.1931420197238,1,1,2,8.588482033184231,276.6579075399898,0,0,2,0.0,0.0,0.0,0.0,1.0,0.0,0.0,0.0,0.0,0.0,0.0,1.0,0.0,0.0,0.0,1.0
4,2,8.488263288874844,9.167753697903775,0,865.8790475222904,4,3,3,7.043465994358198,74.73697498705596,1,0,0,0.0,0.0,0.0,0.0,1.0,0.0,1.0,0.0,0.0,1.0,0.0,1.0,0.0,1.0,1.0,0.0
4,2,8.328186378715145,6.064602416153649,0,2272.6313889446737,0,1,1,1.564687344151114,60.47148672745658,1,1,4,0.0,0.0,0.0,0.0,0.0,0.0,1.0,0.0,0.0,0.0,0.0,1.0,1.0,0.0,1.0,0.0
4,3,4.055521329114631,6.844981162652087,1,2682.1858747270794,3,2,2,4.931402542914981,57.06764509049711,1,1,1,0.0,0.0,0.0,0.0,0.0,0.0,1.0,0.0,0.0,0.0,0.0,0.0,1.0,0.0,0.0,0.0
4,3,4.013770541181809,9.08820103017839,2,2806.2114505870645,0,2,4,11.944230058519556,209.17571515234306,1,1,1,0.0,0.0,0.0,0.0,0.0,0.0,1.0,0.0,0.0,0.0,0.0,0.0,0.0,0.0,1.0,1.0
3,1,3.6256416383138212,9.462391449588731,1,2581.406592409306,3,1,0,7.780216877707613,271.46665523627814,0,1,3,1.0,0.0,0.0,0.0,0.0,0.0,0.0,0.0,0.0,0.0,0.0,0.0,0.0,0.0,0.0,1.0
2,1,4.120261855986879,4.881048995558478,1,510.3626745713826,0,1,3,7.100200804386797,98.03681868530315,1,0,0,1.0,0.0,0.0,0.0,0.0,0.0,0.0,0.0,0.0,0.0,0.0,0.0,1.0,1.0,1.0,0.0
4,5,4.325578852238655,5.089194277548904,1,2821.520884540809,4,3,1,0.42740670035475725,126.20223917926992,1,1,4,0.0,0.0,0.0,0.0,0.0,0.0,1.0,1.0,0.0,0.0,0.0,0.0,1.0,0.0,1.0,0.0
2,1,2.2600332008253403,6.080977600329606,3,2313.8680682905388,1,0,2,3.85066000314591,290.45625049114284,0,1,2,1.0,0.0,0.0,0.0,0.0,0.0,0.0,0.0,0.0,0.0,0.0,0.0,0.0,0.0,1.0,0.0
3,5,4.203530764318842,8.621786969076147,1,3464.5441472945167,1,1,4,5.857869480236316,43.584208670406575,0,0,3,1.0,0.0,0.0,0.0,0.0,0.0,0.0,0.0,0.0,0.0,0.0,0.0,0.0,0.0,0.0,0.0
1,2,5.020723317202548,9.24988694354737,3,2793.761840998244,2,2,3,7.6999779841088385,263.8664525517447,0,1,4,0.0,0.0,0.0,0.0,0.0,0.0,0.0,0.0,0.0,0.0,0.0,1.0,0.0,0.0,1.0,1.0
3,5,3.784126048719927,7.481440848420072,1,1790.6214823120872,4,0,2,10.285391260499882,287.7855612163106,0,0,3,1.0,0.0,0.0,0.0,0.0,0.0,0.0,0.0,0.0,0.0,0.0,0.0,0.0,0.0,0.0,1.0
4,2,2.4881227134179302,4.679609052359385,0,2528.449877503759,0,2,4,5.496821907836835,239.85145000853458,0,0,0,0.0,0.0,0.0,0.0,0.0,0.0,0.0,0.0,0.0,0.0,0.0,0.0,1.0,0.0,1.0,0.0
3,3,4.360693583606478,5.822489379802996,0,2347.8072047498918,1,3,3,3.293441491876289,100.92175756632116,1,1,0,1.0,0.0,0.0,0.0,0.0,0.0,1.0,0.0,0.0,0.0,0.0,0.0,1.0,0.0,1.0,0.0
2,3,5.328169958947923,9.14213803886579,0,1512.1804345728287,3,1,0,3.3753854116579483,196.0743328800407,0,0,4,1.0,1.0,0.0,0.0,0.0,0.0,0.0,0.0,0.0,0.0,0.0,0.0,0.0,1.0,0.0,0.0
